domain,index,true_class_id,true_class_name,predicted_known_class_id,predicted_known_class_name,maximum_known_probability,mls,accepted_mls
known,0,3,cat,3,cat,0.9993351101875305,-10.131630897521973,True
known,1,8,ship,8,ship,0.999271810054779,-9.955560684204102,True
known,2,8,ship,1,automobile,0.8750449419021606,-7.1365509033203125,True
known,3,0,airplane,0,airplane,0.9914178848266602,-8.799172401428223,True
known,4,6,frog,6,frog,0.9998724460601807,-10.63998031616211,True
known,5,6,frog,6,frog,0.9997883439064026,-10.799201011657715,True
known,6,1,automobile,1,automobile,0.9986940026283264,-8.54292106628418,True
known,7,6,frog,6,frog,0.9998611211776733,-10.68883991241455,True
known,8,3,cat,3,cat,0.9996435642242432,-9.40993881225586,True
known,9,1,automobile,1,automobile,0.9975149631500244,-8.612360954284668,True
known,10,0,airplane,0,airplane,0.9998605251312256,-10.689846992492676,True
known,11,9,truck,9,truck,0.9991769194602966,-8.687457084655762,True
known,12,5,dog,5,dog,0.9999566078186035,-12.505877494812012,True
known,13,7,horse,7,horse,0.9998440742492676,-9.957746505737305,True
known,14,9,truck,9,truck,0.9999855756759644,-12.665556907653809,True
known,15,8,ship,8,ship,0.9388726949691772,-6.241122245788574,True
known,16,5,dog,5,dog,0.9989410042762756,-9.521337509155273,True
known,17,7,horse,7,horse,0.9999949932098389,-13.236139297485352,True
known,18,8,ship,8,ship,0.9999117851257324,-10.442795753479004,True
known,19,6,frog,6,frog,0.9986785054206848,-8.280716896057129,True
known,20,7,horse,7,horse,0.9993777275085449,-9.411128044128418,True
known,21,0,airplane,0,airplane,0.9904464483261108,-9.900125503540039,True
known,22,4,deer,4,deer,0.9979713559150696,-8.277420997619629,True
known,23,9,truck,9,truck,0.9977278113365173,-7.595400810241699,True
known,24,5,dog,5,dog,0.9999327659606934,-12.420018196105957,True
known,25,2,bird,2,bird,0.9874680042266846,-7.423430919647217,True
known,26,4,deer,4,deer,0.9982459545135498,-8.898983001708984,True
known,27,0,airplane,0,airplane,0.9998838901519775,-11.504215240478516,True
known,28,9,truck,9,truck,0.9999560117721558,-11.183119773864746,True
known,29,6,frog,6,frog,0.9930960536003113,-6.882473945617676,True
known,30,6,frog,6,frog,0.9997003078460693,-9.958342552185059,True
known,31,5,dog,5,dog,0.9997803568840027,-9.988271713256836,True
known,32,4,deer,4,deer,0.998963475227356,-9.2120943069458,True
known,33,5,dog,5,dog,0.9859375357627869,-7.052217960357666,True
known,34,9,truck,9,truck,0.9996733665466309,-9.398765563964844,True
known,35,2,bird,2,bird,0.9988411068916321,-8.768319129943848,True
known,36,4,deer,4,deer,0.9986681938171387,-8.878268241882324,True
known,37,1,automobile,1,automobile,0.9907321333885193,-8.66372013092041,True
known,38,9,truck,9,truck,0.9985499978065491,-8.04003620147705,True
known,39,5,dog,5,dog,0.9996998310089111,-9.80578899383545,True
known,40,4,deer,4,deer,0.9995858073234558,-9.316372871398926,True
known,41,6,frog,6,frog,0.9999845027923584,-12.364768981933594,True
known,42,5,dog,5,dog,0.9941810965538025,-6.933238506317139,True
known,43,6,frog,6,frog,0.9997368454933167,-9.691119194030762,True
known,44,0,airplane,0,airplane,0.999864935874939,-10.368316650390625,True
known,45,9,truck,9,truck,0.9994932413101196,-8.979142189025879,True
known,46,3,cat,3,cat,0.9781197309494019,-6.899134159088135,True
known,47,9,truck,0,airplane,0.38470327854156494,-4.0619120597839355,False
known,48,7,horse,7,horse,0.9992619156837463,-8.584930419921875,True
known,49,6,frog,6,frog,0.9991488456726074,-8.653094291687012,True
known,50,9,truck,9,truck,0.9999892711639404,-13.337090492248535,True
known,51,8,ship,8,ship,0.9999338388442993,-10.982150077819824,True
known,52,0,airplane,3,cat,0.6041741967201233,-6.037804126739502,False
known,53,3,cat,3,cat,0.9786061644554138,-7.893795490264893,True
known,54,8,ship,8,ship,0.9995589852333069,-9.340205192565918,True
known,55,8,ship,8,ship,0.9999985694885254,-14.42222785949707,True
known,56,7,horse,7,horse,0.9998999834060669,-11.279178619384766,True
known,57,7,horse,7,horse,0.9984669089317322,-9.446098327636719,True
known,58,4,deer,5,dog,0.8064159154891968,-5.154019355773926,False
known,59,6,frog,3,cat,0.883131206035614,-9.188117980957031,True
known,60,7,horse,7,horse,0.9998699426651001,-10.684028625488281,True
known,61,3,cat,5,dog,0.9335322380065918,-8.495813369750977,True
known,62,6,frog,6,frog,0.9996020197868347,-9.314425468444824,True
known,63,3,cat,3,cat,0.9959891438484192,-8.81074047088623,True
known,64,6,frog,6,frog,0.9998611211776733,-10.209866523742676,True
known,65,2,bird,2,bird,0.9999456405639648,-11.486282348632812,True
known,66,1,automobile,1,automobile,0.9968390464782715,-8.313166618347168,True
known,67,2,bird,2,bird,0.9998302459716797,-10.348730087280273,True
known,68,3,cat,3,cat,0.9952340722084045,-7.482462406158447,True
known,69,7,horse,7,horse,0.9978650212287903,-7.928872108459473,True
known,70,2,bird,2,bird,0.9914480447769165,-7.057729244232178,True
known,71,6,frog,6,frog,0.9995788931846619,-9.556450843811035,True
known,72,8,ship,8,ship,0.9998701810836792,-10.187705993652344,True
known,73,8,ship,8,ship,0.9997854828834534,-9.7892484664917,True
known,74,0,airplane,0,airplane,0.994205892086029,-8.173274993896484,True
known,75,2,bird,2,bird,0.9996944665908813,-9.90420913696289,True
known,76,9,truck,9,truck,0.9999402761459351,-11.134369850158691,True
known,77,3,cat,3,cat,0.9996548891067505,-10.440873146057129,True
known,78,3,cat,3,cat,0.998945415019989,-9.673985481262207,True
known,79,8,ship,8,ship,0.9995023012161255,-9.033635139465332,True
known,80,8,ship,8,ship,0.9999552965164185,-11.260415077209473,True
known,81,1,automobile,1,automobile,0.9648373126983643,-6.9089179039001465,True
known,82,1,automobile,1,automobile,0.9989824891090393,-8.282646179199219,True
known,83,7,horse,7,horse,0.9998912811279297,-10.288785934448242,True
known,84,2,bird,2,bird,0.9970316886901855,-8.238912582397461,True
known,85,5,dog,5,dog,0.9968204498291016,-8.58123779296875,True
known,86,2,bird,2,bird,0.8477552533149719,-4.902068614959717,False
known,87,7,horse,7,horse,0.9981741905212402,-9.729312896728516,True
known,88,8,ship,8,ship,0.9998329877853394,-10.217255592346191,True
known,89,9,truck,9,truck,0.9996609687805176,-9.954448699951172,True
known,90,0,airplane,0,airplane,0.9976966977119446,-9.006450653076172,True
known,91,3,cat,3,cat,0.9939107894897461,-8.89144515991211,True
known,92,8,ship,8,ship,0.9999046325683594,-10.598617553710938,True
known,93,6,frog,6,frog,0.9999643564224243,-11.56299114227295,True
known,94,4,deer,4,deer,0.9999260902404785,-11.793723106384277,True
known,95,6,frog,6,frog,0.999900221824646,-11.60107135772705,True
known,96,6,frog,6,frog,0.9997382760047913,-9.971356391906738,True
known,97,0,airplane,0,airplane,0.9991482496261597,-10.889734268188477,True
known,98,0,airplane,0,airplane,0.9989540576934814,-9.564550399780273,True
known,99,7,horse,7,horse,0.9999818801879883,-12.40655517578125,True
known,100,4,deer,4,deer,0.9998469352722168,-10.68256664276123,True
known,101,5,dog,5,dog,0.9953209757804871,-8.061429023742676,True
known,102,6,frog,6,frog,0.9999516010284424,-11.441370964050293,True
known,103,3,cat,3,cat,0.999819815158844,-10.581007957458496,True
known,104,1,automobile,1,automobile,0.9999616146087646,-11.584630012512207,True
known,105,1,automobile,1,automobile,0.9994131326675415,-8.785603523254395,True
known,106,3,cat,3,cat,0.9997403025627136,-10.051706314086914,True
known,107,6,frog,6,frog,0.9998003840446472,-9.888131141662598,True
known,108,8,ship,8,ship,0.9998314380645752,-9.998787879943848,True
known,109,7,horse,7,horse,0.9999802112579346,-11.992709159851074,True
known,110,4,deer,4,deer,0.9998942613601685,-11.256073951721191,True
known,111,0,airplane,0,airplane,0.9930458664894104,-7.981301307678223,True
known,112,6,frog,6,frog,0.9993883371353149,-10.287642478942871,True
known,113,2,bird,2,bird,0.9999376535415649,-10.907550811767578,True
known,114,1,automobile,1,automobile,0.9998052716255188,-10.050195693969727,True
known,115,3,cat,3,cat,0.9995338916778564,-10.194951057434082,True
known,116,0,airplane,0,airplane,0.9996047616004944,-10.688058853149414,True
known,117,4,deer,4,deer,0.998556911945343,-9.142796516418457,True
known,118,2,bird,6,frog,0.8625914454460144,-6.921070575714111,True
known,119,7,horse,7,horse,0.9999669790267944,-11.683103561401367,True
known,120,8,ship,8,ship,0.9998810291290283,-10.634862899780273,True
known,121,3,cat,3,cat,0.9995344877243042,-10.294915199279785,True
known,122,1,automobile,1,automobile,0.9979902505874634,-7.861319541931152,True
known,123,2,bird,2,bird,0.9999619722366333,-11.410757064819336,True
known,124,8,ship,8,ship,0.9998748302459717,-10.4664888381958,True
known,125,0,airplane,2,bird,0.9702768325805664,-5.407279014587402,False
known,126,8,ship,8,ship,0.9999606609344482,-11.514934539794922,True
known,127,3,cat,3,cat,0.9514397382736206,-6.878171920776367,True
known,128,5,dog,5,dog,0.9853471517562866,-7.98710298538208,True
known,129,2,bird,2,bird,0.999432384967804,-9.737895011901855,True
known,130,4,deer,4,deer,0.9965929388999939,-7.680452346801758,True
known,131,1,automobile,1,automobile,0.999208390712738,-8.548583030700684,True
known,132,8,ship,8,ship,0.9997159838676453,-9.75362777709961,True
known,133,9,truck,9,truck,0.9995933175086975,-9.818886756896973,True
known,134,1,automobile,1,automobile,0.9996949434280396,-9.923370361328125,True
known,135,2,bird,2,bird,0.9997668862342834,-9.895814895629883,True
known,136,9,truck,9,truck,0.9999347925186157,-10.723870277404785,True
known,137,7,horse,7,horse,0.9992951154708862,-8.67657470703125,True
known,138,2,bird,2,bird,0.9998916387557983,-11.186119079589844,True
known,139,9,truck,9,truck,0.987575888633728,-7.3118062019348145,True
known,140,6,frog,6,frog,0.9998230338096619,-10.368024826049805,True
known,141,5,dog,5,dog,0.9999867677688599,-13.296832084655762,True
known,142,6,frog,6,frog,0.9991915822029114,-10.011696815490723,True
known,143,3,cat,3,cat,0.9984849095344543,-10.631808280944824,True
known,144,8,ship,8,ship,0.9999405145645142,-10.848651885986328,True
known,145,7,horse,7,horse,0.9928682446479797,-7.268791675567627,True
known,146,6,frog,6,frog,0.9994833469390869,-9.097495079040527,True
known,147,2,bird,5,dog,0.982860803604126,-6.864925861358643,True
known,148,5,dog,5,dog,0.9566646814346313,-6.148429870605469,False
known,149,2,bird,2,bird,0.9999172687530518,-11.1956787109375,True
known,150,8,ship,8,ship,0.989620566368103,-8.59930419921875,True
known,151,9,truck,9,truck,0.9917026162147522,-7.604880332946777,True
known,152,6,frog,6,frog,0.9993667006492615,-9.213951110839844,True
known,153,0,airplane,0,airplane,0.9922845363616943,-9.093276977539062,True
known,154,0,airplane,0,airplane,0.9995026588439941,-10.442211151123047,True
known,155,5,dog,5,dog,0.9994555115699768,-9.572344779968262,True
known,156,2,bird,2,bird,0.9987565279006958,-9.248247146606445,True
known,157,9,truck,9,truck,0.9994515776634216,-8.765810012817383,True
known,158,5,dog,3,cat,0.9833557605743408,-9.326991081237793,True
known,159,4,deer,4,deer,0.9999085664749146,-10.593134880065918,True
known,160,2,bird,2,bird,0.9988341927528381,-9.766111373901367,True
known,161,1,automobile,1,automobile,0.9998506307601929,-10.033769607543945,True
known,162,6,frog,6,frog,0.9995154142379761,-10.005454063415527,True
known,163,6,frog,6,frog,0.9999337196350098,-11.024489402770996,True
known,164,8,ship,0,airplane,0.9695064425468445,-6.9984588623046875,True
known,165,4,deer,4,deer,0.9909048676490784,-6.741998195648193,True
known,166,8,ship,8,ship,0.9998884201049805,-10.68242073059082,True
known,167,4,deer,4,deer,0.9998111128807068,-10.876824378967285,True
known,168,5,dog,5,dog,0.999906063079834,-10.517679214477539,True
known,169,0,airplane,0,airplane,0.8119525909423828,-5.36592435836792,False
known,170,9,truck,9,truck,0.9945946335792542,-6.860143184661865,True
known,171,9,truck,9,truck,0.9958207607269287,-8.50007152557373,True
known,172,9,truck,9,truck,0.9994139671325684,-8.810551643371582,True
known,173,8,ship,8,ship,0.9978708028793335,-8.454565048217773,True
known,174,9,truck,9,truck,0.9991648197174072,-9.378844261169434,True
known,175,9,truck,9,truck,0.9993923902511597,-8.70117473602295,True
known,176,3,cat,3,cat,0.9991803765296936,-10.195623397827148,True
known,177,7,horse,7,horse,0.9998137354850769,-10.67637825012207,True
known,178,5,dog,3,cat,0.6775016784667969,-6.521119594573975,True
known,179,0,airplane,0,airplane,0.9999700784683228,-12.118305206298828,True
known,180,0,airplane,0,airplane,0.9991047978401184,-8.940174102783203,True
known,181,5,dog,5,dog,0.9998377561569214,-10.521818161010742,True
known,182,2,bird,2,bird,0.9998880624771118,-10.601850509643555,True
known,183,2,bird,2,bird,0.9998204112052917,-10.629537582397461,True
known,184,3,cat,3,cat,0.9995587468147278,-10.356486320495605,True
known,185,8,ship,8,ship,0.9998819828033447,-10.326956748962402,True
known,186,6,frog,6,frog,0.9999338388442993,-11.015340805053711,True
known,187,3,cat,3,cat,0.9995924830436707,-9.492533683776855,True
known,188,4,deer,4,deer,0.8474650382995605,-5.434348106384277,False
known,189,0,airplane,0,airplane,0.9868087768554688,-6.781623363494873,True
known,190,5,dog,5,dog,0.9997140765190125,-9.88548755645752,True
known,191,8,ship,8,ship,0.9993284940719604,-9.273653030395508,True
known,192,0,airplane,0,airplane,0.9742140173912048,-6.259511470794678,True
known,193,1,automobile,1,automobile,0.9999215602874756,-10.83669376373291,True
known,194,7,horse,7,horse,0.9997654557228088,-9.956135749816895,True
known,195,2,bird,2,bird,0.31761613488197327,-3.563145160675049,False
known,196,8,ship,8,ship,0.9999480247497559,-10.999289512634277,True
known,197,8,ship,8,ship,0.9997931122779846,-9.79919147491455,True
known,198,7,horse,7,horse,0.9999314546585083,-11.166452407836914,True
known,199,8,ship,8,ship,0.9999605417251587,-11.326356887817383,True
known,200,5,dog,5,dog,0.9971470236778259,-9.055276870727539,True
known,201,1,automobile,1,automobile,0.9847433567047119,-7.054969787597656,True
known,202,8,ship,8,ship,0.9999368190765381,-11.037178993225098,True
known,203,7,horse,7,horse,0.999568521976471,-9.683229446411133,True
known,204,1,automobile,1,automobile,0.9994850158691406,-8.879008293151855,True
known,205,3,cat,3,cat,0.9985450506210327,-8.261483192443848,True
known,206,0,airplane,0,airplane,0.9985041618347168,-8.61019515991211,True
known,207,5,dog,5,dog,0.9999803304672241,-12.418478965759277,True
known,208,7,horse,7,horse,0.9996551275253296,-9.316959381103516,True
known,209,9,truck,9,truck,0.9990276098251343,-8.47985553741455,True
known,210,7,horse,7,horse,0.9997658133506775,-10.726651191711426,True
known,211,4,deer,4,deer,0.9954008460044861,-8.0297269821167,True
known,212,5,dog,5,dog,0.9999122619628906,-11.079001426696777,True
known,213,9,truck,8,ship,0.9828351140022278,-8.590924263000488,True
known,214,8,ship,8,ship,0.9149969816207886,-6.8982391357421875,True
known,215,0,airplane,0,airplane,0.9989816546440125,-8.700813293457031,True
known,216,7,horse,7,horse,0.9979129433631897,-7.703823566436768,True
known,217,9,truck,9,truck,0.9992066025733948,-8.617531776428223,True
known,218,8,ship,8,ship,0.997296154499054,-7.553223133087158,True
known,219,2,bird,2,bird,0.9994294047355652,-9.209691047668457,True
known,220,7,horse,7,horse,0.9997031092643738,-11.144859313964844,True
known,221,6,frog,6,frog,0.8316730856895447,-6.455837249755859,True
known,222,9,truck,9,truck,0.9997231364250183,-9.750819206237793,True
known,223,4,deer,4,deer,0.991176962852478,-7.979331970214844,True
known,224,3,cat,3,cat,0.6143903136253357,-6.063292503356934,False
known,225,9,truck,9,truck,0.9993228912353516,-9.637648582458496,True
known,226,6,frog,3,cat,0.947385847568512,-6.038143157958984,False
known,227,4,deer,4,deer,0.9998384714126587,-9.994388580322266,True
known,228,7,horse,7,horse,0.9971693158149719,-8.847163200378418,True
known,229,6,frog,6,frog,0.9996755123138428,-9.827249526977539,True
known,230,5,dog,5,dog,0.9997299313545227,-10.431731224060059,True
known,231,1,automobile,1,automobile,0.9997392296791077,-9.553818702697754,True
known,232,5,dog,3,cat,0.5813265442848206,-6.241271018981934,True
known,233,8,ship,8,ship,0.999200165271759,-9.702775955200195,True
known,234,8,ship,8,ship,0.9999090433120728,-10.41306209564209,True
known,235,0,airplane,0,airplane,0.9998824596405029,-10.490610122680664,True
known,236,4,deer,4,deer,0.9997308850288391,-9.740005493164062,True
known,237,0,airplane,0,airplane,0.9972447156906128,-8.050850868225098,True
known,238,5,dog,5,dog,0.9919814467430115,-8.482401847839355,True
known,239,5,dog,5,dog,0.9999030828475952,-11.769234657287598,True
known,240,1,automobile,1,automobile,0.9997814297676086,-9.644580841064453,True
known,241,1,automobile,1,automobile,0.9982878565788269,-8.103829383850098,True
known,242,8,ship,8,ship,0.9988036155700684,-10.164488792419434,True
known,243,9,truck,9,truck,0.9997630715370178,-10.677695274353027,True
known,244,0,airplane,0,airplane,0.9998940229415894,-10.721158981323242,True
known,245,3,cat,3,cat,0.9991150498390198,-9.052692413330078,True
known,246,1,automobile,1,automobile,0.9999887943267822,-12.753357887268066,True
known,247,9,truck,9,truck,0.9785566329956055,-7.393124580383301,True
known,248,2,bird,2,bird,0.9999003410339355,-10.98431396484375,True
known,249,2,bird,2,bird,0.9999172687530518,-11.293558120727539,True
known,250,5,dog,5,dog,0.9988619089126587,-8.489407539367676,True
known,251,3,cat,3,cat,0.9997314810752869,-10.7452392578125,True
known,252,9,truck,9,truck,0.9984307885169983,-7.935431003570557,True
known,253,9,truck,9,truck,0.9999583959579468,-11.641043663024902,True
known,254,4,deer,4,deer,0.9946604371070862,-7.891536712646484,True
known,255,0,airplane,0,airplane,0.9992861151695251,-10.070011138916016,True
known,256,3,cat,3,cat,0.9995641112327576,-9.057829856872559,True
known,257,0,airplane,0,airplane,0.9978843331336975,-9.546895027160645,True
known,258,0,airplane,0,airplane,0.8684544563293457,-7.833954811096191,True
known,259,9,truck,9,truck,0.9990652203559875,-9.834362983703613,True
known,260,8,ship,8,ship,0.9999833106994629,-12.287628173828125,True
known,261,1,automobile,1,automobile,0.9996641874313354,-10.184113502502441,True
known,262,5,dog,5,dog,0.9999442100524902,-11.147202491760254,True
known,263,7,horse,7,horse,0.9973289966583252,-9.079465866088867,True
known,264,0,airplane,0,airplane,0.6885713338851929,-6.422702312469482,True
known,265,8,ship,8,ship,0.9996933937072754,-9.730001449584961,True
known,266,2,bird,2,bird,0.9987615346908569,-8.530031204223633,True
known,267,4,deer,4,deer,0.999904990196228,-10.569912910461426,True
known,268,7,horse,7,horse,0.9996054768562317,-9.156911849975586,True
known,269,0,airplane,0,airplane,0.9994126558303833,-10.088899612426758,True
known,270,2,bird,2,bird,0.9999629259109497,-11.512958526611328,True
known,271,3,cat,5,dog,0.6807926297187805,-7.26254940032959,True
known,272,6,frog,6,frog,0.9999608993530273,-11.632378578186035,True
known,273,3,cat,3,cat,0.9990799427032471,-10.068646430969238,True
known,274,8,ship,8,ship,0.9998158812522888,-9.905753135681152,True
known,275,5,dog,3,cat,0.9958894848823547,-9.662635803222656,True
known,276,0,airplane,0,airplane,0.9953319430351257,-10.62681770324707,True
known,277,3,cat,3,cat,0.6641400456428528,-4.52273416519165,False
known,278,4,deer,4,deer,0.9999312162399292,-11.21861743927002,True
known,279,3,cat,3,cat,0.9986659288406372,-9.403128623962402,True
known,280,9,truck,9,truck,0.9974585175514221,-8.293008804321289,True
known,281,0,airplane,0,airplane,0.9943484663963318,-7.51417875289917,True
known,282,6,frog,6,frog,0.9996955394744873,-9.442902565002441,True
known,283,1,automobile,1,automobile,0.9992287158966064,-8.584626197814941,True
known,284,0,airplane,0,airplane,0.9904237389564514,-7.703286647796631,True
known,285,9,truck,9,truck,0.9985802173614502,-8.907151222229004,True
known,286,1,automobile,1,automobile,0.9992538094520569,-9.633723258972168,True
known,287,0,airplane,0,airplane,0.8892267942428589,-6.364688396453857,True
known,288,7,horse,7,horse,0.9978952407836914,-7.940695285797119,True
known,289,9,truck,9,truck,0.9995063543319702,-9.002971649169922,True
known,290,1,automobile,1,automobile,0.9993928670883179,-8.818589210510254,True
known,291,2,bird,2,bird,0.9996022582054138,-9.140414237976074,True
known,292,6,frog,6,frog,0.9985338449478149,-9.533158302307129,True
known,293,9,truck,9,truck,0.909472644329071,-7.112774848937988,True
known,294,3,cat,3,cat,0.9999581575393677,-11.356705665588379,True
known,295,4,deer,4,deer,0.9256167411804199,-6.545281410217285,True
known,296,6,frog,6,frog,0.9999018907546997,-10.506162643432617,True
known,297,0,airplane,0,airplane,0.999622106552124,-10.207115173339844,True
known,298,0,airplane,0,airplane,0.9998346567153931,-10.637528419494629,True
known,299,6,frog,6,frog,0.999695897102356,-10.016606330871582,True
known,300,6,frog,6,frog,0.999675989151001,-9.446479797363281,True
known,301,6,frog,6,frog,0.9998964071273804,-10.5538969039917,True
known,302,3,cat,3,cat,0.9986647367477417,-8.629097938537598,True
known,303,2,bird,2,bird,0.9999028444290161,-10.624408721923828,True
known,304,6,frog,6,frog,0.9975427389144897,-7.730423927307129,True
known,305,1,automobile,1,automobile,0.9998698234558105,-11.026894569396973,True
known,306,8,ship,8,ship,0.9685876369476318,-6.984896183013916,True
known,307,2,bird,2,bird,0.9062099456787109,-5.905647277832031,False
known,308,1,automobile,1,automobile,0.9146209359169006,-6.734952449798584,True
known,309,6,frog,2,bird,0.5833173990249634,-5.388123512268066,False
known,310,8,ship,8,ship,0.998936116695404,-9.642708778381348,True
known,311,6,frog,6,frog,0.999643087387085,-9.662583351135254,True
known,312,8,ship,8,ship,0.7932338118553162,-6.609981060028076,True
known,313,0,airplane,0,airplane,0.9455214738845825,-6.835415363311768,True
known,314,4,deer,4,deer,0.9997765421867371,-10.310089111328125,True
known,315,0,airplane,0,airplane,0.9979926347732544,-8.516444206237793,True
known,316,7,horse,7,horse,0.9944766163825989,-10.71798324584961,True
known,317,7,horse,7,horse,0.999846339225769,-10.330371856689453,True
known,318,5,dog,5,dog,0.9994521737098694,-9.809502601623535,True
known,319,5,dog,5,dog,0.999996542930603,-14.120795249938965,True
known,320,3,cat,3,cat,0.9988294243812561,-8.220974922180176,True
known,321,5,dog,5,dog,0.9999713897705078,-11.979738235473633,True
known,322,2,bird,2,bird,0.999933123588562,-11.139815330505371,True
known,323,3,cat,3,cat,0.9997339844703674,-11.204155921936035,True
known,324,4,deer,4,deer,0.9700914621353149,-7.067936420440674,True
known,325,1,automobile,1,automobile,0.9993647933006287,-8.80931568145752,True
known,326,7,horse,7,horse,0.9992188215255737,-8.664779663085938,True
known,327,5,dog,5,dog,0.9997829794883728,-10.713249206542969,True
known,328,4,deer,4,deer,0.9998672008514404,-10.32450008392334,True
known,329,6,frog,6,frog,0.9995280504226685,-9.724964141845703,True
known,330,1,automobile,1,automobile,0.998965859413147,-8.310898780822754,True
known,331,9,truck,9,truck,0.9999130964279175,-10.824545860290527,True
known,332,3,cat,3,cat,0.998245358467102,-10.304817199707031,True
known,333,6,frog,6,frog,0.999815046787262,-9.786799430847168,True
known,334,6,frog,6,frog,0.9997878670692444,-9.7656831741333,True
known,335,9,truck,9,truck,0.999438464641571,-10.467568397521973,True
known,336,3,cat,3,cat,0.9994737505912781,-8.818626403808594,True
known,337,8,ship,8,ship,0.9981352090835571,-8.133917808532715,True
known,338,0,airplane,0,airplane,0.9989379048347473,-9.287532806396484,True
known,339,7,horse,7,horse,0.999488353729248,-9.120461463928223,True
known,340,2,bird,2,bird,0.9970698356628418,-11.506389617919922,True
known,341,6,frog,6,frog,0.9996656179428101,-9.715873718261719,True
known,342,2,bird,2,bird,0.996681272983551,-8.685834884643555,True
known,343,5,dog,5,dog,0.9983886480331421,-8.058058738708496,True
known,344,8,ship,8,ship,0.9998958110809326,-11.033486366271973,True
known,345,5,dog,5,dog,0.985539972782135,-7.931663990020752,True
known,346,4,deer,4,deer,0.9994133710861206,-10.159669876098633,True
known,347,6,frog,6,frog,0.9972090125083923,-7.956910133361816,True
known,348,8,ship,8,ship,0.999508261680603,-9.182748794555664,True
known,349,9,truck,9,truck,0.9952802658081055,-6.904509544372559,True
known,350,9,truck,9,truck,0.9948775768280029,-6.827796459197998,True
known,351,1,automobile,1,automobile,0.9998173117637634,-9.971400260925293,True
known,352,0,airplane,0,airplane,0.9762998223304749,-8.000812530517578,True
known,353,2,bird,2,bird,0.9998226761817932,-10.198688507080078,True
known,354,2,bird,2,bird,0.9997749924659729,-11.386492729187012,True
known,355,7,horse,2,bird,0.6738234758377075,-5.478372573852539,False
known,356,3,cat,3,cat,0.6480438113212585,-7.117090225219727,True
known,357,2,bird,2,bird,0.9255003929138184,-6.9821085929870605,True
known,358,8,ship,8,ship,0.9998069405555725,-10.002575874328613,True
known,359,0,airplane,0,airplane,0.9995599389076233,-9.211283683776855,True
known,360,9,truck,9,truck,0.999969482421875,-11.48015308380127,True
known,361,5,dog,5,dog,0.9834979176521301,-9.033634185791016,True
known,362,8,ship,8,ship,0.9998546838760376,-10.229125022888184,True
known,363,1,automobile,1,automobile,0.9985061287879944,-8.902005195617676,True
known,364,9,truck,9,truck,0.9997377991676331,-9.73071575164795,True
known,365,4,deer,4,deer,0.9866065979003906,-6.735044956207275,True
known,366,1,automobile,1,automobile,0.9998995065689087,-11.05990982055664,True
known,367,3,cat,3,cat,0.9817690849304199,-6.393055438995361,True
known,368,8,ship,8,ship,0.6309216618537903,-4.738895893096924,False
known,369,1,automobile,1,automobile,0.9998149275779724,-10.00495433807373,True
known,370,4,deer,4,deer,0.8675422072410583,-7.07440185546875,True
known,371,7,horse,7,horse,0.9997333884239197,-9.44059944152832,True
known,372,9,truck,9,truck,0.9991004467010498,-9.494514465332031,True
known,373,4,deer,4,deer,0.9595642685890198,-7.170259475708008,True
known,374,2,bird,2,bird,0.9999306201934814,-10.812345504760742,True
known,375,7,horse,7,horse,0.9998438358306885,-10.085729598999023,True
known,376,0,airplane,0,airplane,0.9849377274513245,-6.617293834686279,True
known,377,7,horse,7,horse,0.9991223216056824,-8.655287742614746,True
known,378,0,airplane,8,ship,0.9904232025146484,-7.232658863067627,True
known,379,6,frog,6,frog,0.9991249442100525,-8.55233097076416,True
known,380,6,frog,6,frog,0.9972243309020996,-8.558457374572754,True
known,381,9,truck,9,truck,0.9978308081626892,-9.506806373596191,True
known,382,0,airplane,0,airplane,0.999828577041626,-10.558381080627441,True
known,383,9,truck,9,truck,0.994873583316803,-8.559062957763672,True
known,384,2,bird,5,dog,0.9426057934761047,-7.708632469177246,True
known,385,8,ship,8,ship,0.9413594007492065,-7.323034286499023,True
known,386,7,horse,7,horse,0.9999016523361206,-10.690561294555664,True
known,387,2,bird,2,bird,0.9916003942489624,-8.440500259399414,True
known,388,2,bird,2,bird,0.998621940612793,-9.244793891906738,True
known,389,5,dog,5,dog,0.9972792267799377,-7.724957466125488,True
known,390,1,automobile,1,automobile,0.9994742274284363,-8.971898078918457,True
known,391,2,bird,2,bird,0.9997559189796448,-9.708763122558594,True
known,392,6,frog,6,frog,0.999638557434082,-9.586677551269531,True
known,393,2,bird,2,bird,0.9961251616477966,-8.921096801757812,True
known,394,9,truck,9,truck,0.9963774085044861,-8.398774147033691,True
known,395,6,frog,6,frog,0.9999192953109741,-10.927199363708496,True
known,396,2,bird,2,bird,0.9994673132896423,-9.707792282104492,True
known,397,3,cat,3,cat,0.9993088245391846,-9.501072883605957,True
known,398,0,airplane,0,airplane,0.999461829662323,-10.038759231567383,True
known,399,3,cat,3,cat,0.9956839084625244,-7.55156946182251,True
known,400,9,truck,9,truck,0.9997772574424744,-9.688254356384277,True
known,401,8,ship,8,ship,0.9881470799446106,-8.53072738647461,True
known,402,7,horse,7,horse,0.9998763799667358,-11.285107612609863,True
known,403,8,ship,8,ship,0.9996280670166016,-9.795245170593262,True
known,404,8,ship,8,ship,0.9999179840087891,-10.628226280212402,True
known,405,4,deer,4,deer,0.9772630333900452,-7.617796897888184,True
known,406,0,airplane,0,airplane,0.9999617338180542,-11.699382781982422,True
known,407,1,automobile,1,automobile,0.9996206760406494,-10.16889762878418,True
known,408,8,ship,8,ship,0.9998894929885864,-10.713705062866211,True
known,409,2,bird,2,bird,0.996978759765625,-9.814828872680664,True
known,410,7,horse,7,horse,0.9989198446273804,-8.2117919921875,True
known,411,9,truck,9,truck,0.9994534850120544,-9.485067367553711,True
known,412,3,cat,5,dog,0.789064884185791,-9.954667091369629,True
known,413,6,frog,6,frog,0.9776049256324768,-5.845658302307129,False
known,414,1,automobile,1,automobile,0.9998979568481445,-10.481572151184082,True
known,415,9,truck,9,truck,0.9990830421447754,-8.347188949584961,True
known,416,0,airplane,0,airplane,0.9834794998168945,-7.685471534729004,True
known,417,7,horse,7,horse,0.9991901516914368,-9.507329940795898,True
known,418,3,cat,3,cat,0.4991823136806488,-4.531854152679443,False
known,419,7,horse,7,horse,0.9999845027923584,-12.25511646270752,True
known,420,4,deer,4,deer,0.9999231100082397,-11.397214889526367,True
known,421,5,dog,5,dog,0.9994192123413086,-9.597591400146484,True
known,422,0,airplane,8,ship,0.9417561292648315,-8.524746894836426,True
known,423,0,airplane,0,airplane,0.9998332262039185,-10.282510757446289,True
known,424,2,bird,2,bird,0.9999579191207886,-11.547880172729492,True
known,425,9,truck,9,truck,0.9998376369476318,-10.032500267028809,True
known,426,3,cat,6,frog,0.7195057272911072,-4.90277099609375,False
known,427,4,deer,4,deer,0.9909709692001343,-6.799890518188477,True
known,428,0,airplane,0,airplane,0.9918720126152039,-7.485270977020264,True
known,429,6,frog,6,frog,0.9968298077583313,-8.482840538024902,True
known,430,2,bird,2,bird,0.9998636245727539,-11.105568885803223,True
known,431,5,dog,5,dog,0.999879002571106,-12.112031936645508,True
known,432,3,cat,3,cat,0.9993821382522583,-9.223053932189941,True
known,433,7,horse,7,horse,0.9780359864234924,-6.3679118156433105,True
known,434,3,cat,3,cat,0.9978345036506653,-11.065606117248535,True
known,435,7,horse,7,horse,0.9996150732040405,-9.533247947692871,True
known,436,2,bird,2,bird,0.999711811542511,-9.509679794311523,True
known,437,5,dog,5,dog,0.9992682337760925,-10.258047103881836,True
known,438,3,cat,3,cat,0.9997616410255432,-10.151805877685547,True
known,439,1,automobile,1,automobile,0.9911912083625793,-7.499530792236328,True
known,440,1,automobile,1,automobile,0.9996538162231445,-9.290543556213379,True
known,441,4,deer,4,deer,0.9996088147163391,-10.103411674499512,True
known,442,9,truck,9,truck,0.9996814727783203,-9.262548446655273,True
known,443,9,truck,9,truck,0.9999212026596069,-11.116270065307617,True
known,444,5,dog,5,dog,0.9976274371147156,-8.261429786682129,True
known,445,7,horse,7,horse,0.9999406337738037,-12.276518821716309,True
known,446,5,dog,5,dog,0.9995017051696777,-9.297133445739746,True
known,447,0,airplane,0,airplane,0.9862646460533142,-9.690629005432129,True
known,448,2,bird,2,bird,0.9999849796295166,-12.730252265930176,True
known,449,2,bird,2,bird,0.903608500957489,-8.41285514831543,True
known,450,2,bird,2,bird,0.9998635053634644,-10.21963119506836,True
known,451,9,truck,9,truck,0.9999922513961792,-12.970823287963867,True
known,452,7,horse,7,horse,0.9959539175033569,-7.4047675132751465,True
known,453,3,cat,3,cat,0.9994608759880066,-9.731386184692383,True
known,454,9,truck,9,truck,0.9997749924659729,-9.849325180053711,True
known,455,4,deer,4,deer,0.9999701976776123,-12.383414268493652,True
known,456,3,cat,4,deer,0.996536374092102,-9.7976713180542,True
known,457,5,dog,5,dog,0.9848543405532837,-7.699916839599609,True
known,458,4,deer,4,deer,0.962296724319458,-7.357522010803223,True
known,459,6,frog,6,frog,0.9969654679298401,-8.417250633239746,True
known,460,5,dog,5,dog,0.9984796643257141,-8.208459854125977,True
known,461,6,frog,6,frog,0.9990183115005493,-9.334980964660645,True
known,462,1,automobile,1,automobile,0.9985466599464417,-8.99803638458252,True
known,463,4,deer,4,deer,0.9989721775054932,-9.498711585998535,True
known,464,3,cat,3,cat,0.9985700845718384,-9.771260261535645,True
known,465,4,deer,4,deer,0.9998520612716675,-10.92278003692627,True
known,466,4,deer,4,deer,0.9996669292449951,-9.763493537902832,True
known,467,3,cat,3,cat,0.9997267127037048,-9.41695499420166,True
known,468,7,horse,7,horse,0.9988023042678833,-8.972564697265625,True
known,469,8,ship,8,ship,0.9999099969863892,-11.450928688049316,True
known,470,3,cat,3,cat,0.6125786900520325,-6.087765216827393,False
known,471,7,horse,7,horse,0.9995133876800537,-9.250701904296875,True
known,472,8,ship,8,ship,0.9998453855514526,-10.064779281616211,True
known,473,0,airplane,0,airplane,0.995661199092865,-7.55242395401001,True
known,474,5,dog,5,dog,0.9994365572929382,-10.126832962036133,True
known,475,7,horse,7,horse,0.9997963309288025,-10.063344955444336,True
known,476,6,frog,6,frog,0.9944175481796265,-8.02822208404541,True
known,477,0,airplane,0,airplane,0.9966577291488647,-9.212873458862305,True
known,478,5,dog,5,dog,0.7437739968299866,-6.799314022064209,True
known,479,4,deer,4,deer,0.9992087483406067,-8.798978805541992,True
known,480,8,ship,8,ship,0.7455386519432068,-5.101153373718262,False
known,481,6,frog,6,frog,0.9984652996063232,-8.109068870544434,True
known,482,8,ship,8,ship,0.9998131394386292,-9.761248588562012,True
known,483,5,dog,3,cat,0.8094805479049683,-5.398245811462402,False
known,484,5,dog,5,dog,0.9996824264526367,-10.474787712097168,True
known,485,9,truck,9,truck,0.9893960356712341,-7.665507793426514,True
known,486,9,truck,9,truck,0.9984134435653687,-7.976816177368164,True
known,487,9,truck,9,truck,0.9961217045783997,-7.190917015075684,True
known,488,5,dog,5,dog,0.9993543028831482,-10.512040138244629,True
known,489,0,airplane,0,airplane,0.9991984963417053,-8.906789779663086,True
known,490,1,automobile,1,automobile,0.9998669624328613,-10.120539665222168,True
known,491,0,airplane,0,airplane,0.9999420642852783,-11.701141357421875,True
known,492,8,ship,8,ship,0.9997383952140808,-9.579625129699707,True
known,493,1,automobile,1,automobile,0.9997979998588562,-9.938263893127441,True
known,494,1,automobile,1,automobile,0.9993852376937866,-8.833024024963379,True
known,495,8,ship,8,ship,0.9996029734611511,-10.82447338104248,True
known,496,0,airplane,0,airplane,0.9996119141578674,-9.547844886779785,True
known,497,2,bird,2,bird,0.5595046877861023,-6.720364570617676,True
known,498,2,bird,2,bird,0.9998323917388916,-10.102300643920898,True
known,499,0,airplane,0,airplane,0.9356967210769653,-8.612565994262695,True
known,500,4,deer,4,deer,0.9998093247413635,-10.412095069885254,True
known,501,6,frog,6,frog,0.9999451637268066,-11.448426246643066,True
known,502,5,dog,5,dog,0.9999467134475708,-11.639491081237793,True
known,503,4,deer,4,deer,0.9995185136795044,-10.029213905334473,True
known,504,9,truck,9,truck,0.9997379183769226,-9.910184860229492,True
known,505,4,deer,4,deer,0.9930756092071533,-7.218785285949707,True
known,506,7,horse,7,horse,0.9999834299087524,-12.550310134887695,True
known,507,9,truck,9,truck,0.9980906844139099,-8.222447395324707,True
known,508,9,truck,9,truck,0.999146580696106,-10.977221488952637,True
known,509,4,deer,4,deer,0.9998650550842285,-10.053252220153809,True
known,510,5,dog,5,dog,0.9998076558113098,-9.911042213439941,True
known,511,6,frog,6,frog,0.9988309741020203,-8.464507102966309,True
known,512,6,frog,6,frog,0.9995480179786682,-9.169108390808105,True
known,513,1,automobile,1,automobile,0.9996092915534973,-9.572371482849121,True
known,514,5,dog,5,dog,0.998347282409668,-8.361891746520996,True
known,515,3,cat,3,cat,0.9998868703842163,-10.757983207702637,True
known,516,8,ship,8,ship,0.9999127388000488,-11.0320463180542,True
known,517,9,truck,9,truck,0.9998537302017212,-9.996993064880371,True
known,518,5,dog,5,dog,0.993776798248291,-9.311540603637695,True
known,519,8,ship,8,ship,0.9959819316864014,-8.907370567321777,True
known,520,5,dog,5,dog,0.999091386795044,-9.915226936340332,True
known,521,7,horse,7,horse,0.999267041683197,-8.587080001831055,True
known,522,0,airplane,0,airplane,0.9999485015869141,-11.297041893005371,True
known,523,7,horse,7,horse,0.9997698664665222,-9.588717460632324,True
known,524,0,airplane,0,airplane,0.999422550201416,-9.721845626831055,True
known,525,5,dog,5,dog,0.9943959712982178,-7.611815929412842,True
known,526,0,airplane,0,airplane,0.9829704761505127,-6.533823490142822,True
known,527,0,airplane,0,airplane,0.99777752161026,-8.939658164978027,True
known,528,4,deer,4,deer,0.9991003274917603,-9.078726768493652,True
known,529,6,frog,6,frog,0.9992013573646545,-8.596226692199707,True
known,530,9,truck,9,truck,0.9994315505027771,-8.72126293182373,True
known,531,0,airplane,3,cat,0.8563690185546875,-5.144225597381592,False
known,532,9,truck,9,truck,0.9988656044006348,-9.06581974029541,True
known,533,5,dog,5,dog,0.9996880292892456,-9.471303939819336,True
known,534,6,frog,6,frog,0.9997406601905823,-9.825530052185059,True
known,535,6,frog,6,frog,0.9997298121452332,-11.225686073303223,True
known,536,6,frog,6,frog,0.9971910119056702,-7.5435380935668945,True
known,537,2,bird,2,bird,0.9572070240974426,-6.953404903411865,True
known,538,9,truck,9,truck,0.9718827605247498,-8.3560791015625,True
known,539,0,airplane,0,airplane,0.9999523162841797,-11.184749603271484,True
known,540,1,automobile,1,automobile,0.9990959167480469,-9.446523666381836,True
known,541,7,horse,7,horse,0.9981502294540405,-8.1807861328125,True
known,542,6,frog,6,frog,0.9990562796592712,-8.80993366241455,True
known,543,7,horse,7,horse,0.9997459053993225,-9.615257263183594,True
known,544,5,dog,5,dog,0.9997710585594177,-10.164114952087402,True
known,545,9,truck,9,truck,0.9987834095954895,-8.30516529083252,True
known,546,1,automobile,1,automobile,0.9997965693473816,-9.908818244934082,True
known,547,6,frog,6,frog,0.999806821346283,-11.759988784790039,True
known,548,2,bird,2,bird,0.9987257122993469,-8.419750213623047,True
known,549,5,dog,5,dog,0.9981095790863037,-9.782828330993652,True
known,550,5,dog,5,dog,0.9925814867019653,-8.645654678344727,True
known,551,5,dog,5,dog,0.8501288294792175,-7.391106605529785,True
known,552,8,ship,8,ship,0.9988133907318115,-8.40330696105957,True
known,553,5,dog,5,dog,0.9999463558197021,-12.075864791870117,True
known,554,9,truck,9,truck,0.9999899864196777,-12.636933326721191,True
known,555,4,deer,4,deer,0.9998021721839905,-9.919591903686523,True
known,556,6,frog,6,frog,0.9999028444290161,-10.87181282043457,True
known,557,4,deer,4,deer,0.9998428821563721,-10.085070610046387,True
known,558,3,cat,3,cat,0.9997929930686951,-10.095602989196777,True
known,559,2,bird,2,bird,0.9998327493667603,-10.008066177368164,True
known,560,0,airplane,0,airplane,0.9994819760322571,-9.365159034729004,True
known,561,7,horse,7,horse,0.9998052716255188,-9.9315767288208,True
known,562,6,frog,3,cat,0.689723551273346,-7.584782123565674,True
known,563,2,bird,2,bird,0.9980466365814209,-9.773884773254395,True
known,564,2,bird,2,bird,0.9997512698173523,-10.714652061462402,True
known,565,3,cat,3,cat,0.9988133907318115,-8.822724342346191,True
known,566,9,truck,9,truck,0.9997602105140686,-10.190408706665039,True
known,567,7,horse,7,horse,0.9924278855323792,-8.821418762207031,True
known,568,9,truck,9,truck,0.9999619722366333,-11.803969383239746,True
known,569,2,bird,2,bird,0.9989801049232483,-8.962706565856934,True
known,570,6,frog,6,frog,0.9998687505722046,-10.724934577941895,True
known,571,7,horse,7,horse,0.9997678399085999,-9.694296836853027,True
known,572,1,automobile,1,automobile,0.9982967972755432,-9.270315170288086,True
known,573,3,cat,3,cat,0.9998704195022583,-10.380949974060059,True
known,574,6,frog,6,frog,0.9990476965904236,-9.393054962158203,True
known,575,6,frog,6,frog,0.9998708963394165,-10.856186866760254,True
known,576,8,ship,8,ship,0.9998917579650879,-10.825369834899902,True
known,577,9,truck,9,truck,0.9919686913490295,-9.160298347473145,True
known,578,7,horse,7,horse,0.9988275170326233,-9.118555068969727,True
known,579,5,dog,5,dog,0.9732288718223572,-6.5449700355529785,True
known,580,4,deer,4,deer,0.9993200302124023,-9.155909538269043,True
known,581,0,airplane,0,airplane,0.9923531413078308,-7.179361820220947,True
known,582,8,ship,8,ship,0.9991984963417053,-9.054181098937988,True
known,583,4,deer,4,deer,0.9989246726036072,-8.422712326049805,True
known,584,0,airplane,0,airplane,0.9997872710227966,-10.183740615844727,True
known,585,9,truck,9,truck,0.9996235370635986,-9.73192310333252,True
known,586,3,cat,3,cat,0.9998476505279541,-10.575376510620117,True
known,587,4,deer,4,deer,0.9998795986175537,-11.23532772064209,True
known,588,8,ship,8,ship,0.9998981952667236,-10.609331130981445,True
known,589,9,truck,9,truck,0.9993813037872314,-9.025036811828613,True
known,590,6,frog,6,frog,0.9996304512023926,-9.30920124053955,True
known,591,9,truck,9,truck,0.9998799562454224,-10.411178588867188,True
known,592,2,bird,2,bird,0.9999353885650635,-10.778715133666992,True
known,593,6,frog,6,frog,0.9997618794441223,-10.17786693572998,True
known,594,1,automobile,1,automobile,0.999789297580719,-9.723793029785156,True
known,595,4,deer,4,deer,0.999309778213501,-8.66821002960205,True
known,596,7,horse,7,horse,0.9998908042907715,-10.495087623596191,True
known,597,3,cat,3,cat,0.9836549162864685,-7.487425804138184,True
known,598,5,dog,3,cat,0.8214531540870667,-6.371678352355957,True
known,599,3,cat,3,cat,0.9997336268424988,-10.334208488464355,True
known,600,8,ship,8,ship,0.9994565844535828,-9.844956398010254,True
known,601,5,dog,5,dog,0.9674572348594666,-9.425185203552246,True
known,602,0,airplane,0,airplane,0.999954104423523,-11.675263404846191,True
known,603,2,bird,2,bird,0.999929666519165,-10.731939315795898,True
known,604,1,automobile,1,automobile,0.9998250603675842,-10.01313304901123,True
known,605,6,frog,6,frog,0.9974243640899658,-7.656206130981445,True
known,606,4,deer,4,deer,0.9939688444137573,-8.386184692382812,True
known,607,3,cat,3,cat,0.5522623062133789,-4.684945583343506,False
known,608,3,cat,3,cat,0.9997408986091614,-9.576179504394531,True
known,609,9,truck,9,truck,0.9965357780456543,-7.207138538360596,True
known,610,6,frog,6,frog,0.9999099969863892,-10.79183578491211,True
known,611,9,truck,9,truck,0.9997548460960388,-9.69080638885498,True
known,612,8,ship,8,ship,0.9994522929191589,-9.015923500061035,True
known,613,8,ship,8,ship,0.9998857975006104,-10.379990577697754,True
known,614,5,dog,5,dog,0.9999828338623047,-12.164661407470703,True
known,615,8,ship,8,ship,0.9989421963691711,-9.922323226928711,True
known,616,6,frog,6,frog,0.9986538887023926,-8.302961349487305,True
known,617,6,frog,6,frog,0.9995417594909668,-10.525500297546387,True
known,618,2,bird,2,bird,0.976978063583374,-6.456600189208984,True
known,619,1,automobile,1,automobile,0.9994457364082336,-8.8851318359375,True
known,620,7,horse,7,horse,0.9999713897705078,-11.62708568572998,True
known,621,7,horse,7,horse,0.9998157620429993,-10.21084976196289,True
known,622,1,automobile,1,automobile,0.9997113347053528,-9.384674072265625,True
known,623,2,bird,2,bird,0.9991965889930725,-9.21948528289795,True
known,624,7,horse,7,horse,0.9992789626121521,-10.58716869354248,True
known,625,9,truck,9,truck,0.9996151924133301,-9.62796688079834,True
known,626,9,truck,9,truck,0.9998904466629028,-11.345743179321289,True
known,627,4,deer,4,deer,0.99959796667099,-10.059226036071777,True
known,628,4,deer,4,deer,0.9999954700469971,-13.529830932617188,True
known,629,1,automobile,1,automobile,0.9996070265769958,-9.871258735656738,True
known,630,2,bird,2,bird,0.9999747276306152,-13.302146911621094,True
known,631,5,dog,5,dog,0.9990484118461609,-9.591790199279785,True
known,632,6,frog,6,frog,0.997509241104126,-7.619931697845459,True
known,633,8,ship,8,ship,0.9996292591094971,-9.900860786437988,True
known,634,7,horse,7,horse,0.9995552897453308,-10.093671798706055,True
known,635,6,frog,6,frog,0.9996262788772583,-9.473057746887207,True
known,636,8,ship,8,ship,0.999887228012085,-10.361891746520996,True
known,637,3,cat,3,cat,0.9921442270278931,-7.095342636108398,True
known,638,0,airplane,0,airplane,0.9993563294410706,-8.883275032043457,True
known,639,5,dog,5,dog,0.9996622800827026,-10.115675926208496,True
known,640,5,dog,3,cat,0.5128108263015747,-6.225751876831055,True
known,641,3,cat,3,cat,0.9991161227226257,-8.614555358886719,True
known,642,0,airplane,0,airplane,0.9544038772583008,-6.431363582611084,True
known,643,7,horse,7,horse,0.9998966455459595,-10.739093780517578,True
known,644,9,truck,9,truck,0.9996176958084106,-9.415715217590332,True
known,645,1,automobile,1,automobile,0.9976465106010437,-8.275032043457031,True
known,646,3,cat,3,cat,0.9993143081665039,-9.203611373901367,True
known,647,4,deer,4,deer,0.9998577833175659,-13.293763160705566,True
known,648,4,deer,4,deer,0.9999452829360962,-11.341228485107422,True
known,649,5,dog,5,dog,0.9999009370803833,-11.593892097473145,True
known,650,3,cat,3,cat,0.9997088313102722,-9.508158683776855,True
known,651,9,truck,9,truck,0.9998337030410767,-10.104548454284668,True
known,652,5,dog,5,dog,0.9996132254600525,-11.834776878356934,True
known,653,6,frog,6,frog,0.9998929500579834,-10.727082252502441,True
known,654,9,truck,9,truck,0.9998973608016968,-10.809767723083496,True
known,655,2,bird,4,deer,0.8190585970878601,-7.028728008270264,True
known,656,1,automobile,1,automobile,0.9998764991760254,-10.139290809631348,True
known,657,1,automobile,1,automobile,0.9989282488822937,-9.292643547058105,True
known,658,4,deer,4,deer,0.9976198077201843,-9.253886222839355,True
known,659,1,automobile,1,automobile,0.9990907907485962,-8.406161308288574,True
known,660,9,truck,9,truck,0.9999666213989258,-11.464320182800293,True
known,661,4,deer,4,deer,0.9741470217704773,-8.348162651062012,True
known,662,7,horse,7,horse,0.9998173117637634,-10.057926177978516,True
known,663,6,frog,6,frog,0.958331286907196,-7.585294723510742,True
known,664,3,cat,3,cat,0.9991772770881653,-8.513436317443848,True
known,665,8,ship,0,airplane,0.9998021721839905,-10.942572593688965,True
known,666,9,truck,9,truck,0.9994863271713257,-9.061369895935059,True
known,667,0,airplane,0,airplane,0.9999079704284668,-10.722005844116211,True
known,668,1,automobile,1,automobile,0.9988933205604553,-8.36087703704834,True
known,669,3,cat,3,cat,0.9984650611877441,-8.108437538146973,True
known,670,6,frog,6,frog,0.999653697013855,-9.373922348022461,True
known,671,3,cat,3,cat,0.990750253200531,-8.432217597961426,True
known,672,6,frog,2,bird,0.6600916981697083,-5.106587886810303,False
known,673,3,cat,3,cat,0.9957169890403748,-7.100630760192871,True
known,674,2,bird,2,bird,0.9997707009315491,-10.469050407409668,True
known,675,0,airplane,0,airplane,0.997200608253479,-8.96260929107666,True
known,676,3,cat,3,cat,0.9994410872459412,-8.896161079406738,True
known,677,1,automobile,1,automobile,0.9983766078948975,-10.00229263305664,True
known,678,0,airplane,0,airplane,0.9950736165046692,-7.479567050933838,True
known,679,5,dog,5,dog,0.9899026155471802,-8.380964279174805,True
known,680,9,truck,9,truck,0.9878584146499634,-8.257660865783691,True
known,681,6,frog,6,frog,0.9996980428695679,-9.562796592712402,True
known,682,4,deer,4,deer,0.9745008945465088,-6.546191215515137,True
known,683,8,ship,0,airplane,0.993582010269165,-8.163653373718262,True
known,684,9,truck,9,truck,0.9999136924743652,-10.574233055114746,True
known,685,6,frog,3,cat,0.42036062479019165,-3.039954662322998,False
known,686,9,truck,9,truck,0.9984248876571655,-7.934504508972168,True
known,687,6,frog,2,bird,0.6920590400695801,-5.745452880859375,False
known,688,3,cat,3,cat,0.9989929795265198,-9.030529975891113,True
known,689,0,airplane,0,airplane,0.9251288771629333,-6.384767055511475,True
known,690,3,cat,3,cat,0.9743236303329468,-7.817477226257324,True
known,691,2,bird,2,bird,0.9988490343093872,-8.440231323242188,True
known,692,2,bird,2,bird,0.9891077280044556,-9.731087684631348,True
known,693,7,horse,7,horse,0.9999114274978638,-10.59078598022461,True
known,694,8,ship,8,ship,0.9996670484542847,-9.29149341583252,True
known,695,3,cat,3,cat,0.9998281002044678,-10.151410102844238,True
known,696,8,ship,8,ship,0.9990867376327515,-9.829707145690918,True
known,697,2,bird,2,bird,0.998002827167511,-7.831073760986328,True
known,698,7,horse,7,horse,0.9997416138648987,-10.020877838134766,True
known,699,5,dog,5,dog,0.9994165897369385,-9.394682884216309,True
known,700,7,horse,7,horse,0.9991900324821472,-8.457513809204102,True
known,701,2,bird,2,bird,0.9990760087966919,-9.270698547363281,True
known,702,4,deer,4,deer,0.9998688697814941,-10.647923469543457,True
known,703,8,ship,8,ship,0.9999268054962158,-10.80104923248291,True
known,704,7,horse,7,horse,0.9999138116836548,-10.946142196655273,True
known,705,4,deer,4,deer,0.9507286548614502,-6.966030597686768,True
known,706,2,bird,2,bird,0.9999070167541504,-10.996919631958008,True
known,707,9,truck,9,truck,0.9999603033065796,-11.921881675720215,True
known,708,8,ship,8,ship,0.9941791296005249,-8.214235305786133,True
known,709,8,ship,8,ship,0.999947190284729,-11.047478675842285,True
known,710,6,frog,6,frog,0.9109364748001099,-5.482624053955078,False
known,711,8,ship,8,ship,0.9993717074394226,-10.482430458068848,True
known,712,8,ship,8,ship,0.9998065829277039,-9.748612403869629,True
known,713,7,horse,7,horse,0.9992751479148865,-9.805158615112305,True
known,714,4,deer,4,deer,0.9996916055679321,-10.394864082336426,True
known,715,3,cat,3,cat,0.9467726945877075,-7.268664836883545,True
known,716,3,cat,3,cat,0.9999114274978638,-11.079338073730469,True
known,717,8,ship,8,ship,0.9983747005462646,-8.012139320373535,True
known,718,4,deer,4,deer,0.9957937002182007,-8.094167709350586,True
known,719,9,truck,9,truck,0.9997667670249939,-11.333463668823242,True
known,720,4,deer,4,deer,0.9998757839202881,-11.404942512512207,True
known,721,8,ship,8,ship,0.9997318387031555,-9.905292510986328,True
known,722,8,ship,8,ship,0.9999322891235352,-11.019763946533203,True
known,723,1,automobile,1,automobile,0.9996986389160156,-9.767521858215332,True
known,724,8,ship,8,ship,0.9998061060905457,-10.41683578491211,True
known,725,2,bird,0,airplane,0.9630561470985413,-5.611179351806641,False
known,726,1,automobile,1,automobile,0.9997590184211731,-10.235552787780762,True
known,727,3,cat,2,bird,0.5357207655906677,-5.473845481872559,False
known,728,6,frog,6,frog,0.9996193647384644,-9.62817096710205,True
known,729,5,dog,5,dog,0.9999128580093384,-10.922335624694824,True
known,730,4,deer,4,deer,0.9997531771659851,-9.96707820892334,True
known,731,2,bird,2,bird,0.999010443687439,-9.779826164245605,True
known,732,7,horse,7,horse,0.9994800686836243,-8.869205474853516,True
known,733,9,truck,9,truck,0.9882870316505432,-8.696196556091309,True
known,734,9,truck,1,automobile,0.6112412810325623,-6.482011318206787,True
known,735,4,deer,4,deer,0.9808233976364136,-8.035840034484863,True
known,736,1,automobile,1,automobile,0.9999456405639648,-11.347688674926758,True
known,737,4,deer,4,deer,0.9993890523910522,-8.85033893585205,True
known,738,1,automobile,1,automobile,0.9998500347137451,-10.50505542755127,True
known,739,3,cat,5,dog,0.9758381247520447,-7.698330879211426,True
known,740,2,bird,2,bird,0.9997939467430115,-11.26903247833252,True
known,741,7,horse,7,horse,0.9999096393585205,-10.834819793701172,True
known,742,0,airplane,0,airplane,0.9999467134475708,-11.037519454956055,True
known,743,7,horse,7,horse,0.999516487121582,-9.030892372131348,True
known,744,9,truck,9,truck,0.7994267344474792,-3.8815295696258545,False
known,745,7,horse,7,horse,0.9999727010726929,-12.314176559448242,True
known,746,6,frog,6,frog,0.9984322190284729,-8.887406349182129,True
known,747,6,frog,6,frog,0.9995179176330566,-8.973372459411621,True
known,748,2,bird,2,bird,0.9989722967147827,-9.194062232971191,True
known,749,5,dog,5,dog,0.9933934807777405,-9.554949760437012,True
known,750,9,truck,9,truck,0.9992502331733704,-8.738558769226074,True
known,751,2,bird,2,bird,0.7949272394180298,-8.363051414489746,True
known,752,9,truck,9,truck,0.9994818568229675,-10.002287864685059,True
known,753,1,automobile,1,automobile,0.9995064735412598,-9.03319263458252,True
known,754,2,bird,2,bird,0.999748170375824,-9.684896469116211,True
known,755,2,bird,2,bird,0.9982847571372986,-9.41971206665039,True
known,756,6,frog,6,frog,0.9998430013656616,-10.150498390197754,True
known,757,8,ship,8,ship,0.9998927116394043,-10.604771614074707,True
known,758,2,bird,2,bird,0.9999291896820068,-10.667428970336914,True
known,759,1,automobile,1,automobile,0.9996311664581299,-9.17844009399414,True
known,760,3,cat,5,dog,0.9986715316772461,-10.907790184020996,True
known,761,6,frog,6,frog,0.997638463973999,-9.614216804504395,True
known,762,6,frog,6,frog,0.9998677968978882,-10.501568794250488,True
known,763,0,airplane,0,airplane,0.9981196522712708,-8.67547607421875,True
known,764,1,automobile,1,automobile,0.9997606873512268,-9.560660362243652,True
known,765,2,bird,2,bird,0.9999006986618042,-10.938064575195312,True
known,766,7,horse,7,horse,0.9980777502059937,-8.232332229614258,True
known,767,0,airplane,0,airplane,0.999546229839325,-10.428244590759277,True
known,768,5,dog,5,dog,0.9996985197067261,-10.754029273986816,True
known,769,4,deer,4,deer,0.9998780488967896,-10.487770080566406,True
known,770,6,frog,3,cat,0.5594634413719177,-5.697665691375732,False
known,771,1,automobile,1,automobile,0.9974107146263123,-8.978116035461426,True
known,772,6,frog,6,frog,0.9998862743377686,-10.445704460144043,True
known,773,4,deer,4,deer,0.9999889135360718,-13.085402488708496,True
known,774,0,airplane,0,airplane,0.9999184608459473,-12.207182884216309,True
known,775,2,bird,2,bird,0.9831579923629761,-8.173377990722656,True
known,776,2,bird,5,dog,0.8966225981712341,-7.8795318603515625,True
known,777,6,frog,6,frog,0.9990249872207642,-8.912055015563965,True
known,778,0,airplane,0,airplane,0.9999023675918579,-10.567022323608398,True
known,779,5,dog,5,dog,0.9955471754074097,-8.345846176147461,True
known,780,9,truck,9,truck,0.9995627999305725,-9.000455856323242,True
known,781,1,automobile,1,automobile,0.9999198913574219,-10.887650489807129,True
known,782,7,horse,7,horse,0.9999707937240601,-11.986574172973633,True
known,783,6,frog,6,frog,0.9993925094604492,-9.431710243225098,True
known,784,7,horse,7,horse,0.9999101161956787,-10.546379089355469,True
known,785,0,airplane,0,airplane,0.9999008178710938,-10.726693153381348,True
known,786,3,cat,3,cat,0.9986805319786072,-8.488992691040039,True
known,787,9,truck,9,truck,0.9960305094718933,-7.851052761077881,True
known,788,6,frog,6,frog,0.9991016387939453,-8.403738975524902,True
known,789,8,ship,8,ship,0.9983037710189819,-8.437206268310547,True
known,790,3,cat,3,cat,0.9744150042533875,-7.096410274505615,True
known,791,0,airplane,0,airplane,0.999992847442627,-13.004739761352539,True
known,792,3,cat,5,dog,0.9569134712219238,-8.859635353088379,True
known,793,4,deer,4,deer,0.5949356555938721,-5.531375885009766,False
known,794,7,horse,7,horse,0.9985193610191345,-8.392597198486328,True
known,795,7,horse,7,horse,0.9929597973823547,-7.481974124908447,True
known,796,1,automobile,4,deer,0.9865376949310303,-6.595883369445801,True
known,797,4,deer,4,deer,0.9934884309768677,-8.589194297790527,True
known,798,7,horse,7,horse,0.9929648637771606,-7.737060070037842,True
known,799,2,bird,4,deer,0.6659764051437378,-4.925837516784668,False
known,800,7,horse,7,horse,0.9997419714927673,-9.565366744995117,True
known,801,1,automobile,1,automobile,0.9986472725868225,-9.514150619506836,True
known,802,4,deer,4,deer,0.999319314956665,-8.884538650512695,True
known,803,7,horse,7,horse,0.9999487400054932,-11.13112735748291,True
known,804,4,deer,4,deer,0.9996923208236694,-9.466614723205566,True
known,805,4,deer,4,deer,0.7854251861572266,-6.380589962005615,True
known,806,8,ship,8,ship,0.9997463822364807,-10.68604564666748,True
known,807,4,deer,4,deer,0.9987038373947144,-9.448214530944824,True
known,808,7,horse,7,horse,0.9992400407791138,-8.697463035583496,True
known,809,7,horse,7,horse,0.9999921321868896,-12.936330795288086,True
known,810,5,dog,3,cat,0.6164472699165344,-7.32559871673584,True
known,811,3,cat,5,dog,0.9925826787948608,-8.439229011535645,True
known,812,7,horse,7,horse,0.9992079138755798,-9.958962440490723,True
known,813,2,bird,2,bird,0.9994671940803528,-9.07079029083252,True
known,814,0,airplane,0,airplane,0.9990824460983276,-9.626229286193848,True
known,815,8,ship,8,ship,0.9999390840530396,-10.837374687194824,True
known,816,9,truck,9,truck,0.9998062252998352,-9.74240493774414,True
known,817,5,dog,5,dog,0.998161256313324,-8.850934028625488,True
known,818,8,ship,8,ship,0.9980778694152832,-8.101410865783691,True
known,819,3,cat,3,cat,0.9953681230545044,-8.532426834106445,True
known,820,6,frog,6,frog,0.9997575879096985,-10.010337829589844,True
known,821,2,bird,2,bird,0.9986802935600281,-9.22034740447998,True
known,822,0,airplane,0,airplane,0.998658299446106,-9.144746780395508,True
known,823,8,ship,8,ship,0.9999415874481201,-11.060002326965332,True
known,824,7,horse,7,horse,0.9998182654380798,-10.370965957641602,True
known,825,3,cat,3,cat,0.9998438358306885,-10.26329517364502,True
known,826,7,horse,7,horse,0.9992411136627197,-9.78630542755127,True
known,827,6,frog,6,frog,0.9999129772186279,-10.723793983459473,True
known,828,5,dog,5,dog,0.9497894644737244,-8.931379318237305,True
known,829,3,cat,3,cat,0.9946464896202087,-9.392577171325684,True
known,830,1,automobile,1,automobile,0.9992444515228271,-9.136334419250488,True
known,831,3,cat,3,cat,0.990718424320221,-7.1808762550354,True
known,832,2,bird,2,bird,0.9998593330383301,-10.453470230102539,True
known,833,2,bird,2,bird,0.9925351142883301,-7.4425129890441895,True
known,834,5,dog,5,dog,0.99498450756073,-9.29380989074707,True
known,835,4,deer,4,deer,0.9999656677246094,-11.747824668884277,True
known,836,1,automobile,9,truck,0.6429280638694763,-5.82000732421875,False
known,837,2,bird,2,bird,0.9998811483383179,-10.533903121948242,True
known,838,9,truck,9,truck,0.9997708201408386,-9.976946830749512,True
known,839,2,bird,2,bird,0.9997743964195251,-9.795791625976562,True
known,840,7,horse,7,horse,0.9998107552528381,-9.793071746826172,True
known,841,0,airplane,0,airplane,0.9980948567390442,-8.924736976623535,True
known,842,7,horse,7,horse,0.9996764659881592,-9.434731483459473,True
known,843,2,bird,2,bird,0.9989745616912842,-8.70191764831543,True
known,844,1,automobile,1,automobile,0.9998087286949158,-10.141121864318848,True
known,845,3,cat,1,automobile,0.579509437084198,-3.195061683654785,False
known,846,2,bird,2,bird,0.9994066953659058,-9.26018238067627,True
known,847,0,airplane,0,airplane,0.9997503161430359,-10.154766082763672,True
known,848,2,bird,2,bird,0.9969989061355591,-10.220168113708496,True
known,849,4,deer,4,deer,0.970740795135498,-7.287306785583496,True
known,850,7,horse,7,horse,0.9996945858001709,-10.232488632202148,True
known,851,9,truck,9,truck,0.9998295307159424,-10.25188159942627,True
known,852,8,ship,8,ship,0.9991705417633057,-11.961183547973633,True
known,853,9,truck,9,truck,0.5941801071166992,-6.708609580993652,True
known,854,0,airplane,0,airplane,0.9996992349624634,-9.829523086547852,True
known,855,7,horse,7,horse,0.9999974966049194,-13.906957626342773,True
known,856,7,horse,7,horse,0.9996216297149658,-10.04842758178711,True
known,857,0,airplane,0,airplane,0.9896897077560425,-9.289144515991211,True
known,858,7,horse,7,horse,0.999316930770874,-8.64435863494873,True
known,859,8,ship,8,ship,0.9996442794799805,-10.256304740905762,True
known,860,4,deer,4,deer,0.9990990161895752,-9.69650936126709,True
known,861,6,frog,6,frog,0.9843176603317261,-7.673068046569824,True
known,862,3,cat,3,cat,0.9898695349693298,-7.9417338371276855,True
known,863,3,cat,3,cat,0.9947746992111206,-9.313057899475098,True
known,864,0,airplane,0,airplane,0.9998935461044312,-10.807186126708984,True
known,865,1,automobile,1,automobile,0.9987610578536987,-8.119719505310059,True
known,866,3,cat,3,cat,0.9963055849075317,-10.264374732971191,True
known,867,7,horse,7,horse,0.9999186992645264,-10.812223434448242,True
known,868,0,airplane,0,airplane,0.9991214871406555,-8.63814926147461,True
known,869,1,automobile,1,automobile,0.9985218644142151,-8.902876853942871,True
known,870,3,cat,5,dog,0.6920179128646851,-6.868637561798096,True
known,871,1,automobile,1,automobile,0.9997161030769348,-9.4380521774292,True
known,872,4,deer,4,deer,0.9996817111968994,-10.56274127960205,True
known,873,2,bird,2,bird,0.9999377727508545,-10.959619522094727,True
known,874,3,cat,3,cat,0.999921441078186,-10.981291770935059,True
known,875,8,ship,8,ship,0.9999475479125977,-11.143136024475098,True
known,876,4,deer,4,deer,0.9998306035995483,-9.840981483459473,True
known,877,2,bird,2,bird,0.9990580677986145,-10.648736953735352,True
known,878,3,cat,3,cat,0.9998992681503296,-11.400195121765137,True
known,879,7,horse,7,horse,0.9990370273590088,-8.556063652038574,True
known,880,8,ship,8,ship,0.9998364448547363,-10.039878845214844,True
known,881,4,deer,4,deer,0.9992309808731079,-9.447610855102539,True
known,882,3,cat,3,cat,0.688540518283844,-6.037395000457764,False
known,883,0,airplane,0,airplane,0.9858910441398621,-7.934925079345703,True
known,884,9,truck,9,truck,0.9999157190322876,-10.830130577087402,True
known,885,0,airplane,0,airplane,0.9998252987861633,-10.418630599975586,True
known,886,0,airplane,0,airplane,0.9999713897705078,-12.50169849395752,True
known,887,1,automobile,1,automobile,0.9947130084037781,-7.924942970275879,True
known,888,0,airplane,0,airplane,0.44377976655960083,-3.232489585876465,False
known,889,4,deer,4,deer,0.998330295085907,-9.089751243591309,True
known,890,4,deer,4,deer,0.9998916387557983,-10.851729393005371,True
known,891,6,frog,6,frog,0.9998881816864014,-10.523579597473145,True
known,892,7,horse,7,horse,0.9985949397087097,-8.466703414916992,True
known,893,6,frog,3,cat,0.47705313563346863,-4.173117160797119,False
known,894,1,automobile,1,automobile,0.9987189769744873,-8.205618858337402,True
known,895,1,automobile,1,automobile,0.9996139407157898,-11.356821060180664,True
known,896,3,cat,3,cat,0.9981508851051331,-8.014097213745117,True
known,897,7,horse,7,horse,0.9963732361793518,-7.863943576812744,True
known,898,3,cat,3,cat,0.9557051062583923,-6.688598155975342,True
known,899,5,dog,5,dog,0.9999749660491943,-12.402310371398926,True
known,900,2,bird,2,bird,0.9709789156913757,-8.372900009155273,True
known,901,6,frog,6,frog,0.9999160766601562,-11.102926254272461,True
known,902,6,frog,6,frog,0.9987682700157166,-8.201345443725586,True
known,903,5,dog,5,dog,0.9993089437484741,-8.810354232788086,True
known,904,8,ship,8,ship,0.9999915361404419,-13.803828239440918,True
known,905,7,horse,7,horse,0.9999837875366211,-12.786394119262695,True
known,906,1,automobile,1,automobile,0.9998249411582947,-9.914223670959473,True
known,907,6,frog,6,frog,0.9999818801879883,-12.07408618927002,True
known,908,8,ship,8,ship,0.9999828338623047,-12.66650104522705,True
known,909,8,ship,8,ship,0.9999607801437378,-11.287540435791016,True
known,910,5,dog,5,dog,0.9930481910705566,-7.618333339691162,True
known,911,3,cat,3,cat,0.9997789263725281,-9.969121932983398,True
known,912,0,airplane,0,airplane,0.9869630932807922,-7.261101245880127,True
known,913,4,deer,4,deer,0.9999923706054688,-13.006307601928711,True
known,914,0,airplane,0,airplane,0.9995377063751221,-9.37002182006836,True
known,915,1,automobile,1,automobile,0.9990187883377075,-8.363104820251465,True
known,916,3,cat,3,cat,0.9880565404891968,-7.286008358001709,True
known,917,8,ship,8,ship,0.9999969005584717,-13.718427658081055,True
known,918,8,ship,8,ship,0.9998606443405151,-11.11041259765625,True
known,919,0,airplane,0,airplane,0.9652364253997803,-7.039840221405029,True
known,920,6,frog,6,frog,0.59515780210495,-3.8794233798980713,False
known,921,9,truck,9,truck,0.9974352717399597,-7.425921440124512,True
known,922,9,truck,9,truck,0.9999754428863525,-12.76818561553955,True
known,923,9,truck,9,truck,0.9798065423965454,-5.9810638427734375,False
known,924,5,dog,5,dog,0.9474764466285706,-7.247787952423096,True
known,925,5,dog,5,dog,0.7600488066673279,-8.880351066589355,True
known,926,8,ship,8,ship,0.9993627667427063,-9.374160766601562,True
known,927,6,frog,6,frog,0.9999436140060425,-11.577601432800293,True
known,928,0,airplane,0,airplane,0.9999114274978638,-11.106485366821289,True
known,929,0,airplane,0,airplane,0.9999406337738037,-11.33096981048584,True
known,930,4,deer,4,deer,0.9999680519104004,-11.535367012023926,True
known,931,2,bird,2,bird,0.9955363273620605,-9.176375389099121,True
known,932,3,cat,3,cat,0.9999202489852905,-11.321581840515137,True
known,933,2,bird,2,bird,0.9992796778678894,-9.434557914733887,True
known,934,7,horse,7,horse,0.9994493126869202,-9.035755157470703,True
known,935,2,bird,2,bird,0.9997779726982117,-10.693652153015137,True
known,936,2,bird,2,bird,0.9997649788856506,-10.134528160095215,True
known,937,5,dog,5,dog,0.9998517036437988,-12.583992004394531,True
known,938,9,truck,9,truck,0.9950001239776611,-8.109803199768066,True
known,939,8,ship,8,ship,0.9998281002044678,-10.083683967590332,True
known,940,9,truck,9,truck,0.999453604221344,-8.838407516479492,True
known,941,1,automobile,1,automobile,0.999433696269989,-9.313187599182129,True
known,942,7,horse,7,horse,0.9995391368865967,-10.058796882629395,True
known,943,4,deer,4,deer,0.9898707270622253,-8.797492980957031,True
known,944,0,airplane,0,airplane,0.9998433589935303,-10.86646842956543,True
known,945,3,cat,3,cat,0.9995133876800537,-9.49404239654541,True
known,946,0,airplane,0,airplane,0.9994217157363892,-9.860928535461426,True
known,947,1,automobile,1,automobile,0.9993910789489746,-8.733790397644043,True
known,948,3,cat,3,cat,0.9521673917770386,-6.693591594696045,True
known,949,8,ship,8,ship,0.9996090531349182,-9.982455253601074,True
known,950,3,cat,3,cat,0.999041736125946,-8.812981605529785,True
known,951,9,truck,9,truck,0.9993146657943726,-8.806397438049316,True
known,952,6,frog,6,frog,0.9993093013763428,-9.152366638183594,True
known,953,1,automobile,1,automobile,0.9953117370605469,-8.10791301727295,True
known,954,4,deer,4,deer,0.9998127818107605,-10.085980415344238,True
known,955,7,horse,7,horse,0.999922513961792,-11.127853393554688,True
known,956,0,airplane,2,bird,0.8308433294296265,-6.643877029418945,True
known,957,3,cat,3,cat,0.9969912767410278,-7.473244667053223,True
known,958,7,horse,7,horse,0.9998108744621277,-9.880799293518066,True
known,959,8,ship,8,ship,0.9999589920043945,-11.938006401062012,True
known,960,9,truck,9,truck,0.9996633529663086,-10.016942977905273,True
known,961,1,automobile,1,automobile,0.9996765851974487,-9.76632308959961,True
known,962,1,automobile,1,automobile,0.9998599290847778,-11.10023021697998,True
known,963,6,frog,6,frog,0.9993311166763306,-8.733532905578613,True
known,964,6,frog,6,frog,0.9995538592338562,-9.418720245361328,True
known,965,6,frog,6,frog,0.9996821880340576,-11.083517074584961,True
known,966,6,frog,6,frog,0.9681409001350403,-6.291642665863037,True
known,967,9,truck,9,truck,0.998943030834198,-9.637215614318848,True
known,968,1,automobile,1,automobile,0.9999165534973145,-10.561419486999512,True
known,969,9,truck,9,truck,0.9997561573982239,-10.02366828918457,True
known,970,9,truck,9,truck,0.9998161196708679,-10.053062438964844,True
known,971,4,deer,4,deer,0.9998840093612671,-11.094385147094727,True
known,972,2,bird,6,frog,0.9653024673461914,-8.39762020111084,True
known,973,1,automobile,1,automobile,0.9990887641906738,-9.6809663772583,True
known,974,7,horse,7,horse,0.9908573031425476,-7.068597793579102,True
known,975,0,airplane,0,airplane,0.999786913394928,-9.908321380615234,True
known,976,6,frog,6,frog,0.9993190765380859,-8.873636245727539,True
known,977,8,ship,8,ship,0.9999445676803589,-11.0875883102417,True
known,978,1,automobile,1,automobile,0.9925956130027771,-8.705255508422852,True
known,979,9,truck,9,truck,0.9999123811721802,-11.158345222473145,True
known,980,2,bird,2,bird,0.9999849796295166,-12.609062194824219,True
known,981,9,truck,9,truck,0.9997313618659973,-9.4885835647583,True
known,982,0,airplane,0,airplane,0.9630616903305054,-6.91566801071167,True
known,983,4,deer,4,deer,0.9998823404312134,-10.958622932434082,True
known,984,7,horse,7,horse,0.9998661279678345,-10.370591163635254,True
known,985,8,ship,8,ship,0.9997064471244812,-9.899928092956543,True
known,986,3,cat,3,cat,0.9998773336410522,-11.00573444366455,True
known,987,1,automobile,1,automobile,0.9999241828918457,-10.754412651062012,True
known,988,2,bird,2,bird,0.9998708963394165,-10.405560493469238,True
known,989,0,airplane,0,airplane,0.9838157296180725,-7.659938335418701,True
known,990,1,automobile,1,automobile,0.9998127818107605,-9.853107452392578,True
known,991,5,dog,5,dog,0.9993307590484619,-9.258750915527344,True
known,992,8,ship,8,ship,0.9997238516807556,-9.859633445739746,True
known,993,4,deer,4,deer,0.8632709980010986,-8.368378639221191,True
known,994,6,frog,6,frog,0.9917216897010803,-8.383135795593262,True
known,995,3,cat,3,cat,0.9989691972732544,-11.073531150817871,True
known,996,8,ship,8,ship,0.9993975162506104,-10.148442268371582,True
known,997,1,automobile,1,automobile,0.9781650900840759,-8.963203430175781,True
known,998,3,cat,3,cat,0.9982446432113647,-8.059664726257324,True
known,999,8,ship,8,ship,0.999071478843689,-8.377790451049805,True
known,1000,5,dog,5,dog,0.9990008473396301,-9.72950267791748,True
known,1001,0,airplane,8,ship,0.7266166806221008,-5.474005699157715,False
known,1002,8,ship,8,ship,0.9886131286621094,-8.091525077819824,True
known,1003,4,deer,4,deer,0.9975481629371643,-8.398630142211914,True
known,1004,8,ship,8,ship,0.9999288320541382,-10.978917121887207,True
known,1005,1,automobile,1,automobile,0.9982606768608093,-9.025005340576172,True
known,1006,1,automobile,1,automobile,0.9998595714569092,-10.428072929382324,True
known,1007,8,ship,8,ship,0.9796966910362244,-7.45101261138916,True
known,1008,9,truck,9,truck,0.9941624999046326,-9.375635147094727,True
known,1009,6,frog,6,frog,0.9999252557754517,-11.840188026428223,True
known,1010,0,airplane,0,airplane,0.9999008178710938,-10.626331329345703,True
known,1011,8,ship,8,ship,0.9999133348464966,-10.562494277954102,True
known,1012,6,frog,6,frog,0.9998102784156799,-10.102871894836426,True
known,1013,1,automobile,1,automobile,0.9989047050476074,-8.198363304138184,True
known,1014,3,cat,3,cat,0.9997937083244324,-11.398179054260254,True
known,1015,4,deer,4,deer,0.9998059868812561,-9.87120246887207,True
known,1016,1,automobile,1,automobile,0.9975850582122803,-9.351797103881836,True
known,1017,6,frog,6,frog,0.9996393918991089,-9.529610633850098,True
known,1018,0,airplane,0,airplane,0.9898306727409363,-9.279887199401855,True
known,1019,5,dog,5,dog,0.9989588260650635,-11.167914390563965,True
known,1020,1,automobile,1,automobile,0.9999098777770996,-10.800436019897461,True
known,1021,1,automobile,1,automobile,0.9993680119514465,-9.450987815856934,True
known,1022,0,airplane,0,airplane,0.998836100101471,-9.588532447814941,True
known,1023,0,airplane,0,airplane,0.9983131885528564,-8.320734024047852,True
known,1024,3,cat,3,cat,0.9472972750663757,-9.29065227508545,True
known,1025,5,dog,5,dog,0.999832034111023,-11.612156867980957,True
known,1026,0,airplane,0,airplane,0.94295334815979,-6.6027607917785645,True
known,1027,0,airplane,0,airplane,0.9993335604667664,-9.270727157592773,True
known,1028,6,frog,6,frog,0.9999231100082397,-10.8112154006958,True
known,1029,6,frog,6,frog,0.9997900128364563,-9.963761329650879,True
known,1030,3,cat,3,cat,0.9993889331817627,-9.001067161560059,True
known,1031,3,cat,3,cat,0.9972123503684998,-8.128389358520508,True
known,1032,6,frog,6,frog,0.9998852014541626,-10.815783500671387,True
known,1033,3,cat,3,cat,0.9996167421340942,-9.752335548400879,True
known,1034,6,frog,6,frog,0.9549233317375183,-6.601642608642578,True
known,1035,6,frog,6,frog,0.9985999464988708,-9.019189834594727,True
known,1036,0,airplane,0,airplane,0.9990703463554382,-8.721247673034668,True
known,1037,7,horse,7,horse,0.9924337863922119,-6.839078426361084,True
known,1038,2,bird,2,bird,0.9999197721481323,-10.612770080566406,True
known,1039,2,bird,2,bird,0.9715315103530884,-5.680575370788574,False
known,1040,7,horse,5,dog,0.7312962412834167,-4.572744369506836,False
known,1041,5,dog,5,dog,0.9999958276748657,-13.468337059020996,True
known,1042,5,dog,5,dog,0.9725618958473206,-7.052427768707275,True
known,1043,2,bird,2,bird,0.999479353427887,-9.55604362487793,True
known,1044,8,ship,8,ship,0.9998477697372437,-10.059430122375488,True
known,1045,5,dog,5,dog,0.9999178647994995,-11.263004302978516,True
known,1046,2,bird,2,bird,0.9998427629470825,-10.000606536865234,True
known,1047,1,automobile,1,automobile,0.9994657635688782,-9.056441307067871,True
known,1048,1,automobile,1,automobile,0.999779999256134,-10.140563011169434,True
known,1049,4,deer,4,deer,0.9833936095237732,-6.505528450012207,True
known,1050,3,cat,3,cat,0.9993489384651184,-10.007946968078613,True
known,1051,2,bird,2,bird,0.9913602471351624,-8.402847290039062,True
known,1052,0,airplane,0,airplane,0.999901294708252,-10.541967391967773,True
known,1053,3,cat,3,cat,0.9985591769218445,-8.662277221679688,True
known,1054,1,automobile,1,automobile,0.9996591806411743,-9.230886459350586,True
known,1055,5,dog,5,dog,0.9999470710754395,-11.508420944213867,True
known,1056,3,cat,3,cat,0.9980258941650391,-9.031792640686035,True
known,1057,7,horse,7,horse,0.9860730171203613,-6.731482982635498,True
known,1058,6,frog,6,frog,0.9981073141098022,-8.1172513961792,True
known,1059,8,ship,8,ship,0.9997504353523254,-9.79961109161377,True
known,1060,9,truck,9,truck,0.9996343851089478,-9.49311351776123,True
known,1061,1,automobile,1,automobile,0.9998290538787842,-11.20997142791748,True
known,1062,6,frog,6,frog,0.9966198205947876,-7.818272113800049,True
known,1063,4,deer,4,deer,0.9998800754547119,-10.915677070617676,True
known,1064,9,truck,9,truck,0.9842481017112732,-6.486096382141113,True
known,1065,3,cat,3,cat,0.9996521472930908,-10.85085391998291,True
known,1066,9,truck,9,truck,0.9597569704055786,-8.130278587341309,True
known,1067,0,airplane,0,airplane,0.9999704360961914,-12.539175033569336,True
known,1068,9,truck,9,truck,0.9911790490150452,-7.356089115142822,True
known,1069,6,frog,6,frog,0.9994757771492004,-9.391398429870605,True
known,1070,3,cat,3,cat,0.9999306201934814,-11.125553131103516,True
known,1071,6,frog,6,frog,0.9998515844345093,-10.074785232543945,True
known,1072,0,airplane,0,airplane,0.9186110496520996,-9.554304122924805,True
known,1073,7,horse,7,horse,0.999376118183136,-9.205812454223633,True
known,1074,3,cat,6,frog,0.9610023498535156,-7.989825248718262,True
known,1075,8,ship,8,ship,0.999426007270813,-10.061565399169922,True
known,1076,0,airplane,0,airplane,0.9971432089805603,-9.383694648742676,True
known,1077,0,airplane,0,airplane,0.9998859167098999,-10.385061264038086,True
known,1078,0,airplane,0,airplane,0.9985907673835754,-9.340568542480469,True
known,1079,6,frog,6,frog,0.9993112087249756,-8.62752628326416,True
known,1080,6,frog,6,frog,0.9671136140823364,-6.216434478759766,True
known,1081,6,frog,6,frog,0.9995507597923279,-9.239494323730469,True
known,1082,9,truck,9,truck,0.9955110549926758,-9.03854751586914,True
known,1083,2,bird,2,bird,0.9997267127037048,-10.029239654541016,True
known,1084,5,dog,5,dog,0.9998863935470581,-10.94871997833252,True
known,1085,4,deer,4,deer,0.9873402714729309,-8.915759086608887,True
known,1086,4,deer,4,deer,0.9998286962509155,-10.379408836364746,True
known,1087,6,frog,6,frog,0.9996151924133301,-9.612086296081543,True
known,1088,3,cat,3,cat,0.8582868576049805,-8.772488594055176,True
known,1089,6,frog,6,frog,0.9997425675392151,-9.68331241607666,True
known,1090,0,airplane,0,airplane,0.9223852753639221,-7.663205623626709,True
known,1091,8,ship,8,ship,0.9997472167015076,-10.187902450561523,True
known,1092,6,frog,6,frog,0.9992503523826599,-10.859528541564941,True
known,1093,0,airplane,0,airplane,0.9696425199508667,-5.818705081939697,False
known,1094,6,frog,6,frog,0.9958139061927795,-7.8685622215271,True
known,1095,2,bird,2,bird,0.9963381290435791,-9.927135467529297,True
known,1096,7,horse,7,horse,0.9999490976333618,-11.911073684692383,True
known,1097,5,dog,5,dog,0.9995833039283752,-9.317827224731445,True
known,1098,1,automobile,1,automobile,0.9998161196708679,-11.121926307678223,True
known,1099,2,bird,2,bird,0.9998949766159058,-10.75070858001709,True
known,1100,7,horse,7,horse,0.9956050515174866,-7.8406662940979,True
known,1101,8,ship,8,ship,0.9998742341995239,-10.685811996459961,True
known,1102,8,ship,8,ship,0.9998899698257446,-10.307323455810547,True
known,1103,0,airplane,0,airplane,0.9999605417251587,-11.929025650024414,True
known,1104,9,truck,9,truck,0.9998021721839905,-9.790634155273438,True
known,1105,4,deer,4,deer,0.9987571239471436,-9.109588623046875,True
known,1106,9,truck,9,truck,0.9999568462371826,-11.370431900024414,True
known,1107,7,horse,7,horse,0.9990418553352356,-9.394561767578125,True
known,1108,2,bird,2,bird,0.9996486902236938,-9.331459045410156,True
known,1109,0,airplane,0,airplane,0.9990672469139099,-9.345325469970703,True
known,1110,2,bird,2,bird,0.9994495511054993,-8.942865371704102,True
known,1111,8,ship,8,ship,0.9997765421867371,-9.744988441467285,True
known,1112,3,cat,3,cat,0.9974067807197571,-10.455528259277344,True
known,1113,8,ship,8,ship,0.9998875856399536,-10.490935325622559,True
known,1114,9,truck,9,truck,0.9997641444206238,-10.014814376831055,True
known,1115,1,automobile,1,automobile,0.9992761015892029,-8.75239372253418,True
known,1116,5,dog,5,dog,0.9988082647323608,-8.298639297485352,True
known,1117,5,dog,5,dog,0.9986538887023926,-9.770788192749023,True
known,1118,4,deer,7,horse,0.975736677646637,-9.417476654052734,True
known,1119,7,horse,7,horse,0.998416543006897,-7.914215564727783,True
known,1120,5,dog,5,dog,0.9663011431694031,-7.313640594482422,True
known,1121,3,cat,3,cat,0.9984824061393738,-9.54798412322998,True
known,1122,8,ship,8,ship,0.9987311959266663,-8.450064659118652,True
known,1123,3,cat,3,cat,0.9999628067016602,-12.161673545837402,True
known,1124,3,cat,3,cat,0.9990074038505554,-9.450669288635254,True
known,1125,6,frog,6,frog,0.9998900890350342,-10.882460594177246,True
known,1126,2,bird,2,bird,0.9945070147514343,-8.806870460510254,True
known,1127,8,ship,8,ship,0.999816358089447,-9.801605224609375,True
known,1128,4,deer,4,deer,0.9999009370803833,-10.790352821350098,True
known,1129,3,cat,6,frog,0.9658396244049072,-7.577070236206055,True
known,1130,7,horse,7,horse,0.9992782473564148,-8.843914031982422,True
known,1131,1,automobile,9,truck,0.9930528998374939,-7.789043426513672,True
known,1132,2,bird,2,bird,0.9922348260879517,-6.893474102020264,True
known,1133,4,deer,4,deer,0.999618649482727,-9.776440620422363,True
known,1134,1,automobile,1,automobile,0.9973681569099426,-8.922840118408203,True
known,1135,6,frog,6,frog,0.9998024106025696,-10.02929973602295,True
known,1136,9,truck,9,truck,0.9999200105667114,-10.901287078857422,True
known,1137,0,airplane,0,airplane,0.7974415421485901,-4.451550006866455,False
known,1138,5,dog,5,dog,0.9877781271934509,-7.086024761199951,True
known,1139,8,ship,8,ship,0.9985937476158142,-8.581742286682129,True
known,1140,6,frog,6,frog,0.9998835325241089,-10.511242866516113,True
known,1141,1,automobile,1,automobile,0.9994625449180603,-8.775571823120117,True
known,1142,8,ship,8,ship,0.9999935626983643,-13.05614948272705,True
known,1143,6,frog,6,frog,0.9976626634597778,-7.530692100524902,True
known,1144,1,automobile,1,automobile,0.9998401403427124,-10.163673400878906,True
known,1145,4,deer,4,deer,0.9995797276496887,-10.640753746032715,True
known,1146,2,bird,2,bird,0.9999573230743408,-11.39696979522705,True
known,1147,6,frog,6,frog,0.7791351079940796,-5.498166084289551,False
known,1148,2,bird,2,bird,0.9998371601104736,-10.148490905761719,True
known,1149,7,horse,7,horse,0.9932130575180054,-8.542171478271484,True
known,1150,2,bird,7,horse,0.9143264889717102,-6.089060306549072,False
known,1151,2,bird,2,bird,0.9990032315254211,-9.968923568725586,True
known,1152,0,airplane,0,airplane,0.9996761083602905,-9.46483325958252,True
known,1153,8,ship,8,ship,0.9998471736907959,-10.155860900878906,True
known,1154,6,frog,6,frog,0.9999198913574219,-11.224150657653809,True
known,1155,9,truck,9,truck,0.99623703956604,-7.525671005249023,True
known,1156,1,automobile,1,automobile,0.9992874264717102,-9.003887176513672,True
known,1157,7,horse,7,horse,0.9993422627449036,-8.883185386657715,True
known,1158,1,automobile,1,automobile,0.9998736381530762,-10.724333763122559,True
known,1159,8,ship,8,ship,0.9999649524688721,-12.556488990783691,True
known,1160,8,ship,8,ship,0.9999513626098633,-11.54659652709961,True
known,1161,0,airplane,0,airplane,0.998863697052002,-8.75515079498291,True
known,1162,7,horse,7,horse,0.9994507431983948,-8.848072052001953,True
known,1163,3,cat,5,dog,0.988783061504364,-8.215668678283691,True
known,1164,8,ship,8,ship,0.9999854564666748,-12.639485359191895,True
known,1165,0,airplane,0,airplane,0.9989659786224365,-8.757210731506348,True
known,1166,3,cat,3,cat,0.9946293234825134,-7.758098125457764,True
known,1167,4,deer,4,deer,0.7250205874443054,-5.286402702331543,False
known,1168,3,cat,3,cat,0.99544757604599,-9.780993461608887,True
known,1169,7,horse,7,horse,0.9999017715454102,-10.562934875488281,True
known,1170,7,horse,7,horse,0.9990752935409546,-8.334004402160645,True
known,1171,9,truck,9,truck,0.9998548030853271,-10.075607299804688,True
known,1172,2,bird,2,bird,0.9736353754997253,-6.868650436401367,True
known,1173,3,cat,3,cat,0.9993316531181335,-9.076759338378906,True
known,1174,1,automobile,1,automobile,0.997133731842041,-7.323371887207031,True
known,1175,9,truck,9,truck,0.9999459981918335,-11.459147453308105,True
known,1176,1,automobile,1,automobile,0.9997518658638,-9.619126319885254,True
known,1177,9,truck,9,truck,0.9975571632385254,-9.485729217529297,True
known,1178,6,frog,6,frog,0.968532383441925,-7.123918056488037,True
known,1179,3,cat,3,cat,0.9991427659988403,-9.480883598327637,True
known,1180,3,cat,3,cat,0.9587620496749878,-8.862910270690918,True
known,1181,3,cat,6,frog,0.9507397413253784,-6.612703323364258,True
known,1182,1,automobile,1,automobile,0.9995539784431458,-9.052258491516113,True
known,1183,0,airplane,0,airplane,0.9999172687530518,-11.141945838928223,True
known,1184,6,frog,6,frog,0.9998629093170166,-10.915453910827637,True
known,1185,1,automobile,1,automobile,0.9975597858428955,-8.471353530883789,True
known,1186,4,deer,4,deer,0.9995076656341553,-8.986488342285156,True
known,1187,1,automobile,1,automobile,0.9995098114013672,-9.03508472442627,True
known,1188,0,airplane,0,airplane,0.9997605681419373,-10.242273330688477,True
known,1189,0,airplane,0,airplane,0.9919988512992859,-6.744461536407471,True
known,1190,1,automobile,1,automobile,0.9992891550064087,-8.69914722442627,True
known,1191,1,automobile,1,automobile,0.9922599196434021,-6.792845249176025,True
known,1192,6,frog,6,frog,0.9997257590293884,-9.903938293457031,True
known,1193,5,dog,5,dog,0.9942863583564758,-9.079703330993652,True
known,1194,4,deer,4,deer,0.999386191368103,-8.922061920166016,True
known,1195,6,frog,6,frog,0.9996476173400879,-9.297689437866211,True
known,1196,2,bird,2,bird,0.9998922348022461,-10.564351081848145,True
known,1197,0,airplane,0,airplane,0.9997186064720154,-9.992247581481934,True
known,1198,7,horse,7,horse,0.9983867406845093,-8.170408248901367,True
known,1199,9,truck,9,truck,0.9931869506835938,-6.84588623046875,True
known,1200,8,ship,8,ship,0.9998002648353577,-9.929505348205566,True
known,1201,7,horse,7,horse,0.9989344477653503,-9.298788070678711,True
known,1202,2,bird,2,bird,0.9999902248382568,-12.969968795776367,True
known,1203,0,airplane,0,airplane,0.9718981981277466,-7.087314128875732,True
known,1204,6,frog,6,frog,0.9999591112136841,-11.275651931762695,True
known,1205,8,ship,8,ship,0.9997504353523254,-10.41366195678711,True
known,1206,1,automobile,1,automobile,0.999554455280304,-9.143502235412598,True
known,1207,4,deer,4,deer,0.997884213924408,-7.936999320983887,True
known,1208,3,cat,3,cat,0.9999198913574219,-11.461155891418457,True
known,1209,7,horse,7,horse,0.9999597072601318,-11.43962287902832,True
known,1210,0,airplane,0,airplane,0.9851016998291016,-6.855379581451416,True
known,1211,6,frog,6,frog,0.9987447261810303,-9.126795768737793,True
known,1212,1,automobile,1,automobile,0.9999161958694458,-10.927141189575195,True
known,1213,8,ship,8,ship,0.9997335076332092,-11.002013206481934,True
known,1214,5,dog,5,dog,0.9998337030410767,-9.972123146057129,True
known,1215,7,horse,7,horse,0.9999018907546997,-10.53100872039795,True
known,1216,8,ship,8,ship,0.999921441078186,-11.036808967590332,True
known,1217,4,deer,4,deer,0.8446663618087769,-5.8610310554504395,False
known,1218,8,ship,8,ship,0.9999737739562988,-11.826651573181152,True
known,1219,3,cat,3,cat,0.9991777539253235,-8.5192289352417,True
known,1220,9,truck,9,truck,0.999237060546875,-9.69345760345459,True
known,1221,9,truck,9,truck,0.999962568283081,-12.071555137634277,True
known,1222,9,truck,9,truck,0.9995619654655457,-9.28161907196045,True
known,1223,8,ship,8,ship,0.9994152784347534,-9.267802238464355,True
known,1224,7,horse,7,horse,0.9372215270996094,-7.722815990447998,True
known,1225,6,frog,6,frog,0.9995974898338318,-9.723179817199707,True
known,1226,6,frog,6,frog,0.9967984557151794,-8.131194114685059,True
known,1227,3,cat,3,cat,0.686195433139801,-9.027125358581543,True
known,1228,5,dog,5,dog,0.9925252199172974,-7.664637088775635,True
known,1229,1,automobile,1,automobile,0.9997114539146423,-9.576775550842285,True
known,1230,5,dog,5,dog,0.9944306015968323,-9.346267700195312,True
known,1231,9,truck,9,truck,0.9995042085647583,-9.429465293884277,True
known,1232,1,automobile,1,automobile,0.9989563226699829,-8.237722396850586,True
known,1233,4,deer,4,deer,0.9998904466629028,-10.490443229675293,True
known,1234,1,automobile,1,automobile,0.9985318183898926,-8.019136428833008,True
known,1235,5,dog,5,dog,0.9996949434280396,-9.532742500305176,True
known,1236,7,horse,5,dog,0.9339165091514587,-6.936018466949463,True
known,1237,0,airplane,0,airplane,0.9992948770523071,-10.016253471374512,True
known,1238,1,automobile,1,automobile,0.9997227787971497,-10.487713813781738,True
known,1239,5,dog,5,dog,0.999908447265625,-11.140631675720215,True
known,1240,2,bird,2,bird,0.9995583891868591,-9.05571460723877,True
known,1241,0,airplane,0,airplane,0.9996688365936279,-11.200721740722656,True
known,1242,8,ship,8,ship,0.9998880624771118,-11.105490684509277,True
known,1243,8,ship,8,ship,0.9998136162757874,-9.884060859680176,True
known,1244,5,dog,5,dog,0.9986900687217712,-10.479639053344727,True
known,1245,6,frog,6,frog,0.9996071457862854,-9.44941234588623,True
known,1246,7,horse,7,horse,0.9999662637710571,-12.903849601745605,True
known,1247,3,cat,5,dog,0.8181344270706177,-6.5639119148254395,True
known,1248,2,bird,0,airplane,0.8839367032051086,-6.246579170227051,True
known,1249,4,deer,4,deer,0.9964094758033752,-8.129612922668457,True
known,1250,7,horse,7,horse,0.9950137734413147,-9.224569320678711,True
known,1251,2,bird,2,bird,0.999761164188385,-10.29053783416748,True
known,1252,5,dog,5,dog,0.9976280331611633,-9.070206642150879,True
known,1253,8,ship,8,ship,0.9946014881134033,-8.670966148376465,True
known,1254,2,bird,2,bird,0.9995833039283752,-9.195207595825195,True
known,1255,4,deer,4,deer,0.9999700784683228,-11.467622756958008,True
known,1256,9,truck,9,truck,0.9999591112136841,-11.78128719329834,True
known,1257,2,bird,2,bird,0.9998101592063904,-10.453142166137695,True
known,1258,1,automobile,1,automobile,0.9987344145774841,-8.341107368469238,True
known,1259,8,ship,8,ship,0.9996317625045776,-9.646939277648926,True
known,1260,1,automobile,1,automobile,0.9997480511665344,-10.28357219696045,True
known,1261,9,truck,9,truck,0.9995158910751343,-9.507609367370605,True
known,1262,8,ship,8,ship,0.9982433319091797,-8.843823432922363,True
known,1263,8,ship,0,airplane,0.6183286905288696,-6.45166540145874,True
known,1264,8,ship,8,ship,0.9998617172241211,-10.21325969696045,True
known,1265,9,truck,9,truck,0.5695855021476746,-7.406642913818359,True
known,1266,0,airplane,0,airplane,0.998808741569519,-8.773307800292969,True
known,1267,4,deer,4,deer,0.9999903440475464,-12.808744430541992,True
known,1268,3,cat,3,cat,0.9983575940132141,-8.495077133178711,True
known,1269,3,cat,3,cat,0.9997833371162415,-9.915450096130371,True
known,1270,1,automobile,1,automobile,0.9990589022636414,-9.568982124328613,True
known,1271,8,ship,8,ship,0.9997352957725525,-9.459569931030273,True
known,1272,4,deer,4,deer,0.9990389347076416,-9.813508033752441,True
known,1273,6,frog,6,frog,0.999760091304779,-9.777129173278809,True
known,1274,3,cat,3,cat,0.9992682337760925,-8.578996658325195,True
known,1275,3,cat,3,cat,0.9999240636825562,-11.712233543395996,True
known,1276,5,dog,5,dog,0.9995536208152771,-9.995776176452637,True
known,1277,2,bird,2,bird,0.9811413884162903,-8.41627311706543,True
known,1278,2,bird,2,bird,0.9986261129379272,-9.83114242553711,True
known,1279,8,ship,8,ship,0.9999661445617676,-11.702343940734863,True
known,1280,3,cat,3,cat,0.9985320568084717,-11.286437034606934,True
known,1281,8,ship,8,ship,0.9999887943267822,-12.739250183105469,True
known,1282,9,truck,9,truck,0.999961256980896,-11.593371391296387,True
known,1283,5,dog,5,dog,0.9989535808563232,-8.253311157226562,True
known,1284,8,ship,8,ship,0.9753907322883606,-6.732670783996582,True
known,1285,9,truck,9,truck,0.9962025284767151,-8.311610221862793,True
known,1286,8,ship,8,ship,0.9998307228088379,-10.355067253112793,True
known,1287,9,truck,9,truck,0.9998291730880737,-10.05066967010498,True
known,1288,1,automobile,1,automobile,0.9993098974227905,-8.633906364440918,True
known,1289,6,frog,6,frog,0.9999246597290039,-11.03702449798584,True
known,1290,5,dog,5,dog,0.9955102205276489,-7.254146099090576,True
known,1291,9,truck,9,truck,0.9998449087142944,-10.268756866455078,True
known,1292,4,deer,4,deer,0.9968000650405884,-8.266645431518555,True
known,1293,4,deer,4,deer,0.9992232322692871,-9.494316101074219,True
known,1294,8,ship,8,ship,0.9991856217384338,-10.0611572265625,True
known,1295,0,airplane,0,airplane,0.9998213648796082,-10.727206230163574,True
known,1296,7,horse,7,horse,0.9304385781288147,-7.016102313995361,True
known,1297,2,bird,2,bird,0.9994303584098816,-10.331204414367676,True
known,1298,9,truck,9,truck,0.9975639581680298,-7.433194160461426,True
known,1299,7,horse,0,airplane,0.555628776550293,-5.093710899353027,False
known,1300,4,deer,4,deer,0.9999527931213379,-11.75068187713623,True
known,1301,1,automobile,1,automobile,0.9992818236351013,-8.638697624206543,True
known,1302,6,frog,6,frog,0.9992284774780273,-9.843353271484375,True
known,1303,4,deer,4,deer,0.9991031885147095,-10.109559059143066,True
known,1304,4,deer,8,ship,0.5301777124404907,-6.329748630523682,True
known,1305,9,truck,9,truck,0.9997178912162781,-11.499781608581543,True
known,1306,1,automobile,9,truck,0.8847318291664124,-5.209227561950684,False
known,1307,2,bird,2,bird,0.96451336145401,-9.359411239624023,True
known,1308,5,dog,5,dog,0.9999798536300659,-13.432108879089355,True
known,1309,6,frog,6,frog,0.9922161102294922,-8.874195098876953,True
known,1310,0,airplane,0,airplane,0.9999567270278931,-11.468849182128906,True
known,1311,8,ship,8,ship,0.9996297359466553,-9.287392616271973,True
known,1312,6,frog,6,frog,0.9998385906219482,-10.553902626037598,True
known,1313,1,automobile,1,automobile,0.9992749094963074,-8.625689506530762,True
known,1314,9,truck,9,truck,0.9999891519546509,-12.924103736877441,True
known,1315,4,deer,4,deer,0.9936450719833374,-8.207765579223633,True
known,1316,5,dog,5,dog,0.9998762607574463,-10.868916511535645,True
known,1317,9,truck,9,truck,0.9996015429496765,-9.21495532989502,True
known,1318,5,dog,5,dog,0.9998773336410522,-10.585705757141113,True
known,1319,0,airplane,0,airplane,0.9987711310386658,-10.377281188964844,True
known,1320,7,horse,7,horse,0.9997289776802063,-9.549905776977539,True
known,1321,2,bird,6,frog,0.4511256217956543,-4.701869487762451,False
known,1322,0,airplane,0,airplane,0.8763566613197327,-7.062901973724365,True
known,1323,0,airplane,0,airplane,0.9996337890625,-10.447303771972656,True
known,1324,4,deer,4,deer,0.9999456405639648,-11.540109634399414,True
known,1325,2,bird,4,deer,0.9978386759757996,-9.337514877319336,True
known,1326,6,frog,6,frog,0.9855284094810486,-8.115130424499512,True
known,1327,6,frog,6,frog,0.9961376786231995,-7.209896087646484,True
known,1328,5,dog,5,dog,0.9993246793746948,-9.233134269714355,True
known,1329,5,dog,5,dog,0.9982352256774902,-9.735085487365723,True
known,1330,2,bird,2,bird,0.9999277591705322,-11.763030052185059,True
known,1331,8,ship,8,ship,0.999337375164032,-9.242814064025879,True
known,1332,1,automobile,1,automobile,0.9985322952270508,-8.194978713989258,True
known,1333,7,horse,7,horse,0.9973241090774536,-8.797128677368164,True
known,1334,3,cat,2,bird,0.8219584822654724,-5.404322624206543,False
known,1335,1,automobile,1,automobile,0.9998579025268555,-10.217283248901367,True
known,1336,4,deer,4,deer,0.9996724128723145,-9.370843887329102,True
known,1337,5,dog,5,dog,0.9998819828033447,-11.368490219116211,True
known,1338,6,frog,6,frog,0.9997791647911072,-9.895316123962402,True
known,1339,5,dog,3,cat,0.8048516511917114,-7.323563098907471,True
known,1340,1,automobile,1,automobile,0.9996211528778076,-9.6502046585083,True
known,1341,4,deer,4,deer,0.9999803304672241,-12.386185646057129,True
known,1342,7,horse,7,horse,0.9980271458625793,-7.944418907165527,True
known,1343,0,airplane,0,airplane,0.999968409538269,-11.602527618408203,True
known,1344,9,truck,9,truck,0.9979074001312256,-7.7343244552612305,True
known,1345,4,deer,4,deer,0.9999418258666992,-11.441150665283203,True
known,1346,3,cat,3,cat,0.9995738863945007,-9.650897026062012,True
known,1347,8,ship,8,ship,0.9991562366485596,-8.861668586730957,True
known,1348,2,bird,2,bird,0.999919056892395,-10.674067497253418,True
known,1349,8,ship,8,ship,0.9999289512634277,-10.79065990447998,True
known,1350,4,deer,4,deer,0.9998654127120972,-11.317076683044434,True
known,1351,7,horse,7,horse,0.9984779953956604,-8.041158676147461,True
known,1352,2,bird,2,bird,0.9999390840530396,-11.559589385986328,True
known,1353,3,cat,3,cat,0.995862603187561,-8.34533977508545,True
known,1354,1,automobile,1,automobile,0.9998836517333984,-10.429497718811035,True
known,1355,5,dog,3,cat,0.563786506652832,-3.85394549369812,False
known,1356,2,bird,2,bird,0.9999765157699585,-12.705429077148438,True
known,1357,9,truck,9,truck,0.9988019466400146,-8.164725303649902,True
known,1358,8,ship,8,ship,0.9995251893997192,-8.92967414855957,True
known,1359,9,truck,9,truck,0.9995881915092468,-9.240859031677246,True
known,1360,7,horse,7,horse,0.9999771118164062,-11.90584659576416,True
known,1361,9,truck,9,truck,0.9998061060905457,-9.761415481567383,True
known,1362,5,dog,5,dog,0.9996776580810547,-9.67104434967041,True
known,1363,1,automobile,1,automobile,0.9992063641548157,-8.598929405212402,True
known,1364,4,deer,4,deer,0.9932916164398193,-8.516897201538086,True
known,1365,0,airplane,0,airplane,0.999213695526123,-11.117220878601074,True
known,1366,8,ship,8,ship,0.9996179342269897,-9.281525611877441,True
known,1367,2,bird,2,bird,0.9994398951530457,-8.846857070922852,True
known,1368,3,cat,3,cat,0.9828712940216064,-8.624382972717285,True
known,1369,8,ship,8,ship,0.9999555349349976,-11.313370704650879,True
known,1370,9,truck,9,truck,0.9971233010292053,-8.006035804748535,True
known,1371,1,automobile,1,automobile,0.9990653395652771,-8.323932647705078,True
known,1372,1,automobile,1,automobile,0.998965859413147,-8.938702583312988,True
known,1373,3,cat,3,cat,0.9986873269081116,-9.682823181152344,True
known,1374,2,bird,2,bird,0.999756395816803,-10.442955017089844,True
known,1375,4,deer,4,deer,0.9998855590820312,-10.25327205657959,True
known,1376,9,truck,9,truck,0.9993292093276978,-8.819117546081543,True
known,1377,3,cat,3,cat,0.9994524121284485,-8.95793628692627,True
known,1378,1,automobile,1,automobile,0.9994329810142517,-8.875351905822754,True
known,1379,7,horse,7,horse,0.9978545308113098,-8.334970474243164,True
known,1380,4,deer,4,deer,0.9996705055236816,-10.000844955444336,True
known,1381,6,frog,6,frog,0.9994376301765442,-9.2036714553833,True
known,1382,2,bird,2,bird,0.9985092282295227,-8.254589080810547,True
known,1383,8,ship,8,ship,0.9998406171798706,-10.24016284942627,True
known,1384,9,truck,9,truck,0.9972047209739685,-8.77455997467041,True
known,1385,5,dog,5,dog,0.9843818545341492,-10.605981826782227,True
known,1386,3,cat,3,cat,0.9980140924453735,-7.718358516693115,True
known,1387,9,truck,9,truck,0.999850869178772,-10.189105987548828,True
known,1388,5,dog,5,dog,0.9998111128807068,-10.481285095214844,True
known,1389,5,dog,5,dog,0.9999961853027344,-14.208105087280273,True
known,1390,6,frog,6,frog,0.9964932799339294,-8.395794868469238,True
known,1391,7,horse,3,cat,0.8812470436096191,-5.337879657745361,False
known,1392,2,bird,2,bird,0.9978799819946289,-10.490880966186523,True
known,1393,4,deer,4,deer,0.7102596163749695,-5.143294811248779,False
known,1394,6,frog,6,frog,0.9771755933761597,-6.157783508300781,False
known,1395,3,cat,3,cat,0.9986042380332947,-9.322165489196777,True
known,1396,1,automobile,1,automobile,0.9999309778213501,-11.41496467590332,True
known,1397,0,airplane,0,airplane,0.9932180047035217,-10.00291633605957,True
known,1398,7,horse,7,horse,0.999586284160614,-9.3734130859375,True
known,1399,2,bird,2,bird,0.9900878071784973,-8.791206359863281,True
known,1400,5,dog,5,dog,0.9998952150344849,-11.35438060760498,True
known,1401,4,deer,4,deer,0.9995743632316589,-9.304638862609863,True
known,1402,7,horse,7,horse,0.9995009899139404,-9.002947807312012,True
known,1403,6,frog,6,frog,0.9118451476097107,-7.518467903137207,True
known,1404,1,automobile,1,automobile,0.9995478987693787,-9.01990795135498,True
known,1405,1,automobile,1,automobile,0.9969088435173035,-7.842228889465332,True
known,1406,9,truck,9,truck,0.9989431500434875,-8.584787368774414,True
known,1407,8,ship,8,ship,0.9999197721481323,-11.027300834655762,True
known,1408,1,automobile,1,automobile,0.9980641007423401,-8.520270347595215,True
known,1409,0,airplane,0,airplane,0.9997863173484802,-10.265602111816406,True
known,1410,1,automobile,1,automobile,0.9992157220840454,-8.499202728271484,True
known,1411,3,cat,3,cat,0.9991669654846191,-8.706748008728027,True
known,1412,1,automobile,1,automobile,0.9989014863967896,-8.366326332092285,True
known,1413,1,automobile,1,automobile,0.9988601207733154,-9.042067527770996,True
known,1414,1,automobile,1,automobile,0.9997703433036804,-9.893730163574219,True
known,1415,7,horse,7,horse,0.9993502497673035,-8.984950065612793,True
known,1416,3,cat,3,cat,0.9999107122421265,-12.016207695007324,True
known,1417,9,truck,9,truck,0.9998830556869507,-10.951165199279785,True
known,1418,6,frog,6,frog,0.9996293783187866,-9.517868995666504,True
known,1419,8,ship,8,ship,0.999929666519165,-10.678287506103516,True
known,1420,4,deer,4,deer,0.9998500347137451,-10.929831504821777,True
known,1421,6,frog,6,frog,0.9999480247497559,-10.971979141235352,True
known,1422,8,ship,8,ship,0.985806941986084,-8.037094116210938,True
known,1423,4,deer,4,deer,0.9997907280921936,-10.180398941040039,True
known,1424,9,truck,9,truck,0.9998642206192017,-10.26256275177002,True
known,1425,4,deer,4,deer,0.9992198944091797,-9.94729232788086,True
known,1426,7,horse,7,horse,0.9998363256454468,-10.045069694519043,True
known,1427,9,truck,9,truck,0.9994269609451294,-9.4088134765625,True
known,1428,7,horse,7,horse,0.9999762773513794,-13.220382690429688,True
known,1429,6,frog,6,frog,0.9903379678726196,-7.151031494140625,True
known,1430,8,ship,8,ship,0.9999643564224243,-11.381957054138184,True
known,1431,4,deer,4,deer,0.9997599720954895,-10.281617164611816,True
known,1432,9,truck,9,truck,0.9969444870948792,-7.544916152954102,True
known,1433,7,horse,7,horse,0.9999271631240845,-11.565553665161133,True
known,1434,0,airplane,0,airplane,0.9996761083602905,-9.99642276763916,True
known,1435,1,automobile,1,automobile,0.9961568713188171,-7.207540035247803,True
known,1436,6,frog,6,frog,0.9996812343597412,-9.479535102844238,True
known,1437,1,automobile,1,automobile,0.9970402121543884,-7.577378273010254,True
known,1438,5,dog,5,dog,0.9999003410339355,-10.861621856689453,True
known,1439,9,truck,9,truck,0.9557385444641113,-9.350679397583008,True
known,1440,0,airplane,0,airplane,0.7782769799232483,-5.303482532501221,False
known,1441,4,deer,4,deer,0.9999552965164185,-12.234204292297363,True
known,1442,3,cat,5,dog,0.9883255958557129,-8.310019493103027,True
known,1443,4,deer,4,deer,0.9999198913574219,-10.676916122436523,True
known,1444,1,automobile,1,automobile,0.9992891550064087,-10.6986083984375,True
known,1445,3,cat,3,cat,0.9431508183479309,-7.936198711395264,True
known,1446,0,airplane,0,airplane,0.9797393679618835,-6.782889366149902,True
known,1447,8,ship,8,ship,0.9997590184211731,-9.742465019226074,True
known,1448,4,deer,4,deer,0.999504566192627,-10.696328163146973,True
known,1449,6,frog,6,frog,0.9998899698257446,-10.661043167114258,True
known,1450,2,bird,2,bird,0.9949022531509399,-8.620307922363281,True
known,1451,2,bird,2,bird,0.9986454844474792,-8.61616325378418,True
known,1452,6,frog,6,frog,0.9983680844306946,-8.080628395080566,True
known,1453,5,dog,5,dog,0.9996470212936401,-10.499524116516113,True
known,1454,3,cat,3,cat,0.9967039227485657,-8.23058795928955,True
known,1455,6,frog,6,frog,0.9983294606208801,-8.945691108703613,True
known,1456,2,bird,7,horse,0.513168454170227,-4.595040321350098,False
known,1457,1,automobile,1,automobile,0.9998459815979004,-10.087225914001465,True
known,1458,1,automobile,1,automobile,0.9994596838951111,-9.339908599853516,True
known,1459,8,ship,8,ship,0.9997898936271667,-10.206524848937988,True
known,1460,6,frog,6,frog,0.9996718168258667,-9.923775672912598,True
known,1461,0,airplane,0,airplane,0.9994902610778809,-9.931492805480957,True
known,1462,4,deer,4,deer,0.9991625547409058,-10.231802940368652,True
known,1463,0,airplane,0,airplane,0.9998093247413635,-10.196025848388672,True
known,1464,1,automobile,1,automobile,0.999822199344635,-11.262566566467285,True
known,1465,9,truck,9,truck,0.9989303946495056,-8.184670448303223,True
known,1466,7,horse,7,horse,0.9995840191841125,-9.13818359375,True
known,1467,1,automobile,1,automobile,0.9995802044868469,-9.226250648498535,True
known,1468,3,cat,3,cat,0.9993917942047119,-9.478479385375977,True
known,1469,7,horse,7,horse,0.996625542640686,-8.680902481079102,True
known,1470,7,horse,7,horse,0.995280921459198,-7.759149074554443,True
known,1471,8,ship,8,ship,0.9967879056930542,-8.548807144165039,True
known,1472,7,horse,7,horse,0.9994316697120667,-8.82136344909668,True
known,1473,7,horse,7,horse,0.9997889399528503,-9.799217224121094,True
known,1474,3,cat,3,cat,0.9980446100234985,-10.058760643005371,True
known,1475,9,truck,9,truck,0.9988422989845276,-9.280852317810059,True
known,1476,7,horse,7,horse,0.9994940757751465,-8.865002632141113,True
known,1477,7,horse,7,horse,0.9987209439277649,-8.727903366088867,True
known,1478,7,horse,7,horse,0.9997193217277527,-9.882253646850586,True
known,1479,2,bird,2,bird,0.8700045347213745,-5.571803092956543,False
known,1480,1,automobile,1,automobile,0.9995245933532715,-10.650283813476562,True
known,1481,2,bird,2,bird,0.9984737038612366,-8.652298927307129,True
known,1482,8,ship,8,ship,0.9992252588272095,-8.871073722839355,True
known,1483,6,frog,6,frog,0.999710738658905,-9.413263320922852,True
known,1484,4,deer,4,deer,0.9999572038650513,-11.448700904846191,True
known,1485,0,airplane,0,airplane,0.9961226582527161,-8.221735000610352,True
known,1486,7,horse,7,horse,0.9998664855957031,-10.330562591552734,True
known,1487,9,truck,9,truck,0.9994403719902039,-9.99210262298584,True
known,1488,8,ship,8,ship,0.9999775886535645,-11.925826072692871,True
known,1489,6,frog,6,frog,0.9996278285980225,-9.614692687988281,True
known,1490,8,ship,8,ship,0.9998212456703186,-10.293875694274902,True
known,1491,4,deer,4,deer,0.9126465320587158,-6.026216506958008,False
known,1492,9,truck,1,automobile,0.9709605574607849,-8.497958183288574,True
known,1493,1,automobile,1,automobile,0.9997281432151794,-9.949666023254395,True
known,1494,7,horse,7,horse,0.9533398747444153,-5.383688449859619,False
known,1495,2,bird,2,bird,0.6778591275215149,-7.468964099884033,True
known,1496,2,bird,2,bird,0.9949480295181274,-7.445534706115723,True
known,1497,8,ship,8,ship,0.9994282126426697,-8.988678932189941,True
known,1498,5,dog,5,dog,0.9994206428527832,-11.177194595336914,True
known,1499,8,ship,8,ship,0.9999597072601318,-11.751120567321777,True
known,1500,1,automobile,1,automobile,0.9997510313987732,-9.813273429870605,True
known,1501,2,bird,2,bird,0.9114018082618713,-6.174763202667236,False
known,1502,2,bird,2,bird,0.999687671661377,-9.695016860961914,True
known,1503,4,deer,4,deer,0.9983855485916138,-9.298348426818848,True
known,1504,1,automobile,1,automobile,0.9994187355041504,-9.776131629943848,True
known,1505,2,bird,2,bird,0.9998645782470703,-10.897329330444336,True
known,1506,5,dog,4,deer,0.5306466221809387,-6.468493938446045,True
known,1507,2,bird,2,bird,0.9995633959770203,-9.444662094116211,True
known,1508,8,ship,8,ship,0.9998617172241211,-10.589481353759766,True
known,1509,1,automobile,1,automobile,0.9984581470489502,-8.378417015075684,True
known,1510,8,ship,8,ship,0.9998515844345093,-10.122673988342285,True
known,1511,1,automobile,1,automobile,0.9977084398269653,-7.596818447113037,True
known,1512,8,ship,8,ship,0.9999305009841919,-10.960005760192871,True
known,1513,6,frog,6,frog,0.9992008805274963,-9.664945602416992,True
known,1514,0,airplane,0,airplane,0.9997285008430481,-9.822195053100586,True
known,1515,2,bird,2,bird,0.9995349645614624,-9.912436485290527,True
known,1516,4,deer,4,deer,0.9999154806137085,-11.039616584777832,True
known,1517,1,automobile,1,automobile,0.9992913007736206,-8.580770492553711,True
known,1518,3,cat,3,cat,0.9953619837760925,-8.989988327026367,True
known,1519,6,frog,6,frog,0.9988971948623657,-9.65366268157959,True
known,1520,7,horse,7,horse,0.9999157190322876,-11.21204662322998,True
known,1521,7,horse,7,horse,0.8398269414901733,-7.669294834136963,True
known,1522,4,deer,4,deer,0.9999681711196899,-12.287297248840332,True
known,1523,4,deer,4,deer,0.999976634979248,-12.018852233886719,True
known,1524,3,cat,3,cat,0.9999492168426514,-11.172964096069336,True
known,1525,3,cat,3,cat,0.9998936653137207,-10.757237434387207,True
known,1526,4,deer,4,deer,0.9997419714927673,-10.608687400817871,True
known,1527,5,dog,5,dog,0.9896771907806396,-6.9633636474609375,True
known,1528,2,bird,2,bird,0.9997196793556213,-9.740256309509277,True
known,1529,4,deer,4,deer,0.9552554488182068,-6.057499885559082,False
known,1530,3,cat,3,cat,0.9970558881759644,-7.882608890533447,True
known,1531,7,horse,7,horse,0.9997345805168152,-9.733513832092285,True
known,1532,8,ship,8,ship,0.9971777200698853,-7.769379138946533,True
known,1533,4,deer,4,deer,0.9999724626541138,-11.695822715759277,True
known,1534,4,deer,4,deer,0.9999470710754395,-11.17611026763916,True
known,1535,4,deer,4,deer,0.9993900060653687,-9.136551856994629,True
known,1536,5,dog,3,cat,0.9878891110420227,-8.570992469787598,True
known,1537,4,deer,4,deer,0.9999215602874756,-11.447565078735352,True
known,1538,3,cat,3,cat,0.5889659523963928,-4.211772441864014,False
known,1539,2,bird,2,bird,0.9964679479598999,-7.958383560180664,True
known,1540,8,ship,8,ship,0.9997050166130066,-9.514973640441895,True
known,1541,4,deer,4,deer,0.9989888072013855,-8.706563949584961,True
known,1542,5,dog,5,dog,0.9996305704116821,-12.403572082519531,True
known,1543,5,dog,5,dog,0.9999839067459106,-12.174637794494629,True
known,1544,4,deer,4,deer,0.9999544620513916,-11.46749210357666,True
known,1545,1,automobile,1,automobile,0.9993423819541931,-8.890334129333496,True
known,1546,4,deer,4,deer,0.9999464750289917,-11.64330768585205,True
known,1547,2,bird,2,bird,0.9846628904342651,-9.484630584716797,True
known,1548,5,dog,5,dog,0.9931146502494812,-7.260460376739502,True
known,1549,1,automobile,1,automobile,0.9944939017295837,-7.924797534942627,True
known,1550,6,frog,6,frog,0.9990772008895874,-8.831286430358887,True
known,1551,4,deer,4,deer,0.997175931930542,-9.213360786437988,True
known,1552,3,cat,3,cat,0.6274400353431702,-5.75994873046875,False
known,1553,4,deer,4,deer,0.9998109936714172,-10.168957710266113,True
known,1554,4,deer,4,deer,0.9995771050453186,-9.409741401672363,True
known,1555,0,airplane,0,airplane,0.9993164539337158,-9.648193359375,True
known,1556,8,ship,8,ship,0.999951958656311,-11.316095352172852,True
known,1557,8,ship,8,ship,0.9999622106552124,-11.256978988647461,True
known,1558,4,deer,4,deer,0.9993646740913391,-9.604114532470703,True
known,1559,5,dog,5,dog,0.9965632557868958,-8.861689567565918,True
known,1560,7,horse,7,horse,0.9981179237365723,-8.184385299682617,True
known,1561,5,dog,5,dog,0.9586576223373413,-6.75153112411499,True
known,1562,6,frog,6,frog,0.9989689588546753,-8.370957374572754,True
known,1563,9,truck,9,truck,0.9989594221115112,-8.241844177246094,True
known,1564,1,automobile,1,automobile,0.9998323917388916,-10.155806541442871,True
known,1565,6,frog,6,frog,0.9988356232643127,-8.156230926513672,True
known,1566,7,horse,7,horse,0.9991196990013123,-9.182258605957031,True
known,1567,2,bird,2,bird,0.9925712943077087,-8.317797660827637,True
known,1568,0,airplane,0,airplane,0.997111439704895,-8.141717910766602,True
known,1569,1,automobile,1,automobile,0.9998965263366699,-10.622509002685547,True
known,1570,4,deer,4,deer,0.9996659755706787,-10.589601516723633,True
known,1571,5,dog,5,dog,0.9997450709342957,-11.66743278503418,True
known,1572,6,frog,6,frog,0.9944098591804504,-8.45490550994873,True
known,1573,0,airplane,0,airplane,0.9964976906776428,-8.653416633605957,True
known,1574,0,airplane,0,airplane,0.9976061582565308,-8.482168197631836,True
known,1575,2,bird,2,bird,0.9999514818191528,-11.053646087646484,True
known,1576,7,horse,7,horse,0.996364176273346,-7.885549068450928,True
known,1577,5,dog,3,cat,0.8734130859375,-5.612898349761963,False
known,1578,6,frog,6,frog,0.9942495822906494,-8.565826416015625,True
known,1579,0,airplane,0,airplane,0.9974330067634583,-9.033215522766113,True
known,1580,6,frog,6,frog,0.9999293088912964,-12.142790794372559,True
known,1581,2,bird,2,bird,0.998829185962677,-9.028398513793945,True
known,1582,9,truck,9,truck,0.9997159838676453,-9.41402530670166,True
known,1583,1,automobile,1,automobile,0.9941521286964417,-9.013154029846191,True
known,1584,7,horse,7,horse,0.9985550045967102,-8.8301362991333,True
known,1585,7,horse,7,horse,0.9999994039535522,-15.220232009887695,True
known,1586,5,dog,5,dog,0.9999755620956421,-11.864361763000488,True
known,1587,2,bird,0,airplane,0.9241694808006287,-7.784030914306641,True
known,1588,5,dog,5,dog,0.9999626874923706,-11.729866027832031,True
known,1589,6,frog,6,frog,0.9992515444755554,-8.817652702331543,True
known,1590,4,deer,4,deer,0.9982854723930359,-8.940717697143555,True
known,1591,1,automobile,1,automobile,0.9997878670692444,-9.765398979187012,True
known,1592,4,deer,4,deer,0.999798595905304,-10.312094688415527,True
known,1593,3,cat,3,cat,0.9998229146003723,-10.828883171081543,True
known,1594,3,cat,3,cat,0.9999380111694336,-12.446345329284668,True
known,1595,3,cat,3,cat,0.7832435965538025,-6.305403232574463,True
known,1596,0,airplane,0,airplane,0.9999184608459473,-10.621940612792969,True
known,1597,3,cat,3,cat,0.9995501637458801,-8.982465744018555,True
known,1598,5,dog,5,dog,0.9991469383239746,-8.857484817504883,True
known,1599,5,dog,5,dog,0.9998856782913208,-10.59172248840332,True
known,1600,8,ship,8,ship,0.9998877048492432,-10.709240913391113,True
known,1601,9,truck,9,truck,0.9980226755142212,-7.985631942749023,True
known,1602,7,horse,7,horse,0.9997813105583191,-9.657913208007812,True
known,1603,3,cat,3,cat,0.9999626874923706,-11.720065116882324,True
known,1604,1,automobile,1,automobile,0.999595582485199,-9.44719409942627,True
known,1605,3,cat,3,cat,0.9061828255653381,-6.259294509887695,True
known,1606,3,cat,3,cat,0.9913529753684998,-8.977821350097656,True
known,1607,3,cat,3,cat,0.9909350275993347,-8.841723442077637,True
known,1608,4,deer,4,deer,0.9839678406715393,-8.044303894042969,True
known,1609,4,deer,4,deer,0.9999033212661743,-11.568596839904785,True
known,1610,2,bird,2,bird,0.9408277273178101,-8.008752822875977,True
known,1611,3,cat,3,cat,0.9995904564857483,-9.116156578063965,True
known,1612,3,cat,3,cat,0.9994215965270996,-9.630739212036133,True
known,1613,8,ship,8,ship,0.9986690282821655,-8.643912315368652,True
known,1614,1,automobile,1,automobile,0.9997678399085999,-9.704672813415527,True
known,1615,7,horse,7,horse,0.999574601650238,-9.564708709716797,True
known,1616,7,horse,7,horse,0.999860405921936,-10.047903060913086,True
known,1617,0,airplane,0,airplane,0.9996708631515503,-9.80367660522461,True
known,1618,7,horse,7,horse,0.8287069797515869,-4.527972221374512,False
known,1619,4,deer,4,deer,0.9995063543319702,-9.307843208312988,True
known,1620,5,dog,5,dog,0.8871972560882568,-5.541496753692627,False
known,1621,1,automobile,1,automobile,0.9991598129272461,-8.794687271118164,True
known,1622,4,deer,4,deer,0.980838418006897,-8.726682662963867,True
known,1623,2,bird,2,bird,0.9926941394805908,-8.016828536987305,True
known,1624,4,deer,4,deer,0.9997645020484924,-10.526726722717285,True
known,1625,3,cat,3,cat,0.9992812275886536,-8.858450889587402,True
known,1626,9,truck,9,truck,0.999809205532074,-9.89854907989502,True
known,1627,9,truck,9,truck,0.9967575669288635,-7.633724212646484,True
known,1628,4,deer,4,deer,0.9991434812545776,-8.64307689666748,True
known,1629,9,truck,9,truck,0.9953574538230896,-7.031513214111328,True
known,1630,9,truck,9,truck,0.9993444085121155,-8.987285614013672,True
known,1631,1,automobile,1,automobile,0.9999375343322754,-10.99621868133545,True
known,1632,8,ship,8,ship,0.9999399185180664,-11.131915092468262,True
known,1633,1,automobile,1,automobile,0.999232292175293,-8.85520076751709,True
known,1634,6,frog,6,frog,0.9978396892547607,-7.894842147827148,True
known,1635,7,horse,7,horse,0.9997078776359558,-9.472793579101562,True
known,1636,5,dog,5,dog,0.9994274377822876,-9.883496284484863,True
known,1637,5,dog,5,dog,0.999769389629364,-9.739666938781738,True
known,1638,4,deer,4,deer,0.9999161958694458,-11.182883262634277,True
known,1639,9,truck,9,truck,0.9975850582122803,-9.338276863098145,True
known,1640,7,horse,7,horse,0.975177526473999,-8.176528930664062,True
known,1641,6,frog,6,frog,0.9997466206550598,-9.694832801818848,True
known,1642,5,dog,5,dog,0.996063768863678,-9.816418647766113,True
known,1643,9,truck,9,truck,0.9981783628463745,-7.920126438140869,True
known,1644,2,bird,2,bird,0.9965558052062988,-9.468310356140137,True
known,1645,4,deer,4,deer,0.9999186992645264,-10.91956615447998,True
known,1646,0,airplane,0,airplane,0.9563900232315063,-6.690616607666016,True
known,1647,7,horse,7,horse,0.9997618794441223,-9.645307540893555,True
known,1648,8,ship,8,ship,0.9995490908622742,-10.210408210754395,True
known,1649,5,dog,5,dog,0.9371726512908936,-8.278848648071289,True
known,1650,5,dog,5,dog,0.9999085664749146,-10.865811347961426,True
known,1651,0,airplane,0,airplane,0.9831401705741882,-9.755867004394531,True
known,1652,0,airplane,0,airplane,0.9999977350234985,-14.830093383789062,True
known,1653,9,truck,9,truck,0.9997485280036926,-9.712629318237305,True
known,1654,9,truck,9,truck,0.9923755526542664,-7.957918167114258,True
known,1655,8,ship,8,ship,0.9999139308929443,-10.863029479980469,True
known,1656,2,bird,2,bird,0.9864237904548645,-8.185546875,True
known,1657,5,dog,5,dog,0.9998043179512024,-10.104157447814941,True
known,1658,4,deer,4,deer,0.9915054440498352,-7.077035903930664,True
known,1659,8,ship,8,ship,0.999982476234436,-12.284833908081055,True
known,1660,3,cat,3,cat,0.998556911945343,-8.040003776550293,True
known,1661,6,frog,6,frog,0.9998539686203003,-11.19982624053955,True
known,1662,3,cat,3,cat,0.9997197985649109,-9.752326965332031,True
known,1663,6,frog,6,frog,0.9997947812080383,-9.95040512084961,True
known,1664,0,airplane,0,airplane,0.9991232752799988,-9.228143692016602,True
known,1665,6,frog,6,frog,0.9951099753379822,-7.085305690765381,True
known,1666,6,frog,6,frog,0.9998056292533875,-10.894662857055664,True
known,1667,6,frog,6,frog,0.9995577931404114,-10.816971778869629,True
known,1668,9,truck,9,truck,0.9956161975860596,-9.012662887573242,True
known,1669,6,frog,6,frog,0.9998024106025696,-10.262107849121094,True
known,1670,6,frog,6,frog,0.6045905947685242,-6.239782333374023,True
known,1671,8,ship,8,ship,0.9997722506523132,-10.836864471435547,True
known,1672,6,frog,6,frog,0.9988344311714172,-8.244330406188965,True
known,1673,2,bird,2,bird,0.998897910118103,-8.777339935302734,True
known,1674,4,deer,4,deer,0.9994755387306213,-9.153420448303223,True
known,1675,5,dog,5,dog,0.9995294809341431,-10.595087051391602,True
known,1676,8,ship,8,ship,0.9998161196708679,-10.367335319519043,True
known,1677,1,automobile,1,automobile,0.9995085000991821,-9.140288352966309,True
known,1678,2,bird,2,bird,0.9999815225601196,-12.137310981750488,True
known,1679,7,horse,7,horse,0.9996649026870728,-9.27653694152832,True
known,1680,6,frog,6,frog,0.9995958209037781,-9.730334281921387,True
known,1681,5,dog,5,dog,0.9987510442733765,-11.604494094848633,True
known,1682,7,horse,7,horse,0.9995724558830261,-10.788843154907227,True
known,1683,8,ship,8,ship,0.999772846698761,-10.553955078125,True
known,1684,1,automobile,8,ship,0.755955696105957,-7.249549865722656,True
known,1685,8,ship,2,bird,0.992305338382721,-7.032013893127441,True
known,1686,0,airplane,0,airplane,0.9908418655395508,-7.775753498077393,True
known,1687,8,ship,8,ship,0.7950511574745178,-5.723559379577637,False
known,1688,6,frog,6,frog,0.9993628859519958,-8.880553245544434,True
known,1689,9,truck,9,truck,0.999862790107727,-10.385793685913086,True
known,1690,2,bird,2,bird,0.9913265109062195,-7.567228317260742,True
known,1691,8,ship,8,ship,0.9998511075973511,-10.252074241638184,True
known,1692,9,truck,9,truck,0.9990578293800354,-8.665112495422363,True
known,1693,4,deer,4,deer,0.9903038144111633,-6.8284912109375,True
known,1694,0,airplane,0,airplane,0.9995978474617004,-9.344339370727539,True
known,1695,9,truck,9,truck,0.9999167919158936,-11.408894538879395,True
known,1696,4,deer,4,deer,0.9967209696769714,-8.736891746520996,True
known,1697,9,truck,9,truck,0.9999219179153442,-10.936921119689941,True
known,1698,5,dog,5,dog,0.991209864616394,-8.56980037689209,True
known,1699,7,horse,7,horse,0.9991637468338013,-8.487841606140137,True
known,1700,5,dog,5,dog,0.9998775720596313,-10.996053695678711,True
known,1701,5,dog,5,dog,0.9995019435882568,-9.055923461914062,True
known,1702,9,truck,9,truck,0.9997153878211975,-9.517815589904785,True
known,1703,5,dog,5,dog,0.9998255372047424,-10.234879493713379,True
known,1704,3,cat,3,cat,0.9984320998191833,-10.89483642578125,True
known,1705,0,airplane,0,airplane,0.9994345307350159,-9.709360122680664,True
known,1706,1,automobile,1,automobile,0.9981964230537415,-7.765707492828369,True
known,1707,9,truck,9,truck,0.9972801208496094,-7.462551116943359,True
known,1708,7,horse,7,horse,0.9981645941734314,-8.89400577545166,True
known,1709,2,bird,2,bird,0.9999346733093262,-11.164389610290527,True
known,1710,4,deer,4,deer,0.9994736313819885,-9.203095436096191,True
known,1711,1,automobile,1,automobile,0.9990490078926086,-8.903523445129395,True
known,1712,0,airplane,0,airplane,0.999850869178772,-10.739551544189453,True
known,1713,8,ship,8,ship,0.8994054198265076,-6.900137424468994,True
known,1714,0,airplane,2,bird,0.6793530583381653,-5.256551742553711,False
known,1715,3,cat,3,cat,0.9871851801872253,-7.17855167388916,True
known,1716,1,automobile,1,automobile,0.9998934268951416,-10.297699928283691,True
known,1717,7,horse,7,horse,0.9999215602874756,-10.647388458251953,True
known,1718,0,airplane,0,airplane,0.9449673891067505,-6.301027774810791,True
known,1719,0,airplane,0,airplane,0.9998980760574341,-10.982752799987793,True
known,1720,4,deer,4,deer,0.9983190894126892,-8.425315856933594,True
known,1721,8,ship,8,ship,0.9493610262870789,-5.379210472106934,False
known,1722,6,frog,6,frog,0.9935588240623474,-6.895127296447754,True
known,1723,2,bird,2,bird,0.9479877352714539,-7.939582824707031,True
known,1724,4,deer,4,deer,0.998555600643158,-8.309077262878418,True
known,1725,0,airplane,0,airplane,0.999925971031189,-10.788917541503906,True
known,1726,0,airplane,0,airplane,0.9998784065246582,-10.367349624633789,True
known,1727,9,truck,9,truck,0.9854283928871155,-7.079066276550293,True
known,1728,0,airplane,0,airplane,0.9996252059936523,-9.93156623840332,True
known,1729,8,ship,8,ship,0.9999897480010986,-12.747947692871094,True
known,1730,4,deer,4,deer,0.9958688020706177,-7.545347690582275,True
known,1731,5,dog,3,cat,0.5917246341705322,-6.61491584777832,True
known,1732,9,truck,1,automobile,0.8596585988998413,-8.429154396057129,True
known,1733,3,cat,3,cat,0.9998584985733032,-10.934481620788574,True
known,1734,9,truck,9,truck,0.9979514479637146,-8.1521577835083,True
known,1735,0,airplane,0,airplane,0.9964765906333923,-9.50132942199707,True
known,1736,5,dog,5,dog,0.9999547004699707,-12.244154930114746,True
known,1737,6,frog,6,frog,0.9985266923904419,-8.288859367370605,True
known,1738,5,dog,5,dog,0.999530553817749,-10.320233345031738,True
known,1739,0,airplane,0,airplane,0.9908398985862732,-6.917776584625244,True
known,1740,1,automobile,1,automobile,0.9997405409812927,-10.20385456085205,True
known,1741,4,deer,4,deer,0.9992758631706238,-10.657610893249512,True
known,1742,8,ship,8,ship,0.9999692440032959,-11.481082916259766,True
known,1743,1,automobile,1,automobile,0.9995777010917664,-9.035521507263184,True
known,1744,0,airplane,0,airplane,0.9999754428863525,-11.716482162475586,True
known,1745,5,dog,5,dog,0.9999830722808838,-12.993632316589355,True
known,1746,2,bird,2,bird,0.8417211174964905,-7.6540327072143555,True
known,1747,1,automobile,1,automobile,0.9997351765632629,-10.289697647094727,True
known,1748,0,airplane,0,airplane,0.9980714917182922,-8.503162384033203,True
known,1749,2,bird,2,bird,0.9979835748672485,-9.272520065307617,True
known,1750,8,ship,8,ship,0.9999477863311768,-11.722043991088867,True
known,1751,1,automobile,1,automobile,0.9999086856842041,-10.797170639038086,True
known,1752,5,dog,5,dog,0.9999423027038574,-11.282902717590332,True
known,1753,6,frog,6,frog,0.9998903274536133,-10.632055282592773,True
known,1754,7,horse,7,horse,0.9997897744178772,-9.816176414489746,True
known,1755,7,horse,7,horse,0.9957073926925659,-8.330977439880371,True
known,1756,2,bird,2,bird,0.9885989427566528,-9.453145980834961,True
known,1757,6,frog,6,frog,0.9917071461677551,-9.242162704467773,True
known,1758,2,bird,2,bird,0.9997758269309998,-9.706058502197266,True
known,1759,5,dog,5,dog,0.997156023979187,-9.510357856750488,True
known,1760,0,airplane,0,airplane,0.9998332262039185,-10.080787658691406,True
known,1761,1,automobile,1,automobile,0.9996060729026794,-9.066688537597656,True
known,1762,4,deer,4,deer,0.9994032382965088,-9.241023063659668,True
known,1763,2,bird,2,bird,0.9997405409812927,-10.743293762207031,True
known,1764,5,dog,5,dog,0.9945175051689148,-7.630951404571533,True
known,1765,4,deer,2,bird,0.9923241138458252,-7.698056221008301,True
known,1766,6,frog,6,frog,0.8873764872550964,-7.235419750213623,True
known,1767,2,bird,2,bird,0.99871826171875,-8.325263023376465,True
known,1768,2,bird,2,bird,0.9994868040084839,-9.69063949584961,True
known,1769,1,automobile,1,automobile,0.9982919096946716,-8.968981742858887,True
known,1770,7,horse,7,horse,0.9993199110031128,-8.826852798461914,True
known,1771,2,bird,2,bird,0.9995647072792053,-9.678277969360352,True
known,1772,8,ship,1,automobile,0.8280341029167175,-4.8187408447265625,False
known,1773,5,dog,5,dog,0.9999626874923706,-13.16391372680664,True
known,1774,5,dog,5,dog,0.9999614953994751,-11.729607582092285,True
known,1775,3,cat,3,cat,0.9997778534889221,-9.766008377075195,True
known,1776,0,airplane,0,airplane,0.8648653030395508,-7.61533784866333,True
known,1777,4,deer,4,deer,0.9993465542793274,-8.798269271850586,True
known,1778,8,ship,8,ship,0.9999853372573853,-12.724674224853516,True
known,1779,3,cat,3,cat,0.523818850517273,-6.796095848083496,True
known,1780,7,horse,7,horse,0.9946154952049255,-8.884309768676758,True
known,1781,6,frog,6,frog,0.9998844861984253,-10.19515609741211,True
known,1782,3,cat,3,cat,0.9970536231994629,-9.305581092834473,True
known,1783,8,ship,8,ship,0.9999732971191406,-12.819957733154297,True
known,1784,1,automobile,1,automobile,0.9992814660072327,-8.557148933410645,True
known,1785,0,airplane,0,airplane,0.9963074922561646,-9.815149307250977,True
known,1786,1,automobile,1,automobile,0.999974250793457,-12.481163024902344,True
known,1787,3,cat,3,cat,0.9996868371963501,-11.16522216796875,True
known,1788,3,cat,3,cat,0.9515004754066467,-5.964943885803223,False
known,1789,0,airplane,0,airplane,0.9998038411140442,-10.152254104614258,True
known,1790,7,horse,7,horse,0.7476956844329834,-5.735342025756836,False
known,1791,4,deer,4,deer,0.44698914885520935,-4.060516357421875,False
known,1792,9,truck,9,truck,0.9992098808288574,-8.543477058410645,True
known,1793,5,dog,5,dog,0.9998824596405029,-11.059772491455078,True
known,1794,3,cat,3,cat,0.9983428716659546,-9.597288131713867,True
known,1795,6,frog,6,frog,0.9998741149902344,-10.419973373413086,True
known,1796,0,airplane,0,airplane,0.578985869884491,-4.356776237487793,False
known,1797,1,automobile,1,automobile,0.9997407793998718,-9.539926528930664,True
known,1798,4,deer,4,deer,0.9999706745147705,-12.057541847229004,True
known,1799,4,deer,4,deer,0.9998992681503296,-10.915684700012207,True
known,1800,4,deer,4,deer,0.9997995495796204,-9.936014175415039,True
known,1801,4,deer,4,deer,0.9998687505722046,-10.190024375915527,True
known,1802,2,bird,2,bird,0.9998538494110107,-10.744019508361816,True
known,1803,2,bird,2,bird,0.9941121935844421,-8.854900360107422,True
known,1804,5,dog,5,dog,0.9905502796173096,-7.465277671813965,True
known,1805,8,ship,8,ship,0.9996769428253174,-10.32801342010498,True
known,1806,1,automobile,1,automobile,0.9994668364524841,-9.126080513000488,True
known,1807,5,dog,5,dog,0.9987454414367676,-8.754215240478516,True
known,1808,9,truck,9,truck,0.9997828602790833,-9.715535163879395,True
known,1809,8,ship,8,ship,0.9999204874038696,-10.751908302307129,True
known,1810,1,automobile,1,automobile,0.9996060729026794,-9.446691513061523,True
known,1811,1,automobile,1,automobile,0.9985376596450806,-8.948575019836426,True
known,1812,5,dog,5,dog,0.6974183917045593,-7.283757209777832,True
known,1813,3,cat,3,cat,0.49818184971809387,-3.022202253341675,False
known,1814,9,truck,9,truck,0.9948804378509521,-8.244818687438965,True
known,1815,9,truck,9,truck,0.9965465664863586,-7.203865051269531,True
known,1816,7,horse,7,horse,0.99985671043396,-11.344603538513184,True
known,1817,6,frog,6,frog,0.9997091889381409,-11.088799476623535,True
known,1818,5,dog,5,dog,0.9995179176330566,-11.530388832092285,True
known,1819,0,airplane,0,airplane,0.999975323677063,-11.940861701965332,True
known,1820,8,ship,8,ship,0.9997695088386536,-10.001456260681152,True
known,1821,4,deer,4,deer,0.9998482465744019,-11.317305564880371,True
known,1822,7,horse,7,horse,0.9788818359375,-7.667113780975342,True
known,1823,0,airplane,0,airplane,0.9882988929748535,-6.831665992736816,True
known,1824,9,truck,9,truck,0.9990604519844055,-8.284808158874512,True
known,1825,2,bird,2,bird,0.9998313188552856,-10.543967247009277,True
known,1826,8,ship,8,ship,0.9999582767486572,-11.720452308654785,True
known,1827,4,deer,4,deer,0.9997989535331726,-10.062602043151855,True
known,1828,7,horse,7,horse,0.9998742341995239,-10.781984329223633,True
known,1829,1,automobile,1,automobile,0.999940037727356,-10.859053611755371,True
known,1830,3,cat,3,cat,0.9895498752593994,-8.132048606872559,True
known,1831,9,truck,9,truck,0.9984322190284729,-8.472034454345703,True
known,1832,6,frog,6,frog,0.9992601275444031,-10.528759956359863,True
known,1833,8,ship,8,ship,0.9999462366104126,-11.04860782623291,True
known,1834,9,truck,9,truck,0.9996592998504639,-9.344505310058594,True
known,1835,0,airplane,0,airplane,0.9064276218414307,-5.461085796356201,False
known,1836,4,deer,4,deer,0.9999493360519409,-11.21579647064209,True
known,1837,9,truck,9,truck,0.9996210336685181,-10.680408477783203,True
known,1838,6,frog,6,frog,0.9989830851554871,-8.769118309020996,True
known,1839,7,horse,7,horse,0.9996058344841003,-9.152359008789062,True
known,1840,8,ship,8,ship,0.9998774528503418,-10.337456703186035,True
known,1841,9,truck,9,truck,0.9946300983428955,-9.723400115966797,True
known,1842,4,deer,4,deer,0.9999760389328003,-11.953267097473145,True
known,1843,8,ship,8,ship,0.9996846914291382,-9.593437194824219,True
known,1844,9,truck,9,truck,0.9996998310089111,-9.693623542785645,True
known,1845,7,horse,7,horse,0.902738094329834,-7.801104545593262,True
known,1846,2,bird,2,bird,0.9984209537506104,-7.923830032348633,True
known,1847,5,dog,5,dog,0.9997724890708923,-10.254956245422363,True
known,1848,3,cat,3,cat,0.9995212554931641,-8.902091026306152,True
known,1849,7,horse,7,horse,0.9991973042488098,-8.662947654724121,True
known,1850,1,automobile,1,automobile,0.9910739064216614,-7.475578308105469,True
known,1851,0,airplane,0,airplane,0.9996826648712158,-10.591558456420898,True
known,1852,2,bird,2,bird,0.9997268319129944,-9.79397201538086,True
known,1853,9,truck,9,truck,0.9998286962509155,-10.223774909973145,True
known,1854,5,dog,5,dog,0.999929666519165,-11.304442405700684,True
known,1855,5,dog,5,dog,0.9997615218162537,-9.869200706481934,True
known,1856,8,ship,8,ship,0.9999914169311523,-13.195334434509277,True
known,1857,5,dog,5,dog,0.9999574422836304,-11.982823371887207,True
known,1858,4,deer,4,deer,0.8806852698326111,-5.603082656860352,False
known,1859,2,bird,2,bird,0.9978417158126831,-9.416135787963867,True
known,1860,8,ship,8,ship,0.9996258020401001,-10.209334373474121,True
known,1861,3,cat,3,cat,0.998200535774231,-7.85377311706543,True
known,1862,5,dog,4,deer,0.4082338213920593,-5.184085845947266,False
known,1863,5,dog,5,dog,0.9967349171638489,-8.449769020080566,True
known,1864,7,horse,7,horse,0.9993002414703369,-8.688253402709961,True
known,1865,7,horse,7,horse,0.9995567202568054,-9.037092208862305,True
known,1866,8,ship,8,ship,0.9999288320541382,-10.815289497375488,True
known,1867,6,frog,6,frog,0.9992608428001404,-10.122032165527344,True
known,1868,2,bird,2,bird,0.9995766282081604,-10.348888397216797,True
known,1869,8,ship,8,ship,0.9997345805168152,-10.029801368713379,True
known,1870,2,bird,2,bird,0.9998579025268555,-10.37319278717041,True
known,1871,3,cat,3,cat,0.9880613088607788,-8.179712295532227,True
known,1872,5,dog,5,dog,0.9999853372573853,-12.237894058227539,True
known,1873,6,frog,6,frog,0.9999172687530518,-10.75363826751709,True
known,1874,8,ship,8,ship,0.9998140931129456,-10.291994094848633,True
known,1875,0,airplane,0,airplane,0.9998468160629272,-10.846519470214844,True
known,1876,2,bird,2,bird,0.9999110698699951,-11.581570625305176,True
known,1877,3,cat,3,cat,0.999886155128479,-10.460770606994629,True
known,1878,7,horse,7,horse,0.9998816251754761,-10.744363784790039,True
known,1879,0,airplane,0,airplane,0.9998642206192017,-10.904237747192383,True
known,1880,1,automobile,1,automobile,0.9983850717544556,-8.009591102600098,True
known,1881,9,truck,9,truck,0.9999680519104004,-11.603604316711426,True
known,1882,1,automobile,1,automobile,0.9975144863128662,-7.501277923583984,True
known,1883,3,cat,3,cat,0.983150064945221,-8.930298805236816,True
known,1884,7,horse,5,dog,0.9679936766624451,-6.5231547355651855,True
known,1885,5,dog,5,dog,0.9279664754867554,-7.883740425109863,True
known,1886,8,ship,8,ship,0.9935710430145264,-8.18387508392334,True
known,1887,3,cat,3,cat,0.9831990599632263,-7.5521063804626465,True
known,1888,2,bird,2,bird,0.9998822212219238,-10.920740127563477,True
known,1889,9,truck,9,truck,0.9948030114173889,-8.99477481842041,True
known,1890,6,frog,6,frog,0.999599277973175,-9.588167190551758,True
known,1891,8,ship,8,ship,0.9997625946998596,-9.589734077453613,True
known,1892,6,frog,6,frog,0.9996633529663086,-9.786730766296387,True
known,1893,9,truck,9,truck,0.99977046251297,-9.981491088867188,True
known,1894,3,cat,3,cat,0.9996154308319092,-9.191614151000977,True
known,1895,8,ship,0,airplane,0.6407435536384583,-5.495638370513916,False
known,1896,9,truck,9,truck,0.9980061650276184,-8.13298511505127,True
known,1897,8,ship,8,ship,0.9753164649009705,-8.33572006225586,True
known,1898,0,airplane,5,dog,0.4784204065799713,-3.7884116172790527,False
known,1899,7,horse,7,horse,0.9996459484100342,-9.275498390197754,True
known,1900,8,ship,8,ship,0.9998824596405029,-10.280128479003906,True
known,1901,5,dog,5,dog,0.9998515844345093,-10.406817436218262,True
known,1902,0,airplane,0,airplane,0.9997310042381287,-10.845051765441895,True
known,1903,0,airplane,0,airplane,0.9997170567512512,-9.667398452758789,True
known,1904,1,automobile,1,automobile,0.9995575547218323,-9.010981559753418,True
known,1905,3,cat,3,cat,0.9992738366127014,-9.397602081298828,True
known,1906,9,truck,9,truck,0.999464213848114,-9.207091331481934,True
known,1907,1,automobile,1,automobile,0.9998689889907837,-10.229174613952637,True
known,1908,5,dog,5,dog,0.9999457597732544,-11.578230857849121,True
known,1909,3,cat,3,cat,0.9641568660736084,-7.044021129608154,True
known,1910,4,deer,4,deer,0.9874477982521057,-7.23923397064209,True
known,1911,4,deer,4,deer,0.9998112320899963,-10.670088768005371,True
known,1912,0,airplane,0,airplane,0.9979616403579712,-8.390823364257812,True
known,1913,9,truck,9,truck,0.9999911785125732,-13.235339164733887,True
known,1914,9,truck,9,truck,0.9998605251312256,-10.463482856750488,True
known,1915,9,truck,9,truck,0.9990817308425903,-8.634852409362793,True
known,1916,9,truck,9,truck,0.9998214840888977,-10.272221565246582,True
known,1917,8,ship,8,ship,0.9994439482688904,-9.026224136352539,True
known,1918,2,bird,2,bird,0.9999697208404541,-12.002763748168945,True
known,1919,4,deer,4,deer,0.9997856020927429,-10.258881568908691,True
known,1920,2,bird,2,bird,0.9999885559082031,-12.911994934082031,True
known,1921,2,bird,2,bird,0.9945394396781921,-7.56165075302124,True
known,1922,5,dog,5,dog,0.9987955093383789,-8.646332740783691,True
known,1923,1,automobile,1,automobile,0.999723494052887,-9.95078182220459,True
known,1924,9,truck,3,cat,0.7538665533065796,-5.117717742919922,False
known,1925,1,automobile,1,automobile,0.9986590147018433,-8.057086944580078,True
known,1926,0,airplane,0,airplane,0.9997004270553589,-12.089509963989258,True
known,1927,9,truck,9,truck,0.9988607168197632,-8.309897422790527,True
known,1928,4,deer,4,deer,0.9998753070831299,-10.749734878540039,True
known,1929,2,bird,2,bird,0.9975566864013672,-9.138201713562012,True
known,1930,1,automobile,1,automobile,0.9984598159790039,-8.073526382446289,True
known,1931,6,frog,6,frog,0.9998014569282532,-10.271605491638184,True
known,1932,0,airplane,0,airplane,0.9195348024368286,-5.629760265350342,False
known,1933,3,cat,3,cat,0.998245120048523,-9.71558952331543,True
known,1934,7,horse,0,airplane,0.5616790652275085,-4.7910685539245605,False
known,1935,6,frog,2,bird,0.7461739778518677,-4.860052108764648,False
known,1936,3,cat,3,cat,0.99993896484375,-12.52250862121582,True
known,1937,1,automobile,1,automobile,0.9963666200637817,-8.167533874511719,True
known,1938,8,ship,0,airplane,0.9808079600334167,-8.421655654907227,True
known,1939,6,frog,6,frog,0.7346742749214172,-5.093631744384766,False
known,1940,5,dog,5,dog,0.9999138116836548,-11.421879768371582,True
known,1941,7,horse,7,horse,0.9999812841415405,-13.372355461120605,True
known,1942,2,bird,2,bird,0.9987632036209106,-8.846844673156738,True
known,1943,8,ship,8,ship,0.9999395608901978,-10.967795372009277,True
known,1944,4,deer,4,deer,0.9808363914489746,-8.006843566894531,True
known,1945,4,deer,4,deer,0.9977332353591919,-10.53646183013916,True
known,1946,8,ship,8,ship,0.9997381567955017,-9.432626724243164,True
known,1947,3,cat,3,cat,0.8402872085571289,-7.464184284210205,True
known,1948,5,dog,5,dog,0.9995720982551575,-9.220803260803223,True
known,1949,0,airplane,0,airplane,0.9999721050262451,-11.674205780029297,True
known,1950,5,dog,5,dog,0.7840632200241089,-5.504974842071533,False
known,1951,7,horse,7,horse,0.999276340007782,-9.192423820495605,True
known,1952,4,deer,4,deer,0.999543309211731,-9.762868881225586,True
known,1953,4,deer,4,deer,0.999299168586731,-8.770050048828125,True
known,1954,2,bird,2,bird,0.9999949932098389,-13.806326866149902,True
known,1955,2,bird,2,bird,0.9999920129776001,-13.121220588684082,True
known,1956,7,horse,7,horse,0.9989219903945923,-8.64997673034668,True
known,1957,3,cat,3,cat,0.9673705697059631,-5.852675914764404,False
known,1958,6,frog,6,frog,0.9994314312934875,-9.597787857055664,True
known,1959,0,airplane,0,airplane,0.9976128339767456,-9.627368927001953,True
known,1960,2,bird,2,bird,0.9998965263366699,-10.59985637664795,True
known,1961,7,horse,7,horse,0.999269425868988,-9.350081443786621,True
known,1962,6,frog,6,frog,0.999950647354126,-11.151013374328613,True
known,1963,2,bird,2,bird,0.9999876022338867,-12.306879043579102,True
known,1964,3,cat,3,cat,0.9992902278900146,-9.359230995178223,True
known,1965,0,airplane,0,airplane,0.9988781809806824,-9.00499153137207,True
known,1966,7,horse,7,horse,0.9999567270278931,-11.441790580749512,True
known,1967,7,horse,7,horse,0.9994719624519348,-9.049335479736328,True
known,1968,8,ship,8,ship,0.9997465014457703,-10.029192924499512,True
known,1969,1,automobile,9,truck,0.9999629259109497,-12.127823829650879,True
known,1970,1,automobile,1,automobile,0.9994741082191467,-10.02881145477295,True
known,1971,4,deer,4,deer,0.9967104196548462,-9.765836715698242,True
known,1972,6,frog,6,frog,0.9980249404907227,-8.912851333618164,True
known,1973,0,airplane,0,airplane,0.9999061822891235,-11.048879623413086,True
known,1974,6,frog,6,frog,0.9986644983291626,-8.101058006286621,True
known,1975,6,frog,6,frog,0.9981403350830078,-7.750087738037109,True
known,1976,5,dog,5,dog,0.9998838901519775,-11.02422046661377,True
known,1977,5,dog,5,dog,0.9999221563339233,-10.731512069702148,True
known,1978,6,frog,6,frog,0.9996700286865234,-9.360020637512207,True
known,1979,3,cat,3,cat,0.9996441602706909,-10.509872436523438,True
known,1980,9,truck,9,truck,0.9997206330299377,-9.544550895690918,True
known,1981,3,cat,3,cat,0.9998258948326111,-10.324026107788086,True
known,1982,6,frog,6,frog,0.9998351335525513,-10.149750709533691,True
known,1983,8,ship,8,ship,0.6949864029884338,-5.74514102935791,False
known,1984,7,horse,7,horse,0.9992038607597351,-10.635965347290039,True
known,1985,6,frog,6,frog,0.9996985197067261,-11.678390502929688,True
known,1986,4,deer,4,deer,0.9985729455947876,-9.785933494567871,True
known,1987,9,truck,9,truck,0.9989427924156189,-8.270674705505371,True
known,1988,5,dog,5,dog,0.9999152421951294,-10.524704933166504,True
known,1989,6,frog,6,frog,0.9993376135826111,-9.195128440856934,True
known,1990,4,deer,4,deer,0.9999854564666748,-13.179099082946777,True
known,1991,1,automobile,1,automobile,0.9990788698196411,-8.497947692871094,True
known,1992,6,frog,6,frog,0.9996616840362549,-9.290587425231934,True
known,1993,3,cat,3,cat,0.9970445036888123,-9.430107116699219,True
known,1994,8,ship,8,ship,0.9991700649261475,-8.942450523376465,True
known,1995,2,bird,2,bird,0.9998213648796082,-10.274209022521973,True
known,1996,3,cat,3,cat,0.9991679191589355,-10.131653785705566,True
known,1997,9,truck,9,truck,0.9993841648101807,-9.526741981506348,True
known,1998,8,ship,8,ship,0.9577016234397888,-6.132877349853516,False
known,1999,5,dog,5,dog,0.9990888833999634,-8.611899375915527,True
known,2000,1,automobile,1,automobile,0.9995937943458557,-9.24777889251709,True
known,2001,5,dog,3,cat,0.9602480530738831,-7.456843376159668,True
known,2002,4,deer,4,deer,0.9978113770484924,-7.981853485107422,True
known,2003,5,dog,5,dog,0.9999979734420776,-15.449581146240234,True
known,2004,7,horse,7,horse,0.9996911287307739,-9.479060173034668,True
known,2005,5,dog,5,dog,0.8721213340759277,-6.133024215698242,False
known,2006,7,horse,7,horse,0.9995067119598389,-10.45549201965332,True
known,2007,8,ship,8,ship,0.9997811913490295,-10.773884773254395,True
known,2008,9,truck,9,truck,0.9998505115509033,-10.394404411315918,True
known,2009,1,automobile,1,automobile,0.9996757507324219,-9.558049201965332,True
known,2010,7,horse,7,horse,0.63945072889328,-5.485659599304199,False
known,2011,2,bird,2,bird,0.9984697699546814,-10.171579360961914,True
known,2012,5,dog,5,dog,0.9998724460601807,-10.984562873840332,True
known,2013,6,frog,6,frog,0.9994650483131409,-9.494097709655762,True
known,2014,8,ship,8,ship,0.9999513626098633,-11.52929401397705,True
known,2015,4,deer,4,deer,0.9914640784263611,-7.255025386810303,True
known,2016,6,frog,6,frog,0.999373733997345,-9.787381172180176,True
known,2017,5,dog,5,dog,0.9999319314956665,-11.530667304992676,True
known,2018,3,cat,3,cat,0.9211069941520691,-6.303336143493652,True
known,2019,9,truck,9,truck,0.9997034668922424,-9.951959609985352,True
known,2020,9,truck,9,truck,0.9995408058166504,-9.255784034729004,True
known,2021,8,ship,8,ship,0.9969035983085632,-9.231590270996094,True
known,2022,5,dog,5,dog,0.9985494017601013,-9.51229190826416,True
known,2023,5,dog,5,dog,0.9898799657821655,-11.53823471069336,True
known,2024,6,frog,6,frog,0.9985867738723755,-11.210043907165527,True
known,2025,4,deer,4,deer,0.9999239444732666,-10.667929649353027,True
known,2026,5,dog,5,dog,0.9999426603317261,-12.322307586669922,True
known,2027,9,truck,9,truck,0.999816358089447,-10.392338752746582,True
known,2028,7,horse,7,horse,0.9998495578765869,-10.403884887695312,True
known,2029,3,cat,3,cat,0.9862502813339233,-10.498261451721191,True
known,2030,4,deer,4,deer,0.9995836615562439,-9.405108451843262,True
known,2031,1,automobile,1,automobile,0.9999585151672363,-11.351344108581543,True
known,2032,4,deer,5,dog,0.6005570292472839,-4.114642143249512,False
known,2033,2,bird,3,cat,0.7477888464927673,-7.216572284698486,True
known,2034,3,cat,3,cat,0.5100800395011902,-6.0287909507751465,False
known,2035,6,frog,6,frog,0.9964523315429688,-8.8439359664917,True
known,2036,5,dog,3,cat,0.6506866216659546,-7.748620510101318,True
known,2037,5,dog,5,dog,0.9988975524902344,-8.607112884521484,True
known,2038,2,bird,2,bird,0.9999624490737915,-12.086031913757324,True
known,2039,8,ship,8,ship,0.9999829530715942,-12.404402732849121,True
known,2040,0,airplane,0,airplane,0.9997196793556213,-9.728450775146484,True
known,2041,0,airplane,0,airplane,0.9971981048583984,-8.866386413574219,True
known,2042,1,automobile,1,automobile,0.9995707869529724,-9.060229301452637,True
known,2043,8,ship,8,ship,0.9997705817222595,-9.784356117248535,True
known,2044,3,cat,3,cat,0.999548614025116,-11.730615615844727,True
known,2045,1,automobile,1,automobile,0.9999240636825562,-10.727720260620117,True
known,2046,3,cat,5,dog,0.6202464699745178,-6.7059407234191895,True
known,2047,5,dog,5,dog,0.9993163347244263,-10.775766372680664,True
known,2048,8,ship,8,ship,0.9999552965164185,-11.124930381774902,True
known,2049,3,cat,3,cat,0.9993776679039001,-9.124444961547852,True
known,2050,8,ship,8,ship,0.9997546076774597,-9.928915977478027,True
known,2051,5,dog,5,dog,0.9996834993362427,-9.954118728637695,True
known,2052,8,ship,8,ship,0.9999791383743286,-11.933014869689941,True
known,2053,6,frog,6,frog,0.9998774528503418,-10.794169425964355,True
known,2054,3,cat,3,cat,0.9977954626083374,-7.868383884429932,True
known,2055,5,dog,5,dog,0.9995222091674805,-9.264168739318848,True
known,2056,5,dog,5,dog,0.9999158382415771,-11.686149597167969,True
known,2057,5,dog,5,dog,0.9999632835388184,-11.700989723205566,True
known,2058,0,airplane,0,airplane,0.9507865309715271,-7.644320964813232,True
known,2059,9,truck,9,truck,0.5864916443824768,-4.933558464050293,False
known,2060,5,dog,5,dog,0.9899525046348572,-8.488531112670898,True
known,2061,5,dog,3,cat,0.46746954321861267,-5.3804802894592285,False
known,2062,7,horse,7,horse,0.9994006156921387,-9.207923889160156,True
known,2063,1,automobile,1,automobile,0.9994686245918274,-8.93267822265625,True
known,2064,8,ship,8,ship,0.9998058676719666,-9.742541313171387,True
known,2065,2,bird,2,bird,0.8262382745742798,-7.281373023986816,True
known,2066,2,bird,2,bird,0.9948447942733765,-9.76206111907959,True
known,2067,7,horse,7,horse,0.9997684359550476,-10.608230590820312,True
known,2068,3,cat,3,cat,0.999434769153595,-8.876766204833984,True
known,2069,4,deer,4,deer,0.9999078512191772,-10.879570007324219,True
known,2070,2,bird,2,bird,0.9998206496238708,-10.262419700622559,True
known,2071,9,truck,9,truck,0.9994407296180725,-9.159202575683594,True
known,2072,6,frog,6,frog,0.9979000091552734,-7.665482997894287,True
known,2073,2,bird,2,bird,0.9997052550315857,-9.76927375793457,True
known,2074,2,bird,2,bird,0.9996930360794067,-9.89708137512207,True
known,2075,4,deer,4,deer,0.9981130361557007,-9.655217170715332,True
known,2076,3,cat,3,cat,0.9994693398475647,-10.239115715026855,True
known,2077,0,airplane,0,airplane,0.9999710321426392,-11.769240379333496,True
known,2078,2,bird,2,bird,0.5495897531509399,-5.382466793060303,False
known,2079,0,airplane,0,airplane,0.9999951124191284,-14.510446548461914,True
known,2080,1,automobile,1,automobile,0.999869704246521,-10.536720275878906,True
known,2081,3,cat,3,cat,0.9996681213378906,-10.404126167297363,True
known,2082,2,bird,2,bird,0.999567449092865,-9.550697326660156,True
known,2083,2,bird,2,bird,0.9990966320037842,-9.163898468017578,True
known,2084,7,horse,7,horse,0.9996676445007324,-9.2506103515625,True
known,2085,0,airplane,0,airplane,0.5639607906341553,-6.0696821212768555,False
known,2086,1,automobile,1,automobile,0.9993771910667419,-8.93293285369873,True
known,2087,0,airplane,0,airplane,0.9996339082717896,-10.088040351867676,True
known,2088,7,horse,7,horse,0.9998160004615784,-11.14044189453125,True
known,2089,7,horse,7,horse,0.9995723366737366,-9.021984100341797,True
known,2090,2,bird,2,bird,0.9573337435722351,-7.307553291320801,True
known,2091,0,airplane,2,bird,0.6116275191307068,-4.830603122711182,False
known,2092,1,automobile,1,automobile,0.999816358089447,-9.837923049926758,True
known,2093,6,frog,6,frog,0.9999364614486694,-11.054534912109375,True
known,2094,5,dog,5,dog,0.9997578263282776,-10.10656452178955,True
known,2095,0,airplane,0,airplane,0.9993041753768921,-10.808248519897461,True
known,2096,2,bird,2,bird,0.9989930987358093,-8.99278450012207,True
known,2097,2,bird,2,bird,0.9997406601905823,-9.676445007324219,True
known,2098,0,airplane,0,airplane,0.9951617121696472,-7.36112117767334,True
known,2099,1,automobile,1,automobile,0.9991670846939087,-8.771703720092773,True
known,2100,2,bird,2,bird,0.9998772144317627,-10.375985145568848,True
known,2101,6,frog,6,frog,0.9939491748809814,-8.508466720581055,True
known,2102,0,airplane,0,airplane,0.9998292922973633,-9.862615585327148,True
known,2103,1,automobile,1,automobile,0.9988619089126587,-9.034972190856934,True
known,2104,6,frog,6,frog,0.999591052532196,-9.182764053344727,True
known,2105,6,frog,6,frog,0.9998739957809448,-10.424856185913086,True
known,2106,5,dog,5,dog,0.9999269247055054,-11.605853080749512,True
known,2107,3,cat,3,cat,0.9997979998588562,-9.738500595092773,True
known,2108,4,deer,4,deer,0.9231695532798767,-7.2102484703063965,True
known,2109,0,airplane,0,airplane,0.9998082518577576,-9.83083724975586,True
known,2110,0,airplane,0,airplane,0.999985933303833,-12.15533447265625,True
known,2111,9,truck,9,truck,0.9975314140319824,-10.252350807189941,True
known,2112,1,automobile,1,automobile,0.9993822574615479,-10.175010681152344,True
known,2113,0,airplane,0,airplane,0.9996850490570068,-9.341473579406738,True
known,2114,2,bird,2,bird,0.9984729886054993,-9.499992370605469,True
known,2115,5,dog,5,dog,0.9999955892562866,-13.41440486907959,True
known,2116,9,truck,9,truck,0.9989608526229858,-8.850468635559082,True
known,2117,7,horse,7,horse,0.9999603033065796,-11.384926795959473,True
known,2118,8,ship,8,ship,0.9988325238227844,-8.492579460144043,True
known,2119,6,frog,6,frog,0.9998831748962402,-10.340712547302246,True
known,2120,4,deer,4,deer,0.9995030164718628,-9.7276029586792,True
known,2121,6,frog,6,frog,0.998150646686554,-8.200936317443848,True
known,2122,0,airplane,0,airplane,0.9995966553688049,-10.153543472290039,True
known,2123,2,bird,2,bird,0.9989277720451355,-8.249442100524902,True
known,2124,0,airplane,0,airplane,0.9998624324798584,-10.601556777954102,True
known,2125,1,automobile,1,automobile,0.9898720383644104,-6.916076183319092,True
known,2126,9,truck,9,truck,0.9992097616195679,-8.629164695739746,True
known,2127,2,bird,2,bird,0.9992126226425171,-10.024206161499023,True
known,2128,4,deer,4,deer,0.4620426595211029,-4.252866744995117,False
known,2129,9,truck,9,truck,0.9975354671478271,-7.953644752502441,True
known,2130,0,airplane,0,airplane,0.997149646282196,-9.547579765319824,True
known,2131,7,horse,7,horse,0.999569833278656,-9.522340774536133,True
known,2132,2,bird,2,bird,0.9991439580917358,-8.965773582458496,True
known,2133,3,cat,3,cat,0.999752938747406,-9.685585975646973,True
known,2134,4,deer,4,deer,0.9990897178649902,-9.926114082336426,True
known,2135,8,ship,8,ship,0.9999650716781616,-11.347624778747559,True
known,2136,0,airplane,0,airplane,0.9987529516220093,-8.698616027832031,True
known,2137,2,bird,2,bird,0.9994717240333557,-9.06061840057373,True
known,2138,6,frog,6,frog,0.9995231628417969,-9.274003028869629,True
known,2139,8,ship,8,ship,0.9999531507492065,-11.374768257141113,True
known,2140,9,truck,9,truck,0.9996351003646851,-9.238293647766113,True
known,2141,7,horse,7,horse,0.9998263716697693,-11.808350563049316,True
known,2142,1,automobile,1,automobile,0.9989175796508789,-8.985750198364258,True
known,2143,9,truck,9,truck,0.9985878467559814,-7.970635414123535,True
known,2144,3,cat,3,cat,0.9998952150344849,-10.656065940856934,True
known,2145,7,horse,7,horse,0.9937777519226074,-8.75224781036377,True
known,2146,2,bird,2,bird,0.9996774196624756,-9.359375,True
known,2147,7,horse,7,horse,0.9999610185623169,-11.911229133605957,True
known,2148,9,truck,9,truck,0.997072696685791,-9.255746841430664,True
known,2149,6,frog,6,frog,0.9996436834335327,-9.588658332824707,True
known,2150,9,truck,9,truck,0.9995824694633484,-9.435114860534668,True
known,2151,5,dog,5,dog,0.9430338740348816,-6.948420524597168,True
known,2152,7,horse,7,horse,0.9998286962509155,-10.208730697631836,True
known,2153,8,ship,8,ship,0.9999196529388428,-10.639876365661621,True
known,2154,5,dog,5,dog,0.9994300007820129,-8.95228099822998,True
known,2155,9,truck,9,truck,0.9962449669837952,-8.882916450500488,True
known,2156,8,ship,8,ship,0.9999740123748779,-11.693970680236816,True
known,2157,3,cat,3,cat,0.8200550675392151,-7.321864604949951,True
known,2158,9,truck,9,truck,0.9997534155845642,-9.938735961914062,True
known,2159,8,ship,8,ship,0.9741362929344177,-6.561698913574219,True
known,2160,0,airplane,0,airplane,0.9998655319213867,-10.355228424072266,True
known,2161,5,dog,5,dog,0.9553973078727722,-7.814986228942871,True
known,2162,5,dog,5,dog,0.99953293800354,-9.179923057556152,True
known,2163,7,horse,7,horse,0.999835729598999,-10.514471054077148,True
known,2164,1,automobile,1,automobile,0.9994571805000305,-9.12534236907959,True
known,2165,2,bird,0,airplane,0.5214514136314392,-3.0550050735473633,False
known,2166,0,airplane,0,airplane,0.7536212801933289,-5.924440860748291,False
known,2167,7,horse,7,horse,0.9678753018379211,-7.56344747543335,True
known,2168,5,dog,5,dog,0.9992367029190063,-9.05439281463623,True
known,2169,8,ship,8,ship,0.9999319314956665,-11.12331485748291,True
known,2170,2,bird,2,bird,0.9999622106552124,-11.302640914916992,True
known,2171,2,bird,2,bird,0.9999738931655884,-12.11513900756836,True
known,2172,5,dog,5,dog,0.9997909665107727,-10.511857032775879,True
known,2173,3,cat,3,cat,0.9999687671661377,-12.112266540527344,True
known,2174,9,truck,9,truck,0.9686703681945801,-7.420070648193359,True
known,2175,3,cat,3,cat,0.8181740045547485,-6.828612804412842,True
known,2176,1,automobile,1,automobile,0.9937605261802673,-8.973346710205078,True
known,2177,9,truck,9,truck,0.9958385229110718,-7.144529342651367,True
known,2178,3,cat,3,cat,0.9999058246612549,-11.772049903869629,True
known,2179,1,automobile,1,automobile,0.9976134300231934,-7.776529312133789,True
known,2180,4,deer,4,deer,0.9970890879631042,-8.709834098815918,True
known,2181,3,cat,3,cat,0.99408358335495,-7.425628185272217,True
known,2182,4,deer,4,deer,0.9999574422836304,-11.57971477508545,True
known,2183,4,deer,4,deer,0.9998233914375305,-10.45183277130127,True
known,2184,9,truck,9,truck,0.9991074204444885,-8.606196403503418,True
known,2185,0,airplane,0,airplane,0.9998233914375305,-10.248007774353027,True
known,2186,9,truck,9,truck,0.777843177318573,-6.297176361083984,True
known,2187,5,dog,3,cat,0.9988318085670471,-9.756860733032227,True
known,2188,9,truck,9,truck,0.999879002571106,-10.38382625579834,True
known,2189,2,bird,2,bird,0.9995561242103577,-9.613120079040527,True
known,2190,9,truck,9,truck,0.9998165965080261,-11.247601509094238,True
known,2191,4,deer,4,deer,0.9996309280395508,-9.597701072692871,True
known,2192,0,airplane,0,airplane,0.9992121458053589,-9.429133415222168,True
known,2193,2,bird,2,bird,0.9994377493858337,-8.945439338684082,True
known,2194,8,ship,8,ship,0.9998682737350464,-10.091763496398926,True
known,2195,4,deer,4,deer,0.9999949932098389,-13.54882526397705,True
known,2196,8,ship,8,ship,0.9997938275337219,-9.847578048706055,True
known,2197,6,frog,6,frog,0.9999802112579346,-12.340855598449707,True
known,2198,8,ship,8,ship,0.9990229606628418,-9.480474472045898,True
known,2199,2,bird,2,bird,0.9704772233963013,-7.536630153656006,True
known,2200,0,airplane,0,airplane,0.8810368180274963,-7.942063808441162,True
known,2201,5,dog,5,dog,0.9999797344207764,-11.829273223876953,True
known,2202,9,truck,9,truck,0.9992259740829468,-8.543488502502441,True
known,2203,6,frog,6,frog,0.9962975382804871,-7.4531402587890625,True
known,2204,9,truck,9,truck,0.999330997467041,-8.618928909301758,True
known,2205,5,dog,5,dog,0.9583484530448914,-7.882704257965088,True
known,2206,1,automobile,1,automobile,0.9998581409454346,-10.323043823242188,True
known,2207,3,cat,3,cat,0.9677886366844177,-9.433423042297363,True
known,2208,4,deer,4,deer,0.9998421669006348,-10.0167818069458,True
known,2209,4,deer,4,deer,0.9996435642242432,-9.474318504333496,True
known,2210,2,bird,2,bird,0.9999103546142578,-11.546274185180664,True
known,2211,7,horse,7,horse,0.9994850158691406,-10.751874923706055,True
known,2212,2,bird,2,bird,0.9995144605636597,-10.588354110717773,True
known,2213,4,deer,4,deer,0.9993880987167358,-10.552787780761719,True
known,2214,4,deer,4,deer,0.9991680383682251,-9.789551734924316,True
known,2215,0,airplane,0,airplane,0.9999502897262573,-11.084375381469727,True
known,2216,2,bird,2,bird,0.9187476634979248,-6.01259708404541,False
known,2217,8,ship,8,ship,0.9998602867126465,-10.292107582092285,True
known,2218,4,deer,4,deer,0.9999492168426514,-11.149922370910645,True
known,2219,5,dog,5,dog,0.9987937211990356,-9.36976432800293,True
known,2220,1,automobile,1,automobile,0.999517560005188,-8.981661796569824,True
known,2221,2,bird,2,bird,0.9989227652549744,-8.293923377990723,True
known,2222,6,frog,6,frog,0.9998624324798584,-10.602442741394043,True
known,2223,8,ship,8,ship,0.9997565150260925,-9.897500038146973,True
known,2224,1,automobile,1,automobile,0.9997958540916443,-9.86649227142334,True
known,2225,7,horse,7,horse,0.9998668432235718,-10.392448425292969,True
known,2226,2,bird,6,frog,0.737240195274353,-7.84848165512085,True
known,2227,8,ship,8,ship,0.9997921586036682,-9.96166706085205,True
known,2228,7,horse,7,horse,0.9999788999557495,-11.956270217895508,True
known,2229,4,deer,4,deer,0.9958403706550598,-8.241670608520508,True
known,2230,3,cat,3,cat,0.9996699094772339,-9.623766899108887,True
known,2231,3,cat,3,cat,0.7500248551368713,-7.04896879196167,True
known,2232,0,airplane,3,cat,0.9724717140197754,-6.9819769859313965,True
known,2233,3,cat,5,dog,0.6112256050109863,-6.220245361328125,True
known,2234,7,horse,7,horse,0.9995037317276001,-8.982343673706055,True
known,2235,2,bird,2,bird,0.9998670816421509,-10.342140197753906,True
known,2236,5,dog,5,dog,0.9997965693473816,-10.418172836303711,True
known,2237,6,frog,6,frog,0.9760925769805908,-8.322537422180176,True
known,2238,1,automobile,1,automobile,0.9997445940971375,-9.611018180847168,True
known,2239,7,horse,7,horse,0.9996974468231201,-9.626691818237305,True
known,2240,9,truck,9,truck,0.9785248637199402,-8.118075370788574,True
known,2241,0,airplane,0,airplane,0.9893144369125366,-8.424609184265137,True
known,2242,2,bird,4,deer,0.8347269892692566,-5.975872993469238,False
known,2243,3,cat,3,cat,0.9999518394470215,-11.991947174072266,True
known,2244,9,truck,9,truck,0.9995197057723999,-9.316832542419434,True
known,2245,8,ship,8,ship,0.9997612833976746,-9.75194263458252,True
known,2246,9,truck,9,truck,0.9995805621147156,-11.460488319396973,True
known,2247,5,dog,5,dog,0.9998382329940796,-9.977509498596191,True
known,2248,0,airplane,8,ship,0.9975916147232056,-9.34827709197998,True
known,2249,0,airplane,0,airplane,0.9999667406082153,-11.42336368560791,True
known,2250,7,horse,7,horse,0.9997097849845886,-9.884227752685547,True
known,2251,6,frog,6,frog,0.9954522252082825,-8.447843551635742,True
known,2252,3,cat,3,cat,0.999369204044342,-8.921664237976074,True
known,2253,3,cat,5,dog,0.6573919653892517,-6.593058109283447,True
known,2254,8,ship,8,ship,0.9998570680618286,-10.268774032592773,True
known,2255,1,automobile,1,automobile,0.9990039467811584,-9.229281425476074,True
known,2256,4,deer,4,deer,0.9999289512634277,-11.585700035095215,True
known,2257,0,airplane,0,airplane,0.9998681545257568,-10.252119064331055,True
known,2258,1,automobile,1,automobile,0.999930739402771,-10.881409645080566,True
known,2259,5,dog,5,dog,0.9999867677688599,-12.664581298828125,True
known,2260,4,deer,4,deer,0.9999523162841797,-11.394317626953125,True
known,2261,3,cat,3,cat,0.9994982481002808,-8.900861740112305,True
known,2262,2,bird,4,deer,0.9148390293121338,-5.599539756774902,False
known,2263,6,frog,6,frog,0.99808669090271,-7.944991588592529,True
known,2264,0,airplane,0,airplane,0.9964694976806641,-8.003410339355469,True
known,2265,8,ship,8,ship,0.9998233914375305,-10.046955108642578,True
known,2266,8,ship,8,ship,0.999481737613678,-8.954414367675781,True
known,2267,6,frog,6,frog,0.9990397095680237,-10.713479042053223,True
known,2268,3,cat,3,cat,0.9993970394134521,-8.677947998046875,True
known,2269,3,cat,3,cat,0.9985491633415222,-8.001255989074707,True
known,2270,2,bird,4,deer,0.8729612231254578,-6.188532829284668,False
known,2271,9,truck,8,ship,0.9996821880340576,-10.302695274353027,True
known,2272,7,horse,7,horse,0.9999662637710571,-11.532964706420898,True
known,2273,5,dog,5,dog,0.9996786117553711,-10.29822826385498,True
known,2274,1,automobile,1,automobile,0.9990154504776001,-9.20431137084961,True
known,2275,6,frog,6,frog,0.9997828602790833,-10.462301254272461,True
known,2276,0,airplane,0,airplane,0.9999603033065796,-11.758466720581055,True
known,2277,5,dog,5,dog,0.9997919201850891,-10.232762336730957,True
known,2278,9,truck,9,truck,0.9995393753051758,-9.249342918395996,True
known,2279,9,truck,9,truck,0.9933279752731323,-6.888381004333496,True
known,2280,4,deer,4,deer,0.9999666213989258,-11.435914039611816,True
known,2281,5,dog,5,dog,0.9999771118164062,-12.312043190002441,True
known,2282,9,truck,9,truck,0.9994969367980957,-9.277212142944336,True
known,2283,4,deer,4,deer,0.9984197616577148,-9.51032543182373,True
known,2284,8,ship,8,ship,0.9998462200164795,-10.311137199401855,True
known,2285,3,cat,3,cat,0.9789714813232422,-9.562943458557129,True
known,2286,3,cat,3,cat,0.9961981177330017,-9.325989723205566,True
known,2287,2,bird,2,bird,0.9999945163726807,-13.812469482421875,True
known,2288,5,dog,5,dog,0.9997761845588684,-10.35990047454834,True
known,2289,1,automobile,1,automobile,0.9998268485069275,-9.944382667541504,True
known,2290,9,truck,9,truck,0.9983096122741699,-7.859439849853516,True
known,2291,5,dog,5,dog,0.9993095397949219,-8.785072326660156,True
known,2292,5,dog,5,dog,0.9932790398597717,-8.880711555480957,True
known,2293,8,ship,8,ship,0.45501843094825745,-4.161261558532715,False
known,2294,1,automobile,1,automobile,0.9991648197174072,-8.99307632446289,True
known,2295,8,ship,8,ship,0.9997914433479309,-9.829803466796875,True
known,2296,9,truck,9,truck,0.9988566637039185,-8.289498329162598,True
known,2297,7,horse,7,horse,0.9999629259109497,-12.155634880065918,True
known,2298,0,airplane,0,airplane,0.9964914917945862,-9.393655776977539,True
known,2299,6,frog,3,cat,0.9760603308677673,-9.598586082458496,True
known,2300,3,cat,0,airplane,0.4714644253253937,-3.0086872577667236,False
known,2301,2,bird,2,bird,0.9640417098999023,-8.330540657043457,True
known,2302,0,airplane,0,airplane,0.9997298121452332,-9.814844131469727,True
known,2303,2,bird,2,bird,0.9987974166870117,-8.432294845581055,True
known,2304,6,frog,6,frog,0.9992007613182068,-8.769869804382324,True
known,2305,9,truck,9,truck,0.9480255842208862,-7.1977715492248535,True
known,2306,3,cat,3,cat,0.9998144507408142,-9.939342498779297,True
known,2307,9,truck,9,truck,0.9992783665657043,-8.67758846282959,True
known,2308,1,automobile,1,automobile,0.9995980858802795,-9.06704044342041,True
known,2309,6,frog,2,bird,0.6453086733818054,-5.975419044494629,False
known,2310,6,frog,6,frog,0.9997528195381165,-10.319375038146973,True
known,2311,7,horse,7,horse,0.9997361302375793,-9.7261962890625,True
known,2312,2,bird,2,bird,0.9997643828392029,-9.889997482299805,True
known,2313,6,frog,6,frog,0.9915142059326172,-6.7170305252075195,True
known,2314,3,cat,3,cat,0.9993038177490234,-10.93061351776123,True
known,2315,2,bird,2,bird,0.9987851977348328,-8.895498275756836,True
known,2316,5,dog,5,dog,0.9986529350280762,-9.036070823669434,True
known,2317,5,dog,5,dog,0.9980068802833557,-8.388322830200195,True
known,2318,2,bird,2,bird,0.9998461008071899,-10.014674186706543,True
known,2319,7,horse,7,horse,0.9996696710586548,-9.352240562438965,True
known,2320,5,dog,5,dog,0.9987099170684814,-8.474892616271973,True
known,2321,2,bird,2,bird,0.8166382908821106,-5.081535816192627,False
known,2322,0,airplane,2,bird,0.7002641558647156,-7.531999588012695,True
known,2323,8,ship,8,ship,0.9998160004615784,-10.09787368774414,True
known,2324,0,airplane,0,airplane,0.9995473027229309,-9.518487930297852,True
known,2325,7,horse,7,horse,0.9229129552841187,-5.063117980957031,False
known,2326,7,horse,7,horse,0.9997014403343201,-9.447672843933105,True
known,2327,1,automobile,1,automobile,0.9998170733451843,-10.167807579040527,True
known,2328,7,horse,7,horse,0.9999350309371948,-11.016499519348145,True
known,2329,4,deer,4,deer,0.9988081455230713,-8.857452392578125,True
known,2330,0,airplane,0,airplane,0.999956488609314,-11.230833053588867,True
known,2331,2,bird,2,bird,0.8856857419013977,-4.88461446762085,False
known,2332,2,bird,2,bird,0.9997804760932922,-9.652602195739746,True
known,2333,6,frog,6,frog,0.9996036887168884,-9.161707878112793,True
known,2334,1,automobile,1,automobile,0.999591052532196,-9.414022445678711,True
known,2335,5,dog,2,bird,0.7189888954162598,-6.024280548095703,False
known,2336,9,truck,9,truck,0.9998775720596313,-10.981561660766602,True
known,2337,7,horse,7,horse,0.996080219745636,-8.703010559082031,True
known,2338,6,frog,6,frog,0.9999239444732666,-11.06662654876709,True
known,2339,2,bird,2,bird,0.999599039554596,-9.874155044555664,True
known,2340,7,horse,7,horse,0.9998592138290405,-10.08570384979248,True
known,2341,0,airplane,0,airplane,0.9991280436515808,-10.245052337646484,True
known,2342,5,dog,5,dog,0.9998940229415894,-11.206184387207031,True
known,2343,6,frog,6,frog,0.9995431900024414,-9.827794075012207,True
known,2344,0,airplane,0,airplane,0.998777449131012,-8.991701126098633,True
known,2345,1,automobile,1,automobile,0.9991499185562134,-8.734038352966309,True
known,2346,1,automobile,1,automobile,0.9990252256393433,-8.587127685546875,True
known,2347,8,ship,8,ship,0.9993589520454407,-9.928714752197266,True
known,2348,4,deer,4,deer,0.9966779947280884,-8.292739868164062,True
known,2349,5,dog,5,dog,0.9995653033256531,-9.434786796569824,True
known,2350,3,cat,5,dog,0.6818535327911377,-6.001620769500732,False
known,2351,1,automobile,9,truck,0.9343621134757996,-7.249420166015625,True
known,2352,2,bird,2,bird,0.9994773268699646,-9.520912170410156,True
known,2353,4,deer,4,deer,0.9947734475135803,-7.7572431564331055,True
known,2354,8,ship,8,ship,0.9997965693473816,-10.057576179504395,True
known,2355,9,truck,9,truck,0.9307838082313538,-6.33604621887207,True
known,2356,8,ship,8,ship,0.9999216794967651,-10.966466903686523,True
known,2357,1,automobile,1,automobile,0.9998481273651123,-10.300599098205566,True
known,2358,7,horse,7,horse,0.9951987862586975,-7.738417148590088,True
known,2359,2,bird,2,bird,0.9999542236328125,-11.39616870880127,True
known,2360,7,horse,7,horse,0.9999817609786987,-12.091429710388184,True
known,2361,2,bird,2,bird,0.9987094402313232,-9.748194694519043,True
known,2362,3,cat,3,cat,0.974756121635437,-7.733315944671631,True
known,2363,2,bird,2,bird,0.7424421310424805,-8.509217262268066,True
known,2364,6,frog,6,frog,0.9990704655647278,-9.073165893554688,True
known,2365,7,horse,7,horse,0.9999932050704956,-12.883197784423828,True
known,2366,9,truck,9,truck,0.999798595905304,-10.191079139709473,True
known,2367,4,deer,4,deer,0.9999508857727051,-12.003392219543457,True
known,2368,0,airplane,0,airplane,0.9999721050262451,-12.755496978759766,True
known,2369,1,automobile,1,automobile,0.9997263550758362,-9.527426719665527,True
known,2370,0,airplane,0,airplane,0.9997859597206116,-10.21719741821289,True
known,2371,4,deer,4,deer,0.9996126294136047,-9.654706954956055,True
known,2372,5,dog,3,cat,0.7543165683746338,-6.058165073394775,False
known,2373,0,airplane,0,airplane,0.9998540878295898,-10.592681884765625,True
known,2374,8,ship,8,ship,0.9998487234115601,-11.386578559875488,True
known,2375,0,airplane,0,airplane,0.979880154132843,-8.216113090515137,True
known,2376,7,horse,7,horse,0.9992444515228271,-8.533363342285156,True
known,2377,6,frog,6,frog,0.9990954399108887,-9.09505558013916,True
known,2378,1,automobile,1,automobile,0.9994605183601379,-8.97613525390625,True
known,2379,0,airplane,0,airplane,0.9992375373840332,-8.945276260375977,True
known,2380,8,ship,8,ship,0.9998701810836792,-10.359146118164062,True
known,2381,5,dog,5,dog,0.9998069405555725,-10.2485933303833,True
known,2382,9,truck,9,truck,0.9991626739501953,-8.445849418640137,True
known,2383,2,bird,2,bird,0.9995655417442322,-10.38776969909668,True
known,2384,5,dog,5,dog,0.9979202151298523,-8.647378921508789,True
known,2385,4,deer,4,deer,0.9955825209617615,-8.40175724029541,True
known,2386,4,deer,4,deer,0.9736490845680237,-7.151792526245117,True
known,2387,9,truck,9,truck,0.9987922310829163,-8.568050384521484,True
known,2388,0,airplane,0,airplane,0.999833345413208,-9.912813186645508,True
known,2389,6,frog,6,frog,0.9995098114013672,-9.154341697692871,True
known,2390,1,automobile,1,automobile,0.9998224377632141,-10.925456047058105,True
known,2391,2,bird,2,bird,0.9993378520011902,-9.654139518737793,True
known,2392,5,dog,5,dog,0.998728334903717,-9.316375732421875,True
known,2393,1,automobile,1,automobile,0.9993425011634827,-9.688132286071777,True
known,2394,6,frog,6,frog,0.9890056252479553,-7.879650115966797,True
known,2395,7,horse,7,horse,0.9994494318962097,-9.099376678466797,True
known,2396,1,automobile,1,automobile,0.9993615746498108,-8.878822326660156,True
known,2397,5,dog,5,dog,0.9999915361404419,-13.365120887756348,True
known,2398,8,ship,8,ship,0.9999133348464966,-10.79872989654541,True
known,2399,8,ship,8,ship,0.9998894929885864,-10.453825950622559,True
known,2400,0,airplane,0,airplane,0.999819815158844,-11.005648612976074,True
known,2401,3,cat,3,cat,0.9988056421279907,-8.974169731140137,True
known,2402,9,truck,9,truck,0.9988393187522888,-8.171016693115234,True
known,2403,4,deer,4,deer,0.9983054399490356,-8.633386611938477,True
known,2404,0,airplane,0,airplane,0.9981064796447754,-8.042654037475586,True
known,2405,3,cat,6,frog,0.9997710585594177,-9.624821662902832,True
known,2406,4,deer,4,deer,0.9999587535858154,-11.656647682189941,True
known,2407,9,truck,9,truck,0.9976624250411987,-7.851356029510498,True
known,2408,2,bird,2,bird,0.9970946311950684,-8.23208236694336,True
known,2409,4,deer,4,deer,0.899095356464386,-7.71602725982666,True
known,2410,3,cat,3,cat,0.9991438388824463,-8.461485862731934,True
known,2411,0,airplane,0,airplane,0.9997935891151428,-10.416866302490234,True
known,2412,6,frog,6,frog,0.9998401403427124,-10.831120491027832,True
known,2413,4,deer,6,frog,0.8061137795448303,-6.570440769195557,True
known,2414,5,dog,5,dog,0.9978929162025452,-8.827481269836426,True
known,2415,6,frog,6,frog,0.998496413230896,-9.08735179901123,True
known,2416,6,frog,6,frog,0.999417781829834,-9.833412170410156,True
known,2417,7,horse,7,horse,0.9996432065963745,-9.657793045043945,True
known,2418,8,ship,8,ship,0.9999762773513794,-11.835494041442871,True
known,2419,4,deer,4,deer,0.9992013573646545,-10.39331340789795,True
known,2420,8,ship,8,ship,0.9968907237052917,-7.548216819763184,True
known,2421,8,ship,0,airplane,0.5371566414833069,-6.845102787017822,True
known,2422,3,cat,3,cat,0.6851033568382263,-4.824151992797852,False
known,2423,2,bird,2,bird,0.9985713958740234,-10.83747673034668,True
known,2424,8,ship,8,ship,0.9996838569641113,-10.349390029907227,True
known,2425,0,airplane,0,airplane,0.994988739490509,-7.812124729156494,True
known,2426,2,bird,2,bird,0.972918689250946,-8.720829963684082,True
known,2427,5,dog,5,dog,0.9994081258773804,-10.02709674835205,True
known,2428,6,frog,6,frog,0.9994361996650696,-9.047966957092285,True
known,2429,8,ship,8,ship,0.9998760223388672,-10.471844673156738,True
known,2430,7,horse,7,horse,0.999536395072937,-9.281578063964844,True
known,2431,8,ship,8,ship,0.999630331993103,-9.26826000213623,True
known,2432,9,truck,9,truck,0.9998401403427124,-10.350214958190918,True
known,2433,9,truck,9,truck,0.9999167919158936,-11.56805419921875,True
known,2434,0,airplane,0,airplane,0.9998733997344971,-10.850269317626953,True
known,2435,6,frog,6,frog,0.9850446581840515,-8.06375789642334,True
known,2436,6,frog,6,frog,0.9998880624771118,-11.743544578552246,True
known,2437,8,ship,8,ship,0.9999244213104248,-10.957282066345215,True
known,2438,1,automobile,1,automobile,0.9995343685150146,-9.55351734161377,True
known,2439,1,automobile,1,automobile,0.9999107122421265,-10.582560539245605,True
known,2440,7,horse,7,horse,0.9997718930244446,-10.22370433807373,True
known,2441,4,deer,4,deer,0.9450230002403259,-7.136663436889648,True
known,2442,4,deer,4,deer,0.9008813500404358,-6.3158464431762695,True
known,2443,2,bird,2,bird,0.9998760223388672,-10.768919944763184,True
known,2444,3,cat,3,cat,0.9974129796028137,-9.256957054138184,True
known,2445,6,frog,6,frog,0.9988040924072266,-8.180655479431152,True
known,2446,9,truck,9,truck,0.9983826875686646,-9.221062660217285,True
known,2447,6,frog,6,frog,0.7590811848640442,-6.023223400115967,False
known,2448,2,bird,2,bird,0.9997599720954895,-9.627480506896973,True
known,2449,4,deer,4,deer,0.9944601058959961,-9.096517562866211,True
known,2450,1,automobile,1,automobile,0.9994866847991943,-8.879321098327637,True
known,2451,8,ship,8,ship,0.9999467134475708,-11.620227813720703,True
known,2452,2,bird,2,bird,0.9998806715011597,-12.216238975524902,True
known,2453,3,cat,3,cat,0.9987748265266418,-8.986430168151855,True
known,2454,1,automobile,1,automobile,0.9992813467979431,-9.087319374084473,True
known,2455,6,frog,6,frog,0.7400265336036682,-7.811244010925293,True
known,2456,8,ship,8,ship,0.9998592138290405,-10.152756690979004,True
known,2457,6,frog,6,frog,0.9999023675918579,-10.587203025817871,True
known,2458,8,ship,8,ship,0.999815046787262,-10.061802864074707,True
known,2459,5,dog,5,dog,0.9985100626945496,-9.35346794128418,True
known,2460,9,truck,9,truck,0.9999070167541504,-11.203118324279785,True
known,2461,0,airplane,0,airplane,0.9964526891708374,-9.7325439453125,True
known,2462,1,automobile,1,automobile,0.9996728897094727,-9.324440002441406,True
known,2463,0,airplane,0,airplane,0.9979183077812195,-8.873514175415039,True
known,2464,2,bird,2,bird,0.9681049585342407,-6.670314788818359,True
known,2465,9,truck,9,truck,0.9997381567955017,-10.140624046325684,True
known,2466,2,bird,2,bird,0.9645528197288513,-7.154183864593506,True
known,2467,9,truck,9,truck,0.9996135830879211,-9.316771507263184,True
known,2468,0,airplane,0,airplane,0.9939471483230591,-8.533758163452148,True
known,2469,9,truck,9,truck,0.9993730187416077,-8.953899383544922,True
known,2470,7,horse,7,horse,0.9999914169311523,-12.93486213684082,True
known,2471,8,ship,8,ship,0.9998456239700317,-10.48798656463623,True
known,2472,5,dog,5,dog,0.9937382936477661,-8.087024688720703,True
known,2473,0,airplane,8,ship,0.9993096590042114,-9.750731468200684,True
known,2474,6,frog,6,frog,0.9998503923416138,-10.354580879211426,True
known,2475,6,frog,6,frog,0.999424934387207,-9.257073402404785,True
known,2476,8,ship,8,ship,0.9998615980148315,-10.69365119934082,True
known,2477,1,automobile,1,automobile,0.999836802482605,-10.155166625976562,True
known,2478,6,frog,6,frog,0.999518871307373,-9.159210205078125,True
known,2479,5,dog,5,dog,0.9995755553245544,-10.449202537536621,True
known,2480,8,ship,8,ship,0.9999810457229614,-12.473124504089355,True
known,2481,7,horse,7,horse,0.99863201379776,-8.87233829498291,True
known,2482,9,truck,9,truck,0.9976649284362793,-9.523070335388184,True
known,2483,2,bird,2,bird,0.9998511075973511,-10.505199432373047,True
known,2484,1,automobile,1,automobile,0.999871015548706,-10.159911155700684,True
known,2485,6,frog,6,frog,0.999129593372345,-8.71737003326416,True
known,2486,7,horse,7,horse,0.9926754832267761,-7.863196849822998,True
known,2487,5,dog,5,dog,0.9999772310256958,-12.113570213317871,True
known,2488,6,frog,6,frog,0.9993472695350647,-8.728499412536621,True
known,2489,3,cat,3,cat,0.992852509021759,-8.344575881958008,True
known,2490,0,airplane,0,airplane,0.9999468326568604,-11.397873878479004,True
known,2491,9,truck,9,truck,0.9998177886009216,-9.939581871032715,True
known,2492,8,ship,8,ship,0.9998288154602051,-10.74276065826416,True
known,2493,9,truck,9,truck,0.9984361529350281,-8.088919639587402,True
known,2494,5,dog,5,dog,0.4398849308490753,-4.013179302215576,False
known,2495,9,truck,8,ship,0.977038562297821,-6.263172149658203,True
known,2496,9,truck,9,truck,0.5182179808616638,-5.359245300292969,False
known,2497,9,truck,9,truck,0.9996800422668457,-9.98850154876709,True
known,2498,3,cat,3,cat,0.9997275471687317,-9.406732559204102,True
known,2499,6,frog,6,frog,0.9996461868286133,-10.034424781799316,True
known,2500,4,deer,4,deer,0.9607366919517517,-6.182429313659668,False
known,2501,4,deer,4,deer,0.981122612953186,-8.320429801940918,True
known,2502,8,ship,8,ship,0.9997065663337708,-9.764002799987793,True
known,2503,8,ship,8,ship,0.999963641166687,-11.374693870544434,True
known,2504,1,automobile,1,automobile,0.9968792200088501,-9.18226146697998,True
known,2505,7,horse,7,horse,0.993597149848938,-7.537139892578125,True
known,2506,3,cat,3,cat,0.9997685551643372,-10.999460220336914,True
known,2507,0,airplane,0,airplane,0.9972152709960938,-9.849897384643555,True
known,2508,6,frog,6,frog,0.9988960027694702,-9.790732383728027,True
known,2509,2,bird,2,bird,0.9674373865127563,-5.910402774810791,False
known,2510,4,deer,4,deer,0.9978576302528381,-7.86277961730957,True
known,2511,8,ship,8,ship,0.4601196050643921,-3.2926392555236816,False
known,2512,2,bird,2,bird,0.9996726512908936,-9.535884857177734,True
known,2513,2,bird,2,bird,0.9996668100357056,-9.793367385864258,True
known,2514,9,truck,9,truck,0.9997207522392273,-11.465710639953613,True
known,2515,2,bird,2,bird,0.9993665814399719,-10.166893005371094,True
known,2516,2,bird,2,bird,0.9982507824897766,-9.07829475402832,True
known,2517,9,truck,9,truck,0.9999237060546875,-11.560747146606445,True
known,2518,7,horse,7,horse,0.9996230602264404,-9.859366416931152,True
known,2519,4,deer,4,deer,0.9998724460601807,-10.284615516662598,True
known,2520,1,automobile,1,automobile,0.9992908239364624,-9.556715965270996,True
known,2521,9,truck,9,truck,0.983356237411499,-6.579951286315918,True
known,2522,1,automobile,1,automobile,0.9969407916069031,-7.615730285644531,True
known,2523,4,deer,4,deer,0.9997984766960144,-10.86173152923584,True
known,2524,3,cat,3,cat,0.9897320866584778,-7.821697235107422,True
known,2525,5,dog,1,automobile,0.478885680437088,-3.725534439086914,False
known,2526,3,cat,3,cat,0.9695093631744385,-6.648906230926514,True
known,2527,8,ship,8,ship,0.9999914169311523,-12.682209968566895,True
known,2528,9,truck,9,truck,0.9997428059577942,-9.708281517028809,True
known,2529,3,cat,3,cat,0.9999030828475952,-11.600711822509766,True
known,2530,6,frog,2,bird,0.7065867185592651,-6.296555519104004,True
known,2531,2,bird,2,bird,0.999932050704956,-10.927001953125,True
known,2532,0,airplane,1,automobile,0.7749983668327332,-7.859902381896973,True
known,2533,8,ship,8,ship,0.4916102886199951,-2.6857781410217285,False
known,2534,9,truck,9,truck,0.9995757937431335,-9.94714069366455,True
known,2535,0,airplane,0,airplane,0.9995251893997192,-9.12013053894043,True
known,2536,5,dog,5,dog,0.9995099306106567,-10.127156257629395,True
known,2537,1,automobile,1,automobile,0.9999185800552368,-11.18289566040039,True
known,2538,5,dog,5,dog,0.9996814727783203,-10.694576263427734,True
known,2539,8,ship,8,ship,0.9995809197425842,-10.541247367858887,True
known,2540,2,bird,2,bird,0.9967734217643738,-8.969125747680664,True
known,2541,1,automobile,1,automobile,0.9998663663864136,-10.120534896850586,True
known,2542,2,bird,8,ship,0.541833758354187,-3.9716901779174805,False
known,2543,3,cat,3,cat,0.9993502497673035,-9.790271759033203,True
known,2544,2,bird,2,bird,0.9998863935470581,-10.632865905761719,True
known,2545,4,deer,4,deer,0.9996217489242554,-10.4094820022583,True
known,2546,8,ship,8,ship,0.9997838139533997,-9.978438377380371,True
known,2547,4,deer,4,deer,0.9988948702812195,-8.750345230102539,True
known,2548,0,airplane,0,airplane,0.9997114539146423,-9.833694458007812,True
known,2549,6,frog,6,frog,0.9573225975036621,-7.774745941162109,True
known,2550,4,deer,4,deer,0.9995346069335938,-9.521567344665527,True
known,2551,2,bird,2,bird,0.9531873464584351,-8.041190147399902,True
known,2552,9,truck,9,truck,0.999948263168335,-11.354557991027832,True
known,2553,8,ship,8,ship,0.9996541738510132,-9.209894180297852,True
known,2554,4,deer,4,deer,0.9927507638931274,-8.620853424072266,True
known,2555,7,horse,7,horse,0.9303062558174133,-7.228927135467529,True
known,2556,6,frog,6,frog,0.9998185038566589,-10.087870597839355,True
known,2557,2,bird,2,bird,0.9999450445175171,-11.228525161743164,True
known,2558,4,deer,4,deer,0.9993534684181213,-9.08987808227539,True
known,2559,7,horse,7,horse,0.999963641166687,-11.748330116271973,True
known,2560,7,horse,7,horse,0.9995203018188477,-9.327091217041016,True
known,2561,6,frog,6,frog,0.9971805810928345,-7.434898853302002,True
known,2562,4,deer,4,deer,0.9988841414451599,-9.3490629196167,True
known,2563,2,bird,2,bird,0.9993515610694885,-8.954397201538086,True
known,2564,2,bird,2,bird,0.9999644756317139,-11.648513793945312,True
known,2565,3,cat,3,cat,0.9979538917541504,-8.650674819946289,True
known,2566,2,bird,2,bird,0.9998432397842407,-10.099640846252441,True
known,2567,4,deer,4,deer,0.9997367262840271,-10.673683166503906,True
known,2568,9,truck,9,truck,0.9995699524879456,-9.863150596618652,True
known,2569,0,airplane,0,airplane,0.9997161030769348,-9.818756103515625,True
known,2570,0,airplane,0,airplane,0.9232083559036255,-7.243843078613281,True
known,2571,9,truck,9,truck,0.9951204657554626,-8.25294303894043,True
known,2572,6,frog,6,frog,0.9998708963394165,-11.154801368713379,True
known,2573,5,dog,5,dog,0.9983275532722473,-12.818812370300293,True
known,2574,8,ship,8,ship,0.9997968077659607,-9.828364372253418,True
known,2575,5,dog,5,dog,0.9999388456344604,-12.360127449035645,True
known,2576,2,bird,2,bird,0.9989200830459595,-8.596141815185547,True
known,2577,4,deer,4,deer,0.9999033212661743,-10.360846519470215,True
known,2578,8,ship,8,ship,0.9998698234558105,-10.767878532409668,True
known,2579,8,ship,8,ship,0.9998449087142944,-10.057125091552734,True
known,2580,6,frog,6,frog,0.6380090713500977,-6.283204078674316,True
known,2581,4,deer,4,deer,0.9133383631706238,-6.075108051300049,False
known,2582,5,dog,5,dog,0.9998772144317627,-10.38675308227539,True
known,2583,7,horse,7,horse,0.9998353719711304,-10.127730369567871,True
known,2584,6,frog,6,frog,0.9996439218521118,-9.366894721984863,True
known,2585,3,cat,3,cat,0.9989435076713562,-9.492703437805176,True
known,2586,7,horse,4,deer,0.6796209216117859,-4.569761753082275,False
known,2587,0,airplane,0,airplane,0.999200165271759,-8.957527160644531,True
known,2588,4,deer,4,deer,0.968165397644043,-7.643765926361084,True
known,2589,0,airplane,0,airplane,0.9949276447296143,-9.398473739624023,True
known,2590,5,dog,3,cat,0.4963056743144989,-3.1486942768096924,False
known,2591,8,ship,8,ship,0.9999579191207886,-11.217395782470703,True
known,2592,2,bird,5,dog,0.6508469581604004,-5.555545330047607,False
known,2593,8,ship,8,ship,0.9996119141578674,-9.756373405456543,True
known,2594,0,airplane,0,airplane,0.9998981952667236,-10.915102005004883,True
known,2595,4,deer,4,deer,0.9999790191650391,-11.953938484191895,True
known,2596,9,truck,9,truck,0.9625570774078369,-6.204486846923828,False
known,2597,2,bird,2,bird,0.9998395442962646,-11.025156021118164,True
known,2598,3,cat,3,cat,0.9850322008132935,-8.838601112365723,True
known,2599,6,frog,6,frog,0.9940605759620667,-9.017329216003418,True
known,2600,8,ship,8,ship,0.9999740123748779,-11.870076179504395,True
known,2601,1,automobile,1,automobile,0.9999264478683472,-10.82718563079834,True
known,2602,6,frog,6,frog,0.9999172687530518,-10.703811645507812,True
known,2603,0,airplane,0,airplane,0.9987748265266418,-8.363062858581543,True
known,2604,8,ship,8,ship,0.9996850490570068,-9.449295997619629,True
known,2605,4,deer,4,deer,0.9924196600914001,-8.036105155944824,True
known,2606,3,cat,3,cat,0.9995842576026917,-10.775237083435059,True
known,2607,1,automobile,1,automobile,0.9996246099472046,-9.1515474319458,True
known,2608,4,deer,4,deer,0.9998071789741516,-9.870514869689941,True
known,2609,5,dog,5,dog,0.9798583984375,-9.592354774475098,True
known,2610,2,bird,2,bird,0.9995800852775574,-9.24548053741455,True
known,2611,4,deer,4,deer,0.9991727471351624,-9.144401550292969,True
known,2612,3,cat,3,cat,0.8874582052230835,-8.861037254333496,True
known,2613,6,frog,6,frog,0.9995349645614624,-9.465595245361328,True
known,2614,0,airplane,0,airplane,0.999032735824585,-9.701115608215332,True
known,2615,7,horse,7,horse,0.9998786449432373,-11.055919647216797,True
known,2616,1,automobile,1,automobile,0.9995582699775696,-9.1760892868042,True
known,2617,3,cat,3,cat,0.9996591806411743,-9.871554374694824,True
known,2618,5,dog,5,dog,0.9998459815979004,-10.139823913574219,True
known,2619,7,horse,7,horse,0.9999809265136719,-11.958525657653809,True
known,2620,1,automobile,1,automobile,0.999561607837677,-9.616626739501953,True
known,2621,8,ship,8,ship,0.9999626874923706,-11.33614444732666,True
known,2622,0,airplane,0,airplane,0.9913191199302673,-9.312993049621582,True
known,2623,4,deer,4,deer,0.9996966123580933,-9.90074348449707,True
known,2624,8,ship,8,ship,0.9924322366714478,-7.224248886108398,True
known,2625,2,bird,2,bird,0.9913126826286316,-8.398810386657715,True
known,2626,7,horse,7,horse,0.9991764426231384,-9.606892585754395,True
known,2627,7,horse,7,horse,0.9998610019683838,-10.66989517211914,True
known,2628,0,airplane,0,airplane,0.999739944934845,-9.871416091918945,True
known,2629,2,bird,2,bird,0.9846925735473633,-8.686896324157715,True
known,2630,2,bird,2,bird,0.999964714050293,-12.050431251525879,True
known,2631,4,deer,4,deer,0.9995220899581909,-9.40007495880127,True
known,2632,3,cat,3,cat,0.9995261430740356,-9.882718086242676,True
known,2633,3,cat,3,cat,0.9997612833976746,-10.141912460327148,True
known,2634,1,automobile,9,truck,0.9845733046531677,-7.440635681152344,True
known,2635,6,frog,6,frog,0.5593554377555847,-5.732144832611084,False
known,2636,1,automobile,1,automobile,0.9998156428337097,-9.84067440032959,True
known,2637,6,frog,6,frog,0.9998914003372192,-10.453309059143066,True
known,2638,4,deer,4,deer,0.9992096424102783,-9.901463508605957,True
known,2639,6,frog,6,frog,0.9998340606689453,-10.461737632751465,True
known,2640,7,horse,7,horse,0.9996474981307983,-10.044562339782715,True
known,2641,4,deer,4,deer,0.9993638396263123,-9.385616302490234,True
known,2642,7,horse,7,horse,0.9996557235717773,-9.905887603759766,True
known,2643,3,cat,3,cat,0.9940100908279419,-8.367033958435059,True
known,2644,8,ship,8,ship,0.9998805522918701,-10.318007469177246,True
known,2645,1,automobile,1,automobile,0.999790608882904,-9.725054740905762,True
known,2646,3,cat,3,cat,0.9996046423912048,-9.425734519958496,True
known,2647,1,automobile,1,automobile,0.999894380569458,-10.457948684692383,True
known,2648,4,deer,4,deer,0.9997623562812805,-10.274474143981934,True
known,2649,6,frog,6,frog,0.9995627999305725,-9.209940910339355,True
known,2650,5,dog,2,bird,0.5182302594184875,-5.4412455558776855,False
known,2651,5,dog,5,dog,0.9857189059257507,-7.981853008270264,True
known,2652,7,horse,7,horse,0.999700665473938,-10.272730827331543,True
known,2653,4,deer,4,deer,0.99944669008255,-9.086577415466309,True
known,2654,5,dog,5,dog,0.9999953508377075,-13.68224048614502,True
known,2655,4,deer,4,deer,0.9974964261054993,-8.351787567138672,True
known,2656,9,truck,9,truck,0.999891996383667,-10.49470329284668,True
known,2657,7,horse,7,horse,0.9998886585235596,-10.43372917175293,True
known,2658,7,horse,7,horse,0.9998332262039185,-10.07888126373291,True
known,2659,2,bird,2,bird,0.9999897480010986,-13.247062683105469,True
known,2660,3,cat,3,cat,0.999886155128479,-11.783844947814941,True
known,2661,3,cat,3,cat,0.9943346977233887,-6.793387413024902,True
known,2662,6,frog,6,frog,0.9999381303787231,-11.072216033935547,True
known,2663,7,horse,7,horse,0.9998598098754883,-10.486712455749512,True
known,2664,4,deer,4,deer,0.9995191097259521,-9.72679615020752,True
known,2665,1,automobile,1,automobile,0.9996503591537476,-10.266457557678223,True
known,2666,6,frog,6,frog,0.9997692704200745,-10.080694198608398,True
known,2667,1,automobile,1,automobile,0.9997715353965759,-9.733880043029785,True
known,2668,0,airplane,0,airplane,0.9997594952583313,-12.089227676391602,True
known,2669,6,frog,6,frog,0.9998880624771118,-10.481701850891113,True
known,2670,9,truck,9,truck,0.9999854564666748,-12.833975791931152,True
known,2671,6,frog,6,frog,0.9806642532348633,-6.744455337524414,True
known,2672,0,airplane,0,airplane,0.9999265670776367,-11.538877487182617,True
known,2673,2,bird,2,bird,0.999955415725708,-12.502257347106934,True
known,2674,0,airplane,0,airplane,0.9990482926368713,-10.218428611755371,True
known,2675,2,bird,2,bird,0.4217613935470581,-3.7859978675842285,False
known,2676,4,deer,4,deer,0.9876217246055603,-6.858919143676758,True
known,2677,7,horse,7,horse,0.999849796295166,-10.120757102966309,True
known,2678,0,airplane,0,airplane,0.9997820258140564,-10.936687469482422,True
known,2679,0,airplane,0,airplane,0.9991114735603333,-8.636133193969727,True
known,2680,0,airplane,0,airplane,0.9997747540473938,-9.763188362121582,True
known,2681,0,airplane,0,airplane,0.9999827146530151,-12.068256378173828,True
known,2682,7,horse,7,horse,0.9998953342437744,-10.403300285339355,True
known,2683,5,dog,5,dog,0.9995658993721008,-9.306963920593262,True
known,2684,3,cat,3,cat,0.9991329312324524,-10.188760757446289,True
known,2685,2,bird,2,bird,0.9978061318397522,-8.458778381347656,True
known,2686,7,horse,7,horse,0.9998000264167786,-10.064314842224121,True
known,2687,8,ship,8,ship,0.999947190284729,-10.981276512145996,True
known,2688,5,dog,5,dog,0.9689587354660034,-7.07236909866333,True
known,2689,5,dog,5,dog,0.9999607801437378,-13.98210334777832,True
known,2690,2,bird,2,bird,0.8652417659759521,-7.183239459991455,True
known,2691,2,bird,2,bird,0.999895453453064,-10.772144317626953,True
known,2692,8,ship,8,ship,0.9995511174201965,-9.344733238220215,True
known,2693,9,truck,9,truck,0.9996540546417236,-9.409711837768555,True
known,2694,1,automobile,1,automobile,0.9992276430130005,-8.502436637878418,True
known,2695,2,bird,2,bird,0.9989995360374451,-8.776628494262695,True
known,2696,2,bird,2,bird,0.9466437697410583,-7.209757328033447,True
known,2697,0,airplane,0,airplane,0.9987572431564331,-8.893348693847656,True
known,2698,3,cat,3,cat,0.9998979568481445,-10.828607559204102,True
known,2699,4,deer,4,deer,0.9980711340904236,-8.511561393737793,True
known,2700,9,truck,9,truck,0.9960004687309265,-8.715572357177734,True
known,2701,1,automobile,1,automobile,0.9989640712738037,-10.316925048828125,True
known,2702,6,frog,6,frog,0.9994590878486633,-9.894883155822754,True
known,2703,9,truck,9,truck,0.9690333604812622,-5.711921691894531,False
known,2704,0,airplane,0,airplane,0.9997815489768982,-11.621500015258789,True
known,2705,8,ship,0,airplane,0.5616766214370728,-6.296951770782471,True
known,2706,3,cat,3,cat,0.9983192086219788,-8.413159370422363,True
known,2707,6,frog,6,frog,0.9983630776405334,-7.979720115661621,True
known,2708,4,deer,4,deer,0.9998631477355957,-10.60489559173584,True
known,2709,6,frog,6,frog,0.9997312426567078,-9.703827857971191,True
known,2710,7,horse,7,horse,0.9997075200080872,-9.574943542480469,True
known,2711,5,dog,5,dog,0.9913243055343628,-6.958109378814697,True
known,2712,1,automobile,1,automobile,0.9995853304862976,-9.495755195617676,True
known,2713,8,ship,8,ship,0.9984951019287109,-8.019044876098633,True
known,2714,9,truck,9,truck,0.9962990880012512,-8.320937156677246,True
known,2715,0,airplane,0,airplane,0.9984287619590759,-8.352432250976562,True
known,2716,5,dog,5,dog,0.9958584904670715,-10.024982452392578,True
known,2717,0,airplane,0,airplane,0.9999037981033325,-11.322395324707031,True
known,2718,5,dog,5,dog,0.9985195994377136,-8.334728240966797,True
known,2719,4,deer,4,deer,0.9987047910690308,-9.399531364440918,True
known,2720,3,cat,3,cat,0.9998339414596558,-10.162123680114746,True
known,2721,8,ship,8,ship,0.9977710247039795,-7.883358955383301,True
known,2722,5,dog,5,dog,0.9988465309143066,-9.59337329864502,True
known,2723,2,bird,2,bird,0.9989857077598572,-9.045662879943848,True
known,2724,0,airplane,0,airplane,0.9981980919837952,-8.686596870422363,True
known,2725,8,ship,8,ship,0.999799907207489,-10.401365280151367,True
known,2726,5,dog,5,dog,0.9997840523719788,-11.34958553314209,True
known,2727,9,truck,9,truck,0.9995055198669434,-9.731291770935059,True
known,2728,2,bird,2,bird,0.9999356269836426,-11.106022834777832,True
known,2729,5,dog,3,cat,0.8588629364967346,-7.5642008781433105,True
known,2730,6,frog,6,frog,0.9999631643295288,-11.999894142150879,True
known,2731,5,dog,5,dog,0.9999127388000488,-10.950313568115234,True
known,2732,7,horse,7,horse,0.9999600648880005,-11.566207885742188,True
known,2733,3,cat,3,cat,0.9981977343559265,-8.28261661529541,True
known,2734,7,horse,7,horse,0.9997311234474182,-9.631926536560059,True
known,2735,2,bird,2,bird,0.9995513558387756,-9.759835243225098,True
known,2736,8,ship,8,ship,0.999987006187439,-12.951480865478516,True
known,2737,8,ship,8,ship,0.9975742697715759,-9.431493759155273,True
known,2738,4,deer,4,deer,0.9989124536514282,-9.196192741394043,True
known,2739,2,bird,2,bird,0.9998992681503296,-10.91710376739502,True
known,2740,1,automobile,1,automobile,0.9982043504714966,-8.024273872375488,True
known,2741,6,frog,6,frog,0.9994173049926758,-8.853171348571777,True
known,2742,2,bird,2,bird,0.9983733892440796,-8.715850830078125,True
known,2743,9,truck,9,truck,0.999422550201416,-8.915462493896484,True
known,2744,9,truck,9,truck,0.9990689158439636,-8.634079933166504,True
known,2745,8,ship,8,ship,0.999482274055481,-9.732353210449219,True
known,2746,2,bird,2,bird,0.8484609723091125,-6.731028079986572,True
known,2747,3,cat,3,cat,0.9887490272521973,-7.145257949829102,True
known,2748,1,automobile,1,automobile,0.9995594620704651,-9.028154373168945,True
known,2749,0,airplane,0,airplane,0.9976630210876465,-8.152021408081055,True
known,2750,5,dog,5,dog,0.9999681711196899,-12.955801963806152,True
known,2751,2,bird,2,bird,0.9999412298202515,-11.149578094482422,True
known,2752,3,cat,3,cat,0.9409220218658447,-8.012104034423828,True
known,2753,7,horse,7,horse,0.9993280172348022,-9.159199714660645,True
known,2754,9,truck,9,truck,0.995145857334137,-7.2077131271362305,True
known,2755,5,dog,5,dog,0.9998583793640137,-11.614211082458496,True
known,2756,9,truck,9,truck,0.9998869895935059,-11.121156692504883,True
known,2757,1,automobile,1,automobile,0.9964969754219055,-8.33958911895752,True
known,2758,1,automobile,1,automobile,0.9983166456222534,-8.461384773254395,True
known,2759,3,cat,3,cat,0.9999542236328125,-11.127518653869629,True
known,2760,2,bird,2,bird,0.9999643564224243,-12.632346153259277,True
known,2761,7,horse,7,horse,0.9994334578514099,-9.013328552246094,True
known,2762,4,deer,4,deer,0.9829899072647095,-7.158173084259033,True
known,2763,4,deer,4,deer,0.9818485975265503,-7.398058891296387,True
known,2764,1,automobile,1,automobile,0.9985106587409973,-7.95181941986084,True
known,2765,9,truck,9,truck,0.9998107552528381,-9.882546424865723,True
known,2766,4,deer,4,deer,0.9999122619628906,-11.124228477478027,True
known,2767,5,dog,5,dog,0.9365416169166565,-9.592903137207031,True
known,2768,5,dog,5,dog,0.9995967745780945,-9.235042572021484,True
known,2769,2,bird,2,bird,0.999911904335022,-10.679964065551758,True
known,2770,7,horse,7,horse,0.7875165343284607,-4.650788307189941,False
known,2771,7,horse,7,horse,0.9998363256454468,-9.954353332519531,True
known,2772,6,frog,6,frog,0.9999107122421265,-10.971222877502441,True
known,2773,1,automobile,1,automobile,0.9998914003372192,-10.310504913330078,True
known,2774,2,bird,2,bird,0.9967629909515381,-9.462099075317383,True
known,2775,3,cat,3,cat,0.9874429106712341,-9.06596565246582,True
known,2776,7,horse,7,horse,0.9997608065605164,-9.70183277130127,True
known,2777,5,dog,5,dog,0.9688502550125122,-7.349460124969482,True
known,2778,4,deer,4,deer,0.9987616539001465,-8.309076309204102,True
known,2779,3,cat,5,dog,0.9286835193634033,-6.168640613555908,False
known,2780,7,horse,7,horse,0.9997901320457458,-9.811187744140625,True
known,2781,7,horse,7,horse,0.9985492825508118,-8.260004043579102,True
known,2782,0,airplane,0,airplane,0.9991835951805115,-9.105186462402344,True
known,2783,0,airplane,0,airplane,0.7933413982391357,-4.596585750579834,False
known,2784,1,automobile,1,automobile,0.9124215245246887,-6.405394554138184,True
known,2785,4,deer,2,bird,0.987054169178009,-7.3776021003723145,True
known,2786,4,deer,4,deer,0.9999722242355347,-12.632988929748535,True
known,2787,3,cat,3,cat,0.9999409914016724,-11.488731384277344,True
known,2788,7,horse,7,horse,0.9999641180038452,-11.91757869720459,True
known,2789,9,truck,9,truck,0.9997654557228088,-9.961432456970215,True
known,2790,8,ship,8,ship,0.9998186230659485,-9.87524127960205,True
known,2791,7,horse,7,horse,0.9996809959411621,-9.324501037597656,True
known,2792,0,airplane,0,airplane,0.9993979930877686,-8.988729476928711,True
known,2793,9,truck,9,truck,0.9989483952522278,-8.880904197692871,True
known,2794,0,airplane,0,airplane,0.999101996421814,-9.252521514892578,True
known,2795,3,cat,3,cat,0.9993402361869812,-10.313502311706543,True
known,2796,7,horse,7,horse,0.9998900890350342,-11.142435073852539,True
known,2797,6,frog,6,frog,0.9871878623962402,-7.691366195678711,True
known,2798,3,cat,5,dog,0.9995642304420471,-10.886176109313965,True
known,2799,8,ship,8,ship,0.9999380111694336,-11.30028247833252,True
known,2800,4,deer,4,deer,0.9999629259109497,-11.295087814331055,True
known,2801,5,dog,5,dog,0.9996685981750488,-9.505409240722656,True
known,2802,6,frog,6,frog,0.9991893172264099,-8.719555854797363,True
known,2803,5,dog,5,dog,0.9992340803146362,-8.642441749572754,True
known,2804,3,cat,5,dog,0.510351300239563,-4.48283576965332,False
known,2805,4,deer,4,deer,0.9998162388801575,-9.915665626525879,True
known,2806,2,bird,2,bird,0.9795321822166443,-8.063132286071777,True
known,2807,9,truck,9,truck,0.995790958404541,-8.961556434631348,True
known,2808,2,bird,2,bird,0.9986257553100586,-9.527003288269043,True
known,2809,4,deer,4,deer,0.9998499155044556,-10.175464630126953,True
known,2810,9,truck,9,truck,0.9988364577293396,-8.73433780670166,True
known,2811,2,bird,2,bird,0.9998119473457336,-10.359842300415039,True
known,2812,0,airplane,0,airplane,0.9994695782661438,-10.355855941772461,True
known,2813,1,automobile,1,automobile,0.9981743097305298,-7.863245964050293,True
known,2814,1,automobile,1,automobile,0.9811311960220337,-7.329306125640869,True
known,2815,3,cat,3,cat,0.9996424913406372,-10.391678810119629,True
known,2816,7,horse,7,horse,0.9998750686645508,-11.1780366897583,True
known,2817,9,truck,9,truck,0.9996848106384277,-9.417780876159668,True
known,2818,5,dog,5,dog,0.9967717528343201,-8.999218940734863,True
known,2819,1,automobile,1,automobile,0.9998252987861633,-9.826105117797852,True
known,2820,6,frog,6,frog,0.9994710087776184,-9.041092872619629,True
known,2821,0,airplane,0,airplane,0.9989192485809326,-9.936752319335938,True
known,2822,3,cat,3,cat,0.9992173910140991,-10.05005931854248,True
known,2823,3,cat,3,cat,0.9949414134025574,-10.793956756591797,True
known,2824,7,horse,7,horse,0.9995481371879578,-9.816370010375977,True
known,2825,2,bird,2,bird,0.9933679699897766,-9.2471342086792,True
known,2826,4,deer,4,deer,0.9999892711639404,-12.9219331741333,True
known,2827,5,dog,5,dog,0.9999009370803833,-10.596985816955566,True
known,2828,2,bird,2,bird,0.999535322189331,-9.83228588104248,True
known,2829,3,cat,3,cat,0.9999452829360962,-11.377988815307617,True
known,2830,6,frog,6,frog,0.9983032941818237,-7.983111381530762,True
known,2831,3,cat,0,airplane,0.5288139581680298,-3.5900354385375977,False
known,2832,3,cat,3,cat,0.9271000623703003,-8.63447093963623,True
known,2833,0,airplane,0,airplane,0.999948263168335,-11.119234085083008,True
known,2834,4,deer,4,deer,0.9871244430541992,-7.978093147277832,True
known,2835,4,deer,4,deer,0.9803919196128845,-6.095750331878662,False
known,2836,3,cat,3,cat,0.9983443021774292,-8.8582181930542,True
known,2837,8,ship,8,ship,0.9996121525764465,-9.620401382446289,True
known,2838,1,automobile,1,automobile,0.9998664855957031,-10.220772743225098,True
known,2839,2,bird,2,bird,0.9997801184654236,-10.035444259643555,True
known,2840,3,cat,3,cat,0.9957883954048157,-8.4203462600708,True
known,2841,2,bird,2,bird,0.9997612833976746,-9.944523811340332,True
known,2842,7,horse,7,horse,0.999562680721283,-9.085607528686523,True
known,2843,1,automobile,0,airplane,0.3676915466785431,-3.107602119445801,False
known,2844,4,deer,4,deer,0.9926459789276123,-7.510925769805908,True
known,2845,5,dog,5,dog,0.6086703538894653,-6.536083698272705,True
known,2846,6,frog,6,frog,0.9997605681419373,-9.686752319335938,True
known,2847,8,ship,8,ship,0.9999092817306519,-10.900407791137695,True
known,2848,6,frog,6,frog,0.9996181726455688,-9.970749855041504,True
known,2849,6,frog,6,frog,0.9867989420890808,-8.516921997070312,True
known,2850,5,dog,5,dog,0.9993516802787781,-8.875618934631348,True
known,2851,4,deer,4,deer,0.9999923706054688,-13.18543529510498,True
known,2852,2,bird,2,bird,0.9985895752906799,-9.32059383392334,True
known,2853,9,truck,9,truck,0.999582827091217,-9.252711296081543,True
known,2854,9,truck,9,truck,0.9320223927497864,-6.871160507202148,True
known,2855,3,cat,3,cat,0.9979046583175659,-8.738506317138672,True
known,2856,2,bird,2,bird,0.9999090433120728,-10.918432235717773,True
known,2857,0,airplane,0,airplane,0.9985505938529968,-8.156210899353027,True
known,2858,4,deer,4,deer,0.9992330074310303,-9.718697547912598,True
known,2859,1,automobile,1,automobile,0.9999477863311768,-11.118840217590332,True
known,2860,5,dog,5,dog,0.9994887113571167,-10.408066749572754,True
known,2861,5,dog,5,dog,0.9992491602897644,-10.60076904296875,True
known,2862,6,frog,6,frog,0.9999246597290039,-11.392516136169434,True
known,2863,6,frog,6,frog,0.9999415874481201,-11.065722465515137,True
known,2864,5,dog,5,dog,0.9998470544815063,-11.344659805297852,True
known,2865,6,frog,6,frog,0.9986078143119812,-8.11212158203125,True
known,2866,9,truck,9,truck,0.9999179840087891,-10.527347564697266,True
known,2867,7,horse,7,horse,0.9999258518218994,-11.798750877380371,True
known,2868,9,truck,9,truck,0.9145001173019409,-5.754739761352539,False
known,2869,4,deer,4,deer,0.9999774694442749,-11.982213973999023,True
known,2870,8,ship,8,ship,0.9997684359550476,-9.863786697387695,True
known,2871,3,cat,3,cat,0.9934763312339783,-6.966843605041504,True
known,2872,1,automobile,1,automobile,0.9994168281555176,-9.01724910736084,True
known,2873,9,truck,9,truck,0.9993146657943726,-8.865931510925293,True
known,2874,8,ship,8,ship,0.9998517036437988,-10.535287857055664,True
known,2875,1,automobile,1,automobile,0.999322772026062,-9.637782096862793,True
known,2876,9,truck,9,truck,0.9995511174201965,-9.664482116699219,True
known,2877,0,airplane,0,airplane,0.9999353885650635,-11.510042190551758,True
known,2878,3,cat,3,cat,0.9999696016311646,-12.21237850189209,True
known,2879,0,airplane,0,airplane,0.9999635219573975,-11.71479606628418,True
known,2880,4,deer,4,deer,0.9998238682746887,-9.948126792907715,True
known,2881,7,horse,7,horse,0.9998493194580078,-10.108807563781738,True
known,2882,7,horse,7,horse,0.9995157718658447,-8.915360450744629,True
known,2883,2,bird,2,bird,0.9998304843902588,-10.398387908935547,True
known,2884,6,frog,3,cat,0.8874881267547607,-5.713214874267578,False
known,2885,5,dog,5,dog,0.9998138546943665,-10.408475875854492,True
known,2886,6,frog,6,frog,0.9999611377716064,-11.646471977233887,True
known,2887,9,truck,9,truck,0.9990515112876892,-8.37096881866455,True
known,2888,7,horse,7,horse,0.9973676800727844,-9.228948593139648,True
known,2889,7,horse,7,horse,0.9998242259025574,-10.446878433227539,True
known,2890,5,dog,5,dog,0.9994353652000427,-11.558178901672363,True
known,2891,7,horse,7,horse,0.9999582767486572,-11.474599838256836,True
known,2892,0,airplane,0,airplane,0.9995043277740479,-9.194196701049805,True
known,2893,8,ship,8,ship,0.99968421459198,-9.496856689453125,True
known,2894,6,frog,6,frog,0.9980499744415283,-7.7093706130981445,True
known,2895,7,horse,5,dog,0.9042733311653137,-6.545708179473877,True
known,2896,8,ship,8,ship,0.9999781847000122,-12.005026817321777,True
known,2897,3,cat,3,cat,0.9956414699554443,-7.2427144050598145,True
known,2898,8,ship,8,ship,0.9996768236160278,-10.311280250549316,True
known,2899,9,truck,9,truck,0.9995885491371155,-10.034664154052734,True
known,2900,3,cat,3,cat,0.9840255379676819,-7.1788249015808105,True
known,2901,2,bird,2,bird,0.9996665716171265,-9.458824157714844,True
known,2902,9,truck,9,truck,0.9984681010246277,-8.038737297058105,True
known,2903,2,bird,2,bird,0.9952226281166077,-7.777583122253418,True
known,2904,7,horse,7,horse,0.9994202852249146,-8.76568603515625,True
known,2905,4,deer,4,deer,0.9959920048713684,-9.220499992370605,True
known,2906,1,automobile,1,automobile,0.9994056224822998,-8.841705322265625,True
known,2907,9,truck,9,truck,0.9998514652252197,-10.40621566772461,True
known,2908,7,horse,7,horse,0.9996401071548462,-9.884480476379395,True
known,2909,0,airplane,0,airplane,0.9890439510345459,-9.010601043701172,True
known,2910,8,ship,8,ship,0.9915766716003418,-8.635108947753906,True
known,2911,1,automobile,1,automobile,0.999858021736145,-10.247815132141113,True
known,2912,2,bird,6,frog,0.6401593685150146,-6.361685752868652,True
known,2913,0,airplane,0,airplane,0.9998781681060791,-10.268946647644043,True
known,2914,6,frog,6,frog,0.9998471736907959,-10.423768043518066,True
known,2915,5,dog,5,dog,0.999947190284729,-11.330595016479492,True
known,2916,1,automobile,1,automobile,0.9996190071105957,-9.160489082336426,True
known,2917,4,deer,4,deer,0.9999707937240601,-11.45804500579834,True
known,2918,2,bird,2,bird,0.9997879862785339,-10.303350448608398,True
known,2919,8,ship,8,ship,0.9999505281448364,-11.125327110290527,True
known,2920,2,bird,2,bird,0.9999212026596069,-11.389768600463867,True
known,2921,8,ship,8,ship,0.999707043170929,-9.414145469665527,True
known,2922,3,cat,3,cat,0.999470055103302,-8.801855087280273,True
known,2923,3,cat,3,cat,0.998144268989563,-9.575770378112793,True
known,2924,1,automobile,1,automobile,0.9992721676826477,-8.5800199508667,True
known,2925,4,deer,4,deer,0.9925631880760193,-8.260805130004883,True
known,2926,9,truck,9,truck,0.9992483258247375,-9.030847549438477,True
known,2927,8,ship,8,ship,0.9997683167457581,-9.766053199768066,True
known,2928,1,automobile,1,automobile,0.9996819496154785,-9.559903144836426,True
known,2929,1,automobile,1,automobile,0.9999539852142334,-11.608519554138184,True
known,2930,7,horse,7,horse,0.9844745397567749,-7.630620956420898,True
known,2931,9,truck,9,truck,0.9944038391113281,-7.390424728393555,True
known,2932,9,truck,9,truck,0.9999319314956665,-10.940340995788574,True
known,2933,4,deer,4,deer,0.9997954964637756,-10.769440650939941,True
known,2934,6,frog,6,frog,0.9986947178840637,-8.31750202178955,True
known,2935,8,ship,8,ship,0.9991626739501953,-8.729212760925293,True
known,2936,5,dog,5,dog,0.999975323677063,-11.870902061462402,True
known,2937,3,cat,3,cat,0.9869365096092224,-10.338360786437988,True
known,2938,2,bird,2,bird,0.9993315935134888,-9.650591850280762,True
known,2939,2,bird,2,bird,0.995349109172821,-7.311352729797363,True
known,2940,3,cat,3,cat,0.9816977381706238,-7.487411975860596,True
known,2941,8,ship,8,ship,0.999567449092865,-9.525182723999023,True
known,2942,5,dog,5,dog,0.9991270899772644,-9.451770782470703,True
known,2943,1,automobile,1,automobile,0.993122398853302,-8.872014045715332,True
known,2944,9,truck,9,truck,0.9999818801879883,-12.925930976867676,True
known,2945,7,horse,7,horse,0.9997581839561462,-9.702494621276855,True
known,2946,9,truck,9,truck,0.9924709796905518,-7.0275163650512695,True
known,2947,1,automobile,1,automobile,0.9974120259284973,-7.436427116394043,True
known,2948,5,dog,4,deer,0.9714677929878235,-5.991349220275879,False
known,2949,3,cat,3,cat,0.6923027634620667,-7.364059925079346,True
known,2950,1,automobile,1,automobile,0.9304837584495544,-6.111084938049316,False
known,2951,0,airplane,0,airplane,0.9999338388442993,-10.827714920043945,True
known,2952,3,cat,3,cat,0.994785726070404,-8.674569129943848,True
known,2953,8,ship,8,ship,0.9999516010284424,-11.048323631286621,True
known,2954,9,truck,9,truck,0.9996451139450073,-9.469293594360352,True
known,2955,2,bird,3,cat,0.665648341178894,-5.770561218261719,False
known,2956,0,airplane,0,airplane,0.9980782270431519,-8.71366024017334,True
known,2957,8,ship,9,truck,0.42435500025749207,-5.426433086395264,False
known,2958,0,airplane,0,airplane,0.9142603278160095,-7.310628890991211,True
known,2959,7,horse,7,horse,0.993028461933136,-7.708918571472168,True
known,2960,9,truck,0,airplane,0.94327712059021,-5.767423152923584,False
known,2961,4,deer,4,deer,0.9996412992477417,-10.022693634033203,True
known,2962,8,ship,8,ship,0.9996448755264282,-10.103449821472168,True
known,2963,3,cat,3,cat,0.9968274235725403,-9.52326488494873,True
known,2964,0,airplane,0,airplane,0.9998465776443481,-10.307043075561523,True
known,2965,7,horse,7,horse,0.9999514818191528,-12.42703628540039,True
known,2966,0,airplane,0,airplane,0.9999502897262573,-11.634401321411133,True
known,2967,7,horse,7,horse,0.9995065927505493,-9.054204940795898,True
known,2968,0,airplane,0,airplane,0.9877562522888184,-10.084395408630371,True
known,2969,5,dog,5,dog,0.9925773739814758,-7.089328289031982,True
known,2970,5,dog,5,dog,0.9958617687225342,-8.527192115783691,True
known,2971,4,deer,4,deer,0.9999148845672607,-10.708325386047363,True
known,2972,3,cat,3,cat,0.9997844099998474,-10.899748802185059,True
known,2973,0,airplane,0,airplane,0.9999455213546753,-11.083138465881348,True
known,2974,9,truck,9,truck,0.9997461438179016,-9.693100929260254,True
known,2975,9,truck,9,truck,0.9854854941368103,-7.232072830200195,True
known,2976,0,airplane,0,airplane,0.9994348883628845,-9.748324394226074,True
known,2977,2,bird,2,bird,0.9998977184295654,-11.048988342285156,True
known,2978,2,bird,2,bird,0.9931514263153076,-7.282904148101807,True
known,2979,0,airplane,0,airplane,0.9993019104003906,-9.623080253601074,True
known,2980,8,ship,8,ship,0.9999542236328125,-11.275217056274414,True
known,2981,4,deer,4,deer,0.9950919151306152,-8.811805725097656,True
known,2982,4,deer,4,deer,0.9999023675918579,-10.399861335754395,True
known,2983,5,dog,5,dog,0.9999128580093384,-11.443180084228516,True
known,2984,2,bird,2,bird,0.9996175765991211,-11.558432579040527,True
known,2985,2,bird,2,bird,0.873710572719574,-5.578686714172363,False
known,2986,1,automobile,1,automobile,0.9996427297592163,-9.195582389831543,True
known,2987,1,automobile,1,automobile,0.9313105940818787,-5.868476867675781,False
known,2988,5,dog,5,dog,0.9998897314071655,-11.48719310760498,True
known,2989,5,dog,5,dog,0.9908734560012817,-8.483988761901855,True
known,2990,4,deer,4,deer,0.9996603727340698,-9.75862979888916,True
known,2991,3,cat,3,cat,0.9997779726982117,-10.298972129821777,True
known,2992,4,deer,4,deer,0.9968165755271912,-8.074841499328613,True
known,2993,0,airplane,0,airplane,0.9998621940612793,-10.49654769897461,True
known,2994,8,ship,8,ship,0.9999653100967407,-11.630467414855957,True
known,2995,4,deer,4,deer,0.9998524188995361,-11.706442832946777,True
known,2996,8,ship,8,ship,0.998155415058136,-8.733296394348145,True
known,2997,2,bird,2,bird,0.9989174604415894,-9.630950927734375,True
known,2998,5,dog,5,dog,0.9999163150787354,-11.294882774353027,True
known,2999,6,frog,6,frog,0.999638557434082,-9.948735237121582,True
known,3000,5,dog,5,dog,0.9998749494552612,-10.684326171875,True
known,3001,1,automobile,1,automobile,0.9992538094520569,-8.529162406921387,True
known,3002,7,horse,7,horse,0.9990938901901245,-9.696739196777344,True
known,3003,2,bird,2,bird,0.999976396560669,-11.765724182128906,True
known,3004,4,deer,4,deer,0.9999483823776245,-10.976558685302734,True
known,3005,0,airplane,0,airplane,0.9999896287918091,-12.984128952026367,True
known,3006,5,dog,5,dog,0.855640709400177,-7.471647262573242,True
known,3007,6,frog,6,frog,0.9988104104995728,-8.521978378295898,True
known,3008,8,ship,8,ship,0.9995988011360168,-9.148249626159668,True
known,3009,7,horse,7,horse,0.9999161958694458,-10.852262496948242,True
known,3010,6,frog,6,frog,0.999575674533844,-9.199053764343262,True
known,3011,3,cat,3,cat,0.9919978976249695,-9.918922424316406,True
known,3012,1,automobile,1,automobile,0.9995835423469543,-9.296751022338867,True
known,3013,3,cat,3,cat,0.5741708874702454,-5.9311628341674805,False
known,3014,6,frog,6,frog,0.9846218824386597,-8.440045356750488,True
known,3015,6,frog,6,frog,0.999795138835907,-11.318160057067871,True
known,3016,4,deer,4,deer,0.9999020099639893,-10.91748332977295,True
known,3017,5,dog,5,dog,0.9997897744178772,-11.21526050567627,True
known,3018,5,dog,5,dog,0.9996575117111206,-9.385088920593262,True
known,3019,5,dog,5,dog,0.9883391857147217,-9.866532325744629,True
known,3020,1,automobile,1,automobile,0.9998817443847656,-10.520782470703125,True
known,3021,8,ship,8,ship,0.9998552799224854,-10.23989200592041,True
known,3022,7,horse,7,horse,0.9999001026153564,-10.834482192993164,True
known,3023,3,cat,3,cat,0.9970101118087769,-7.807277202606201,True
known,3024,0,airplane,0,airplane,0.9996302127838135,-10.064438819885254,True
known,3025,2,bird,2,bird,0.9994444251060486,-11.092461585998535,True
known,3026,5,dog,5,dog,0.9917942881584167,-10.017679214477539,True
known,3027,1,automobile,1,automobile,0.9997912049293518,-9.814677238464355,True
known,3028,1,automobile,1,automobile,0.9967082738876343,-7.585759162902832,True
known,3029,1,automobile,1,automobile,0.9995481371879578,-9.743257522583008,True
known,3030,6,frog,6,frog,0.999612033367157,-9.912067413330078,True
known,3031,7,horse,7,horse,0.9955397248268127,-7.357922077178955,True
known,3032,2,bird,2,bird,0.9706703424453735,-7.192183494567871,True
known,3033,1,automobile,1,automobile,0.9993025064468384,-8.68273639678955,True
known,3034,2,bird,2,bird,0.9993972778320312,-9.82213306427002,True
known,3035,3,cat,3,cat,0.9997598528862,-10.398555755615234,True
known,3036,9,truck,9,truck,0.9995402097702026,-9.5142822265625,True
known,3037,8,ship,8,ship,0.9999985694885254,-14.735410690307617,True
known,3038,3,cat,3,cat,0.9972088932991028,-9.592476844787598,True
known,3039,1,automobile,1,automobile,0.9994970560073853,-9.15654182434082,True
known,3040,7,horse,7,horse,0.9993576407432556,-8.635838508605957,True
known,3041,4,deer,4,deer,0.999775230884552,-10.203145027160645,True
known,3042,8,ship,8,ship,0.9998083710670471,-10.71070384979248,True
known,3043,4,deer,4,deer,0.9998832941055298,-10.670941352844238,True
known,3044,7,horse,7,horse,0.9998074173927307,-10.969199180603027,True
known,3045,5,dog,5,dog,0.9998390674591064,-10.198199272155762,True
known,3046,8,ship,8,ship,0.9997833371162415,-10.20711612701416,True
known,3047,6,frog,6,frog,0.9962156414985657,-7.284237384796143,True
known,3048,0,airplane,0,airplane,0.9993401169776917,-9.246503829956055,True
known,3049,3,cat,3,cat,0.6453002691268921,-6.458370685577393,True
known,3050,0,airplane,0,airplane,0.9997928738594055,-10.838613510131836,True
known,3051,8,ship,8,ship,0.9672748446464539,-6.787302017211914,True
known,3052,3,cat,2,bird,0.582714855670929,-5.013729095458984,False
known,3053,4,deer,4,deer,0.9999207258224487,-10.85207462310791,True
known,3054,4,deer,4,deer,0.999891996383667,-10.629737854003906,True
known,3055,9,truck,9,truck,0.9989035129547119,-8.424589157104492,True
known,3056,4,deer,4,deer,0.894251823425293,-6.293211936950684,True
known,3057,6,frog,6,frog,0.9997527003288269,-9.757563591003418,True
known,3058,1,automobile,1,automobile,0.999714195728302,-9.380158424377441,True
known,3059,5,dog,3,cat,0.8921791911125183,-4.774328708648682,False
known,3060,7,horse,7,horse,0.9999562501907349,-11.44776439666748,True
known,3061,7,horse,7,horse,0.9996021389961243,-9.739212989807129,True
known,3062,9,truck,9,truck,0.9994196891784668,-9.008694648742676,True
known,3063,0,airplane,0,airplane,0.9994937181472778,-11.226418495178223,True
known,3064,1,automobile,1,automobile,0.9998683929443359,-10.199240684509277,True
known,3065,3,cat,3,cat,0.9826504588127136,-8.318523406982422,True
known,3066,1,automobile,1,automobile,0.999471127986908,-9.0347900390625,True
known,3067,3,cat,3,cat,0.9997373223304749,-10.941064834594727,True
known,3068,2,bird,0,airplane,0.8636420369148254,-8.47150993347168,True
known,3069,4,deer,4,deer,0.9995138645172119,-10.089038848876953,True
known,3070,0,airplane,0,airplane,0.997602641582489,-8.321395874023438,True
known,3071,7,horse,7,horse,0.9995916485786438,-10.057440757751465,True
known,3072,8,ship,8,ship,0.9986714124679565,-8.554150581359863,True
known,3073,3,cat,3,cat,0.9998750686645508,-10.823731422424316,True
known,3074,1,automobile,1,automobile,0.9997631907463074,-9.82236385345459,True
known,3075,6,frog,6,frog,0.969027578830719,-6.432640552520752,True
known,3076,2,bird,2,bird,0.9943853616714478,-7.622936248779297,True
known,3077,1,automobile,1,automobile,0.9993005990982056,-8.58657169342041,True
known,3078,8,ship,8,ship,0.9999021291732788,-10.781521797180176,True
known,3079,8,ship,8,ship,0.9991129040718079,-9.410628318786621,True
known,3080,1,automobile,1,automobile,0.9999632835388184,-11.905282974243164,True
known,3081,9,truck,9,truck,0.9994484782218933,-8.88813304901123,True
known,3082,7,horse,7,horse,0.9970117807388306,-9.160724639892578,True
known,3083,5,dog,5,dog,0.6457715630531311,-6.150082111358643,False
known,3084,3,cat,3,cat,0.8407341837882996,-8.411141395568848,True
known,3085,2,bird,2,bird,0.9993539452552795,-10.099125862121582,True
known,3086,9,truck,9,truck,0.9995869994163513,-9.462098121643066,True
known,3087,0,airplane,0,airplane,0.999936580657959,-11.0889892578125,True
known,3088,6,frog,6,frog,0.9996610879898071,-9.866596221923828,True
known,3089,8,ship,8,ship,0.9989789724349976,-8.5978364944458,True
known,3090,4,deer,4,deer,0.999958872795105,-11.407628059387207,True
known,3091,1,automobile,1,automobile,0.9964866638183594,-9.910466194152832,True
known,3092,5,dog,5,dog,0.9997926354408264,-10.270279884338379,True
known,3093,7,horse,7,horse,0.999763548374176,-10.751932144165039,True
known,3094,2,bird,2,bird,0.9665864109992981,-8.436334609985352,True
known,3095,4,deer,4,deer,0.9958717226982117,-8.726080894470215,True
known,3096,7,horse,7,horse,0.999622106552124,-9.14865493774414,True
known,3097,0,airplane,2,bird,0.8857104778289795,-5.157691478729248,False
known,3098,4,deer,4,deer,0.9998341798782349,-10.392938613891602,True
known,3099,9,truck,9,truck,0.9982478618621826,-7.785472393035889,True
known,3100,0,airplane,0,airplane,0.9997567534446716,-12.154764175415039,True
known,3101,7,horse,7,horse,0.998741090297699,-8.19284439086914,True
known,3102,0,airplane,0,airplane,0.999981164932251,-12.049013137817383,True
known,3103,6,frog,6,frog,0.9965416789054871,-7.68601131439209,True
known,3104,7,horse,7,horse,0.999546229839325,-9.589046478271484,True
known,3105,1,automobile,1,automobile,0.999518871307373,-9.217257499694824,True
known,3106,8,ship,8,ship,0.9999597072601318,-11.506651878356934,True
known,3107,5,dog,5,dog,0.596591055393219,-5.4026641845703125,False
known,3108,8,ship,8,ship,0.999896764755249,-10.73734188079834,True
known,3109,8,ship,8,ship,0.9999459981918335,-11.849125862121582,True
known,3110,7,horse,7,horse,0.9991558790206909,-9.641165733337402,True
known,3111,0,airplane,0,airplane,0.9999148845672607,-10.833837509155273,True
known,3112,0,airplane,0,airplane,0.9995338916778564,-10.011080741882324,True
known,3113,3,cat,5,dog,0.5583599805831909,-4.370026588439941,False
known,3114,2,bird,2,bird,0.9997993111610413,-10.65654182434082,True
known,3115,5,dog,5,dog,0.9186908006668091,-6.792334079742432,True
known,3116,7,horse,7,horse,0.9997977614402771,-10.02747631072998,True
known,3117,0,airplane,0,airplane,0.9991528987884521,-8.877464294433594,True
known,3118,6,frog,6,frog,0.9998800754547119,-10.453048706054688,True
known,3119,4,deer,4,deer,0.9998975992202759,-10.574283599853516,True
known,3120,4,deer,4,deer,0.9999908208847046,-13.0269775390625,True
known,3121,9,truck,9,truck,0.9994542002677917,-9.181546211242676,True
known,3122,1,automobile,1,automobile,0.9997356534004211,-9.693565368652344,True
known,3123,8,ship,8,ship,0.9999830722808838,-12.096475601196289,True
known,3124,6,frog,6,frog,0.9991150498390198,-8.778398513793945,True
known,3125,3,cat,3,cat,0.9972946047782898,-7.5091753005981445,True
known,3126,9,truck,9,truck,0.9994350075721741,-9.056447982788086,True
known,3127,4,deer,4,deer,0.9998799562454224,-10.850844383239746,True
known,3128,9,truck,9,truck,0.9998513460159302,-10.777220726013184,True
known,3129,3,cat,3,cat,0.9996511936187744,-9.415852546691895,True
known,3130,3,cat,3,cat,0.9968826770782471,-8.858874320983887,True
known,3131,7,horse,7,horse,0.9981244206428528,-9.501150131225586,True
known,3132,5,dog,5,dog,0.9880030155181885,-7.264433860778809,True
known,3133,9,truck,9,truck,0.9983738660812378,-7.974038124084473,True
known,3134,7,horse,7,horse,0.999915361404419,-10.595876693725586,True
known,3135,7,horse,7,horse,0.9244627952575684,-7.720180988311768,True
known,3136,4,deer,4,deer,0.9998654127120972,-10.634383201599121,True
known,3137,5,dog,5,dog,0.9994833469390869,-9.379371643066406,True
known,3138,8,ship,8,ship,0.9995310306549072,-9.268742561340332,True
known,3139,2,bird,2,bird,0.9998459815979004,-11.199708938598633,True
known,3140,8,ship,8,ship,0.9999371767044067,-10.8904447555542,True
known,3141,9,truck,9,truck,0.9986935257911682,-8.176126480102539,True
known,3142,5,dog,5,dog,0.9999580383300781,-11.620523452758789,True
known,3143,3,cat,3,cat,0.9998637437820435,-10.473471641540527,True
known,3144,1,automobile,1,automobile,0.9992901086807251,-9.29019832611084,True
known,3145,9,truck,9,truck,0.9993721842765808,-8.693954467773438,True
known,3146,2,bird,2,bird,0.8579110503196716,-5.1772637367248535,False
known,3147,2,bird,2,bird,0.9999092817306519,-10.841499328613281,True
known,3148,0,airplane,0,airplane,0.9997898936271667,-10.239394187927246,True
known,3149,1,automobile,1,automobile,0.9996122717857361,-9.141608238220215,True
known,3150,1,automobile,1,automobile,0.960864782333374,-7.563201904296875,True
known,3151,8,ship,8,ship,0.9996740818023682,-10.49448013305664,True
known,3152,1,automobile,1,automobile,0.9997554421424866,-9.797170639038086,True
known,3153,1,automobile,1,automobile,0.9976488947868347,-7.705328464508057,True
known,3154,9,truck,9,truck,0.8848416209220886,-7.306248664855957,True
known,3155,8,ship,8,ship,0.9999459981918335,-10.975909233093262,True
known,3156,9,truck,9,truck,0.9993208646774292,-8.6665678024292,True
known,3157,9,truck,9,truck,0.9986869692802429,-8.012563705444336,True
known,3158,0,airplane,0,airplane,0.9909115433692932,-7.114101886749268,True
known,3159,2,bird,2,bird,0.9999222755432129,-11.00416374206543,True
known,3160,6,frog,6,frog,0.985486626625061,-10.020223617553711,True
known,3161,9,truck,9,truck,0.9997732043266296,-9.935444831848145,True
known,3162,1,automobile,1,automobile,0.9996305704116821,-10.131022453308105,True
known,3163,9,truck,9,truck,0.9999467134475708,-11.974854469299316,True
known,3164,0,airplane,6,frog,0.8058152794837952,-4.714108467102051,False
known,3165,1,automobile,1,automobile,0.9993435740470886,-9.256762504577637,True
known,3166,9,truck,9,truck,0.999426007270813,-9.191520690917969,True
known,3167,2,bird,2,bird,0.9998819828033447,-10.850728988647461,True
known,3168,9,truck,9,truck,0.7636129856109619,-6.40140438079834,True
known,3169,9,truck,9,truck,0.9999792575836182,-11.859362602233887,True
known,3170,9,truck,9,truck,0.9997609257698059,-9.623379707336426,True
known,3171,0,airplane,0,airplane,0.9751191735267639,-6.347059726715088,True
known,3172,9,truck,9,truck,0.9965425133705139,-8.693573951721191,True
known,3173,9,truck,9,truck,0.9992581009864807,-9.87929916381836,True
known,3174,2,bird,2,bird,0.9998416900634766,-11.316563606262207,True
known,3175,1,automobile,1,automobile,0.9995535016059875,-9.188446998596191,True
known,3176,7,horse,7,horse,0.9992838501930237,-8.637508392333984,True
known,3177,0,airplane,0,airplane,0.9996383190155029,-11.399123191833496,True
known,3178,5,dog,5,dog,0.9998517036437988,-10.888800621032715,True
known,3179,6,frog,6,frog,0.9997287392616272,-9.666837692260742,True
known,3180,3,cat,3,cat,0.9959089756011963,-9.302937507629395,True
known,3181,9,truck,1,automobile,0.7436177730560303,-6.969104766845703,True
known,3182,8,ship,8,ship,0.9999711513519287,-12.101778030395508,True
known,3183,3,cat,3,cat,0.9946317672729492,-8.300897598266602,True
known,3184,0,airplane,0,airplane,0.9999293088912964,-11.286209106445312,True
known,3185,2,bird,2,bird,0.9997614026069641,-10.939688682556152,True
known,3186,7,horse,7,horse,0.9887852668762207,-7.001749515533447,True
known,3187,7,horse,7,horse,0.9995113611221313,-9.048272132873535,True
known,3188,4,deer,4,deer,0.9999467134475708,-11.449943542480469,True
known,3189,8,ship,8,ship,0.9995898604393005,-9.408534049987793,True
known,3190,3,cat,3,cat,0.9997237324714661,-10.50301456451416,True
known,3191,0,airplane,0,airplane,0.9996496438980103,-9.548005104064941,True
known,3192,5,dog,4,deer,0.6821742653846741,-4.84442663192749,False
known,3193,2,bird,2,bird,0.9998723268508911,-11.258970260620117,True
known,3194,3,cat,3,cat,0.9985195994377136,-11.094707489013672,True
known,3195,5,dog,5,dog,0.9998983144760132,-11.104835510253906,True
known,3196,7,horse,7,horse,0.9999991655349731,-15.058595657348633,True
known,3197,6,frog,6,frog,0.9998286962509155,-10.024272918701172,True
known,3198,6,frog,6,frog,0.9990127086639404,-9.043572425842285,True
known,3199,6,frog,6,frog,0.9996071457862854,-9.563159942626953,True
known,3200,5,dog,5,dog,0.9999933242797852,-13.914865493774414,True
known,3201,6,frog,6,frog,0.9996739625930786,-10.744600296020508,True
known,3202,5,dog,3,cat,0.9546344876289368,-8.522115707397461,True
known,3203,4,deer,4,deer,0.9999321699142456,-10.968119621276855,True
known,3204,5,dog,5,dog,0.9806905388832092,-8.252854347229004,True
known,3205,8,ship,8,ship,0.9999947547912598,-13.198911666870117,True
known,3206,8,ship,8,ship,0.9758589863777161,-6.625648498535156,True
known,3207,0,airplane,0,airplane,0.9999287128448486,-10.854248046875,True
known,3208,9,truck,9,truck,0.9831122756004333,-7.205552101135254,True
known,3209,7,horse,7,horse,0.5994613766670227,-4.658827781677246,False
known,3210,9,truck,9,truck,0.9999004602432251,-10.469256401062012,True
known,3211,0,airplane,9,truck,0.9874290823936462,-7.762067794799805,True
known,3212,6,frog,6,frog,0.9998260140419006,-9.94140911102295,True
known,3213,9,truck,9,truck,0.9995212554931641,-9.064291000366211,True
known,3214,6,frog,6,frog,0.8268691301345825,-5.856760501861572,False
known,3215,1,automobile,1,automobile,0.9993195533752441,-8.627070426940918,True
known,3216,4,deer,4,deer,0.991135835647583,-6.919739723205566,True
known,3217,7,horse,7,horse,0.9987865090370178,-8.792876243591309,True
known,3218,9,truck,9,truck,0.964857816696167,-7.709770679473877,True
known,3219,0,airplane,0,airplane,0.9991156458854675,-9.2930908203125,True
known,3220,3,cat,3,cat,0.8266989588737488,-6.380756378173828,True
known,3221,5,dog,5,dog,0.9997001886367798,-9.398087501525879,True
known,3222,4,deer,4,deer,0.9999499320983887,-11.671830177307129,True
known,3223,7,horse,7,horse,0.9997860789299011,-10.196706771850586,True
known,3224,6,frog,6,frog,0.998766303062439,-9.363828659057617,True
known,3225,9,truck,9,truck,0.9999157190322876,-10.593637466430664,True
known,3226,8,ship,8,ship,0.9982424974441528,-8.697880744934082,True
known,3227,2,bird,2,bird,0.999496340751648,-10.58244800567627,True
known,3228,3,cat,3,cat,0.9995291233062744,-10.06677532196045,True
known,3229,9,truck,9,truck,0.999068558216095,-8.672284126281738,True
known,3230,3,cat,3,cat,0.997612714767456,-7.685187816619873,True
known,3231,3,cat,5,dog,0.676072359085083,-4.362534999847412,False
known,3232,7,horse,7,horse,0.9995760321617126,-9.530862808227539,True
known,3233,8,ship,8,ship,0.9996986389160156,-9.4699068069458,True
known,3234,3,cat,3,cat,0.9999982118606567,-14.549039840698242,True
known,3235,5,dog,5,dog,0.9995074272155762,-10.630354881286621,True
known,3236,5,dog,5,dog,0.9496214389801025,-7.151093006134033,True
known,3237,9,truck,9,truck,0.9986786246299744,-10.508316993713379,True
known,3238,6,frog,6,frog,0.9999793767929077,-12.386924743652344,True
known,3239,1,automobile,1,automobile,0.9998589754104614,-10.62244987487793,True
known,3240,4,deer,4,deer,0.9953562617301941,-8.70962905883789,True
known,3241,7,horse,7,horse,0.9998167157173157,-9.875593185424805,True
known,3242,4,deer,4,deer,0.9995007514953613,-9.796889305114746,True
known,3243,8,ship,8,ship,0.9997380375862122,-9.5875883102417,True
known,3244,7,horse,7,horse,0.9999381303787231,-11.53295612335205,True
known,3245,7,horse,7,horse,0.9998337030410767,-10.491637229919434,True
known,3246,1,automobile,1,automobile,0.9886388778686523,-7.570079803466797,True
known,3247,3,cat,3,cat,0.9984666109085083,-8.194177627563477,True
known,3248,0,airplane,0,airplane,0.9985461235046387,-8.909000396728516,True
known,3249,3,cat,3,cat,0.9999415874481201,-11.166048049926758,True
known,3250,2,bird,2,bird,0.9991193413734436,-8.993995666503906,True
known,3251,5,dog,5,dog,0.9959854483604431,-8.115509033203125,True
known,3252,4,deer,4,deer,0.9984560012817383,-8.516449928283691,True
known,3253,9,truck,1,automobile,0.6273568868637085,-6.316736221313477,True
known,3254,3,cat,3,cat,0.9971145391464233,-10.263959884643555,True
known,3255,5,dog,5,dog,0.9999817609786987,-12.835102081298828,True
known,3256,4,deer,4,deer,0.9998974800109863,-10.364157676696777,True
known,3257,7,horse,7,horse,0.9994667172431946,-9.308259963989258,True
known,3258,0,airplane,0,airplane,0.9822538495063782,-8.654762268066406,True
known,3259,3,cat,3,cat,0.6423686146736145,-6.608709335327148,True
known,3260,7,horse,7,horse,0.9993892908096313,-8.820415496826172,True
known,3261,0,airplane,0,airplane,0.9997031092643738,-9.801080703735352,True
known,3262,2,bird,2,bird,0.7963467836380005,-6.15360164642334,False
known,3263,1,automobile,1,automobile,0.9998049139976501,-10.894867897033691,True
known,3264,5,dog,5,dog,0.9992768168449402,-8.92017936706543,True
known,3265,8,ship,8,ship,0.9997907280921936,-9.761698722839355,True
known,3266,7,horse,7,horse,0.9999338388442993,-11.000645637512207,True
known,3267,3,cat,3,cat,0.9992582201957703,-9.95156192779541,True
known,3268,5,dog,5,dog,0.9993093013763428,-9.452073097229004,True
known,3269,7,horse,7,horse,0.9995174407958984,-8.902135848999023,True
known,3270,8,ship,8,ship,0.9998630285263062,-10.31379222869873,True
known,3271,5,dog,5,dog,0.9993261098861694,-8.990067481994629,True
known,3272,7,horse,7,horse,0.9998853206634521,-10.402484893798828,True
known,3273,8,ship,8,ship,0.9994931221008301,-9.024883270263672,True
known,3274,1,automobile,1,automobile,0.9996046423912048,-9.112649917602539,True
known,3275,5,dog,7,horse,0.504336953163147,-4.278937339782715,False
known,3276,4,deer,4,deer,0.9999926090240479,-13.379202842712402,True
known,3277,7,horse,7,horse,0.9994633793830872,-9.071118354797363,True
known,3278,0,airplane,0,airplane,0.9575198292732239,-7.33019495010376,True
known,3279,8,ship,8,ship,0.9995868802070618,-9.508744239807129,True
known,3280,3,cat,3,cat,0.999358594417572,-9.175931930541992,True
known,3281,2,bird,2,bird,0.9997113347053528,-9.57417106628418,True
known,3282,9,truck,9,truck,0.9968900084495544,-8.072178840637207,True
known,3283,7,horse,7,horse,0.9982201457023621,-8.499996185302734,True
known,3284,4,deer,4,deer,0.9996663331985474,-10.398500442504883,True
known,3285,1,automobile,1,automobile,0.9996600151062012,-10.321782112121582,True
known,3286,6,frog,6,frog,0.9991948008537292,-8.681097984313965,True
known,3287,5,dog,5,dog,0.9996354579925537,-10.390691757202148,True
known,3288,9,truck,9,truck,0.9985917210578918,-8.066529273986816,True
known,3289,8,ship,8,ship,0.999992847442627,-12.870781898498535,True
known,3290,5,dog,5,dog,0.999874472618103,-10.431355476379395,True
known,3291,5,dog,5,dog,0.9952144622802734,-8.039636611938477,True
known,3292,4,deer,4,deer,0.968870222568512,-7.52620792388916,True
known,3293,1,automobile,1,automobile,0.9997976422309875,-9.79033088684082,True
known,3294,0,airplane,0,airplane,0.9952042102813721,-8.139909744262695,True
known,3295,9,truck,9,truck,0.9999290704727173,-10.746031761169434,True
known,3296,4,deer,4,deer,0.999699592590332,-9.39405345916748,True
known,3297,4,deer,5,dog,0.8556885719299316,-6.631154537200928,True
known,3298,3,cat,3,cat,0.9951871037483215,-9.981450080871582,True
known,3299,0,airplane,0,airplane,0.9686510562896729,-6.747747421264648,True
known,3300,4,deer,4,deer,0.9995812773704529,-9.69083023071289,True
known,3301,8,ship,8,ship,0.9793255925178528,-6.669466018676758,True
known,3302,0,airplane,0,airplane,0.9941896200180054,-7.562814235687256,True
known,3303,8,ship,8,ship,0.9974260926246643,-8.851868629455566,True
known,3304,2,bird,2,bird,0.9993399977684021,-9.274250030517578,True
known,3305,9,truck,9,truck,0.9993971586227417,-8.98446273803711,True
known,3306,5,dog,5,dog,0.736535906791687,-7.840503692626953,True
known,3307,9,truck,9,truck,0.9999527931213379,-11.341514587402344,True
known,3308,7,horse,7,horse,0.9999227523803711,-11.22137451171875,True
known,3309,4,deer,4,deer,0.7057511806488037,-6.310907363891602,True
known,3310,6,frog,6,frog,0.9997618794441223,-9.584554672241211,True
known,3311,7,horse,7,horse,0.9998563528060913,-11.090670585632324,True
known,3312,9,truck,9,truck,0.9994698166847229,-9.072731971740723,True
known,3313,2,bird,2,bird,0.999702513217926,-9.590089797973633,True
known,3314,9,truck,9,truck,0.9884499311447144,-8.437067031860352,True
known,3315,3,cat,3,cat,0.9997410178184509,-10.986632347106934,True
known,3316,7,horse,7,horse,0.9994447827339172,-8.889148712158203,True
known,3317,7,horse,7,horse,0.9999370574951172,-10.937515258789062,True
known,3318,8,ship,8,ship,0.9999912977218628,-14.533967971801758,True
known,3319,2,bird,2,bird,0.9998040795326233,-10.457862854003906,True
known,3320,2,bird,2,bird,0.9886526465415955,-7.3122148513793945,True
known,3321,0,airplane,0,airplane,0.9996004700660706,-10.298745155334473,True
known,3322,2,bird,2,bird,0.9999496936798096,-11.243400573730469,True
known,3323,5,dog,5,dog,0.9998276233673096,-10.725616455078125,True
known,3324,3,cat,3,cat,0.9992094039916992,-8.634392738342285,True
known,3325,6,frog,6,frog,0.9997156262397766,-9.808516502380371,True
known,3326,4,deer,4,deer,0.9998674392700195,-10.039451599121094,True
known,3327,7,horse,7,horse,0.9987829327583313,-8.783249855041504,True
known,3328,2,bird,2,bird,0.9999059438705444,-11.121940612792969,True
known,3329,3,cat,3,cat,0.9829728603363037,-8.568726539611816,True
known,3330,7,horse,7,horse,0.9877024292945862,-9.085708618164062,True
known,3331,8,ship,8,ship,0.9999403953552246,-10.907851219177246,True
known,3332,7,horse,7,horse,0.9999270439147949,-11.446227073669434,True
known,3333,2,bird,2,bird,0.9985210299491882,-8.352420806884766,True
known,3334,5,dog,5,dog,0.9999294281005859,-11.685562133789062,True
known,3335,0,airplane,0,airplane,0.998318076133728,-8.852703094482422,True
known,3336,0,airplane,0,airplane,0.7391335368156433,-5.831411838531494,False
known,3337,7,horse,7,horse,0.999981164932251,-12.145011901855469,True
known,3338,0,airplane,0,airplane,0.9537103176116943,-6.277368068695068,True
known,3339,9,truck,9,truck,0.5110195279121399,-6.090066909790039,False
known,3340,6,frog,6,frog,0.9997004270553589,-9.84804630279541,True
known,3341,1,automobile,1,automobile,0.9986963868141174,-8.105116844177246,True
known,3342,0,airplane,0,airplane,0.9479342103004456,-6.499484539031982,True
known,3343,3,cat,5,dog,0.8102214932441711,-7.257537364959717,True
known,3344,9,truck,9,truck,0.9972424507141113,-7.964520454406738,True
known,3345,7,horse,7,horse,0.999881386756897,-10.261571884155273,True
known,3346,4,deer,4,deer,0.9996891021728516,-9.5336332321167,True
known,3347,9,truck,9,truck,0.9995892643928528,-9.531025886535645,True
known,3348,1,automobile,1,automobile,0.9957137107849121,-7.136100769042969,True
known,3349,6,frog,6,frog,0.9937064051628113,-9.155116081237793,True
known,3350,8,ship,8,ship,0.9999310970306396,-11.385682106018066,True
known,3351,1,automobile,1,automobile,0.9998421669006348,-10.630696296691895,True
known,3352,2,bird,2,bird,0.9996572732925415,-9.364814758300781,True
known,3353,3,cat,3,cat,0.9996229410171509,-9.197162628173828,True
known,3354,3,cat,5,dog,0.9908794164657593,-7.144723415374756,True
known,3355,5,dog,5,dog,0.9739798307418823,-6.524608135223389,True
known,3356,4,deer,4,deer,0.9999358654022217,-11.847493171691895,True
known,3357,8,ship,8,ship,0.9578905701637268,-6.175344467163086,False
known,3358,9,truck,9,truck,0.9995885491371155,-11.39490032196045,True
known,3359,7,horse,7,horse,0.9507514238357544,-6.821295738220215,True
known,3360,4,deer,4,deer,0.9995959401130676,-9.250578880310059,True
known,3361,4,deer,4,deer,0.9999107122421265,-11.037086486816406,True
known,3362,1,automobile,1,automobile,0.9991999268531799,-8.90095329284668,True
known,3363,2,bird,2,bird,0.9999439716339111,-11.275822639465332,True
known,3364,4,deer,4,deer,0.9999185800552368,-11.276506423950195,True
known,3365,9,truck,9,truck,0.9989815354347229,-8.447803497314453,True
known,3366,8,ship,8,ship,0.9986294507980347,-10.098182678222656,True
known,3367,7,horse,7,horse,0.9999018907546997,-10.876604080200195,True
known,3368,9,truck,9,truck,0.9995651841163635,-9.064095497131348,True
known,3369,5,dog,5,dog,0.9876049757003784,-8.163622856140137,True
known,3370,1,automobile,1,automobile,0.999914288520813,-10.603730201721191,True
known,3371,2,bird,2,bird,0.9982923865318298,-8.833348274230957,True
known,3372,1,automobile,1,automobile,0.9992523789405823,-8.613629341125488,True
known,3373,6,frog,6,frog,0.7316508889198303,-6.840681076049805,True
known,3374,6,frog,6,frog,0.9968211650848389,-7.439986228942871,True
known,3375,4,deer,4,deer,0.7849284410476685,-5.616603851318359,False
known,3376,5,dog,5,dog,0.9983049631118774,-9.592184066772461,True
known,3377,7,horse,7,horse,0.9999840259552002,-12.000669479370117,True
known,3378,4,deer,4,deer,0.9952868223190308,-7.236077308654785,True
known,3379,5,dog,5,dog,0.9994230270385742,-11.157304763793945,True
known,3380,8,ship,8,ship,0.9994662404060364,-8.928257942199707,True
known,3381,5,dog,5,dog,0.9682191610336304,-7.386412143707275,True
known,3382,2,bird,2,bird,0.9978979825973511,-9.280208587646484,True
known,3383,8,ship,8,ship,0.9997827410697937,-9.788569450378418,True
known,3384,7,horse,7,horse,0.9990569949150085,-8.708735466003418,True
known,3385,8,ship,8,ship,0.9999688863754272,-11.638664245605469,True
known,3386,2,bird,2,bird,0.9994114637374878,-8.915653228759766,True
known,3387,3,cat,3,cat,0.8633720278739929,-6.700547218322754,True
known,3388,6,frog,6,frog,0.9993926286697388,-9.30400562286377,True
known,3389,1,automobile,1,automobile,0.9984439015388489,-8.007927894592285,True
known,3390,3,cat,3,cat,0.9975764155387878,-10.421097755432129,True
known,3391,3,cat,3,cat,0.9981333613395691,-9.827078819274902,True
known,3392,1,automobile,9,truck,0.8572254180908203,-6.531129837036133,True
known,3393,5,dog,5,dog,0.9963511228561401,-8.951014518737793,True
known,3394,1,automobile,1,automobile,0.9947105646133423,-7.429715633392334,True
known,3395,9,truck,9,truck,0.9991348385810852,-8.445984840393066,True
known,3396,0,airplane,0,airplane,0.9999667406082153,-12.086321830749512,True
known,3397,9,truck,9,truck,0.9992559552192688,-8.6007080078125,True
known,3398,2,bird,2,bird,0.9948276877403259,-10.296009063720703,True
known,3399,0,airplane,0,airplane,0.9999182224273682,-11.38381576538086,True
known,3400,6,frog,9,truck,0.4085879325866699,-2.8854129314422607,False
known,3401,2,bird,2,bird,0.9990348815917969,-9.39298152923584,True
known,3402,4,deer,4,deer,0.9986763596534729,-9.070466041564941,True
known,3403,8,ship,8,ship,0.9998779296875,-10.337607383728027,True
known,3404,5,dog,5,dog,0.9991835951805115,-9.129490852355957,True
known,3405,7,horse,7,horse,0.9983879327774048,-8.31076431274414,True
known,3406,6,frog,6,frog,0.9998165965080261,-9.86013126373291,True
known,3407,1,automobile,1,automobile,0.9998513460159302,-10.406954765319824,True
known,3408,2,bird,2,bird,0.9962775111198425,-8.99289321899414,True
known,3409,9,truck,9,truck,0.999701201915741,-9.430035591125488,True
known,3410,4,deer,4,deer,0.999862790107727,-10.575299263000488,True
known,3411,5,dog,5,dog,0.9998507499694824,-12.204986572265625,True
known,3412,0,airplane,0,airplane,0.9991922974586487,-9.746255874633789,True
known,3413,3,cat,3,cat,0.998314380645752,-10.153366088867188,True
known,3414,3,cat,3,cat,0.9868836998939514,-8.30128288269043,True
known,3415,7,horse,7,horse,0.9999566078186035,-11.489468574523926,True
known,3416,7,horse,4,deer,0.9966965913772583,-8.097789764404297,True
known,3417,7,horse,7,horse,0.9993185997009277,-9.755793571472168,True
known,3418,1,automobile,1,automobile,0.999927282333374,-11.180964469909668,True
known,3419,4,deer,4,deer,0.9998290538787842,-9.980911254882812,True
known,3420,5,dog,5,dog,0.9902819395065308,-8.215328216552734,True
known,3421,0,airplane,0,airplane,0.9980377554893494,-8.837932586669922,True
known,3422,2,bird,2,bird,0.988907516002655,-7.724750518798828,True
known,3423,8,ship,8,ship,0.9999130964279175,-10.550553321838379,True
known,3424,5,dog,5,dog,0.9997832179069519,-10.570959091186523,True
known,3425,0,airplane,0,airplane,0.9706037640571594,-6.809515953063965,True
known,3426,0,airplane,0,airplane,0.9969131946563721,-10.548742294311523,True
known,3427,6,frog,6,frog,0.9997960925102234,-9.882341384887695,True
known,3428,2,bird,2,bird,0.9999376535415649,-11.215963363647461,True
known,3429,0,airplane,0,airplane,0.635413646697998,-7.51176118850708,True
known,3430,8,ship,8,ship,0.999678373336792,-9.882706642150879,True
known,3431,4,deer,4,deer,0.999723494052887,-9.61749267578125,True
known,3432,5,dog,5,dog,0.9999228715896606,-11.172415733337402,True
known,3433,4,deer,4,deer,0.9997316002845764,-9.669292449951172,True
known,3434,5,dog,5,dog,0.9999394416809082,-12.435439109802246,True
known,3435,6,frog,6,frog,0.999622106552124,-9.243834495544434,True
known,3436,4,deer,4,deer,0.999805748462677,-11.337281227111816,True
known,3437,7,horse,7,horse,0.9997438788414001,-9.610498428344727,True
known,3438,9,truck,9,truck,0.9999406337738037,-11.031067848205566,True
known,3439,4,deer,4,deer,0.9999842643737793,-12.55687427520752,True
known,3440,2,bird,2,bird,0.9998902082443237,-11.501001358032227,True
known,3441,0,airplane,0,airplane,0.9987413287162781,-9.49494743347168,True
known,3442,6,frog,6,frog,0.9908109903335571,-7.319486618041992,True
known,3443,4,deer,2,bird,0.817128598690033,-5.597936630249023,False
known,3444,0,airplane,2,bird,0.9980223178863525,-8.200148582458496,True
known,3445,0,airplane,0,airplane,0.9997441172599792,-9.758291244506836,True
known,3446,6,frog,6,frog,0.8886977434158325,-8.28003215789795,True
known,3447,4,deer,4,deer,0.9985474944114685,-9.029047966003418,True
known,3448,6,frog,6,frog,0.9995532631874084,-9.758618354797363,True
known,3449,1,automobile,1,automobile,0.9994577765464783,-8.992152214050293,True
known,3450,9,truck,1,automobile,0.9721311330795288,-8.861677169799805,True
known,3451,5,dog,5,dog,0.9999047517776489,-11.796988487243652,True
known,3452,5,dog,5,dog,0.9825249910354614,-8.269036293029785,True
known,3453,2,bird,2,bird,0.9986617565155029,-8.207524299621582,True
known,3454,2,bird,2,bird,0.9995017051696777,-9.07575798034668,True
known,3455,6,frog,6,frog,0.9971267580986023,-8.788740158081055,True
known,3456,3,cat,3,cat,0.9998670816421509,-10.477856636047363,True
known,3457,4,deer,4,deer,0.9999659061431885,-11.768449783325195,True
known,3458,5,dog,5,dog,0.9997079968452454,-11.81592082977295,True
known,3459,9,truck,9,truck,0.5776041746139526,-3.5146994590759277,False
known,3460,1,automobile,1,automobile,0.9991926550865173,-8.6480712890625,True
known,3461,7,horse,7,horse,0.9951004385948181,-8.260481834411621,True
known,3462,2,bird,2,bird,0.9971729516983032,-8.667450904846191,True
known,3463,3,cat,3,cat,0.914383590221405,-5.250864505767822,False
known,3464,9,truck,9,truck,0.9994472861289978,-9.990206718444824,True
known,3465,6,frog,6,frog,0.9998420476913452,-10.111299514770508,True
known,3466,5,dog,5,dog,0.9999550580978394,-11.281319618225098,True
known,3467,0,airplane,0,airplane,0.9970830082893372,-8.29022216796875,True
known,3468,2,bird,2,bird,0.9998047947883606,-10.24827766418457,True
known,3469,9,truck,9,truck,0.9990501999855042,-8.832792282104492,True
known,3470,7,horse,7,horse,0.9997026324272156,-10.091203689575195,True
known,3471,1,automobile,1,automobile,0.9990090131759644,-8.373351097106934,True
known,3472,7,horse,7,horse,0.9997879862785339,-10.093815803527832,True
known,3473,2,bird,2,bird,0.9994978904724121,-9.074331283569336,True
known,3474,2,bird,2,bird,0.9593206644058228,-6.774162292480469,True
known,3475,0,airplane,0,airplane,0.9963046312332153,-9.435635566711426,True
known,3476,8,ship,8,ship,0.9993878602981567,-9.423233985900879,True
known,3477,6,frog,6,frog,0.9997630715370178,-9.835386276245117,True
known,3478,4,deer,4,deer,0.9964976906776428,-7.73798942565918,True
known,3479,3,cat,3,cat,0.999716579914093,-9.970942497253418,True
known,3480,2,bird,2,bird,0.9968134760856628,-8.356405258178711,True
known,3481,7,horse,7,horse,0.9984667301177979,-9.730481147766113,True
known,3482,7,horse,7,horse,0.9996366500854492,-9.230541229248047,True
known,3483,0,airplane,0,airplane,0.9973015189170837,-10.195831298828125,True
known,3484,4,deer,4,deer,0.9999051094055176,-11.041218757629395,True
known,3485,1,automobile,1,automobile,0.9998472929000854,-10.721199989318848,True
known,3486,6,frog,6,frog,0.9999316930770874,-10.753662109375,True
known,3487,5,dog,5,dog,0.9993299245834351,-8.83967113494873,True
known,3488,1,automobile,1,automobile,0.9992000460624695,-8.527440071105957,True
known,3489,3,cat,5,dog,0.8073086142539978,-7.189403057098389,True
known,3490,0,airplane,0,airplane,0.9240309596061707,-7.2704668045043945,True
known,3491,3,cat,3,cat,0.9980162382125854,-9.084412574768066,True
known,3492,9,truck,9,truck,0.9997566342353821,-9.64842700958252,True
known,3493,0,airplane,0,airplane,0.9998125433921814,-10.278182983398438,True
known,3494,0,airplane,0,airplane,0.9866610169410706,-6.805789947509766,True
known,3495,2,bird,2,bird,0.9962868690490723,-8.005373001098633,True
known,3496,5,dog,5,dog,0.9856200218200684,-6.521463871002197,True
known,3497,0,airplane,0,airplane,0.9791631102561951,-6.49630880355835,True
known,3498,4,deer,4,deer,0.9999943971633911,-13.3203763961792,True
known,3499,0,airplane,0,airplane,0.9997608065605164,-9.851028442382812,True
known,3500,1,automobile,1,automobile,0.9996645450592041,-10.235810279846191,True
known,3501,9,truck,9,truck,0.4985516369342804,-5.951650619506836,False
known,3502,8,ship,8,ship,0.8373220562934875,-5.897369384765625,False
known,3503,4,deer,4,deer,0.9999521970748901,-11.73820972442627,True
known,3504,9,truck,9,truck,0.9992307424545288,-8.56152057647705,True
known,3505,4,deer,4,deer,0.9999947547912598,-13.49382495880127,True
known,3506,2,bird,2,bird,0.9993852376937866,-9.87463665008545,True
known,3507,4,deer,4,deer,0.9989029169082642,-8.733887672424316,True
known,3508,3,cat,3,cat,0.9993219375610352,-9.93188190460205,True
known,3509,3,cat,3,cat,0.9994183778762817,-9.3765230178833,True
known,3510,4,deer,4,deer,0.9998868703842163,-11.175431251525879,True
known,3511,0,airplane,0,airplane,0.9952491521835327,-8.01708698272705,True
known,3512,4,deer,4,deer,0.9999673366546631,-11.896788597106934,True
known,3513,3,cat,3,cat,0.9983764886856079,-9.195549011230469,True
known,3514,2,bird,4,deer,0.56789630651474,-3.7617170810699463,False
known,3515,8,ship,8,ship,0.9999722242355347,-12.006850242614746,True
known,3516,9,truck,9,truck,0.9997634291648865,-9.796101570129395,True
known,3517,1,automobile,1,automobile,0.9265323281288147,-6.050473213195801,False
known,3518,5,dog,5,dog,0.9999219179153442,-12.589773178100586,True
known,3519,8,ship,8,ship,0.9998921155929565,-11.323657035827637,True
known,3520,1,automobile,1,automobile,0.9999303817749023,-10.878317832946777,True
known,3521,8,ship,8,ship,0.9999532699584961,-11.285725593566895,True
known,3522,2,bird,2,bird,0.9998838901519775,-10.895550727844238,True
known,3523,4,deer,4,deer,0.9982327222824097,-7.970101833343506,True
known,3524,5,dog,5,dog,0.551630437374115,-5.46139669418335,False
known,3525,2,bird,2,bird,0.9986750483512878,-10.135934829711914,True
known,3526,4,deer,4,deer,0.9984830021858215,-8.24765682220459,True
known,3527,1,automobile,1,automobile,0.9997493624687195,-9.904535293579102,True
known,3528,1,automobile,1,automobile,0.9998321533203125,-10.058969497680664,True
known,3529,6,frog,6,frog,0.9996813535690308,-9.857699394226074,True
known,3530,6,frog,6,frog,0.9984257221221924,-8.215923309326172,True
known,3531,8,ship,8,ship,0.9774255156517029,-8.256043434143066,True
known,3532,5,dog,5,dog,0.9999921321868896,-13.36217212677002,True
known,3533,2,bird,2,bird,0.9999582767486572,-11.897035598754883,True
known,3534,2,bird,2,bird,0.9485822916030884,-6.103485584259033,False
known,3535,5,dog,5,dog,0.9995086193084717,-9.578999519348145,True
known,3536,0,airplane,0,airplane,0.9999059438705444,-10.739021301269531,True
known,3537,8,ship,8,ship,0.999871015548706,-10.71801471710205,True
known,3538,2,bird,2,bird,0.9998828172683716,-10.861442565917969,True
known,3539,3,cat,3,cat,0.6550644040107727,-4.606841564178467,False
known,3540,6,frog,6,frog,0.9997302889823914,-10.655343055725098,True
known,3541,2,bird,2,bird,0.9994276165962219,-9.875529289245605,True
known,3542,9,truck,9,truck,0.9997289776802063,-9.411635398864746,True
known,3543,6,frog,6,frog,0.9997441172599792,-9.772112846374512,True
known,3544,1,automobile,1,automobile,0.9997401833534241,-10.51289176940918,True
known,3545,4,deer,4,deer,0.9999375343322754,-11.167308807373047,True
known,3546,5,dog,5,dog,0.9998226761817932,-10.0203275680542,True
known,3547,9,truck,9,truck,0.9997406601905823,-9.449599266052246,True
known,3548,0,airplane,0,airplane,0.9998329877853394,-10.17924976348877,True
known,3549,1,automobile,1,automobile,0.9996217489242554,-9.421521186828613,True
known,3550,0,airplane,7,horse,0.5675270557403564,-4.626125335693359,False
known,3551,0,airplane,0,airplane,0.999969482421875,-11.759367942810059,True
known,3552,8,ship,8,ship,0.9999754428863525,-11.981804847717285,True
known,3553,1,automobile,1,automobile,0.9999306201934814,-11.219079971313477,True
known,3554,1,automobile,1,automobile,0.9997870326042175,-10.097030639648438,True
known,3555,6,frog,6,frog,0.9998960494995117,-11.699379920959473,True
known,3556,6,frog,6,frog,0.9998456239700317,-10.777751922607422,True
known,3557,9,truck,3,cat,0.5789121985435486,-3.273345947265625,False
known,3558,5,dog,5,dog,0.9965960383415222,-7.8162384033203125,True
known,3559,4,deer,4,deer,0.9984562397003174,-9.002104759216309,True
known,3560,1,automobile,9,truck,0.9893350005149841,-7.508042812347412,True
known,3561,7,horse,7,horse,0.9998326301574707,-11.50454330444336,True
known,3562,8,ship,8,ship,0.9993040561676025,-9.582368850708008,True
known,3563,6,frog,6,frog,0.9999186992645264,-10.936956405639648,True
known,3564,9,truck,9,truck,0.9995433688163757,-9.142404556274414,True
known,3565,1,automobile,1,automobile,0.9993195533752441,-8.659930229187012,True
known,3566,7,horse,7,horse,0.9999630451202393,-11.503873825073242,True
known,3567,6,frog,6,frog,0.9997126460075378,-9.75489330291748,True
known,3568,0,airplane,0,airplane,0.9998195767402649,-10.807863235473633,True
known,3569,9,truck,9,truck,0.9691952466964722,-6.457152843475342,True
known,3570,3,cat,3,cat,0.9987661838531494,-8.468135833740234,True
known,3571,5,dog,5,dog,0.9986140727996826,-10.000563621520996,True
known,3572,3,cat,3,cat,0.9993764758110046,-10.273690223693848,True
known,3573,2,bird,2,bird,0.9999032020568848,-10.823887825012207,True
known,3574,5,dog,5,dog,0.5327394008636475,-7.487735748291016,True
known,3575,3,cat,3,cat,0.999036431312561,-8.503829002380371,True
known,3576,4,deer,4,deer,0.9992708563804626,-8.7881498336792,True
known,3577,9,truck,9,truck,0.9982518553733826,-10.987570762634277,True
known,3578,7,horse,7,horse,0.9027678370475769,-9.064867973327637,True
known,3579,1,automobile,1,automobile,0.9995601773262024,-9.034976959228516,True
known,3580,4,deer,4,deer,0.964023232460022,-7.209804058074951,True
known,3581,4,deer,4,deer,0.9993364214897156,-10.102662086486816,True
known,3582,6,frog,6,frog,0.9979250431060791,-7.596743583679199,True
known,3583,1,automobile,1,automobile,0.9998477697372437,-10.37734317779541,True
known,3584,3,cat,3,cat,0.9966412782669067,-9.835347175598145,True
known,3585,8,ship,8,ship,0.9998733997344971,-10.611722946166992,True
known,3586,8,ship,8,ship,0.9998891353607178,-10.562775611877441,True
known,3587,0,airplane,0,airplane,0.9999053478240967,-10.868366241455078,True
known,3588,6,frog,6,frog,0.9999306201934814,-10.822916030883789,True
known,3589,7,horse,7,horse,0.9996737241744995,-9.83548641204834,True
known,3590,7,horse,7,horse,0.9997724890708923,-10.333102226257324,True
known,3591,6,frog,6,frog,0.9992992877960205,-9.438689231872559,True
known,3592,7,horse,7,horse,0.9999794960021973,-12.126523971557617,True
known,3593,2,bird,2,bird,0.9961172342300415,-8.655808448791504,True
known,3594,3,cat,3,cat,0.8837661147117615,-6.893847942352295,True
known,3595,2,bird,2,bird,0.9995802044868469,-9.703558921813965,True
known,3596,2,bird,2,bird,0.998552143573761,-9.106270790100098,True
known,3597,6,frog,6,frog,0.9990512728691101,-8.4159574508667,True
known,3598,2,bird,2,bird,0.9997778534889221,-9.996827125549316,True
known,3599,7,horse,7,horse,0.9994254112243652,-8.883418083190918,True
known,3600,4,deer,3,cat,0.8060300946235657,-4.065608024597168,False
known,3601,0,airplane,0,airplane,0.6506943702697754,-3.471391201019287,False
known,3602,3,cat,3,cat,0.99960857629776,-10.538777351379395,True
known,3603,6,frog,6,frog,0.9990339279174805,-8.715572357177734,True
known,3604,2,bird,2,bird,0.9998788833618164,-10.37191390991211,True
known,3605,6,frog,6,frog,0.999140739440918,-9.420957565307617,True
known,3606,3,cat,3,cat,0.9964550733566284,-7.239108562469482,True
known,3607,3,cat,2,bird,0.4681084454059601,-4.3317766189575195,False
known,3608,0,airplane,0,airplane,0.9996938705444336,-9.906610488891602,True
known,3609,9,truck,9,truck,0.9992245435714722,-8.57103157043457,True
known,3610,5,dog,5,dog,0.9911630153656006,-7.115637302398682,True
known,3611,1,automobile,1,automobile,0.9987516403198242,-10.170063972473145,True
known,3612,1,automobile,1,automobile,0.7817634344100952,-5.800303936004639,False
known,3613,5,dog,5,dog,0.9999920129776001,-13.40853214263916,True
known,3614,3,cat,3,cat,0.9967542290687561,-10.435222625732422,True
known,3615,6,frog,2,bird,0.7929233908653259,-5.452298164367676,False
known,3616,4,deer,4,deer,0.9989408850669861,-8.87010383605957,True
known,3617,3,cat,3,cat,0.9990948438644409,-10.121258735656738,True
known,3618,4,deer,4,deer,0.9964317083358765,-7.646039009094238,True
known,3619,1,automobile,1,automobile,0.9996452331542969,-9.193863868713379,True
known,3620,0,airplane,0,airplane,0.9999233484268188,-11.117826461791992,True
known,3621,4,deer,4,deer,0.9937644004821777,-8.19814682006836,True
known,3622,5,dog,3,cat,0.6371346116065979,-8.698092460632324,True
known,3623,5,dog,5,dog,0.9995599389076233,-12.161656379699707,True
known,3624,2,bird,4,deer,0.5039651393890381,-6.377895355224609,True
known,3625,8,ship,8,ship,0.9998294115066528,-10.551529884338379,True
known,3626,9,truck,9,truck,0.9998922348022461,-10.68435287475586,True
known,3627,4,deer,4,deer,0.9680711030960083,-5.741794586181641,False
known,3628,3,cat,3,cat,0.9996235370635986,-10.558232307434082,True
known,3629,1,automobile,1,automobile,0.9962444305419922,-7.717002868652344,True
known,3630,8,ship,8,ship,0.9999207258224487,-10.544364929199219,True
known,3631,0,airplane,0,airplane,0.9995207786560059,-9.500212669372559,True
known,3632,1,automobile,1,automobile,0.9771382808685303,-6.614420413970947,True
known,3633,3,cat,3,cat,0.9995985627174377,-9.432587623596191,True
known,3634,3,cat,3,cat,0.9999412298202515,-12.087828636169434,True
known,3635,4,deer,4,deer,0.9889615178108215,-8.85356330871582,True
known,3636,4,deer,4,deer,0.9873495697975159,-6.842878341674805,True
known,3637,2,bird,2,bird,0.5703646540641785,-6.814297676086426,True
known,3638,9,truck,9,truck,0.9993533492088318,-8.886800765991211,True
known,3639,7,horse,7,horse,0.9999568462371826,-11.529485702514648,True
known,3640,6,frog,6,frog,0.9999719858169556,-12.086941719055176,True
known,3641,8,ship,8,ship,0.9998608827590942,-10.223974227905273,True
known,3642,1,automobile,1,automobile,0.9991987347602844,-8.588674545288086,True
known,3643,8,ship,8,ship,0.9995418787002563,-9.686826705932617,True
known,3644,9,truck,9,truck,0.9999804496765137,-11.97697925567627,True
known,3645,1,automobile,9,truck,0.5503345727920532,-5.595089912414551,False
known,3646,3,cat,3,cat,0.4956625699996948,-4.536406993865967,False
known,3647,1,automobile,1,automobile,0.9994146823883057,-9.497836112976074,True
known,3648,7,horse,7,horse,0.9994972944259644,-9.033823013305664,True
known,3649,3,cat,3,cat,0.9960404634475708,-7.011967658996582,True
known,3650,0,airplane,0,airplane,0.9893277287483215,-7.533111095428467,True
known,3651,0,airplane,0,airplane,0.9980066418647766,-8.839286804199219,True
known,3652,2,bird,2,bird,0.9996734857559204,-10.319198608398438,True
known,3653,8,ship,0,airplane,0.5483527779579163,-4.444272041320801,False
known,3654,3,cat,3,cat,0.6122198104858398,-6.010980129241943,False
known,3655,9,truck,9,truck,0.9987157583236694,-8.839446067810059,True
known,3656,2,bird,2,bird,0.9998156428337097,-10.557849884033203,True
known,3657,7,horse,7,horse,0.9998470544815063,-11.238728523254395,True
known,3658,2,bird,2,bird,0.8648262619972229,-7.916349411010742,True
known,3659,6,frog,6,frog,0.9994390606880188,-8.850438117980957,True
known,3660,0,airplane,0,airplane,0.9991698265075684,-8.941619873046875,True
known,3661,1,automobile,1,automobile,0.9998487234115601,-10.265240669250488,True
known,3662,6,frog,6,frog,0.999243974685669,-9.696671485900879,True
known,3663,1,automobile,1,automobile,0.9997081160545349,-9.86241626739502,True
known,3664,6,frog,6,frog,0.9998623132705688,-10.162543296813965,True
known,3665,7,horse,7,horse,0.9997536540031433,-10.334966659545898,True
known,3666,5,dog,5,dog,0.999955415725708,-11.69303035736084,True
known,3667,5,dog,5,dog,0.9996902942657471,-9.992671966552734,True
known,3668,2,bird,2,bird,0.9985790252685547,-8.82402229309082,True
known,3669,5,dog,4,deer,0.4277150630950928,-4.440656661987305,False
known,3670,9,truck,9,truck,0.9997685551643372,-9.70971393585205,True
known,3671,4,deer,4,deer,0.9997900128364563,-9.89111614227295,True
known,3672,0,airplane,0,airplane,0.9999510049819946,-11.088626861572266,True
known,3673,2,bird,2,bird,0.999916672706604,-10.658707618713379,True
known,3674,3,cat,3,cat,0.9961932897567749,-8.638986587524414,True
known,3675,4,deer,4,deer,0.9999008178710938,-10.673015594482422,True
known,3676,9,truck,9,truck,0.9654580354690552,-7.636188507080078,True
known,3677,4,deer,4,deer,0.9999376535415649,-11.395676612854004,True
known,3678,1,automobile,1,automobile,0.999581515789032,-9.167196273803711,True
known,3679,0,airplane,0,airplane,0.9999048709869385,-10.861875534057617,True
known,3680,0,airplane,0,airplane,0.9983294606208801,-8.7710542678833,True
known,3681,2,bird,2,bird,0.9929088354110718,-8.500542640686035,True
known,3682,3,cat,3,cat,0.9621794819831848,-9.365897178649902,True
known,3683,8,ship,5,dog,0.7927877902984619,-4.74734354019165,False
known,3684,9,truck,9,truck,0.9998624324798584,-10.534360885620117,True
known,3685,2,bird,2,bird,0.9996647834777832,-9.935808181762695,True
known,3686,8,ship,8,ship,0.9997219443321228,-9.940573692321777,True
known,3687,9,truck,9,truck,0.998664379119873,-8.685662269592285,True
known,3688,5,dog,5,dog,0.9999693632125854,-12.349289894104004,True
known,3689,7,horse,7,horse,0.9996949434280396,-9.554808616638184,True
known,3690,9,truck,9,truck,0.998375415802002,-8.148131370544434,True
known,3691,1,automobile,1,automobile,0.9988577365875244,-8.187223434448242,True
known,3692,4,deer,4,deer,0.999825656414032,-9.984046936035156,True
known,3693,6,frog,6,frog,0.9998800754547119,-10.748817443847656,True
known,3694,2,bird,2,bird,0.9998745918273926,-10.26403522491455,True
known,3695,8,ship,8,ship,0.9998793601989746,-10.366499900817871,True
known,3696,4,deer,3,cat,0.9436150789260864,-7.720162391662598,True
known,3697,4,deer,4,deer,0.9999607801437378,-11.8776273727417,True
known,3698,8,ship,8,ship,0.9999641180038452,-11.61506175994873,True
known,3699,9,truck,9,truck,0.9994472861289978,-9.076539039611816,True
known,3700,3,cat,3,cat,0.9998723268508911,-10.297277450561523,True
known,3701,1,automobile,1,automobile,0.9996920824050903,-9.500045776367188,True
known,3702,1,automobile,1,automobile,0.9988705515861511,-8.369894027709961,True
known,3703,6,frog,6,frog,0.9990140199661255,-8.395670890808105,True
known,3704,5,dog,5,dog,0.7933877110481262,-4.792159557342529,False
known,3705,8,ship,8,ship,0.9985872507095337,-10.466493606567383,True
known,3706,4,deer,4,deer,0.9931394457817078,-8.1421480178833,True
known,3707,6,frog,6,frog,0.9997205138206482,-10.436511039733887,True
known,3708,4,deer,3,cat,0.9609140753746033,-7.65126371383667,True
known,3709,5,dog,5,dog,0.999995231628418,-14.544923782348633,True
known,3710,2,bird,2,bird,0.9995972514152527,-9.355509757995605,True
known,3711,6,frog,6,frog,0.9986348748207092,-8.603429794311523,True
known,3712,4,deer,4,deer,0.9997883439064026,-10.121927261352539,True
known,3713,2,bird,2,bird,0.9995470643043518,-9.833436965942383,True
known,3714,3,cat,3,cat,0.9970707893371582,-7.560325622558594,True
known,3715,1,automobile,9,truck,0.6443061232566833,-6.121001243591309,False
known,3716,3,cat,3,cat,0.39329788088798523,-4.3672194480896,False
known,3717,6,frog,6,frog,0.9999643564224243,-12.229866981506348,True
known,3718,8,ship,8,ship,0.9999446868896484,-11.055264472961426,True
known,3719,5,dog,5,dog,0.999783456325531,-11.634604454040527,True
known,3720,2,bird,2,bird,0.9997804760932922,-9.939605712890625,True
known,3721,2,bird,2,bird,0.9651190042495728,-7.504098415374756,True
known,3722,7,horse,7,horse,0.9996463060379028,-9.308989524841309,True
known,3723,1,automobile,1,automobile,0.9993376135826111,-8.691351890563965,True
known,3724,6,frog,6,frog,0.9604172706604004,-7.545443534851074,True
known,3725,2,bird,2,bird,0.9985199570655823,-8.660494804382324,True
known,3726,5,dog,5,dog,0.996454119682312,-9.726656913757324,True
known,3727,9,truck,9,truck,0.9989405274391174,-8.289206504821777,True
known,3728,2,bird,3,cat,0.47800809144973755,-4.760707378387451,False
known,3729,8,ship,8,ship,0.9999808073043823,-12.017714500427246,True
known,3730,1,automobile,1,automobile,0.9997468590736389,-9.616691589355469,True
known,3731,6,frog,6,frog,0.9988173842430115,-8.300265312194824,True
known,3732,9,truck,9,truck,0.9995352029800415,-9.285067558288574,True
known,3733,2,bird,2,bird,0.99909508228302,-9.075881004333496,True
known,3734,7,horse,7,horse,0.9999860525131226,-12.229700088500977,True
known,3735,5,dog,5,dog,0.4884635806083679,-4.425933361053467,False
known,3736,3,cat,3,cat,0.9999133348464966,-10.787689208984375,True
known,3737,2,bird,2,bird,0.999930739402771,-11.02579116821289,True
known,3738,9,truck,9,truck,0.9985894560813904,-8.639104843139648,True
known,3739,7,horse,7,horse,0.9999793767929077,-12.8917236328125,True
known,3740,0,airplane,0,airplane,0.9998200535774231,-10.155315399169922,True
known,3741,2,bird,2,bird,0.9991497993469238,-9.07006549835205,True
known,3742,9,truck,9,truck,0.9999581575393677,-11.43497371673584,True
known,3743,3,cat,3,cat,0.9999161958694458,-11.038117408752441,True
known,3744,4,deer,7,horse,0.5655617117881775,-6.151467323303223,False
known,3745,1,automobile,1,automobile,0.9999680519104004,-11.703938484191895,True
known,3746,7,horse,7,horse,0.9999212026596069,-10.664286613464355,True
known,3747,9,truck,9,truck,0.9996514320373535,-9.870280265808105,True
known,3748,5,dog,5,dog,0.9999517202377319,-11.50439167022705,True
known,3749,8,ship,8,ship,0.9995902180671692,-9.254472732543945,True
known,3750,9,truck,9,truck,0.9981314539909363,-8.863419532775879,True
known,3751,7,horse,7,horse,0.9977784752845764,-8.292980194091797,True
known,3752,3,cat,3,cat,0.9883100986480713,-7.915023326873779,True
known,3753,4,deer,3,cat,0.41059818863868713,-5.204812526702881,False
known,3754,0,airplane,0,airplane,0.9983134269714355,-8.80691909790039,True
known,3755,9,truck,9,truck,0.9985301494598389,-8.3640775680542,True
known,3756,7,horse,7,horse,0.9996674060821533,-9.299447059631348,True
known,3757,4,deer,4,deer,0.999816358089447,-9.81950569152832,True
known,3758,2,bird,2,bird,0.9993847608566284,-10.887150764465332,True
known,3759,4,deer,4,deer,0.9998992681503296,-11.026095390319824,True
known,3760,7,horse,7,horse,0.9996658563613892,-9.25540542602539,True
known,3761,0,airplane,0,airplane,0.9493558406829834,-6.462122440338135,True
known,3762,1,automobile,1,automobile,0.9958873391151428,-8.4728422164917,True
known,3763,8,ship,8,ship,0.999997615814209,-14.266535758972168,True
known,3764,1,automobile,1,automobile,0.9987431168556213,-8.206862449645996,True
known,3765,0,airplane,0,airplane,0.9877651333808899,-8.70211124420166,True
known,3766,4,deer,4,deer,0.9979183077812195,-8.312865257263184,True
known,3767,6,frog,6,frog,0.9997833371162415,-10.246386528015137,True
known,3768,1,automobile,1,automobile,0.9983096122741699,-9.406632423400879,True
known,3769,9,truck,9,truck,0.9990654587745667,-8.69497299194336,True
known,3770,9,truck,9,truck,0.9997555613517761,-10.260756492614746,True
known,3771,2,bird,2,bird,0.8251656889915466,-7.019204139709473,True
known,3772,1,automobile,1,automobile,0.9997296929359436,-10.39560604095459,True
known,3773,2,bird,2,bird,0.9161539673805237,-7.422821521759033,True
known,3774,5,dog,3,cat,0.9190808534622192,-7.9541497230529785,True
known,3775,6,frog,6,frog,0.9983553290367126,-8.102911949157715,True
known,3776,9,truck,9,truck,0.9996556043624878,-9.789504051208496,True
known,3777,7,horse,7,horse,0.9999638795852661,-13.635990142822266,True
known,3778,7,horse,7,horse,0.9981036186218262,-10.239517211914062,True
known,3779,3,cat,3,cat,0.9511718153953552,-7.231523036956787,True
known,3780,4,deer,4,deer,0.9998729228973389,-10.748167037963867,True
known,3781,2,bird,2,bird,0.9997130036354065,-10.127317428588867,True
known,3782,0,airplane,0,airplane,0.9949684739112854,-8.181594848632812,True
known,3783,2,bird,2,bird,0.9941195249557495,-7.917784690856934,True
known,3784,5,dog,5,dog,0.9971444010734558,-7.573916435241699,True
known,3785,6,frog,6,frog,0.8256000280380249,-5.923399925231934,False
known,3786,7,horse,7,horse,0.9989945292472839,-8.281591415405273,True
known,3787,3,cat,4,deer,0.5586506724357605,-4.935060501098633,False
known,3788,7,horse,7,horse,0.9990919828414917,-8.541816711425781,True
known,3789,9,truck,3,cat,0.41753512620925903,-3.2208406925201416,False
known,3790,4,deer,4,deer,0.9986679553985596,-8.750493049621582,True
known,3791,2,bird,2,bird,0.9998949766159058,-10.880857467651367,True
known,3792,0,airplane,0,airplane,0.9999459981918335,-11.374855041503906,True
known,3793,6,frog,6,frog,0.9885318279266357,-6.78277063369751,True
known,3794,1,automobile,1,automobile,0.9975518584251404,-7.4397783279418945,True
known,3795,7,horse,7,horse,0.9994385838508606,-9.092217445373535,True
known,3796,5,dog,5,dog,0.9999154806137085,-11.673367500305176,True
known,3797,6,frog,6,frog,0.9995216131210327,-9.60996150970459,True
known,3798,5,dog,5,dog,0.9996765851974487,-9.736844062805176,True
known,3799,3,cat,2,bird,0.8264018297195435,-6.248852729797363,True
known,3800,9,truck,9,truck,0.9999809265136719,-12.4150390625,True
known,3801,2,bird,2,bird,0.9787397384643555,-8.067837715148926,True
known,3802,7,horse,7,horse,0.9999845027923584,-12.222694396972656,True
known,3803,8,ship,8,ship,0.9992361068725586,-9.316473960876465,True
known,3804,5,dog,5,dog,0.9999449253082275,-11.91513729095459,True
known,3805,9,truck,9,truck,0.9997276663780212,-9.529544830322266,True
known,3806,5,dog,5,dog,0.9897796511650085,-7.585296154022217,True
known,3807,8,ship,8,ship,0.9997109770774841,-9.544678688049316,True
known,3808,5,dog,5,dog,0.9947242140769958,-8.349831581115723,True
known,3809,4,deer,4,deer,0.9999606609344482,-11.758867263793945,True
known,3810,3,cat,3,cat,0.9997648596763611,-9.854193687438965,True
known,3811,7,horse,7,horse,0.9998471736907959,-10.141388893127441,True
known,3812,9,truck,9,truck,0.9999500513076782,-12.482300758361816,True
known,3813,8,ship,8,ship,0.9999372959136963,-11.038159370422363,True
known,3814,1,automobile,1,automobile,0.9999333620071411,-10.888153076171875,True
known,3815,2,bird,2,bird,0.9997090697288513,-10.329675674438477,True
known,3816,2,bird,2,bird,0.9985539317131042,-10.295670509338379,True
known,3817,8,ship,8,ship,0.9999113082885742,-10.718664169311523,True
known,3818,9,truck,9,truck,0.9997634291648865,-9.816198348999023,True
known,3819,3,cat,3,cat,0.7913182973861694,-8.480791091918945,True
known,3820,0,airplane,0,airplane,0.9980435371398926,-9.530952453613281,True
known,3821,8,ship,8,ship,0.9909273386001587,-7.427913188934326,True
known,3822,4,deer,4,deer,0.9999450445175171,-11.36974811553955,True
known,3823,0,airplane,0,airplane,0.9998002648353577,-9.962594985961914,True
known,3824,2,bird,2,bird,0.999488353729248,-8.980242729187012,True
known,3825,0,airplane,0,airplane,0.9928418397903442,-7.86268949508667,True
known,3826,1,automobile,1,automobile,0.9998244643211365,-10.331314086914062,True
known,3827,4,deer,4,deer,0.9994811415672302,-9.526780128479004,True
known,3828,1,automobile,1,automobile,0.5451112985610962,-4.776852130889893,False
known,3829,8,ship,8,ship,0.9978931546211243,-8.179359436035156,True
known,3830,5,dog,5,dog,0.9994586110115051,-8.995501518249512,True
known,3831,5,dog,5,dog,0.9886301755905151,-9.650472640991211,True
known,3832,7,horse,7,horse,0.9998983144760132,-11.68634033203125,True
known,3833,9,truck,9,truck,0.9997010231018066,-9.498152732849121,True
known,3834,8,ship,8,ship,0.9886965751647949,-7.077138900756836,True
known,3835,3,cat,3,cat,0.939501941204071,-6.838077545166016,True
known,3836,7,horse,7,horse,0.999432384967804,-8.852361679077148,True
known,3837,9,truck,9,truck,0.9974071383476257,-7.496251106262207,True
known,3838,1,automobile,1,automobile,0.999563992023468,-9.024734497070312,True
known,3839,5,dog,5,dog,0.9998648166656494,-11.021849632263184,True
known,3840,6,frog,6,frog,0.9872893691062927,-6.929168224334717,True
known,3841,9,truck,9,truck,0.9996553659439087,-9.271842002868652,True
known,3842,8,ship,8,ship,0.9974395036697388,-8.198250770568848,True
known,3843,7,horse,7,horse,0.9999251365661621,-11.385102272033691,True
known,3844,2,bird,2,bird,0.9999852180480957,-13.05830192565918,True
known,3845,0,airplane,0,airplane,0.9987587928771973,-8.636069297790527,True
known,3846,9,truck,9,truck,0.9995300769805908,-10.306193351745605,True
known,3847,0,airplane,0,airplane,0.9998948574066162,-10.795061111450195,True
known,3848,8,ship,8,ship,0.999752938747406,-10.007493019104004,True
known,3849,5,dog,5,dog,0.9022015929222107,-6.150787830352783,False
known,3850,9,truck,9,truck,0.9998241066932678,-11.35705852508545,True
known,3851,4,deer,4,deer,0.9514617323875427,-7.223240852355957,True
known,3852,2,bird,2,bird,0.9997428059577942,-9.75582504272461,True
known,3853,9,truck,9,truck,0.9985737800598145,-8.577492713928223,True
known,3854,8,ship,8,ship,0.9992806315422058,-9.081337928771973,True
known,3855,1,automobile,1,automobile,0.9999116659164429,-10.716958045959473,True
known,3856,9,truck,9,truck,0.9989930987358093,-8.442099571228027,True
known,3857,1,automobile,1,automobile,0.9995461106300354,-9.350436210632324,True
known,3858,8,ship,8,ship,0.9994246959686279,-9.005590438842773,True
known,3859,3,cat,3,cat,0.999812662601471,-10.48116397857666,True
known,3860,7,horse,7,horse,0.9985028505325317,-8.219531059265137,True
known,3861,6,frog,6,frog,0.999228835105896,-8.621615409851074,True
known,3862,4,deer,4,deer,0.994246780872345,-8.415115356445312,True
known,3863,2,bird,2,bird,0.7561110258102417,-7.451194763183594,True
known,3864,3,cat,3,cat,0.9999172687530518,-11.001375198364258,True
known,3865,7,horse,7,horse,0.9997113347053528,-9.428743362426758,True
known,3866,0,airplane,0,airplane,0.9999561309814453,-12.17077350616455,True
known,3867,3,cat,5,dog,0.9720455408096313,-9.526174545288086,True
known,3868,5,dog,5,dog,0.9999650716781616,-12.526957511901855,True
known,3869,8,ship,8,ship,0.9952067732810974,-8.925745964050293,True
known,3870,8,ship,8,ship,0.9987180233001709,-8.472426414489746,True
known,3871,8,ship,8,ship,0.9996626377105713,-9.833925247192383,True
known,3872,7,horse,7,horse,0.9999648332595825,-11.877839088439941,True
known,3873,9,truck,9,truck,0.9999271631240845,-11.612896919250488,True
known,3874,6,frog,6,frog,0.9984764456748962,-7.9762115478515625,True
known,3875,2,bird,2,bird,0.9998496770858765,-10.459945678710938,True
known,3876,7,horse,7,horse,0.9997182488441467,-9.5681791305542,True
known,3877,4,deer,4,deer,0.999921441078186,-10.893986701965332,True
known,3878,5,dog,5,dog,0.9975456595420837,-8.245664596557617,True
known,3879,7,horse,7,horse,0.9998733997344971,-10.712474822998047,True
known,3880,6,frog,6,frog,0.9998331069946289,-10.28979778289795,True
known,3881,7,horse,7,horse,0.9999717473983765,-11.961843490600586,True
known,3882,1,automobile,1,automobile,0.9891586303710938,-7.610060691833496,True
known,3883,7,horse,7,horse,0.9981992840766907,-9.787896156311035,True
known,3884,3,cat,3,cat,0.9998586177825928,-10.436545372009277,True
known,3885,6,frog,6,frog,0.9971978664398193,-9.011574745178223,True
known,3886,8,ship,8,ship,0.9999055862426758,-10.475922584533691,True
known,3887,2,bird,4,deer,0.9932424426078796,-9.241337776184082,True
known,3888,6,frog,6,frog,0.9995657801628113,-9.26731014251709,True
known,3889,6,frog,6,frog,0.9997372031211853,-10.049960136413574,True
known,3890,7,horse,7,horse,0.9920037388801575,-9.588602066040039,True
known,3891,1,automobile,1,automobile,0.9991963505744934,-8.698418617248535,True
known,3892,5,dog,5,dog,0.9984526634216309,-10.179322242736816,True
known,3893,9,truck,9,truck,0.9999279975891113,-10.948319435119629,True
known,3894,7,horse,7,horse,0.9998983144760132,-10.509145736694336,True
known,3895,1,automobile,1,automobile,0.9959201812744141,-8.202118873596191,True
known,3896,7,horse,7,horse,0.9999899864196777,-13.706195831298828,True
known,3897,0,airplane,0,airplane,0.9986133575439453,-8.797648429870605,True
known,3898,1,automobile,1,automobile,0.9992823004722595,-8.85930347442627,True
known,3899,6,frog,6,frog,0.9973908066749573,-9.285209655761719,True
known,3900,3,cat,3,cat,0.9989633560180664,-11.153570175170898,True
known,3901,3,cat,3,cat,0.999471127986908,-9.49442195892334,True
known,3902,9,truck,9,truck,0.9998863935470581,-10.57042407989502,True
known,3903,0,airplane,0,airplane,0.9995914101600647,-9.992542266845703,True
known,3904,1,automobile,1,automobile,0.9996534585952759,-9.443856239318848,True
known,3905,2,bird,2,bird,0.9985746145248413,-9.512060165405273,True
known,3906,3,cat,3,cat,0.9451707601547241,-6.747671604156494,True
known,3907,2,bird,2,bird,0.9999486207962036,-12.645391464233398,True
known,3908,2,bird,2,bird,0.9999247789382935,-10.728859901428223,True
known,3909,5,dog,2,bird,0.7358445525169373,-5.97987174987793,False
known,3910,4,deer,4,deer,0.999782145023346,-10.474139213562012,True
known,3911,9,truck,9,truck,0.9992332458496094,-8.565213203430176,True
known,3912,8,ship,8,ship,0.9997774958610535,-10.233668327331543,True
known,3913,7,horse,7,horse,0.9118566513061523,-5.321272373199463,False
known,3914,4,deer,4,deer,0.9997798800468445,-10.292673110961914,True
known,3915,4,deer,4,deer,0.9999973773956299,-14.234983444213867,True
known,3916,9,truck,9,truck,0.999707043170929,-9.414215087890625,True
known,3917,7,horse,7,horse,0.9997097849845886,-10.073976516723633,True
known,3918,6,frog,6,frog,0.9994696974754333,-8.818703651428223,True
known,3919,7,horse,7,horse,0.9996341466903687,-9.39395523071289,True
known,3920,7,horse,7,horse,0.9011589288711548,-6.851182460784912,True
known,3921,1,automobile,1,automobile,0.9985907673835754,-9.084525108337402,True
known,3922,2,bird,2,bird,0.9790669083595276,-6.929694175720215,True
known,3923,3,cat,3,cat,0.982697069644928,-7.8698649406433105,True
known,3924,5,dog,5,dog,0.5184178948402405,-5.047329902648926,False
known,3925,1,automobile,1,automobile,0.9901886582374573,-7.94278621673584,True
known,3926,9,truck,9,truck,0.9992973804473877,-8.607534408569336,True
known,3927,0,airplane,0,airplane,0.998430073261261,-10.246694564819336,True
known,3928,3,cat,3,cat,0.9970107078552246,-8.743756294250488,True
known,3929,3,cat,3,cat,0.9999616146087646,-12.060037612915039,True
known,3930,1,automobile,1,automobile,0.9996885061264038,-9.359362602233887,True
known,3931,5,dog,5,dog,0.9988763928413391,-9.711795806884766,True
known,3932,6,frog,6,frog,0.9990297555923462,-8.440892219543457,True
known,3933,6,frog,6,frog,0.9997078776359558,-9.564680099487305,True
known,3934,2,bird,2,bird,0.999961256980896,-11.788907051086426,True
known,3935,4,deer,4,deer,0.9999710321426392,-12.08106803894043,True
known,3936,6,frog,6,frog,0.9999417066574097,-11.33054256439209,True
known,3937,8,ship,8,ship,0.9999455213546753,-11.160943984985352,True
known,3938,8,ship,8,ship,0.9999233484268188,-10.875391960144043,True
known,3939,9,truck,9,truck,0.994376540184021,-7.38191556930542,True
known,3940,6,frog,6,frog,0.9994331002235413,-9.241143226623535,True
known,3941,6,frog,6,frog,0.9992766976356506,-10.05224895477295,True
known,3942,1,automobile,1,automobile,0.9996435642242432,-9.528144836425781,True
known,3943,0,airplane,0,airplane,0.9998921155929565,-10.54122257232666,True
known,3944,7,horse,7,horse,0.9994179010391235,-8.869941711425781,True
known,3945,5,dog,5,dog,0.9994637370109558,-10.172892570495605,True
known,3946,8,ship,8,ship,0.9999178647994995,-10.801405906677246,True
known,3947,2,bird,2,bird,0.9961244463920593,-10.458366394042969,True
known,3948,1,automobile,1,automobile,0.9981740713119507,-8.642560958862305,True
known,3949,5,dog,5,dog,0.9965219497680664,-8.85027027130127,True
known,3950,8,ship,8,ship,0.9996960163116455,-9.386889457702637,True
known,3951,1,automobile,1,automobile,0.9990035891532898,-8.272561073303223,True
known,3952,4,deer,4,deer,0.9998986721038818,-10.912814140319824,True
known,3953,7,horse,7,horse,0.976389467716217,-7.566430568695068,True
known,3954,5,dog,5,dog,0.9999418258666992,-11.958230018615723,True
known,3955,0,airplane,0,airplane,0.9998513460159302,-10.345410346984863,True
known,3956,3,cat,6,frog,0.7473891377449036,-5.9810895919799805,False
known,3957,9,truck,0,airplane,0.9949336647987366,-8.666130065917969,True
known,3958,9,truck,9,truck,0.9999673366546631,-11.508376121520996,True
known,3959,5,dog,5,dog,0.9999263286590576,-11.922935485839844,True
known,3960,2,bird,2,bird,0.9998865127563477,-10.962530136108398,True
known,3961,8,ship,8,ship,0.9999691247940063,-11.982483863830566,True
known,3962,4,deer,4,deer,0.9146267175674438,-9.120382308959961,True
known,3963,1,automobile,1,automobile,0.9990399479866028,-8.515103340148926,True
known,3964,9,truck,9,truck,0.9997743964195251,-9.860369682312012,True
known,3965,0,airplane,0,airplane,0.9998865127563477,-11.432765007019043,True
known,3966,4,deer,4,deer,0.9999762773513794,-12.287088394165039,True
known,3967,4,deer,4,deer,0.9721646904945374,-7.010894298553467,True
known,3968,8,ship,8,ship,0.9997709393501282,-10.686737060546875,True
known,3969,2,bird,2,bird,0.9998002648353577,-10.172056198120117,True
known,3970,9,truck,9,truck,0.9954055547714233,-7.646561145782471,True
known,3971,0,airplane,0,airplane,0.9998751878738403,-10.603765487670898,True
known,3972,7,horse,7,horse,0.9994944334030151,-9.144998550415039,True
known,3973,9,truck,9,truck,0.9998335838317871,-9.943470001220703,True
known,3974,8,ship,8,ship,0.9999380111694336,-11.131084442138672,True
known,3975,7,horse,7,horse,0.9994730353355408,-9.737016677856445,True
known,3976,1,automobile,1,automobile,0.9997313618659973,-10.45392894744873,True
known,3977,3,cat,6,frog,0.8083757162094116,-6.834525108337402,True
known,3978,2,bird,2,bird,0.9954184293746948,-10.88342571258545,True
known,3979,9,truck,9,truck,0.999762237071991,-9.957876205444336,True
known,3980,9,truck,9,truck,0.7903911471366882,-4.706474781036377,False
known,3981,5,dog,5,dog,0.9997408986091614,-12.241390228271484,True
known,3982,9,truck,9,truck,0.9984862804412842,-7.917257785797119,True
known,3983,7,horse,7,horse,0.9977765679359436,-9.041539192199707,True
known,3984,6,frog,6,frog,0.9999202489852905,-10.859277725219727,True
known,3985,7,horse,7,horse,0.9996581077575684,-9.899999618530273,True
known,3986,7,horse,7,horse,0.9993230104446411,-9.594345092773438,True
known,3987,1,automobile,1,automobile,0.9997043013572693,-9.331620216369629,True
known,3988,1,automobile,1,automobile,0.9995456337928772,-9.508654594421387,True
known,3989,2,bird,2,bird,0.9996989965438843,-9.75924301147461,True
known,3990,4,deer,4,deer,0.9996028542518616,-9.36784553527832,True
known,3991,2,bird,2,bird,0.999677300453186,-10.368906021118164,True
known,3992,0,airplane,0,airplane,0.9998538494110107,-10.381770133972168,True
known,3993,6,frog,6,frog,0.9996299743652344,-9.316307067871094,True
known,3994,8,ship,8,ship,0.9995827078819275,-9.287046432495117,True
known,3995,7,horse,7,horse,0.9369950294494629,-6.650230884552002,True
known,3996,6,frog,6,frog,0.9975997805595398,-8.445508003234863,True
known,3997,2,bird,2,bird,0.9896899461746216,-8.051953315734863,True
known,3998,2,bird,4,deer,0.5352420806884766,-5.884701251983643,False
known,3999,9,truck,9,truck,0.9995098114013672,-9.924607276916504,True
known,4000,8,ship,8,ship,0.4943479299545288,-3.8601603507995605,False
known,4001,2,bird,2,bird,0.918965756893158,-8.49173641204834,True
known,4002,4,deer,4,deer,0.9929971098899841,-8.006092071533203,True
known,4003,2,bird,0,airplane,0.9415315985679626,-6.436071872711182,True
known,4004,0,airplane,0,airplane,0.9861867427825928,-7.156836032867432,True
known,4005,5,dog,5,dog,0.9988821148872375,-9.654253959655762,True
known,4006,8,ship,8,ship,0.9997654557228088,-10.063836097717285,True
known,4007,6,frog,6,frog,0.9983577132225037,-7.918910980224609,True
known,4008,8,ship,8,ship,0.9999641180038452,-11.31039810180664,True
known,4009,2,bird,2,bird,0.9996151924133301,-9.174778938293457,True
known,4010,7,horse,7,horse,0.9993170499801636,-8.694263458251953,True
known,4011,7,horse,7,horse,0.9999446868896484,-11.151235580444336,True
known,4012,3,cat,7,horse,0.4206092953681946,-3.6753861904144287,False
known,4013,1,automobile,1,automobile,0.8993454575538635,-6.429037094116211,True
known,4014,8,ship,8,ship,0.9997463822364807,-9.6420259475708,True
known,4015,1,automobile,1,automobile,0.999294638633728,-8.621136665344238,True
known,4016,6,frog,6,frog,0.996971607208252,-8.602483749389648,True
known,4017,5,dog,5,dog,0.999652624130249,-10.448347091674805,True
known,4018,9,truck,9,truck,0.9993361830711365,-8.997613906860352,True
known,4019,7,horse,7,horse,0.9996923208236694,-10.08551025390625,True
known,4020,8,ship,8,ship,0.9981614947319031,-10.257583618164062,True
known,4021,9,truck,9,truck,0.9996390342712402,-9.783086776733398,True
known,4022,6,frog,6,frog,0.9988574981689453,-9.128561973571777,True
known,4023,4,deer,4,deer,0.989531397819519,-7.8541765213012695,True
known,4024,8,ship,8,ship,0.999883770942688,-10.186822891235352,True
known,4025,1,automobile,1,automobile,0.9725680947303772,-7.759667873382568,True
known,4026,9,truck,9,truck,0.998792290687561,-9.183489799499512,True
known,4027,4,deer,4,deer,0.9993822574615479,-9.0153169631958,True
known,4028,0,airplane,0,airplane,0.9998420476913452,-10.42224407196045,True
known,4029,4,deer,4,deer,0.9999134540557861,-11.315024375915527,True
known,4030,1,automobile,1,automobile,0.9989319443702698,-8.779356956481934,True
known,4031,4,deer,4,deer,0.9999234676361084,-11.08460807800293,True
known,4032,3,cat,3,cat,0.9478158354759216,-7.386873722076416,True
known,4033,6,frog,6,frog,0.9995332956314087,-9.367794036865234,True
known,4034,2,bird,2,bird,0.9986534118652344,-8.22313117980957,True
known,4035,2,bird,2,bird,0.9998664855957031,-10.293588638305664,True
known,4036,7,horse,8,ship,0.47272568941116333,-3.0226759910583496,False
known,4037,0,airplane,0,airplane,0.9650663733482361,-7.009685039520264,True
known,4038,0,airplane,0,airplane,0.9996315240859985,-10.284900665283203,True
known,4039,7,horse,7,horse,0.9999756813049316,-11.791942596435547,True
known,4040,0,airplane,0,airplane,0.9996873140335083,-10.602588653564453,True
known,4041,7,horse,7,horse,0.9999926090240479,-13.303159713745117,True
known,4042,4,deer,4,deer,0.9998562335968018,-11.094170570373535,True
known,4043,3,cat,3,cat,0.9992251396179199,-8.54648494720459,True
known,4044,6,frog,6,frog,0.9754363298416138,-7.96584415435791,True
known,4045,7,horse,7,horse,0.9999376535415649,-11.103439331054688,True
known,4046,7,horse,7,horse,0.9997003078460693,-9.998261451721191,True
known,4047,4,deer,4,deer,0.9987008571624756,-9.516928672790527,True
known,4048,5,dog,5,dog,0.9999020099639893,-11.021727561950684,True
known,4049,4,deer,4,deer,0.9999459981918335,-11.236435890197754,True
known,4050,3,cat,3,cat,0.9980306029319763,-10.359134674072266,True
known,4051,5,dog,3,cat,0.6189256906509399,-5.124050617218018,False
known,4052,5,dog,5,dog,0.999180257320404,-9.13728141784668,True
known,4053,4,deer,4,deer,0.9990841150283813,-9.349074363708496,True
known,4054,7,horse,7,horse,0.754616379737854,-5.655857563018799,False
known,4055,1,automobile,0,airplane,0.5467920303344727,-3.84393048286438,False
known,4056,0,airplane,0,airplane,0.999886155128479,-10.373254776000977,True
known,4057,7,horse,7,horse,0.9994838237762451,-9.035990715026855,True
known,4058,7,horse,7,horse,0.9988216757774353,-10.53886604309082,True
known,4059,1,automobile,1,automobile,0.9996156692504883,-9.614668846130371,True
known,4060,6,frog,6,frog,0.9995673298835754,-9.462449073791504,True
known,4061,5,dog,5,dog,0.999494194984436,-10.35436725616455,True
known,4062,0,airplane,0,airplane,0.9998499155044556,-10.837762832641602,True
known,4063,7,horse,7,horse,0.9991401433944702,-8.581513404846191,True
known,4064,7,horse,7,horse,0.9993118047714233,-8.876043319702148,True
known,4065,4,deer,4,deer,0.9936571717262268,-8.206437110900879,True
known,4066,6,frog,6,frog,0.9342797994613647,-7.78680419921875,True
known,4067,1,automobile,1,automobile,0.9997550845146179,-9.843710899353027,True
known,4068,8,ship,8,ship,0.9999665021896362,-11.563063621520996,True
known,4069,5,dog,5,dog,0.9997158646583557,-9.912079811096191,True
known,4070,9,truck,9,truck,0.9991695880889893,-8.758148193359375,True
known,4071,3,cat,3,cat,0.8792101144790649,-6.6107354164123535,True
known,4072,5,dog,5,dog,0.9995821118354797,-9.467308044433594,True
known,4073,6,frog,6,frog,0.9993808269500732,-9.10864543914795,True
known,4074,2,bird,2,bird,0.9959290623664856,-8.358220100402832,True
known,4075,2,bird,2,bird,0.9999420642852783,-11.636916160583496,True
known,4076,7,horse,7,horse,0.9998716115951538,-10.745502471923828,True
known,4077,3,cat,5,dog,0.5473725199699402,-5.29221773147583,False
known,4078,5,dog,5,dog,0.9994365572929382,-9.651257514953613,True
known,4079,8,ship,8,ship,0.9998635053634644,-10.289558410644531,True
known,4080,1,automobile,1,automobile,0.9998379945755005,-9.93261432647705,True
known,4081,0,airplane,0,airplane,0.9999278783798218,-11.140275955200195,True
known,4082,6,frog,6,frog,0.9995824694633484,-9.502148628234863,True
known,4083,8,ship,8,ship,0.999848484992981,-9.951568603515625,True
known,4084,7,horse,7,horse,0.9997391104698181,-9.693331718444824,True
known,4085,8,ship,8,ship,0.995316743850708,-7.980775833129883,True
known,4086,8,ship,8,ship,0.9986805319786072,-9.755158424377441,True
known,4087,5,dog,5,dog,0.8337405323982239,-7.427968978881836,True
known,4088,7,horse,7,horse,0.9999735355377197,-11.585925102233887,True
known,4089,5,dog,5,dog,0.9985730648040771,-9.108345031738281,True
known,4090,4,deer,4,deer,0.9769549369812012,-8.977921485900879,True
known,4091,9,truck,9,truck,0.999594509601593,-9.151667594909668,True
known,4092,7,horse,7,horse,0.9991993308067322,-9.122664451599121,True
known,4093,3,cat,3,cat,0.9964041709899902,-7.996665000915527,True
known,4094,3,cat,3,cat,0.9970019459724426,-9.847654342651367,True
known,4095,8,ship,8,ship,0.9994239807128906,-8.966594696044922,True
known,4096,8,ship,8,ship,0.9990525841712952,-9.587862968444824,True
known,4097,3,cat,3,cat,0.992797315120697,-8.508456230163574,True
known,4098,9,truck,9,truck,0.9998160004615784,-10.117108345031738,True
known,4099,4,deer,4,deer,0.9967269897460938,-8.123774528503418,True
known,4100,7,horse,7,horse,0.9998596906661987,-10.496625900268555,True
known,4101,2,bird,6,frog,0.720310389995575,-5.597938537597656,False
known,4102,0,airplane,0,airplane,0.9997010231018066,-9.574380874633789,True
known,4103,8,ship,8,ship,0.9996663331985474,-9.848227500915527,True
known,4104,0,airplane,0,airplane,0.9998593330383301,-10.965828895568848,True
known,4105,7,horse,7,horse,0.9996503591537476,-9.173881530761719,True
known,4106,3,cat,3,cat,0.929759681224823,-6.477323055267334,True
known,4107,3,cat,3,cat,0.9992604851722717,-9.133773803710938,True
known,4108,2,bird,2,bird,0.9997804760932922,-9.967333793640137,True
known,4109,5,dog,2,bird,0.7583743929862976,-5.6218109130859375,False
known,4110,2,bird,2,bird,0.9999526739120483,-11.429939270019531,True
known,4111,4,deer,4,deer,0.9990147352218628,-8.746720314025879,True
known,4112,4,deer,4,deer,0.9128440022468567,-7.357072830200195,True
known,4113,0,airplane,0,airplane,0.9986516833305359,-9.754051208496094,True
known,4114,4,deer,4,deer,0.999779999256134,-10.661433219909668,True
known,4115,8,ship,8,ship,0.9999927282333374,-13.720833778381348,True
known,4116,2,bird,2,bird,0.9960371851921082,-8.006153106689453,True
known,4117,4,deer,4,deer,0.9999691247940063,-11.637200355529785,True
known,4118,0,airplane,0,airplane,0.999985933303833,-13.316062927246094,True
known,4119,6,frog,6,frog,0.9981727600097656,-7.989860534667969,True
known,4120,4,deer,4,deer,0.9936628341674805,-6.821358680725098,True
known,4121,5,dog,5,dog,0.9994031190872192,-11.412242889404297,True
known,4122,6,frog,6,frog,0.999941349029541,-10.984282493591309,True
known,4123,0,airplane,0,airplane,0.9999262094497681,-11.398340225219727,True
known,4124,8,ship,8,ship,0.9994495511054993,-10.567373275756836,True
known,4125,8,ship,8,ship,0.9969262480735779,-7.916121482849121,True
known,4126,0,airplane,0,airplane,0.9702470898628235,-9.325743675231934,True
known,4127,6,frog,6,frog,0.9992486834526062,-9.650312423706055,True
known,4128,1,automobile,1,automobile,0.9986445307731628,-8.047270774841309,True
known,4129,1,automobile,1,automobile,0.9991258978843689,-8.540494918823242,True
known,4130,6,frog,6,frog,0.9997420907020569,-9.999273300170898,True
known,4131,1,automobile,1,automobile,0.9985175728797913,-7.9038519859313965,True
known,4132,4,deer,4,deer,0.9999575614929199,-11.114988327026367,True
known,4133,2,bird,2,bird,0.9997114539146423,-10.264327049255371,True
known,4134,1,automobile,1,automobile,0.9991862177848816,-9.350626945495605,True
known,4135,1,automobile,1,automobile,0.7651243209838867,-5.014682769775391,False
known,4136,2,bird,2,bird,0.9997677206993103,-10.2342529296875,True
known,4137,4,deer,4,deer,0.99406498670578,-7.462642192840576,True
known,4138,4,deer,4,deer,0.9958376884460449,-9.021846771240234,True
known,4139,5,dog,0,airplane,0.39520466327667236,-2.8973381519317627,False
known,4140,5,dog,5,dog,0.5102923512458801,-4.873141765594482,False
known,4141,8,ship,8,ship,0.9998722076416016,-10.336653709411621,True
known,4142,8,ship,8,ship,0.9999488592147827,-11.08202075958252,True
known,4143,5,dog,5,dog,0.998296320438385,-8.24864673614502,True
known,4144,1,automobile,1,automobile,0.9987879395484924,-8.527200698852539,True
known,4145,8,ship,8,ship,0.999817430973053,-9.850899696350098,True
known,4146,2,bird,2,bird,0.9991574287414551,-8.664552688598633,True
known,4147,3,cat,3,cat,0.9984258413314819,-10.158831596374512,True
known,4148,3,cat,3,cat,0.9997344613075256,-9.748884201049805,True
known,4149,9,truck,9,truck,0.9999713897705078,-11.984777450561523,True
known,4150,6,frog,6,frog,0.9991233944892883,-8.480201721191406,True
known,4151,6,frog,6,frog,0.9996135830879211,-9.42589282989502,True
known,4152,5,dog,3,cat,0.9979960918426514,-9.37653923034668,True
known,4153,0,airplane,0,airplane,0.9995403289794922,-9.83741569519043,True
known,4154,7,horse,7,horse,0.9999390840530396,-11.031023025512695,True
known,4155,3,cat,3,cat,0.9998003840446472,-9.967423439025879,True
known,4156,3,cat,3,cat,0.9988683462142944,-8.426424980163574,True
known,4157,2,bird,2,bird,0.9998843669891357,-10.334981918334961,True
known,4158,7,horse,7,horse,0.9999139308929443,-10.847702026367188,True
known,4159,4,deer,4,deer,0.9995114803314209,-9.395237922668457,True
known,4160,5,dog,5,dog,0.9998830556869507,-10.654274940490723,True
known,4161,6,frog,6,frog,0.9996622800827026,-9.818397521972656,True
known,4162,0,airplane,0,airplane,0.9987128973007202,-8.789895057678223,True
known,4163,2,bird,2,bird,0.9994518160820007,-10.609487533569336,True
known,4164,1,automobile,1,automobile,0.9994794726371765,-9.046467781066895,True
known,4165,8,ship,8,ship,0.9603056907653809,-6.80478572845459,True
known,4166,1,automobile,1,automobile,0.9999359846115112,-11.357327461242676,True
known,4167,0,airplane,0,airplane,0.9998131394386292,-10.134718894958496,True
known,4168,9,truck,9,truck,0.9999030828475952,-10.566523551940918,True
known,4169,3,cat,3,cat,0.990714430809021,-8.319053649902344,True
known,4170,1,automobile,1,automobile,0.9998663663864136,-10.712958335876465,True
known,4171,0,airplane,0,airplane,0.9994157552719116,-9.100483894348145,True
known,4172,5,dog,5,dog,0.9997790455818176,-10.944028854370117,True
known,4173,4,deer,4,deer,0.9999200105667114,-10.998015403747559,True
known,4174,2,bird,2,bird,0.9993802309036255,-9.467467308044434,True
known,4175,3,cat,3,cat,0.9978391528129578,-8.573759078979492,True
known,4176,3,cat,3,cat,0.9985806941986084,-8.161836624145508,True
known,4177,6,frog,6,frog,0.9998669624328613,-10.29687213897705,True
known,4178,7,horse,7,horse,0.9995642304420471,-9.094622611999512,True
known,4179,6,frog,6,frog,0.9995118379592896,-9.092310905456543,True
known,4180,0,airplane,0,airplane,0.9993335604667664,-9.088208198547363,True
known,4181,0,airplane,0,airplane,0.999657154083252,-10.287507057189941,True
known,4182,5,dog,5,dog,0.9992617964744568,-9.545587539672852,True
known,4183,7,horse,7,horse,0.9999046325683594,-10.504639625549316,True
known,4184,4,deer,4,deer,0.9999582767486572,-11.563188552856445,True
known,4185,7,horse,7,horse,0.9968098998069763,-8.18593978881836,True
known,4186,7,horse,7,horse,0.9995378255844116,-9.04892349243164,True
known,4187,0,airplane,0,airplane,0.9988163709640503,-9.701349258422852,True
known,4188,6,frog,6,frog,0.9997398257255554,-9.612425804138184,True
known,4189,1,automobile,1,automobile,0.9998948574066162,-10.630797386169434,True
known,4190,3,cat,3,cat,0.9216833710670471,-7.016351699829102,True
known,4191,9,truck,9,truck,0.9998999834060669,-10.66805648803711,True
known,4192,0,airplane,0,airplane,0.9595648646354675,-7.932252407073975,True
known,4193,9,truck,9,truck,0.9997143149375916,-10.408289909362793,True
known,4194,0,airplane,0,airplane,0.9995104074478149,-9.748128890991211,True
known,4195,3,cat,3,cat,0.9956684112548828,-10.270031929016113,True
known,4196,8,ship,8,ship,0.9995468258857727,-10.077393531799316,True
known,4197,4,deer,4,deer,0.9999639987945557,-11.96601390838623,True
known,4198,8,ship,0,airplane,0.6664037108421326,-4.6656107902526855,False
known,4199,8,ship,8,ship,0.9997281432151794,-9.834589958190918,True
known,4200,4,deer,4,deer,0.9998735189437866,-10.2620210647583,True
known,4201,1,automobile,1,automobile,0.9981478452682495,-7.949231147766113,True
known,4202,0,airplane,0,airplane,0.9975029826164246,-8.932148933410645,True
known,4203,2,bird,2,bird,0.9998393058776855,-10.26662540435791,True
known,4204,2,bird,6,frog,0.7890975475311279,-5.250110149383545,False
known,4205,4,deer,4,deer,0.9997166991233826,-9.864938735961914,True
known,4206,1,automobile,1,automobile,0.9997559189796448,-9.658957481384277,True
known,4207,1,automobile,1,automobile,0.9998069405555725,-9.9500150680542,True
known,4208,2,bird,2,bird,0.9941184520721436,-7.44436502456665,True
known,4209,4,deer,4,deer,0.9999994039535522,-16.21095848083496,True
known,4210,3,cat,3,cat,0.9396933913230896,-6.947913646697998,True
known,4211,4,deer,4,deer,0.9994447827339172,-9.256682395935059,True
known,4212,1,automobile,1,automobile,0.9998064637184143,-9.753434181213379,True
known,4213,4,deer,4,deer,0.9997535347938538,-9.720344543457031,True
known,4214,7,horse,7,horse,0.9995543360710144,-10.715763092041016,True
known,4215,1,automobile,1,automobile,0.9991896748542786,-9.996902465820312,True
known,4216,0,airplane,0,airplane,0.9956560134887695,-8.917512893676758,True
known,4217,0,airplane,4,deer,0.8410539031028748,-6.567757606506348,True
known,4218,9,truck,9,truck,0.99928879737854,-8.690532684326172,True
known,4219,0,airplane,0,airplane,0.9981807470321655,-8.267070770263672,True
known,4220,4,deer,4,deer,0.9811847805976868,-6.876893997192383,True
known,4221,2,bird,2,bird,0.9998342990875244,-10.465965270996094,True
known,4222,8,ship,8,ship,0.9999452829360962,-11.011713027954102,True
known,4223,8,ship,8,ship,0.999897837638855,-11.172450065612793,True
known,4224,5,dog,5,dog,0.9999960660934448,-13.43415641784668,True
known,4225,5,dog,5,dog,0.9999303817749023,-11.981864929199219,True
known,4226,0,airplane,0,airplane,0.9997093081474304,-9.95579719543457,True
known,4227,4,deer,4,deer,0.9996417760848999,-10.470549583435059,True
known,4228,0,airplane,0,airplane,0.9993649125099182,-10.952674865722656,True
known,4229,8,ship,8,ship,0.9998186230659485,-10.08221435546875,True
known,4230,6,frog,6,frog,0.9998854398727417,-11.264323234558105,True
known,4231,2,bird,2,bird,0.999968409538269,-11.599788665771484,True
known,4232,5,dog,5,dog,0.999489426612854,-9.149092674255371,True
known,4233,9,truck,9,truck,0.9998483657836914,-10.125412940979004,True
known,4234,2,bird,2,bird,0.9974028468132019,-7.599018096923828,True
known,4235,9,truck,9,truck,0.9996175765991211,-9.260110855102539,True
known,4236,1,automobile,1,automobile,0.9998968839645386,-10.352871894836426,True
known,4237,1,automobile,1,automobile,0.9996689558029175,-10.118881225585938,True
known,4238,5,dog,5,dog,0.9958598017692566,-9.256778717041016,True
known,4239,4,deer,4,deer,0.9997395873069763,-9.7203950881958,True
known,4240,7,horse,7,horse,0.9999328851699829,-11.41853141784668,True
known,4241,5,dog,5,dog,0.9999325275421143,-11.286935806274414,True
known,4242,8,ship,8,ship,0.9998652935028076,-10.226095199584961,True
known,4243,6,frog,6,frog,0.9999210834503174,-10.961909294128418,True
known,4244,2,bird,4,deer,0.38428565859794617,-3.2705178260803223,False
known,4245,1,automobile,1,automobile,0.9961005449295044,-8.563827514648438,True
known,4246,5,dog,5,dog,0.9995720982551575,-9.036031723022461,True
known,4247,5,dog,5,dog,0.9983022212982178,-10.22293758392334,True
known,4248,3,cat,3,cat,0.9954291582107544,-9.148275375366211,True
known,4249,4,deer,4,deer,0.9995607733726501,-9.8106107711792,True
known,4250,1,automobile,1,automobile,0.9974843263626099,-7.994895935058594,True
known,4251,8,ship,8,ship,0.9968691468238831,-8.38411808013916,True
known,4252,9,truck,9,truck,0.9989914298057556,-8.317728996276855,True
known,4253,9,truck,9,truck,0.9993207454681396,-8.7656831741333,True
known,4254,8,ship,8,ship,0.999984622001648,-12.244635581970215,True
known,4255,9,truck,9,truck,0.9578710198402405,-6.805001258850098,True
known,4256,8,ship,8,ship,0.999916672706604,-10.545205116271973,True
known,4257,6,frog,6,frog,0.9995660185813904,-9.212113380432129,True
known,4258,8,ship,8,ship,0.9998356103897095,-10.308882713317871,True
known,4259,5,dog,5,dog,0.9998586177825928,-10.350924491882324,True
known,4260,8,ship,8,ship,0.9997521042823792,-9.632477760314941,True
known,4261,9,truck,9,truck,0.9996989965438843,-9.603487968444824,True
known,4262,4,deer,4,deer,0.9986696243286133,-8.739727973937988,True
known,4263,6,frog,6,frog,0.9995438456535339,-9.052035331726074,True
known,4264,2,bird,2,bird,0.9998974800109863,-12.107891082763672,True
known,4265,6,frog,6,frog,0.9664040803909302,-7.3805155754089355,True
known,4266,3,cat,3,cat,0.9962343573570251,-9.080856323242188,True
known,4267,7,horse,7,horse,0.9978877902030945,-7.62001371383667,True
known,4268,4,deer,4,deer,0.9956334233283997,-7.296741485595703,True
known,4269,0,airplane,0,airplane,0.9995635151863098,-9.240233421325684,True
known,4270,0,airplane,0,airplane,0.9992809891700745,-9.659483909606934,True
known,4271,1,automobile,1,automobile,0.9991005659103394,-8.929183006286621,True
known,4272,7,horse,7,horse,0.9983155727386475,-7.917774200439453,True
known,4273,5,dog,5,dog,0.9845490455627441,-7.6787238121032715,True
known,4274,1,automobile,1,automobile,0.9999170303344727,-10.7330904006958,True
known,4275,5,dog,5,dog,0.9569776654243469,-7.782994747161865,True
known,4276,9,truck,1,automobile,0.999897837638855,-12.04072380065918,True
known,4277,3,cat,3,cat,0.9999425411224365,-11.623932838439941,True
known,4278,1,automobile,1,automobile,0.9969661831855774,-7.309051513671875,True
known,4279,6,frog,6,frog,0.999650239944458,-9.518416404724121,True
known,4280,8,ship,8,ship,0.9982000589370728,-8.960086822509766,True
known,4281,7,horse,7,horse,0.9999237060546875,-10.805416107177734,True
known,4282,3,cat,3,cat,0.9897118806838989,-9.724313735961914,True
known,4283,6,frog,6,frog,0.9987258315086365,-9.423497200012207,True
known,4284,9,truck,9,truck,0.9971363544464111,-7.435451507568359,True
known,4285,1,automobile,1,automobile,0.9953703284263611,-7.649602890014648,True
known,4286,2,bird,2,bird,0.9623317122459412,-9.149091720581055,True
known,4287,0,airplane,0,airplane,0.998211145401001,-9.088298797607422,True
known,4288,1,automobile,1,automobile,0.9997496008872986,-10.217196464538574,True
known,4289,7,horse,7,horse,0.9990218877792358,-8.94818115234375,True
known,4290,2,bird,2,bird,0.9991920590400696,-9.446544647216797,True
known,4291,6,frog,6,frog,0.9998635053634644,-10.624741554260254,True
known,4292,1,automobile,1,automobile,0.9998332262039185,-9.850687980651855,True
known,4293,9,truck,9,truck,0.9996590614318848,-9.516011238098145,True
known,4294,0,airplane,0,airplane,0.9995951056480408,-9.436484336853027,True
known,4295,0,airplane,0,airplane,0.9990209341049194,-10.069757461547852,True
known,4296,8,ship,8,ship,0.9998480081558228,-10.708781242370605,True
known,4297,9,truck,9,truck,0.9999654293060303,-12.252135276794434,True
known,4298,9,truck,9,truck,0.9996260404586792,-10.200936317443848,True
known,4299,2,bird,2,bird,0.9992239475250244,-10.138721466064453,True
known,4300,8,ship,8,ship,0.998235821723938,-9.748278617858887,True
known,4301,6,frog,6,frog,0.9990752935409546,-9.316218376159668,True
known,4302,2,bird,5,dog,0.8288446068763733,-6.841080665588379,True
known,4303,5,dog,5,dog,0.9991501569747925,-10.960490226745605,True
known,4304,6,frog,6,frog,0.9967668056488037,-8.785294532775879,True
known,4305,0,airplane,0,airplane,0.9999561309814453,-11.328887939453125,True
known,4306,3,cat,3,cat,0.9891054034233093,-7.468601703643799,True
known,4307,3,cat,3,cat,0.9941892623901367,-7.56243371963501,True
known,4308,0,airplane,0,airplane,0.9933567643165588,-8.543825149536133,True
known,4309,7,horse,5,dog,0.5569598078727722,-5.868378162384033,False
known,4310,4,deer,4,deer,0.9999589920043945,-12.786210060119629,True
known,4311,7,horse,7,horse,0.9998505115509033,-10.199752807617188,True
known,4312,5,dog,5,dog,0.9998109936714172,-10.729884147644043,True
known,4313,0,airplane,0,airplane,0.9995602965354919,-9.993646621704102,True
known,4314,1,automobile,1,automobile,0.9993230104446411,-8.640204429626465,True
known,4315,6,frog,0,airplane,0.7908863425254822,-6.1627068519592285,False
known,4316,8,ship,8,ship,0.999459445476532,-8.829275131225586,True
known,4317,8,ship,8,ship,0.9998024106025696,-9.819714546203613,True
known,4318,1,automobile,1,automobile,0.9997629523277283,-9.960135459899902,True
known,4319,2,bird,2,bird,0.9995580315589905,-9.734186172485352,True
known,4320,1,automobile,1,automobile,0.9982833862304688,-10.178977966308594,True
known,4321,5,dog,5,dog,0.9999567270278931,-11.959691047668457,True
known,4322,4,deer,4,deer,0.9992421865463257,-8.735390663146973,True
known,4323,5,dog,5,dog,0.9990645051002502,-8.488890647888184,True
known,4324,9,truck,9,truck,0.998440682888031,-7.881357192993164,True
known,4325,6,frog,6,frog,0.9999761581420898,-13.107728004455566,True
known,4326,7,horse,7,horse,0.9999876022338867,-12.573807716369629,True
known,4327,1,automobile,1,automobile,0.999268114566803,-8.538846015930176,True
known,4328,0,airplane,0,airplane,0.999923825263977,-10.797706604003906,True
known,4329,6,frog,6,frog,0.9998838901519775,-10.319260597229004,True
known,4330,9,truck,9,truck,0.9998856782913208,-10.907361030578613,True
known,4331,2,bird,2,bird,0.9997808337211609,-10.799287796020508,True
known,4332,7,horse,7,horse,0.9997856020927429,-10.22029972076416,True
known,4333,7,horse,7,horse,0.9999879598617554,-12.783586502075195,True
known,4334,3,cat,3,cat,0.9988974332809448,-9.315165519714355,True
known,4335,9,truck,9,truck,0.9999744892120361,-12.292922019958496,True
known,4336,9,truck,9,truck,0.9983077049255371,-7.775393962860107,True
known,4337,1,automobile,1,automobile,0.999950647354126,-11.304972648620605,True
known,4338,9,truck,9,truck,0.9994865655899048,-8.967551231384277,True
known,4339,7,horse,7,horse,0.9996756315231323,-9.341779708862305,True
known,4340,0,airplane,0,airplane,0.9998608827590942,-10.248327255249023,True
known,4341,1,automobile,1,automobile,0.9994245767593384,-8.893562316894531,True
known,4342,3,cat,3,cat,0.9999531507492065,-11.081793785095215,True
known,4343,5,dog,5,dog,0.999736487865448,-11.233647346496582,True
known,4344,4,deer,4,deer,0.9999659061431885,-11.881041526794434,True
known,4345,6,frog,6,frog,0.992347240447998,-7.094435691833496,True
known,4346,3,cat,3,cat,0.9998055100440979,-10.15266227722168,True
known,4347,8,ship,8,ship,0.9995786547660828,-10.021793365478516,True
known,4348,8,ship,8,ship,0.9998453855514526,-10.231284141540527,True
known,4349,0,airplane,0,airplane,0.999921441078186,-11.177164077758789,True
known,4350,4,deer,4,deer,0.9962444305419922,-7.241814136505127,True
known,4351,8,ship,8,ship,0.9999587535858154,-11.307034492492676,True
known,4352,3,cat,3,cat,0.9993305206298828,-9.793384552001953,True
known,4353,6,frog,6,frog,0.9998564720153809,-11.265567779541016,True
known,4354,7,horse,7,horse,0.9880487322807312,-6.736690998077393,True
known,4355,0,airplane,2,bird,0.583564043045044,-4.567408084869385,False
known,4356,0,airplane,0,airplane,0.999771773815155,-9.832168579101562,True
known,4357,4,deer,4,deer,0.9949315190315247,-7.5242486000061035,True
known,4358,5,dog,5,dog,0.982996940612793,-10.22490119934082,True
known,4359,2,bird,2,bird,0.9998297691345215,-10.192645072937012,True
known,4360,6,frog,6,frog,0.9993170499801636,-8.94310474395752,True
known,4361,8,ship,8,ship,0.999997615814209,-14.222704887390137,True
known,4362,4,deer,4,deer,0.9968438148498535,-8.858251571655273,True
known,4363,9,truck,9,truck,0.9981701374053955,-7.696873188018799,True
known,4364,9,truck,9,truck,0.9992567896842957,-9.36974811553955,True
known,4365,9,truck,9,truck,0.9998464584350586,-10.332443237304688,True
known,4366,2,bird,6,frog,0.5984044075012207,-5.612398147583008,False
known,4367,0,airplane,0,airplane,0.8875057101249695,-5.532347202301025,False
known,4368,4,deer,4,deer,0.9999258518218994,-10.823332786560059,True
known,4369,2,bird,2,bird,0.9996397495269775,-10.17955207824707,True
known,4370,8,ship,8,ship,0.9999686479568481,-11.695279121398926,True
known,4371,1,automobile,1,automobile,0.999790608882904,-10.229783058166504,True
known,4372,1,automobile,1,automobile,0.9993224143981934,-8.603137016296387,True
known,4373,0,airplane,0,airplane,0.9782401919364929,-7.216174125671387,True
known,4374,0,airplane,0,airplane,0.9999358654022217,-11.908679962158203,True
known,4375,3,cat,3,cat,0.9977692365646362,-8.954137802124023,True
known,4376,7,horse,7,horse,0.9732925295829773,-7.537818431854248,True
known,4377,4,deer,4,deer,0.9999699592590332,-11.656152725219727,True
known,4378,1,automobile,1,automobile,0.9996843338012695,-9.54740047454834,True
known,4379,1,automobile,1,automobile,0.9998212456703186,-9.957651138305664,True
known,4380,9,truck,9,truck,0.9997574687004089,-10.740107536315918,True
known,4381,7,horse,7,horse,0.9919931888580322,-8.456793785095215,True
known,4382,7,horse,7,horse,0.9998111128807068,-10.390037536621094,True
known,4383,4,deer,4,deer,0.9999616146087646,-12.3862943649292,True
known,4384,6,frog,6,frog,0.9973871111869812,-7.684909343719482,True
known,4385,8,ship,8,ship,0.9999604225158691,-11.99039077758789,True
known,4386,6,frog,6,frog,0.9995179176330566,-9.02333927154541,True
known,4387,0,airplane,0,airplane,0.9870620369911194,-10.309694290161133,True
known,4388,2,bird,2,bird,0.999794065952301,-10.210914611816406,True
known,4389,8,ship,8,ship,0.9998225569725037,-10.20284366607666,True
known,4390,5,dog,5,dog,0.9961226582527161,-7.0692973136901855,True
known,4391,3,cat,3,cat,0.9983375072479248,-8.231310844421387,True
known,4392,5,dog,5,dog,0.9996883869171143,-10.357582092285156,True
known,4393,3,cat,3,cat,0.9991061091423035,-8.860957145690918,True
known,4394,5,dog,5,dog,0.999340832233429,-9.04500675201416,True
known,4395,7,horse,7,horse,0.9997491240501404,-9.602395057678223,True
known,4396,9,truck,9,truck,0.999170184135437,-8.591960906982422,True
known,4397,8,ship,8,ship,0.9984951019287109,-8.351381301879883,True
known,4398,4,deer,4,deer,0.9998480081558228,-11.119866371154785,True
known,4399,4,deer,4,deer,0.9985789060592651,-9.453179359436035,True
known,4400,3,cat,3,cat,0.9993982315063477,-10.391388893127441,True
known,4401,1,automobile,1,automobile,0.9999799728393555,-12.134659767150879,True
known,4402,4,deer,4,deer,0.9993453621864319,-9.327052116394043,True
known,4403,8,ship,8,ship,0.9998836517333984,-10.46017837524414,True
known,4404,3,cat,4,deer,0.947375476360321,-6.955777168273926,True
known,4405,6,frog,6,frog,0.999977707862854,-13.269347190856934,True
known,4406,5,dog,5,dog,0.9996364116668701,-9.509997367858887,True
known,4407,3,cat,3,cat,0.9998961687088013,-10.352960586547852,True
known,4408,0,airplane,0,airplane,0.9992876648902893,-9.36509895324707,True
known,4409,8,ship,1,automobile,0.7416270971298218,-6.215639591217041,True
known,4410,9,truck,9,truck,0.9973325729370117,-7.980177879333496,True
known,4411,5,dog,5,dog,0.5713714957237244,-5.2050957679748535,False
known,4412,7,horse,7,horse,0.9998434782028198,-10.894540786743164,True
known,4413,6,frog,6,frog,0.9996691942214966,-9.438164710998535,True
known,4414,2,bird,2,bird,0.9996572732925415,-11.013274192810059,True
known,4415,0,airplane,0,airplane,0.9987996816635132,-9.301276206970215,True
known,4416,4,deer,4,deer,0.9964777827262878,-7.778040409088135,True
known,4417,9,truck,9,truck,0.9996305704116821,-9.418910026550293,True
known,4418,9,truck,9,truck,0.9996033310890198,-9.70405101776123,True
known,4419,0,airplane,0,airplane,0.9983300566673279,-8.95383071899414,True
known,4420,5,dog,5,dog,0.999971866607666,-12.164928436279297,True
known,4421,2,bird,2,bird,0.9994444251060486,-10.249969482421875,True
known,4422,3,cat,3,cat,0.9999102354049683,-10.619894027709961,True
known,4423,6,frog,3,cat,0.5065465569496155,-5.366695404052734,False
known,4424,1,automobile,1,automobile,0.9995498061180115,-9.016345024108887,True
known,4425,1,automobile,1,automobile,0.9995971322059631,-9.212249755859375,True
known,4426,0,airplane,0,airplane,0.9996046423912048,-10.255321502685547,True
known,4427,2,bird,2,bird,0.9995689988136292,-9.476951599121094,True
known,4428,8,ship,8,ship,0.9999744892120361,-11.8892822265625,True
known,4429,2,bird,2,bird,0.9998160004615784,-10.077596664428711,True
known,4430,1,automobile,1,automobile,0.9997207522392273,-9.830052375793457,True
known,4431,1,automobile,1,automobile,0.9982000589370728,-8.7626371383667,True
known,4432,7,horse,7,horse,0.9997536540031433,-10.076838493347168,True
known,4433,5,dog,5,dog,0.9997105002403259,-9.779007911682129,True
known,4434,2,bird,2,bird,0.9998893737792969,-10.616140365600586,True
known,4435,3,cat,3,cat,0.9999662637710571,-12.408621788024902,True
known,4436,4,deer,4,deer,0.9998806715011597,-10.757527351379395,True
known,4437,1,automobile,1,automobile,0.9951621890068054,-6.982142448425293,True
known,4438,2,bird,2,bird,0.999692440032959,-10.343462944030762,True
known,4439,9,truck,9,truck,0.9985429048538208,-8.346571922302246,True
known,4440,2,bird,2,bird,0.9999207258224487,-10.790497779846191,True
known,4441,1,automobile,1,automobile,0.9996252059936523,-9.705283164978027,True
known,4442,3,cat,3,cat,0.9662589430809021,-6.3306708335876465,True
known,4443,4,deer,4,deer,0.9997256398200989,-9.633172035217285,True
known,4444,8,ship,8,ship,0.9998307228088379,-9.945618629455566,True
known,4445,9,truck,9,truck,0.9996614456176758,-10.223907470703125,True
known,4446,0,airplane,0,airplane,0.9965624213218689,-8.838886260986328,True
known,4447,0,airplane,0,airplane,0.9995554089546204,-10.669522285461426,True
known,4448,4,deer,4,deer,0.9999212026596069,-10.80881118774414,True
known,4449,9,truck,9,truck,0.6275361180305481,-6.775567531585693,True
known,4450,0,airplane,0,airplane,0.9998449087142944,-10.0418119430542,True
known,4451,2,bird,2,bird,0.9993300437927246,-9.355574607849121,True
known,4452,2,bird,2,bird,0.974276602268219,-6.741879463195801,True
known,4453,0,airplane,0,airplane,0.9355035424232483,-7.580209255218506,True
known,4454,6,frog,6,frog,0.9998396635055542,-10.910521507263184,True
known,4455,8,ship,8,ship,0.9996699094772339,-9.375068664550781,True
known,4456,7,horse,7,horse,0.9999752044677734,-11.837352752685547,True
known,4457,3,cat,3,cat,0.3640650808811188,-4.330526351928711,False
known,4458,3,cat,3,cat,0.8222249150276184,-4.841733455657959,False
known,4459,8,ship,8,ship,0.9996408224105835,-10.253962516784668,True
known,4460,9,truck,9,truck,0.9994046688079834,-8.770522117614746,True
known,4461,0,airplane,0,airplane,0.9999232292175293,-11.168034553527832,True
known,4462,2,bird,2,bird,0.9999507665634155,-12.858957290649414,True
known,4463,5,dog,5,dog,0.9350402355194092,-7.001111030578613,True
known,4464,3,cat,3,cat,0.999945878982544,-10.943937301635742,True
known,4465,6,frog,6,frog,0.9999805688858032,-12.187195777893066,True
known,4466,1,automobile,1,automobile,0.9998157620429993,-10.095051765441895,True
known,4467,3,cat,3,cat,0.9999191761016846,-10.624052047729492,True
known,4468,9,truck,9,truck,0.5981158018112183,-5.412885665893555,False
known,4469,5,dog,5,dog,0.9994136095046997,-9.228004455566406,True
known,4470,0,airplane,0,airplane,0.9965258240699768,-8.612226486206055,True
known,4471,5,dog,5,dog,0.9984622001647949,-10.345885276794434,True
known,4472,4,deer,4,deer,0.9999222755432129,-11.332775115966797,True
known,4473,4,deer,4,deer,0.9998986721038818,-10.70757007598877,True
known,4474,0,airplane,0,airplane,0.9998237490653992,-10.082685470581055,True
known,4475,1,automobile,1,automobile,0.9984405636787415,-8.51659107208252,True
known,4476,1,automobile,1,automobile,0.961677074432373,-6.441578388214111,True
known,4477,6,frog,6,frog,0.9981860518455505,-8.802152633666992,True
known,4478,1,automobile,1,automobile,0.9988859295845032,-8.241521835327148,True
known,4479,7,horse,7,horse,0.9997264742851257,-10.945987701416016,True
known,4480,9,truck,9,truck,0.9981039762496948,-8.190024375915527,True
known,4481,9,truck,9,truck,0.9994069337844849,-9.266383171081543,True
known,4482,6,frog,6,frog,0.9993533492088318,-9.114412307739258,True
known,4483,2,bird,2,bird,0.9999159574508667,-10.84410285949707,True
known,4484,4,deer,4,deer,0.9998912811279297,-10.813298225402832,True
known,4485,3,cat,5,dog,0.6331108212471008,-5.275880813598633,False
known,4486,8,ship,8,ship,0.9896231293678284,-6.601703643798828,True
known,4487,3,cat,3,cat,0.9939801692962646,-10.056304931640625,True
known,4488,4,deer,4,deer,0.9997984766960144,-9.805243492126465,True
known,4489,7,horse,7,horse,0.9986379742622375,-8.212529182434082,True
known,4490,0,airplane,0,airplane,0.9971174001693726,-7.931981563568115,True
known,4491,2,bird,2,bird,0.9997521042823792,-9.940805435180664,True
known,4492,8,ship,8,ship,0.9999302625656128,-11.561531066894531,True
known,4493,4,deer,4,deer,0.999982476234436,-13.057807922363281,True
known,4494,8,ship,8,ship,0.999472439289093,-9.537373542785645,True
known,4495,3,cat,3,cat,0.9986271858215332,-11.078425407409668,True
known,4496,8,ship,8,ship,0.9999421834945679,-11.097521781921387,True
known,4497,8,ship,8,ship,0.9999507665634155,-11.14818000793457,True
known,4498,8,ship,8,ship,0.9995971322059631,-9.467698097229004,True
known,4499,3,cat,3,cat,0.9999704360961914,-12.854859352111816,True
known,4500,3,cat,3,cat,0.999460756778717,-8.973027229309082,True
known,4501,5,dog,5,dog,0.9999672174453735,-12.143732070922852,True
known,4502,7,horse,7,horse,0.9997183680534363,-9.490612983703613,True
known,4503,7,horse,7,horse,0.5418522953987122,-5.99595832824707,False
known,4504,0,airplane,2,bird,0.944799542427063,-7.076186180114746,True
known,4505,4,deer,4,deer,0.9999529123306274,-11.310534477233887,True
known,4506,1,automobile,1,automobile,0.9998776912689209,-10.481956481933594,True
known,4507,5,dog,5,dog,0.9999768733978271,-12.860026359558105,True
known,4508,9,truck,9,truck,0.9999724626541138,-12.729654312133789,True
known,4509,7,horse,7,horse,0.9999712705612183,-11.769857406616211,True
known,4510,0,airplane,0,airplane,0.99997878074646,-12.054194450378418,True
known,4511,6,frog,6,frog,0.9998934268951416,-10.53089427947998,True
known,4512,8,ship,8,ship,0.9989712238311768,-8.389927864074707,True
known,4513,4,deer,4,deer,0.9995883107185364,-9.463042259216309,True
known,4514,9,truck,9,truck,0.9998188614845276,-9.897406578063965,True
known,4515,0,airplane,0,airplane,0.9986349940299988,-8.696099281311035,True
known,4516,1,automobile,1,automobile,0.9996534585952759,-9.647442817687988,True
known,4517,8,ship,8,ship,0.9999217987060547,-10.587072372436523,True
known,4518,9,truck,9,truck,0.9997900128364563,-9.718914985656738,True
known,4519,6,frog,6,frog,0.9996071457862854,-9.431413650512695,True
known,4520,3,cat,3,cat,0.9919463992118835,-10.43053913116455,True
known,4521,9,truck,9,truck,0.9984080195426941,-8.218775749206543,True
known,4522,2,bird,2,bird,0.9995953440666199,-9.415461540222168,True
known,4523,4,deer,4,deer,0.9996613264083862,-11.014792442321777,True
known,4524,4,deer,4,deer,0.997469425201416,-8.234362602233887,True
known,4525,0,airplane,0,airplane,0.9669340252876282,-7.553144931793213,True
known,4526,3,cat,3,cat,0.999262273311615,-9.619233131408691,True
known,4527,3,cat,3,cat,0.9991182684898376,-9.73543643951416,True
known,4528,5,dog,4,deer,0.9257984757423401,-7.478331565856934,True
known,4529,4,deer,4,deer,0.998134195804596,-9.154061317443848,True
known,4530,5,dog,5,dog,0.9953470826148987,-8.71635913848877,True
known,4531,1,automobile,1,automobile,0.9984319806098938,-8.03447151184082,True
known,4532,1,automobile,1,automobile,0.9616672396659851,-8.706851959228516,True
known,4533,8,ship,8,ship,0.9999505281448364,-11.991488456726074,True
known,4534,2,bird,2,bird,0.9997958540916443,-9.857561111450195,True
known,4535,2,bird,2,bird,0.9998409748077393,-10.23831558227539,True
known,4536,9,truck,1,automobile,0.8958479166030884,-6.76385498046875,True
known,4537,3,cat,3,cat,0.9955993890762329,-10.523667335510254,True
known,4538,7,horse,7,horse,0.9999103546142578,-10.653322219848633,True
known,4539,8,ship,8,ship,0.999657392501831,-9.971497535705566,True
known,4540,9,truck,9,truck,0.9998149275779724,-10.064627647399902,True
known,4541,2,bird,2,bird,0.999183714389801,-9.019200325012207,True
known,4542,3,cat,3,cat,0.9997703433036804,-10.313135147094727,True
known,4543,1,automobile,1,automobile,0.9995365142822266,-8.986729621887207,True
known,4544,7,horse,7,horse,0.9995455145835876,-9.138847351074219,True
known,4545,3,cat,4,deer,0.7580475211143494,-6.358757972717285,True
known,4546,2,bird,2,bird,0.9134121537208557,-7.569528102874756,True
known,4547,3,cat,5,dog,0.8338557481765747,-6.229025840759277,True
known,4548,0,airplane,0,airplane,0.9480191469192505,-7.532658576965332,True
known,4549,1,automobile,1,automobile,0.999165415763855,-8.508731842041016,True
known,4550,9,truck,9,truck,0.9925609230995178,-6.938838005065918,True
known,4551,5,dog,5,dog,0.9517080783843994,-8.115830421447754,True
known,4552,5,dog,5,dog,0.998991072177887,-9.613662719726562,True
known,4553,3,cat,3,cat,0.9996839761734009,-12.526350975036621,True
known,4554,4,deer,4,deer,0.9999752044677734,-12.516404151916504,True
known,4555,5,dog,5,dog,0.9634108543395996,-7.608105182647705,True
known,4556,2,bird,2,bird,0.7784839868545532,-5.2270636558532715,False
known,4557,0,airplane,0,airplane,0.9996063113212585,-9.334662437438965,True
known,4558,0,airplane,0,airplane,0.9998841285705566,-10.745952606201172,True
known,4559,3,cat,3,cat,0.9322159886360168,-6.545398235321045,True
known,4560,1,automobile,1,automobile,0.9998706579208374,-10.305523872375488,True
known,4561,3,cat,3,cat,0.9997785687446594,-11.960589408874512,True
known,4562,4,deer,4,deer,0.7735372185707092,-6.329281806945801,True
known,4563,7,horse,7,horse,0.9997462630271912,-9.742908477783203,True
known,4564,4,deer,4,deer,0.9999858140945435,-12.195527076721191,True
known,4565,2,bird,2,bird,0.9871891140937805,-7.743150234222412,True
known,4566,8,ship,8,ship,0.9997597336769104,-9.806756019592285,True
known,4567,4,deer,4,deer,0.9992732405662537,-10.074724197387695,True
known,4568,8,ship,8,ship,0.999126136302948,-8.470221519470215,True
known,4569,9,truck,9,truck,0.9995760321617126,-9.915942192077637,True
known,4570,9,truck,9,truck,0.9957175850868225,-7.2366228103637695,True
known,4571,4,deer,4,deer,0.9997435212135315,-10.096526145935059,True
known,4572,2,bird,2,bird,0.9997687935829163,-10.190430641174316,True
known,4573,4,deer,4,deer,0.9991669654846191,-9.090401649475098,True
known,4574,3,cat,3,cat,0.9492461681365967,-5.53765869140625,False
known,4575,6,frog,6,frog,0.9985594153404236,-8.51297664642334,True
known,4576,4,deer,4,deer,0.9993427395820618,-9.208037376403809,True
known,4577,6,frog,6,frog,0.9999780654907227,-12.358656883239746,True
known,4578,4,deer,4,deer,0.9996612071990967,-9.533413887023926,True
known,4579,6,frog,6,frog,0.924447238445282,-7.763165473937988,True
known,4580,6,frog,6,frog,0.9997939467430115,-9.950150489807129,True
known,4581,3,cat,3,cat,0.6949886083602905,-6.088644027709961,False
known,4582,8,ship,8,ship,0.9834977984428406,-8.425280570983887,True
known,4583,7,horse,7,horse,0.9992918968200684,-8.742600440979004,True
known,4584,4,deer,4,deer,0.99931800365448,-8.922516822814941,True
known,4585,8,ship,8,ship,0.9868960976600647,-7.298795223236084,True
known,4586,0,airplane,0,airplane,0.9994520545005798,-11.263644218444824,True
known,4587,5,dog,5,dog,0.9996806383132935,-9.395825386047363,True
known,4588,9,truck,9,truck,0.9994743466377258,-9.977007865905762,True
known,4589,3,cat,5,dog,0.770537257194519,-6.9357171058654785,True
known,4590,9,truck,9,truck,0.3807617127895355,-3.724151849746704,False
known,4591,0,airplane,0,airplane,0.9999700784683228,-12.19504451751709,True
known,4592,7,horse,7,horse,0.9997941851615906,-10.542526245117188,True
known,4593,5,dog,5,dog,0.9998170733451843,-10.173846244812012,True
known,4594,1,automobile,1,automobile,0.9998164772987366,-10.281468391418457,True
known,4595,9,truck,9,truck,0.998596727848053,-8.794508934020996,True
known,4596,7,horse,7,horse,0.9990398287773132,-8.882102012634277,True
known,4597,9,truck,9,truck,0.9998971223831177,-10.807602882385254,True
known,4598,1,automobile,1,automobile,0.999705970287323,-9.70357894897461,True
known,4599,8,ship,8,ship,0.9986531734466553,-9.378024101257324,True
known,4600,4,deer,4,deer,0.9998273253440857,-10.013114929199219,True
known,4601,2,bird,2,bird,0.9999134540557861,-11.968246459960938,True
known,4602,1,automobile,1,automobile,0.9966896772384644,-7.400595188140869,True
known,4603,6,frog,6,frog,0.9996638298034668,-9.339292526245117,True
known,4604,4,deer,4,deer,0.9999781847000122,-12.309873580932617,True
known,4605,3,cat,3,cat,0.9942938685417175,-7.626040935516357,True
known,4606,0,airplane,8,ship,0.8853952288627625,-5.265673637390137,False
known,4607,1,automobile,1,automobile,0.9998517036437988,-10.118865013122559,True
known,4608,4,deer,4,deer,0.9987333416938782,-9.6267728805542,True
known,4609,8,ship,8,ship,0.9997994303703308,-10.164929389953613,True
known,4610,6,frog,6,frog,0.999582827091217,-9.25890064239502,True
known,4611,1,automobile,1,automobile,0.9997280240058899,-9.530439376831055,True
known,4612,7,horse,7,horse,0.9889155626296997,-7.825504302978516,True
known,4613,1,automobile,1,automobile,0.9996160268783569,-10.823399543762207,True
known,4614,3,cat,5,dog,0.8804530501365662,-7.88097620010376,True
known,4615,5,dog,5,dog,0.9152373671531677,-7.230084419250488,True
known,4616,4,deer,4,deer,0.9999103546142578,-10.862874031066895,True
known,4617,3,cat,3,cat,0.9764710664749146,-8.681788444519043,True
known,4618,3,cat,3,cat,0.9408222436904907,-8.905299186706543,True
known,4619,9,truck,9,truck,0.9993451237678528,-9.357577323913574,True
known,4620,7,horse,7,horse,0.9990471005439758,-9.87822151184082,True
known,4621,8,ship,8,ship,0.9998384714126587,-10.0519437789917,True
known,4622,2,bird,2,bird,0.9991583824157715,-8.624431610107422,True
known,4623,5,dog,5,dog,0.9983305335044861,-8.977386474609375,True
known,4624,5,dog,5,dog,0.9997193217277527,-11.438593864440918,True
known,4625,4,deer,4,deer,0.9999358654022217,-11.85425090789795,True
known,4626,5,dog,5,dog,0.9999864101409912,-13.083436965942383,True
known,4627,4,deer,4,deer,0.999974250793457,-12.111429214477539,True
known,4628,5,dog,7,horse,0.9939014911651611,-8.611775398254395,True
known,4629,7,horse,7,horse,0.9992632269859314,-8.968280792236328,True
known,4630,2,bird,6,frog,0.92745041847229,-6.780795097351074,True
known,4631,5,dog,5,dog,0.9998290538787842,-10.322855949401855,True
known,4632,5,dog,4,deer,0.7404507398605347,-6.315251350402832,True
known,4633,1,automobile,1,automobile,0.9995864033699036,-9.062142372131348,True
known,4634,7,horse,7,horse,0.961667001247406,-7.108556747436523,True
known,4635,7,horse,7,horse,0.9995781779289246,-9.39713191986084,True
known,4636,8,ship,8,ship,0.9997808337211609,-10.083345413208008,True
known,4637,3,cat,3,cat,0.9999067783355713,-10.5740385055542,True
known,4638,6,frog,6,frog,0.9997584223747253,-9.598160743713379,True
known,4639,0,airplane,0,airplane,0.9988100528717041,-9.11637020111084,True
known,4640,2,bird,2,bird,0.9997075200080872,-9.429496765136719,True
known,4641,5,dog,5,dog,0.9999250173568726,-11.40792179107666,True
known,4642,2,bird,2,bird,0.999639630317688,-10.084980964660645,True
known,4643,3,cat,3,cat,0.9993577599525452,-9.892632484436035,True
known,4644,7,horse,7,horse,0.9999566078186035,-11.89317512512207,True
known,4645,4,deer,4,deer,0.9987378716468811,-9.497546195983887,True
known,4646,2,bird,3,cat,0.9941213726997375,-10.305225372314453,True
known,4647,1,automobile,1,automobile,0.9989569187164307,-8.397137641906738,True
known,4648,6,frog,6,frog,0.9999693632125854,-12.220324516296387,True
known,4649,8,ship,8,ship,0.9999200105667114,-10.854504585266113,True
known,4650,6,frog,6,frog,0.9999172687530518,-10.913939476013184,True
known,4651,8,ship,8,ship,0.9993956089019775,-9.320067405700684,True
known,4652,3,cat,3,cat,0.9942253232002258,-10.227694511413574,True
known,4653,2,bird,2,bird,0.9999008178710938,-10.477139472961426,True
known,4654,7,horse,7,horse,0.9967183470726013,-7.628516674041748,True
known,4655,7,horse,7,horse,0.9811385273933411,-8.342529296875,True
known,4656,9,truck,9,truck,0.9999656677246094,-11.66799545288086,True
known,4657,7,horse,7,horse,0.9997664093971252,-9.636104583740234,True
known,4658,1,automobile,1,automobile,0.999099612236023,-8.558856010437012,True
known,4659,4,deer,4,deer,0.9999722242355347,-11.745339393615723,True
known,4660,7,horse,7,horse,0.9999991655349731,-15.078688621520996,True
known,4661,4,deer,4,deer,0.8132717609405518,-5.68239688873291,False
known,4662,6,frog,6,frog,0.9992272853851318,-8.825860023498535,True
known,4663,1,automobile,1,automobile,0.9989060163497925,-8.157910346984863,True
known,4664,7,horse,7,horse,0.9987687468528748,-8.194764137268066,True
known,4665,3,cat,3,cat,0.9998469352722168,-10.74621868133545,True
known,4666,0,airplane,0,airplane,0.9998441934585571,-10.27460765838623,True
known,4667,0,airplane,0,airplane,0.9997745156288147,-10.584463119506836,True
known,4668,6,frog,6,frog,0.9994600415229797,-10.645895957946777,True
known,4669,6,frog,6,frog,0.9895603656768799,-7.96991491317749,True
known,4670,8,ship,8,ship,0.9996278285980225,-9.330322265625,True
known,4671,6,frog,6,frog,0.9994623064994812,-9.150044441223145,True
known,4672,6,frog,6,frog,0.9999599456787109,-11.525601387023926,True
known,4673,0,airplane,0,airplane,0.8046560287475586,-8.432462692260742,True
known,4674,3,cat,3,cat,0.9993647933006287,-9.40540885925293,True
known,4675,4,deer,4,deer,0.9997047781944275,-9.601777076721191,True
known,4676,7,horse,7,horse,0.999805748462677,-10.276806831359863,True
known,4677,4,deer,4,deer,0.9999827146530151,-11.970133781433105,True
known,4678,9,truck,9,truck,0.9997890591621399,-10.572548866271973,True
known,4679,4,deer,4,deer,0.9989516735076904,-8.903338432312012,True
known,4680,9,truck,9,truck,0.9999158382415771,-10.690608024597168,True
known,4681,9,truck,9,truck,0.9976539015769958,-8.989129066467285,True
known,4682,3,cat,5,dog,0.9691252708435059,-10.15322208404541,True
known,4683,4,deer,4,deer,0.9993782043457031,-9.261679649353027,True
known,4684,1,automobile,1,automobile,0.9996777772903442,-9.650994300842285,True
known,4685,4,deer,4,deer,0.9999958276748657,-13.65624713897705,True
known,4686,0,airplane,0,airplane,0.5048916339874268,-7.41308069229126,True
known,4687,3,cat,3,cat,0.9998273849487305,-10.122856140136719,True
known,4688,7,horse,7,horse,0.9994223117828369,-9.221243858337402,True
known,4689,1,automobile,1,automobile,0.9989357590675354,-8.260497093200684,True
known,4690,2,bird,2,bird,0.9997027516365051,-9.841527938842773,True
known,4691,2,bird,2,bird,0.9996026158332825,-9.879072189331055,True
known,4692,8,ship,8,ship,0.9998286962509155,-10.89877986907959,True
known,4693,4,deer,4,deer,0.9999536275863647,-11.124591827392578,True
known,4694,7,horse,7,horse,0.9999266862869263,-11.122259140014648,True
known,4695,8,ship,8,ship,0.9992626309394836,-9.097502708435059,True
known,4696,5,dog,5,dog,0.998456597328186,-9.645337104797363,True
known,4697,5,dog,5,dog,0.9992133378982544,-10.06795597076416,True
known,4698,6,frog,6,frog,0.9995512366294861,-10.046286582946777,True
known,4699,5,dog,5,dog,0.9995360374450684,-9.89635181427002,True
known,4700,6,frog,6,frog,0.9994766116142273,-9.858098030090332,True
known,4701,0,airplane,0,airplane,0.9990984201431274,-8.940320014953613,True
known,4702,6,frog,6,frog,0.9987898468971252,-8.229446411132812,True
known,4703,4,deer,4,deer,0.9999805688858032,-12.52153491973877,True
known,4704,9,truck,9,truck,0.9995396137237549,-9.069644927978516,True
known,4705,3,cat,3,cat,0.9647637009620667,-6.250699520111084,True
known,4706,2,bird,2,bird,0.9999452829360962,-11.209370613098145,True
known,4707,7,horse,7,horse,0.9940991401672363,-8.977896690368652,True
known,4708,3,cat,3,cat,0.9994526505470276,-9.291875839233398,True
known,4709,8,ship,8,ship,0.9978886246681213,-8.336722373962402,True
known,4710,3,cat,5,dog,0.753252387046814,-5.987782001495361,False
known,4711,9,truck,9,truck,0.9998414516448975,-10.285232543945312,True
known,4712,4,deer,4,deer,0.9970657229423523,-8.135786056518555,True
known,4713,1,automobile,1,automobile,0.9990110397338867,-8.407718658447266,True
known,4714,6,frog,6,frog,0.998878538608551,-8.52269458770752,True
known,4715,9,truck,9,truck,0.9972400665283203,-9.361678123474121,True
known,4716,9,truck,9,truck,0.9981777667999268,-8.135736465454102,True
known,4717,4,deer,4,deer,0.9994149208068848,-9.337004661560059,True
known,4718,3,cat,3,cat,0.8181525468826294,-5.0279388427734375,False
known,4719,9,truck,9,truck,0.9997588992118835,-9.689106941223145,True
known,4720,8,ship,8,ship,0.999313235282898,-10.456252098083496,True
known,4721,1,automobile,1,automobile,0.998528003692627,-9.54857349395752,True
known,4722,6,frog,6,frog,0.9997757077217102,-10.471477508544922,True
known,4723,9,truck,9,truck,0.9990187883377075,-8.383986473083496,True
known,4724,5,dog,5,dog,0.9974147081375122,-8.073901176452637,True
known,4725,9,truck,9,truck,0.8979719877243042,-7.005995273590088,True
known,4726,0,airplane,0,airplane,0.9999700784683228,-11.811349868774414,True
known,4727,9,truck,9,truck,0.9998244643211365,-10.024648666381836,True
known,4728,7,horse,7,horse,0.9999406337738037,-10.957381248474121,True
known,4729,2,bird,2,bird,0.9955520033836365,-8.406282424926758,True
known,4730,2,bird,2,bird,0.9997788071632385,-10.533407211303711,True
known,4731,4,deer,4,deer,0.9987577199935913,-8.409110069274902,True
known,4732,2,bird,2,bird,0.9967317581176758,-9.660537719726562,True
known,4733,6,frog,6,frog,0.9999229907989502,-11.38497543334961,True
known,4734,4,deer,4,deer,0.999897837638855,-10.792938232421875,True
known,4735,8,ship,8,ship,0.9940751791000366,-7.675751209259033,True
known,4736,1,automobile,1,automobile,0.9978860020637512,-7.723106861114502,True
known,4737,9,truck,9,truck,0.9999442100524902,-11.175926208496094,True
known,4738,5,dog,5,dog,0.9998030066490173,-11.067315101623535,True
known,4739,6,frog,6,frog,0.999900221824646,-10.49947452545166,True
known,4740,5,dog,3,cat,0.9994826316833496,-9.75037956237793,True
known,4741,1,automobile,1,automobile,0.9999780654907227,-12.818575859069824,True
known,4742,8,ship,8,ship,0.9992215633392334,-8.852662086486816,True
known,4743,6,frog,6,frog,0.9991117119789124,-9.200361251831055,True
known,4744,6,frog,6,frog,0.9992321729660034,-9.391016960144043,True
known,4745,7,horse,7,horse,0.9994885921478271,-8.929093360900879,True
known,4746,6,frog,6,frog,0.9993571639060974,-9.116253852844238,True
known,4747,5,dog,5,dog,0.9971410036087036,-8.491832733154297,True
known,4748,0,airplane,0,airplane,0.9994829893112183,-9.214946746826172,True
known,4749,2,bird,3,cat,0.9619300365447998,-6.8977789878845215,True
known,4750,7,horse,7,horse,0.5062270164489746,-3.0948686599731445,False
known,4751,6,frog,6,frog,0.9996547698974609,-9.384197235107422,True
known,4752,1,automobile,1,automobile,0.9997230172157288,-9.701600074768066,True
known,4753,2,bird,2,bird,0.7442091703414917,-5.876626014709473,False
known,4754,3,cat,8,ship,0.7244009375572205,-5.488056182861328,False
known,4755,1,automobile,1,automobile,0.9999030828475952,-10.725056648254395,True
known,4756,6,frog,6,frog,0.9995903372764587,-9.185749053955078,True
known,4757,4,deer,4,deer,0.9997116923332214,-9.61004638671875,True
known,4758,9,truck,9,truck,0.9999207258224487,-10.60879135131836,True
known,4759,0,airplane,0,airplane,0.9998941421508789,-11.073553085327148,True
known,4760,3,cat,3,cat,0.4870949387550354,-3.8489277362823486,False
known,4761,9,truck,9,truck,0.9997836947441101,-9.993001937866211,True
known,4762,1,automobile,1,automobile,0.9999363422393799,-10.892489433288574,True
known,4763,0,airplane,0,airplane,0.999937891960144,-10.974214553833008,True
known,4764,5,dog,5,dog,0.9992196559906006,-9.368151664733887,True
known,4765,3,cat,3,cat,0.9968256950378418,-8.326587677001953,True
known,4766,1,automobile,1,automobile,0.9986076951026917,-8.031206130981445,True
known,4767,6,frog,6,frog,0.9998569488525391,-10.592886924743652,True
known,4768,9,truck,9,truck,0.9996496438980103,-9.313003540039062,True
known,4769,8,ship,8,ship,0.9997910857200623,-11.12535572052002,True
known,4770,9,truck,9,truck,0.9998961687088013,-10.371434211730957,True
known,4771,0,airplane,0,airplane,0.9997617602348328,-9.666545867919922,True
known,4772,6,frog,6,frog,0.999914288520813,-11.653204917907715,True
known,4773,1,automobile,1,automobile,0.9996378421783447,-9.423521041870117,True
known,4774,6,frog,6,frog,0.9989761114120483,-8.788171768188477,True
known,4775,2,bird,2,bird,0.6341426968574524,-5.570244789123535,False
known,4776,3,cat,3,cat,0.7734165787696838,-4.984017848968506,False
known,4777,5,dog,5,dog,0.9999924898147583,-13.163443565368652,True
known,4778,6,frog,6,frog,0.9983152151107788,-8.379262924194336,True
known,4779,9,truck,9,truck,0.6658698916435242,-6.682305335998535,True
known,4780,0,airplane,0,airplane,0.9977207779884338,-8.820096969604492,True
known,4781,7,horse,7,horse,0.9999308586120605,-10.769302368164062,True
known,4782,2,bird,2,bird,0.9999779462814331,-12.425192832946777,True
known,4783,4,deer,4,deer,0.9983636736869812,-9.099884986877441,True
known,4784,0,airplane,8,ship,0.9685577750205994,-7.739722728729248,True
known,4785,3,cat,3,cat,0.9979881048202515,-7.748804569244385,True
known,4786,6,frog,6,frog,0.9886747002601624,-6.500391006469727,True
known,4787,8,ship,8,ship,0.9998428821563721,-9.925015449523926,True
known,4788,6,frog,6,frog,0.9992508292198181,-8.759212493896484,True
known,4789,9,truck,9,truck,0.9998399019241333,-10.37629508972168,True
known,4790,1,automobile,1,automobile,0.9999244213104248,-11.820460319519043,True
known,4791,9,truck,9,truck,0.9956275224685669,-7.116946220397949,True
known,4792,0,airplane,0,airplane,0.9751503467559814,-8.873236656188965,True
known,4793,6,frog,6,frog,0.9991936087608337,-8.633463859558105,True
known,4794,4,deer,2,bird,0.9969409108161926,-8.889074325561523,True
known,4795,5,dog,5,dog,0.9955093860626221,-8.991072654724121,True
known,4796,9,truck,9,truck,0.9997244477272034,-9.476663589477539,True
known,4797,5,dog,5,dog,0.999530553817749,-9.358155250549316,True
known,4798,4,deer,4,deer,0.999591052532196,-9.863724708557129,True
known,4799,1,automobile,1,automobile,0.9997765421867371,-9.996978759765625,True
known,4800,9,truck,9,truck,0.9996753931045532,-9.401911735534668,True
known,4801,2,bird,2,bird,0.9999723434448242,-13.113102912902832,True
known,4802,0,airplane,0,airplane,0.9999316930770874,-11.42908000946045,True
known,4803,7,horse,7,horse,0.9991583824157715,-9.134510040283203,True
known,4804,3,cat,3,cat,0.9993126392364502,-10.52027416229248,True
known,4805,5,dog,5,dog,0.9994691014289856,-10.052460670471191,True
known,4806,1,automobile,1,automobile,0.9996802806854248,-10.028220176696777,True
known,4807,8,ship,8,ship,0.9999088048934937,-10.870747566223145,True
known,4808,3,cat,3,cat,0.9954518675804138,-9.198610305786133,True
known,4809,0,airplane,0,airplane,0.9997311234474182,-9.579026222229004,True
known,4810,5,dog,5,dog,0.9993365406990051,-8.864874839782715,True
known,4811,2,bird,2,bird,0.9997188448905945,-9.644234657287598,True
known,4812,8,ship,8,ship,0.9365558624267578,-7.423081398010254,True
known,4813,8,ship,8,ship,0.9997331500053406,-9.539575576782227,True
known,4814,3,cat,3,cat,0.9953409433364868,-7.41383171081543,True
known,4815,9,truck,9,truck,0.9995150566101074,-10.94784164428711,True
known,4816,6,frog,6,frog,0.9993324875831604,-9.736103057861328,True
known,4817,0,airplane,0,airplane,0.9999520778656006,-11.430450439453125,True
known,4818,3,cat,3,cat,0.9992161989212036,-9.645956993103027,True
known,4819,5,dog,5,dog,0.9995695948600769,-9.911398887634277,True
known,4820,3,cat,3,cat,0.9998025298118591,-11.167954444885254,True
known,4821,4,deer,4,deer,0.9980734586715698,-9.339373588562012,True
known,4822,1,automobile,1,automobile,0.9998313188552856,-10.109426498413086,True
known,4823,5,dog,5,dog,0.9997072815895081,-10.97695541381836,True
known,4824,0,airplane,0,airplane,0.9996196031570435,-9.638145446777344,True
known,4825,7,horse,7,horse,0.9996941089630127,-10.275776863098145,True
known,4826,3,cat,3,cat,0.9977368116378784,-7.790618419647217,True
known,4827,9,truck,9,truck,0.999270498752594,-8.627168655395508,True
known,4828,4,deer,4,deer,0.9996904134750366,-10.066441535949707,True
known,4829,5,dog,5,dog,0.9999510049819946,-11.975080490112305,True
known,4830,3,cat,3,cat,0.993183434009552,-9.767364501953125,True
known,4831,1,automobile,1,automobile,0.9994913339614868,-8.87800407409668,True
known,4832,4,deer,4,deer,0.9998154044151306,-10.394893646240234,True
known,4833,2,bird,2,bird,0.9993815422058105,-10.015578269958496,True
known,4834,4,deer,4,deer,0.9998829364776611,-11.00798225402832,True
known,4835,9,truck,9,truck,0.9968926310539246,-7.298070907592773,True
known,4836,9,truck,9,truck,0.9830637574195862,-7.143145561218262,True
known,4837,7,horse,7,horse,0.9989332556724548,-8.844943046569824,True
known,4838,1,automobile,1,automobile,0.99952232837677,-8.984786033630371,True
known,4839,7,horse,7,horse,0.9995554089546204,-9.352418899536133,True
known,4840,0,airplane,0,airplane,0.9998261332511902,-10.015159606933594,True
known,4841,1,automobile,1,automobile,0.9986794590950012,-8.059138298034668,True
known,4842,2,bird,2,bird,0.9999897480010986,-12.807939529418945,True
known,4843,1,automobile,1,automobile,0.9208299517631531,-5.073273658752441,False
known,4844,5,dog,5,dog,0.999362051486969,-10.898985862731934,True
known,4845,3,cat,3,cat,0.9998247027397156,-10.123072624206543,True
known,4846,8,ship,8,ship,0.9998183846473694,-10.405631065368652,True
known,4847,4,deer,4,deer,0.999931812286377,-10.973414421081543,True
known,4848,1,automobile,1,automobile,0.9992538094520569,-8.703760147094727,True
known,4849,5,dog,5,dog,0.9995819926261902,-9.788697242736816,True
known,4850,1,automobile,1,automobile,0.99709153175354,-8.128911018371582,True
known,4851,9,truck,9,truck,0.999729573726654,-9.711881637573242,True
known,4852,9,truck,9,truck,0.9956056475639343,-8.160353660583496,True
known,4853,7,horse,7,horse,0.9997517466545105,-9.48757553100586,True
known,4854,0,airplane,0,airplane,0.9978037476539612,-8.809443473815918,True
known,4855,1,automobile,1,automobile,0.997244119644165,-7.996457099914551,True
known,4856,7,horse,7,horse,0.9998522996902466,-10.205076217651367,True
known,4857,6,frog,6,frog,0.9993157386779785,-8.717222213745117,True
known,4858,2,bird,2,bird,0.9998335838317871,-10.634729385375977,True
known,4859,6,frog,6,frog,0.9972741007804871,-8.731856346130371,True
known,4860,5,dog,5,dog,0.9998862743377686,-10.735493659973145,True
known,4861,0,airplane,0,airplane,0.6136311888694763,-6.708144664764404,True
known,4862,3,cat,3,cat,0.613325834274292,-7.073693752288818,True
known,4863,1,automobile,1,automobile,0.9997794032096863,-9.92063045501709,True
known,4864,3,cat,3,cat,0.9973716735839844,-10.125483512878418,True
known,4865,8,ship,8,ship,0.9945494532585144,-8.816283226013184,True
known,4866,9,truck,9,truck,0.9992708563804626,-9.090043067932129,True
known,4867,9,truck,9,truck,0.9953560829162598,-9.294075965881348,True
known,4868,0,airplane,0,airplane,0.9928199648857117,-7.195178508758545,True
known,4869,8,ship,8,ship,0.9998446702957153,-10.08055591583252,True
known,4870,8,ship,8,ship,0.9967124462127686,-9.527640342712402,True
known,4871,7,horse,7,horse,0.639683723449707,-4.963035583496094,False
known,4872,9,truck,9,truck,0.9981933236122131,-9.175541877746582,True
known,4873,2,bird,2,bird,0.9999513626098633,-11.364927291870117,True
known,4874,9,truck,9,truck,0.9999535083770752,-11.873801231384277,True
known,4875,1,automobile,1,automobile,0.9998373985290527,-10.100629806518555,True
known,4876,3,cat,3,cat,0.9995881915092468,-9.562087059020996,True
known,4877,6,frog,6,frog,0.9994366765022278,-8.920636177062988,True
known,4878,7,horse,7,horse,0.9996263980865479,-9.154989242553711,True
known,4879,6,frog,6,frog,0.9977630376815796,-7.810303688049316,True
known,4880,0,airplane,0,airplane,0.9990015625953674,-8.96912956237793,True
known,4881,8,ship,8,ship,0.9999428987503052,-10.93179988861084,True
known,4882,6,frog,6,frog,0.999913215637207,-10.987896919250488,True
known,4883,2,bird,2,bird,0.9990608096122742,-9.729705810546875,True
known,4884,4,deer,4,deer,0.9999593496322632,-11.565255165100098,True
known,4885,2,bird,2,bird,0.9054232835769653,-9.165305137634277,True
known,4886,3,cat,3,cat,0.999051034450531,-8.371416091918945,True
known,4887,5,dog,5,dog,0.9998894929885864,-10.944490432739258,True
known,4888,5,dog,5,dog,0.9999362230300903,-12.34315013885498,True
known,4889,4,deer,4,deer,0.9952794313430786,-8.183485984802246,True
known,4890,1,automobile,1,automobile,0.9995846152305603,-9.115622520446777,True
known,4891,6,frog,6,frog,0.9992938041687012,-8.631875991821289,True
known,4892,7,horse,7,horse,0.9673260450363159,-7.480642795562744,True
known,4893,1,automobile,1,automobile,0.9979026317596436,-8.653701782226562,True
known,4894,6,frog,6,frog,0.9146161675453186,-5.4546403884887695,False
known,4895,1,automobile,1,automobile,0.9996652603149414,-9.803446769714355,True
known,4896,7,horse,7,horse,0.9983000159263611,-8.827789306640625,True
known,4897,1,automobile,1,automobile,0.9997766613960266,-10.398541450500488,True
known,4898,6,frog,6,frog,0.9984834790229797,-8.429784774780273,True
known,4899,2,bird,2,bird,0.9983165264129639,-8.752999305725098,True
known,4900,3,cat,3,cat,0.9999392032623291,-11.203970909118652,True
known,4901,0,airplane,0,airplane,0.9985920786857605,-9.15208911895752,True
known,4902,4,deer,4,deer,0.9999030828475952,-10.784459114074707,True
known,4903,2,bird,2,bird,0.9936500191688538,-8.730122566223145,True
known,4904,9,truck,9,truck,0.9996905326843262,-9.504830360412598,True
known,4905,7,horse,7,horse,0.999749481678009,-9.539660453796387,True
known,4906,5,dog,5,dog,0.9559595584869385,-7.931126117706299,True
known,4907,5,dog,5,dog,0.9972690939903259,-9.012127876281738,True
known,4908,6,frog,6,frog,0.9998334646224976,-10.065085411071777,True
known,4909,0,airplane,0,airplane,0.9917327165603638,-7.934912204742432,True
known,4910,8,ship,9,truck,0.953493595123291,-6.606967449188232,True
known,4911,8,ship,8,ship,0.9997214674949646,-10.011618614196777,True
known,4912,1,automobile,1,automobile,0.9989987015724182,-8.395874977111816,True
known,4913,1,automobile,1,automobile,0.9982946515083313,-7.893500328063965,True
known,4914,3,cat,3,cat,0.9999731779098511,-12.518254280090332,True
known,4915,5,dog,5,dog,0.999996542930603,-14.610841751098633,True
known,4916,6,frog,6,frog,0.9995490908622742,-9.391554832458496,True
known,4917,5,dog,5,dog,0.9756066203117371,-6.0288920402526855,False
known,4918,3,cat,3,cat,0.9995675683021545,-9.233573913574219,True
known,4919,8,ship,8,ship,0.9999959468841553,-15.401042938232422,True
known,4920,7,horse,7,horse,0.9993467926979065,-9.067350387573242,True
known,4921,5,dog,5,dog,0.9893611073493958,-7.881155967712402,True
known,4922,0,airplane,0,airplane,0.9992985725402832,-9.963857650756836,True
known,4923,7,horse,7,horse,0.9974814057350159,-8.620172500610352,True
known,4924,7,horse,7,horse,0.9994041919708252,-8.951925277709961,True
known,4925,5,dog,5,dog,0.9999390840530396,-11.356749534606934,True
known,4926,7,horse,7,horse,0.9943472743034363,-7.263352870941162,True
known,4927,1,automobile,1,automobile,0.9996240139007568,-9.21115779876709,True
known,4928,9,truck,9,truck,0.9999030828475952,-11.09067440032959,True
known,4929,9,truck,9,truck,0.9996389150619507,-9.605485916137695,True
known,4930,1,automobile,1,automobile,0.9980455636978149,-8.594496726989746,True
known,4931,9,truck,1,automobile,0.855289876461029,-6.212379455566406,True
known,4932,9,truck,9,truck,0.9985596537590027,-8.881898880004883,True
known,4933,3,cat,3,cat,0.9986683130264282,-9.126771926879883,True
known,4934,5,dog,5,dog,0.9999500513076782,-11.121607780456543,True
known,4935,5,dog,5,dog,0.9711073637008667,-8.716017723083496,True
known,4936,3,cat,3,cat,0.9993176460266113,-9.133949279785156,True
known,4937,0,airplane,0,airplane,0.9998542070388794,-10.408895492553711,True
known,4938,3,cat,3,cat,0.7434648871421814,-8.658955574035645,True
known,4939,0,airplane,0,airplane,0.9304749965667725,-7.426116466522217,True
known,4940,6,frog,6,frog,0.9889096617698669,-7.52850341796875,True
known,4941,6,frog,6,frog,0.999833345413208,-11.045491218566895,True
known,4942,5,dog,0,airplane,0.7021800875663757,-4.188446044921875,False
known,4943,6,frog,6,frog,0.9988765120506287,-9.23108959197998,True
known,4944,8,ship,8,ship,0.9998358488082886,-10.146652221679688,True
known,4945,9,truck,9,truck,0.9994415640830994,-9.420120239257812,True
known,4946,4,deer,4,deer,0.9995598196983337,-10.788573265075684,True
known,4947,5,dog,5,dog,0.999701201915741,-10.957953453063965,True
known,4948,1,automobile,1,automobile,0.9998481273651123,-9.98755168914795,True
known,4949,1,automobile,1,automobile,0.9993371367454529,-8.716622352600098,True
known,4950,2,bird,2,bird,0.9992606043815613,-9.02676773071289,True
known,4951,7,horse,7,horse,0.9907451868057251,-7.2700982093811035,True
known,4952,9,truck,9,truck,0.9963281750679016,-9.837315559387207,True
known,4953,0,airplane,0,airplane,0.999903678894043,-10.688511848449707,True
known,4954,1,automobile,1,automobile,0.9885472059249878,-7.572286128997803,True
known,4955,2,bird,2,bird,0.9993916749954224,-9.797945022583008,True
known,4956,5,dog,5,dog,0.9997946619987488,-12.67409610748291,True
known,4957,4,deer,4,deer,0.9980370402336121,-8.448127746582031,True
known,4958,4,deer,4,deer,0.9702558517456055,-7.374704360961914,True
known,4959,7,horse,7,horse,0.9996770620346069,-9.95119857788086,True
known,4960,4,deer,4,deer,0.9999914169311523,-13.679519653320312,True
known,4961,8,ship,8,ship,0.9998468160629272,-10.258340835571289,True
known,4962,3,cat,3,cat,0.9656776189804077,-6.912983417510986,True
known,4963,3,cat,3,cat,0.9978929162025452,-9.988032341003418,True
known,4964,5,dog,7,horse,0.6210361123085022,-5.387871265411377,False
known,4965,3,cat,4,deer,0.9988993406295776,-9.271349906921387,True
known,4966,5,dog,5,dog,0.9576677083969116,-8.461501121520996,True
known,4967,7,horse,7,horse,0.9987461566925049,-8.2894287109375,True
known,4968,0,airplane,0,airplane,0.9998857975006104,-10.784302711486816,True
known,4969,1,automobile,1,automobile,0.9999774694442749,-11.990042686462402,True
known,4970,2,bird,2,bird,0.9375592470169067,-8.250176429748535,True
known,4971,9,truck,9,truck,0.9996753931045532,-10.054940223693848,True
known,4972,8,ship,8,ship,0.9977497458457947,-7.804097652435303,True
known,4973,1,automobile,1,automobile,0.9945231676101685,-8.199673652648926,True
known,4974,7,horse,7,horse,0.9987435936927795,-9.527883529663086,True
known,4975,3,cat,3,cat,0.9930846691131592,-8.228260040283203,True
known,4976,5,dog,5,dog,0.9997524619102478,-9.959257125854492,True
known,4977,9,truck,9,truck,0.9998571872711182,-10.498200416564941,True
known,4978,1,automobile,1,automobile,0.9996501207351685,-9.296896934509277,True
known,4979,9,truck,9,truck,0.99991774559021,-11.008557319641113,True
known,4980,1,automobile,1,automobile,0.9997578263282776,-9.907146453857422,True
known,4981,1,automobile,1,automobile,0.9995995163917542,-11.151556968688965,True
known,4982,3,cat,3,cat,0.9945470094680786,-8.420060157775879,True
known,4983,6,frog,6,frog,0.9994087219238281,-8.988727569580078,True
known,4984,7,horse,7,horse,0.999782145023346,-10.410888671875,True
known,4985,4,deer,4,deer,0.9089226722717285,-8.34378433227539,True
known,4986,8,ship,8,ship,0.9940470457077026,-9.254773139953613,True
known,4987,3,cat,3,cat,0.9982781410217285,-8.82114315032959,True
known,4988,5,dog,5,dog,0.9962660670280457,-8.832515716552734,True
known,4989,6,frog,6,frog,0.9991068243980408,-8.397843360900879,True
known,4990,7,horse,7,horse,0.989645779132843,-7.42603063583374,True
known,4991,0,airplane,0,airplane,0.999868631362915,-10.519794464111328,True
known,4992,1,automobile,1,automobile,0.9991040825843811,-8.343134880065918,True
known,4993,7,horse,7,horse,0.9289295077323914,-5.579414367675781,False
known,4994,7,horse,7,horse,0.9999517202377319,-11.07756519317627,True
known,4995,2,bird,2,bird,0.8735558390617371,-9.17651653289795,True
known,4996,3,cat,5,dog,0.7371833324432373,-8.472278594970703,True
known,4997,3,cat,3,cat,0.9996510744094849,-10.124665260314941,True
known,4998,5,dog,5,dog,0.5677262544631958,-6.369184970855713,True
known,4999,1,automobile,1,automobile,0.9992634654045105,-9.2582426071167,True
known,5000,7,horse,7,horse,0.9996007084846497,-9.269920349121094,True
known,5001,6,frog,6,frog,0.9996583461761475,-10.5009765625,True
known,5002,8,ship,8,ship,0.9997910857200623,-10.34544563293457,True
known,5003,4,deer,4,deer,0.9896714687347412,-7.604454040527344,True
known,5004,4,deer,4,deer,0.9997536540031433,-10.12390422821045,True
known,5005,5,dog,5,dog,0.9998683929443359,-10.96068286895752,True
known,5006,7,horse,5,dog,0.6507558226585388,-6.200292110443115,False
known,5007,3,cat,3,cat,0.9989362359046936,-10.170723915100098,True
known,5008,4,deer,4,deer,0.9995248317718506,-9.627846717834473,True
known,5009,7,horse,7,horse,0.9994727969169617,-10.326560020446777,True
known,5010,7,horse,7,horse,0.9998830556869507,-10.441786766052246,True
known,5011,3,cat,3,cat,0.9830390214920044,-8.759696960449219,True
known,5012,6,frog,6,frog,0.9999052286148071,-10.725809097290039,True
known,5013,0,airplane,0,airplane,0.9257551431655884,-6.824594020843506,True
known,5014,7,horse,7,horse,0.9984201192855835,-7.979203701019287,True
known,5015,2,bird,2,bird,0.9999414682388306,-11.277678489685059,True
known,5016,6,frog,6,frog,0.9993252754211426,-8.951325416564941,True
known,5017,7,horse,7,horse,0.9998461008071899,-10.341856002807617,True
known,5018,4,deer,4,deer,0.99943608045578,-9.364137649536133,True
known,5019,1,automobile,1,automobile,0.9999151229858398,-10.75191593170166,True
known,5020,8,ship,8,ship,0.9999492168426514,-11.069549560546875,True
known,5021,0,airplane,0,airplane,0.9831814169883728,-9.088238716125488,True
known,5022,2,bird,2,bird,0.9998148083686829,-10.225298881530762,True
known,5023,2,bird,2,bird,0.9996601343154907,-10.140594482421875,True
known,5024,1,automobile,1,automobile,0.9993602633476257,-8.903672218322754,True
known,5025,5,dog,5,dog,0.999546468257904,-9.933124542236328,True
known,5026,4,deer,4,deer,0.9990870952606201,-9.746301651000977,True
known,5027,0,airplane,0,airplane,0.9880719184875488,-7.551866054534912,True
known,5028,9,truck,9,truck,0.9983519315719604,-8.508856773376465,True
known,5029,3,cat,3,cat,0.9999301433563232,-11.259262084960938,True
known,5030,4,deer,0,airplane,0.9942982792854309,-7.8209123611450195,True
known,5031,4,deer,4,deer,0.9984342455863953,-9.123147010803223,True
known,5032,2,bird,2,bird,0.9999399185180664,-11.072638511657715,True
known,5033,3,cat,3,cat,0.9977149963378906,-7.543431758880615,True
known,5034,8,ship,8,ship,0.9991305470466614,-10.048189163208008,True
known,5035,5,dog,5,dog,0.9997084736824036,-11.168049812316895,True
known,5036,0,airplane,0,airplane,0.9999239444732666,-10.957294464111328,True
known,5037,0,airplane,0,airplane,0.9999971389770508,-14.23676872253418,True
known,5038,4,deer,4,deer,0.9999536275863647,-11.1644926071167,True
known,5039,6,frog,6,frog,0.9996340274810791,-9.34985637664795,True
known,5040,3,cat,3,cat,0.9822049736976624,-6.176949501037598,False
known,5041,9,truck,9,truck,0.9995321035385132,-9.436869621276855,True
known,5042,2,bird,2,bird,0.9864534735679626,-8.7587251663208,True
known,5043,0,airplane,0,airplane,0.999729335308075,-10.066774368286133,True
known,5044,5,dog,5,dog,0.9999769926071167,-11.895037651062012,True
known,5045,7,horse,7,horse,0.9996793270111084,-9.568050384521484,True
known,5046,5,dog,5,dog,0.9966561794281006,-10.416304588317871,True
known,5047,5,dog,5,dog,0.999832034111023,-10.099283218383789,True
known,5048,1,automobile,1,automobile,0.9989162683486938,-9.073941230773926,True
known,5049,7,horse,7,horse,0.9996277093887329,-9.371918678283691,True
known,5050,3,cat,3,cat,0.9986203908920288,-9.539412498474121,True
known,5051,1,automobile,1,automobile,0.9994531273841858,-9.34596061706543,True
known,5052,6,frog,6,frog,0.9999186992645264,-10.939685821533203,True
known,5053,7,horse,7,horse,0.9657354354858398,-6.793159484863281,True
known,5054,9,truck,9,truck,0.9997439980506897,-9.462153434753418,True
known,5055,0,airplane,0,airplane,0.9996947050094604,-9.550065040588379,True
known,5056,1,automobile,1,automobile,0.810395359992981,-5.185264587402344,False
known,5057,2,bird,2,bird,0.9981449842453003,-8.624051094055176,True
known,5058,1,automobile,1,automobile,0.9993724226951599,-8.931670188903809,True
known,5059,4,deer,4,deer,0.9989379048347473,-9.527438163757324,True
known,5060,6,frog,6,frog,0.9995792508125305,-9.512423515319824,True
known,5061,1,automobile,1,automobile,0.9997474551200867,-9.696427345275879,True
known,5062,5,dog,5,dog,0.9999531507492065,-11.920727729797363,True
known,5063,9,truck,9,truck,0.9999644756317139,-11.811162948608398,True
known,5064,5,dog,5,dog,0.9998793601989746,-10.365365028381348,True
known,5065,0,airplane,0,airplane,0.9990237951278687,-8.969339370727539,True
known,5066,4,deer,4,deer,0.9994851350784302,-10.526564598083496,True
known,5067,9,truck,9,truck,0.9999363422393799,-11.722708702087402,True
known,5068,4,deer,4,deer,0.7657864093780518,-6.915409088134766,True
known,5069,9,truck,9,truck,0.9997057318687439,-10.19987964630127,True
known,5070,7,horse,7,horse,0.9997277855873108,-10.912393569946289,True
known,5071,1,automobile,1,automobile,0.9855709075927734,-6.981672286987305,True
known,5072,6,frog,6,frog,0.9976135492324829,-8.842656135559082,True
known,5073,8,ship,8,ship,0.999962568283081,-11.738398551940918,True
known,5074,0,airplane,0,airplane,0.9832839965820312,-7.471863269805908,True
known,5075,6,frog,6,frog,0.9987552165985107,-8.602025985717773,True
known,5076,5,dog,5,dog,0.9999637603759766,-11.408495903015137,True
known,5077,0,airplane,0,airplane,0.9586796760559082,-8.236249923706055,True
known,5078,8,ship,8,ship,0.9997974038124084,-9.718157768249512,True
known,5079,1,automobile,1,automobile,0.9998754262924194,-10.651801109313965,True
known,5080,7,horse,7,horse,0.98915696144104,-7.701327800750732,True
known,5081,5,dog,5,dog,0.9996945858001709,-9.561145782470703,True
known,5082,6,frog,6,frog,0.9971531629562378,-8.816519737243652,True
known,5083,9,truck,9,truck,0.9999445676803589,-11.08041763305664,True
known,5084,3,cat,3,cat,0.9896705746650696,-7.858755588531494,True
known,5085,2,bird,2,bird,0.9968300461769104,-7.729683876037598,True
known,5086,3,cat,3,cat,0.9961752891540527,-8.06578254699707,True
known,5087,9,truck,9,truck,0.9999257326126099,-10.881091117858887,True
known,5088,8,ship,8,ship,0.9991384744644165,-8.72938346862793,True
known,5089,6,frog,6,frog,0.9997188448905945,-10.373359680175781,True
known,5090,1,automobile,1,automobile,0.9985621571540833,-8.630144119262695,True
known,5091,0,airplane,0,airplane,0.9999632835388184,-11.676289558410645,True
known,5092,9,truck,9,truck,0.9999443292617798,-11.142874717712402,True
known,5093,0,airplane,0,airplane,0.9481506943702698,-6.589030742645264,True
known,5094,9,truck,9,truck,0.9995224475860596,-8.984305381774902,True
known,5095,8,ship,8,ship,0.9999232292175293,-10.753942489624023,True
known,5096,7,horse,7,horse,0.9982044696807861,-9.053925514221191,True
known,5097,7,horse,7,horse,0.9999722242355347,-11.963764190673828,True
known,5098,5,dog,5,dog,0.7250449657440186,-5.07276725769043,False
known,5099,2,bird,2,bird,0.9995409250259399,-9.710442543029785,True
known,5100,3,cat,3,cat,0.999576985836029,-9.134182929992676,True
known,5101,5,dog,5,dog,0.9457864761352539,-7.648622035980225,True
known,5102,5,dog,3,cat,0.9432780146598816,-7.5897536277771,True
known,5103,7,horse,7,horse,0.9430162906646729,-7.213517189025879,True
known,5104,8,ship,8,ship,0.9998372793197632,-10.929570198059082,True
known,5105,7,horse,7,horse,0.9998447895050049,-10.311087608337402,True
known,5106,6,frog,6,frog,0.995762288570404,-8.15145206451416,True
known,5107,9,truck,9,truck,0.9995255470275879,-9.067879676818848,True
known,5108,1,automobile,1,automobile,0.9994161128997803,-9.545624732971191,True
known,5109,9,truck,9,truck,0.9997987151145935,-9.844779014587402,True
known,5110,8,ship,8,ship,0.9998645782470703,-10.81775188446045,True
known,5111,6,frog,6,frog,0.999285876750946,-8.609105110168457,True
known,5112,5,dog,5,dog,0.9697783589363098,-8.02868366241455,True
known,5113,6,frog,6,frog,0.9903990626335144,-8.253911018371582,True
known,5114,7,horse,7,horse,0.9995548129081726,-9.222692489624023,True
known,5115,5,dog,7,horse,0.8236376643180847,-5.373166561126709,False
known,5116,6,frog,6,frog,0.9943885207176208,-8.714842796325684,True
known,5117,7,horse,7,horse,0.9999186992645264,-10.793159484863281,True
known,5118,2,bird,2,bird,0.9999490976333618,-11.544407844543457,True
known,5119,5,dog,5,dog,0.9859610795974731,-8.467954635620117,True
known,5120,9,truck,9,truck,0.9996607303619385,-9.527731895446777,True
known,5121,6,frog,6,frog,0.9998856782913208,-10.820496559143066,True
known,5122,6,frog,6,frog,0.9998888969421387,-10.43249225616455,True
known,5123,7,horse,7,horse,0.9466831684112549,-8.602917671203613,True
known,5124,0,airplane,0,airplane,0.9999110698699951,-10.626537322998047,True
known,5125,1,automobile,1,automobile,0.9998759031295776,-10.252053260803223,True
known,5126,0,airplane,0,airplane,0.9999136924743652,-11.331879615783691,True
known,5127,1,automobile,1,automobile,0.9997571110725403,-10.011453628540039,True
known,5128,3,cat,3,cat,0.9999806880950928,-12.69981861114502,True
known,5129,2,bird,2,bird,0.9359767436981201,-5.597515106201172,False
known,5130,5,dog,5,dog,0.9829688668251038,-7.836883544921875,True
known,5131,6,frog,6,frog,0.9999101161956787,-10.776055335998535,True
known,5132,1,automobile,1,automobile,0.9997318387031555,-9.502274513244629,True
known,5133,2,bird,2,bird,0.999794065952301,-9.797751426696777,True
known,5134,5,dog,5,dog,0.9743975400924683,-7.882500171661377,True
known,5135,1,automobile,1,automobile,0.9989708662033081,-8.239165306091309,True
known,5136,9,truck,9,truck,0.9996204376220703,-9.31482219696045,True
known,5137,9,truck,9,truck,0.9993748068809509,-8.715188026428223,True
known,5138,8,ship,8,ship,0.9997771382331848,-9.733492851257324,True
known,5139,6,frog,6,frog,0.9988652467727661,-8.30207347869873,True
known,5140,8,ship,8,ship,0.9995707869529724,-9.03643798828125,True
known,5141,6,frog,3,cat,0.8693845272064209,-7.556080341339111,True
known,5142,8,ship,8,ship,0.9999151229858398,-10.781477928161621,True
known,5143,9,truck,9,truck,0.9990209341049194,-8.234667778015137,True
known,5144,0,airplane,0,airplane,0.9999905824661255,-12.802774429321289,True
known,5145,4,deer,4,deer,0.9996628761291504,-10.06804370880127,True
known,5146,0,airplane,0,airplane,0.9965105652809143,-9.320676803588867,True
known,5147,3,cat,3,cat,0.999886155128479,-11.298319816589355,True
known,5148,3,cat,3,cat,0.9981052875518799,-9.850713729858398,True
known,5149,6,frog,6,frog,0.9990007281303406,-8.348974227905273,True
known,5150,4,deer,4,deer,0.9999614953994751,-11.883295059204102,True
known,5151,9,truck,3,cat,0.9214219450950623,-5.556056976318359,False
known,5152,9,truck,9,truck,0.996866762638092,-7.534997463226318,True
known,5153,7,horse,7,horse,0.9997755885124207,-10.028409004211426,True
known,5154,2,bird,2,bird,0.9996521472930908,-10.225069999694824,True
known,5155,3,cat,3,cat,0.9870273470878601,-8.2615966796875,True
known,5156,5,dog,5,dog,0.987437903881073,-7.2782368659973145,True
known,5157,6,frog,6,frog,0.9982892870903015,-8.178692817687988,True
known,5158,4,deer,4,deer,0.983749508857727,-7.0498151779174805,True
known,5159,6,frog,6,frog,0.9997273087501526,-10.810883522033691,True
known,5160,0,airplane,0,airplane,0.9999598264694214,-11.21045970916748,True
known,5161,3,cat,3,cat,0.9997091889381409,-9.780386924743652,True
known,5162,7,horse,7,horse,0.9641603827476501,-5.889855861663818,False
known,5163,5,dog,5,dog,0.9998642206192017,-12.5084810256958,True
known,5164,0,airplane,0,airplane,0.9998294115066528,-10.745433807373047,True
known,5165,2,bird,2,bird,0.9996022582054138,-9.897943496704102,True
known,5166,9,truck,7,horse,0.8301592469215393,-5.351294040679932,False
known,5167,2,bird,2,bird,0.9999375343322754,-12.092856407165527,True
known,5168,7,horse,7,horse,0.9996381998062134,-10.184825897216797,True
known,5169,2,bird,2,bird,0.9998836517333984,-10.245345115661621,True
known,5170,9,truck,9,truck,0.9998935461044312,-10.462071418762207,True
known,5171,2,bird,2,bird,0.9999874830245972,-12.82508659362793,True
known,5172,4,deer,4,deer,0.9991689920425415,-9.556300163269043,True
known,5173,0,airplane,0,airplane,0.998227059841156,-8.126724243164062,True
known,5174,6,frog,6,frog,0.9995773434638977,-9.558302879333496,True
known,5175,6,frog,6,frog,0.9989560842514038,-8.973236083984375,True
known,5176,3,cat,3,cat,0.9730488061904907,-6.808691501617432,True
known,5177,4,deer,4,deer,0.998347282409668,-9.807178497314453,True
known,5178,5,dog,5,dog,0.999931812286377,-11.115288734436035,True
known,5179,5,dog,5,dog,0.9999263286590576,-13.165191650390625,True
known,5180,9,truck,9,truck,0.9558219909667969,-5.725790500640869,False
known,5181,1,automobile,1,automobile,0.9991490840911865,-9.141520500183105,True
known,5182,1,automobile,1,automobile,0.9998255372047424,-10.204314231872559,True
known,5183,4,deer,4,deer,0.9870491623878479,-8.445368766784668,True
known,5184,4,deer,4,deer,0.9926033616065979,-8.465479850769043,True
known,5185,3,cat,3,cat,0.9993283748626709,-9.38507080078125,True
known,5186,5,dog,5,dog,0.9999202489852905,-11.4055757522583,True
known,5187,4,deer,4,deer,0.9828894734382629,-7.519099712371826,True
known,5188,8,ship,8,ship,0.9999232292175293,-10.780556678771973,True
known,5189,0,airplane,0,airplane,0.996510922908783,-8.631595611572266,True
known,5190,0,airplane,0,airplane,0.9958598017692566,-9.45467758178711,True
known,5191,3,cat,3,cat,0.8636623024940491,-5.667468070983887,False
known,5192,9,truck,9,truck,0.9978445768356323,-8.53126049041748,True
known,5193,4,deer,4,deer,0.9533422589302063,-5.435796737670898,False
known,5194,7,horse,7,horse,0.9999653100967407,-11.64280891418457,True
known,5195,4,deer,4,deer,0.9965325593948364,-9.402861595153809,True
known,5196,2,bird,2,bird,0.9994832277297974,-9.212640762329102,True
known,5197,8,ship,8,ship,0.9997616410255432,-9.706045150756836,True
known,5198,3,cat,3,cat,0.978128969669342,-6.795337677001953,True
known,5199,6,frog,6,frog,0.9990465044975281,-8.330706596374512,True
known,5200,3,cat,3,cat,0.6968483924865723,-4.88399076461792,False
known,5201,1,automobile,1,automobile,0.999883770942688,-10.548674583435059,True
known,5202,9,truck,9,truck,0.9998144507408142,-9.993359565734863,True
known,5203,6,frog,6,frog,0.9885042309761047,-8.403166770935059,True
known,5204,3,cat,3,cat,0.9999512434005737,-11.152987480163574,True
known,5205,8,ship,8,ship,0.9985784292221069,-8.403498649597168,True
known,5206,3,cat,5,dog,0.5101144313812256,-4.866470813751221,False
known,5207,8,ship,8,ship,0.8262110352516174,-4.999386787414551,False
known,5208,4,deer,4,deer,0.9999245405197144,-10.965422630310059,True
known,5209,7,horse,7,horse,0.9994114637374878,-8.741703033447266,True
known,5210,5,dog,5,dog,0.9999351501464844,-11.589110374450684,True
known,5211,7,horse,7,horse,0.97919762134552,-7.855637073516846,True
known,5212,5,dog,5,dog,0.9688178300857544,-8.328631401062012,True
known,5213,3,cat,3,cat,0.6150606870651245,-4.784505367279053,False
known,5214,1,automobile,1,automobile,0.9998762607574463,-10.767483711242676,True
known,5215,2,bird,2,bird,0.9999560117721558,-11.678714752197266,True
known,5216,6,frog,6,frog,0.9996298551559448,-9.628432273864746,True
known,5217,1,automobile,1,automobile,0.9994850158691406,-9.37555980682373,True
known,5218,3,cat,2,bird,0.5813787579536438,-5.91798210144043,False
known,5219,2,bird,2,bird,0.9999251365661621,-11.683778762817383,True
known,5220,0,airplane,0,airplane,0.9999481439590454,-10.979875564575195,True
known,5221,7,horse,7,horse,0.9999110698699951,-10.845959663391113,True
known,5222,5,dog,5,dog,0.9997351765632629,-9.901612281799316,True
known,5223,0,airplane,0,airplane,0.993606686592102,-7.540699005126953,True
known,5224,0,airplane,3,cat,0.7674573659896851,-7.537537574768066,True
known,5225,0,airplane,0,airplane,0.9995961785316467,-9.489128112792969,True
known,5226,1,automobile,1,automobile,0.9998425245285034,-10.007234573364258,True
known,5227,4,deer,4,deer,0.8204686045646667,-7.104479789733887,True
known,5228,3,cat,3,cat,0.9993910789489746,-10.126164436340332,True
known,5229,5,dog,3,cat,0.8809171915054321,-9.773136138916016,True
known,5230,8,ship,8,ship,0.9998894929885864,-10.339783668518066,True
known,5231,4,deer,4,deer,0.9997597336769104,-9.907466888427734,True
known,5232,3,cat,3,cat,0.997732400894165,-11.23497486114502,True
known,5233,1,automobile,1,automobile,0.9895859360694885,-8.869135856628418,True
known,5234,7,horse,7,horse,0.99815434217453,-8.011241912841797,True
known,5235,1,automobile,1,automobile,0.9819502830505371,-7.411868572235107,True
known,5236,0,airplane,0,airplane,0.9999172687530518,-10.612899780273438,True
known,5237,4,deer,4,deer,0.9999368190765381,-11.148273468017578,True
known,5238,2,bird,2,bird,0.8134453296661377,-7.881747245788574,True
known,5239,4,deer,4,deer,0.9990087747573853,-8.676186561584473,True
known,5240,1,automobile,1,automobile,0.9980475902557373,-8.463292121887207,True
known,5241,4,deer,4,deer,0.9999769926071167,-12.720477104187012,True
known,5242,0,airplane,0,airplane,0.9990317821502686,-9.183710098266602,True
known,5243,1,automobile,1,automobile,0.9996951818466187,-9.353310585021973,True
known,5244,2,bird,2,bird,0.9990829229354858,-9.435486793518066,True
known,5245,1,automobile,1,automobile,0.9979268312454224,-7.617829322814941,True
known,5246,7,horse,7,horse,0.9999382495880127,-11.307516098022461,True
known,5247,7,horse,7,horse,0.9986310601234436,-8.7888822555542,True
known,5248,9,truck,9,truck,0.9998146891593933,-11.391639709472656,True
known,5249,8,ship,8,ship,0.9996058344841003,-10.362004280090332,True
known,5250,7,horse,7,horse,0.9998389482498169,-10.66213321685791,True
known,5251,5,dog,5,dog,0.9993502497673035,-10.791096687316895,True
known,5252,4,deer,4,deer,0.9966886639595032,-7.2480292320251465,True
known,5253,0,airplane,0,airplane,0.9998910427093506,-10.436487197875977,True
known,5254,9,truck,9,truck,0.9995669722557068,-9.56389331817627,True
known,5255,0,airplane,0,airplane,0.9999701976776123,-11.823822975158691,True
known,5256,0,airplane,0,airplane,0.9998406171798706,-10.795096397399902,True
known,5257,8,ship,8,ship,0.9998300075531006,-9.918829917907715,True
known,5258,2,bird,2,bird,0.9998125433921814,-10.721694946289062,True
known,5259,0,airplane,0,airplane,0.9997320771217346,-9.843385696411133,True
known,5260,0,airplane,0,airplane,0.9997145533561707,-10.33359146118164,True
known,5261,2,bird,2,bird,0.9998717308044434,-10.878711700439453,True
known,5262,4,deer,4,deer,0.9998461008071899,-10.235045433044434,True
known,5263,8,ship,8,ship,0.9998106360435486,-9.91447925567627,True
known,5264,6,frog,6,frog,0.9996078610420227,-9.171034812927246,True
known,5265,2,bird,2,bird,0.9974925518035889,-7.881669521331787,True
known,5266,4,deer,4,deer,0.9987433552742004,-9.169686317443848,True
known,5267,6,frog,6,frog,0.9988158941268921,-10.22193431854248,True
known,5268,3,cat,3,cat,0.9999903440475464,-13.120854377746582,True
known,5269,5,dog,5,dog,0.9996789693832397,-10.30837345123291,True
known,5270,1,automobile,1,automobile,0.9994320273399353,-8.931132316589355,True
known,5271,5,dog,5,dog,0.9655100107192993,-10.289473533630371,True
known,5272,3,cat,3,cat,0.9910497665405273,-7.8904314041137695,True
known,5273,7,horse,7,horse,0.9596074223518372,-6.701601505279541,True
known,5274,2,bird,2,bird,0.9958985447883606,-9.135987281799316,True
known,5275,2,bird,2,bird,0.9991788268089294,-9.179003715515137,True
known,5276,9,truck,9,truck,0.9999231100082397,-11.268941879272461,True
known,5277,8,ship,8,ship,0.9996143579483032,-10.35800838470459,True
known,5278,0,airplane,0,airplane,0.999911904335022,-11.066492080688477,True
known,5279,0,airplane,0,airplane,0.7880446314811707,-5.879825115203857,False
known,5280,0,airplane,0,airplane,0.8563857078552246,-5.7993035316467285,False
known,5281,3,cat,3,cat,0.9999599456787109,-12.014887809753418,True
known,5282,4,deer,4,deer,0.9998997449874878,-10.468398094177246,True
known,5283,4,deer,4,deer,0.9979325532913208,-8.126995086669922,True
known,5284,6,frog,6,frog,0.9981197714805603,-7.797496318817139,True
known,5285,1,automobile,1,automobile,0.9996227025985718,-9.512166023254395,True
known,5286,6,frog,6,frog,0.9990839958190918,-8.76530933380127,True
known,5287,7,horse,7,horse,0.947208046913147,-7.059682369232178,True
known,5288,4,deer,4,deer,0.9992868304252625,-9.134831428527832,True
known,5289,4,deer,4,deer,0.9991889595985413,-9.700925827026367,True
known,5290,3,cat,3,cat,0.9886398315429688,-7.982937335968018,True
known,5291,9,truck,9,truck,0.9999847412109375,-12.816810607910156,True
known,5292,4,deer,7,horse,0.6841011643409729,-6.205623149871826,False
known,5293,0,airplane,0,airplane,0.9996458292007446,-10.066446304321289,True
known,5294,8,ship,8,ship,0.999862790107727,-10.41773509979248,True
known,5295,0,airplane,0,airplane,0.9996422529220581,-9.557389259338379,True
known,5296,4,deer,4,deer,0.9997537732124329,-9.539132118225098,True
known,5297,6,frog,6,frog,0.9992996454238892,-9.813220977783203,True
known,5298,5,dog,5,dog,0.9995995163917542,-10.649398803710938,True
known,5299,7,horse,7,horse,0.9998586177825928,-10.150674819946289,True
known,5300,9,truck,9,truck,0.9992672801017761,-8.650294303894043,True
known,5301,7,horse,7,horse,0.998881995677948,-8.625494956970215,True
known,5302,0,airplane,0,airplane,0.9943244457244873,-10.366025924682617,True
known,5303,5,dog,5,dog,0.9999874830245972,-12.571002006530762,True
known,5304,7,horse,7,horse,0.999835729598999,-10.375761032104492,True
known,5305,7,horse,7,horse,0.999286949634552,-10.052665710449219,True
known,5306,3,cat,3,cat,0.9995965361595154,-9.930241584777832,True
known,5307,1,automobile,1,automobile,0.9984235763549805,-8.10510540008545,True
known,5308,9,truck,9,truck,0.9995645880699158,-9.374463081359863,True
known,5309,3,cat,3,cat,0.986556351184845,-8.547459602355957,True
known,5310,0,airplane,0,airplane,0.9995293617248535,-9.685647964477539,True
known,5311,9,truck,9,truck,0.9937118291854858,-7.6959333419799805,True
known,5312,5,dog,5,dog,0.9996126294136047,-10.111955642700195,True
known,5313,3,cat,3,cat,0.9997246861457825,-9.53921890258789,True
known,5314,7,horse,7,horse,0.9974786639213562,-7.60142183303833,True
known,5315,9,truck,9,truck,0.9997859597206116,-9.662980079650879,True
known,5316,4,deer,4,deer,0.9999082088470459,-10.893176078796387,True
known,5317,4,deer,4,deer,0.9996552467346191,-9.526839256286621,True
known,5318,1,automobile,1,automobile,0.9706100225448608,-6.701200485229492,True
known,5319,7,horse,7,horse,0.9999628067016602,-11.533361434936523,True
known,5320,7,horse,7,horse,0.9999911785125732,-13.301398277282715,True
known,5321,1,automobile,1,automobile,0.9995798468589783,-9.269282341003418,True
known,5322,4,deer,4,deer,0.999798595905304,-10.262078285217285,True
known,5323,1,automobile,1,automobile,0.9995488524436951,-9.08327579498291,True
known,5324,2,bird,2,bird,0.9890598058700562,-7.74558687210083,True
known,5325,8,ship,8,ship,0.999943733215332,-10.983665466308594,True
known,5326,7,horse,7,horse,0.9999195337295532,-10.821935653686523,True
known,5327,0,airplane,0,airplane,0.8778588175773621,-4.7235517501831055,False
known,5328,0,airplane,0,airplane,0.9993274211883545,-9.559398651123047,True
known,5329,4,deer,4,deer,0.9996888637542725,-9.828232765197754,True
known,5330,7,horse,7,horse,0.9997443556785583,-11.466119766235352,True
known,5331,2,bird,2,bird,0.9997108578681946,-9.967658996582031,True
known,5332,9,truck,9,truck,0.9997137188911438,-9.411222457885742,True
known,5333,7,horse,7,horse,0.9991694688796997,-8.650063514709473,True
known,5334,6,frog,6,frog,0.9998840093612671,-10.948124885559082,True
known,5335,9,truck,9,truck,0.9151455163955688,-7.016456127166748,True
known,5336,3,cat,3,cat,0.9989922642707825,-8.429448127746582,True
known,5337,5,dog,5,dog,0.9997850060462952,-10.717893600463867,True
known,5338,8,ship,8,ship,0.9999558925628662,-11.342665672302246,True
known,5339,0,airplane,0,airplane,0.9998757839202881,-10.32094955444336,True
known,5340,3,cat,3,cat,0.9625200033187866,-6.757862567901611,True
known,5341,6,frog,6,frog,0.9996119141578674,-9.212695121765137,True
known,5342,8,ship,8,ship,0.9997342228889465,-10.411019325256348,True
known,5343,3,cat,3,cat,0.9994521737098694,-9.345048904418945,True
known,5344,2,bird,2,bird,0.999146580696106,-9.75257682800293,True
known,5345,4,deer,4,deer,0.9997459053993225,-9.704550743103027,True
known,5346,7,horse,7,horse,0.9996787309646606,-9.32989501953125,True
known,5347,1,automobile,1,automobile,0.9994314312934875,-8.906669616699219,True
known,5348,1,automobile,1,automobile,0.999861478805542,-10.411842346191406,True
known,5349,3,cat,3,cat,0.9995080232620239,-9.15866470336914,True
known,5350,9,truck,9,truck,0.998295247554779,-7.767568588256836,True
known,5351,7,horse,7,horse,0.9999719858169556,-11.56710433959961,True
known,5352,5,dog,2,bird,0.49032318592071533,-3.5023608207702637,False
known,5353,1,automobile,1,automobile,0.9990676045417786,-8.739107131958008,True
known,5354,0,airplane,0,airplane,0.8904234170913696,-6.059517860412598,False
known,5355,8,ship,8,ship,0.9998420476913452,-10.615818977355957,True
known,5356,7,horse,7,horse,0.9999396800994873,-11.409967422485352,True
known,5357,0,airplane,0,airplane,0.9998291730880737,-10.482478141784668,True
known,5358,1,automobile,1,automobile,0.9993201494216919,-9.089200019836426,True
known,5359,6,frog,6,frog,0.9999146461486816,-10.587035179138184,True
known,5360,9,truck,9,truck,0.9999570846557617,-11.429343223571777,True
known,5361,3,cat,3,cat,0.9977312684059143,-8.369672775268555,True
known,5362,2,bird,2,bird,0.999966025352478,-12.309268951416016,True
known,5363,7,horse,7,horse,0.9999510049819946,-11.801823616027832,True
known,5364,7,horse,7,horse,0.9993615746498108,-9.660682678222656,True
known,5365,8,ship,8,ship,0.9997197985649109,-9.8096342086792,True
known,5366,1,automobile,1,automobile,0.9903629422187805,-7.783417701721191,True
known,5367,0,airplane,0,airplane,0.998580813407898,-8.267133712768555,True
known,5368,3,cat,3,cat,0.9996612071990967,-9.352601051330566,True
known,5369,4,deer,2,bird,0.9855658411979675,-8.162260055541992,True
known,5370,6,frog,6,frog,0.9966347813606262,-9.319419860839844,True
known,5371,7,horse,7,horse,0.9988113641738892,-9.139267921447754,True
known,5372,5,dog,5,dog,0.9197323322296143,-5.525585174560547,False
known,5373,2,bird,2,bird,0.9999151229858398,-10.892906188964844,True
known,5374,0,airplane,0,airplane,0.9998378753662109,-10.053662300109863,True
known,5375,1,automobile,1,automobile,0.9997068047523499,-9.830803871154785,True
known,5376,5,dog,5,dog,0.9981437921524048,-8.18213176727295,True
known,5377,5,dog,5,dog,0.9677165150642395,-6.205727577209473,False
known,5378,1,automobile,1,automobile,0.8453061580657959,-4.8712568283081055,False
known,5379,4,deer,4,deer,0.9999009370803833,-10.390063285827637,True
known,5380,1,automobile,1,automobile,0.9994456171989441,-9.833647727966309,True
known,5381,3,cat,3,cat,0.9997236132621765,-9.492640495300293,True
known,5382,0,airplane,0,airplane,0.9999868869781494,-12.817935943603516,True
known,5383,8,ship,8,ship,0.9998661279678345,-10.184059143066406,True
known,5384,6,frog,6,frog,0.9998553991317749,-10.448267936706543,True
known,5385,2,bird,2,bird,0.8896068334579468,-6.635666847229004,True
known,5386,1,automobile,1,automobile,0.9999419450759888,-11.520427703857422,True
known,5387,3,cat,6,frog,0.5161277651786804,-6.397270202636719,True
known,5388,6,frog,6,frog,0.9533173441886902,-7.4651713371276855,True
known,5389,4,deer,4,deer,0.9984155893325806,-8.199536323547363,True
known,5390,1,automobile,1,automobile,0.999790370464325,-9.825531959533691,True
known,5391,9,truck,9,truck,0.997144877910614,-7.802529335021973,True
known,5392,0,airplane,0,airplane,0.9997510313987732,-10.303234100341797,True
known,5393,4,deer,4,deer,0.9896655678749084,-8.556105613708496,True
known,5394,1,automobile,1,automobile,0.9997677206993103,-9.74194622039795,True
known,5395,0,airplane,0,airplane,0.9990941286087036,-9.118865013122559,True
known,5396,1,automobile,1,automobile,0.9993826150894165,-8.775641441345215,True
known,5397,9,truck,9,truck,0.9995540976524353,-9.056450843811035,True
known,5398,8,ship,8,ship,0.9760494232177734,-7.488348484039307,True
known,5399,6,frog,6,frog,0.9975453019142151,-7.853640079498291,True
known,5400,9,truck,9,truck,0.9988254904747009,-8.168290138244629,True
known,5401,2,bird,2,bird,0.8957241177558899,-6.747357368469238,True
known,5402,4,deer,4,deer,0.999392032623291,-9.90199089050293,True
known,5403,7,horse,7,horse,0.9992749094963074,-8.582674980163574,True
known,5404,2,bird,2,bird,0.7581171989440918,-6.2815046310424805,True
known,5405,2,bird,2,bird,0.9961208701133728,-8.219331741333008,True
known,5406,7,horse,7,horse,0.9998445510864258,-10.977622032165527,True
known,5407,4,deer,4,deer,0.9641584753990173,-8.083831787109375,True
known,5408,9,truck,9,truck,0.9994807839393616,-9.062776565551758,True
known,5409,1,automobile,1,automobile,0.9997146725654602,-9.740716934204102,True
known,5410,3,cat,2,bird,0.728126049041748,-6.299984931945801,True
known,5411,2,bird,2,bird,0.9998437166213989,-12.55622673034668,True
known,5412,6,frog,6,frog,0.999187171459198,-8.522871971130371,True
known,5413,3,cat,3,cat,0.9985694885253906,-9.633161544799805,True
known,5414,4,deer,4,deer,0.9998200535774231,-10.850896835327148,True
known,5415,4,deer,4,deer,0.9903795719146729,-7.8012614250183105,True
known,5416,9,truck,1,automobile,0.9936519861221313,-8.393518447875977,True
known,5417,4,deer,4,deer,0.9024408459663391,-6.776920318603516,True
known,5418,8,ship,8,ship,0.9997217059135437,-10.367764472961426,True
known,5419,2,bird,2,bird,0.9987782835960388,-9.781425476074219,True
known,5420,6,frog,6,frog,0.9998014569282532,-9.9312105178833,True
known,5421,6,frog,6,frog,0.9995809197425842,-9.792908668518066,True
known,5422,1,automobile,1,automobile,0.9998142123222351,-9.91837215423584,True
known,5423,6,frog,6,frog,0.9988498687744141,-8.226029396057129,True
known,5424,3,cat,3,cat,0.9988712668418884,-9.835089683532715,True
known,5425,6,frog,6,frog,0.9996684789657593,-10.16578483581543,True
known,5426,5,dog,3,cat,0.9985817670822144,-10.051350593566895,True
known,5427,8,ship,8,ship,0.9993821382522583,-9.017152786254883,True
known,5428,4,deer,4,deer,0.9999881982803345,-12.868232727050781,True
known,5429,6,frog,6,frog,0.9998111128807068,-9.796416282653809,True
known,5430,7,horse,7,horse,0.999722421169281,-10.602676391601562,True
known,5431,1,automobile,1,automobile,0.9987601041793823,-8.110047340393066,True
known,5432,9,truck,9,truck,0.9975153207778931,-7.618666648864746,True
known,5433,3,cat,5,dog,0.8866661190986633,-8.02086067199707,True
known,5434,6,frog,6,frog,0.9997559189796448,-10.169872283935547,True
known,5435,7,horse,7,horse,0.9977086782455444,-7.769804000854492,True
known,5436,6,frog,6,frog,0.9993451237678528,-9.61087703704834,True
known,5437,0,airplane,0,airplane,0.9982355833053589,-8.445358276367188,True
known,5438,7,horse,7,horse,0.9911103248596191,-7.357825756072998,True
known,5439,1,automobile,1,automobile,0.9998165965080261,-10.133398056030273,True
known,5440,9,truck,9,truck,0.9991957545280457,-8.48930549621582,True
known,5441,5,dog,5,dog,0.4690161943435669,-4.805929660797119,False
known,5442,2,bird,2,bird,0.9997403025627136,-10.337531089782715,True
known,5443,6,frog,6,frog,0.9968580007553101,-8.246316909790039,True
known,5444,7,horse,7,horse,0.9936167001724243,-7.489166736602783,True
known,5445,7,horse,7,horse,0.9996127486228943,-9.22361946105957,True
known,5446,6,frog,6,frog,0.9915850162506104,-7.002993106842041,True
known,5447,5,dog,5,dog,0.9999803304672241,-12.236127853393555,True
known,5448,9,truck,9,truck,0.9991335272789001,-8.436671257019043,True
known,5449,1,automobile,1,automobile,0.9994737505912781,-8.867131233215332,True
known,5450,5,dog,5,dog,0.9596960544586182,-7.948233604431152,True
known,5451,6,frog,6,frog,0.9997361302375793,-9.620315551757812,True
known,5452,0,airplane,0,airplane,0.9998973608016968,-10.473383903503418,True
known,5453,2,bird,2,bird,0.9996312856674194,-9.310832023620605,True
known,5454,0,airplane,0,airplane,0.6044312715530396,-7.1369099617004395,True
known,5455,9,truck,9,truck,0.8398601412773132,-6.24680757522583,True
known,5456,1,automobile,1,automobile,0.9990842342376709,-8.683625221252441,True
known,5457,8,ship,8,ship,0.9998495578765869,-9.98266315460205,True
known,5458,3,cat,6,frog,0.6085269451141357,-5.165386199951172,False
known,5459,5,dog,5,dog,0.9990864992141724,-9.185456275939941,True
known,5460,0,airplane,0,airplane,0.9982681274414062,-8.67919921875,True
known,5461,0,airplane,0,airplane,0.9982902407646179,-9.47323226928711,True
known,5462,0,airplane,0,airplane,0.9999210834503174,-10.904474258422852,True
known,5463,5,dog,5,dog,0.9999591112136841,-12.765089988708496,True
known,5464,7,horse,7,horse,0.9991249442100525,-9.024419784545898,True
known,5465,7,horse,7,horse,0.9985866546630859,-8.33816146850586,True
known,5466,8,ship,8,ship,0.9998316764831543,-10.678292274475098,True
known,5467,5,dog,5,dog,0.985019326210022,-7.878763675689697,True
known,5468,5,dog,3,cat,0.9838722348213196,-8.22439956665039,True
known,5469,5,dog,5,dog,0.9998599290847778,-11.447247505187988,True
known,5470,1,automobile,1,automobile,0.9988352656364441,-8.380461692810059,True
known,5471,6,frog,6,frog,0.9998262524604797,-10.732134819030762,True
known,5472,1,automobile,1,automobile,0.9994136095046997,-9.757063865661621,True
known,5473,5,dog,5,dog,0.999853253364563,-10.694151878356934,True
known,5474,1,automobile,1,automobile,0.9983091354370117,-7.914952754974365,True
known,5475,0,airplane,0,airplane,0.999354898929596,-8.857366561889648,True
known,5476,6,frog,6,frog,0.9996045231819153,-9.555155754089355,True
known,5477,2,bird,2,bird,0.9599664211273193,-7.2756452560424805,True
known,5478,3,cat,3,cat,0.9996888637542725,-9.35081672668457,True
known,5479,2,bird,2,bird,0.9896257519721985,-7.401535987854004,True
known,5480,1,automobile,1,automobile,0.9968173503875732,-7.825077533721924,True
known,5481,7,horse,7,horse,0.997951328754425,-10.110441207885742,True
known,5482,5,dog,5,dog,0.993988037109375,-8.905780792236328,True
known,5483,1,automobile,1,automobile,0.9733989238739014,-8.451689720153809,True
known,5484,9,truck,9,truck,0.9996354579925537,-9.235883712768555,True
known,5485,8,ship,8,ship,0.9999603033065796,-11.563382148742676,True
known,5486,3,cat,3,cat,0.9999744892120361,-12.516286849975586,True
known,5487,6,frog,6,frog,0.9724287390708923,-8.209782600402832,True
known,5488,9,truck,9,truck,0.9962937235832214,-7.864856719970703,True
known,5489,7,horse,7,horse,0.999789297580719,-11.5210599899292,True
known,5490,3,cat,3,cat,0.9998779296875,-13.46551513671875,True
known,5491,0,airplane,0,airplane,0.9996397495269775,-9.511795043945312,True
known,5492,2,bird,2,bird,0.9999871253967285,-12.876215934753418,True
known,5493,3,cat,3,cat,0.9651715159416199,-8.51989459991455,True
known,5494,9,truck,9,truck,0.9993748068809509,-8.943297386169434,True
known,5495,4,deer,4,deer,0.9996973276138306,-9.41472339630127,True
known,5496,4,deer,5,dog,0.8993350863456726,-6.844432353973389,True
known,5497,3,cat,3,cat,0.9923093318939209,-7.984559059143066,True
known,5498,9,truck,9,truck,0.9985839128494263,-9.227713584899902,True
known,5499,6,frog,6,frog,0.9999512434005737,-11.747199058532715,True
known,5500,8,ship,8,ship,0.9997653365135193,-10.730332374572754,True
known,5501,6,frog,6,frog,0.9998660087585449,-10.355071067810059,True
known,5502,6,frog,6,frog,0.9994701743125916,-9.429970741271973,True
known,5503,8,ship,8,ship,0.9996552467346191,-9.813244819641113,True
known,5504,5,dog,5,dog,0.9997243285179138,-11.221783638000488,True
known,5505,4,deer,4,deer,0.9996826648712158,-10.362128257751465,True
known,5506,3,cat,3,cat,0.685931384563446,-5.4743571281433105,False
known,5507,6,frog,6,frog,0.9998012185096741,-10.93291187286377,True
known,5508,7,horse,7,horse,0.9983711838722229,-10.710105895996094,True
known,5509,7,horse,7,horse,0.9997904896736145,-9.941301345825195,True
known,5510,4,deer,4,deer,0.9996808767318726,-10.11429214477539,True
known,5511,3,cat,6,frog,0.8092647790908813,-6.7634196281433105,True
known,5512,9,truck,9,truck,0.9998317956924438,-10.057802200317383,True
known,5513,6,frog,6,frog,0.9998425245285034,-10.354716300964355,True
known,5514,2,bird,2,bird,0.9997343420982361,-9.567712783813477,True
known,5515,4,deer,4,deer,0.9995469450950623,-9.041316032409668,True
known,5516,0,airplane,0,airplane,0.9997817873954773,-10.318559646606445,True
known,5517,1,automobile,1,automobile,0.9998219609260559,-10.267836570739746,True
known,5518,3,cat,3,cat,0.9519308805465698,-6.11311149597168,False
known,5519,6,frog,6,frog,0.9989103078842163,-9.347865104675293,True
known,5520,4,deer,4,deer,0.9999293088912964,-12.114021301269531,True
known,5521,9,truck,9,truck,0.9995813965797424,-9.39140796661377,True
known,5522,2,bird,2,bird,0.9998823404312134,-11.181817054748535,True
known,5523,6,frog,6,frog,0.9978779554367065,-7.840437412261963,True
known,5524,0,airplane,0,airplane,0.9994639754295349,-10.9529390335083,True
known,5525,3,cat,3,cat,0.9999103546142578,-11.37372875213623,True
known,5526,8,ship,8,ship,0.9999052286148071,-10.822991371154785,True
known,5527,7,horse,7,horse,0.9996621608734131,-9.391986846923828,True
known,5528,5,dog,5,dog,0.9996609687805176,-9.658465385437012,True
known,5529,3,cat,3,cat,0.9997182488441467,-9.762656211853027,True
known,5530,3,cat,3,cat,0.9991174340248108,-10.372093200683594,True
known,5531,8,ship,8,ship,0.9992882609367371,-10.298752784729004,True
known,5532,3,cat,3,cat,0.9855070114135742,-8.971678733825684,True
known,5533,2,bird,2,bird,0.9206439256668091,-5.659109592437744,False
known,5534,6,frog,6,frog,0.6129392981529236,-5.719577312469482,False
known,5535,3,cat,3,cat,0.9999628067016602,-13.163331985473633,True
known,5536,6,frog,6,frog,0.9997496008872986,-9.805405616760254,True
known,5537,2,bird,2,bird,0.9065253138542175,-5.502407073974609,False
known,5538,7,horse,7,horse,0.9998168349266052,-10.14883804321289,True
known,5539,4,deer,4,deer,0.9942512512207031,-8.447158813476562,True
known,5540,5,dog,5,dog,0.9996479749679565,-9.599396705627441,True
known,5541,7,horse,7,horse,0.9995973706245422,-9.263294219970703,True
known,5542,9,truck,9,truck,0.9997084736824036,-9.49394702911377,True
known,5543,0,airplane,0,airplane,0.9986047148704529,-9.494865417480469,True
known,5544,0,airplane,0,airplane,0.9993446469306946,-9.47247314453125,True
known,5545,6,frog,6,frog,0.9997566342353821,-9.651873588562012,True
known,5546,7,horse,7,horse,0.9997864365577698,-9.838420867919922,True
known,5547,2,bird,2,bird,0.9994462132453918,-8.93774700164795,True
known,5548,8,ship,0,airplane,0.9890308976173401,-7.184744358062744,True
known,5549,5,dog,2,bird,0.4166328012943268,-4.58757209777832,False
known,5550,5,dog,5,dog,0.9993270635604858,-10.88284683227539,True
known,5551,7,horse,7,horse,0.9999802112579346,-12.008431434631348,True
known,5552,5,dog,5,dog,0.9992300271987915,-9.000885009765625,True
known,5553,5,dog,5,dog,0.9997969269752502,-9.940597534179688,True
known,5554,9,truck,9,truck,0.9998730421066284,-10.166749954223633,True
known,5555,4,deer,4,deer,0.9995438456535339,-9.527718544006348,True
known,5556,6,frog,6,frog,0.9999351501464844,-11.037372589111328,True
known,5557,4,deer,4,deer,0.9999850988388062,-13.096312522888184,True
known,5558,7,horse,7,horse,0.7728056907653809,-5.360607624053955,False
known,5559,3,cat,3,cat,0.9993734955787659,-9.827248573303223,True
known,5560,3,cat,3,cat,0.963360071182251,-8.237608909606934,True
known,5561,6,frog,6,frog,0.9999467134475708,-11.330668449401855,True
known,5562,4,deer,4,deer,0.9966243505477905,-8.163969993591309,True
known,5563,1,automobile,1,automobile,0.9979021549224854,-8.41733455657959,True
known,5564,6,frog,6,frog,0.9998948574066162,-10.620296478271484,True
known,5565,3,cat,3,cat,0.9948590993881226,-7.077170372009277,True
known,5566,1,automobile,1,automobile,0.9991045594215393,-8.412861824035645,True
known,5567,6,frog,6,frog,0.9997578263282776,-10.035837173461914,True
known,5568,7,horse,7,horse,0.9997053742408752,-9.425163269042969,True
known,5569,0,airplane,0,airplane,0.9976170063018799,-7.6845879554748535,True
known,5570,5,dog,5,dog,0.9997438788414001,-10.42928409576416,True
known,5571,0,airplane,0,airplane,0.9996044039726257,-9.972311973571777,True
known,5572,1,automobile,1,automobile,0.999870777130127,-10.662480354309082,True
known,5573,9,truck,9,truck,0.9790138602256775,-6.703122138977051,True
known,5574,7,horse,7,horse,0.999752938747406,-9.606854438781738,True
known,5575,3,cat,3,cat,0.9999666213989258,-13.212940216064453,True
known,5576,5,dog,5,dog,0.9999675750732422,-11.904433250427246,True
known,5577,2,bird,2,bird,0.9942601919174194,-7.469145774841309,True
known,5578,3,cat,3,cat,0.8820363283157349,-5.7214789390563965,False
known,5579,9,truck,9,truck,0.9962749481201172,-7.822967529296875,True
known,5580,5,dog,5,dog,0.975487470626831,-7.998072147369385,True
known,5581,6,frog,6,frog,0.9994760155677795,-9.857094764709473,True
known,5582,4,deer,4,deer,0.9501233696937561,-5.480569839477539,False
known,5583,0,airplane,0,airplane,0.9998871088027954,-10.322698593139648,True
known,5584,0,airplane,0,airplane,0.9998869895935059,-10.419709205627441,True
known,5585,0,airplane,0,airplane,0.9999628067016602,-11.638628959655762,True
known,5586,8,ship,8,ship,0.9880403876304626,-8.112231254577637,True
known,5587,0,airplane,0,airplane,0.9998903274536133,-10.73508071899414,True
known,5588,3,cat,3,cat,0.9989675283432007,-11.879828453063965,True
known,5589,2,bird,2,bird,0.9997571110725403,-10.070642471313477,True
known,5590,4,deer,4,deer,0.9994879961013794,-10.11759090423584,True
known,5591,5,dog,5,dog,0.9953896999359131,-9.095438957214355,True
known,5592,3,cat,3,cat,0.9994279742240906,-9.050618171691895,True
known,5593,7,horse,7,horse,0.9998082518577576,-10.225455284118652,True
known,5594,9,truck,9,truck,0.9993411898612976,-8.764309883117676,True
known,5595,6,frog,6,frog,0.9995455145835876,-10.007513999938965,True
known,5596,9,truck,9,truck,0.9993440508842468,-8.637990951538086,True
known,5597,3,cat,3,cat,0.9990654587745667,-8.767754554748535,True
known,5598,1,automobile,1,automobile,0.9993603825569153,-9.235526084899902,True
known,5599,2,bird,2,bird,0.9998987913131714,-11.11290168762207,True
known,5600,6,frog,6,frog,0.8383641242980957,-6.6009016036987305,True
known,5601,7,horse,7,horse,0.9996743202209473,-9.476475715637207,True
known,5602,4,deer,4,deer,0.9999368190765381,-10.958008766174316,True
known,5603,5,dog,5,dog,0.9903920888900757,-8.351798057556152,True
known,5604,1,automobile,1,automobile,0.9993979930877686,-8.776032447814941,True
known,5605,3,cat,3,cat,0.9996581077575684,-10.088598251342773,True
known,5606,7,horse,7,horse,0.9999724626541138,-11.708076477050781,True
known,5607,6,frog,6,frog,0.9520376920700073,-5.892234802246094,False
known,5608,9,truck,9,truck,0.9994275569915771,-8.760123252868652,True
known,5609,5,dog,5,dog,0.602906346321106,-8.834935188293457,True
known,5610,8,ship,0,airplane,0.6046062111854553,-5.2397847175598145,False
known,5611,5,dog,5,dog,0.979812741279602,-7.351168155670166,True
known,5612,8,ship,8,ship,0.9999173879623413,-10.905997276306152,True
known,5613,5,dog,5,dog,0.9998248219490051,-11.478924751281738,True
known,5614,8,ship,8,ship,0.9998763799667358,-10.38223934173584,True
known,5615,5,dog,5,dog,0.9981147050857544,-10.055567741394043,True
known,5616,6,frog,6,frog,0.9992801547050476,-9.286726951599121,True
known,5617,5,dog,5,dog,0.9997774958610535,-9.933549880981445,True
known,5618,0,airplane,0,airplane,0.9973679184913635,-7.999704837799072,True
known,5619,8,ship,8,ship,0.9986299276351929,-8.476998329162598,True
known,5620,3,cat,3,cat,0.6996506452560425,-5.474157810211182,False
known,5621,8,ship,8,ship,0.9982536435127258,-9.931401252746582,True
known,5622,1,automobile,1,automobile,0.9998507499694824,-10.263545989990234,True
known,5623,8,ship,8,ship,0.9998754262924194,-11.362334251403809,True
known,5624,1,automobile,1,automobile,0.9994552731513977,-8.897257804870605,True
known,5625,5,dog,5,dog,0.9999884366989136,-13.845257759094238,True
known,5626,0,airplane,0,airplane,0.9999462366104126,-12.018938064575195,True
known,5627,9,truck,9,truck,0.9998354911804199,-10.50179386138916,True
known,5628,8,ship,8,ship,0.9910872578620911,-7.635735511779785,True
known,5629,6,frog,6,frog,0.9511524438858032,-6.929441452026367,True
known,5630,3,cat,3,cat,0.9994055032730103,-9.43869686126709,True
known,5631,6,frog,6,frog,0.9978618025779724,-9.152338981628418,True
known,5632,3,cat,3,cat,0.8511369228363037,-8.351018905639648,True
known,5633,4,deer,4,deer,0.9979391694068909,-9.15682315826416,True
known,5634,4,deer,4,deer,0.9987558126449585,-9.654343605041504,True
known,5635,7,horse,7,horse,0.9998394250869751,-10.285622596740723,True
known,5636,4,deer,4,deer,0.9997143149375916,-10.867691993713379,True
known,5637,7,horse,7,horse,0.9995388984680176,-9.25926685333252,True
known,5638,4,deer,4,deer,0.9994341731071472,-9.635862350463867,True
known,5639,3,cat,3,cat,0.9974204301834106,-8.559246063232422,True
known,5640,2,bird,2,bird,0.9782700538635254,-6.8179450035095215,True
known,5641,4,deer,4,deer,0.9989263415336609,-8.537142753601074,True
known,5642,5,dog,4,deer,0.9638396501541138,-6.658479690551758,True
known,5643,5,dog,5,dog,0.999985933303833,-12.724630355834961,True
known,5644,7,horse,7,horse,0.9999381303787231,-11.605844497680664,True
known,5645,5,dog,5,dog,0.9992974996566772,-10.306164741516113,True
known,5646,4,deer,4,deer,0.9951781034469604,-8.131969451904297,True
known,5647,5,dog,5,dog,0.9984540939331055,-8.268444061279297,True
known,5648,8,ship,8,ship,0.9985602498054504,-8.421257019042969,True
known,5649,0,airplane,0,airplane,0.9991557598114014,-9.98326587677002,True
known,5650,5,dog,5,dog,0.9983963370323181,-9.081562995910645,True
known,5651,4,deer,4,deer,0.9996374845504761,-9.703413963317871,True
known,5652,0,airplane,0,airplane,0.9997972846031189,-11.32107162475586,True
known,5653,5,dog,5,dog,0.9995908141136169,-10.585539817810059,True
known,5654,4,deer,4,deer,0.9999819993972778,-12.712247848510742,True
known,5655,3,cat,3,cat,0.9996187686920166,-9.885237693786621,True
known,5656,3,cat,3,cat,0.9988511800765991,-8.629664421081543,True
known,5657,2,bird,2,bird,0.9998975992202759,-10.628554344177246,True
known,5658,4,deer,4,deer,0.995641827583313,-8.097036361694336,True
known,5659,2,bird,2,bird,0.9990724325180054,-10.117400169372559,True
known,5660,9,truck,9,truck,0.9863325953483582,-9.016961097717285,True
known,5661,4,deer,4,deer,0.9999414682388306,-11.852609634399414,True
known,5662,8,ship,8,ship,0.9981645941734314,-8.528488159179688,True
known,5663,8,ship,8,ship,0.9999648332595825,-11.257881164550781,True
known,5664,6,frog,6,frog,0.999622106552124,-9.222757339477539,True
known,5665,2,bird,0,airplane,0.7524012923240662,-8.625112533569336,True
known,5666,6,frog,6,frog,0.9999558925628662,-11.677522659301758,True
known,5667,1,automobile,1,automobile,0.9998230338096619,-10.371760368347168,True
known,5668,7,horse,7,horse,0.9998507499694824,-10.17667007446289,True
known,5669,0,airplane,0,airplane,0.9990822076797485,-8.403732299804688,True
known,5670,4,deer,4,deer,0.9992031455039978,-8.973274230957031,True
known,5671,3,cat,3,cat,0.9993392825126648,-9.448840141296387,True
known,5672,8,ship,8,ship,0.9994913339614868,-9.461413383483887,True
known,5673,5,dog,5,dog,0.9994288086891174,-9.612936019897461,True
known,5674,9,truck,9,truck,0.9994673132896423,-9.149100303649902,True
known,5675,7,horse,7,horse,0.999942421913147,-11.287854194641113,True
known,5676,6,frog,6,frog,0.9981058835983276,-9.368311882019043,True
known,5677,7,horse,7,horse,0.8588728904724121,-7.840396404266357,True
known,5678,1,automobile,1,automobile,0.9973887801170349,-7.84305477142334,True
known,5679,0,airplane,0,airplane,0.9936826229095459,-7.46915340423584,True
known,5680,2,bird,2,bird,0.999738872051239,-10.960947036743164,True
known,5681,3,cat,3,cat,0.9998725652694702,-10.550396919250488,True
known,5682,5,dog,3,cat,0.5254929661750793,-6.551338195800781,True
known,5683,6,frog,6,frog,0.9993348717689514,-8.987005233764648,True
known,5684,7,horse,7,horse,0.99928218126297,-9.304071426391602,True
known,5685,1,automobile,1,automobile,0.9982191920280457,-7.722274303436279,True
known,5686,6,frog,6,frog,0.9996966123580933,-9.877129554748535,True
known,5687,2,bird,2,bird,0.9995768666267395,-10.687301635742188,True
known,5688,8,ship,8,ship,0.9999366998672485,-10.866485595703125,True
known,5689,3,cat,3,cat,0.9997001886367798,-9.59900951385498,True
known,5690,7,horse,5,dog,0.9580476880073547,-7.211490154266357,True
known,5691,2,bird,2,bird,0.9999855756759644,-12.48598861694336,True
known,5692,5,dog,5,dog,0.9998878240585327,-10.349069595336914,True
known,5693,7,horse,7,horse,0.9997754693031311,-10.64597225189209,True
known,5694,5,dog,5,dog,0.9792527556419373,-7.9986042976379395,True
known,5695,7,horse,7,horse,0.9999144077301025,-10.722439765930176,True
known,5696,7,horse,7,horse,0.9998409748077393,-10.540143966674805,True
known,5697,1,automobile,1,automobile,0.9996665716171265,-9.256087303161621,True
known,5698,7,horse,7,horse,0.9999442100524902,-12.200871467590332,True
known,5699,4,deer,4,deer,0.9971749782562256,-8.22380542755127,True
known,5700,3,cat,3,cat,0.9284603595733643,-7.708215236663818,True
known,5701,3,cat,3,cat,0.9701206684112549,-8.281283378601074,True
known,5702,4,deer,4,deer,0.9992901086807251,-8.763481140136719,True
known,5703,0,airplane,0,airplane,0.9999861717224121,-12.481139183044434,True
known,5704,4,deer,4,deer,0.9997259974479675,-9.79414176940918,True
known,5705,2,bird,2,bird,0.9998489618301392,-11.266786575317383,True
known,5706,7,horse,7,horse,0.9994834661483765,-10.498164176940918,True
known,5707,0,airplane,0,airplane,0.9999855756759644,-12.323087692260742,True
known,5708,2,bird,5,dog,0.3414205014705658,-2.3984463214874268,False
known,5709,2,bird,0,airplane,0.6368656754493713,-4.253990173339844,False
known,5710,6,frog,6,frog,0.9945530295372009,-7.083810806274414,True
known,5711,6,frog,6,frog,0.9998005032539368,-10.098376274108887,True
known,5712,2,bird,2,bird,0.9999434947967529,-11.558606147766113,True
known,5713,5,dog,5,dog,0.9987090826034546,-9.102692604064941,True
known,5714,2,bird,2,bird,0.699717104434967,-4.719662666320801,False
known,5715,6,frog,6,frog,0.9986956715583801,-9.253328323364258,True
known,5716,0,airplane,0,airplane,0.7834029197692871,-8.618583679199219,True
known,5717,6,frog,6,frog,0.9986469149589539,-9.123139381408691,True
known,5718,1,automobile,1,automobile,0.9615130424499512,-8.614556312561035,True
known,5719,2,bird,2,bird,0.9914524555206299,-8.23383617401123,True
known,5720,9,truck,9,truck,0.9994140863418579,-8.916886329650879,True
known,5721,0,airplane,0,airplane,0.9839550256729126,-6.743862152099609,True
known,5722,0,airplane,0,airplane,0.9952941536903381,-8.949373245239258,True
known,5723,1,automobile,1,automobile,0.9999173879623413,-11.093562126159668,True
known,5724,5,dog,5,dog,0.9942963719367981,-8.936091423034668,True
known,5725,5,dog,5,dog,0.9999634027481079,-11.41373348236084,True
known,5726,1,automobile,1,automobile,0.9975435137748718,-7.775966644287109,True
known,5727,6,frog,6,frog,0.9993256330490112,-9.004450798034668,True
known,5728,7,horse,7,horse,0.9997320771217346,-9.624725341796875,True
known,5729,8,ship,8,ship,0.9997957348823547,-10.370750427246094,True
known,5730,5,dog,5,dog,0.4722185432910919,-3.318786382675171,False
known,5731,6,frog,6,frog,0.9988126754760742,-8.41759204864502,True
known,5732,3,cat,3,cat,0.7802447080612183,-7.0078301429748535,True
known,5733,3,cat,3,cat,0.9995073080062866,-9.743741989135742,True
known,5734,6,frog,6,frog,0.9928205609321594,-8.214395523071289,True
known,5735,0,airplane,0,airplane,0.9995878338813782,-9.799989700317383,True
known,5736,9,truck,1,automobile,0.49512192606925964,-4.584290504455566,False
known,5737,9,truck,9,truck,0.9998413324356079,-9.97052001953125,True
known,5738,2,bird,2,bird,0.9991538524627686,-10.784418106079102,True
known,5739,2,bird,2,bird,0.9999293088912964,-11.246023178100586,True
known,5740,6,frog,6,frog,0.9988638162612915,-9.579556465148926,True
known,5741,1,automobile,1,automobile,0.9982268214225769,-8.319515228271484,True
known,5742,4,deer,4,deer,0.9999798536300659,-12.281020164489746,True
known,5743,6,frog,6,frog,0.999670147895813,-9.947309494018555,True
known,5744,2,bird,2,bird,0.9998683929443359,-10.468263626098633,True
known,5745,5,dog,5,dog,0.9998249411582947,-11.444151878356934,True
known,5746,7,horse,7,horse,0.9999449253082275,-11.779410362243652,True
known,5747,8,ship,8,ship,0.8151699900627136,-6.8349409103393555,True
known,5748,8,ship,8,ship,0.9999969005584717,-13.638606071472168,True
known,5749,5,dog,5,dog,0.9980231523513794,-8.771912574768066,True
known,5750,6,frog,6,frog,0.9998345375061035,-10.306244850158691,True
known,5751,4,deer,3,cat,0.6553136706352234,-5.638548374176025,False
known,5752,3,cat,3,cat,0.9858739376068115,-7.096096515655518,True
known,5753,2,bird,2,bird,0.9994775652885437,-9.175300598144531,True
known,5754,3,cat,3,cat,0.9999690055847168,-12.43294620513916,True
known,5755,4,deer,4,deer,0.9994372725486755,-9.448277473449707,True
known,5756,4,deer,4,deer,0.999923586845398,-10.658591270446777,True
known,5757,4,deer,4,deer,0.999906063079834,-10.895282745361328,True
known,5758,8,ship,8,ship,0.9996967315673828,-9.340115547180176,True
known,5759,9,truck,9,truck,0.9995342493057251,-9.336153984069824,True
known,5760,2,bird,2,bird,0.9998819828033447,-11.142059326171875,True
known,5761,6,frog,6,frog,0.9998390674591064,-10.85527515411377,True
known,5762,0,airplane,0,airplane,0.9998433589935303,-10.405043601989746,True
known,5763,9,truck,9,truck,0.9991627931594849,-9.744555473327637,True
known,5764,7,horse,7,horse,0.9997647404670715,-9.622413635253906,True
known,5765,9,truck,9,truck,0.9998842477798462,-10.455638885498047,True
known,5766,8,ship,8,ship,0.996829092502594,-10.318615913391113,True
known,5767,7,horse,7,horse,0.9999837875366211,-12.304730415344238,True
known,5768,7,horse,7,horse,0.9999886751174927,-12.428979873657227,True
known,5769,3,cat,3,cat,0.9988294243812561,-8.280782699584961,True
known,5770,8,ship,8,ship,0.9999845027923584,-12.153368949890137,True
known,5771,2,bird,2,bird,0.9859685897827148,-9.278128623962402,True
known,5772,9,truck,9,truck,0.9987970590591431,-8.194756507873535,True
known,5773,3,cat,3,cat,0.9993404746055603,-9.161421775817871,True
known,5774,5,dog,5,dog,0.6203708052635193,-4.449540615081787,False
known,5775,7,horse,7,horse,0.9995181560516357,-9.171602249145508,True
known,5776,5,dog,5,dog,0.9999597072601318,-12.4484281539917,True
known,5777,8,ship,8,ship,0.999702513217926,-9.474621772766113,True
known,5778,7,horse,7,horse,0.9997742772102356,-10.350847244262695,True
known,5779,3,cat,3,cat,0.9999741315841675,-12.075862884521484,True
known,5780,7,horse,7,horse,0.9996830224990845,-9.37251091003418,True
known,5781,0,airplane,0,airplane,0.9936745166778564,-7.121130466461182,True
known,5782,7,horse,7,horse,0.9998881816864014,-11.263689041137695,True
known,5783,1,automobile,1,automobile,0.9971141815185547,-8.410483360290527,True
known,5784,6,frog,6,frog,0.9996346235275269,-9.31156063079834,True
known,5785,2,bird,2,bird,0.9987170696258545,-8.753531455993652,True
known,5786,4,deer,4,deer,0.9992848038673401,-8.98605728149414,True
known,5787,0,airplane,0,airplane,0.9994944334030151,-9.840044021606445,True
known,5788,0,airplane,0,airplane,0.9999527931213379,-11.608478546142578,True
known,5789,2,bird,2,bird,0.9998568296432495,-10.142637252807617,True
known,5790,9,truck,9,truck,0.9999895095825195,-13.597763061523438,True
known,5791,8,ship,8,ship,0.9998538494110107,-11.468804359436035,True
known,5792,2,bird,2,bird,0.99947589635849,-9.833683013916016,True
known,5793,8,ship,8,ship,0.9999628067016602,-11.590642929077148,True
known,5794,7,horse,7,horse,0.8020384907722473,-5.901360988616943,False
known,5795,7,horse,7,horse,0.9894773364067078,-7.758269786834717,True
known,5796,5,dog,5,dog,0.9983179569244385,-8.729098320007324,True
known,5797,5,dog,5,dog,0.9994012117385864,-9.69002914428711,True
known,5798,0,airplane,0,airplane,0.9999611377716064,-11.343215942382812,True
known,5799,1,automobile,1,automobile,0.6847869157791138,-6.257152557373047,True
known,5800,2,bird,2,bird,0.9999891519546509,-12.874000549316406,True
known,5801,9,truck,9,truck,0.9998602867126465,-10.12484073638916,True
known,5802,6,frog,6,frog,0.9914093613624573,-7.601992130279541,True
known,5803,1,automobile,1,automobile,0.9946584105491638,-7.568626403808594,True
known,5804,0,airplane,0,airplane,0.9998645782470703,-10.768571853637695,True
known,5805,1,automobile,1,automobile,0.9994440674781799,-9.127764701843262,True
known,5806,0,airplane,0,airplane,0.9157513976097107,-8.286867141723633,True
known,5807,6,frog,6,frog,0.9991017580032349,-8.512961387634277,True
known,5808,5,dog,5,dog,0.8973045945167542,-8.829448699951172,True
known,5809,0,airplane,0,airplane,0.9927167296409607,-8.012381553649902,True
known,5810,5,dog,5,dog,0.9999403953552246,-11.643437385559082,True
known,5811,7,horse,7,horse,0.9999288320541382,-10.868240356445312,True
known,5812,4,deer,4,deer,0.9991748929023743,-10.679108619689941,True
known,5813,4,deer,4,deer,0.9999628067016602,-11.89632511138916,True
known,5814,8,ship,8,ship,0.9922630786895752,-8.683609962463379,True
known,5815,3,cat,3,cat,0.9948207139968872,-8.138263702392578,True
known,5816,5,dog,5,dog,0.9834469556808472,-8.70832347869873,True
known,5817,3,cat,3,cat,0.8754869103431702,-7.6208720207214355,True
known,5818,7,horse,7,horse,0.9995937943458557,-9.05574893951416,True
known,5819,2,bird,2,bird,0.9999511241912842,-11.21694278717041,True
known,5820,5,dog,5,dog,0.9964660406112671,-9.591361999511719,True
known,5821,8,ship,8,ship,0.9999512434005737,-11.841445922851562,True
known,5822,3,cat,3,cat,0.9997420907020569,-9.54714298248291,True
known,5823,5,dog,5,dog,0.9994875192642212,-8.90428638458252,True
known,5824,7,horse,7,horse,0.9999868869781494,-12.853845596313477,True
known,5825,3,cat,3,cat,0.9991468191146851,-9.82541561126709,True
known,5826,7,horse,7,horse,0.9971051812171936,-8.42044448852539,True
known,5827,0,airplane,0,airplane,0.9995496869087219,-10.143108367919922,True
known,5828,5,dog,5,dog,0.9997233748435974,-9.624629020690918,True
known,5829,4,deer,4,deer,0.9999513626098633,-11.409598350524902,True
known,5830,5,dog,5,dog,0.8512884378433228,-10.489830017089844,True
known,5831,6,frog,6,frog,0.9992627501487732,-8.804314613342285,True
known,5832,9,truck,9,truck,0.9847634434700012,-6.541029453277588,True
known,5833,3,cat,3,cat,0.9840496778488159,-8.637478828430176,True
known,5834,5,dog,5,dog,0.9993709921836853,-9.765074729919434,True
known,5835,3,cat,9,truck,0.6459862589836121,-3.457756280899048,False
known,5836,8,ship,8,ship,0.9998984336853027,-10.43062686920166,True
known,5837,2,bird,2,bird,0.9997922778129578,-11.505840301513672,True
known,5838,4,deer,4,deer,0.9992977380752563,-8.873819351196289,True
known,5839,2,bird,2,bird,0.9857233166694641,-8.405952453613281,True
known,5840,2,bird,2,bird,0.5871952772140503,-5.115635871887207,False
known,5841,6,frog,6,frog,0.9971674084663391,-7.472573280334473,True
known,5842,7,horse,7,horse,0.9999746084213257,-12.263354301452637,True
known,5843,6,frog,6,frog,0.9957644939422607,-7.495883464813232,True
known,5844,0,airplane,0,airplane,0.995031476020813,-8.809774398803711,True
known,5845,5,dog,5,dog,0.9997982382774353,-10.314507484436035,True
known,5846,5,dog,5,dog,0.9998018145561218,-10.293121337890625,True
known,5847,8,ship,8,ship,0.9997537732124329,-9.60384750366211,True
known,5848,4,deer,4,deer,0.9719901084899902,-7.070425987243652,True
known,5849,5,dog,5,dog,0.989617645740509,-8.241754531860352,True
known,5850,6,frog,6,frog,0.9999251365661621,-11.458054542541504,True
known,5851,1,automobile,1,automobile,0.9976537823677063,-7.965720176696777,True
known,5852,3,cat,3,cat,0.9999383687973022,-11.411698341369629,True
known,5853,5,dog,5,dog,0.9983371496200562,-7.8807373046875,True
known,5854,4,deer,4,deer,0.9999895095825195,-12.808995246887207,True
known,5855,7,horse,7,horse,0.9999837875366211,-12.608089447021484,True
known,5856,3,cat,3,cat,0.9976645708084106,-8.709698677062988,True
known,5857,0,airplane,0,airplane,0.999957799911499,-11.248917579650879,True
known,5858,7,horse,7,horse,0.9999005794525146,-10.61117172241211,True
known,5859,2,bird,2,bird,0.9996963739395142,-10.512425422668457,True
known,5860,0,airplane,0,airplane,0.9073783755302429,-6.378747463226318,True
known,5861,1,automobile,1,automobile,0.9996627569198608,-9.415201187133789,True
known,5862,2,bird,2,bird,0.9995817542076111,-9.497565269470215,True
known,5863,4,deer,4,deer,0.9999552965164185,-11.33638858795166,True
known,5864,9,truck,9,truck,0.6083135604858398,-6.865780353546143,True
known,5865,6,frog,6,frog,0.9948192238807678,-8.56257152557373,True
known,5866,4,deer,4,deer,0.9999666213989258,-11.992217063903809,True
known,5867,5,dog,5,dog,0.9998470544815063,-11.423357009887695,True
known,5868,9,truck,9,truck,0.9932520985603333,-8.677508354187012,True
known,5869,7,horse,7,horse,0.9996953010559082,-10.367044448852539,True
known,5870,7,horse,7,horse,0.9989632368087769,-8.50537109375,True
known,5871,6,frog,6,frog,0.4487375319004059,-4.361370086669922,False
known,5872,7,horse,7,horse,0.9806991219520569,-6.691736698150635,True
known,5873,4,deer,4,deer,0.9997712969779968,-9.897984504699707,True
known,5874,3,cat,3,cat,0.9996923208236694,-9.695343017578125,True
known,5875,1,automobile,1,automobile,0.9994224309921265,-8.80427360534668,True
known,5876,6,frog,6,frog,0.9993628859519958,-8.73709487915039,True
known,5877,9,truck,9,truck,0.9982200264930725,-7.8322529792785645,True
known,5878,4,deer,4,deer,0.9910939335823059,-8.338918685913086,True
known,5879,8,ship,8,ship,0.9999589920043945,-11.294695854187012,True
known,5880,0,airplane,0,airplane,0.9998608827590942,-10.462358474731445,True
known,5881,3,cat,5,dog,0.65157550573349,-7.970370292663574,True
known,5882,1,automobile,1,automobile,0.9258139133453369,-9.356444358825684,True
known,5883,6,frog,4,deer,0.5621985793113708,-4.959370136260986,False
known,5884,4,deer,4,deer,0.9997974038124084,-9.791071891784668,True
known,5885,4,deer,4,deer,0.9999450445175171,-11.146512985229492,True
known,5886,2,bird,2,bird,0.8792836666107178,-7.384893417358398,True
known,5887,1,automobile,1,automobile,0.9990780353546143,-8.919051170349121,True
known,5888,4,deer,4,deer,0.9999833106994629,-12.575213432312012,True
known,5889,6,frog,6,frog,0.821067750453949,-7.307290554046631,True
known,5890,3,cat,5,dog,0.4738105833530426,-3.347381114959717,False
known,5891,0,airplane,0,airplane,0.9998807907104492,-11.15304183959961,True
known,5892,8,ship,8,ship,0.9949387311935425,-7.936257839202881,True
known,5893,9,truck,9,truck,0.9880505204200745,-7.8661580085754395,True
known,5894,7,horse,7,horse,0.9999796152114868,-12.40858268737793,True
known,5895,6,frog,6,frog,0.9999148845672607,-10.7258882522583,True
known,5896,8,ship,8,ship,0.9991963505744934,-9.803533554077148,True
known,5897,4,deer,4,deer,0.9999043941497803,-10.976640701293945,True
known,5898,8,ship,8,ship,0.9998828172683716,-10.904767990112305,True
known,5899,1,automobile,1,automobile,0.9997487664222717,-9.635725975036621,True
known,5900,4,deer,4,deer,0.9991648197174072,-9.360822677612305,True
known,5901,5,dog,5,dog,0.9995480179786682,-11.55742359161377,True
known,5902,9,truck,9,truck,0.9997366070747375,-9.558711051940918,True
known,5903,4,deer,4,deer,0.9981410503387451,-8.144157409667969,True
known,5904,7,horse,7,horse,0.9994964599609375,-9.112896919250488,True
known,5905,1,automobile,1,automobile,0.9943887591362,-8.07502269744873,True
known,5906,4,deer,4,deer,0.9996064305305481,-9.745526313781738,True
known,5907,5,dog,5,dog,0.9994631409645081,-10.942761421203613,True
known,5908,3,cat,2,bird,0.6734839081764221,-5.471733093261719,False
known,5909,1,automobile,1,automobile,0.9990465044975281,-9.27147388458252,True
known,5910,2,bird,2,bird,0.4368639886379242,-3.536363124847412,False
known,5911,6,frog,6,frog,0.999870777130127,-10.410483360290527,True
known,5912,4,deer,4,deer,0.9999254941940308,-10.783116340637207,True
known,5913,7,horse,7,horse,0.9995402097702026,-8.992018699645996,True
known,5914,1,automobile,1,automobile,0.9991815686225891,-9.167226791381836,True
known,5915,5,dog,5,dog,0.9833404421806335,-8.904176712036133,True
known,5916,9,truck,9,truck,0.9997442364692688,-10.506446838378906,True
known,5917,3,cat,3,cat,0.9684914350509644,-6.864028453826904,True
known,5918,1,automobile,1,automobile,0.9996285438537598,-9.152368545532227,True
known,5919,4,deer,4,deer,0.9998047947883606,-10.204218864440918,True
known,5920,8,ship,8,ship,0.9999847412109375,-12.703883171081543,True
known,5921,7,horse,7,horse,0.9997920393943787,-10.628376007080078,True
known,5922,7,horse,7,horse,0.9994298815727234,-9.043639183044434,True
known,5923,0,airplane,0,airplane,0.9998528957366943,-10.830524444580078,True
known,5924,4,deer,4,deer,0.8832240700721741,-7.286911964416504,True
known,5925,3,cat,3,cat,0.9998586177825928,-10.887585639953613,True
known,5926,4,deer,4,deer,0.9998214840888977,-10.064595222473145,True
known,5927,6,frog,6,frog,0.9843350648880005,-9.687220573425293,True
known,5928,7,horse,7,horse,0.9999504089355469,-11.616482734680176,True
known,5929,7,horse,7,horse,0.9996247291564941,-10.312941551208496,True
known,5930,5,dog,2,bird,0.5308584570884705,-5.510673522949219,False
known,5931,4,deer,4,deer,0.9998438358306885,-12.234862327575684,True
known,5932,4,deer,4,deer,0.9998341798782349,-10.785771369934082,True
known,5933,4,deer,4,deer,0.999970555305481,-11.957880973815918,True
known,5934,3,cat,3,cat,0.9997013211250305,-9.969630241394043,True
known,5935,6,frog,6,frog,0.9994538426399231,-9.772282600402832,True
known,5936,6,frog,6,frog,0.9997637867927551,-9.918122291564941,True
known,5937,1,automobile,1,automobile,0.9991014003753662,-8.691859245300293,True
known,5938,9,truck,9,truck,0.9997237324714661,-9.933780670166016,True
known,5939,9,truck,9,truck,0.9999430179595947,-11.019896507263184,True
known,5940,7,horse,7,horse,0.6783614158630371,-5.53140926361084,False
known,5941,9,truck,9,truck,0.9885473251342773,-7.952373027801514,True
known,5942,4,deer,4,deer,0.9998993873596191,-10.741868019104004,True
known,5943,3,cat,3,cat,0.9809406399726868,-8.06952953338623,True
known,5944,2,bird,2,bird,0.9999603033065796,-11.43858814239502,True
known,5945,9,truck,9,truck,0.9995445609092712,-10.649697303771973,True
known,5946,8,ship,8,ship,0.6621128916740417,-5.072735786437988,False
known,5947,5,dog,5,dog,0.9987571239471436,-8.227316856384277,True
known,5948,0,airplane,0,airplane,0.9998254179954529,-10.583623886108398,True
known,5949,6,frog,6,frog,0.999363124370575,-9.290031433105469,True
known,5950,9,truck,9,truck,0.9998145699501038,-10.57204532623291,True
known,5951,0,airplane,0,airplane,0.9997864365577698,-10.32357120513916,True
known,5952,9,truck,9,truck,0.9980448484420776,-7.7816338539123535,True
known,5953,7,horse,7,horse,0.9999958276748657,-13.318256378173828,True
known,5954,8,ship,8,ship,0.9999222755432129,-10.7391996383667,True
known,5955,5,dog,5,dog,0.9302733540534973,-5.053197860717773,False
known,5956,4,deer,4,deer,0.9996030926704407,-10.086681365966797,True
known,5957,4,deer,4,deer,0.9999697208404541,-11.834823608398438,True
known,5958,9,truck,9,truck,0.9998286962509155,-10.428044319152832,True
known,5959,4,deer,4,deer,0.9953113198280334,-7.67752742767334,True
known,5960,2,bird,2,bird,0.9991573095321655,-9.422656059265137,True
known,5961,6,frog,6,frog,0.9993001222610474,-9.055758476257324,True
known,5962,6,frog,6,frog,0.9990293979644775,-8.406603813171387,True
known,5963,9,truck,9,truck,0.9988916516304016,-8.457491874694824,True
known,5964,9,truck,9,truck,0.9996582269668579,-9.681891441345215,True
known,5965,7,horse,7,horse,0.999821126461029,-9.858872413635254,True
known,5966,9,truck,9,truck,0.999052107334137,-8.944014549255371,True
known,5967,9,truck,9,truck,0.9982300400733948,-7.822028160095215,True
known,5968,0,airplane,0,airplane,0.9986451268196106,-8.983804702758789,True
known,5969,5,dog,5,dog,0.9998718500137329,-10.644397735595703,True
known,5970,1,automobile,1,automobile,0.9994425177574158,-8.796141624450684,True
known,5971,1,automobile,1,automobile,0.9999233484268188,-10.738409996032715,True
known,5972,8,ship,8,ship,0.9652671813964844,-7.841434001922607,True
known,5973,6,frog,6,frog,0.9995393753051758,-10.378422737121582,True
known,5974,9,truck,9,truck,0.9997889399528503,-10.105432510375977,True
known,5975,9,truck,9,truck,0.9999663829803467,-12.464458465576172,True
known,5976,5,dog,5,dog,0.9995077848434448,-9.073001861572266,True
known,5977,6,frog,6,frog,0.9996107220649719,-10.072004318237305,True
known,5978,5,dog,5,dog,0.9729506373405457,-8.010726928710938,True
known,5979,5,dog,5,dog,0.9872850775718689,-7.343480587005615,True
known,5980,9,truck,9,truck,0.9991558790206909,-8.864109992980957,True
known,5981,7,horse,7,horse,0.999941349029541,-11.342281341552734,True
known,5982,9,truck,9,truck,0.999886155128479,-11.163792610168457,True
known,5983,4,deer,4,deer,0.9993759989738464,-9.089329719543457,True
known,5984,5,dog,5,dog,0.9996280670166016,-10.782325744628906,True
known,5985,4,deer,4,deer,0.9998107552528381,-10.646947860717773,True
known,5986,3,cat,3,cat,0.9806739091873169,-8.043325424194336,True
known,5987,3,cat,3,cat,0.8659787774085999,-6.045419692993164,False
known,5988,9,truck,9,truck,0.9999548196792603,-11.470796585083008,True
known,5989,8,ship,8,ship,0.9935801029205322,-9.900490760803223,True
known,5990,8,ship,8,ship,0.9870429039001465,-8.418604850769043,True
known,5991,3,cat,3,cat,0.7879325151443481,-4.911231517791748,False
known,5992,4,deer,4,deer,0.9442991614341736,-7.904647350311279,True
known,5993,8,ship,8,ship,0.9998924732208252,-10.367081642150879,True
known,5994,4,deer,4,deer,0.9985688924789429,-10.08227252960205,True
known,5995,0,airplane,0,airplane,0.9999163150787354,-11.324640274047852,True
known,5996,4,deer,4,deer,0.9988203644752502,-9.320096015930176,True
known,5997,0,airplane,0,airplane,0.999921441078186,-10.622852325439453,True
known,5998,7,horse,7,horse,0.9998127818107605,-9.940340995788574,True
known,5999,2,bird,2,bird,0.9996908903121948,-9.658611297607422,True
known,6000,8,ship,8,ship,0.6967868804931641,-5.094526767730713,False
known,6001,0,airplane,0,airplane,0.6072235107421875,-6.03339147567749,False
known,6002,2,bird,2,bird,0.9998294115066528,-10.090396881103516,True
known,6003,0,airplane,0,airplane,0.9999206066131592,-10.880655288696289,True
known,6004,7,horse,7,horse,0.9959672689437866,-7.530439376831055,True
known,6005,4,deer,4,deer,0.9998656511306763,-10.282609939575195,True
known,6006,0,airplane,0,airplane,0.9999593496322632,-11.581053733825684,True
known,6007,6,frog,6,frog,0.9993841648101807,-8.825791358947754,True
known,6008,3,cat,2,bird,0.9527473449707031,-6.107476234436035,False
known,6009,3,cat,3,cat,0.9995627999305725,-9.33778190612793,True
known,6010,1,automobile,1,automobile,0.9968296885490417,-8.55012321472168,True
known,6011,7,horse,7,horse,0.9999779462814331,-12.974905014038086,True
known,6012,4,deer,4,deer,0.9908883571624756,-7.365527153015137,True
known,6013,6,frog,6,frog,0.9999269247055054,-11.48212718963623,True
known,6014,5,dog,5,dog,0.623690128326416,-6.014276027679443,False
known,6015,0,airplane,0,airplane,0.9998584985733032,-10.658717155456543,True
known,6016,4,deer,4,deer,0.9999485015869141,-11.97270393371582,True
known,6017,9,truck,9,truck,0.9914684295654297,-7.965691566467285,True
known,6018,5,dog,5,dog,0.9997833371162415,-10.45245361328125,True
known,6019,6,frog,6,frog,0.9992676377296448,-8.58297348022461,True
known,6020,6,frog,6,frog,0.9997735619544983,-9.713528633117676,True
known,6021,3,cat,3,cat,0.9151412844657898,-8.333635330200195,True
known,6022,0,airplane,0,airplane,0.9993008375167847,-9.177851676940918,True
known,6023,5,dog,5,dog,0.9981433153152466,-9.888404846191406,True
known,6024,2,bird,2,bird,0.9978312849998474,-9.17426586151123,True
known,6025,6,frog,6,frog,0.9971832633018494,-7.857770919799805,True
known,6026,3,cat,3,cat,0.9985185265541077,-8.235825538635254,True
known,6027,3,cat,3,cat,0.9996824264526367,-9.547916412353516,True
known,6028,8,ship,8,ship,0.6638345718383789,-4.988338470458984,False
known,6029,0,airplane,0,airplane,0.9973179697990417,-8.766082763671875,True
known,6030,8,ship,8,ship,0.8622098565101624,-5.406972885131836,False
known,6031,5,dog,5,dog,0.993637204170227,-11.100503921508789,True
known,6032,4,deer,4,deer,0.9999755620956421,-12.023463249206543,True
known,6033,2,bird,2,bird,0.9997344613075256,-9.742286682128906,True
known,6034,9,truck,9,truck,0.9999632835388184,-11.925732612609863,True
known,6035,5,dog,5,dog,0.9993771910667419,-11.107390403747559,True
known,6036,0,airplane,0,airplane,0.9985733032226562,-8.906455039978027,True
known,6037,5,dog,5,dog,0.9998160004615784,-10.540812492370605,True
known,6038,4,deer,4,deer,0.9983986020088196,-9.065762519836426,True
known,6039,8,ship,8,ship,0.9996809959411621,-10.14560604095459,True
known,6040,2,bird,2,bird,0.948623538017273,-5.971963882446289,False
known,6041,7,horse,7,horse,0.9985405206680298,-8.153249740600586,True
known,6042,6,frog,6,frog,0.9988667964935303,-8.479903221130371,True
known,6043,5,dog,5,dog,0.9926491379737854,-7.773514747619629,True
known,6044,7,horse,7,horse,0.998680055141449,-10.857996940612793,True
known,6045,8,ship,8,ship,0.9996522665023804,-9.497727394104004,True
known,6046,2,bird,2,bird,0.9991307854652405,-9.054357528686523,True
known,6047,0,airplane,0,airplane,0.9996341466903687,-9.963144302368164,True
known,6048,1,automobile,1,automobile,0.9971669316291809,-7.404067039489746,True
known,6049,8,ship,8,ship,0.9998852014541626,-10.199121475219727,True
known,6050,2,bird,2,bird,0.9615300297737122,-8.363082885742188,True
known,6051,4,deer,4,deer,0.9973835349082947,-9.169066429138184,True
known,6052,8,ship,8,ship,0.9998666048049927,-10.116616249084473,True
known,6053,4,deer,4,deer,0.9995593428611755,-10.01689338684082,True
known,6054,3,cat,3,cat,0.958568811416626,-8.210436820983887,True
known,6055,0,airplane,0,airplane,0.9999189376831055,-10.68258285522461,True
known,6056,4,deer,4,deer,0.999624490737915,-10.422599792480469,True
known,6057,0,airplane,0,airplane,0.9998724460601807,-10.452512741088867,True
known,6058,1,automobile,1,automobile,0.9998961687088013,-10.63778305053711,True
known,6059,9,truck,9,truck,0.9987055063247681,-8.18490982055664,True
known,6060,3,cat,3,cat,0.9663215279579163,-6.135939598083496,False
known,6061,0,airplane,0,airplane,0.9997288584709167,-9.94337272644043,True
known,6062,3,cat,3,cat,0.9760823845863342,-7.378849506378174,True
known,6063,6,frog,4,deer,0.9709704518318176,-7.932517051696777,True
known,6064,5,dog,5,dog,0.9915130734443665,-10.332293510437012,True
known,6065,5,dog,5,dog,0.9835441708564758,-6.456305980682373,True
known,6066,2,bird,2,bird,0.9999279975891113,-11.4857759475708,True
known,6067,8,ship,8,ship,0.9955486059188843,-9.9744234085083,True
known,6068,5,dog,5,dog,0.973358154296875,-10.51573657989502,True
known,6069,0,airplane,0,airplane,0.99989914894104,-10.757609367370605,True
known,6070,8,ship,9,truck,0.5185787677764893,-4.607790470123291,False
known,6071,7,horse,7,horse,0.9999589920043945,-11.504016876220703,True
known,6072,5,dog,5,dog,0.9990100860595703,-9.959037780761719,True
known,6073,2,bird,2,bird,0.9998515844345093,-10.368341445922852,True
known,6074,4,deer,4,deer,0.9564431309700012,-8.189417839050293,True
known,6075,3,cat,3,cat,0.9983793497085571,-9.882685661315918,True
known,6076,7,horse,7,horse,0.9973700046539307,-8.32446002960205,True
known,6077,0,airplane,8,ship,0.8428067564964294,-6.574338912963867,True
known,6078,2,bird,2,bird,0.999631404876709,-9.545123100280762,True
known,6079,3,cat,3,cat,0.9999613761901855,-12.347115516662598,True
known,6080,1,automobile,1,automobile,0.9999479055404663,-11.374497413635254,True
known,6081,0,airplane,0,airplane,0.9995602965354919,-9.474411964416504,True
known,6082,0,airplane,0,airplane,0.9985872507095337,-8.897891998291016,True
known,6083,2,bird,2,bird,0.8295760750770569,-5.608395576477051,False
known,6084,1,automobile,1,automobile,0.999826967716217,-10.12576675415039,True
known,6085,2,bird,2,bird,0.9997736811637878,-12.0989408493042,True
known,6086,1,automobile,1,automobile,0.9995056390762329,-8.955212593078613,True
known,6087,4,deer,4,deer,0.9920032024383545,-6.983217239379883,True
known,6088,6,frog,6,frog,0.9997552037239075,-10.144125938415527,True
known,6089,7,horse,7,horse,0.9966722726821899,-7.6536760330200195,True
known,6090,1,automobile,1,automobile,0.9991682767868042,-8.776205062866211,True
known,6091,0,airplane,0,airplane,0.9997212290763855,-9.769706726074219,True
known,6092,5,dog,5,dog,0.9998109936714172,-11.052155494689941,True
known,6093,2,bird,2,bird,0.9996720552444458,-9.918590545654297,True
known,6094,5,dog,5,dog,0.9988036155700684,-8.975646018981934,True
known,6095,9,truck,9,truck,0.9999454021453857,-12.758767127990723,True
known,6096,2,bird,2,bird,0.9998517036437988,-10.598760604858398,True
known,6097,5,dog,5,dog,0.9939098358154297,-8.047036170959473,True
known,6098,6,frog,6,frog,0.998745322227478,-8.706682205200195,True
known,6099,7,horse,7,horse,0.9995978474617004,-9.034810066223145,True
known,6100,1,automobile,1,automobile,0.9997765421867371,-10.309712409973145,True
known,6101,9,truck,9,truck,0.9984740614891052,-10.075837135314941,True
known,6102,3,cat,3,cat,0.9986310601234436,-9.51984691619873,True
known,6103,6,frog,6,frog,0.9996525049209595,-9.520291328430176,True
known,6104,1,automobile,1,automobile,0.9981281161308289,-7.771254062652588,True
known,6105,0,airplane,0,airplane,0.9998565912246704,-10.89041519165039,True
known,6106,2,bird,2,bird,0.9999293088912964,-10.98252010345459,True
known,6107,9,truck,9,truck,0.9997480511665344,-10.555173873901367,True
known,6108,4,deer,4,deer,0.9990808963775635,-8.43547534942627,True
known,6109,2,bird,2,bird,0.9997321963310242,-10.342933654785156,True
known,6110,9,truck,9,truck,0.9998767375946045,-10.385576248168945,True
known,6111,3,cat,5,dog,0.7183024883270264,-6.484845161437988,True
known,6112,8,ship,8,ship,0.9969469904899597,-7.633175849914551,True
known,6113,2,bird,2,bird,0.9998582601547241,-10.469253540039062,True
known,6114,9,truck,9,truck,0.9991552829742432,-8.401061058044434,True
known,6115,8,ship,8,ship,0.9999914169311523,-12.950178146362305,True
known,6116,5,dog,5,dog,0.9966905117034912,-8.621773719787598,True
known,6117,1,automobile,1,automobile,0.999743640422821,-9.790478706359863,True
known,6118,0,airplane,0,airplane,0.9905746579170227,-10.412006378173828,True
known,6119,1,automobile,1,automobile,0.9998862743377686,-10.514432907104492,True
known,6120,5,dog,5,dog,0.999188244342804,-8.800621032714844,True
known,6121,2,bird,2,bird,0.9999065399169922,-11.034893989562988,True
known,6122,5,dog,5,dog,0.999984860420227,-13.215495109558105,True
known,6123,6,frog,6,frog,0.9996182918548584,-9.228455543518066,True
known,6124,8,ship,8,ship,0.9999986886978149,-15.43333911895752,True
known,6125,8,ship,8,ship,0.739515483379364,-5.357903003692627,False
known,6126,3,cat,3,cat,0.9987828135490417,-11.10344123840332,True
known,6127,5,dog,2,bird,0.5744583606719971,-5.389453887939453,False
known,6128,0,airplane,0,airplane,0.9990106821060181,-9.988704681396484,True
known,6129,4,deer,4,deer,0.999431312084198,-9.41018009185791,True
known,6130,1,automobile,1,automobile,0.9997745156288147,-9.822778701782227,True
known,6131,3,cat,3,cat,0.9989494681358337,-8.994097709655762,True
known,6132,7,horse,7,horse,0.9999374151229858,-10.794170379638672,True
known,6133,0,airplane,0,airplane,0.9994195699691772,-11.566758155822754,True
known,6134,3,cat,3,cat,0.9291847944259644,-5.348224639892578,False
known,6135,3,cat,3,cat,0.9137746095657349,-7.762147903442383,True
known,6136,9,truck,9,truck,0.9992419481277466,-9.757412910461426,True
known,6137,2,bird,2,bird,0.9957475066184998,-8.864463806152344,True
known,6138,3,cat,3,cat,0.9952563643455505,-10.087115287780762,True
known,6139,9,truck,9,truck,0.999982476234436,-12.154481887817383,True
known,6140,9,truck,9,truck,0.9994783997535706,-8.879613876342773,True
known,6141,8,ship,8,ship,0.9998466968536377,-11.336423873901367,True
known,6142,5,dog,5,dog,0.9959982633590698,-7.799249172210693,True
known,6143,9,truck,1,automobile,0.9418816566467285,-8.906309127807617,True
known,6144,7,horse,7,horse,0.9973185658454895,-8.37677001953125,True
known,6145,2,bird,2,bird,0.8094601631164551,-6.295251369476318,True
known,6146,0,airplane,0,airplane,0.9403741955757141,-5.601388454437256,False
known,6147,9,truck,9,truck,0.9986560344696045,-8.389533042907715,True
known,6148,4,deer,4,deer,0.9999064207077026,-10.944388389587402,True
known,6149,7,horse,7,horse,0.9997246861457825,-9.449130058288574,True
known,6150,1,automobile,1,automobile,0.9983378648757935,-7.962353706359863,True
known,6151,7,horse,3,cat,0.9919542670249939,-8.48791217803955,True
known,6152,6,frog,6,frog,0.9999674558639526,-12.08572769165039,True
known,6153,4,deer,4,deer,0.996749997138977,-9.502765655517578,True
known,6154,4,deer,4,deer,0.9994066953659058,-9.32719612121582,True
known,6155,8,ship,8,ship,0.9996408224105835,-9.70226001739502,True
known,6156,9,truck,9,truck,0.9998120665550232,-9.846722602844238,True
known,6157,0,airplane,0,airplane,0.9999871253967285,-12.84022331237793,True
known,6158,7,horse,7,horse,0.9999804496765137,-11.907851219177246,True
known,6159,1,automobile,1,automobile,0.999656081199646,-9.431451797485352,True
known,6160,2,bird,2,bird,0.9972085356712341,-8.422377586364746,True
known,6161,4,deer,4,deer,0.9937439560890198,-7.226849555969238,True
known,6162,0,airplane,0,airplane,0.580396294593811,-4.8707756996154785,False
known,6163,3,cat,3,cat,0.995610773563385,-8.97060489654541,True
known,6164,7,horse,7,horse,0.9996122717857361,-9.269290924072266,True
known,6165,5,dog,5,dog,0.9998630285263062,-11.042757034301758,True
known,6166,1,automobile,1,automobile,0.9981972575187683,-7.964299201965332,True
known,6167,9,truck,9,truck,0.9981179237365723,-8.326650619506836,True
known,6168,3,cat,3,cat,0.9997108578681946,-9.835536003112793,True
known,6169,5,dog,5,dog,0.9370180368423462,-6.618881702423096,True
known,6170,2,bird,2,bird,0.9945283532142639,-8.407122611999512,True
known,6171,4,deer,4,deer,0.9999607801437378,-11.298773765563965,True
known,6172,1,automobile,1,automobile,0.9994264841079712,-9.547829627990723,True
known,6173,1,automobile,1,automobile,0.9998325109481812,-10.15565299987793,True
known,6174,3,cat,3,cat,0.9977726340293884,-10.215058326721191,True
known,6175,3,cat,3,cat,0.9850649237632751,-9.126201629638672,True
known,6176,9,truck,9,truck,0.9998904466629028,-10.661398887634277,True
known,6177,2,bird,2,bird,0.9998527765274048,-10.638736724853516,True
known,6178,5,dog,7,horse,0.47262856364250183,-5.790205478668213,False
known,6179,8,ship,8,ship,0.9878367781639099,-7.715862274169922,True
known,6180,0,airplane,0,airplane,0.9981508851051331,-8.621953964233398,True
known,6181,8,ship,8,ship,0.9993232488632202,-9.297927856445312,True
known,6182,1,automobile,1,automobile,0.9994052648544312,-8.884913444519043,True
known,6183,5,dog,5,dog,0.8288237452507019,-8.888839721679688,True
known,6184,1,automobile,1,automobile,0.9990798234939575,-8.388529777526855,True
known,6185,5,dog,5,dog,0.9923466444015503,-8.827115058898926,True
known,6186,9,truck,9,truck,0.9997736811637878,-9.876372337341309,True
known,6187,0,airplane,0,airplane,0.9999575614929199,-11.422579765319824,True
known,6188,9,truck,9,truck,0.9995731711387634,-9.135159492492676,True
known,6189,2,bird,2,bird,0.999874472618103,-11.031770706176758,True
known,6190,4,deer,4,deer,0.9968469738960266,-8.172255516052246,True
known,6191,0,airplane,0,airplane,0.9994822144508362,-9.393404006958008,True
known,6192,6,frog,6,frog,0.9996676445007324,-9.643834114074707,True
known,6193,9,truck,9,truck,0.9976111650466919,-8.705574989318848,True
known,6194,1,automobile,1,automobile,0.9994482398033142,-9.038041114807129,True
known,6195,1,automobile,1,automobile,0.9998887777328491,-10.811933517456055,True
known,6196,3,cat,3,cat,0.999754011631012,-10.487547874450684,True
known,6197,4,deer,4,deer,0.7706907987594604,-6.341991424560547,True
known,6198,9,truck,9,truck,0.9986934065818787,-8.032657623291016,True
known,6199,5,dog,5,dog,0.9999785423278809,-12.221083641052246,True
known,6200,3,cat,3,cat,0.9994210004806519,-8.786896705627441,True
known,6201,3,cat,3,cat,0.9998955726623535,-10.478148460388184,True
known,6202,3,cat,5,dog,0.627082884311676,-5.405480861663818,False
known,6203,3,cat,3,cat,0.9996570348739624,-9.82129192352295,True
known,6204,4,deer,4,deer,0.9992591738700867,-10.308053016662598,True
known,6205,1,automobile,1,automobile,0.9981461763381958,-7.675986289978027,True
known,6206,5,dog,5,dog,0.9978659749031067,-10.908137321472168,True
known,6207,9,truck,9,truck,0.9994901418685913,-8.940901756286621,True
known,6208,8,ship,8,ship,0.9997797608375549,-9.87159538269043,True
known,6209,7,horse,7,horse,0.9993877410888672,-9.257575988769531,True
known,6210,4,deer,4,deer,0.8308766484260559,-4.9309306144714355,False
known,6211,8,ship,8,ship,0.9999126195907593,-10.67260456085205,True
known,6212,7,horse,7,horse,0.9992337226867676,-9.29741096496582,True
known,6213,3,cat,3,cat,0.9926131963729858,-8.942864418029785,True
known,6214,5,dog,5,dog,0.9908177852630615,-7.062927722930908,True
known,6215,2,bird,2,bird,0.9999018907546997,-10.76127815246582,True
known,6216,5,dog,5,dog,0.9994660019874573,-9.18805980682373,True
known,6217,8,ship,8,ship,0.9999114274978638,-10.715872764587402,True
known,6218,9,truck,9,truck,0.999836802482605,-10.314787864685059,True
known,6219,7,horse,7,horse,0.998908281326294,-9.015153884887695,True
known,6220,2,bird,2,bird,0.9997223019599915,-11.034738540649414,True
known,6221,0,airplane,0,airplane,0.9986478686332703,-8.647981643676758,True
known,6222,0,airplane,0,airplane,0.9999290704727173,-11.341453552246094,True
known,6223,7,horse,7,horse,0.9999352693557739,-10.82380485534668,True
known,6224,5,dog,5,dog,0.9986522793769836,-8.530778884887695,True
known,6225,3,cat,3,cat,0.9999774694442749,-11.776549339294434,True
known,6226,5,dog,5,dog,0.9999750852584839,-13.124565124511719,True
known,6227,7,horse,7,horse,0.9997565150260925,-10.108559608459473,True
known,6228,4,deer,4,deer,0.7143165469169617,-6.906905174255371,True
known,6229,6,frog,6,frog,0.9997685551643372,-9.927214622497559,True
known,6230,2,bird,2,bird,0.9995691180229187,-9.280303955078125,True
known,6231,8,ship,8,ship,0.9934216141700745,-7.57781982421875,True
known,6232,2,bird,2,bird,0.9998977184295654,-10.518484115600586,True
known,6233,7,horse,7,horse,0.9997244477272034,-9.44135856628418,True
known,6234,7,horse,7,horse,0.9994680285453796,-9.311631202697754,True
known,6235,6,frog,6,frog,0.9996473789215088,-9.629549980163574,True
known,6236,1,automobile,1,automobile,0.9995966553688049,-9.33159351348877,True
known,6237,3,cat,3,cat,0.9996918439865112,-10.129820823669434,True
known,6238,8,ship,8,ship,0.9988479614257812,-9.549670219421387,True
known,6239,6,frog,6,frog,0.9997088313102722,-10.293895721435547,True
known,6240,2,bird,2,bird,0.9999140501022339,-10.905645370483398,True
known,6241,0,airplane,0,airplane,0.9999706745147705,-11.922220230102539,True
known,6242,4,deer,4,deer,0.9996631145477295,-9.744271278381348,True
known,6243,4,deer,4,deer,0.9862414598464966,-7.498917579650879,True
known,6244,8,ship,8,ship,0.9998786449432373,-10.382463455200195,True
known,6245,6,frog,6,frog,0.9447459578514099,-7.448590278625488,True
known,6246,4,deer,4,deer,0.9998514652252197,-10.149859428405762,True
known,6247,0,airplane,0,airplane,0.9995728135108948,-9.200275421142578,True
known,6248,2,bird,2,bird,0.9979612827301025,-8.14399528503418,True
known,6249,5,dog,5,dog,0.9988517761230469,-10.345205307006836,True
known,6250,4,deer,4,deer,0.9994592070579529,-9.144968032836914,True
known,6251,1,automobile,1,automobile,0.9960344433784485,-8.45348834991455,True
known,6252,2,bird,2,bird,0.9996579885482788,-9.85350513458252,True
known,6253,5,dog,4,deer,0.4645487666130066,-4.565526962280273,False
known,6254,4,deer,4,deer,0.9988548755645752,-8.829527854919434,True
known,6255,6,frog,6,frog,0.9818769693374634,-7.6946282386779785,True
known,6256,9,truck,9,truck,0.9879343509674072,-7.159960746765137,True
known,6257,5,dog,3,cat,0.8633729815483093,-6.601874828338623,True
known,6258,0,airplane,0,airplane,0.999813973903656,-10.85007381439209,True
known,6259,5,dog,5,dog,0.9874047040939331,-8.170701026916504,True
known,6260,2,bird,2,bird,0.999924898147583,-11.049543380737305,True
known,6261,0,airplane,0,airplane,0.999686598777771,-10.210004806518555,True
known,6262,8,ship,8,ship,0.9995778203010559,-9.893046379089355,True
known,6263,2,bird,2,bird,0.9999191761016846,-10.712254524230957,True
known,6264,6,frog,6,frog,0.9994152784347534,-10.301288604736328,True
known,6265,4,deer,4,deer,0.9997487664222717,-9.689485549926758,True
known,6266,7,horse,7,horse,0.9998725652694702,-10.313283920288086,True
known,6267,9,truck,9,truck,0.9999963045120239,-13.765777587890625,True
known,6268,5,dog,5,dog,0.9999266862869263,-11.34945011138916,True
known,6269,7,horse,7,horse,0.999927282333374,-10.675114631652832,True
known,6270,2,bird,2,bird,0.9984068274497986,-10.73999309539795,True
known,6271,6,frog,2,bird,0.9502173662185669,-7.825778961181641,True
known,6272,2,bird,2,bird,0.9995867609977722,-10.165201187133789,True
known,6273,1,automobile,1,automobile,0.9990460276603699,-9.643017768859863,True
known,6274,9,truck,9,truck,0.9993582367897034,-8.72419261932373,True
known,6275,9,truck,9,truck,0.9996819496154785,-9.619513511657715,True
known,6276,7,horse,7,horse,0.9996122717857361,-10.087810516357422,True
known,6277,2,bird,2,bird,0.9989513158798218,-10.180098533630371,True
known,6278,5,dog,5,dog,0.9998879432678223,-11.368050575256348,True
known,6279,1,automobile,1,automobile,0.9993593096733093,-8.741942405700684,True
known,6280,8,ship,8,ship,0.99922776222229,-9.004328727722168,True
known,6281,1,automobile,1,automobile,0.9995904564857483,-9.033028602600098,True
known,6282,6,frog,6,frog,0.9999648332595825,-11.875835418701172,True
known,6283,3,cat,6,frog,0.901542603969574,-7.78977108001709,True
known,6284,0,airplane,0,airplane,0.999143123626709,-9.331107139587402,True
known,6285,8,ship,8,ship,0.999988317489624,-12.650078773498535,True
known,6286,8,ship,8,ship,0.9985405206680298,-8.072757720947266,True
known,6287,5,dog,5,dog,0.9982020854949951,-10.894463539123535,True
known,6288,6,frog,6,frog,0.9998189806938171,-10.689030647277832,True
known,6289,9,truck,9,truck,0.9993320107460022,-8.732987403869629,True
known,6290,9,truck,9,truck,0.9997292160987854,-10.244824409484863,True
known,6291,9,truck,9,truck,0.9997442364692688,-9.653051376342773,True
known,6292,6,frog,6,frog,0.9973483085632324,-9.645916938781738,True
known,6293,3,cat,3,cat,0.9986509680747986,-8.593594551086426,True
known,6294,0,airplane,0,airplane,0.9998416900634766,-11.373315811157227,True
known,6295,8,ship,8,ship,0.9996384382247925,-9.252572059631348,True
known,6296,8,ship,8,ship,0.9995020627975464,-9.539994239807129,True
known,6297,5,dog,5,dog,0.9999169111251831,-11.703980445861816,True
known,6298,3,cat,3,cat,0.9974538683891296,-8.676304817199707,True
known,6299,3,cat,3,cat,0.7871901392936707,-6.387442111968994,True
known,6300,1,automobile,1,automobile,0.9994142055511475,-8.947297096252441,True
known,6301,1,automobile,1,automobile,0.9999188184738159,-10.681315422058105,True
known,6302,0,airplane,0,airplane,0.9999948740005493,-13.363338470458984,True
known,6303,7,horse,7,horse,0.9945953488349915,-7.812943935394287,True
known,6304,0,airplane,0,airplane,0.9996293783187866,-9.690387725830078,True
known,6305,6,frog,6,frog,0.9926228523254395,-8.647366523742676,True
known,6306,0,airplane,0,airplane,0.9998729228973389,-10.425642013549805,True
known,6307,4,deer,4,deer,0.9997560381889343,-9.901495933532715,True
known,6308,4,deer,4,deer,0.9608935117721558,-7.807346343994141,True
known,6309,6,frog,6,frog,0.9996912479400635,-9.531386375427246,True
known,6310,5,dog,5,dog,0.9999749660491943,-11.616986274719238,True
known,6311,3,cat,3,cat,0.9992039799690247,-9.094982147216797,True
known,6312,2,bird,2,bird,0.9989020824432373,-8.805606842041016,True
known,6313,9,truck,9,truck,0.9998772144317627,-10.632597923278809,True
known,6314,6,frog,6,frog,0.9999028444290161,-10.625950813293457,True
known,6315,6,frog,6,frog,0.9998539686203003,-10.505854606628418,True
known,6316,7,horse,7,horse,0.9999561309814453,-11.638198852539062,True
known,6317,9,truck,9,truck,0.9994274377822876,-10.037259101867676,True
known,6318,7,horse,7,horse,0.9998687505722046,-10.18460464477539,True
known,6319,7,horse,7,horse,0.9999045133590698,-10.579560279846191,True
known,6320,0,airplane,0,airplane,0.9971747398376465,-8.396261215209961,True
known,6321,8,ship,8,ship,0.9996885061264038,-9.635164260864258,True
known,6322,4,deer,4,deer,0.999350368976593,-9.042025566101074,True
known,6323,2,bird,2,bird,0.9995406866073608,-9.37701416015625,True
known,6324,7,horse,7,horse,0.9998152852058411,-11.382963180541992,True
known,6325,7,horse,7,horse,0.9997069239616394,-9.365556716918945,True
known,6326,7,horse,7,horse,0.9961196184158325,-8.242647171020508,True
known,6327,4,deer,4,deer,0.9995774626731873,-9.682720184326172,True
known,6328,0,airplane,0,airplane,0.9998446702957153,-10.747407913208008,True
known,6329,1,automobile,1,automobile,0.9862000942230225,-7.3949127197265625,True
known,6330,6,frog,6,frog,0.999060332775116,-8.997233390808105,True
known,6331,0,airplane,0,airplane,0.9949206709861755,-9.371578216552734,True
known,6332,5,dog,5,dog,0.9994165897369385,-9.89102554321289,True
known,6333,3,cat,3,cat,0.9995518326759338,-8.981091499328613,True
known,6334,0,airplane,0,airplane,0.9762657284736633,-6.3004255294799805,True
known,6335,2,bird,2,bird,0.9998735189437866,-10.631580352783203,True
known,6336,4,deer,4,deer,0.9999178647994995,-10.770339012145996,True
known,6337,9,truck,9,truck,0.9957402944564819,-6.9958038330078125,True
known,6338,7,horse,7,horse,0.9984872341156006,-8.244881629943848,True
known,6339,3,cat,3,cat,0.9995725750923157,-11.170780181884766,True
known,6340,3,cat,3,cat,0.9980528354644775,-8.787439346313477,True
known,6341,2,bird,2,bird,0.999854326248169,-10.555920600891113,True
known,6342,8,ship,8,ship,0.9998378753662109,-10.296401023864746,True
known,6343,8,ship,8,ship,0.9999356269836426,-10.801426887512207,True
known,6344,5,dog,5,dog,0.9999165534973145,-11.424912452697754,True
known,6345,3,cat,3,cat,0.9985693693161011,-9.592264175415039,True
known,6346,8,ship,8,ship,0.999897837638855,-10.560179710388184,True
known,6347,0,airplane,0,airplane,0.9998248219490051,-10.342315673828125,True
known,6348,8,ship,8,ship,0.9996986389160156,-9.567028999328613,True
known,6349,0,airplane,2,bird,0.8347609639167786,-5.270159721374512,False
known,6350,0,airplane,0,airplane,0.9999523162841797,-11.497532844543457,True
known,6351,0,airplane,0,airplane,0.9987685084342957,-9.347196578979492,True
known,6352,2,bird,2,bird,0.9999561309814453,-11.591560363769531,True
known,6353,2,bird,2,bird,0.9401382207870483,-5.327571868896484,False
known,6354,7,horse,7,horse,0.9955249428749084,-7.736608982086182,True
known,6355,0,airplane,0,airplane,0.9999407529830933,-11.594040870666504,True
known,6356,7,horse,7,horse,0.9998108744621277,-9.854186058044434,True
known,6357,7,horse,7,horse,0.9993133544921875,-8.901102066040039,True
known,6358,7,horse,7,horse,0.9999667406082153,-12.316295623779297,True
known,6359,2,bird,2,bird,0.9986496567726135,-8.965632438659668,True
known,6360,2,bird,2,bird,0.9998939037322998,-10.953163146972656,True
known,6361,0,airplane,0,airplane,0.9982109069824219,-9.83839225769043,True
known,6362,4,deer,4,deer,0.9975928664207458,-7.769123077392578,True
known,6363,0,airplane,0,airplane,0.9999862909317017,-12.168846130371094,True
known,6364,3,cat,3,cat,0.9872625470161438,-6.865899085998535,True
known,6365,7,horse,7,horse,0.9993895292282104,-8.931716918945312,True
known,6366,8,ship,8,ship,0.9998149275779724,-10.098359107971191,True
known,6367,4,deer,4,deer,0.9996459484100342,-9.966056823730469,True
known,6368,7,horse,7,horse,0.9999514818191528,-11.292072296142578,True
known,6369,9,truck,9,truck,0.996122419834137,-7.665849685668945,True
known,6370,6,frog,6,frog,0.9935245513916016,-7.468677520751953,True
known,6371,1,automobile,1,automobile,0.9564039707183838,-6.291522979736328,True
known,6372,1,automobile,1,automobile,0.9992961883544922,-8.569275856018066,True
known,6373,6,frog,6,frog,0.996885359287262,-7.778876304626465,True
known,6374,9,truck,9,truck,0.9999796152114868,-12.258130073547363,True
known,6375,3,cat,3,cat,0.9951840043067932,-9.709298133850098,True
known,6376,8,ship,8,ship,0.9999648332595825,-11.438870429992676,True
known,6377,9,truck,9,truck,0.9998539686203003,-10.550065040588379,True
known,6378,5,dog,5,dog,0.9758667349815369,-6.646164417266846,True
known,6379,8,ship,8,ship,0.9998536109924316,-11.045761108398438,True
known,6380,3,cat,3,cat,0.9998630285263062,-10.842070579528809,True
known,6381,9,truck,1,automobile,0.5083833932876587,-5.865981101989746,False
known,6382,4,deer,4,deer,0.999276340007782,-11.340208053588867,True
known,6383,3,cat,3,cat,0.9939000606536865,-8.559063911437988,True
known,6384,7,horse,7,horse,0.9996261596679688,-9.815479278564453,True
known,6385,5,dog,5,dog,0.9996252059936523,-11.837837219238281,True
known,6386,5,dog,5,dog,0.987514078617096,-6.862527847290039,True
known,6387,2,bird,2,bird,0.999913215637207,-12.241610527038574,True
known,6388,7,horse,7,horse,0.9901145696640015,-8.468379974365234,True
known,6389,5,dog,5,dog,0.9999481439590454,-12.711955070495605,True
known,6390,7,horse,7,horse,0.9993128776550293,-8.688538551330566,True
known,6391,9,truck,9,truck,0.927973210811615,-6.5911865234375,True
known,6392,6,frog,6,frog,0.9998800754547119,-10.503528594970703,True
known,6393,3,cat,3,cat,0.5875537991523743,-5.397838115692139,False
known,6394,0,airplane,0,airplane,0.9926006197929382,-8.344067573547363,True
known,6395,8,ship,8,ship,0.9997925162315369,-9.788475036621094,True
known,6396,4,deer,4,deer,0.9993353486061096,-9.556743621826172,True
known,6397,5,dog,5,dog,0.9999109506607056,-12.385193824768066,True
known,6398,6,frog,6,frog,0.9925734996795654,-8.389998435974121,True
known,6399,1,automobile,1,automobile,0.9987404942512512,-8.252934455871582,True
known,6400,0,airplane,0,airplane,0.9973872303962708,-8.75806999206543,True
known,6401,4,deer,3,cat,0.37724965810775757,-3.498270273208618,False
known,6402,8,ship,8,ship,0.9999711513519287,-11.74917984008789,True
known,6403,4,deer,4,deer,0.9997567534446716,-9.626604080200195,True
known,6404,7,horse,7,horse,0.9999178647994995,-10.794305801391602,True
known,6405,1,automobile,1,automobile,0.9728261828422546,-8.575090408325195,True
known,6406,3,cat,3,cat,0.9997672438621521,-10.955465316772461,True
known,6407,2,bird,2,bird,0.999760091304779,-9.96527099609375,True
known,6408,0,airplane,0,airplane,0.9998668432235718,-10.588905334472656,True
known,6409,9,truck,9,truck,0.999640703201294,-10.375397682189941,True
known,6410,1,automobile,1,automobile,0.9996964931488037,-9.37375259399414,True
known,6411,8,ship,8,ship,0.9997919201850891,-10.374812126159668,True
known,6412,8,ship,9,truck,0.9910682439804077,-8.68911075592041,True
known,6413,6,frog,6,frog,0.9981947541236877,-7.749679088592529,True
known,6414,8,ship,8,ship,0.9986844658851624,-8.439765930175781,True
known,6415,1,automobile,1,automobile,0.9991070628166199,-9.344647407531738,True
known,6416,7,horse,7,horse,0.999165415763855,-8.692687034606934,True
known,6417,1,automobile,1,automobile,0.9906454086303711,-7.229099273681641,True
known,6418,0,airplane,0,airplane,0.999991774559021,-12.805985450744629,True
known,6419,9,truck,8,ship,0.9370378255844116,-7.114663600921631,True
known,6420,7,horse,7,horse,0.9998440742492676,-10.20203971862793,True
known,6421,6,frog,6,frog,0.9996927976608276,-9.946187973022461,True
known,6422,4,deer,4,deer,0.9968010187149048,-9.17767333984375,True
known,6423,5,dog,5,dog,0.9466136693954468,-7.883173942565918,True
known,6424,8,ship,8,ship,0.9995077848434448,-9.91806411743164,True
known,6425,2,bird,2,bird,0.9997826218605042,-9.777514457702637,True
known,6426,1,automobile,1,automobile,0.9995818734169006,-9.38500690460205,True
known,6427,2,bird,2,bird,0.9997239708900452,-9.807378768920898,True
known,6428,5,dog,5,dog,0.9821532368659973,-8.746143341064453,True
known,6429,8,ship,8,ship,0.9931315779685974,-7.542984962463379,True
known,6430,1,automobile,1,automobile,0.9995666146278381,-9.057312965393066,True
known,6431,1,automobile,1,automobile,0.9990703463554382,-8.666626930236816,True
known,6432,8,ship,8,ship,0.9993388056755066,-9.784615516662598,True
known,6433,8,ship,8,ship,0.9951075315475464,-7.460665225982666,True
known,6434,0,airplane,0,airplane,0.9996370077133179,-10.000860214233398,True
known,6435,9,truck,9,truck,0.9999141693115234,-10.888312339782715,True
known,6436,0,airplane,0,airplane,0.9310705065727234,-6.820234775543213,True
known,6437,0,airplane,0,airplane,0.9946033358573914,-8.260433197021484,True
known,6438,4,deer,4,deer,0.9752362966537476,-7.426380157470703,True
known,6439,3,cat,3,cat,0.9953813552856445,-11.753961563110352,True
known,6440,3,cat,3,cat,0.9217476844787598,-7.050649166107178,True
known,6441,5,dog,5,dog,0.9985164999961853,-8.247865676879883,True
known,6442,6,frog,6,frog,0.9993690848350525,-9.076358795166016,True
known,6443,6,frog,6,frog,0.4235873520374298,-3.7183916568756104,False
known,6444,3,cat,3,cat,0.7942200899124146,-7.369115829467773,True
known,6445,1,automobile,1,automobile,0.9996240139007568,-9.95118236541748,True
known,6446,4,deer,4,deer,0.9934258460998535,-8.23039722442627,True
known,6447,4,deer,4,deer,0.9999736547470093,-12.29154109954834,True
known,6448,7,horse,7,horse,0.9998217225074768,-10.901214599609375,True
known,6449,8,ship,8,ship,0.9996871948242188,-10.041655540466309,True
known,6450,0,airplane,0,airplane,0.9995166063308716,-10.590596199035645,True
known,6451,1,automobile,1,automobile,0.9996833801269531,-9.41395092010498,True
known,6452,4,deer,4,deer,0.9857433438301086,-6.936169624328613,True
known,6453,8,ship,8,ship,0.9933120608329773,-7.463201999664307,True
known,6454,4,deer,4,deer,0.9955667853355408,-10.421294212341309,True
known,6455,6,frog,6,frog,0.9996364116668701,-9.809929847717285,True
known,6456,2,bird,2,bird,0.998163640499115,-9.412158012390137,True
known,6457,2,bird,2,bird,0.9995580315589905,-9.271613121032715,True
known,6458,2,bird,2,bird,0.9998766183853149,-10.5982027053833,True
known,6459,6,frog,6,frog,0.999617338180542,-9.172094345092773,True
known,6460,3,cat,3,cat,0.9999517202377319,-12.714667320251465,True
known,6461,4,deer,4,deer,0.9999420642852783,-11.482285499572754,True
known,6462,0,airplane,0,airplane,0.9999315738677979,-10.907737731933594,True
known,6463,8,ship,8,ship,0.9987710118293762,-9.97436809539795,True
known,6464,1,automobile,1,automobile,0.9995855689048767,-9.885422706604004,True
known,6465,3,cat,3,cat,0.9997707009315491,-10.484668731689453,True
known,6466,8,ship,8,ship,0.9998249411582947,-10.598000526428223,True
known,6467,3,cat,3,cat,0.9906919598579407,-6.8437347412109375,True
known,6468,8,ship,8,ship,0.9999418258666992,-11.211783409118652,True
known,6469,9,truck,9,truck,0.9873095154762268,-7.349828720092773,True
known,6470,1,automobile,1,automobile,0.9951562881469727,-8.053647994995117,True
known,6471,6,frog,6,frog,0.999913215637207,-11.169901847839355,True
known,6472,1,automobile,1,automobile,0.9939374923706055,-6.847848892211914,True
known,6473,9,truck,9,truck,0.9164016842842102,-4.818276405334473,False
known,6474,8,ship,8,ship,0.9997833371162415,-9.729257583618164,True
known,6475,2,bird,2,bird,0.9999651908874512,-11.400303840637207,True
known,6476,0,airplane,0,airplane,0.9997681975364685,-10.52408218383789,True
known,6477,4,deer,4,deer,0.998895525932312,-10.115422248840332,True
known,6478,7,horse,7,horse,0.9997550845146179,-10.194622039794922,True
known,6479,4,deer,4,deer,0.9999896287918091,-12.695327758789062,True
known,6480,0,airplane,0,airplane,0.9990423321723938,-9.184952735900879,True
known,6481,0,airplane,0,airplane,0.9407519698143005,-6.0591912269592285,False
known,6482,7,horse,7,horse,0.9988075494766235,-8.732558250427246,True
known,6483,6,frog,6,frog,0.9997197985649109,-9.665128707885742,True
known,6484,8,ship,8,ship,0.9999598264694214,-11.400303840637207,True
known,6485,9,truck,9,truck,0.9998992681503296,-10.317436218261719,True
known,6486,8,ship,8,ship,0.9141262173652649,-5.827423095703125,False
known,6487,6,frog,6,frog,0.9999507665634155,-11.15588665008545,True
known,6488,2,bird,2,bird,0.9981229901313782,-8.007568359375,True
known,6489,8,ship,8,ship,0.9999265670776367,-10.85416316986084,True
known,6490,8,ship,8,ship,0.9989079236984253,-9.636221885681152,True
known,6491,0,airplane,0,airplane,0.9999269247055054,-12.881372451782227,True
known,6492,1,automobile,1,automobile,0.9997872710227966,-10.9356050491333,True
known,6493,1,automobile,1,automobile,0.999607503414154,-9.963189125061035,True
known,6494,0,airplane,0,airplane,0.9984523057937622,-8.376374244689941,True
known,6495,7,horse,7,horse,0.9999157190322876,-10.566981315612793,True
known,6496,7,horse,7,horse,0.882667064666748,-6.113680839538574,False
known,6497,4,deer,2,bird,0.8406941294670105,-5.790793418884277,False
known,6498,4,deer,4,deer,0.9994298815727234,-9.961565971374512,True
known,6499,7,horse,7,horse,0.9980155229568481,-10.457345962524414,True
known,6500,7,horse,7,horse,0.9993657469749451,-9.202651977539062,True
known,6501,2,bird,2,bird,0.9994242191314697,-9.456296920776367,True
known,6502,6,frog,6,frog,0.9998137354850769,-10.487723350524902,True
known,6503,6,frog,6,frog,0.9997434020042419,-9.592192649841309,True
known,6504,7,horse,7,horse,0.9994232654571533,-9.592832565307617,True
known,6505,4,deer,4,deer,0.9846146702766418,-6.4441938400268555,True
known,6506,5,dog,5,dog,0.9996576309204102,-12.015165328979492,True
known,6507,4,deer,4,deer,0.9915408492088318,-7.8743181228637695,True
known,6508,0,airplane,0,airplane,0.99820876121521,-8.339775085449219,True
known,6509,9,truck,9,truck,0.9992458820343018,-8.737987518310547,True
known,6510,4,deer,4,deer,0.9999669790267944,-11.9356107711792,True
known,6511,7,horse,7,horse,0.9997381567955017,-9.521793365478516,True
known,6512,2,bird,2,bird,0.9999231100082397,-10.807044982910156,True
known,6513,5,dog,5,dog,0.9672175049781799,-8.681530952453613,True
known,6514,3,cat,3,cat,0.8310765027999878,-7.180604457855225,True
known,6515,2,bird,2,bird,0.997847318649292,-8.627335548400879,True
known,6516,2,bird,2,bird,0.9987605810165405,-8.316330909729004,True
known,6517,7,horse,7,horse,0.9989558458328247,-9.19776725769043,True
known,6518,6,frog,6,frog,0.9996210336685181,-9.191267967224121,True
known,6519,2,bird,2,bird,0.9995896220207214,-10.452981948852539,True
known,6520,6,frog,6,frog,0.9986475110054016,-8.55376148223877,True
known,6521,4,deer,4,deer,0.9999303817749023,-10.754327774047852,True
known,6522,9,truck,9,truck,0.8604816794395447,-6.8198957443237305,True
known,6523,6,frog,6,frog,0.9997944235801697,-11.195286750793457,True
known,6524,8,ship,8,ship,0.9996503591537476,-9.351420402526855,True
known,6525,3,cat,3,cat,0.9978684186935425,-8.956759452819824,True
known,6526,8,ship,8,ship,0.9998410940170288,-11.07357406616211,True
known,6527,5,dog,5,dog,0.9992461204528809,-8.963525772094727,True
known,6528,5,dog,5,dog,0.9995537400245667,-10.010334968566895,True
known,6529,2,bird,2,bird,0.9997122883796692,-10.81108283996582,True
known,6530,3,cat,3,cat,0.9991410970687866,-9.76185131072998,True
known,6531,4,deer,4,deer,0.9959439635276794,-9.257140159606934,True
known,6532,5,dog,7,horse,0.6703895330429077,-6.634215831756592,True
known,6533,2,bird,2,bird,0.9827628135681152,-7.023789882659912,True
known,6534,7,horse,7,horse,0.9997808337211609,-9.646148681640625,True
known,6535,5,dog,5,dog,0.809415340423584,-6.882967472076416,True
known,6536,1,automobile,1,automobile,0.9998751878738403,-10.84755802154541,True
known,6537,5,dog,5,dog,0.9999655485153198,-11.666942596435547,True
known,6538,3,cat,3,cat,0.949493408203125,-7.218996524810791,True
known,6539,7,horse,7,horse,0.9989633560180664,-8.360416412353516,True
known,6540,8,ship,8,ship,0.9999675750732422,-11.499180793762207,True
known,6541,8,ship,8,ship,0.9992413520812988,-9.861870765686035,True
known,6542,9,truck,9,truck,0.9997876286506653,-9.910979270935059,True
known,6543,6,frog,6,frog,0.9880496859550476,-7.157595634460449,True
known,6544,0,airplane,0,airplane,0.997027575969696,-8.305316925048828,True
known,6545,9,truck,9,truck,0.46668440103530884,-4.902885437011719,False
known,6546,2,bird,2,bird,0.9999368190765381,-11.115233421325684,True
known,6547,6,frog,6,frog,0.9998155236244202,-10.130166053771973,True
known,6548,0,airplane,0,airplane,0.9997088313102722,-9.776485443115234,True
known,6549,0,airplane,0,airplane,0.9843066930770874,-6.957071304321289,True
known,6550,1,automobile,1,automobile,0.9995145797729492,-8.898751258850098,True
known,6551,4,deer,4,deer,0.9994887113571167,-9.478323936462402,True
known,6552,1,automobile,1,automobile,0.9998617172241211,-10.478388786315918,True
known,6553,3,cat,3,cat,0.999744713306427,-10.948819160461426,True
known,6554,5,dog,5,dog,0.9999140501022339,-11.90733528137207,True
known,6555,1,automobile,1,automobile,0.9973432421684265,-7.417113780975342,True
known,6556,8,ship,8,ship,0.981956958770752,-6.469384670257568,True
known,6557,9,truck,9,truck,0.999941349029541,-10.994668006896973,True
known,6558,6,frog,6,frog,0.9998058676719666,-9.98333740234375,True
known,6559,2,bird,4,deer,0.9464392066001892,-7.992007255554199,True
known,6560,6,frog,6,frog,0.9979358911514282,-8.921059608459473,True
known,6561,9,truck,9,truck,0.999235987663269,-9.15048885345459,True
known,6562,5,dog,5,dog,0.9843693971633911,-7.241616725921631,True
known,6563,6,frog,6,frog,0.9995067119598389,-9.08346176147461,True
known,6564,5,dog,5,dog,0.9996739625930786,-9.861310005187988,True
known,6565,9,truck,9,truck,0.9996533393859863,-9.57512378692627,True
known,6566,1,automobile,1,automobile,0.999724805355072,-10.20528507232666,True
known,6567,4,deer,4,deer,0.9999514818191528,-11.21748161315918,True
known,6568,2,bird,2,bird,0.9995362758636475,-9.67544174194336,True
known,6569,8,ship,8,ship,0.7351629734039307,-5.309237957000732,False
known,6570,9,truck,9,truck,0.9997105002403259,-9.436198234558105,True
known,6571,5,dog,5,dog,0.9999954700469971,-14.132596015930176,True
known,6572,4,deer,4,deer,0.9997078776359558,-9.385685920715332,True
known,6573,7,horse,7,horse,0.9999798536300659,-12.114561080932617,True
known,6574,0,airplane,0,airplane,0.9691099524497986,-6.595917224884033,True
known,6575,3,cat,3,cat,0.9996297359466553,-9.208600044250488,True
known,6576,7,horse,7,horse,0.9998577833175659,-11.007951736450195,True
known,6577,1,automobile,1,automobile,0.9996103644371033,-9.34138011932373,True
known,6578,6,frog,6,frog,0.9996627569198608,-9.631721496582031,True
known,6579,9,truck,9,truck,0.9997783303260803,-9.810099601745605,True
known,6580,1,automobile,1,automobile,0.9987824559211731,-9.72204875946045,True
known,6581,1,automobile,1,automobile,0.9991907477378845,-11.048100471496582,True
known,6582,4,deer,4,deer,0.9993159770965576,-8.996683120727539,True
known,6583,0,airplane,0,airplane,0.9988240599632263,-8.834999084472656,True
known,6584,5,dog,5,dog,0.9938276410102844,-9.233747482299805,True
known,6585,1,automobile,1,automobile,0.9997870326042175,-9.73902416229248,True
known,6586,6,frog,6,frog,0.999752938747406,-10.042034149169922,True
known,6587,3,cat,3,cat,0.999951958656311,-12.501662254333496,True
known,6588,0,airplane,0,airplane,0.935318648815155,-6.894785404205322,True
known,6589,2,bird,2,bird,0.9999580383300781,-11.880303382873535,True
known,6590,5,dog,3,cat,0.8950865864753723,-7.427278995513916,True
known,6591,5,dog,5,dog,0.9994370341300964,-10.889348030090332,True
known,6592,5,dog,5,dog,0.9995635151863098,-9.133902549743652,True
known,6593,2,bird,2,bird,0.9981112480163574,-9.401199340820312,True
known,6594,8,ship,8,ship,0.9981911778450012,-8.584230422973633,True
known,6595,2,bird,2,bird,0.9999008178710938,-10.70397663116455,True
known,6596,3,cat,3,cat,0.9632100462913513,-8.258825302124023,True
known,6597,1,automobile,1,automobile,0.9998514652252197,-10.381217002868652,True
known,6598,6,frog,6,frog,0.9932884573936462,-7.314135551452637,True
known,6599,2,bird,2,bird,0.9996077418327332,-10.639162063598633,True
known,6600,7,horse,7,horse,0.9992660880088806,-9.072626113891602,True
known,6601,0,airplane,0,airplane,0.9998455047607422,-10.515742301940918,True
known,6602,8,ship,8,ship,0.9998902082443237,-10.693700790405273,True
known,6603,9,truck,9,truck,0.9996935129165649,-9.378584861755371,True
known,6604,2,bird,2,bird,0.9999237060546875,-10.838533401489258,True
known,6605,6,frog,6,frog,0.998089611530304,-8.967808723449707,True
known,6606,4,deer,4,deer,0.999812662601471,-10.175869941711426,True
known,6607,7,horse,7,horse,0.9974451065063477,-7.604582786560059,True
known,6608,5,dog,5,dog,0.9991957545280457,-10.07322883605957,True
known,6609,5,dog,5,dog,0.9999526739120483,-11.655318260192871,True
known,6610,8,ship,8,ship,0.9997114539146423,-10.651506423950195,True
known,6611,8,ship,8,ship,0.9999561309814453,-11.88376522064209,True
known,6612,7,horse,7,horse,0.9998761415481567,-10.206035614013672,True
known,6613,8,ship,8,ship,0.9995785355567932,-9.987203598022461,True
known,6614,5,dog,5,dog,0.9994246959686279,-9.987983703613281,True
known,6615,7,horse,7,horse,0.9996121525764465,-9.753924369812012,True
known,6616,4,deer,4,deer,0.9984163045883179,-8.710066795349121,True
known,6617,4,deer,4,deer,0.9998888969421387,-10.420870780944824,True
known,6618,0,airplane,0,airplane,0.9998169541358948,-10.076963424682617,True
known,6619,0,airplane,0,airplane,0.9998987913131714,-10.775186538696289,True
known,6620,7,horse,7,horse,0.9999643564224243,-12.218515396118164,True
known,6621,0,airplane,0,airplane,0.99998939037323,-12.395210266113281,True
known,6622,4,deer,4,deer,0.9995701909065247,-9.522226333618164,True
known,6623,0,airplane,0,airplane,0.99973064661026,-9.853395462036133,True
known,6624,4,deer,4,deer,0.9992548823356628,-9.359284400939941,True
known,6625,4,deer,4,deer,0.9999328851699829,-11.076693534851074,True
known,6626,2,bird,2,bird,0.9997157454490662,-9.738408088684082,True
known,6627,5,dog,3,cat,0.6020949482917786,-6.716001987457275,True
known,6628,4,deer,4,deer,0.9995416402816772,-9.377591133117676,True
known,6629,0,airplane,0,airplane,0.999874472618103,-10.732461929321289,True
known,6630,7,horse,7,horse,0.9983123540878296,-8.082571029663086,True
known,6631,7,horse,0,airplane,0.9746400713920593,-6.317584037780762,True
known,6632,7,horse,7,horse,0.999066174030304,-8.622699737548828,True
known,6633,0,airplane,0,airplane,0.9999008178710938,-10.601564407348633,True
known,6634,4,deer,4,deer,0.9751281142234802,-6.535083293914795,True
known,6635,6,frog,6,frog,0.9993602633476257,-9.582558631896973,True
known,6636,2,bird,2,bird,0.9979152083396912,-8.196130752563477,True
known,6637,9,truck,9,truck,0.9886051416397095,-7.0882720947265625,True
known,6638,1,automobile,1,automobile,0.998362123966217,-7.94796085357666,True
known,6639,1,automobile,1,automobile,0.9991154074668884,-8.415462493896484,True
known,6640,5,dog,5,dog,0.843839168548584,-7.866385459899902,True
known,6641,0,airplane,0,airplane,0.9991118311882019,-8.636402130126953,True
known,6642,9,truck,9,truck,0.9998564720153809,-10.307672500610352,True
known,6643,1,automobile,1,automobile,0.9997137188911438,-9.890355110168457,True
known,6644,0,airplane,0,airplane,0.9995296001434326,-9.29680061340332,True
known,6645,6,frog,6,frog,0.9993440508842468,-8.980902671813965,True
known,6646,5,dog,5,dog,0.9368339776992798,-7.428214073181152,True
known,6647,3,cat,3,cat,0.9694623947143555,-7.744270324707031,True
known,6648,0,airplane,0,airplane,0.9999226331710815,-11.034664154052734,True
known,6649,9,truck,9,truck,0.9993093013763428,-8.877837181091309,True
known,6650,0,airplane,0,airplane,0.999935507774353,-11.31042766571045,True
known,6651,6,frog,6,frog,0.9999688863754272,-11.914721488952637,True
known,6652,2,bird,2,bird,0.9995627999305725,-10.304844856262207,True
known,6653,0,airplane,2,bird,0.9811120629310608,-7.02194356918335,True
known,6654,4,deer,4,deer,0.9981076717376709,-8.889559745788574,True
known,6655,1,automobile,1,automobile,0.9995397329330444,-10.400599479675293,True
known,6656,6,frog,3,cat,0.80057293176651,-6.1831889152526855,False
known,6657,7,horse,7,horse,0.9999165534973145,-10.70554256439209,True
known,6658,6,frog,6,frog,0.9997310042381287,-9.667387962341309,True
known,6659,1,automobile,1,automobile,0.9998822212219238,-10.42940902709961,True
known,6660,0,airplane,0,airplane,0.9999537467956543,-11.320079803466797,True
known,6661,4,deer,4,deer,0.9995657801628113,-10.781975746154785,True
known,6662,6,frog,6,frog,0.9997256398200989,-10.209702491760254,True
known,6663,0,airplane,0,airplane,0.9999369382858276,-10.954150199890137,True
known,6664,4,deer,4,deer,0.9999644756317139,-11.778850555419922,True
known,6665,4,deer,4,deer,0.999846339225769,-10.291049003601074,True
known,6666,2,bird,2,bird,0.9993184804916382,-10.254942893981934,True
known,6667,7,horse,7,horse,0.9973456263542175,-9.590152740478516,True
known,6668,6,frog,6,frog,0.9992913007736206,-8.770272254943848,True
known,6669,5,dog,4,deer,0.9885285496711731,-7.930585861206055,True
known,6670,3,cat,3,cat,0.9747759699821472,-7.498788833618164,True
known,6671,5,dog,5,dog,0.9882974028587341,-10.995951652526855,True
known,6672,9,truck,9,truck,0.999541163444519,-9.375398635864258,True
known,6673,4,deer,4,deer,0.9991012811660767,-10.962789535522461,True
known,6674,5,dog,5,dog,0.9998169541358948,-9.97973918914795,True
known,6675,2,bird,2,bird,0.9999470710754395,-11.308592796325684,True
known,6676,0,airplane,0,airplane,0.999904990196228,-11.174192428588867,True
known,6677,5,dog,5,dog,0.9965957999229431,-8.206992149353027,True
known,6678,7,horse,7,horse,0.9987164735794067,-9.642629623413086,True
known,6679,2,bird,2,bird,0.9999518394470215,-11.864934921264648,True
known,6680,3,cat,3,cat,0.9997666478157043,-12.595450401306152,True
known,6681,9,truck,9,truck,0.9990710020065308,-9.508728981018066,True
known,6682,4,deer,4,deer,0.9998065829277039,-10.086546897888184,True
known,6683,5,dog,5,dog,0.999783456325531,-11.202811241149902,True
known,6684,8,ship,8,ship,0.9999121427536011,-11.157078742980957,True
known,6685,1,automobile,1,automobile,0.9996030926704407,-9.866338729858398,True
known,6686,9,truck,9,truck,0.9998832941055298,-10.674723625183105,True
known,6687,3,cat,3,cat,0.9950344562530518,-7.034529209136963,True
known,6688,1,automobile,1,automobile,0.9967285394668579,-8.327289581298828,True
known,6689,8,ship,8,ship,0.9975167512893677,-7.428500175476074,True
known,6690,5,dog,5,dog,0.9996738433837891,-10.097443580627441,True
known,6691,8,ship,8,ship,0.9996845722198486,-9.817834854125977,True
known,6692,6,frog,6,frog,0.9998095631599426,-10.030447006225586,True
known,6693,6,frog,6,frog,0.9998648166656494,-10.434130668640137,True
known,6694,3,cat,3,cat,0.9981516003608704,-8.15403938293457,True
known,6695,4,deer,4,deer,0.9999358654022217,-11.022604942321777,True
known,6696,0,airplane,0,airplane,0.9999339580535889,-11.264348983764648,True
known,6697,2,bird,3,cat,0.541526198387146,-4.778625011444092,False
known,6698,3,cat,3,cat,0.9997813105583191,-10.074915885925293,True
known,6699,2,bird,2,bird,0.9996781349182129,-9.550679206848145,True
known,6700,6,frog,6,frog,0.9990099668502808,-8.569727897644043,True
known,6701,1,automobile,1,automobile,0.9998829364776611,-10.16032886505127,True
known,6702,8,ship,8,ship,0.9998098015785217,-9.943516731262207,True
known,6703,2,bird,2,bird,0.9997934699058533,-10.695063591003418,True
known,6704,1,automobile,1,automobile,0.9995571970939636,-9.207100868225098,True
known,6705,3,cat,3,cat,0.5355703830718994,-6.278816223144531,True
known,6706,6,frog,6,frog,0.9964110255241394,-7.968217372894287,True
known,6707,2,bird,2,bird,0.9999692440032959,-12.28724479675293,True
known,6708,2,bird,2,bird,0.9999374151229858,-11.254581451416016,True
known,6709,3,cat,3,cat,0.6897866725921631,-7.612417697906494,True
known,6710,3,cat,3,cat,0.9992874264717102,-8.922506332397461,True
known,6711,5,dog,5,dog,0.9988349080085754,-8.446982383728027,True
known,6712,0,airplane,0,airplane,0.9997844099998474,-10.878190994262695,True
known,6713,2,bird,2,bird,0.9991539716720581,-9.534916877746582,True
known,6714,1,automobile,1,automobile,0.999776303768158,-9.695906639099121,True
known,6715,2,bird,2,bird,0.9646649956703186,-7.2296037673950195,True
known,6716,8,ship,8,ship,0.9998787641525269,-10.301137924194336,True
known,6717,0,airplane,0,airplane,0.9992307424545288,-9.165837287902832,True
known,6718,8,ship,8,ship,0.9999239444732666,-10.83509349822998,True
known,6719,2,bird,2,bird,0.9965259432792664,-8.210952758789062,True
known,6720,2,bird,2,bird,0.9997414946556091,-11.21068000793457,True
known,6721,7,horse,7,horse,0.999955415725708,-11.943221092224121,True
known,6722,3,cat,3,cat,0.9948491454124451,-10.022974967956543,True
known,6723,5,dog,5,dog,0.9999833106994629,-13.438281059265137,True
known,6724,9,truck,9,truck,0.9996510744094849,-9.605448722839355,True
known,6725,8,ship,8,ship,0.9999688863754272,-11.626684188842773,True
known,6726,3,cat,3,cat,0.9987185001373291,-10.568156242370605,True
known,6727,6,frog,6,frog,0.9968858361244202,-8.217291831970215,True
known,6728,1,automobile,1,automobile,0.9996077418327332,-9.127781867980957,True
known,6729,0,airplane,0,airplane,0.9980857372283936,-8.373208045959473,True
known,6730,8,ship,8,ship,0.9896253943443298,-6.866856098175049,True
known,6731,6,frog,6,frog,0.9992135763168335,-8.8320951461792,True
known,6732,3,cat,3,cat,0.9367886781692505,-6.53326416015625,True
known,6733,5,dog,5,dog,0.9999626874923706,-11.623124122619629,True
known,6734,8,ship,8,ship,0.999974250793457,-11.740530967712402,True
known,6735,9,truck,9,truck,0.9961439371109009,-8.637096405029297,True
known,6736,4,deer,4,deer,0.9998149275779724,-10.919392585754395,True
known,6737,8,ship,8,ship,0.9998039603233337,-10.262552261352539,True
known,6738,0,airplane,0,airplane,0.9982136487960815,-9.881072998046875,True
known,6739,0,airplane,0,airplane,0.999843955039978,-10.295848846435547,True
known,6740,2,bird,2,bird,0.9997795224189758,-9.886422157287598,True
known,6741,9,truck,0,airplane,0.9927090406417847,-8.348362922668457,True
known,6742,1,automobile,1,automobile,0.9986888766288757,-8.242366790771484,True
known,6743,8,ship,8,ship,0.9992200136184692,-8.763521194458008,True
known,6744,3,cat,3,cat,0.9999876022338867,-12.420380592346191,True
known,6745,7,horse,7,horse,0.9998161196708679,-10.290605545043945,True
known,6746,2,bird,2,bird,0.9991676807403564,-9.518396377563477,True
known,6747,8,ship,8,ship,0.9999334812164307,-10.975910186767578,True
known,6748,0,airplane,6,frog,0.5558852553367615,-3.763413190841675,False
known,6749,9,truck,9,truck,0.9992520213127136,-8.941451072692871,True
known,6750,4,deer,3,cat,0.6524947881698608,-5.97091007232666,False
known,6751,8,ship,8,ship,0.9999245405197144,-10.945652961730957,True
known,6752,9,truck,9,truck,0.9983878135681152,-9.31537914276123,True
known,6753,4,deer,2,bird,0.5943014025688171,-5.2148566246032715,False
known,6754,8,ship,8,ship,0.9991580247879028,-9.195013046264648,True
known,6755,9,truck,9,truck,0.999755322933197,-9.729507446289062,True
known,6756,5,dog,5,dog,0.9917272329330444,-8.142616271972656,True
known,6757,4,deer,4,deer,0.9998371601104736,-9.985150337219238,True
known,6758,8,ship,8,ship,0.999922513961792,-10.907432556152344,True
known,6759,1,automobile,1,automobile,0.8602200746536255,-5.987215995788574,False
known,6760,5,dog,5,dog,0.9998261332511902,-9.991471290588379,True
known,6761,5,dog,5,dog,0.9990243911743164,-9.134872436523438,True
known,6762,7,horse,7,horse,0.9995338916778564,-9.230722427368164,True
known,6763,2,bird,2,bird,0.9999213218688965,-10.983112335205078,True
known,6764,5,dog,5,dog,0.9963108897209167,-8.0569429397583,True
known,6765,8,ship,8,ship,0.9969051480293274,-9.395377159118652,True
known,6766,8,ship,8,ship,0.9998255372047424,-9.996872901916504,True
known,6767,1,automobile,1,automobile,0.9997227787971497,-9.498359680175781,True
known,6768,2,bird,2,bird,0.9996628761291504,-10.289140701293945,True
known,6769,3,cat,3,cat,0.9789186120033264,-6.679945468902588,True
known,6770,1,automobile,1,automobile,0.999476969242096,-9.14734935760498,True
known,6771,5,dog,5,dog,0.995690643787384,-11.086007118225098,True
known,6772,0,airplane,0,airplane,0.9999719858169556,-12.20266342163086,True
known,6773,2,bird,2,bird,0.9997492432594299,-9.970181465148926,True
known,6774,3,cat,2,bird,0.8258908987045288,-6.178467750549316,False
known,6775,0,airplane,0,airplane,0.9996240139007568,-10.111949920654297,True
known,6776,8,ship,8,ship,0.9999465942382812,-11.31066608428955,True
known,6777,2,bird,2,bird,0.9999408721923828,-11.856646537780762,True
known,6778,2,bird,2,bird,0.9940324425697327,-8.533794403076172,True
known,6779,8,ship,8,ship,0.9992178678512573,-9.647801399230957,True
known,6780,7,horse,7,horse,0.9997531771659851,-9.564096450805664,True
known,6781,3,cat,3,cat,0.9977363348007202,-9.741673469543457,True
known,6782,5,dog,5,dog,0.9906912446022034,-7.277841091156006,True
known,6783,3,cat,3,cat,0.629540205001831,-5.348944187164307,False
known,6784,9,truck,9,truck,0.9994789958000183,-8.980896949768066,True
known,6785,6,frog,6,frog,0.9980871677398682,-8.39317798614502,True
known,6786,3,cat,2,bird,0.9576070308685303,-7.366489410400391,True
known,6787,5,dog,5,dog,0.9994580149650574,-9.811041831970215,True
known,6788,1,automobile,1,automobile,0.9998058676719666,-9.94422435760498,True
known,6789,1,automobile,1,automobile,0.9985331296920776,-8.025883674621582,True
known,6790,7,horse,7,horse,0.9962452054023743,-8.783712387084961,True
known,6791,7,horse,7,horse,0.9996224641799927,-9.185067176818848,True
known,6792,3,cat,9,truck,0.9601907134056091,-5.309422969818115,False
known,6793,3,cat,3,cat,0.9901886582374573,-9.249189376831055,True
known,6794,8,ship,8,ship,0.9999237060546875,-11.18262767791748,True
known,6795,9,truck,9,truck,0.7153115272521973,-5.064231872558594,False
known,6796,6,frog,6,frog,0.9970566034317017,-8.315155029296875,True
known,6797,0,airplane,0,airplane,0.9999353885650635,-10.882918357849121,True
known,6798,8,ship,8,ship,0.9999228715896606,-10.606074333190918,True
known,6799,0,airplane,0,airplane,0.9950537085533142,-8.249048233032227,True
known,6800,6,frog,6,frog,0.9995248317718506,-9.915120124816895,True
known,6801,6,frog,6,frog,0.9999245405197144,-10.888556480407715,True
known,6802,4,deer,4,deer,0.9987897276878357,-8.78506851196289,True
known,6803,6,frog,6,frog,0.9997130036354065,-9.774779319763184,True
known,6804,9,truck,9,truck,0.9997788071632385,-9.892094612121582,True
known,6805,1,automobile,1,automobile,0.9995885491371155,-9.07596492767334,True
known,6806,1,automobile,1,automobile,0.9996019005775452,-9.240632057189941,True
known,6807,7,horse,7,horse,0.9998949766159058,-10.711249351501465,True
known,6808,0,airplane,0,airplane,0.9999117851257324,-10.953237533569336,True
known,6809,6,frog,6,frog,0.9999743700027466,-11.841252326965332,True
known,6810,8,ship,8,ship,0.9986227750778198,-8.616625785827637,True
known,6811,9,truck,9,truck,0.9930976033210754,-6.912834644317627,True
known,6812,0,airplane,0,airplane,0.9975027441978455,-9.37004280090332,True
known,6813,6,frog,6,frog,0.9997274279594421,-9.631976127624512,True
known,6814,9,truck,9,truck,0.997552216053009,-9.765153884887695,True
known,6815,0,airplane,0,airplane,0.9997422099113464,-10.371160507202148,True
known,6816,1,automobile,1,automobile,0.9997721314430237,-10.169891357421875,True
known,6817,1,automobile,1,automobile,0.9992997646331787,-8.662348747253418,True
known,6818,7,horse,7,horse,0.9992364645004272,-8.569008827209473,True
known,6819,2,bird,2,bird,0.999836802482605,-10.534273147583008,True
known,6820,1,automobile,1,automobile,0.9996752738952637,-9.372530937194824,True
known,6821,0,airplane,0,airplane,0.9958529472351074,-9.526693344116211,True
known,6822,4,deer,2,bird,0.5712957978248596,-6.826744079589844,True
known,6823,5,dog,5,dog,0.9999068975448608,-11.198651313781738,True
known,6824,0,airplane,0,airplane,0.9944642186164856,-8.50935173034668,True
known,6825,3,cat,3,cat,0.9251638650894165,-8.551815032958984,True
known,6826,6,frog,6,frog,0.9981799125671387,-8.963677406311035,True
known,6827,3,cat,3,cat,0.9996274709701538,-9.849533081054688,True
known,6828,3,cat,3,cat,0.9987357258796692,-9.542325973510742,True
known,6829,8,ship,8,ship,0.9997324347496033,-9.839752197265625,True
known,6830,1,automobile,1,automobile,0.999970555305481,-11.919573783874512,True
known,6831,8,ship,8,ship,0.9998829364776611,-10.426121711730957,True
known,6832,1,automobile,1,automobile,0.9999271631240845,-11.268040657043457,True
known,6833,3,cat,3,cat,0.6151040196418762,-5.623493671417236,False
known,6834,1,automobile,1,automobile,0.9998055100440979,-9.788824081420898,True
known,6835,5,dog,5,dog,0.9995790123939514,-9.14648723602295,True
known,6836,4,deer,4,deer,0.9999890327453613,-12.893080711364746,True
known,6837,5,dog,5,dog,0.9814266562461853,-8.001119613647461,True
known,6838,1,automobile,1,automobile,0.999685525894165,-9.832643508911133,True
known,6839,8,ship,8,ship,0.997837483882904,-8.152018547058105,True
known,6840,9,truck,9,truck,0.9997758269309998,-10.040152549743652,True
known,6841,1,automobile,1,automobile,0.9839845299720764,-8.966817855834961,True
known,6842,3,cat,3,cat,0.9963271021842957,-7.48547887802124,True
known,6843,1,automobile,1,automobile,0.9914450645446777,-6.886321067810059,True
known,6844,7,horse,7,horse,0.9986231327056885,-8.300140380859375,True
known,6845,2,bird,2,bird,0.9986805319786072,-8.841110229492188,True
known,6846,9,truck,9,truck,0.9986414313316345,-8.415055274963379,True
known,6847,8,ship,8,ship,0.9998644590377808,-10.238326072692871,True
known,6848,9,truck,9,truck,0.9996476173400879,-10.18624210357666,True
known,6849,4,deer,4,deer,0.9861051440238953,-6.694795608520508,True
known,6850,6,frog,6,frog,0.9991157650947571,-8.581851959228516,True
known,6851,0,airplane,0,airplane,0.9806138277053833,-7.386756896972656,True
known,6852,9,truck,9,truck,0.999774158000946,-10.256630897521973,True
known,6853,4,deer,4,deer,0.9934632778167725,-8.179655075073242,True
known,6854,0,airplane,0,airplane,0.9476472735404968,-6.404613018035889,True
known,6855,4,deer,4,deer,0.9998587369918823,-11.0101957321167,True
known,6856,6,frog,6,frog,0.9989966750144958,-9.056989669799805,True
known,6857,2,bird,2,bird,0.9998843669891357,-10.901939392089844,True
known,6858,1,automobile,1,automobile,0.9993313550949097,-8.61060619354248,True
known,6859,3,cat,1,automobile,0.678845226764679,-4.300027370452881,False
known,6860,0,airplane,0,airplane,0.9986635446548462,-11.414388656616211,True
known,6861,8,ship,8,ship,0.9933225512504578,-8.279662132263184,True
known,6862,5,dog,5,dog,0.993237316608429,-8.423052787780762,True
known,6863,6,frog,6,frog,0.9987936019897461,-8.79207706451416,True
known,6864,0,airplane,0,airplane,0.9997385144233704,-10.055267333984375,True
known,6865,3,cat,3,cat,0.963341474533081,-8.145645141601562,True
known,6866,4,deer,4,deer,0.9849326014518738,-7.622170448303223,True
known,6867,6,frog,6,frog,0.9996739625930786,-10.139827728271484,True
known,6868,9,truck,9,truck,0.9996680021286011,-9.554478645324707,True
known,6869,5,dog,5,dog,0.48128169775009155,-4.19527006149292,False
known,6870,7,horse,7,horse,0.9992585778236389,-8.947667121887207,True
known,6871,9,truck,9,truck,0.7215455174446106,-3.7800283432006836,False
known,6872,0,airplane,0,airplane,0.9996851682662964,-10.069831848144531,True
known,6873,3,cat,3,cat,0.9999456405639648,-12.138039588928223,True
known,6874,6,frog,6,frog,0.9999048709869385,-11.096637725830078,True
known,6875,5,dog,5,dog,0.9996781349182129,-9.76443099975586,True
known,6876,7,horse,7,horse,0.9987510442733765,-9.336225509643555,True
known,6877,0,airplane,0,airplane,0.9888050556182861,-9.053072929382324,True
known,6878,5,dog,5,dog,0.999796450138092,-10.167675971984863,True
known,6879,1,automobile,1,automobile,0.9898293614387512,-8.075787544250488,True
known,6880,2,bird,2,bird,0.999789297580719,-10.498330116271973,True
known,6881,2,bird,2,bird,0.9992678761482239,-9.96202278137207,True
known,6882,9,truck,9,truck,0.9995500445365906,-9.219563484191895,True
known,6883,7,horse,7,horse,0.9991649389266968,-10.574853897094727,True
known,6884,0,airplane,0,airplane,0.9965450167655945,-8.56497859954834,True
known,6885,0,airplane,0,airplane,0.9971484541893005,-7.645815372467041,True
known,6886,1,automobile,1,automobile,0.9995527863502502,-9.061209678649902,True
known,6887,4,deer,4,deer,0.9998588562011719,-10.406098365783691,True
known,6888,4,deer,4,deer,0.9972609281539917,-8.539435386657715,True
known,6889,5,dog,5,dog,0.9992995262145996,-9.451980590820312,True
known,6890,5,dog,5,dog,0.9994211196899414,-9.812390327453613,True
known,6891,9,truck,9,truck,0.9995332956314087,-9.222882270812988,True
known,6892,6,frog,6,frog,0.9971649050712585,-8.080681800842285,True
known,6893,3,cat,3,cat,0.9984986782073975,-7.925381183624268,True
known,6894,6,frog,6,frog,0.9996601343154907,-10.539151191711426,True
known,6895,2,bird,2,bird,0.9999221563339233,-10.91562271118164,True
known,6896,6,frog,6,frog,0.9987967014312744,-9.585036277770996,True
known,6897,9,truck,9,truck,0.9306002259254456,-7.165437698364258,True
known,6898,3,cat,3,cat,0.9983572363853455,-9.92008113861084,True
known,6899,2,bird,2,bird,0.9988027811050415,-9.853354454040527,True
known,6900,3,cat,3,cat,0.8576681613922119,-9.097365379333496,True
known,6901,2,bird,7,horse,0.7861658930778503,-4.8933868408203125,False
known,6902,4,deer,4,deer,0.861834704875946,-5.703619003295898,False
known,6903,9,truck,9,truck,0.9993109703063965,-9.096219062805176,True
known,6904,5,dog,5,dog,0.9996622800827026,-9.70962142944336,True
known,6905,2,bird,2,bird,0.9998314380645752,-10.578344345092773,True
known,6906,1,automobile,1,automobile,0.9991115927696228,-9.07190990447998,True
known,6907,6,frog,6,frog,0.9996300935745239,-9.747530937194824,True
known,6908,6,frog,6,frog,0.9997127652168274,-9.485978126525879,True
known,6909,4,deer,4,deer,0.9999403953552246,-11.208175659179688,True
known,6910,7,horse,7,horse,0.9998760223388672,-10.407304763793945,True
known,6911,6,frog,6,frog,0.9997138381004333,-9.989584922790527,True
known,6912,3,cat,5,dog,0.8458285927772522,-6.150840759277344,False
known,6913,3,cat,3,cat,0.9956648945808411,-9.683869361877441,True
known,6914,8,ship,8,ship,0.999068558216095,-8.433570861816406,True
known,6915,1,automobile,1,automobile,0.9997634291648865,-9.741657257080078,True
known,6916,4,deer,4,deer,0.9900748133659363,-7.542335033416748,True
known,6917,6,frog,6,frog,0.9994753003120422,-9.556260108947754,True
known,6918,4,deer,4,deer,0.997897744178772,-9.547484397888184,True
known,6919,4,deer,4,deer,0.9998866319656372,-11.513776779174805,True
known,6920,5,dog,5,dog,0.9987565279006958,-9.453633308410645,True
known,6921,6,frog,6,frog,0.9997015595436096,-10.184826850891113,True
known,6922,2,bird,2,bird,0.9975651502609253,-9.110477447509766,True
known,6923,0,airplane,0,airplane,0.9998829364776611,-10.386397361755371,True
known,6924,5,dog,5,dog,0.9971014857292175,-8.706069946289062,True
known,6925,2,bird,2,bird,0.999670147895813,-9.570625305175781,True
known,6926,7,horse,7,horse,0.9781062602996826,-8.286764144897461,True
known,6927,5,dog,5,dog,0.9917241930961609,-6.865090370178223,True
known,6928,2,bird,2,bird,0.9998644590377808,-10.88197135925293,True
known,6929,5,dog,5,dog,0.9986107349395752,-9.239102363586426,True
known,6930,2,bird,2,bird,0.9995136260986328,-10.132554054260254,True
known,6931,5,dog,5,dog,0.9754647016525269,-7.391480922698975,True
known,6932,9,truck,9,truck,0.9932345747947693,-7.490629196166992,True
known,6933,0,airplane,0,airplane,0.9970999956130981,-8.802248001098633,True
known,6934,6,frog,6,frog,0.9957226514816284,-8.440716743469238,True
known,6935,7,horse,7,horse,0.9990109205245972,-9.586073875427246,True
known,6936,9,truck,9,truck,0.9999668598175049,-12.79023265838623,True
known,6937,8,ship,8,ship,0.9997910857200623,-9.698164939880371,True
known,6938,3,cat,3,cat,0.9998718500137329,-10.762883186340332,True
known,6939,2,bird,2,bird,0.9998377561569214,-10.464567184448242,True
known,6940,1,automobile,1,automobile,0.9995456337928772,-8.948017120361328,True
known,6941,4,deer,4,deer,0.9999817609786987,-12.068711280822754,True
known,6942,3,cat,2,bird,0.807952344417572,-6.254682540893555,True
known,6943,4,deer,4,deer,0.9999001026153564,-10.821667671203613,True
known,6944,5,dog,5,dog,0.999903678894043,-12.345146179199219,True
known,6945,5,dog,5,dog,0.9988956451416016,-8.512746810913086,True
known,6946,6,frog,6,frog,0.99951171875,-9.179230690002441,True
known,6947,8,ship,8,ship,0.9989759922027588,-8.34110164642334,True
known,6948,6,frog,6,frog,0.9999475479125977,-11.488606452941895,True
known,6949,0,airplane,0,airplane,0.9981175661087036,-8.840447425842285,True
known,6950,8,ship,8,ship,0.9941091537475586,-9.221325874328613,True
known,6951,9,truck,9,truck,0.9998993873596191,-11.085617065429688,True
known,6952,8,ship,8,ship,0.9988901019096375,-8.66129207611084,True
known,6953,0,airplane,0,airplane,0.9998791217803955,-10.824295043945312,True
known,6954,7,horse,0,airplane,0.805504322052002,-8.134441375732422,True
known,6955,7,horse,7,horse,0.9999817609786987,-11.9923095703125,True
known,6956,6,frog,6,frog,0.9993927478790283,-8.833261489868164,True
known,6957,6,frog,2,bird,0.7444360852241516,-5.972138404846191,False
known,6958,7,horse,7,horse,0.7574124336242676,-4.963118076324463,False
known,6959,5,dog,5,dog,0.9999504089355469,-11.851542472839355,True
known,6960,9,truck,9,truck,0.9991016387939453,-8.778560638427734,True
known,6961,8,ship,8,ship,0.9968259334564209,-8.436251640319824,True
known,6962,7,horse,4,deer,0.9985622763633728,-10.59719467163086,True
known,6963,9,truck,9,truck,0.999643087387085,-9.352275848388672,True
known,6964,5,dog,5,dog,0.9984855055809021,-8.492981910705566,True
known,6965,6,frog,6,frog,0.9702694416046143,-7.030001640319824,True
known,6966,0,airplane,0,airplane,0.760761022567749,-4.299767017364502,False
known,6967,4,deer,4,deer,0.9998739957809448,-10.281522750854492,True
known,6968,8,ship,8,ship,0.9909710884094238,-8.847369194030762,True
known,6969,2,bird,2,bird,0.9985881447792053,-9.950572967529297,True
known,6970,0,airplane,0,airplane,0.5971577167510986,-5.34299898147583,False
known,6971,9,truck,9,truck,0.9985281229019165,-8.060463905334473,True
known,6972,1,automobile,1,automobile,0.9994833469390869,-8.831653594970703,True
known,6973,3,cat,3,cat,0.9955793023109436,-9.054770469665527,True
known,6974,9,truck,9,truck,0.9998272061347961,-10.172341346740723,True
known,6975,8,ship,8,ship,0.9993804693222046,-9.387136459350586,True
known,6976,3,cat,3,cat,0.999207079410553,-9.057458877563477,True
known,6977,7,horse,7,horse,0.9995760321617126,-9.60233211517334,True
known,6978,4,deer,4,deer,0.9999494552612305,-11.029730796813965,True
known,6979,5,dog,5,dog,0.9846053123474121,-9.638266563415527,True
known,6980,0,airplane,0,airplane,0.99529629945755,-8.511165618896484,True
known,6981,2,bird,2,bird,0.9999353885650635,-11.347114562988281,True
known,6982,1,automobile,1,automobile,0.9998063445091248,-9.986151695251465,True
known,6983,9,truck,9,truck,0.9998437166213989,-10.974713325500488,True
known,6984,1,automobile,1,automobile,0.999588668346405,-9.248106956481934,True
known,6985,0,airplane,0,airplane,0.9846700429916382,-7.370809078216553,True
known,6986,5,dog,5,dog,0.9936860203742981,-9.075477600097656,True
known,6987,8,ship,8,ship,0.9999879598617554,-12.699822425842285,True
known,6988,4,deer,4,deer,0.9999018907546997,-10.609801292419434,True
known,6989,7,horse,7,horse,0.9990148544311523,-8.488344192504883,True
known,6990,3,cat,3,cat,0.9975841045379639,-8.248623847961426,True
known,6991,1,automobile,1,automobile,0.9961850047111511,-7.24464750289917,True
known,6992,4,deer,4,deer,0.9905486702919006,-8.109503746032715,True
known,6993,5,dog,5,dog,0.9893459677696228,-9.606439590454102,True
known,6994,3,cat,3,cat,0.9626172780990601,-7.062418460845947,True
known,6995,1,automobile,1,automobile,0.9993002414703369,-9.526209831237793,True
known,6996,0,airplane,0,airplane,0.9998819828033447,-10.772832870483398,True
known,6997,8,ship,8,ship,0.5706278681755066,-3.6198439598083496,False
known,6998,8,ship,8,ship,0.9995476603507996,-9.628573417663574,True
known,6999,8,ship,8,ship,0.998356282711029,-8.968966484069824,True
known,7000,2,bird,8,ship,0.9971734285354614,-8.785603523254395,True
known,7001,1,automobile,1,automobile,0.9994530081748962,-8.96679973602295,True
known,7002,3,cat,4,deer,0.35349634289741516,-5.060061454772949,False
known,7003,7,horse,7,horse,0.9999622106552124,-13.448862075805664,True
known,7004,3,cat,3,cat,0.947300374507904,-6.548417568206787,True
known,7005,1,automobile,1,automobile,0.9430679082870483,-7.171579837799072,True
known,7006,6,frog,6,frog,0.9995445609092712,-9.006799697875977,True
known,7007,9,truck,9,truck,0.9997907280921936,-9.80029010772705,True
known,7008,1,automobile,1,automobile,0.998314619064331,-7.89828634262085,True
known,7009,6,frog,6,frog,0.999222993850708,-10.839519500732422,True
known,7010,0,airplane,0,airplane,0.9944731593132019,-8.129329681396484,True
known,7011,7,horse,7,horse,0.9985663294792175,-8.482949256896973,True
known,7012,7,horse,7,horse,0.9999289512634277,-10.809845924377441,True
known,7013,1,automobile,1,automobile,0.9999078512191772,-10.449297904968262,True
known,7014,3,cat,3,cat,0.9996098875999451,-9.352700233459473,True
known,7015,3,cat,3,cat,0.9999154806137085,-11.704906463623047,True
known,7016,3,cat,3,cat,0.9990635514259338,-9.354569435119629,True
known,7017,1,automobile,1,automobile,0.9998767375946045,-11.427557945251465,True
known,7018,0,airplane,0,airplane,0.9999583959579468,-11.593002319335938,True
known,7019,2,bird,2,bird,0.9999488592147827,-12.268133163452148,True
known,7020,7,horse,7,horse,0.99996018409729,-11.161168098449707,True
known,7021,1,automobile,1,automobile,0.998290479183197,-8.065505027770996,True
known,7022,2,bird,2,bird,0.9940986633300781,-8.862236022949219,True
known,7023,2,bird,2,bird,0.9998205304145813,-10.298238754272461,True
known,7024,9,truck,9,truck,0.9998288154602051,-10.432743072509766,True
known,7025,6,frog,6,frog,0.9990608096122742,-8.740384101867676,True
known,7026,3,cat,3,cat,0.9999039173126221,-10.911151885986328,True
known,7027,5,dog,5,dog,0.9998577833175659,-10.251765251159668,True
known,7028,9,truck,9,truck,0.999605119228363,-9.301405906677246,True
known,7029,4,deer,4,deer,0.9999657869338989,-11.841233253479004,True
known,7030,8,ship,8,ship,0.999789297580719,-10.197549819946289,True
known,7031,0,airplane,0,airplane,0.9999194145202637,-11.036725997924805,True
known,7032,4,deer,4,deer,0.9999479055404663,-11.820321083068848,True
known,7033,8,ship,8,ship,0.9999489784240723,-11.244331359863281,True
known,7034,0,airplane,0,airplane,0.999934196472168,-10.988557815551758,True
known,7035,1,automobile,1,automobile,0.5715883374214172,-6.1482391357421875,False
known,7036,3,cat,3,cat,0.9883756637573242,-8.257529258728027,True
known,7037,7,horse,7,horse,0.9981381893157959,-8.525270462036133,True
known,7038,0,airplane,0,airplane,0.9997501969337463,-9.967727661132812,True
known,7039,4,deer,4,deer,0.9998947381973267,-10.966636657714844,True
known,7040,7,horse,7,horse,0.9703852534294128,-5.944056987762451,False
known,7041,4,deer,4,deer,0.9334198832511902,-6.230059623718262,True
known,7042,8,ship,8,ship,0.9998592138290405,-10.439157485961914,True
known,7043,6,frog,6,frog,0.9998620748519897,-10.441649436950684,True
known,7044,4,deer,4,deer,0.9999334812164307,-11.381653785705566,True
known,7045,3,cat,3,cat,0.9994741082191467,-8.934685707092285,True
known,7046,9,truck,9,truck,0.9915140271186829,-7.739691257476807,True
known,7047,8,ship,8,ship,0.9991748929023743,-8.798161506652832,True
known,7048,2,bird,2,bird,0.9999431371688843,-11.23583698272705,True
known,7049,2,bird,2,bird,0.999869704246521,-10.55609130859375,True
known,7050,8,ship,8,ship,0.9967061877250671,-8.741122245788574,True
known,7051,3,cat,3,cat,0.9975546002388,-7.445191383361816,True
known,7052,1,automobile,1,automobile,0.9993590712547302,-8.74773120880127,True
known,7053,1,automobile,1,automobile,0.9998006224632263,-9.773360252380371,True
known,7054,2,bird,2,bird,0.9988213181495667,-9.79973030090332,True
known,7055,8,ship,8,ship,0.9992051720619202,-9.417564392089844,True
known,7056,2,bird,2,bird,0.9988841414451599,-8.699198722839355,True
known,7057,6,frog,6,frog,0.9998059868812561,-10.154821395874023,True
known,7058,9,truck,9,truck,0.9999713897705078,-11.51830005645752,True
known,7059,4,deer,6,frog,0.9995312690734863,-10.669894218444824,True
known,7060,8,ship,8,ship,0.999596893787384,-9.222378730773926,True
known,7061,4,deer,4,deer,0.9495574831962585,-5.832669734954834,False
known,7062,4,deer,6,frog,0.48784399032592773,-4.512353897094727,False
known,7063,1,automobile,1,automobile,0.9999662637710571,-12.014323234558105,True
known,7064,5,dog,5,dog,0.9987661838531494,-8.250509262084961,True
known,7065,2,bird,2,bird,0.9994439482688904,-9.247628211975098,True
known,7066,6,frog,6,frog,0.9980790615081787,-8.19736385345459,True
known,7067,9,truck,9,truck,0.9998779296875,-10.414774894714355,True
known,7068,2,bird,0,airplane,0.5843454003334045,-5.49442195892334,False
known,7069,0,airplane,0,airplane,0.999983549118042,-12.246487617492676,True
known,7070,7,horse,7,horse,0.999872088432312,-10.359575271606445,True
known,7071,1,automobile,1,automobile,0.9992793202400208,-9.842806816101074,True
known,7072,8,ship,8,ship,0.9992672801017761,-9.157072067260742,True
known,7073,9,truck,9,truck,0.9996432065963745,-9.457016944885254,True
known,7074,3,cat,3,cat,0.9999247789382935,-11.845415115356445,True
known,7075,9,truck,9,truck,0.9999686479568481,-12.47817611694336,True
known,7076,9,truck,9,truck,0.9999122619628906,-10.679627418518066,True
known,7077,0,airplane,0,airplane,0.9985696077346802,-8.490218162536621,True
known,7078,7,horse,7,horse,0.9996596574783325,-9.560726165771484,True
known,7079,7,horse,7,horse,0.999908447265625,-10.54538345336914,True
known,7080,5,dog,5,dog,0.6269124150276184,-4.287752151489258,False
known,7081,4,deer,4,deer,0.9998490810394287,-10.542643547058105,True
known,7082,2,bird,2,bird,0.747117817401886,-6.0199127197265625,False
known,7083,6,frog,6,frog,0.9998606443405151,-10.883515357971191,True
known,7084,4,deer,4,deer,0.9999759197235107,-11.73303508758545,True
known,7085,5,dog,5,dog,0.9999841451644897,-12.515454292297363,True
known,7086,7,horse,7,horse,0.999750554561615,-9.62887191772461,True
known,7087,7,horse,7,horse,0.99871826171875,-8.633614540100098,True
known,7088,8,ship,8,ship,0.9997026324272156,-9.464024543762207,True
known,7089,7,horse,7,horse,0.9999336004257202,-11.48463249206543,True
known,7090,2,bird,5,dog,0.7182688117027283,-6.265539646148682,True
known,7091,6,frog,6,frog,0.999373733997345,-9.391436576843262,True
known,7092,2,bird,2,bird,0.9996780157089233,-10.596367835998535,True
known,7093,2,bird,2,bird,0.9995169639587402,-9.524187088012695,True
known,7094,4,deer,4,deer,0.9998537302017212,-10.285286903381348,True
known,7095,4,deer,4,deer,0.9998713731765747,-11.409485816955566,True
known,7096,0,airplane,0,airplane,0.9999649524688721,-11.585002899169922,True
known,7097,7,horse,3,cat,0.8247942924499512,-7.202531814575195,True
known,7098,1,automobile,1,automobile,0.9990994930267334,-8.372289657592773,True
known,7099,3,cat,5,dog,0.999160647392273,-10.091788291931152,True
known,7100,9,truck,9,truck,0.9995273351669312,-9.416516304016113,True
known,7101,6,frog,6,frog,0.9996340274810791,-9.236659049987793,True
known,7102,0,airplane,0,airplane,0.9658287167549133,-7.869574069976807,True
known,7103,0,airplane,0,airplane,0.9993701577186584,-9.389326095581055,True
known,7104,2,bird,2,bird,0.9997287392616272,-10.08123779296875,True
known,7105,3,cat,3,cat,0.9916374087333679,-7.424335479736328,True
known,7106,8,ship,8,ship,0.9999517202377319,-11.17677116394043,True
known,7107,2,bird,5,dog,0.578698992729187,-5.819726467132568,False
known,7108,2,bird,2,bird,0.9995868802070618,-9.239574432373047,True
known,7109,4,deer,4,deer,0.9999934434890747,-13.730027198791504,True
known,7110,3,cat,3,cat,0.9898590445518494,-8.80799388885498,True
known,7111,5,dog,5,dog,0.9990181922912598,-9.354339599609375,True
known,7112,2,bird,0,airplane,0.9611986875534058,-8.162763595581055,True
known,7113,9,truck,9,truck,0.9956377148628235,-8.783644676208496,True
known,7114,1,automobile,1,automobile,0.9920414090156555,-9.027260780334473,True
known,7115,0,airplane,0,airplane,0.9965912103652954,-7.801337718963623,True
known,7116,0,airplane,0,airplane,0.9942832589149475,-9.61471176147461,True
known,7117,6,frog,6,frog,0.6229428052902222,-5.617331504821777,False
known,7118,5,dog,5,dog,0.9995241165161133,-9.005638122558594,True
known,7119,5,dog,0,airplane,0.9706701636314392,-6.324975490570068,True
known,7120,7,horse,7,horse,0.9911752939224243,-7.425297737121582,True
known,7121,9,truck,9,truck,0.9999581575393677,-12.274283409118652,True
known,7122,9,truck,9,truck,0.9977154731750488,-7.55827522277832,True
known,7123,6,frog,6,frog,0.9997525811195374,-9.589402198791504,True
known,7124,5,dog,5,dog,0.9984312653541565,-8.981829643249512,True
known,7125,5,dog,5,dog,0.9999295473098755,-12.187847137451172,True
known,7126,0,airplane,0,airplane,0.9994134902954102,-9.598995208740234,True
known,7127,5,dog,5,dog,0.8896898627281189,-4.736347198486328,False
known,7128,7,horse,7,horse,0.9995617270469666,-10.195602416992188,True
known,7129,1,automobile,1,automobile,0.999497652053833,-9.028210639953613,True
known,7130,6,frog,6,frog,0.9997627139091492,-9.711134910583496,True
known,7131,6,frog,6,frog,0.9995672106742859,-9.104462623596191,True
known,7132,4,deer,4,deer,0.9999719858169556,-11.69826602935791,True
known,7133,1,automobile,1,automobile,0.9998824596405029,-10.95469856262207,True
known,7134,4,deer,4,deer,0.9237225651741028,-5.807528495788574,False
known,7135,4,deer,4,deer,0.9994219541549683,-9.632882118225098,True
known,7136,1,automobile,1,automobile,0.999699592590332,-9.84804630279541,True
known,7137,5,dog,5,dog,0.9997738003730774,-10.598109245300293,True
known,7138,0,airplane,0,airplane,0.9961382746696472,-8.069600105285645,True
known,7139,0,airplane,0,airplane,0.9997895359992981,-9.882074356079102,True
known,7140,4,deer,4,deer,0.9993220567703247,-8.942511558532715,True
known,7141,5,dog,5,dog,0.9998644590377808,-10.8164701461792,True
known,7142,8,ship,8,ship,0.9998032450675964,-10.10111141204834,True
known,7143,4,deer,3,cat,0.8692072629928589,-5.205258846282959,False
known,7144,8,ship,8,ship,0.9994829893112183,-9.41133975982666,True
known,7145,3,cat,3,cat,0.9970124959945679,-8.184502601623535,True
known,7146,0,airplane,0,airplane,0.9957267045974731,-8.540857315063477,True
known,7147,5,dog,5,dog,0.978080153465271,-6.724031925201416,True
known,7148,0,airplane,0,airplane,0.9999704360961914,-11.579591751098633,True
known,7149,5,dog,5,dog,0.9979191422462463,-9.809098243713379,True
known,7150,3,cat,5,dog,0.9355427026748657,-6.710831165313721,True
known,7151,1,automobile,1,automobile,0.9997881054878235,-10.242743492126465,True
known,7152,6,frog,6,frog,0.9956179857254028,-8.124755859375,True
known,7153,7,horse,7,horse,0.9995759129524231,-9.208734512329102,True
known,7154,0,airplane,0,airplane,0.9995348453521729,-9.795276641845703,True
known,7155,9,truck,9,truck,0.999283492565155,-9.261483192443848,True
known,7156,1,automobile,1,automobile,0.9995445609092712,-9.044715881347656,True
known,7157,5,dog,5,dog,0.9999872446060181,-13.72889232635498,True
known,7158,7,horse,7,horse,0.9998015761375427,-10.04365348815918,True
known,7159,6,frog,6,frog,0.9978359341621399,-8.062338829040527,True
known,7160,5,dog,5,dog,0.9999514818191528,-11.438719749450684,True
known,7161,5,dog,5,dog,0.9849380254745483,-8.422391891479492,True
known,7162,5,dog,5,dog,0.9786176681518555,-9.138955116271973,True
known,7163,6,frog,6,frog,0.9996373653411865,-9.383781433105469,True
known,7164,0,airplane,0,airplane,0.9998276233673096,-10.533537864685059,True
known,7165,0,airplane,0,airplane,0.9988231062889099,-9.49305534362793,True
known,7166,1,automobile,1,automobile,0.9999428987503052,-11.087060928344727,True
known,7167,7,horse,7,horse,0.9994401335716248,-8.79218578338623,True
known,7168,5,dog,3,cat,0.5509045124053955,-4.478872776031494,False
known,7169,1,automobile,1,automobile,0.9997872710227966,-10.580960273742676,True
known,7170,9,truck,9,truck,0.9992063641548157,-9.372401237487793,True
known,7171,2,bird,2,bird,0.9999253749847412,-11.722627639770508,True
known,7172,4,deer,4,deer,0.9984927177429199,-8.992953300476074,True
known,7173,1,automobile,1,automobile,0.9948751330375671,-7.648237228393555,True
known,7174,3,cat,3,cat,0.9966465830802917,-9.284758567810059,True
known,7175,7,horse,7,horse,0.9999459981918335,-11.620189666748047,True
known,7176,8,ship,8,ship,0.9989546537399292,-8.534486770629883,True
known,7177,2,bird,2,bird,0.5517951250076294,-4.22156286239624,False
known,7178,0,airplane,0,airplane,0.9998807907104492,-10.623796463012695,True
known,7179,9,truck,9,truck,0.9990398287773132,-8.639596939086914,True
known,7180,6,frog,6,frog,0.9999699592590332,-11.975695610046387,True
known,7181,6,frog,6,frog,0.999151349067688,-9.197558403015137,True
known,7182,0,airplane,0,airplane,0.9977871179580688,-9.04476261138916,True
known,7183,6,frog,6,frog,0.9964951872825623,-9.409676551818848,True
known,7184,5,dog,5,dog,0.9995256662368774,-9.62078857421875,True
known,7185,8,ship,8,ship,0.9998843669891357,-10.492313385009766,True
known,7186,2,bird,2,bird,0.9985101819038391,-10.010231018066406,True
known,7187,7,horse,7,horse,0.999969482421875,-11.500905990600586,True
known,7188,4,deer,4,deer,0.983302891254425,-7.8715105056762695,True
known,7189,0,airplane,0,airplane,0.9999451637268066,-11.435264587402344,True
known,7190,2,bird,2,bird,0.9996436834335327,-9.366174697875977,True
known,7191,7,horse,7,horse,0.9997099041938782,-10.41531753540039,True
known,7192,7,horse,7,horse,0.9974589943885803,-8.765941619873047,True
known,7193,8,ship,8,ship,0.9999240636825562,-10.793610572814941,True
known,7194,8,ship,8,ship,0.999868631362915,-10.471660614013672,True
known,7195,7,horse,7,horse,0.9998233914375305,-10.622754096984863,True
known,7196,0,airplane,0,airplane,0.9856188297271729,-9.348125457763672,True
known,7197,4,deer,4,deer,0.9881194233894348,-8.129898071289062,True
known,7198,9,truck,9,truck,0.9984816908836365,-8.123395919799805,True
known,7199,1,automobile,1,automobile,0.999914288520813,-10.728227615356445,True
known,7200,4,deer,4,deer,0.9996867179870605,-10.554211616516113,True
known,7201,4,deer,4,deer,0.9968878626823425,-7.656404495239258,True
known,7202,3,cat,3,cat,0.8334463834762573,-7.7334418296813965,True
known,7203,5,dog,5,dog,0.9981839060783386,-8.870599746704102,True
known,7204,4,deer,4,deer,0.9999501705169678,-11.088727951049805,True
known,7205,6,frog,6,frog,0.9993879795074463,-9.281759262084961,True
known,7206,2,bird,2,bird,0.9997386336326599,-10.334001541137695,True
known,7207,3,cat,3,cat,0.9999847412109375,-12.698541641235352,True
known,7208,1,automobile,1,automobile,0.9998587369918823,-10.209271430969238,True
known,7209,0,airplane,0,airplane,0.9992825388908386,-8.804227828979492,True
known,7210,3,cat,3,cat,0.9991639852523804,-9.669062614440918,True
known,7211,3,cat,3,cat,0.9998606443405151,-10.481363296508789,True
known,7212,3,cat,3,cat,0.9999350309371948,-10.989067077636719,True
known,7213,6,frog,6,frog,0.9999279975891113,-10.777947425842285,True
known,7214,3,cat,3,cat,0.9911870360374451,-9.585437774658203,True
known,7215,1,automobile,1,automobile,0.9989612102508545,-8.249462127685547,True
known,7216,2,bird,2,bird,0.9997788071632385,-9.71985912322998,True
known,7217,8,ship,0,airplane,0.9933284521102905,-7.337784767150879,True
known,7218,9,truck,9,truck,0.9997484087944031,-10.958321571350098,True
known,7219,7,horse,7,horse,0.9994913339614868,-9.088647842407227,True
known,7220,9,truck,9,truck,0.9992480874061584,-9.007661819458008,True
known,7221,3,cat,3,cat,0.9434327483177185,-5.659738540649414,False
known,7222,8,ship,8,ship,0.9999843835830688,-12.182452201843262,True
known,7223,7,horse,7,horse,0.9639737010002136,-6.739118576049805,True
known,7224,3,cat,3,cat,0.999630331993103,-10.061503410339355,True
known,7225,1,automobile,1,automobile,0.9998074173927307,-9.744017601013184,True
known,7226,7,horse,7,horse,0.9998914003372192,-10.37441635131836,True
known,7227,7,horse,7,horse,0.999980092048645,-12.976579666137695,True
known,7228,3,cat,3,cat,0.9580683708190918,-5.672281742095947,False
known,7229,2,bird,2,bird,0.999799907207489,-10.283208847045898,True
known,7230,2,bird,2,bird,0.9999293088912964,-11.166593551635742,True
known,7231,8,ship,8,ship,0.9842888712882996,-8.390884399414062,True
known,7232,9,truck,9,truck,0.9999063014984131,-10.938614845275879,True
known,7233,5,dog,5,dog,0.9999656677246094,-13.035971641540527,True
known,7234,9,truck,9,truck,0.9992263317108154,-8.49759578704834,True
known,7235,2,bird,2,bird,0.9993723034858704,-9.60009765625,True
known,7236,1,automobile,1,automobile,0.8354140520095825,-6.085903167724609,False
known,7237,7,horse,7,horse,0.9997033476829529,-10.105253219604492,True
known,7238,4,deer,4,deer,0.9978502988815308,-8.806441307067871,True
known,7239,4,deer,4,deer,0.999845027923584,-10.349408149719238,True
known,7240,0,airplane,0,airplane,0.9998633861541748,-10.193029403686523,True
known,7241,5,dog,5,dog,0.9992652535438538,-9.349983215332031,True
known,7242,7,horse,7,horse,0.8781692981719971,-6.149617671966553,False
known,7243,1,automobile,1,automobile,0.9999395608901978,-11.608622550964355,True
known,7244,5,dog,5,dog,0.9995577931404114,-10.310288429260254,True
known,7245,4,deer,4,deer,0.9999608993530273,-12.476330757141113,True
known,7246,0,airplane,2,bird,0.9963460564613342,-10.634262084960938,True
known,7247,8,ship,8,ship,0.9993153810501099,-9.867648124694824,True
known,7248,4,deer,4,deer,0.9950522780418396,-7.013589859008789,True
known,7249,9,truck,9,truck,0.9994754195213318,-9.425047874450684,True
known,7250,8,ship,8,ship,0.9995085000991821,-9.768172264099121,True
known,7251,7,horse,7,horse,0.9994971752166748,-9.244361877441406,True
known,7252,8,ship,8,ship,0.9999971389770508,-14.360146522521973,True
known,7253,4,deer,4,deer,0.9988062381744385,-8.583914756774902,True
known,7254,2,bird,2,bird,0.999868631362915,-10.435718536376953,True
known,7255,3,cat,3,cat,0.9997685551643372,-10.006657600402832,True
known,7256,4,deer,4,deer,0.9999499320983887,-11.539381980895996,True
known,7257,0,airplane,0,airplane,0.9993464350700378,-9.501876831054688,True
known,7258,5,dog,5,dog,0.9988179802894592,-10.03933334350586,True
known,7259,4,deer,4,deer,0.9996881484985352,-9.94791316986084,True
known,7260,1,automobile,1,automobile,0.9990461468696594,-8.349169731140137,True
known,7261,8,ship,8,ship,0.9914404153823853,-7.287867069244385,True
known,7262,2,bird,2,bird,0.9955474138259888,-7.723040580749512,True
known,7263,5,dog,5,dog,0.999664306640625,-9.513443946838379,True
known,7264,4,deer,4,deer,0.9998003840446472,-10.185766220092773,True
known,7265,5,dog,5,dog,0.9995337724685669,-9.437819480895996,True
known,7266,2,bird,2,bird,0.9990028738975525,-9.288175582885742,True
known,7267,5,dog,5,dog,0.8681662082672119,-5.287019729614258,False
known,7268,3,cat,3,cat,0.9998788833618164,-10.388155937194824,True
known,7269,7,horse,7,horse,0.9998242259025574,-9.943174362182617,True
known,7270,9,truck,9,truck,0.9997168183326721,-9.816008567810059,True
known,7271,7,horse,7,horse,0.9997352957725525,-11.471985816955566,True
known,7272,1,automobile,1,automobile,0.9998112320899963,-9.94627857208252,True
known,7273,4,deer,4,deer,0.9998121857643127,-9.836296081542969,True
known,7274,1,automobile,9,truck,0.8435787558555603,-5.669182777404785,False
known,7275,3,cat,3,cat,0.9999251365661621,-13.9253511428833,True
known,7276,1,automobile,1,automobile,0.9994514584541321,-8.888167381286621,True
known,7277,4,deer,4,deer,0.9999778270721436,-12.43742847442627,True
known,7278,5,dog,5,dog,0.9995065927505493,-9.399311065673828,True
known,7279,5,dog,5,dog,0.9998289346694946,-10.111895561218262,True
known,7280,1,automobile,1,automobile,0.9998911619186401,-12.273716926574707,True
known,7281,7,horse,7,horse,0.9986298084259033,-8.271919250488281,True
known,7282,1,automobile,1,automobile,0.9999756813049316,-11.975306510925293,True
known,7283,3,cat,3,cat,0.9930557608604431,-8.352212905883789,True
known,7284,0,airplane,0,airplane,0.9997761845588684,-10.029292106628418,True
known,7285,1,automobile,0,airplane,0.3076106011867523,-2.4235727787017822,False
known,7286,2,bird,2,bird,0.9900661706924438,-6.486811637878418,True
known,7287,5,dog,5,dog,0.9891097545623779,-7.84605073928833,True
known,7288,7,horse,7,horse,0.9945354461669922,-8.544992446899414,True
known,7289,0,airplane,0,airplane,0.999588668346405,-9.873790740966797,True
known,7290,6,frog,6,frog,0.9998999834060669,-10.870728492736816,True
known,7291,3,cat,3,cat,0.9997844099998474,-10.013419151306152,True
known,7292,5,dog,5,dog,0.9996708631515503,-9.6536283493042,True
known,7293,7,horse,7,horse,0.9997531771659851,-10.23503303527832,True
known,7294,5,dog,5,dog,0.999962329864502,-12.910029411315918,True
known,7295,5,dog,5,dog,0.9991455078125,-8.698752403259277,True
known,7296,8,ship,8,ship,0.9999030828475952,-10.366230964660645,True
known,7297,9,truck,9,truck,0.9990394711494446,-8.622217178344727,True
known,7298,4,deer,4,deer,0.9997156262397766,-10.108070373535156,True
known,7299,6,frog,6,frog,0.9997789263725281,-10.270829200744629,True
known,7300,3,cat,3,cat,0.9979724287986755,-9.330849647521973,True
known,7301,6,frog,6,frog,0.9997894167900085,-10.23169994354248,True
known,7302,6,frog,6,frog,0.9992701411247253,-8.83751392364502,True
known,7303,8,ship,8,ship,0.9991482496261597,-8.580525398254395,True
known,7304,2,bird,2,bird,0.999448835849762,-9.729585647583008,True
known,7305,6,frog,6,frog,0.9997299313545227,-9.942341804504395,True
known,7306,4,deer,4,deer,0.9964686632156372,-9.741360664367676,True
known,7307,8,ship,8,ship,0.9998243451118469,-10.517054557800293,True
known,7308,4,deer,4,deer,0.999664306640625,-9.653593063354492,True
known,7309,1,automobile,1,automobile,0.9990830421447754,-8.429527282714844,True
known,7310,3,cat,3,cat,0.873341977596283,-7.688490390777588,True
known,7311,1,automobile,9,truck,0.9973710775375366,-9.824803352355957,True
known,7312,2,bird,2,bird,0.9979560375213623,-9.22258472442627,True
known,7313,3,cat,3,cat,0.9979141354560852,-8.55482292175293,True
known,7314,3,cat,3,cat,0.8970680236816406,-6.4380645751953125,True
known,7315,0,airplane,0,airplane,0.9996013045310974,-9.904160499572754,True
known,7316,1,automobile,1,automobile,0.9953193068504333,-8.133931159973145,True
known,7317,6,frog,6,frog,0.9998742341995239,-10.727206230163574,True
known,7318,4,deer,4,deer,0.9999861717224121,-12.487334251403809,True
known,7319,2,bird,2,bird,0.9997877478599548,-10.456043243408203,True
known,7320,8,ship,8,ship,0.9993512034416199,-10.078446388244629,True
known,7321,2,bird,2,bird,0.999940037727356,-11.635940551757812,True
known,7322,4,deer,4,deer,0.9990277290344238,-9.816346168518066,True
known,7323,3,cat,3,cat,0.9226036071777344,-6.690479755401611,True
known,7324,1,automobile,1,automobile,0.9542805552482605,-7.419675827026367,True
known,7325,4,deer,4,deer,0.9994545578956604,-9.412652969360352,True
known,7326,4,deer,4,deer,0.999995231628418,-13.513907432556152,True
known,7327,4,deer,4,deer,0.9987338185310364,-8.555614471435547,True
known,7328,4,deer,4,deer,0.9997661709785461,-10.099188804626465,True
known,7329,1,automobile,1,automobile,0.951743483543396,-6.820780277252197,True
known,7330,5,dog,5,dog,0.9991629123687744,-8.86976432800293,True
known,7331,5,dog,5,dog,0.9985886216163635,-8.325490951538086,True
known,7332,7,horse,7,horse,0.9996563196182251,-9.519915580749512,True
known,7333,6,frog,6,frog,0.9998660087585449,-10.837552070617676,True
known,7334,5,dog,5,dog,0.9120607972145081,-7.506579875946045,True
known,7335,4,deer,4,deer,0.9999188184738159,-10.790573120117188,True
known,7336,5,dog,5,dog,0.9990642666816711,-10.455211639404297,True
known,7337,6,frog,6,frog,0.9997350573539734,-9.564845085144043,True
known,7338,5,dog,5,dog,0.9998904466629028,-10.449254989624023,True
known,7339,6,frog,6,frog,0.998145341873169,-8.489477157592773,True
known,7340,2,bird,2,bird,0.999957799911499,-11.588312149047852,True
known,7341,4,deer,4,deer,0.9895162582397461,-8.056892395019531,True
known,7342,7,horse,7,horse,0.9999196529388428,-11.342391014099121,True
known,7343,7,horse,2,bird,0.8846453428268433,-5.725518226623535,False
known,7344,4,deer,4,deer,0.9986279010772705,-9.082079887390137,True
known,7345,6,frog,6,frog,0.9986431002616882,-7.986170768737793,True
known,7346,5,dog,5,dog,0.9998376369476318,-10.403042793273926,True
known,7347,0,airplane,0,airplane,0.9931341409683228,-10.35995101928711,True
known,7348,2,bird,2,bird,0.9984405636787415,-8.67918872833252,True
known,7349,3,cat,3,cat,0.9995661377906799,-9.243207931518555,True
known,7350,9,truck,9,truck,0.9999384880065918,-11.067866325378418,True
known,7351,2,bird,2,bird,0.9999071359634399,-11.8604736328125,True
known,7352,3,cat,3,cat,0.9996283054351807,-11.390463829040527,True
known,7353,8,ship,8,ship,0.9995042085647583,-9.88407039642334,True
known,7354,0,airplane,0,airplane,0.999453604221344,-9.24705982208252,True
known,7355,7,horse,7,horse,0.9999375343322754,-11.529413223266602,True
known,7356,0,airplane,0,airplane,0.9360849261283875,-7.2870378494262695,True
known,7357,6,frog,6,frog,0.9997779726982117,-10.17715835571289,True
known,7358,8,ship,8,ship,0.9990156888961792,-8.880887985229492,True
known,7359,1,automobile,1,automobile,0.999955415725708,-11.75971508026123,True
known,7360,2,bird,2,bird,0.9999459981918335,-11.826055526733398,True
known,7361,8,ship,8,ship,0.9998177886009216,-9.932384490966797,True
known,7362,9,truck,9,truck,0.9999337196350098,-11.492018699645996,True
known,7363,1,automobile,1,automobile,0.9993854761123657,-8.995737075805664,True
known,7364,5,dog,5,dog,0.9995577931404114,-9.877824783325195,True
known,7365,4,deer,4,deer,0.9998458623886108,-10.529668807983398,True
known,7366,2,bird,2,bird,0.9998835325241089,-10.778820991516113,True
known,7367,3,cat,3,cat,0.8893722295761108,-7.987891674041748,True
known,7368,5,dog,5,dog,0.9986862540245056,-10.080521583557129,True
known,7369,5,dog,5,dog,0.9981241822242737,-10.07983112335205,True
known,7370,3,cat,3,cat,0.9557512998580933,-6.1019182205200195,False
known,7371,6,frog,6,frog,0.9985814094543457,-8.068930625915527,True
known,7372,5,dog,5,dog,0.9999791383743286,-11.825841903686523,True
known,7373,0,airplane,0,airplane,0.9995365142822266,-10.471833229064941,True
known,7374,3,cat,3,cat,0.9931526184082031,-8.877020835876465,True
known,7375,2,bird,2,bird,0.9934934973716736,-7.740764617919922,True
known,7376,1,automobile,1,automobile,0.9993802309036255,-9.14313793182373,True
known,7377,3,cat,3,cat,0.9995121955871582,-9.78459644317627,True
known,7378,3,cat,3,cat,0.9929024577140808,-9.913207054138184,True
known,7379,7,horse,7,horse,0.9990965127944946,-10.358497619628906,True
known,7380,7,horse,7,horse,0.9964061379432678,-9.476106643676758,True
known,7381,4,deer,4,deer,0.9999827146530151,-12.48542308807373,True
known,7382,9,truck,9,truck,0.9938858151435852,-7.105382442474365,True
known,7383,4,deer,4,deer,0.9934108853340149,-6.934357643127441,True
known,7384,3,cat,5,dog,0.9909618496894836,-7.6691575050354,True
known,7385,9,truck,9,truck,0.9995662569999695,-9.269316673278809,True
known,7386,5,dog,5,dog,0.9998276233673096,-12.771204948425293,True
known,7387,1,automobile,1,automobile,0.998149037361145,-8.220200538635254,True
known,7388,7,horse,7,horse,0.9999754428863525,-12.06338119506836,True
known,7389,6,frog,6,frog,0.9997319579124451,-10.341972351074219,True
known,7390,6,frog,6,frog,0.9999527931213379,-12.522933959960938,True
known,7391,4,deer,4,deer,0.9997902512550354,-10.4857816696167,True
known,7392,8,ship,8,ship,0.9998775720596313,-10.378739356994629,True
known,7393,5,dog,5,dog,0.9993358254432678,-10.3181734085083,True
known,7394,1,automobile,1,automobile,0.9909407496452332,-8.093365669250488,True
known,7395,2,bird,2,bird,0.9989950060844421,-11.03592300415039,True
known,7396,8,ship,8,ship,0.9996656179428101,-9.452412605285645,True
known,7397,4,deer,4,deer,0.9898041486740112,-8.276283264160156,True
known,7398,5,dog,5,dog,0.6757211089134216,-4.865240573883057,False
known,7399,3,cat,5,dog,0.7672361731529236,-8.273326873779297,True
known,7400,3,cat,3,cat,0.9580245018005371,-9.115866661071777,True
known,7401,3,cat,3,cat,0.999496579170227,-10.248608589172363,True
known,7402,0,airplane,0,airplane,0.9792871475219727,-7.491596698760986,True
known,7403,4,deer,4,deer,0.9998432397842407,-10.57946491241455,True
known,7404,8,ship,8,ship,0.9999850988388062,-12.535212516784668,True
known,7405,7,horse,7,horse,0.9997554421424866,-10.137533187866211,True
known,7406,7,horse,7,horse,0.990513801574707,-7.137516498565674,True
known,7407,9,truck,9,truck,0.9980500936508179,-8.307847023010254,True
known,7408,4,deer,3,cat,0.9981778860092163,-9.93299388885498,True
known,7409,8,ship,8,ship,0.9998458623886108,-10.01615047454834,True
known,7410,4,deer,4,deer,0.9971176385879517,-8.46389102935791,True
known,7411,5,dog,5,dog,0.9783353209495544,-9.024859428405762,True
known,7412,9,truck,9,truck,0.999667763710022,-10.04919147491455,True
known,7413,1,automobile,1,automobile,0.9988942742347717,-8.92231559753418,True
known,7414,8,ship,8,ship,0.6565114259719849,-7.374645233154297,True
known,7415,3,cat,3,cat,0.9998846054077148,-10.886911392211914,True
known,7416,1,automobile,1,automobile,0.8195061683654785,-4.740522384643555,False
known,7417,3,cat,3,cat,0.9994556307792664,-8.798060417175293,True
known,7418,8,ship,8,ship,0.9995962977409363,-9.49708080291748,True
known,7419,0,airplane,0,airplane,0.9987167119979858,-8.762798309326172,True
known,7420,3,cat,3,cat,0.9367432594299316,-7.606887340545654,True
known,7421,5,dog,5,dog,0.9993798732757568,-8.951034545898438,True
known,7422,4,deer,4,deer,0.9999362230300903,-11.656834602355957,True
known,7423,6,frog,6,frog,0.9993407130241394,-9.73973274230957,True
known,7424,9,truck,9,truck,0.9991900324821472,-8.672028541564941,True
known,7425,2,bird,2,bird,0.9989487528800964,-9.672927856445312,True
known,7426,7,horse,7,horse,0.9969198703765869,-7.3977179527282715,True
known,7427,2,bird,2,bird,0.9957326054573059,-7.430522918701172,True
known,7428,0,airplane,0,airplane,0.9999181032180786,-10.743515968322754,True
known,7429,5,dog,3,cat,0.8012049794197083,-5.8219523429870605,False
known,7430,2,bird,2,bird,0.9998021721839905,-11.537639617919922,True
known,7431,9,truck,9,truck,0.9986503720283508,-9.387458801269531,True
known,7432,7,horse,7,horse,0.9996064305305481,-9.190773963928223,True
known,7433,5,dog,5,dog,0.9999452829360962,-11.096344947814941,True
known,7434,0,airplane,0,airplane,0.999862790107727,-10.179939270019531,True
known,7435,7,horse,7,horse,0.9994376301765442,-9.072771072387695,True
known,7436,0,airplane,0,airplane,0.9856614470481873,-7.755247116088867,True
known,7437,3,cat,3,cat,0.9992751479148865,-10.778160095214844,True
known,7438,5,dog,5,dog,0.998880922794342,-8.865863800048828,True
known,7439,5,dog,3,cat,0.9667003750801086,-6.5821099281311035,True
known,7440,3,cat,3,cat,0.9999741315841675,-11.886185646057129,True
known,7441,8,ship,8,ship,0.999963641166687,-11.498082160949707,True
known,7442,7,horse,7,horse,0.9993725419044495,-9.668455123901367,True
known,7443,7,horse,7,horse,0.9998807907104492,-10.824199676513672,True
known,7444,9,truck,9,truck,0.8868349194526672,-9.117307662963867,True
known,7445,6,frog,6,frog,0.9999372959136963,-11.88784122467041,True
known,7446,5,dog,5,dog,0.9926365613937378,-7.885262966156006,True
known,7447,8,ship,8,ship,0.9998778104782104,-11.784867286682129,True
known,7448,9,truck,9,truck,0.9993287324905396,-8.727869987487793,True
known,7449,0,airplane,0,airplane,0.7238337993621826,-4.055609226226807,False
known,7450,1,automobile,1,automobile,0.9997881054878235,-9.629467964172363,True
known,7451,9,truck,9,truck,0.9982393980026245,-9.759156227111816,True
known,7452,4,deer,4,deer,0.9999759197235107,-12.070058822631836,True
known,7453,0,airplane,0,airplane,0.9869987368583679,-6.592544078826904,True
known,7454,0,airplane,0,airplane,0.9999336004257202,-11.30476188659668,True
known,7455,1,automobile,1,automobile,0.8044552803039551,-7.676272392272949,True
known,7456,7,horse,7,horse,0.9978150129318237,-9.216606140136719,True
known,7457,2,bird,2,bird,0.999671220779419,-10.835833549499512,True
known,7458,2,bird,2,bird,0.9998242259025574,-11.188522338867188,True
known,7459,8,ship,8,ship,0.9997239708900452,-9.83594036102295,True
known,7460,5,dog,5,dog,0.9885534048080444,-7.1006646156311035,True
known,7461,9,truck,9,truck,0.9992914199829102,-9.5418062210083,True
known,7462,8,ship,8,ship,0.9998002648353577,-10.402617454528809,True
known,7463,2,bird,2,bird,0.9997020363807678,-9.792108535766602,True
known,7464,8,ship,8,ship,0.9992088675498962,-8.77685546875,True
known,7465,0,airplane,0,airplane,0.9969481825828552,-8.732583999633789,True
known,7466,6,frog,6,frog,0.9993983507156372,-9.004239082336426,True
known,7467,6,frog,6,frog,0.9998003840446472,-10.12206745147705,True
known,7468,8,ship,8,ship,0.9999099969863892,-10.483010292053223,True
known,7469,6,frog,6,frog,0.9997349381446838,-10.043349266052246,True
known,7470,9,truck,9,truck,0.9996228218078613,-9.5679349899292,True
known,7471,6,frog,6,frog,0.9961207509040833,-9.141895294189453,True
known,7472,1,automobile,1,automobile,0.9989767074584961,-8.35242748260498,True
known,7473,1,automobile,1,automobile,0.9998250603675842,-9.922781944274902,True
known,7474,5,dog,5,dog,0.9997327923774719,-9.73429012298584,True
known,7475,3,cat,3,cat,0.999751627445221,-12.95754623413086,True
known,7476,5,dog,5,dog,0.9997255206108093,-10.122981071472168,True
known,7477,0,airplane,0,airplane,0.971645712852478,-7.8758392333984375,True
known,7478,7,horse,7,horse,0.9999827146530151,-12.282672882080078,True
known,7479,6,frog,6,frog,0.9997434020042419,-9.751763343811035,True
known,7480,1,automobile,1,automobile,0.9999587535858154,-11.487364768981934,True
known,7481,4,deer,4,deer,0.9998506307601929,-10.482107162475586,True
known,7482,4,deer,4,deer,0.9995309114456177,-9.66812801361084,True
known,7483,1,automobile,1,automobile,0.9920790791511536,-6.652735710144043,True
known,7484,1,automobile,1,automobile,0.999840497970581,-9.90900993347168,True
known,7485,8,ship,8,ship,0.9998165965080261,-10.074378967285156,True
known,7486,1,automobile,1,automobile,0.9998319149017334,-10.353846549987793,True
known,7487,1,automobile,1,automobile,0.99928879737854,-8.79195499420166,True
known,7488,2,bird,2,bird,0.9995551705360413,-9.593154907226562,True
known,7489,3,cat,3,cat,0.9686098694801331,-7.402292728424072,True
known,7490,4,deer,4,deer,0.9998069405555725,-10.540533065795898,True
known,7491,9,truck,5,dog,0.8780085444450378,-4.279644012451172,False
known,7492,9,truck,9,truck,0.9988094568252563,-10.884539604187012,True
known,7493,5,dog,3,cat,0.9085376262664795,-9.875985145568848,True
known,7494,2,bird,2,bird,0.9997901320457458,-10.218955039978027,True
known,7495,7,horse,7,horse,0.9996411800384521,-9.345983505249023,True
known,7496,3,cat,4,deer,0.9306115508079529,-5.938568115234375,False
known,7497,3,cat,3,cat,0.980068564414978,-8.485204696655273,True
known,7498,6,frog,6,frog,0.9945328235626221,-9.948780059814453,True
known,7499,9,truck,9,truck,0.9873223900794983,-9.477842330932617,True
known,7500,6,frog,6,frog,0.9996219873428345,-9.165502548217773,True
known,7501,9,truck,9,truck,0.9997666478157043,-9.638710975646973,True
known,7502,8,ship,8,ship,0.9996877908706665,-9.838435173034668,True
known,7503,8,ship,8,ship,0.9990957975387573,-8.619784355163574,True
known,7504,6,frog,6,frog,0.9993395209312439,-9.12489128112793,True
known,7505,7,horse,7,horse,0.9998070597648621,-9.939139366149902,True
known,7506,4,deer,4,deer,0.9999529123306274,-11.416403770446777,True
known,7507,7,horse,7,horse,0.9979027509689331,-8.95947265625,True
known,7508,2,bird,2,bird,0.8861626386642456,-6.651239395141602,True
known,7509,3,cat,5,dog,0.8579255938529968,-6.301003932952881,True
known,7510,8,ship,8,ship,0.999942421913147,-10.937556266784668,True
known,7511,0,airplane,0,airplane,0.9992603659629822,-9.527053833007812,True
known,7512,9,truck,9,truck,0.9997956156730652,-9.822020530700684,True
known,7513,0,airplane,0,airplane,0.5072256922721863,-4.349324703216553,False
known,7514,7,horse,7,horse,0.9998341798782349,-10.042105674743652,True
known,7515,8,ship,8,ship,0.9997249245643616,-9.433209419250488,True
known,7516,1,automobile,1,automobile,0.9997113347053528,-9.497893333435059,True
known,7517,2,bird,2,bird,0.9995785355567932,-10.20207405090332,True
known,7518,3,cat,3,cat,0.99994957447052,-11.313464164733887,True
known,7519,2,bird,2,bird,0.9995108842849731,-10.624311447143555,True
known,7520,4,deer,4,deer,0.8440897464752197,-7.102739334106445,True
known,7521,2,bird,2,bird,0.9998342990875244,-10.14113998413086,True
known,7522,9,truck,9,truck,0.9999712705612183,-12.007966041564941,True
known,7523,0,airplane,0,airplane,0.9992033839225769,-8.769193649291992,True
known,7524,3,cat,8,ship,0.8527230024337769,-4.8701300621032715,False
known,7525,8,ship,8,ship,0.9999020099639893,-10.401000022888184,True
known,7526,9,truck,9,truck,0.9988125562667847,-9.167308807373047,True
known,7527,6,frog,6,frog,0.9998088479042053,-10.001494407653809,True
known,7528,5,dog,5,dog,0.9999256134033203,-10.90495777130127,True
known,7529,5,dog,5,dog,0.9976953864097595,-9.26271915435791,True
known,7530,2,bird,2,bird,0.9904068112373352,-7.111171722412109,True
known,7531,4,deer,4,deer,0.9992172718048096,-9.443730354309082,True
known,7532,1,automobile,1,automobile,0.9998524188995361,-10.208909034729004,True
known,7533,0,airplane,0,airplane,0.9996176958084106,-9.331762313842773,True
known,7534,6,frog,6,frog,0.9996198415756226,-9.232748031616211,True
known,7535,1,automobile,1,automobile,0.9986618757247925,-8.30406665802002,True
known,7536,8,ship,8,ship,0.9995384216308594,-10.13994312286377,True
known,7537,4,deer,4,deer,0.9999439716339111,-11.13503360748291,True
known,7538,5,dog,5,dog,0.9999135732650757,-10.72685432434082,True
known,7539,5,dog,5,dog,0.7968865036964417,-5.72551965713501,False
known,7540,5,dog,5,dog,0.9988588094711304,-8.810039520263672,True
known,7541,0,airplane,0,airplane,0.9980138540267944,-9.749192237854004,True
known,7542,8,ship,8,ship,0.9996954202651978,-10.072236061096191,True
known,7543,9,truck,9,truck,0.9904443621635437,-9.466164588928223,True
known,7544,0,airplane,0,airplane,0.9983267188072205,-9.896333694458008,True
known,7545,5,dog,5,dog,0.9371285438537598,-8.557326316833496,True
known,7546,7,horse,7,horse,0.9999804496765137,-12.684440612792969,True
known,7547,9,truck,9,truck,0.9990925788879395,-8.370226860046387,True
known,7548,6,frog,6,frog,0.999915361404419,-10.924999237060547,True
known,7549,3,cat,3,cat,0.9869230389595032,-9.177379608154297,True
known,7550,4,deer,4,deer,0.9999001026153564,-11.182034492492676,True
known,7551,6,frog,6,frog,0.9999552965164185,-11.313624382019043,True
known,7552,4,deer,4,deer,0.99979168176651,-10.104618072509766,True
known,7553,9,truck,9,truck,0.9978126287460327,-7.808836936950684,True
known,7554,7,horse,7,horse,0.9997177720069885,-10.361565589904785,True
known,7555,1,automobile,1,automobile,0.9993553757667542,-8.651473999023438,True
known,7556,2,bird,2,bird,0.8796687126159668,-7.122936248779297,True
known,7557,5,dog,5,dog,0.9861103296279907,-7.680350303649902,True
known,7558,2,bird,2,bird,0.9985818862915039,-9.28720474243164,True
known,7559,8,ship,1,automobile,0.5104279518127441,-6.72259521484375,True
known,7560,0,airplane,0,airplane,0.9998506307601929,-10.124814987182617,True
known,7561,2,bird,7,horse,0.8403343558311462,-5.302893161773682,False
known,7562,2,bird,2,bird,0.8818848133087158,-7.61405611038208,True
known,7563,9,truck,9,truck,0.99886155128479,-8.152947425842285,True
known,7564,8,ship,8,ship,0.9997321963310242,-10.077888488769531,True
known,7565,1,automobile,1,automobile,0.9997789263725281,-9.679634094238281,True
known,7566,9,truck,9,truck,0.9999206066131592,-10.819936752319336,True
known,7567,7,horse,7,horse,0.9996040463447571,-9.783879280090332,True
known,7568,7,horse,7,horse,0.9999974966049194,-13.885869026184082,True
known,7569,3,cat,3,cat,0.9998961687088013,-10.908570289611816,True
known,7570,1,automobile,1,automobile,0.9972477555274963,-7.350704669952393,True
known,7571,4,deer,4,deer,0.9992513060569763,-9.444500923156738,True
known,7572,1,automobile,1,automobile,0.9955109357833862,-8.500113487243652,True
known,7573,1,automobile,1,automobile,0.9919320940971375,-8.053397178649902,True
known,7574,3,cat,3,cat,0.9997093081474304,-9.435173988342285,True
known,7575,8,ship,8,ship,0.9999579191207886,-11.320735931396484,True
known,7576,8,ship,8,ship,0.9998526573181152,-10.061738014221191,True
known,7577,1,automobile,1,automobile,0.9993333220481873,-8.711270332336426,True
known,7578,9,truck,9,truck,0.996207594871521,-8.398428916931152,True
known,7579,3,cat,3,cat,0.9935243129730225,-6.716066837310791,True
known,7580,8,ship,8,ship,0.9998435974121094,-10.277313232421875,True
known,7581,9,truck,9,truck,0.9996514320373535,-9.40788745880127,True
known,7582,5,dog,5,dog,0.9999207258224487,-13.542519569396973,True
known,7583,1,automobile,1,automobile,0.9997894167900085,-10.235337257385254,True
known,7584,1,automobile,1,automobile,0.9985237717628479,-7.9468584060668945,True
known,7585,6,frog,6,frog,0.9998362064361572,-10.141727447509766,True
known,7586,2,bird,2,bird,0.9996219873428345,-9.407365798950195,True
known,7587,7,horse,7,horse,0.9998937845230103,-10.913259506225586,True
known,7588,2,bird,2,bird,0.9999504089355469,-11.939983367919922,True
known,7589,6,frog,6,frog,0.9977072477340698,-9.570808410644531,True
known,7590,2,bird,2,bird,0.9665144681930542,-9.170652389526367,True
known,7591,6,frog,6,frog,0.9999070167541504,-11.05646800994873,True
known,7592,9,truck,9,truck,0.9997513890266418,-9.858942985534668,True
known,7593,6,frog,6,frog,0.9997953772544861,-10.55724811553955,True
known,7594,0,airplane,0,airplane,0.9999818801879883,-12.007083892822266,True
known,7595,1,automobile,1,automobile,0.9999107122421265,-10.596955299377441,True
known,7596,3,cat,3,cat,0.9945923686027527,-9.288617134094238,True
known,7597,9,truck,9,truck,0.9998822212219238,-10.710270881652832,True
known,7598,3,cat,3,cat,0.9995585083961487,-9.723578453063965,True
known,7599,8,ship,8,ship,0.9999749660491943,-12.317829132080078,True
known,7600,8,ship,8,ship,0.9106692671775818,-7.0701799392700195,True
known,7601,8,ship,8,ship,0.9985106587409973,-9.165310859680176,True
known,7602,2,bird,2,bird,0.9999492168426514,-11.278279304504395,True
known,7603,9,truck,9,truck,0.9997063279151917,-9.460943222045898,True
known,7604,1,automobile,1,automobile,0.999750554561615,-9.650290489196777,True
known,7605,2,bird,2,bird,0.9809960126876831,-7.529850006103516,True
known,7606,6,frog,6,frog,0.9999111890792847,-10.598002433776855,True
known,7607,0,airplane,0,airplane,0.9962169528007507,-8.272937774658203,True
known,7608,5,dog,5,dog,0.9978067278862,-8.612916946411133,True
known,7609,0,airplane,0,airplane,0.9614799618721008,-6.842370510101318,True
known,7610,7,horse,7,horse,0.9996922016143799,-9.787513732910156,True
known,7611,7,horse,4,deer,0.620808482170105,-4.411952018737793,False
known,7612,7,horse,7,horse,0.9998354911804199,-11.593315124511719,True
known,7613,9,truck,9,truck,0.9989802241325378,-8.31401538848877,True
known,7614,4,deer,4,deer,0.9995906949043274,-9.834526062011719,True
known,7615,5,dog,5,dog,0.9978843331336975,-10.2149076461792,True
known,7616,0,airplane,0,airplane,0.9999643564224243,-12.059991836547852,True
known,7617,2,bird,0,airplane,0.5897093415260315,-5.126217842102051,False
known,7618,3,cat,3,cat,0.9990525841712952,-8.539996147155762,True
known,7619,5,dog,5,dog,0.9853036403656006,-7.6386871337890625,True
known,7620,5,dog,5,dog,0.9572291970252991,-7.872268199920654,True
known,7621,8,ship,8,ship,0.999969482421875,-11.44849967956543,True
known,7622,9,truck,9,truck,0.9996092915534973,-9.773444175720215,True
known,7623,1,automobile,1,automobile,0.9995675683021545,-9.26519775390625,True
known,7624,2,bird,2,bird,0.9999983310699463,-15.048680305480957,True
known,7625,7,horse,7,horse,0.8975527882575989,-6.276292324066162,True
known,7626,1,automobile,1,automobile,0.9995124340057373,-9.699707984924316,True
known,7627,3,cat,3,cat,0.9998701810836792,-11.80013656616211,True
known,7628,4,deer,4,deer,0.9981271624565125,-8.868041038513184,True
known,7629,6,frog,6,frog,0.9981909394264221,-9.603373527526855,True
known,7630,9,truck,9,truck,0.9996312856674194,-9.187615394592285,True
known,7631,1,automobile,1,automobile,0.9997802376747131,-9.678125381469727,True
known,7632,0,airplane,0,airplane,0.6878454685211182,-4.489304065704346,False
known,7633,7,horse,7,horse,0.9949135780334473,-7.4457173347473145,True
known,7634,1,automobile,1,automobile,0.9996758699417114,-9.569758415222168,True
known,7635,9,truck,9,truck,0.9995562434196472,-9.234957695007324,True
known,7636,5,dog,5,dog,0.9995200634002686,-9.007513046264648,True
known,7637,8,ship,8,ship,0.9983534812927246,-8.622908592224121,True
known,7638,1,automobile,1,automobile,0.99703049659729,-7.886584281921387,True
known,7639,9,truck,9,truck,0.9994682669639587,-8.83535099029541,True
known,7640,9,truck,9,truck,0.9835456609725952,-8.505399703979492,True
known,7641,7,horse,7,horse,0.9999428987503052,-11.197227478027344,True
known,7642,9,truck,9,truck,0.9999254941940308,-10.690750122070312,True
known,7643,8,ship,8,ship,0.9967141151428223,-8.137938499450684,True
known,7644,3,cat,3,cat,0.8118456602096558,-8.34726333618164,True
known,7645,0,airplane,0,airplane,0.9997047781944275,-9.808107376098633,True
known,7646,2,bird,2,bird,0.9998350143432617,-10.129319190979004,True
known,7647,6,frog,6,frog,0.9958474040031433,-7.110791206359863,True
known,7648,0,airplane,0,airplane,0.7012668251991272,-4.486429214477539,False
known,7649,2,bird,2,bird,0.9999605417251587,-11.729042053222656,True
known,7650,2,bird,2,bird,0.9999125003814697,-10.87628173828125,True
known,7651,4,deer,4,deer,0.9993463158607483,-9.412633895874023,True
known,7652,0,airplane,0,airplane,0.9998080134391785,-9.922204971313477,True
known,7653,8,ship,8,ship,0.9997459053993225,-9.833312034606934,True
known,7654,4,deer,4,deer,0.999958872795105,-12.020512580871582,True
known,7655,8,ship,8,ship,0.9990184307098389,-9.219758987426758,True
known,7656,1,automobile,1,automobile,0.999417781829834,-9.448430061340332,True
known,7657,2,bird,5,dog,0.8302138447761536,-4.55514669418335,False
known,7658,7,horse,7,horse,0.9998006224632263,-9.97686767578125,True
known,7659,2,bird,2,bird,0.9999462366104126,-11.83121109008789,True
known,7660,7,horse,7,horse,0.9994632601737976,-9.278858184814453,True
known,7661,9,truck,9,truck,0.999870777130127,-11.47182846069336,True
known,7662,5,dog,5,dog,0.9999727010726929,-12.706934928894043,True
known,7663,2,bird,2,bird,0.998415470123291,-7.964317798614502,True
known,7664,2,bird,2,bird,0.9999418258666992,-11.135553359985352,True
known,7665,9,truck,9,truck,0.9999573230743408,-11.829972267150879,True
known,7666,2,bird,2,bird,0.9995587468147278,-10.722907066345215,True
known,7667,6,frog,6,frog,0.9996272325515747,-10.442854881286621,True
known,7668,5,dog,5,dog,0.9982759952545166,-9.042121887207031,True
known,7669,7,horse,7,horse,0.7876406908035278,-6.449527263641357,True
known,7670,2,bird,2,bird,0.8164865970611572,-5.429131984710693,False
known,7671,5,dog,5,dog,0.9996683597564697,-10.103567123413086,True
known,7672,6,frog,6,frog,0.9997636675834656,-9.896794319152832,True
known,7673,5,dog,5,dog,0.9355909824371338,-7.2966532707214355,True
known,7674,1,automobile,1,automobile,0.9739332795143127,-7.085897922515869,True
known,7675,8,ship,8,ship,0.9849521517753601,-7.838373184204102,True
known,7676,2,bird,2,bird,0.9998539686203003,-10.981695175170898,True
known,7677,6,frog,6,frog,0.9998363256454468,-10.181656837463379,True
known,7678,8,ship,8,ship,0.9998601675033569,-10.872982025146484,True
known,7679,6,frog,6,frog,0.999233603477478,-9.274556159973145,True
known,7680,3,cat,5,dog,0.9589403867721558,-7.378265857696533,True
known,7681,0,airplane,0,airplane,0.9998786449432373,-10.333996772766113,True
known,7682,8,ship,8,ship,0.999840497970581,-10.73110294342041,True
known,7683,0,airplane,0,airplane,0.9995798468589783,-9.392822265625,True
known,7684,0,airplane,0,airplane,0.999980092048645,-12.963109970092773,True
known,7685,9,truck,9,truck,0.6835219860076904,-6.606301784515381,True
known,7686,9,truck,9,truck,0.9999239444732666,-10.963521003723145,True
known,7687,6,frog,6,frog,0.9900029897689819,-6.977280139923096,True
known,7688,8,ship,8,ship,0.9999172687530518,-10.755386352539062,True
known,7689,0,airplane,0,airplane,0.9764584302902222,-8.37563705444336,True
known,7690,6,frog,6,frog,0.9997217059135437,-9.55833625793457,True
known,7691,6,frog,6,frog,0.9998939037322998,-10.571885108947754,True
known,7692,0,airplane,0,airplane,0.999765932559967,-9.847955703735352,True
known,7693,7,horse,7,horse,0.9998284578323364,-10.19519329071045,True
known,7694,9,truck,9,truck,0.9986728429794312,-8.66684627532959,True
known,7695,8,ship,8,ship,0.999922513961792,-10.752795219421387,True
known,7696,0,airplane,0,airplane,0.9998156428337097,-10.358963012695312,True
known,7697,5,dog,5,dog,0.9988242983818054,-9.216435432434082,True
known,7698,0,airplane,0,airplane,0.9997743964195251,-9.706192016601562,True
known,7699,9,truck,9,truck,0.999931812286377,-11.13964557647705,True
known,7700,6,frog,6,frog,0.9995135068893433,-9.11791706085205,True
known,7701,0,airplane,0,airplane,0.9998774528503418,-10.129100799560547,True
known,7702,4,deer,4,deer,0.9999284744262695,-11.064815521240234,True
known,7703,7,horse,7,horse,0.9993612170219421,-8.742020606994629,True
known,7704,1,automobile,1,automobile,0.998170018196106,-7.780733108520508,True
known,7705,7,horse,7,horse,0.9997338652610779,-10.752273559570312,True
known,7706,8,ship,8,ship,0.9994775652885437,-9.494436264038086,True
known,7707,8,ship,8,ship,0.9960770010948181,-7.3976945877075195,True
known,7708,2,bird,2,bird,0.9722065329551697,-7.376562118530273,True
known,7709,3,cat,3,cat,0.6576453447341919,-5.491164684295654,False
known,7710,9,truck,9,truck,0.9995892643928528,-9.188200950622559,True
known,7711,6,frog,6,frog,0.5807053446769714,-4.854094982147217,False
known,7712,5,dog,5,dog,0.999817430973053,-10.841570854187012,True
known,7713,5,dog,5,dog,0.9986498951911926,-8.214738845825195,True
known,7714,3,cat,3,cat,0.9976006150245667,-9.40302562713623,True
known,7715,1,automobile,1,automobile,0.9998692274093628,-10.282596588134766,True
known,7716,5,dog,5,dog,0.9998100399971008,-10.614351272583008,True
known,7717,3,cat,3,cat,0.9993444085121155,-8.975614547729492,True
known,7718,0,airplane,0,airplane,0.9998407363891602,-10.973445892333984,True
known,7719,2,bird,2,bird,0.999951958656311,-11.9231538772583,True
known,7720,5,dog,5,dog,0.9989700317382812,-10.631075859069824,True
known,7721,2,bird,2,bird,0.9975665807723999,-8.572338104248047,True
known,7722,7,horse,7,horse,0.9997807145118713,-10.072356224060059,True
known,7723,3,cat,3,cat,0.9939250349998474,-7.694139003753662,True
known,7724,8,ship,8,ship,0.9998251795768738,-9.970545768737793,True
known,7725,4,deer,4,deer,0.9997716546058655,-10.025895118713379,True
known,7726,4,deer,4,deer,0.9999474287033081,-11.40331745147705,True
known,7727,6,frog,6,frog,0.9996362924575806,-9.23798656463623,True
known,7728,1,automobile,1,automobile,0.9996459484100342,-9.634787559509277,True
known,7729,9,truck,9,truck,0.9999599456787109,-11.619091987609863,True
known,7730,4,deer,4,deer,0.9823906421661377,-7.527159690856934,True
known,7731,1,automobile,1,automobile,0.9997488856315613,-9.537290573120117,True
known,7732,7,horse,7,horse,0.9998868703842163,-11.028520584106445,True
known,7733,0,airplane,0,airplane,0.9999582767486572,-11.760740280151367,True
known,7734,1,automobile,1,automobile,0.9993723034858704,-9.628039360046387,True
known,7735,4,deer,4,deer,0.9992662072181702,-9.091813087463379,True
known,7736,3,cat,3,cat,0.3655329644680023,-4.172585964202881,False
known,7737,0,airplane,0,airplane,0.999970555305481,-11.621667861938477,True
known,7738,2,bird,2,bird,0.9994503855705261,-8.962554931640625,True
known,7739,9,truck,9,truck,0.9985248446464539,-8.232824325561523,True
known,7740,4,deer,4,deer,0.9998519420623779,-11.177888870239258,True
known,7741,5,dog,5,dog,0.999454915523529,-10.426194190979004,True
known,7742,0,airplane,0,airplane,0.9995855689048767,-9.748355865478516,True
known,7743,3,cat,3,cat,0.9999332427978516,-11.125327110290527,True
known,7744,4,deer,4,deer,0.6759774088859558,-4.537744522094727,False
known,7745,7,horse,7,horse,0.9994609951972961,-9.940515518188477,True
known,7746,2,bird,2,bird,0.9999765157699585,-12.401446342468262,True
known,7747,3,cat,3,cat,0.9994117021560669,-8.861428260803223,True
known,7748,0,airplane,0,airplane,0.9997054934501648,-10.096694946289062,True
known,7749,1,automobile,1,automobile,0.9987140893936157,-8.084334373474121,True
known,7750,3,cat,3,cat,0.7173650860786438,-7.5416579246521,True
known,7751,7,horse,7,horse,0.9999223947525024,-11.73974895477295,True
known,7752,9,truck,9,truck,0.9993627667427063,-9.002942085266113,True
known,7753,9,truck,9,truck,0.9999219179153442,-10.717808723449707,True
known,7754,0,airplane,0,airplane,0.9193381071090698,-6.12002420425415,False
known,7755,7,horse,7,horse,0.9996213912963867,-9.320035934448242,True
known,7756,5,dog,5,dog,0.9990457892417908,-9.798768043518066,True
known,7757,6,frog,6,frog,0.9999512434005737,-11.168185234069824,True
known,7758,7,horse,7,horse,0.9998810291290283,-10.40429973602295,True
known,7759,1,automobile,1,automobile,0.99980229139328,-9.841504096984863,True
known,7760,2,bird,2,bird,0.7404813170433044,-6.966276168823242,True
known,7761,2,bird,3,cat,0.9785047769546509,-7.482876300811768,True
known,7762,7,horse,7,horse,0.999875545501709,-10.198712348937988,True
known,7763,4,deer,4,deer,0.8630101680755615,-5.373844146728516,False
known,7764,6,frog,6,frog,0.9997681975364685,-9.875570297241211,True
known,7765,8,ship,8,ship,0.9999730587005615,-11.62208080291748,True
known,7766,4,deer,4,deer,0.9962873458862305,-8.70702075958252,True
known,7767,9,truck,9,truck,0.9996463060379028,-9.270499229431152,True
known,7768,8,ship,8,ship,0.9999568462371826,-11.343415260314941,True
known,7769,4,deer,4,deer,0.9693525433540344,-7.574810028076172,True
known,7770,9,truck,9,truck,0.9999089241027832,-10.54705810546875,True
known,7771,2,bird,2,bird,0.9999493360519409,-11.303262710571289,True
known,7772,3,cat,3,cat,0.9987984895706177,-8.664022445678711,True
known,7773,4,deer,4,deer,0.9975565671920776,-7.844795227050781,True
known,7774,0,airplane,0,airplane,0.9995055198669434,-9.172515869140625,True
known,7775,2,bird,2,bird,0.9998660087585449,-10.696050643920898,True
known,7776,5,dog,5,dog,0.999962329864502,-11.957772254943848,True
known,7777,6,frog,6,frog,0.9991695880889893,-8.521607398986816,True
known,7778,0,airplane,0,airplane,0.8350104689598083,-5.069372653961182,False
known,7779,5,dog,5,dog,0.9984344840049744,-8.510824203491211,True
known,7780,3,cat,3,cat,0.996955394744873,-7.916689395904541,True
known,7781,5,dog,5,dog,0.9998552799224854,-11.167948722839355,True
known,7782,8,ship,8,ship,0.9996989965438843,-9.338934898376465,True
known,7783,3,cat,3,cat,0.9975679516792297,-8.328250885009766,True
known,7784,7,horse,7,horse,0.7541427612304688,-6.0543365478515625,False
known,7785,4,deer,4,deer,0.9925234913825989,-7.258938789367676,True
known,7786,9,truck,9,truck,0.999478280544281,-9.268413543701172,True
known,7787,5,dog,5,dog,0.9994096755981445,-11.420950889587402,True
known,7788,6,frog,6,frog,0.9999649524688721,-11.586610794067383,True
known,7789,3,cat,3,cat,0.9998155236244202,-10.297779083251953,True
known,7790,8,ship,8,ship,0.9998181462287903,-10.262639045715332,True
known,7791,6,frog,6,frog,0.9997791647911072,-10.675750732421875,True
known,7792,9,truck,9,truck,0.7497453689575195,-5.187366962432861,False
known,7793,8,ship,8,ship,0.9999312162399292,-11.305296897888184,True
known,7794,5,dog,5,dog,0.9661746025085449,-7.970512390136719,True
known,7795,5,dog,5,dog,0.9988366961479187,-8.734917640686035,True
known,7796,8,ship,8,ship,0.9997063279151917,-9.781939506530762,True
known,7797,3,cat,3,cat,0.5564952492713928,-5.311844348907471,False
known,7798,5,dog,5,dog,0.9996662139892578,-10.753899574279785,True
known,7799,9,truck,9,truck,0.9995846152305603,-9.557342529296875,True
known,7800,0,airplane,0,airplane,0.9962491393089294,-8.484430313110352,True
known,7801,4,deer,4,deer,0.9990723133087158,-8.696738243103027,True
known,7802,2,bird,2,bird,0.9800634384155273,-7.264833450317383,True
known,7803,0,airplane,0,airplane,0.9989140033721924,-9.156705856323242,True
known,7804,5,dog,5,dog,0.9994921684265137,-9.421951293945312,True
known,7805,9,truck,9,truck,0.9982690811157227,-10.809986114501953,True
known,7806,9,truck,9,truck,0.9750433564186096,-6.718931198120117,True
known,7807,3,cat,3,cat,0.9999791383743286,-12.561948776245117,True
known,7808,8,ship,8,ship,0.9999423027038574,-11.110392570495605,True
known,7809,0,airplane,0,airplane,0.9954772591590881,-8.550467491149902,True
known,7810,6,frog,6,frog,0.9995726943016052,-9.117789268493652,True
known,7811,0,airplane,0,airplane,0.9626802802085876,-7.88193941116333,True
known,7812,2,bird,2,bird,0.9417634010314941,-6.440936088562012,True
known,7813,3,cat,5,dog,0.5102913975715637,-5.212451457977295,False
known,7814,7,horse,7,horse,0.999727189540863,-9.650115013122559,True
known,7815,0,airplane,0,airplane,0.9784817099571228,-7.133215427398682,True
known,7816,0,airplane,0,airplane,0.9934602975845337,-8.709112167358398,True
known,7817,6,frog,6,frog,0.9996356964111328,-10.092055320739746,True
known,7818,9,truck,9,truck,0.9996416568756104,-9.630653381347656,True
known,7819,1,automobile,1,automobile,0.9998056292533875,-9.97182846069336,True
known,7820,5,dog,5,dog,0.9995400905609131,-9.429327964782715,True
known,7821,2,bird,2,bird,0.998699426651001,-8.374780654907227,True
known,7822,2,bird,2,bird,0.9987697005271912,-9.639753341674805,True
known,7823,7,horse,7,horse,0.9995597004890442,-9.298367500305176,True
known,7824,9,truck,9,truck,0.9930588006973267,-7.677539348602295,True
known,7825,3,cat,3,cat,0.9945152401924133,-6.956887722015381,True
known,7826,9,truck,9,truck,0.9998898506164551,-10.823653221130371,True
known,7827,3,cat,5,dog,0.6952651143074036,-6.866483211517334,True
known,7828,5,dog,5,dog,0.9992161989212036,-8.752411842346191,True
known,7829,2,bird,2,bird,0.9975473284721375,-8.27000904083252,True
known,7830,2,bird,2,bird,0.999503493309021,-9.180817604064941,True
known,7831,2,bird,2,bird,0.9992019534111023,-10.256307601928711,True
known,7832,8,ship,8,ship,0.9999216794967651,-10.838194847106934,True
known,7833,8,ship,8,ship,0.9993283748626709,-8.950234413146973,True
known,7834,5,dog,5,dog,0.9999971389770508,-14.142007827758789,True
known,7835,0,airplane,0,airplane,0.9993444085121155,-9.820839881896973,True
known,7836,0,airplane,0,airplane,0.9998730421066284,-10.6396484375,True
known,7837,7,horse,7,horse,0.9998395442962646,-10.044553756713867,True
known,7838,0,airplane,0,airplane,0.9999922513961792,-12.733785629272461,True
known,7839,3,cat,4,deer,0.9560556411743164,-7.694396495819092,True
known,7840,1,automobile,1,automobile,0.9987668991088867,-8.298222541809082,True
known,7841,6,frog,6,frog,0.8944213390350342,-5.596715450286865,False
known,7842,5,dog,5,dog,0.4484628438949585,-3.6840310096740723,False
known,7843,0,airplane,0,airplane,0.9868339896202087,-6.910461902618408,True
known,7844,9,truck,9,truck,0.9998044371604919,-9.833137512207031,True
known,7845,2,bird,2,bird,0.9998477697372437,-10.088254928588867,True
known,7846,6,frog,6,frog,0.9958970546722412,-9.386608123779297,True
known,7847,7,horse,7,horse,0.9998031258583069,-10.82748031616211,True
known,7848,4,deer,4,deer,0.999666690826416,-9.586430549621582,True
known,7849,2,bird,2,bird,0.9994900226593018,-10.247587203979492,True
known,7850,0,airplane,0,airplane,0.9999184608459473,-11.929590225219727,True
known,7851,0,airplane,0,airplane,0.9959405660629272,-7.429267883300781,True
known,7852,5,dog,5,dog,0.9744979739189148,-7.9161272048950195,True
known,7853,3,cat,5,dog,0.716484010219574,-6.124742031097412,False
known,7854,3,cat,3,cat,0.9996199607849121,-9.390448570251465,True
known,7855,2,bird,2,bird,0.9547081589698792,-6.595456123352051,True
known,7856,6,frog,6,frog,0.9993599057197571,-8.769377708435059,True
known,7857,4,deer,4,deer,0.9998712539672852,-10.894303321838379,True
known,7858,2,bird,2,bird,0.9997106194496155,-10.621606826782227,True
known,7859,7,horse,7,horse,0.9999279975891113,-10.744650840759277,True
known,7860,8,ship,8,ship,0.9989784955978394,-8.530988693237305,True
known,7861,0,airplane,0,airplane,0.9614433646202087,-5.524867057800293,False
known,7862,1,automobile,1,automobile,0.9996161460876465,-9.495793342590332,True
known,7863,0,airplane,0,airplane,0.9989577531814575,-9.718217849731445,True
known,7864,1,automobile,1,automobile,0.9998277425765991,-10.594931602478027,True
known,7865,3,cat,3,cat,0.9973375201225281,-7.5277934074401855,True
known,7866,6,frog,6,frog,0.9997416138648987,-10.654799461364746,True
known,7867,4,deer,4,deer,0.9998747110366821,-10.42667293548584,True
known,7868,8,ship,8,ship,0.9998416900634766,-10.21537971496582,True
known,7869,0,airplane,0,airplane,0.9995645880699158,-10.033245086669922,True
known,7870,6,frog,6,frog,0.9991105198860168,-8.786322593688965,True
known,7871,0,airplane,0,airplane,0.9994007349014282,-10.066535949707031,True
known,7872,9,truck,9,truck,0.9995785355567932,-9.36980152130127,True
known,7873,1,automobile,1,automobile,0.9993743300437927,-8.958480834960938,True
known,7874,6,frog,6,frog,0.9999523162841797,-11.436501502990723,True
known,7875,2,bird,5,dog,0.8096617460250854,-5.187158584594727,False
known,7876,1,automobile,1,automobile,0.9975281357765198,-7.535341262817383,True
known,7877,0,airplane,0,airplane,0.9917307496070862,-6.812610149383545,True
known,7878,1,automobile,1,automobile,0.999923825263977,-10.896187782287598,True
known,7879,3,cat,3,cat,0.9997401833534241,-9.840749740600586,True
known,7880,0,airplane,0,airplane,0.9999213218688965,-11.04130744934082,True
known,7881,3,cat,3,cat,0.6228724122047424,-5.070343494415283,False
known,7882,7,horse,7,horse,0.9995711445808411,-9.47055721282959,True
known,7883,9,truck,9,truck,0.9999071359634399,-11.205483436584473,True
known,7884,9,truck,9,truck,0.9996951818466187,-9.648872375488281,True
known,7885,3,cat,3,cat,0.9984082579612732,-7.89573335647583,True
known,7886,7,horse,7,horse,0.9994833469390869,-8.892828941345215,True
known,7887,5,dog,5,dog,0.9944648146629333,-8.0354585647583,True
known,7888,7,horse,7,horse,0.9999744892120361,-12.511847496032715,True
known,7889,1,automobile,1,automobile,0.9995642304420471,-9.33344841003418,True
known,7890,6,frog,6,frog,0.9989038705825806,-10.013976097106934,True
known,7891,6,frog,6,frog,0.9991070628166199,-8.781038284301758,True
known,7892,1,automobile,1,automobile,0.5289692282676697,-7.073633193969727,True
known,7893,1,automobile,1,automobile,0.9965429902076721,-8.474023818969727,True
known,7894,1,automobile,1,automobile,0.9993950128555298,-8.784642219543457,True
known,7895,4,deer,4,deer,0.9998776912689209,-10.553272247314453,True
known,7896,4,deer,4,deer,0.822772204875946,-6.062018394470215,False
known,7897,2,bird,2,bird,0.9999953508377075,-13.456113815307617,True
known,7898,1,automobile,1,automobile,0.9994891881942749,-9.02415943145752,True
known,7899,7,horse,7,horse,0.9998917579650879,-11.431257247924805,True
known,7900,0,airplane,0,airplane,0.9972350001335144,-8.22361946105957,True
known,7901,1,automobile,1,automobile,0.99912029504776,-8.511299133300781,True
known,7902,2,bird,2,bird,0.9999239444732666,-10.8189697265625,True
known,7903,1,automobile,1,automobile,0.998702883720398,-9.29443073272705,True
known,7904,1,automobile,1,automobile,0.9994962215423584,-9.139108657836914,True
known,7905,3,cat,3,cat,0.999538779258728,-9.283740043640137,True
known,7906,2,bird,4,deer,0.6442332863807678,-5.873956680297852,False
known,7907,6,frog,6,frog,0.999620795249939,-9.39659595489502,True
known,7908,9,truck,9,truck,0.9995738863945007,-9.283595085144043,True
known,7909,1,automobile,1,automobile,0.8733682036399841,-7.518331050872803,True
known,7910,3,cat,3,cat,0.9985253214836121,-9.802191734313965,True
known,7911,2,bird,2,bird,0.9999010562896729,-10.820119857788086,True
known,7912,0,airplane,0,airplane,0.9951472878456116,-7.310670852661133,True
known,7913,8,ship,8,ship,0.9939057230949402,-9.050106048583984,True
known,7914,7,horse,7,horse,0.9997054934501648,-9.555617332458496,True
known,7915,3,cat,3,cat,0.9977617263793945,-9.67238998413086,True
known,7916,4,deer,5,dog,0.44759806990623474,-3.4763219356536865,False
known,7917,6,frog,6,frog,0.9998268485069275,-10.278786659240723,True
known,7918,4,deer,4,deer,0.9532422423362732,-6.4022417068481445,True
known,7919,6,frog,6,frog,0.9997376799583435,-9.794017791748047,True
known,7920,9,truck,9,truck,0.9987311959266663,-8.28602123260498,True
known,7921,4,deer,5,dog,0.8344092965126038,-6.013797283172607,False
known,7922,8,ship,8,ship,0.999895453453064,-10.379249572753906,True
known,7923,9,truck,9,truck,0.9995326995849609,-9.186009407043457,True
known,7924,3,cat,3,cat,0.9961393475532532,-9.166865348815918,True
known,7925,0,airplane,0,airplane,0.9995031356811523,-11.120451927185059,True
known,7926,5,dog,5,dog,0.9996986389160156,-9.70471477508545,True
known,7927,7,horse,7,horse,0.9999183416366577,-10.638885498046875,True
known,7928,2,bird,2,bird,0.9999328851699829,-11.091882705688477,True
known,7929,0,airplane,0,airplane,0.98751300573349,-8.739715576171875,True
known,7930,2,bird,2,bird,0.9740427136421204,-8.500977516174316,True
known,7931,9,truck,3,cat,0.37739500403404236,-2.6157901287078857,False
known,7932,9,truck,9,truck,0.9996091723442078,-9.543288230895996,True
known,7933,3,cat,3,cat,0.9990718364715576,-11.094685554504395,True
known,7934,8,ship,8,ship,0.9999233484268188,-10.889546394348145,True
known,7935,7,horse,7,horse,0.9948127269744873,-7.498105049133301,True
known,7936,1,automobile,1,automobile,0.9996830224990845,-9.273795127868652,True
known,7937,1,automobile,1,automobile,0.9997891783714294,-9.662671089172363,True
known,7938,2,bird,2,bird,0.9999538660049438,-11.151448249816895,True
known,7939,2,bird,2,bird,0.9954727292060852,-9.541069984436035,True
known,7940,2,bird,2,bird,0.9970592260360718,-8.217204093933105,True
known,7941,5,dog,6,frog,0.6975604891777039,-4.890508651733398,False
known,7942,9,truck,9,truck,0.999143123626709,-8.528478622436523,True
known,7943,1,automobile,1,automobile,0.9965049028396606,-7.512564659118652,True
known,7944,2,bird,2,bird,0.9999544620513916,-11.384439468383789,True
known,7945,6,frog,6,frog,0.9997654557228088,-10.688809394836426,True
known,7946,1,automobile,1,automobile,0.9997509121894836,-9.937722206115723,True
known,7947,2,bird,2,bird,0.9836276769638062,-7.455474853515625,True
known,7948,1,automobile,1,automobile,0.9998036026954651,-10.13037395477295,True
known,7949,8,ship,8,ship,0.9995065927505493,-9.27824878692627,True
known,7950,9,truck,9,truck,0.99104905128479,-7.413667678833008,True
known,7951,2,bird,2,bird,0.998603880405426,-8.63180160522461,True
known,7952,3,cat,2,bird,0.5949912667274475,-5.403692722320557,False
known,7953,1,automobile,1,automobile,0.9996750354766846,-9.492451667785645,True
known,7954,9,truck,9,truck,0.999772846698761,-9.659117698669434,True
known,7955,9,truck,9,truck,0.9998966455459595,-10.568519592285156,True
known,7956,4,deer,4,deer,0.6619547009468079,-5.106590270996094,False
known,7957,4,deer,4,deer,0.9999277591705322,-10.81272029876709,True
known,7958,5,dog,5,dog,0.9868966937065125,-6.712733745574951,True
known,7959,5,dog,5,dog,0.9949312806129456,-8.136903762817383,True
known,7960,0,airplane,0,airplane,0.9804710149765015,-7.75678014755249,True
known,7961,3,cat,3,cat,0.9990116357803345,-8.682519912719727,True
known,7962,3,cat,3,cat,0.9964851140975952,-7.926479339599609,True
known,7963,7,horse,7,horse,0.9999032020568848,-10.68740463256836,True
known,7964,1,automobile,1,automobile,0.9997954964637756,-10.270833015441895,True
known,7965,7,horse,7,horse,0.9999240636825562,-10.581899642944336,True
known,7966,7,horse,7,horse,0.9998624324798584,-10.098250389099121,True
known,7967,9,truck,9,truck,0.588250458240509,-5.3442606925964355,False
known,7968,8,ship,8,ship,0.9998143315315247,-9.840970039367676,True
known,7969,6,frog,6,frog,0.9994311928749084,-9.136670112609863,True
known,7970,3,cat,3,cat,0.9805822968482971,-7.026968955993652,True
known,7971,5,dog,5,dog,0.9993680119514465,-9.142315864562988,True
known,7972,5,dog,5,dog,0.9999041557312012,-12.5576753616333,True
known,7973,1,automobile,1,automobile,0.9995624423027039,-9.018355369567871,True
known,7974,6,frog,6,frog,0.9992444515228271,-10.051762580871582,True
known,7975,2,bird,2,bird,0.9997665286064148,-10.055156707763672,True
known,7976,7,horse,7,horse,0.9556660056114197,-6.626095294952393,True
known,7977,8,ship,8,ship,0.9999053478240967,-10.565409660339355,True
known,7978,4,deer,4,deer,0.9941938519477844,-7.896018028259277,True
known,7979,3,cat,3,cat,0.9992426633834839,-10.530720710754395,True
known,7980,3,cat,3,cat,0.9779734015464783,-9.842989921569824,True
known,7981,5,dog,5,dog,0.9993869066238403,-10.037322998046875,True
known,7982,9,truck,9,truck,0.999927282333374,-10.624516487121582,True
known,7983,6,frog,6,frog,0.9987154006958008,-8.61401653289795,True
known,7984,8,ship,8,ship,0.9996258020401001,-9.271940231323242,True
known,7985,5,dog,5,dog,0.9997904896736145,-10.44182300567627,True
known,7986,1,automobile,1,automobile,0.9997363686561584,-9.864665985107422,True
known,7987,0,airplane,0,airplane,0.9995998740196228,-9.381743431091309,True
known,7988,6,frog,6,frog,0.9996232986450195,-10.768173217773438,True
known,7989,7,horse,7,horse,0.9993671774864197,-9.15219783782959,True
known,7990,0,airplane,0,airplane,0.7245911955833435,-4.55043363571167,False
known,7991,9,truck,9,truck,0.9997346997261047,-10.279807090759277,True
known,7992,6,frog,6,frog,0.9998618364334106,-10.963814735412598,True
known,7993,2,bird,2,bird,0.9610328674316406,-6.365473747253418,True
known,7994,0,airplane,0,airplane,0.9992031455039978,-9.031575202941895,True
known,7995,8,ship,8,ship,0.9997228980064392,-9.935330390930176,True
known,7996,7,horse,7,horse,0.9997996687889099,-10.712115287780762,True
known,7997,1,automobile,1,automobile,0.9993645548820496,-8.699658393859863,True
known,7998,2,bird,2,bird,0.9999271631240845,-11.108659744262695,True
known,7999,6,frog,2,bird,0.8212662935256958,-6.197155952453613,False
known,8000,9,truck,9,truck,0.99937903881073,-8.79555606842041,True
known,8001,1,automobile,1,automobile,0.9987249970436096,-8.309601783752441,True
known,8002,6,frog,6,frog,0.9978222846984863,-8.398947715759277,True
known,8003,4,deer,4,deer,0.9991568326950073,-9.042067527770996,True
known,8004,7,horse,7,horse,0.999954104423523,-11.099273681640625,True
known,8005,1,automobile,1,automobile,0.9946655035018921,-6.785294532775879,True
known,8006,9,truck,9,truck,0.907396137714386,-5.263105869293213,False
known,8007,0,airplane,0,airplane,0.9998865127563477,-10.717453002929688,True
known,8008,0,airplane,0,airplane,0.9999345541000366,-10.98425006866455,True
known,8009,5,dog,5,dog,0.9566294550895691,-6.991932392120361,True
known,8010,2,bird,2,bird,0.9996190071105957,-9.952550888061523,True
known,8011,8,ship,8,ship,0.9995473027229309,-9.577880859375,True
known,8012,3,cat,3,cat,0.9996494054794312,-9.224394798278809,True
known,8013,8,ship,8,ship,0.9903614521026611,-7.690813064575195,True
known,8014,2,bird,3,cat,0.9534212350845337,-7.78624153137207,True
known,8015,8,ship,8,ship,0.9998811483383179,-10.43591594696045,True
known,8016,4,deer,4,deer,0.9998363256454468,-11.050151824951172,True
known,8017,0,airplane,0,airplane,0.9983260035514832,-9.887517929077148,True
known,8018,8,ship,8,ship,0.9997802376747131,-10.054173469543457,True
known,8019,3,cat,3,cat,0.9998723268508911,-10.499092102050781,True
known,8020,6,frog,6,frog,0.8450087308883667,-4.977203369140625,False
known,8021,1,automobile,1,automobile,0.9994208812713623,-8.854143142700195,True
known,8022,2,bird,2,bird,0.7962396144866943,-5.460072994232178,False
known,8023,3,cat,3,cat,0.9998433589935303,-10.041441917419434,True
known,8024,0,airplane,0,airplane,0.9998598098754883,-11.292917251586914,True
known,8025,5,dog,5,dog,0.9999831914901733,-13.572848320007324,True
known,8026,0,airplane,0,airplane,0.9999545812606812,-11.620161056518555,True
known,8027,4,deer,4,deer,0.999945878982544,-12.422821998596191,True
known,8028,1,automobile,1,automobile,0.9997422099113464,-9.474724769592285,True
known,8029,7,horse,7,horse,0.9998912811279297,-10.708221435546875,True
known,8030,2,bird,2,bird,0.9998911619186401,-10.485602378845215,True
known,8031,0,airplane,0,airplane,0.9917709827423096,-7.288938522338867,True
known,8032,1,automobile,1,automobile,0.9990591406822205,-9.642226219177246,True
known,8033,3,cat,5,dog,0.8810604214668274,-8.986445426940918,True
known,8034,9,truck,9,truck,0.9899836778640747,-7.2230939865112305,True
known,8035,1,automobile,1,automobile,0.9900998473167419,-6.6799821853637695,True
known,8036,6,frog,6,frog,0.9989069700241089,-9.27432918548584,True
known,8037,1,automobile,1,automobile,0.9997095465660095,-9.593506813049316,True
known,8038,6,frog,6,frog,0.9998383522033691,-10.240928649902344,True
known,8039,1,automobile,1,automobile,0.9991669654846191,-8.557547569274902,True
known,8040,2,bird,2,bird,0.9998601675033569,-10.216727256774902,True
known,8041,8,ship,8,ship,0.9990467429161072,-8.851845741271973,True
known,8042,7,horse,7,horse,0.998393714427948,-7.987066745758057,True
known,8043,0,airplane,0,airplane,0.9993258714675903,-8.881363868713379,True
known,8044,9,truck,9,truck,0.9986786246299744,-8.224455833435059,True
known,8045,5,dog,5,dog,0.9999265670776367,-11.514724731445312,True
known,8046,8,ship,8,ship,0.9524664282798767,-6.252283573150635,True
known,8047,0,airplane,0,airplane,0.9976857900619507,-8.860929489135742,True
known,8048,0,airplane,0,airplane,0.7966362237930298,-4.6991400718688965,False
known,8049,1,automobile,1,automobile,0.9993720650672913,-8.774771690368652,True
known,8050,7,horse,7,horse,0.9997583031654358,-10.565530776977539,True
known,8051,9,truck,9,truck,0.9996483325958252,-9.30909538269043,True
known,8052,7,horse,7,horse,0.9942291975021362,-7.588569641113281,True
known,8053,1,automobile,1,automobile,0.9998120665550232,-9.994037628173828,True
known,8054,9,truck,9,truck,0.9975422620773315,-8.247876167297363,True
known,8055,2,bird,2,bird,0.9993991851806641,-9.085926055908203,True
known,8056,1,automobile,1,automobile,0.999785840511322,-9.859452247619629,True
known,8057,9,truck,9,truck,0.9998952150344849,-10.788715362548828,True
known,8058,4,deer,4,deer,0.8846220374107361,-5.280277252197266,False
known,8059,3,cat,3,cat,0.9994854927062988,-8.999192237854004,True
known,8060,6,frog,6,frog,0.9999407529830933,-10.950526237487793,True
known,8061,0,airplane,0,airplane,0.9998629093170166,-10.164082527160645,True
known,8062,2,bird,2,bird,0.9995540976524353,-9.205472946166992,True
known,8063,0,airplane,0,airplane,0.9995799660682678,-10.084836959838867,True
known,8064,0,airplane,0,airplane,0.9985494017601013,-9.351106643676758,True
known,8065,9,truck,9,truck,0.9999426603317261,-11.156628608703613,True
known,8066,9,truck,9,truck,0.9866527915000916,-6.846294403076172,True
known,8067,8,ship,8,ship,0.9998859167098999,-10.480216026306152,True
known,8068,9,truck,9,truck,0.9966849684715271,-7.197078704833984,True
known,8069,4,deer,4,deer,0.9993987083435059,-10.140922546386719,True
known,8070,5,dog,5,dog,0.999626636505127,-9.445054054260254,True
known,8071,4,deer,4,deer,0.9996939897537231,-10.06894588470459,True
known,8072,3,cat,3,cat,0.9995668530464172,-9.380043029785156,True
known,8073,0,airplane,0,airplane,0.9992573857307434,-9.435681343078613,True
known,8074,7,horse,7,horse,0.9997307658195496,-10.636608123779297,True
known,8075,8,ship,8,ship,0.9997337460517883,-9.496752738952637,True
known,8076,7,horse,7,horse,0.9997542500495911,-9.570355415344238,True
known,8077,3,cat,3,cat,0.9991538524627686,-8.95102310180664,True
known,8078,7,horse,7,horse,0.99982750415802,-10.456120491027832,True
known,8079,5,dog,5,dog,0.999724805355072,-11.230851173400879,True
known,8080,4,deer,4,deer,0.9999450445175171,-11.436447143554688,True
known,8081,6,frog,6,frog,0.9998369216918945,-10.2162504196167,True
known,8082,5,dog,5,dog,0.999690055847168,-9.613720893859863,True
known,8083,9,truck,9,truck,0.9989474415779114,-8.277542114257812,True
known,8084,5,dog,5,dog,0.9010300040245056,-6.411538600921631,True
known,8085,2,bird,2,bird,0.9997735619544983,-10.236068725585938,True
known,8086,4,deer,4,deer,0.993988037109375,-7.384591102600098,True
known,8087,2,bird,2,bird,0.7733410000801086,-5.159325122833252,False
known,8088,7,horse,7,horse,0.999954342842102,-11.185653686523438,True
known,8089,9,truck,9,truck,0.9993613362312317,-8.690370559692383,True
known,8090,6,frog,6,frog,0.9997914433479309,-10.410377502441406,True
known,8091,7,horse,7,horse,0.999670147895813,-10.048437118530273,True
known,8092,4,deer,4,deer,0.9998666048049927,-10.160083770751953,True
known,8093,7,horse,7,horse,0.992181658744812,-7.415022373199463,True
known,8094,1,automobile,1,automobile,0.999783456325531,-9.810410499572754,True
known,8095,2,bird,2,bird,0.9999707937240601,-12.018831253051758,True
known,8096,3,cat,3,cat,0.9990148544311523,-8.723650932312012,True
known,8097,1,automobile,1,automobile,0.9999526739120483,-11.393564224243164,True
known,8098,1,automobile,1,automobile,0.7722811102867126,-6.612834453582764,True
known,8099,3,cat,3,cat,0.9997534155845642,-10.067831993103027,True
known,8100,6,frog,6,frog,0.9671439528465271,-7.557369709014893,True
known,8101,8,ship,8,ship,0.999852180480957,-10.199889183044434,True
known,8102,3,cat,3,cat,0.9980727434158325,-9.55831241607666,True
known,8103,7,horse,7,horse,0.9997509121894836,-9.913393020629883,True
known,8104,7,horse,7,horse,0.9994634985923767,-9.384575843811035,True
known,8105,0,airplane,0,airplane,0.9994528889656067,-9.3546142578125,True
known,8106,8,ship,8,ship,0.9999693632125854,-11.924015998840332,True
known,8107,1,automobile,1,automobile,0.9999063014984131,-10.453505516052246,True
known,8108,5,dog,5,dog,0.9999839067459106,-12.015772819519043,True
known,8109,2,bird,2,bird,0.9914485812187195,-8.08041763305664,True
known,8110,5,dog,5,dog,0.9825372099876404,-8.852814674377441,True
known,8111,5,dog,5,dog,0.999503493309021,-11.036107063293457,True
known,8112,3,cat,3,cat,0.9001681804656982,-7.336899280548096,True
known,8113,6,frog,6,frog,0.9999467134475708,-12.174006462097168,True
known,8114,3,cat,3,cat,0.9731497168540955,-7.89585542678833,True
known,8115,5,dog,5,dog,0.5138035416603088,-6.402637004852295,True
known,8116,9,truck,9,truck,0.9998652935028076,-10.428996086120605,True
known,8117,8,ship,8,ship,0.9998028874397278,-10.113629341125488,True
known,8118,4,deer,4,deer,0.9946498274803162,-8.399022102355957,True
known,8119,6,frog,6,frog,0.9928542971611023,-9.07806396484375,True
known,8120,8,ship,8,ship,0.9997192025184631,-10.261534690856934,True
known,8121,0,airplane,0,airplane,0.9999107122421265,-10.927911758422852,True
known,8122,4,deer,4,deer,0.998332679271698,-8.705004692077637,True
known,8123,1,automobile,1,automobile,0.9972103238105774,-8.671358108520508,True
known,8124,7,horse,7,horse,0.9998425245285034,-10.11502456665039,True
known,8125,8,ship,8,ship,0.9990134239196777,-9.483527183532715,True
known,8126,4,deer,4,deer,0.9998559951782227,-10.250101089477539,True
known,8127,9,truck,9,truck,0.9999232292175293,-11.759478569030762,True
known,8128,7,horse,4,deer,0.7346398234367371,-6.3780131340026855,True
known,8129,2,bird,2,bird,0.9996557235717773,-10.55687141418457,True
known,8130,6,frog,6,frog,0.9998201727867126,-10.646265983581543,True
known,8131,3,cat,3,cat,0.5994170904159546,-7.155789375305176,True
known,8132,8,ship,8,ship,0.9999247789382935,-10.622356414794922,True
known,8133,8,ship,8,ship,0.9999561309814453,-11.28411865234375,True
known,8134,6,frog,6,frog,0.9999258518218994,-11.309586524963379,True
known,8135,7,horse,7,horse,0.9977349042892456,-8.811649322509766,True
known,8136,3,cat,3,cat,0.9998049139976501,-10.198904037475586,True
known,8137,8,ship,8,ship,0.9996862411499023,-9.773423194885254,True
known,8138,1,automobile,1,automobile,0.9729264378547668,-7.666005611419678,True
known,8139,1,automobile,1,automobile,0.9988732933998108,-8.48351764678955,True
known,8140,5,dog,5,dog,0.9991705417633057,-9.6132230758667,True
known,8141,3,cat,3,cat,0.9985321760177612,-9.686629295349121,True
known,8142,7,horse,7,horse,0.9996919631958008,-9.46522331237793,True
known,8143,9,truck,9,truck,0.9996299743652344,-9.9948091506958,True
known,8144,9,truck,9,truck,0.9917541742324829,-8.771225929260254,True
known,8145,9,truck,9,truck,0.9994194507598877,-9.385448455810547,True
known,8146,8,ship,8,ship,0.9997003078460693,-9.763501167297363,True
known,8147,5,dog,5,dog,0.9999533891677856,-11.694482803344727,True
known,8148,9,truck,9,truck,0.998738706111908,-8.867548942565918,True
known,8149,9,truck,9,truck,0.9998747110366821,-10.56168270111084,True
known,8150,6,frog,6,frog,0.9997100234031677,-10.081101417541504,True
known,8151,8,ship,8,ship,0.9999412298202515,-11.42230224609375,True
known,8152,8,ship,8,ship,0.9998095631599426,-10.540319442749023,True
known,8153,4,deer,4,deer,0.9589888453483582,-5.962453365325928,False
known,8154,8,ship,8,ship,0.9999351501464844,-11.243191719055176,True
known,8155,1,automobile,1,automobile,0.9996801614761353,-9.401636123657227,True
known,8156,0,airplane,0,airplane,0.9942083358764648,-8.567920684814453,True
known,8157,1,automobile,1,automobile,0.9943473935127258,-6.885744571685791,True
known,8158,8,ship,8,ship,0.9999516010284424,-11.035218238830566,True
known,8159,8,ship,8,ship,0.9993274211883545,-8.806097030639648,True
known,8160,6,frog,6,frog,0.9996756315231323,-9.374958038330078,True
known,8161,5,dog,5,dog,0.999994158744812,-14.954789161682129,True
known,8162,9,truck,9,truck,0.9997772574424744,-10.239287376403809,True
known,8163,0,airplane,0,airplane,0.999964714050293,-11.866547584533691,True
known,8164,6,frog,6,frog,0.9999161958694458,-10.648320198059082,True
known,8165,1,automobile,1,automobile,0.9996378421783447,-10.01434326171875,True
known,8166,2,bird,6,frog,0.983141303062439,-6.700220584869385,True
known,8167,6,frog,6,frog,0.9999113082885742,-10.862579345703125,True
known,8168,6,frog,6,frog,0.9995706677436829,-10.390973091125488,True
known,8169,3,cat,3,cat,0.9961323738098145,-8.253401756286621,True
known,8170,5,dog,5,dog,0.999835729598999,-10.902615547180176,True
known,8171,6,frog,6,frog,0.9981974959373474,-8.04743480682373,True
known,8172,5,dog,5,dog,0.9992203712463379,-9.294854164123535,True
known,8173,5,dog,5,dog,0.9286118745803833,-8.095056533813477,True
known,8174,3,cat,3,cat,0.9978516101837158,-9.109701156616211,True
known,8175,3,cat,3,cat,0.9999102354049683,-10.825108528137207,True
known,8176,6,frog,6,frog,0.9943392872810364,-7.316242218017578,True
known,8177,8,ship,8,ship,0.995978593826294,-7.9846296310424805,True
known,8178,9,truck,9,truck,0.8950455188751221,-7.306357383728027,True
known,8179,4,deer,4,deer,0.9996618032455444,-9.284016609191895,True
known,8180,4,deer,4,deer,0.9433415532112122,-6.601498603820801,True
known,8181,3,cat,3,cat,0.9985706806182861,-10.40975284576416,True
known,8182,8,ship,8,ship,0.9998051524162292,-9.915928840637207,True
known,8183,3,cat,5,dog,0.7830510139465332,-7.79439115524292,True
known,8184,6,frog,6,frog,0.9998561143875122,-10.546202659606934,True
known,8185,0,airplane,0,airplane,0.9996882677078247,-10.360919952392578,True
known,8186,8,ship,8,ship,0.9999418258666992,-10.99433708190918,True
known,8187,5,dog,5,dog,0.9981328845024109,-10.484131813049316,True
known,8188,7,horse,7,horse,0.9996360540390015,-9.216141700744629,True
known,8189,8,ship,8,ship,0.9977074861526489,-8.758852005004883,True
known,8190,4,deer,4,deer,0.9995574355125427,-10.616251945495605,True
known,8191,6,frog,6,frog,0.999872088432312,-10.660101890563965,True
known,8192,5,dog,5,dog,0.9998899698257446,-10.76245403289795,True
known,8193,3,cat,3,cat,0.9975365400314331,-8.781777381896973,True
known,8194,1,automobile,1,automobile,0.9994149208068848,-8.760946273803711,True
known,8195,8,ship,8,ship,0.9999196529388428,-10.754549980163574,True
known,8196,3,cat,3,cat,0.9781428575515747,-7.1166181564331055,True
known,8197,0,airplane,0,airplane,0.7887827157974243,-7.821060657501221,True
known,8198,4,deer,4,deer,0.9295342564582825,-5.805950164794922,False
known,8199,4,deer,4,deer,0.9979325532913208,-8.15670108795166,True
known,8200,3,cat,3,cat,0.9695962071418762,-7.3194708824157715,True
known,8201,3,cat,3,cat,0.9993832111358643,-10.685103416442871,True
known,8202,5,dog,5,dog,0.999962329864502,-11.942728996276855,True
known,8203,3,cat,3,cat,0.9990081191062927,-8.424857139587402,True
known,8204,3,cat,3,cat,0.9998769760131836,-10.170857429504395,True
known,8205,2,bird,2,bird,0.9982635378837585,-8.603363037109375,True
known,8206,7,horse,7,horse,0.9986030459403992,-8.13821792602539,True
known,8207,7,horse,7,horse,0.9999103546142578,-10.53889274597168,True
known,8208,8,ship,8,ship,0.9963384866714478,-9.439146041870117,True
known,8209,2,bird,2,bird,0.9949000477790833,-8.709930419921875,True
known,8210,0,airplane,0,airplane,0.9997273087501526,-9.849363327026367,True
known,8211,5,dog,5,dog,0.999943733215332,-11.071698188781738,True
known,8212,5,dog,5,dog,0.9928522706031799,-9.816534996032715,True
known,8213,6,frog,6,frog,0.9994269609451294,-9.288483619689941,True
known,8214,1,automobile,1,automobile,0.9990261793136597,-8.278719902038574,True
known,8215,1,automobile,1,automobile,0.9998719692230225,-10.381707191467285,True
known,8216,3,cat,3,cat,0.999840497970581,-11.129048347473145,True
known,8217,9,truck,9,truck,0.9988580942153931,-8.327230453491211,True
known,8218,9,truck,9,truck,0.9993351101875305,-9.93567180633545,True
known,8219,3,cat,3,cat,0.9847006797790527,-9.92240047454834,True
known,8220,6,frog,6,frog,0.9967220425605774,-7.477212429046631,True
known,8221,7,horse,7,horse,0.9997815489768982,-9.72689437866211,True
known,8222,1,automobile,1,automobile,0.9991231560707092,-9.693953514099121,True
known,8223,8,ship,8,ship,0.9999523162841797,-11.209013938903809,True
known,8224,3,cat,3,cat,0.9999675750732422,-12.989300727844238,True
known,8225,9,truck,9,truck,0.9960617423057556,-8.730062484741211,True
known,8226,8,ship,8,ship,0.9973320960998535,-7.7427897453308105,True
known,8227,7,horse,7,horse,0.999743640422821,-9.63740348815918,True
known,8228,8,ship,8,ship,0.9985331296920776,-8.055843353271484,True
known,8229,8,ship,8,ship,0.9999037981033325,-10.618948936462402,True
known,8230,0,airplane,0,airplane,0.9993619322776794,-10.025815963745117,True
known,8231,3,cat,3,cat,0.9996041655540466,-9.841878890991211,True
known,8232,2,bird,2,bird,0.9999743700027466,-11.991069793701172,True
known,8233,4,deer,4,deer,0.9977768063545227,-8.98993968963623,True
known,8234,8,ship,8,ship,0.9692893624305725,-7.0126142501831055,True
known,8235,7,horse,7,horse,0.9996691942214966,-9.30077075958252,True
known,8236,5,dog,5,dog,0.9061882495880127,-7.395593166351318,True
known,8237,7,horse,7,horse,0.9994779229164124,-10.159896850585938,True
known,8238,1,automobile,1,automobile,0.9994726777076721,-9.830453872680664,True
known,8239,8,ship,8,ship,0.9998769760131836,-10.44825267791748,True
known,8240,7,horse,7,horse,0.9997640252113342,-9.601310729980469,True
known,8241,3,cat,6,frog,0.5955440402030945,-8.522303581237793,True
known,8242,5,dog,5,dog,0.6033297777175903,-4.605685234069824,False
known,8243,4,deer,4,deer,0.9999572038650513,-11.722579002380371,True
known,8244,4,deer,4,deer,0.9916873574256897,-8.541365623474121,True
known,8245,3,cat,3,cat,0.9992190599441528,-9.822749137878418,True
known,8246,8,ship,8,ship,0.9998891353607178,-10.824658393859863,True
known,8247,6,frog,6,frog,0.9998550415039062,-10.750602722167969,True
known,8248,1,automobile,1,automobile,0.9994161128997803,-9.597931861877441,True
known,8249,1,automobile,1,automobile,0.9989538192749023,-8.457023620605469,True
known,8250,6,frog,6,frog,0.9999616146087646,-12.792609214782715,True
known,8251,3,cat,3,cat,0.9999831914901733,-12.656164169311523,True
known,8252,2,bird,2,bird,0.999716579914093,-10.304018020629883,True
known,8253,2,bird,2,bird,0.9999022483825684,-10.55276870727539,True
known,8254,8,ship,8,ship,0.9992712140083313,-10.54907512664795,True
known,8255,9,truck,9,truck,0.9978493452072144,-7.716526985168457,True
known,8256,8,ship,8,ship,0.9999840259552002,-12.159607887268066,True
known,8257,3,cat,3,cat,0.9998853206634521,-11.363367080688477,True
known,8258,3,cat,3,cat,0.9994750618934631,-9.728121757507324,True
known,8259,8,ship,8,ship,0.999462902545929,-9.431715965270996,True
known,8260,1,automobile,1,automobile,0.9998052716255188,-9.983136177062988,True
known,8261,1,automobile,1,automobile,0.9998719692230225,-12.0973539352417,True
known,8262,0,airplane,0,airplane,0.9691314697265625,-7.811080455780029,True
known,8263,5,dog,5,dog,0.9987700581550598,-9.13622760772705,True
known,8264,2,bird,2,bird,0.9997252821922302,-9.588903427124023,True
known,8265,0,airplane,0,airplane,0.9999314546585083,-11.17418098449707,True
known,8266,5,dog,5,dog,0.9770277738571167,-9.375673294067383,True
known,8267,0,airplane,0,airplane,0.9815136790275574,-7.249065399169922,True
known,8268,5,dog,5,dog,0.6736036539077759,-5.082181453704834,False
known,8269,8,ship,8,ship,0.9004629254341125,-5.979243755340576,False
known,8270,6,frog,6,frog,0.9973650574684143,-7.459827423095703,True
known,8271,3,cat,3,cat,0.9991112351417542,-9.648112297058105,True
known,8272,9,truck,9,truck,0.9993600249290466,-9.546547889709473,True
known,8273,6,frog,6,frog,0.9998282194137573,-10.002703666687012,True
known,8274,6,frog,6,frog,0.9997578263282776,-9.917196273803711,True
known,8275,3,cat,3,cat,0.9716159105300903,-8.294321060180664,True
known,8276,9,truck,9,truck,0.9971586465835571,-8.55745792388916,True
known,8277,4,deer,4,deer,0.9999631643295288,-11.8971529006958,True
known,8278,8,ship,8,ship,0.9990022778511047,-10.299490928649902,True
known,8279,3,cat,3,cat,0.999762237071991,-10.710206031799316,True
known,8280,4,deer,4,deer,0.9997215867042542,-10.482090950012207,True
known,8281,3,cat,3,cat,0.9855066537857056,-9.138176918029785,True
known,8282,1,automobile,1,automobile,0.9993314743041992,-8.608593940734863,True
known,8283,1,automobile,1,automobile,0.9030452966690063,-5.342187881469727,False
known,8284,2,bird,2,bird,0.9993243217468262,-8.801461219787598,True
known,8285,9,truck,9,truck,0.9997735619544983,-9.872681617736816,True
known,8286,7,horse,7,horse,0.9986827969551086,-9.585503578186035,True
known,8287,8,ship,8,ship,0.9999725818634033,-11.94138240814209,True
known,8288,5,dog,5,dog,0.9998761415481567,-10.466232299804688,True
known,8289,5,dog,5,dog,0.9996507167816162,-10.218321800231934,True
known,8290,8,ship,8,ship,0.9991858601570129,-8.84741497039795,True
known,8291,6,frog,6,frog,0.9979985356330872,-8.440085411071777,True
known,8292,9,truck,9,truck,0.9961367249488831,-7.6163434982299805,True
known,8293,0,airplane,0,airplane,0.9999368190765381,-11.188072204589844,True
known,8294,8,ship,8,ship,0.9999885559082031,-12.87358283996582,True
known,8295,3,cat,0,airplane,0.8672164082527161,-7.421707630157471,True
known,8296,5,dog,3,cat,0.5352018475532532,-5.393105983734131,False
known,8297,1,automobile,1,automobile,0.9995695948600769,-9.223366737365723,True
known,8298,3,cat,3,cat,0.8893581032752991,-6.933840751647949,True
known,8299,3,cat,3,cat,0.9976323843002319,-7.559281826019287,True
known,8300,5,dog,3,cat,0.636387288570404,-7.363401412963867,True
known,8301,5,dog,5,dog,0.9999970197677612,-14.783801078796387,True
known,8302,3,cat,3,cat,0.9996844530105591,-9.579442024230957,True
known,8303,8,ship,8,ship,0.9973253011703491,-8.085792541503906,True
known,8304,1,automobile,1,automobile,0.9764220714569092,-7.395986080169678,True
known,8305,4,deer,4,deer,0.999993085861206,-13.464484214782715,True
known,8306,6,frog,6,frog,0.9998999834060669,-10.960846900939941,True
known,8307,4,deer,4,deer,0.9996943473815918,-9.57306957244873,True
known,8308,2,bird,2,bird,0.9997223019599915,-10.28039264678955,True
known,8309,4,deer,4,deer,0.9848803281784058,-7.385833740234375,True
known,8310,3,cat,3,cat,0.9739523530006409,-7.808727264404297,True
known,8311,8,ship,8,ship,0.9999487400054932,-11.150945663452148,True
known,8312,9,truck,9,truck,0.9776870608329773,-5.954243183135986,False
known,8313,6,frog,6,frog,0.9997212290763855,-9.727105140686035,True
known,8314,6,frog,2,bird,0.3944905996322632,-4.305416107177734,False
known,8315,6,frog,6,frog,0.999858021736145,-10.759634017944336,True
known,8316,5,dog,5,dog,0.9178298711776733,-7.477293014526367,True
known,8317,5,dog,5,dog,0.9987071752548218,-10.187453269958496,True
known,8318,2,bird,2,bird,0.9978755712509155,-8.450393676757812,True
known,8319,7,horse,7,horse,0.9997997879981995,-9.893302917480469,True
known,8320,7,horse,7,horse,0.999434769153595,-8.857137680053711,True
known,8321,4,deer,4,deer,0.9998558759689331,-10.466666221618652,True
known,8322,4,deer,4,deer,0.9994558691978455,-9.209319114685059,True
known,8323,9,truck,9,truck,0.9777393937110901,-6.327084064483643,True
known,8324,3,cat,3,cat,0.6878843307495117,-7.402846813201904,True
known,8325,8,ship,8,ship,0.7347546815872192,-5.623642921447754,False
known,8326,3,cat,3,cat,0.9972851276397705,-9.380908012390137,True
known,8327,7,horse,7,horse,0.9999687671661377,-11.815979957580566,True
known,8328,7,horse,7,horse,0.9999352693557739,-10.901660919189453,True
known,8329,8,ship,8,ship,0.9997263550758362,-10.134970664978027,True
known,8330,5,dog,5,dog,0.9997043013572693,-9.59597396850586,True
known,8331,3,cat,3,cat,0.9982376098632812,-10.562511444091797,True
known,8332,9,truck,9,truck,0.9998375177383423,-10.260668754577637,True
known,8333,1,automobile,1,automobile,0.9985880255699158,-9.053637504577637,True
known,8334,6,frog,6,frog,0.9991456270217896,-8.519022941589355,True
known,8335,7,horse,7,horse,0.9989209175109863,-8.92753791809082,True
known,8336,3,cat,3,cat,0.9998830556869507,-11.03637409210205,True
known,8337,3,cat,3,cat,0.9435245394706726,-7.681400299072266,True
known,8338,3,cat,3,cat,0.9994423985481262,-10.042832374572754,True
known,8339,8,ship,8,ship,0.9999052286148071,-10.467978477478027,True
known,8340,5,dog,5,dog,0.9954631924629211,-7.6641974449157715,True
known,8341,6,frog,6,frog,0.9987069368362427,-8.391190528869629,True
known,8342,1,automobile,1,automobile,0.9462414979934692,-7.3237833976745605,True
known,8343,3,cat,3,cat,0.9997678399085999,-9.870469093322754,True
known,8344,7,horse,7,horse,0.9998446702957153,-10.40871524810791,True
known,8345,9,truck,9,truck,0.9834449291229248,-7.210670471191406,True
known,8346,6,frog,6,frog,0.9997839331626892,-10.266448020935059,True
known,8347,1,automobile,1,automobile,0.9941015839576721,-7.334836006164551,True
known,8348,6,frog,6,frog,0.9992305040359497,-9.455418586730957,True
known,8349,4,deer,4,deer,0.9996067881584167,-10.117659568786621,True
known,8350,9,truck,9,truck,0.9974809288978577,-7.83384895324707,True
known,8351,0,airplane,0,airplane,0.9965792298316956,-8.641555786132812,True
known,8352,5,dog,5,dog,0.9976722598075867,-8.280874252319336,True
known,8353,7,horse,7,horse,0.9999693632125854,-12.290670394897461,True
known,8354,4,deer,4,deer,0.9866769313812256,-7.775694847106934,True
known,8355,9,truck,9,truck,0.9998582601547241,-10.174376487731934,True
known,8356,1,automobile,1,automobile,0.9998384714126587,-9.972369194030762,True
known,8357,0,airplane,0,airplane,0.9903169870376587,-8.925243377685547,True
known,8358,0,airplane,0,airplane,0.9999182224273682,-10.601927757263184,True
known,8359,2,bird,2,bird,0.9990239143371582,-8.642047882080078,True
known,8360,7,horse,7,horse,0.9999938011169434,-13.121233940124512,True
known,8361,8,ship,8,ship,0.9915573596954346,-8.390377044677734,True
known,8362,3,cat,3,cat,0.9795663952827454,-9.397496223449707,True
known,8363,2,bird,2,bird,0.5316482186317444,-5.431989669799805,False
known,8364,7,horse,0,airplane,0.8513295650482178,-5.481177806854248,False
known,8365,6,frog,6,frog,0.9988425374031067,-8.180716514587402,True
known,8366,1,automobile,1,automobile,0.9995983242988586,-9.628715515136719,True
known,8367,6,frog,6,frog,0.9999232292175293,-10.885193824768066,True
known,8368,6,frog,6,frog,0.9999501705169678,-11.117271423339844,True
known,8369,4,deer,4,deer,0.9993547797203064,-9.448780059814453,True
known,8370,4,deer,4,deer,0.9945831894874573,-7.922905921936035,True
known,8371,2,bird,2,bird,0.999985933303833,-12.450597763061523,True
known,8372,1,automobile,1,automobile,0.9990148544311523,-8.882552146911621,True
known,8373,8,ship,8,ship,0.9999603033065796,-11.242669105529785,True
known,8374,4,deer,4,deer,0.9979932308197021,-8.377541542053223,True
known,8375,4,deer,4,deer,0.9998799562454224,-11.086071968078613,True
known,8376,7,horse,7,horse,0.9993894100189209,-10.326662063598633,True
known,8377,8,ship,8,ship,0.999976634979248,-12.100358009338379,True
known,8378,5,dog,5,dog,0.7313948273658752,-5.4416823387146,False
known,8379,8,ship,8,ship,0.9999643564224243,-11.386313438415527,True
known,8380,9,truck,9,truck,0.9999908208847046,-13.694829940795898,True
known,8381,4,deer,4,deer,0.999396562576294,-9.029353141784668,True
known,8382,3,cat,3,cat,0.9991362690925598,-8.60999584197998,True
known,8383,2,bird,2,bird,0.9997288584709167,-9.857401847839355,True
known,8384,2,bird,2,bird,0.9291507601737976,-7.135673522949219,True
known,8385,9,truck,9,truck,0.9960547685623169,-8.428057670593262,True
known,8386,3,cat,3,cat,0.968342661857605,-6.267879962921143,True
known,8387,0,airplane,0,airplane,0.9972673654556274,-9.835259437561035,True
known,8388,1,automobile,1,automobile,0.9975252747535706,-9.315245628356934,True
known,8389,1,automobile,1,automobile,0.9989843964576721,-8.835922241210938,True
known,8390,1,automobile,1,automobile,0.9999368190765381,-10.990640640258789,True
known,8391,1,automobile,1,automobile,0.9996237754821777,-9.116708755493164,True
known,8392,6,frog,6,frog,0.9997816681861877,-10.619370460510254,True
known,8393,8,ship,8,ship,0.999936580657959,-11.027106285095215,True
known,8394,7,horse,7,horse,0.9976432919502258,-8.13105583190918,True
known,8395,1,automobile,1,automobile,0.999180257320404,-8.398829460144043,True
known,8396,3,cat,3,cat,0.46846291422843933,-3.9817593097686768,False
known,8397,0,airplane,0,airplane,0.9762744307518005,-6.2301788330078125,True
known,8398,4,deer,4,deer,0.9999310970306396,-11.665520668029785,True
known,8399,5,dog,5,dog,0.9427054524421692,-6.652075290679932,True
known,8400,0,airplane,0,airplane,0.9999598264694214,-11.325479507446289,True
known,8401,3,cat,3,cat,0.9087533950805664,-6.247811317443848,True
known,8402,0,airplane,0,airplane,0.8409019112586975,-5.95640230178833,False
known,8403,6,frog,6,frog,0.999931812286377,-10.82876205444336,True
known,8404,2,bird,2,bird,0.9998264908790588,-10.52603530883789,True
known,8405,0,airplane,3,cat,0.6201882362365723,-4.964587211608887,False
known,8406,9,truck,9,truck,0.998875081539154,-8.72642993927002,True
known,8407,8,ship,8,ship,0.9999480247497559,-11.12848949432373,True
known,8408,6,frog,6,frog,0.9858338236808777,-6.8635640144348145,True
known,8409,8,ship,8,ship,0.9986373782157898,-8.859827041625977,True
known,8410,5,dog,7,horse,0.5100493431091309,-5.4037370681762695,False
known,8411,8,ship,8,ship,0.9998884201049805,-10.339929580688477,True
known,8412,2,bird,2,bird,0.9956201910972595,-9.247645378112793,True
known,8413,9,truck,9,truck,0.990702748298645,-7.127699851989746,True
known,8414,6,frog,6,frog,0.9998739957809448,-10.351632118225098,True
known,8415,0,airplane,0,airplane,0.9996663331985474,-9.407959938049316,True
known,8416,6,frog,6,frog,0.9992129802703857,-8.697653770446777,True
known,8417,1,automobile,1,automobile,0.9997226595878601,-9.761841773986816,True
known,8418,8,ship,8,ship,0.9999867677688599,-12.467857360839844,True
known,8419,7,horse,7,horse,0.9992226362228394,-9.275434494018555,True
known,8420,3,cat,6,frog,0.803279459476471,-6.3897786140441895,True
known,8421,2,bird,2,bird,0.9997584223747253,-10.019305229187012,True
known,8422,2,bird,2,bird,0.9999333620071411,-11.087323188781738,True
known,8423,6,frog,6,frog,0.9998019337654114,-10.079510688781738,True
known,8424,5,dog,5,dog,0.9992455244064331,-12.472235679626465,True
known,8425,6,frog,6,frog,0.9993946552276611,-10.202030181884766,True
known,8426,9,truck,9,truck,0.9998811483383179,-10.156697273254395,True
known,8427,2,bird,2,bird,0.9990710020065308,-9.084487915039062,True
known,8428,5,dog,5,dog,0.8798716068267822,-5.993692874908447,False
known,8429,4,deer,4,deer,0.9998631477355957,-10.534608840942383,True
known,8430,9,truck,9,truck,0.9996275901794434,-9.880207061767578,True
known,8431,8,ship,8,ship,0.9997488856315613,-9.615689277648926,True
known,8432,5,dog,3,cat,0.9394416213035583,-8.436277389526367,True
known,8433,3,cat,3,cat,0.9959706664085388,-8.784955978393555,True
known,8434,9,truck,9,truck,0.9998747110366821,-10.727875709533691,True
known,8435,3,cat,3,cat,0.9998880624771118,-10.39671802520752,True
known,8436,5,dog,5,dog,0.9981846213340759,-10.211304664611816,True
known,8437,7,horse,7,horse,0.9999659061431885,-11.736979484558105,True
known,8438,1,automobile,1,automobile,0.9998871088027954,-10.345573425292969,True
known,8439,8,ship,8,ship,0.9999673366546631,-11.51779842376709,True
known,8440,5,dog,5,dog,0.6030040383338928,-6.686809539794922,True
known,8441,8,ship,8,ship,0.9998859167098999,-10.244744300842285,True
known,8442,6,frog,6,frog,0.9974309802055359,-7.792054176330566,True
known,8443,2,bird,2,bird,0.9908556938171387,-6.606723785400391,True
known,8444,5,dog,5,dog,0.9947799444198608,-8.85416316986084,True
known,8445,1,automobile,1,automobile,0.9990936517715454,-8.47023868560791,True
known,8446,3,cat,3,cat,0.5690499544143677,-6.7391276359558105,True
known,8447,0,airplane,0,airplane,0.9973658919334412,-8.407315254211426,True
known,8448,4,deer,4,deer,0.960220456123352,-6.092878341674805,False
known,8449,1,automobile,1,automobile,0.9912372827529907,-6.887909412384033,True
known,8450,9,truck,9,truck,0.41610151529312134,-3.54253888130188,False
known,8451,5,dog,5,dog,0.8624312281608582,-6.446548938751221,True
known,8452,4,deer,4,deer,0.9992221593856812,-9.088985443115234,True
known,8453,9,truck,9,truck,0.9682319760322571,-9.177082061767578,True
known,8454,2,bird,2,bird,0.997896671295166,-8.557729721069336,True
known,8455,1,automobile,1,automobile,0.9996715784072876,-9.267853736877441,True
known,8456,4,deer,4,deer,0.9998413324356079,-10.678915023803711,True
known,8457,2,bird,2,bird,0.5277986526489258,-6.317380905151367,True
known,8458,5,dog,5,dog,0.9966004490852356,-7.673058032989502,True
known,8459,9,truck,9,truck,0.9986168146133423,-8.094612121582031,True
known,8460,8,ship,8,ship,0.9997089505195618,-9.74972915649414,True
known,8461,7,horse,7,horse,0.9998254179954529,-10.76554012298584,True
known,8462,2,bird,2,bird,0.9998761415481567,-10.459595680236816,True
known,8463,1,automobile,1,automobile,0.9994502663612366,-8.946808815002441,True
known,8464,6,frog,6,frog,0.9997761845588684,-9.83493423461914,True
known,8465,9,truck,1,automobile,0.9689003229141235,-7.357624530792236,True
known,8466,7,horse,7,horse,0.9999508857727051,-11.016416549682617,True
known,8467,3,cat,3,cat,0.9997629523277283,-9.796435356140137,True
known,8468,6,frog,6,frog,0.9990079998970032,-8.926301956176758,True
known,8469,5,dog,5,dog,0.9165824055671692,-6.603672981262207,True
known,8470,8,ship,8,ship,0.9999667406082153,-11.630631446838379,True
known,8471,0,airplane,0,airplane,0.9989867806434631,-9.08506965637207,True
known,8472,2,bird,2,bird,0.9998205304145813,-10.37543773651123,True
known,8473,2,bird,2,bird,0.5018271207809448,-4.580312728881836,False
known,8474,4,deer,4,deer,0.9998728036880493,-10.254986763000488,True
known,8475,9,truck,9,truck,0.9986648559570312,-10.063530921936035,True
known,8476,0,airplane,0,airplane,0.9753766655921936,-6.432451248168945,True
known,8477,5,dog,5,dog,0.9998818635940552,-10.68091869354248,True
known,8478,5,dog,5,dog,0.9964199066162109,-9.214421272277832,True
known,8479,4,deer,4,deer,0.9986832737922668,-8.642824172973633,True
known,8480,2,bird,6,frog,0.9337897896766663,-5.493244171142578,False
known,8481,3,cat,3,cat,0.9932975172996521,-8.689043998718262,True
known,8482,1,automobile,1,automobile,0.9996980428695679,-9.496159553527832,True
known,8483,0,airplane,0,airplane,0.9920011758804321,-9.15876579284668,True
known,8484,3,cat,3,cat,0.9654844999313354,-6.214313983917236,True
known,8485,0,airplane,0,airplane,0.9974810481071472,-9.378419876098633,True
known,8486,4,deer,4,deer,0.9997522234916687,-10.174819946289062,True
known,8487,4,deer,4,deer,0.998139500617981,-9.0394926071167,True
known,8488,9,truck,9,truck,0.9727750420570374,-7.294314861297607,True
known,8489,1,automobile,1,automobile,0.9970765113830566,-7.481906890869141,True
known,8490,3,cat,6,frog,0.6970491409301758,-6.317246437072754,True
known,8491,3,cat,3,cat,0.8453319668769836,-5.966983795166016,False
known,8492,0,airplane,0,airplane,0.9988915324211121,-9.365030288696289,True
known,8493,2,bird,2,bird,0.986992597579956,-7.595953941345215,True
known,8494,1,automobile,1,automobile,0.9449573159217834,-6.907340049743652,True
known,8495,1,automobile,1,automobile,0.9998904466629028,-10.710740089416504,True
known,8496,0,airplane,0,airplane,0.9998273849487305,-9.965407371520996,True
known,8497,4,deer,4,deer,0.9999982118606567,-15.052169799804688,True
known,8498,1,automobile,1,automobile,0.9995953440666199,-9.247801780700684,True
known,8499,9,truck,9,truck,0.999870777130127,-10.345345497131348,True
known,8500,4,deer,4,deer,0.9998158812522888,-10.105835914611816,True
known,8501,8,ship,8,ship,0.9996734857559204,-9.436904907226562,True
known,8502,1,automobile,1,automobile,0.9998564720153809,-10.23189640045166,True
known,8503,1,automobile,1,automobile,0.999895453453064,-10.657181739807129,True
known,8504,1,automobile,1,automobile,0.9936094284057617,-9.573763847351074,True
known,8505,5,dog,5,dog,0.9998657703399658,-10.362198829650879,True
known,8506,9,truck,9,truck,0.9996153116226196,-9.497790336608887,True
known,8507,8,ship,8,ship,0.9944263696670532,-8.35241985321045,True
known,8508,1,automobile,1,automobile,0.9982668161392212,-8.690278053283691,True
known,8509,6,frog,6,frog,0.9995347261428833,-9.143625259399414,True
known,8510,7,horse,7,horse,0.9996073842048645,-9.15424919128418,True
known,8511,2,bird,2,bird,0.9988645315170288,-9.399141311645508,True
known,8512,9,truck,9,truck,0.9960722923278809,-9.051233291625977,True
known,8513,9,truck,9,truck,0.999589741230011,-9.093545913696289,True
known,8514,7,horse,7,horse,0.9921302199363708,-8.549217224121094,True
known,8515,8,ship,8,ship,0.9999446868896484,-10.948399543762207,True
known,8516,8,ship,8,ship,0.9977179765701294,-8.156886100769043,True
known,8517,1,automobile,1,automobile,0.9992735981941223,-8.688587188720703,True
known,8518,9,truck,9,truck,0.9972692131996155,-9.014724731445312,True
known,8519,7,horse,7,horse,0.9997993111610413,-10.335047721862793,True
known,8520,8,ship,8,ship,0.9975811243057251,-7.887509822845459,True
known,8521,9,truck,8,ship,0.9919820427894592,-8.498967170715332,True
known,8522,1,automobile,1,automobile,0.9978740215301514,-7.600091934204102,True
known,8523,6,frog,6,frog,0.9998052716255188,-9.942341804504395,True
known,8524,6,frog,6,frog,0.9993712306022644,-8.83227252960205,True
known,8525,3,cat,3,cat,0.9984476566314697,-8.832320213317871,True
known,8526,3,cat,3,cat,0.9996821880340576,-10.32947063446045,True
known,8527,1,automobile,1,automobile,0.9982752799987793,-8.106734275817871,True
known,8528,3,cat,3,cat,0.9998447895050049,-10.270071983337402,True
known,8529,0,airplane,8,ship,0.9910526871681213,-7.574552059173584,True
known,8530,8,ship,8,ship,0.9999052286148071,-10.483990669250488,True
known,8531,8,ship,8,ship,0.9999842643737793,-12.564364433288574,True
known,8532,3,cat,3,cat,0.997450053691864,-8.503409385681152,True
known,8533,6,frog,6,frog,0.981141209602356,-7.854076862335205,True
known,8534,6,frog,6,frog,0.9996042847633362,-10.32781982421875,True
known,8535,7,horse,5,dog,0.5861828923225403,-7.457050800323486,True
known,8536,1,automobile,1,automobile,0.9963415265083313,-8.440237998962402,True
known,8537,0,airplane,0,airplane,0.9999767541885376,-12.334425926208496,True
known,8538,7,horse,7,horse,0.9965272545814514,-8.613024711608887,True
known,8539,6,frog,6,frog,0.9974853992462158,-7.782614707946777,True
known,8540,4,deer,4,deer,0.9998327493667603,-10.270297050476074,True
known,8541,8,ship,8,ship,0.9996002316474915,-9.935077667236328,True
known,8542,2,bird,3,cat,0.7306901216506958,-7.392970561981201,True
known,8543,0,airplane,0,airplane,0.9997897744178772,-11.401697158813477,True
known,8544,6,frog,6,frog,0.9994984865188599,-9.165058135986328,True
known,8545,6,frog,6,frog,0.999396800994873,-9.889002799987793,True
known,8546,8,ship,8,ship,0.9974403381347656,-7.9503173828125,True
known,8547,6,frog,6,frog,0.9469836950302124,-7.412717819213867,True
known,8548,3,cat,3,cat,0.2930903434753418,-2.699824094772339,False
known,8549,1,automobile,1,automobile,0.9679808020591736,-8.253690719604492,True
known,8550,1,automobile,1,automobile,0.9997993111610413,-10.241219520568848,True
known,8551,8,ship,8,ship,0.9999271631240845,-10.81813907623291,True
known,8552,6,frog,6,frog,0.999029278755188,-8.957730293273926,True
known,8553,7,horse,7,horse,0.9999037981033325,-11.222160339355469,True
known,8554,0,airplane,0,airplane,0.9994714856147766,-9.44060230255127,True
known,8555,5,dog,5,dog,0.9983487129211426,-8.232998847961426,True
known,8556,4,deer,4,deer,0.9996918439865112,-9.497763633728027,True
known,8557,3,cat,3,cat,0.9995753169059753,-9.659608840942383,True
known,8558,2,bird,2,bird,0.9996999502182007,-9.499242782592773,True
known,8559,1,automobile,1,automobile,0.9867679476737976,-7.384369373321533,True
known,8560,7,horse,7,horse,0.9997207522392273,-10.032172203063965,True
known,8561,8,ship,8,ship,0.999948263168335,-11.2427396774292,True
known,8562,2,bird,2,bird,0.9994204044342041,-9.532691955566406,True
known,8563,0,airplane,0,airplane,0.9969984292984009,-8.450041770935059,True
known,8564,1,automobile,1,automobile,0.9991350769996643,-8.514957427978516,True
known,8565,7,horse,7,horse,0.9998064637184143,-10.237757682800293,True
known,8566,4,deer,4,deer,0.9990731477737427,-8.885294914245605,True
known,8567,8,ship,8,ship,0.9999467134475708,-10.91985034942627,True
known,8568,7,horse,7,horse,0.999835729598999,-9.917831420898438,True
known,8569,6,frog,6,frog,0.9998619556427002,-10.296323776245117,True
known,8570,6,frog,6,frog,0.9994097948074341,-8.948342323303223,True
known,8571,7,horse,7,horse,0.9995182752609253,-9.09617805480957,True
known,8572,0,airplane,0,airplane,0.9994577765464783,-9.904983520507812,True
known,8573,6,frog,0,airplane,0.9160559177398682,-7.302802562713623,True
known,8574,4,deer,4,deer,0.9975663423538208,-8.414645195007324,True
known,8575,9,truck,9,truck,0.9999663829803467,-12.345477104187012,True
known,8576,2,bird,0,airplane,0.6930944323539734,-5.13918924331665,False
known,8577,3,cat,3,cat,0.9402232766151428,-6.511247634887695,True
known,8578,2,bird,2,bird,0.733995795249939,-5.234768390655518,False
known,8579,1,automobile,1,automobile,0.9997864365577698,-9.683350563049316,True
known,8580,3,cat,5,dog,0.9950130581855774,-10.358664512634277,True
known,8581,8,ship,8,ship,0.9993964433670044,-8.949288368225098,True
known,8582,6,frog,6,frog,0.9998973608016968,-11.616743087768555,True
known,8583,8,ship,8,ship,0.999846339225769,-10.129064559936523,True
known,8584,1,automobile,1,automobile,0.9999243021011353,-11.007540702819824,True
known,8585,9,truck,9,truck,0.9998984336853027,-10.610167503356934,True
known,8586,6,frog,6,frog,0.9904417991638184,-9.172658920288086,True
known,8587,7,horse,7,horse,0.999903678894043,-10.729951858520508,True
known,8588,6,frog,6,frog,0.9997803568840027,-9.808035850524902,True
known,8589,5,dog,3,cat,0.8649526834487915,-7.50332498550415,True
known,8590,0,airplane,0,airplane,0.9958999752998352,-8.671873092651367,True
known,8591,6,frog,6,frog,0.9995149374008179,-10.248862266540527,True
known,8592,0,airplane,0,airplane,0.9999079704284668,-10.716350555419922,True
known,8593,1,automobile,1,automobile,0.9997757077217102,-9.771854400634766,True
known,8594,3,cat,3,cat,0.9994687438011169,-8.82265567779541,True
known,8595,1,automobile,1,automobile,0.9996071457862854,-9.481423377990723,True
known,8596,1,automobile,1,automobile,0.99811851978302,-8.161465644836426,True
known,8597,5,dog,5,dog,0.9045075178146362,-4.549227714538574,False
known,8598,3,cat,2,bird,0.9852446913719177,-9.012903213500977,True
known,8599,4,deer,4,deer,0.9995816349983215,-10.134002685546875,True
known,8600,3,cat,3,cat,0.9999337196350098,-13.219094276428223,True
known,8601,3,cat,3,cat,0.9997298121452332,-9.536917686462402,True
known,8602,8,ship,8,ship,0.998497724533081,-9.012473106384277,True
known,8603,1,automobile,1,automobile,0.9965183734893799,-7.252931118011475,True
known,8604,6,frog,6,frog,0.9998310804367065,-10.485808372497559,True
known,8605,6,frog,6,frog,0.9999638795852661,-11.505927085876465,True
known,8606,1,automobile,1,automobile,0.9940651655197144,-7.919534683227539,True
known,8607,8,ship,8,ship,0.9998925924301147,-10.343174934387207,True
known,8608,8,ship,8,ship,0.999922513961792,-11.053725242614746,True
known,8609,6,frog,6,frog,0.9993323683738708,-9.100180625915527,True
known,8610,2,bird,2,bird,0.9999262094497681,-10.984086990356445,True
known,8611,7,horse,7,horse,0.998286783695221,-10.110916137695312,True
known,8612,4,deer,4,deer,0.999969482421875,-11.59681224822998,True
known,8613,6,frog,6,frog,0.995441198348999,-8.772046089172363,True
known,8614,8,ship,8,ship,0.9996470212936401,-9.776688575744629,True
known,8615,9,truck,9,truck,0.9987473487854004,-8.285614967346191,True
known,8616,3,cat,3,cat,0.9351954460144043,-7.48175573348999,True
known,8617,3,cat,3,cat,0.9258674383163452,-8.408182144165039,True
known,8618,5,dog,5,dog,0.6084679961204529,-6.6607794761657715,True
known,8619,5,dog,5,dog,0.9994745850563049,-9.399674415588379,True
known,8620,3,cat,5,dog,0.6986286044120789,-4.811502933502197,False
known,8621,1,automobile,1,automobile,0.999283492565155,-8.583481788635254,True
known,8622,4,deer,4,deer,0.9995757937431335,-9.601081848144531,True
known,8623,1,automobile,1,automobile,0.9997702240943909,-10.26728343963623,True
known,8624,9,truck,9,truck,0.9726977944374084,-6.294651031494141,True
known,8625,5,dog,5,dog,0.998349666595459,-9.851889610290527,True
known,8626,1,automobile,1,automobile,0.9994381070137024,-8.925488471984863,True
known,8627,7,horse,7,horse,0.9994204044342041,-8.817112922668457,True
known,8628,7,horse,7,horse,0.9999756813049316,-12.23410415649414,True
known,8629,7,horse,7,horse,0.9997504353523254,-10.963703155517578,True
known,8630,5,dog,5,dog,0.9974205493927002,-8.052738189697266,True
known,8631,2,bird,2,bird,0.9999240636825562,-11.831871032714844,True
known,8632,3,cat,8,ship,0.6810417175292969,-4.720146179199219,False
known,8633,3,cat,3,cat,0.9603809714317322,-6.305795669555664,True
known,8634,6,frog,6,frog,0.9999698400497437,-12.518003463745117,True
known,8635,6,frog,6,frog,0.9999250173568726,-11.226057052612305,True
known,8636,6,frog,6,frog,0.9976983666419983,-8.134145736694336,True
known,8637,4,deer,4,deer,0.9080570936203003,-6.587701320648193,True
known,8638,0,airplane,0,airplane,0.9998015761375427,-9.951299667358398,True
known,8639,7,horse,7,horse,0.9993465542793274,-8.80721664428711,True
known,8640,1,automobile,1,automobile,0.9987252354621887,-8.168606758117676,True
known,8641,7,horse,7,horse,0.9992239475250244,-9.22909927368164,True
known,8642,3,cat,3,cat,0.584498941898346,-7.06817102432251,True
known,8643,0,airplane,0,airplane,0.9997223019599915,-9.871460914611816,True
known,8644,8,ship,0,airplane,0.6127443313598633,-5.376610279083252,False
known,8645,1,automobile,1,automobile,0.9998229146003723,-10.465700149536133,True
known,8646,2,bird,2,bird,0.9998406171798706,-11.117473602294922,True
known,8647,4,deer,4,deer,0.9989977478981018,-9.455927848815918,True
known,8648,1,automobile,1,automobile,0.9975696206092834,-7.473809242248535,True
known,8649,2,bird,2,bird,0.9999357461929321,-11.19740104675293,True
known,8650,2,bird,2,bird,0.9997225403785706,-10.359331130981445,True
known,8651,4,deer,4,deer,0.9985015392303467,-8.273844718933105,True
known,8652,9,truck,9,truck,0.9997081160545349,-9.75398063659668,True
known,8653,8,ship,8,ship,0.9990639090538025,-9.017982482910156,True
known,8654,2,bird,2,bird,0.9995924830436707,-9.759841918945312,True
known,8655,8,ship,8,ship,0.9999337196350098,-11.095780372619629,True
known,8656,7,horse,4,deer,0.9822021126747131,-8.107622146606445,True
known,8657,6,frog,6,frog,0.9993184804916382,-9.127898216247559,True
known,8658,3,cat,3,cat,0.9999343156814575,-11.848034858703613,True
known,8659,4,deer,4,deer,0.9997583031654358,-9.895998001098633,True
known,8660,7,horse,7,horse,0.9999947547912598,-13.41800308227539,True
known,8661,2,bird,2,bird,0.9988940358161926,-8.600852966308594,True
known,8662,3,cat,3,cat,0.9986222982406616,-9.282746315002441,True
known,8663,1,automobile,1,automobile,0.9998051524162292,-10.510621070861816,True
known,8664,5,dog,5,dog,0.9995470643043518,-11.770430564880371,True
known,8665,3,cat,3,cat,0.9998928308486938,-10.468414306640625,True
known,8666,0,airplane,0,airplane,0.9810922145843506,-7.123030185699463,True
known,8667,4,deer,4,deer,0.9986311793327332,-8.306550025939941,True
known,8668,3,cat,3,cat,0.9933844208717346,-7.144436836242676,True
known,8669,4,deer,4,deer,0.9999212026596069,-11.740043640136719,True
known,8670,9,truck,9,truck,0.9993107318878174,-8.67037296295166,True
known,8671,4,deer,0,airplane,0.9584078192710876,-6.615946292877197,True
known,8672,7,horse,7,horse,0.999985933303833,-12.876742362976074,True
known,8673,9,truck,9,truck,0.9987903237342834,-8.823512077331543,True
known,8674,1,automobile,1,automobile,0.9993433356285095,-8.832403182983398,True
known,8675,7,horse,7,horse,0.9995135068893433,-9.802993774414062,True
known,8676,8,ship,8,ship,0.9994969367980957,-9.428176879882812,True
known,8677,3,cat,5,dog,0.9082509875297546,-8.879374504089355,True
known,8678,1,automobile,1,automobile,0.999143123626709,-8.554815292358398,True
known,8679,8,ship,8,ship,0.5093626379966736,-4.871962547302246,False
known,8680,3,cat,3,cat,0.9988656044006348,-8.349466323852539,True
known,8681,2,bird,2,bird,0.9886223673820496,-7.921435832977295,True
known,8682,5,dog,5,dog,0.9999856948852539,-12.272509574890137,True
known,8683,7,horse,7,horse,0.9999557733535767,-11.960488319396973,True
known,8684,2,bird,2,bird,0.998515784740448,-8.72655963897705,True
known,8685,7,horse,7,horse,0.9989171028137207,-8.29125690460205,True
known,8686,9,truck,9,truck,0.9990596175193787,-8.477363586425781,True
known,8687,6,frog,6,frog,0.9999697208404541,-12.093756675720215,True
known,8688,8,ship,8,ship,0.9999436140060425,-11.953202247619629,True
known,8689,6,frog,6,frog,0.9998012185096741,-10.49930191040039,True
known,8690,8,ship,8,ship,0.9991968274116516,-9.517935752868652,True
known,8691,6,frog,6,frog,0.9939742684364319,-7.399501323699951,True
known,8692,5,dog,5,dog,0.9999200105667114,-11.488165855407715,True
known,8693,9,truck,9,truck,0.9993224143981934,-8.888795852661133,True
known,8694,0,airplane,0,airplane,0.9989566802978516,-9.56439208984375,True
known,8695,4,deer,4,deer,0.9999011754989624,-10.703316688537598,True
known,8696,8,ship,8,ship,0.9998611211776733,-10.044861793518066,True
known,8697,5,dog,5,dog,0.9988327622413635,-8.230652809143066,True
known,8698,6,frog,6,frog,0.9974982142448425,-8.370408058166504,True
known,8699,4,deer,4,deer,0.590552568435669,-6.4322991371154785,True
known,8700,3,cat,3,cat,0.9978386759757996,-9.074919700622559,True
known,8701,8,ship,8,ship,0.999953031539917,-11.253579139709473,True
known,8702,0,airplane,0,airplane,0.9931480288505554,-7.913965702056885,True
known,8703,4,deer,4,deer,0.9999173879623413,-11.552964210510254,True
known,8704,8,ship,8,ship,0.9998748302459717,-10.3748140335083,True
known,8705,6,frog,6,frog,0.9999710321426392,-12.009035110473633,True
known,8706,7,horse,7,horse,0.9998974800109863,-11.309853553771973,True
known,8707,2,bird,2,bird,0.9987736344337463,-8.426868438720703,True
known,8708,7,horse,7,horse,0.9998593330383301,-10.914630889892578,True
known,8709,1,automobile,1,automobile,0.9999606609344482,-11.363301277160645,True
known,8710,7,horse,7,horse,0.9998681545257568,-10.831306457519531,True
known,8711,4,deer,4,deer,0.9999839067459106,-12.346490859985352,True
known,8712,1,automobile,1,automobile,0.999887228012085,-10.530978202819824,True
known,8713,2,bird,2,bird,0.9997825026512146,-9.785523414611816,True
known,8714,4,deer,4,deer,0.9992844462394714,-9.958301544189453,True
known,8715,2,bird,2,bird,0.9939776659011841,-7.6837568283081055,True
known,8716,2,bird,2,bird,0.9999195337295532,-10.891138076782227,True
known,8717,8,ship,8,ship,0.999932050704956,-10.99596881866455,True
known,8718,7,horse,7,horse,0.9996002316474915,-9.28032112121582,True
known,8719,2,bird,2,bird,0.9998075366020203,-10.456465721130371,True
known,8720,2,bird,2,bird,0.9616241455078125,-6.540731430053711,True
known,8721,6,frog,6,frog,0.999880313873291,-10.64168930053711,True
known,8722,7,horse,7,horse,0.9938198924064636,-8.302194595336914,True
known,8723,5,dog,7,horse,0.524268627166748,-7.481027603149414,True
known,8724,6,frog,6,frog,0.999573290348053,-9.272217750549316,True
known,8725,8,ship,8,ship,0.9999322891235352,-10.842597961425781,True
known,8726,9,truck,9,truck,0.9998015761375427,-9.810561180114746,True
known,8727,9,truck,9,truck,0.9913991689682007,-7.050215721130371,True
known,8728,6,frog,3,cat,0.9295492172241211,-7.549543857574463,True
known,8729,5,dog,5,dog,0.9998018145561218,-10.34345817565918,True
known,8730,2,bird,2,bird,0.9993282556533813,-9.816423416137695,True
known,8731,9,truck,9,truck,0.996743381023407,-9.811771392822266,True
known,8732,8,ship,8,ship,0.9994425177574158,-9.209553718566895,True
known,8733,7,horse,7,horse,0.9997603297233582,-10.07015609741211,True
known,8734,2,bird,2,bird,0.9997077584266663,-10.241110801696777,True
known,8735,3,cat,3,cat,0.9963704347610474,-9.110457420349121,True
known,8736,3,cat,3,cat,0.9993941783905029,-8.97778034210205,True
known,8737,7,horse,7,horse,0.9988853335380554,-10.619579315185547,True
known,8738,4,deer,4,deer,0.999948263168335,-11.671515464782715,True
known,8739,3,cat,3,cat,0.9873059988021851,-6.301569938659668,True
known,8740,2,bird,2,bird,0.9994452595710754,-9.417707443237305,True
known,8741,1,automobile,1,automobile,0.9871813654899597,-8.320891380310059,True
known,8742,9,truck,9,truck,0.9895589351654053,-6.676448822021484,True
known,8743,0,airplane,8,ship,0.9543672800064087,-6.000218868255615,False
known,8744,1,automobile,1,automobile,0.9687680602073669,-7.217947483062744,True
known,8745,5,dog,5,dog,0.9999924898147583,-13.268597602844238,True
known,8746,3,cat,3,cat,0.9998601675033569,-10.366060256958008,True
known,8747,2,bird,2,bird,0.9995050430297852,-9.16998291015625,True
known,8748,6,frog,6,frog,0.999847412109375,-9.965655326843262,True
known,8749,5,dog,5,dog,0.9998852014541626,-12.584527015686035,True
known,8750,9,truck,9,truck,0.9987687468528748,-8.173323631286621,True
known,8751,1,automobile,1,automobile,0.9979559183120728,-8.310839653015137,True
known,8752,5,dog,5,dog,0.8412221670150757,-8.030145645141602,True
known,8753,4,deer,4,deer,0.9997400641441345,-11.136253356933594,True
known,8754,3,cat,3,cat,0.9992978572845459,-8.566250801086426,True
known,8755,6,frog,6,frog,0.9998016953468323,-9.865067481994629,True
known,8756,2,bird,2,bird,0.9994392991065979,-9.243195533752441,True
known,8757,8,ship,3,cat,0.47700250148773193,-3.9696404933929443,False
known,8758,9,truck,9,truck,0.9997387528419495,-9.795540809631348,True
known,8759,7,horse,7,horse,0.9974632263183594,-8.529236793518066,True
known,8760,8,ship,8,ship,0.9977126121520996,-8.00316333770752,True
known,8761,0,airplane,0,airplane,0.9995397329330444,-9.711227416992188,True
known,8762,8,ship,8,ship,0.9998830556869507,-10.858651161193848,True
known,8763,9,truck,9,truck,0.9984997510910034,-8.092337608337402,True
known,8764,1,automobile,1,automobile,0.9987931251525879,-8.970117568969727,True
known,8765,2,bird,2,bird,0.9936273097991943,-7.180694580078125,True
known,8766,5,dog,5,dog,0.9994082450866699,-9.50271987915039,True
known,8767,7,horse,7,horse,0.9999785423278809,-11.720392227172852,True
known,8768,2,bird,2,bird,0.9999926090240479,-13.429838180541992,True
known,8769,0,airplane,0,airplane,0.9999657869338989,-11.811363220214844,True
known,8770,6,frog,6,frog,0.9990394711494446,-9.270158767700195,True
known,8771,6,frog,6,frog,0.9996520280838013,-10.249113082885742,True
known,8772,1,automobile,1,automobile,0.9998313188552856,-10.0112886428833,True
known,8773,6,frog,6,frog,0.5449365377426147,-7.1488800048828125,True
known,8774,3,cat,3,cat,0.9872962236404419,-7.057692050933838,True
known,8775,1,automobile,1,automobile,0.9908002018928528,-6.864592552185059,True
known,8776,5,dog,5,dog,0.809745192527771,-8.935444831848145,True
known,8777,0,airplane,0,airplane,0.9990575909614563,-10.337820053100586,True
known,8778,3,cat,0,airplane,0.8370407223701477,-5.239582538604736,False
known,8779,7,horse,7,horse,0.9566587805747986,-7.3498406410217285,True
known,8780,4,deer,4,deer,0.9960595369338989,-9.947056770324707,True
known,8781,6,frog,6,frog,0.9981461763381958,-9.009632110595703,True
known,8782,5,dog,5,dog,0.7725371718406677,-7.157163143157959,True
known,8783,6,frog,6,frog,0.9904661178588867,-8.021239280700684,True
known,8784,4,deer,4,deer,0.9990260601043701,-9.03238582611084,True
known,8785,8,ship,8,ship,0.9996022582054138,-11.329296112060547,True
known,8786,3,cat,3,cat,0.9995535016059875,-9.730047225952148,True
known,8787,4,deer,4,deer,0.9998263716697693,-10.316311836242676,True
known,8788,5,dog,5,dog,0.9999909400939941,-13.0396146774292,True
known,8789,5,dog,5,dog,0.998878538608551,-8.759307861328125,True
known,8790,0,airplane,0,airplane,0.9985494017601013,-8.456284523010254,True
known,8791,6,frog,6,frog,0.9992228746414185,-8.702728271484375,True
known,8792,6,frog,6,frog,0.998829185962677,-10.058089256286621,True
known,8793,7,horse,7,horse,0.9999704360961914,-11.62386703491211,True
known,8794,5,dog,3,cat,0.9994025230407715,-12.317444801330566,True
known,8795,0,airplane,0,airplane,0.9965040683746338,-9.753448486328125,True
known,8796,9,truck,9,truck,0.9995549321174622,-9.965250968933105,True
known,8797,9,truck,9,truck,0.9991917014122009,-8.572529792785645,True
known,8798,6,frog,6,frog,0.9988631010055542,-8.277691841125488,True
known,8799,1,automobile,1,automobile,0.9990078806877136,-8.727307319641113,True
known,8800,0,airplane,0,airplane,0.9960581064224243,-9.255492210388184,True
known,8801,4,deer,4,deer,0.9999390840530396,-11.89005184173584,True
known,8802,6,frog,6,frog,0.998643696308136,-8.121138572692871,True
known,8803,3,cat,2,bird,0.7492925524711609,-6.894389629364014,True
known,8804,6,frog,3,cat,0.5150808095932007,-4.525354385375977,False
known,8805,9,truck,9,truck,0.9989462494850159,-8.397387504577637,True
known,8806,3,cat,3,cat,0.9909638166427612,-7.884524822235107,True
known,8807,6,frog,6,frog,0.9991875290870667,-9.084646224975586,True
known,8808,6,frog,6,frog,0.9998840093612671,-11.068462371826172,True
known,8809,8,ship,2,bird,0.9354139566421509,-5.65692138671875,False
known,8810,2,bird,2,bird,0.9997707009315491,-10.00922966003418,True
known,8811,1,automobile,1,automobile,0.9973594546318054,-7.989846229553223,True
known,8812,0,airplane,0,airplane,0.9999152421951294,-11.54867172241211,True
known,8813,1,automobile,1,automobile,0.9994762539863586,-8.897073745727539,True
known,8814,9,truck,9,truck,0.999836802482605,-10.210807800292969,True
known,8815,3,cat,3,cat,0.695350706577301,-5.08380651473999,False
known,8816,7,horse,7,horse,0.999612033367157,-9.787126541137695,True
known,8817,4,deer,4,deer,0.9998399019241333,-10.853142738342285,True
known,8818,3,cat,3,cat,0.9982550740242004,-8.367456436157227,True
known,8819,0,airplane,0,airplane,0.9984733462333679,-8.862597465515137,True
known,8820,2,bird,2,bird,0.9987573623657227,-8.570411682128906,True
known,8821,7,horse,7,horse,0.9991378784179688,-8.703948974609375,True
known,8822,6,frog,6,frog,0.9992884397506714,-8.903173446655273,True
known,8823,4,deer,4,deer,0.9987635612487793,-9.043961524963379,True
known,8824,3,cat,3,cat,0.9269039034843445,-6.701661586761475,True
known,8825,0,airplane,0,airplane,0.9853400588035583,-6.360238075256348,True
known,8826,8,ship,8,ship,0.9997666478157043,-9.70073413848877,True
known,8827,2,bird,5,dog,0.5107783675193787,-5.40115213394165,False
known,8828,0,airplane,0,airplane,0.999702513217926,-10.299150466918945,True
known,8829,0,airplane,0,airplane,0.9998927116394043,-10.322629928588867,True
known,8830,9,truck,9,truck,0.9985690116882324,-7.9296488761901855,True
known,8831,6,frog,6,frog,0.9943138360977173,-6.913416862487793,True
known,8832,6,frog,6,frog,0.9999715089797974,-11.80051040649414,True
known,8833,6,frog,6,frog,0.9988219141960144,-8.342552185058594,True
known,8834,8,ship,8,ship,0.9999375343322754,-11.060230255126953,True
known,8835,7,horse,7,horse,0.9999370574951172,-11.199002265930176,True
known,8836,4,deer,4,deer,0.9978050589561462,-9.5963134765625,True
known,8837,1,automobile,1,automobile,0.998195469379425,-7.773198127746582,True
known,8838,8,ship,8,ship,0.9999078512191772,-10.58979320526123,True
known,8839,1,automobile,1,automobile,0.9999808073043823,-11.98698902130127,True
known,8840,2,bird,2,bird,0.9077496528625488,-6.34473991394043,True
known,8841,2,bird,2,bird,0.9996040463447571,-9.757590293884277,True
known,8842,4,deer,4,deer,0.9993146657943726,-9.786413192749023,True
known,8843,8,ship,8,ship,0.9999394416809082,-10.890508651733398,True
known,8844,5,dog,5,dog,0.9999181032180786,-11.717360496520996,True
known,8845,2,bird,2,bird,0.9998282194137573,-10.054048538208008,True
known,8846,6,frog,6,frog,0.9998120665550232,-9.830451965332031,True
known,8847,5,dog,5,dog,0.9994275569915771,-10.161969184875488,True
known,8848,3,cat,3,cat,0.9805694818496704,-10.306267738342285,True
known,8849,9,truck,9,truck,0.9996898174285889,-9.611051559448242,True
known,8850,1,automobile,1,automobile,0.9654780030250549,-9.338407516479492,True
known,8851,0,airplane,0,airplane,0.9995741248130798,-9.633321762084961,True
known,8852,7,horse,7,horse,0.9998045563697815,-9.81525993347168,True
known,8853,2,bird,2,bird,0.999983549118042,-12.420475959777832,True
known,8854,4,deer,4,deer,0.9978812336921692,-8.306281089782715,True
known,8855,4,deer,4,deer,0.999796450138092,-9.890728950500488,True
known,8856,0,airplane,0,airplane,0.9992685914039612,-9.703529357910156,True
known,8857,0,airplane,0,airplane,0.9994024038314819,-9.251130104064941,True
known,8858,6,frog,6,frog,0.9468156695365906,-6.119534969329834,False
known,8859,2,bird,2,bird,0.9997115731239319,-10.447587966918945,True
known,8860,2,bird,2,bird,0.9996922016143799,-9.894243240356445,True
known,8861,4,deer,4,deer,0.9994331002235413,-9.772871971130371,True
known,8862,0,airplane,0,airplane,0.9992558360099792,-8.810651779174805,True
known,8863,5,dog,5,dog,0.9993157386779785,-11.012895584106445,True
known,8864,9,truck,9,truck,0.9996483325958252,-9.35936450958252,True
known,8865,7,horse,7,horse,0.9824892282485962,-8.83838176727295,True
known,8866,1,automobile,1,automobile,0.99992835521698,-11.3043794631958,True
known,8867,8,ship,8,ship,0.9996960163116455,-9.37718391418457,True
known,8868,4,deer,4,deer,0.9883289337158203,-7.112836837768555,True
known,8869,5,dog,5,dog,0.9969612956047058,-8.86040210723877,True
known,8870,5,dog,5,dog,0.9990171194076538,-8.877378463745117,True
known,8871,9,truck,9,truck,0.9986925721168518,-8.45105266571045,True
known,8872,8,ship,8,ship,0.9975435137748718,-9.790623664855957,True
known,8873,5,dog,5,dog,0.9939824938774109,-7.474230766296387,True
known,8874,7,horse,7,horse,0.9979846477508545,-8.869012832641602,True
known,8875,8,ship,8,ship,0.9973706007003784,-7.819258689880371,True
known,8876,0,airplane,0,airplane,0.9999759197235107,-11.879157066345215,True
known,8877,9,truck,9,truck,0.9635725021362305,-8.585733413696289,True
known,8878,8,ship,8,ship,0.9995213747024536,-9.198606491088867,True
known,8879,9,truck,9,truck,0.9998899698257446,-10.592062950134277,True
known,8880,1,automobile,1,automobile,0.9997907280921936,-9.723331451416016,True
known,8881,6,frog,6,frog,0.9987803101539612,-8.446476936340332,True
known,8882,3,cat,3,cat,0.8381338715553284,-4.984206676483154,False
known,8883,8,ship,8,ship,0.9763256907463074,-6.5007734298706055,True
known,8884,0,airplane,0,airplane,0.9991382360458374,-9.033855438232422,True
known,8885,3,cat,3,cat,0.999882698059082,-10.58958625793457,True
known,8886,4,deer,4,deer,0.9958836436271667,-9.199629783630371,True
known,8887,4,deer,4,deer,0.9936543703079224,-8.451556205749512,True
known,8888,8,ship,8,ship,0.9999592304229736,-11.174200057983398,True
known,8889,4,deer,4,deer,0.9988644123077393,-9.492709159851074,True
known,8890,8,ship,8,ship,0.9999536275863647,-11.50928783416748,True
known,8891,9,truck,9,truck,0.9998282194137573,-10.385746002197266,True
known,8892,8,ship,8,ship,0.9998786449432373,-10.737286567687988,True
known,8893,6,frog,6,frog,0.9993788003921509,-8.769621849060059,True
known,8894,0,airplane,0,airplane,0.9998993873596191,-10.732074737548828,True
known,8895,0,airplane,0,airplane,0.9963906407356262,-9.234903335571289,True
known,8896,8,ship,8,ship,0.99830162525177,-8.133258819580078,True
known,8897,2,bird,2,bird,0.9999703168869019,-11.740730285644531,True
known,8898,7,horse,0,airplane,0.8198615908622742,-7.523605823516846,True
known,8899,4,deer,4,deer,0.9998334646224976,-10.980568885803223,True
known,8900,2,bird,2,bird,0.9999369382858276,-11.461392402648926,True
known,8901,5,dog,5,dog,0.991935133934021,-7.972656726837158,True
known,8902,6,frog,6,frog,0.9997981190681458,-10.384269714355469,True
known,8903,0,airplane,0,airplane,0.9998871088027954,-10.528751373291016,True
known,8904,5,dog,5,dog,0.998229444026947,-8.324358940124512,True
known,8905,8,ship,8,ship,0.9999037981033325,-10.586483001708984,True
known,8906,4,deer,4,deer,0.9997038245201111,-10.818686485290527,True
known,8907,1,automobile,1,automobile,0.9997805953025818,-9.677545547485352,True
known,8908,9,truck,9,truck,0.9974021911621094,-8.414895057678223,True
known,8909,0,airplane,0,airplane,0.9998296499252319,-10.243721961975098,True
known,8910,1,automobile,1,automobile,0.9998408555984497,-10.571715354919434,True
known,8911,4,deer,4,deer,0.9994961023330688,-10.003157615661621,True
known,8912,4,deer,4,deer,0.9996188879013062,-10.112024307250977,True
known,8913,8,ship,8,ship,0.9999951124191284,-14.444886207580566,True
known,8914,4,deer,4,deer,0.9998619556427002,-10.902941703796387,True
known,8915,9,truck,9,truck,0.9997032284736633,-9.615302085876465,True
known,8916,6,frog,6,frog,0.9993197917938232,-8.851749420166016,True
known,8917,0,airplane,0,airplane,0.9999805688858032,-12.198522567749023,True
known,8918,7,horse,7,horse,0.9991274476051331,-9.71157455444336,True
known,8919,7,horse,7,horse,0.9909345507621765,-9.541091918945312,True
known,8920,6,frog,6,frog,0.9994580149650574,-9.486125946044922,True
known,8921,8,ship,8,ship,0.9995844960212708,-9.811558723449707,True
known,8922,9,truck,9,truck,0.9999401569366455,-11.1622896194458,True
known,8923,6,frog,6,frog,0.9998823404312134,-11.197144508361816,True
known,8924,2,bird,2,bird,0.9997755885124207,-10.382345199584961,True
known,8925,0,airplane,0,airplane,0.9897956252098083,-7.50786018371582,True
known,8926,4,deer,4,deer,0.9997865557670593,-9.81617546081543,True
known,8927,9,truck,9,truck,0.9996743202209473,-9.270039558410645,True
known,8928,4,deer,2,bird,0.6753228306770325,-6.16931676864624,False
known,8929,9,truck,9,truck,0.9996339082717896,-9.27106761932373,True
known,8930,3,cat,3,cat,0.7559106945991516,-4.2431464195251465,False
known,8931,9,truck,9,truck,0.999896764755249,-10.705215454101562,True
known,8932,6,frog,2,bird,0.42059460282325745,-2.7594125270843506,False
known,8933,6,frog,6,frog,0.9998200535774231,-10.08947467803955,True
known,8934,7,horse,7,horse,0.9904176592826843,-7.634131908416748,True
known,8935,0,airplane,0,airplane,0.9994415640830994,-9.489326477050781,True
known,8936,9,truck,9,truck,0.9992458820343018,-8.99113941192627,True
known,8937,7,horse,7,horse,0.999873161315918,-10.789584159851074,True
known,8938,1,automobile,8,ship,0.8283103704452515,-7.639075756072998,True
known,8939,8,ship,8,ship,0.9997474551200867,-9.52190113067627,True
known,8940,6,frog,6,frog,0.9990460276603699,-9.03566837310791,True
known,8941,0,airplane,0,airplane,0.9420377612113953,-6.820385932922363,True
known,8942,6,frog,6,frog,0.9993067979812622,-9.842982292175293,True
known,8943,7,horse,5,dog,0.5396996736526489,-5.66967248916626,False
known,8944,4,deer,4,deer,0.9989207983016968,-8.573359489440918,True
known,8945,1,automobile,1,automobile,0.9994421601295471,-8.86590576171875,True
known,8946,9,truck,9,truck,0.99983811378479,-10.99415111541748,True
known,8947,4,deer,4,deer,0.9970295429229736,-9.07038688659668,True
known,8948,6,frog,6,frog,0.9996856451034546,-10.343057632446289,True
known,8949,7,horse,7,horse,0.9999216794967651,-11.712142944335938,True
known,8950,9,truck,9,truck,0.9999362230300903,-10.822442054748535,True
known,8951,8,ship,8,ship,0.9998432397842407,-10.004185676574707,True
known,8952,3,cat,3,cat,0.9956117272377014,-7.576834678649902,True
known,8953,9,truck,9,truck,0.9998844861984253,-11.424849510192871,True
known,8954,2,bird,2,bird,0.9997403025627136,-9.835891723632812,True
known,8955,1,automobile,1,automobile,0.9999405145645142,-11.916570663452148,True
known,8956,2,bird,2,bird,0.9999618530273438,-11.954391479492188,True
known,8957,7,horse,7,horse,0.999990701675415,-12.876603126525879,True
known,8958,6,frog,6,frog,0.7904594540596008,-6.008197784423828,False
known,8959,1,automobile,1,automobile,0.9992770552635193,-9.027804374694824,True
known,8960,0,airplane,0,airplane,0.996070384979248,-10.133808135986328,True
known,8961,0,airplane,0,airplane,0.9999933242797852,-13.199737548828125,True
known,8962,5,dog,5,dog,0.9957137107849121,-8.974781036376953,True
known,8963,6,frog,6,frog,0.9998952150344849,-10.580864906311035,True
known,8964,0,airplane,0,airplane,0.9993894100189209,-9.096015930175781,True
known,8965,4,deer,4,deer,0.9996534585952759,-9.609285354614258,True
known,8966,3,cat,3,cat,0.9991600513458252,-9.270944595336914,True
known,8967,2,bird,2,bird,0.9995044469833374,-9.72191047668457,True
known,8968,8,ship,8,ship,0.949016809463501,-7.4586381912231445,True
known,8969,8,ship,8,ship,0.999962329864502,-11.346161842346191,True
known,8970,0,airplane,0,airplane,0.9996786117553711,-9.960601806640625,True
known,8971,6,frog,6,frog,0.9998860359191895,-10.800583839416504,True
known,8972,9,truck,9,truck,0.9996034502983093,-10.130813598632812,True
known,8973,5,dog,5,dog,0.9997441172599792,-11.483911514282227,True
known,8974,2,bird,2,bird,0.9994439482688904,-8.95063304901123,True
known,8975,8,ship,8,ship,0.9999160766601562,-10.653360366821289,True
known,8976,7,horse,7,horse,0.8900214433670044,-7.470205307006836,True
known,8977,0,airplane,0,airplane,0.9750585556030273,-6.175778388977051,False
known,8978,6,frog,6,frog,0.9999293088912964,-11.273165702819824,True
known,8979,5,dog,5,dog,0.9991801381111145,-8.491954803466797,True
known,8980,9,truck,9,truck,0.9996045231819153,-9.128347396850586,True
known,8981,7,horse,7,horse,0.9658020734786987,-7.088284492492676,True
known,8982,2,bird,2,bird,0.9978334307670593,-8.772981643676758,True
known,8983,3,cat,4,deer,0.6809266805648804,-5.096654415130615,False
known,8984,6,frog,6,frog,0.9993069171905518,-9.98220157623291,True
known,8985,9,truck,9,truck,0.9956790804862976,-9.629178047180176,True
known,8986,6,frog,6,frog,0.9980048537254333,-8.102478981018066,True
known,8987,2,bird,2,bird,0.9995939135551453,-9.284666061401367,True
known,8988,2,bird,2,bird,0.9987574815750122,-8.942628860473633,True
known,8989,4,deer,4,deer,0.999674916267395,-9.321314811706543,True
known,8990,1,automobile,1,automobile,0.9984534978866577,-7.908236503601074,True
known,8991,0,airplane,0,airplane,0.9999394416809082,-11.591840744018555,True
known,8992,5,dog,5,dog,0.9996415376663208,-9.827007293701172,True
known,8993,0,airplane,9,truck,0.8099193572998047,-6.646859645843506,True
known,8994,8,ship,8,ship,0.9998332262039185,-10.208781242370605,True
known,8995,9,truck,9,truck,0.999981164932251,-12.150949478149414,True
known,8996,3,cat,3,cat,0.9874317646026611,-7.203067302703857,True
known,8997,5,dog,5,dog,0.9998550415039062,-10.596327781677246,True
known,8998,9,truck,9,truck,0.9993613362312317,-8.793978691101074,True
known,8999,3,cat,3,cat,0.9994193315505981,-9.120413780212402,True
known,9000,8,ship,8,ship,0.9999762773513794,-11.810529708862305,True
known,9001,1,automobile,1,automobile,0.9998544454574585,-10.823826789855957,True
known,9002,6,frog,6,frog,0.9945764541625977,-8.803466796875,True
known,9003,3,cat,3,cat,0.9984654188156128,-8.271097183227539,True
known,9004,7,horse,7,horse,0.9997716546058655,-9.711220741271973,True
known,9005,5,dog,5,dog,0.9591487050056458,-7.312772274017334,True
known,9006,6,frog,6,frog,0.9983494281768799,-8.121607780456543,True
known,9007,2,bird,2,bird,0.9998268485069275,-10.268888473510742,True
known,9008,0,airplane,0,airplane,0.999428927898407,-9.385387420654297,True
known,9009,2,bird,2,bird,0.997751772403717,-9.490947723388672,True
known,9010,8,ship,8,ship,0.9993969202041626,-9.049267768859863,True
known,9011,2,bird,2,bird,0.9999681711196899,-12.700225830078125,True
known,9012,8,ship,8,ship,0.9972506165504456,-8.367511749267578,True
known,9013,7,horse,7,horse,0.9987793564796448,-10.117030143737793,True
known,9014,7,horse,7,horse,0.9956533908843994,-8.040152549743652,True
known,9015,8,ship,8,ship,0.9997580647468567,-9.86957836151123,True
known,9016,1,automobile,1,automobile,0.9993352293968201,-8.880711555480957,True
known,9017,0,airplane,0,airplane,0.9992353916168213,-9.829293251037598,True
known,9018,8,ship,8,ship,0.9992130994796753,-8.838053703308105,True
known,9019,9,truck,9,truck,0.9979451298713684,-8.426953315734863,True
known,9020,7,horse,7,horse,0.9999243021011353,-10.742101669311523,True
known,9021,0,airplane,0,airplane,0.9821624159812927,-6.626616477966309,True
known,9022,3,cat,3,cat,0.9997404217720032,-10.580135345458984,True
known,9023,8,ship,8,ship,0.9998804330825806,-10.558878898620605,True
known,9024,0,airplane,0,airplane,0.9952059388160706,-9.57426643371582,True
known,9025,5,dog,5,dog,0.9960469603538513,-8.4840087890625,True
known,9026,9,truck,9,truck,0.999372661113739,-9.565258979797363,True
known,9027,5,dog,5,dog,0.8379687666893005,-5.564453601837158,False
known,9028,8,ship,8,ship,0.9992146492004395,-9.351425170898438,True
known,9029,4,deer,4,deer,0.9997534155845642,-9.641009330749512,True
known,9030,2,bird,2,bird,0.9981158971786499,-8.243913650512695,True
known,9031,0,airplane,0,airplane,0.994148850440979,-7.826993942260742,True
known,9032,9,truck,9,truck,0.9994812607765198,-9.30590534210205,True
known,9033,2,bird,2,bird,0.998252809047699,-8.491228103637695,True
known,9034,2,bird,4,deer,0.6137009859085083,-5.4932661056518555,False
known,9035,4,deer,4,deer,0.9999678134918213,-11.999234199523926,True
known,9036,4,deer,4,deer,0.920450747013092,-5.764005661010742,False
known,9037,9,truck,9,truck,0.9998636245727539,-10.251032829284668,True
known,9038,2,bird,2,bird,0.999543309211731,-10.114359855651855,True
known,9039,2,bird,6,frog,0.8911306858062744,-6.11984395980835,False
known,9040,2,bird,5,dog,0.5383777022361755,-6.059955596923828,False
known,9041,5,dog,3,cat,0.9780007600784302,-7.577027797698975,True
known,9042,1,automobile,1,automobile,0.999861478805542,-10.375494956970215,True
known,9043,3,cat,3,cat,0.9998583793640137,-10.763855934143066,True
known,9044,2,bird,2,bird,0.9969979524612427,-7.300288200378418,True
known,9045,0,airplane,0,airplane,0.9999814033508301,-12.855573654174805,True
known,9046,0,airplane,0,airplane,0.9999938011169434,-13.21726131439209,True
known,9047,4,deer,4,deer,0.9999456405639648,-12.940922737121582,True
known,9048,0,airplane,0,airplane,0.9999979734420776,-14.758493423461914,True
known,9049,6,frog,6,frog,0.9999297857284546,-11.295815467834473,True
known,9050,5,dog,5,dog,0.9767593145370483,-7.568345546722412,True
known,9051,8,ship,8,ship,0.9998176693916321,-9.841713905334473,True
known,9052,0,airplane,0,airplane,0.9999396800994873,-11.237610816955566,True
known,9053,5,dog,5,dog,0.997132420539856,-8.600261688232422,True
known,9054,8,ship,8,ship,0.9999384880065918,-10.857147216796875,True
known,9055,6,frog,6,frog,0.9991602897644043,-8.471181869506836,True
known,9056,4,deer,4,deer,0.9737250208854675,-8.394266128540039,True
known,9057,8,ship,8,ship,0.9999735355377197,-12.137784004211426,True
known,9058,5,dog,5,dog,0.9890039563179016,-8.988768577575684,True
known,9059,2,bird,2,bird,0.9998550415039062,-10.301453590393066,True
known,9060,9,truck,9,truck,0.9996482133865356,-9.523371696472168,True
known,9061,7,horse,7,horse,0.9998262524604797,-10.235098838806152,True
known,9062,9,truck,9,truck,0.9997773766517639,-9.957714080810547,True
known,9063,7,horse,7,horse,0.9994269609451294,-8.900036811828613,True
known,9064,1,automobile,1,automobile,0.990566074848175,-6.365986347198486,True
known,9065,0,airplane,2,bird,0.7377275824546814,-5.191953659057617,False
known,9066,1,automobile,1,automobile,0.9999587535858154,-12.295516014099121,True
known,9067,9,truck,9,truck,0.9995338916778564,-11.521730422973633,True
known,9068,6,frog,6,frog,0.9793131947517395,-6.805635452270508,True
known,9069,9,truck,9,truck,0.9990007281303406,-8.342644691467285,True
known,9070,2,bird,2,bird,0.9992812275886536,-9.456422805786133,True
known,9071,7,horse,7,horse,0.9997346997261047,-10.531949996948242,True
known,9072,9,truck,9,truck,0.9991419315338135,-8.53686237335205,True
known,9073,4,deer,4,deer,0.9416859149932861,-7.812341690063477,True
known,9074,4,deer,4,deer,0.9789583683013916,-7.04999303817749,True
known,9075,0,airplane,0,airplane,0.9940348267555237,-9.140901565551758,True
known,9076,6,frog,6,frog,0.9998248219490051,-10.717560768127441,True
known,9077,2,bird,2,bird,0.9991328120231628,-8.651599884033203,True
known,9078,4,deer,4,deer,0.9995797276496887,-11.569725036621094,True
known,9079,1,automobile,1,automobile,0.9999467134475708,-11.383066177368164,True
known,9080,3,cat,5,dog,0.9886000156402588,-8.347528457641602,True
known,9081,7,horse,7,horse,0.999845027923584,-10.265716552734375,True
known,9082,2,bird,2,bird,0.8219308257102966,-5.393187522888184,False
known,9083,8,ship,8,ship,0.9997115731239319,-10.40314769744873,True
known,9084,5,dog,5,dog,0.9993357062339783,-10.276118278503418,True
known,9085,9,truck,9,truck,0.9965740442276001,-8.933478355407715,True
known,9086,0,airplane,0,airplane,0.9979158043861389,-9.50614070892334,True
known,9087,3,cat,3,cat,0.9995656609535217,-9.097552299499512,True
known,9088,2,bird,2,bird,0.9974638223648071,-9.781271934509277,True
known,9089,3,cat,3,cat,0.9995867609977722,-9.317381858825684,True
known,9090,2,bird,2,bird,0.9999798536300659,-12.587909698486328,True
known,9091,7,horse,7,horse,0.9999085664749146,-10.816878318786621,True
known,9092,6,frog,6,frog,0.9994768500328064,-9.15245532989502,True
known,9093,3,cat,3,cat,0.9350531697273254,-9.728930473327637,True
known,9094,2,bird,2,bird,0.9999551773071289,-11.489181518554688,True
known,9095,5,dog,5,dog,0.9978954792022705,-8.945215225219727,True
known,9096,9,truck,9,truck,0.9998053908348083,-9.809147834777832,True
known,9097,0,airplane,0,airplane,0.9999628067016602,-12.616455078125,True
known,9098,5,dog,5,dog,0.9993423819541931,-9.18649673461914,True
known,9099,9,truck,9,truck,0.7911689877510071,-7.421319961547852,True
known,9100,9,truck,9,truck,0.9992929697036743,-8.740726470947266,True
known,9101,8,ship,8,ship,0.9999395608901978,-10.851311683654785,True
known,9102,7,horse,7,horse,0.9998613595962524,-11.208353042602539,True
known,9103,7,horse,5,dog,0.7948564887046814,-7.350818157196045,True
known,9104,4,deer,4,deer,0.9994795918464661,-9.719970703125,True
known,9105,8,ship,8,ship,0.9956986904144287,-8.784805297851562,True
known,9106,6,frog,6,frog,0.9968630075454712,-8.537004470825195,True
known,9107,5,dog,2,bird,0.9893022179603577,-7.133336067199707,True
known,9108,2,bird,2,bird,0.9999192953109741,-10.967025756835938,True
known,9109,3,cat,3,cat,0.9999657869338989,-11.759089469909668,True
known,9110,1,automobile,1,automobile,0.9995025396347046,-9.491612434387207,True
known,9111,0,airplane,0,airplane,0.9991621971130371,-8.768744468688965,True
known,9112,4,deer,4,deer,0.9995038509368896,-8.969199180603027,True
known,9113,1,automobile,1,automobile,0.9996352195739746,-9.407212257385254,True
known,9114,8,ship,8,ship,0.9999339580535889,-10.873213768005371,True
known,9115,8,ship,8,ship,0.9999668598175049,-11.550930976867676,True
known,9116,4,deer,4,deer,0.9978182315826416,-8.864848136901855,True
known,9117,9,truck,9,truck,0.9962440729141235,-7.273199081420898,True
known,9118,4,deer,4,deer,0.9999097585678101,-10.8565034866333,True
known,9119,4,deer,4,deer,0.9997566342353821,-9.603479385375977,True
known,9120,3,cat,5,dog,0.9893310070037842,-8.33117389678955,True
known,9121,3,cat,3,cat,0.9998588562011719,-12.779099464416504,True
known,9122,9,truck,9,truck,0.9984061121940613,-8.195022583007812,True
known,9123,2,bird,2,bird,0.9997854828834534,-10.227887153625488,True
known,9124,0,airplane,0,airplane,0.9999567270278931,-11.474482536315918,True
known,9125,1,automobile,1,automobile,0.9995483756065369,-8.950152397155762,True
known,9126,1,automobile,1,automobile,0.9998114705085754,-10.080419540405273,True
known,9127,8,ship,8,ship,0.9999597072601318,-11.697914123535156,True
known,9128,4,deer,4,deer,0.9997393488883972,-10.356375694274902,True
known,9129,4,deer,4,deer,0.9987950325012207,-9.155623435974121,True
known,9130,8,ship,8,ship,0.9999244213104248,-10.633999824523926,True
known,9131,3,cat,3,cat,0.9718106389045715,-6.170070171356201,False
known,9132,2,bird,6,frog,0.6125161051750183,-5.110282897949219,False
known,9133,9,truck,9,truck,0.9999260902404785,-10.852684020996094,True
known,9134,5,dog,5,dog,0.9999140501022339,-10.604500770568848,True
known,9135,7,horse,7,horse,0.9992522597312927,-9.748787879943848,True
known,9136,6,frog,6,frog,0.9996935129165649,-9.71784782409668,True
known,9137,2,bird,2,bird,0.9971829652786255,-10.237639427185059,True
known,9138,5,dog,5,dog,0.999686598777771,-9.395575523376465,True
known,9139,4,deer,4,deer,0.9944255352020264,-7.320981025695801,True
known,9140,7,horse,7,horse,0.9996236562728882,-9.399038314819336,True
known,9141,3,cat,3,cat,0.9998911619186401,-11.059587478637695,True
known,9142,3,cat,3,cat,0.9840010404586792,-10.6049165725708,True
known,9143,9,truck,9,truck,0.9995620846748352,-10.525284767150879,True
known,9144,0,airplane,0,airplane,0.9994189739227295,-9.88469123840332,True
known,9145,1,automobile,1,automobile,0.6951705813407898,-6.752805709838867,True
known,9146,5,dog,5,dog,0.9996223449707031,-9.189717292785645,True
known,9147,9,truck,9,truck,0.9988648891448975,-9.09995174407959,True
known,9148,3,cat,5,dog,0.6660197377204895,-8.054319381713867,True
known,9149,7,horse,7,horse,0.9937005043029785,-7.525469779968262,True
known,9150,6,frog,6,frog,0.9992547631263733,-9.384012222290039,True
known,9151,0,airplane,0,airplane,0.9936559200286865,-8.077442169189453,True
known,9152,4,deer,4,deer,0.9999457597732544,-11.726906776428223,True
known,9153,2,bird,2,bird,0.9998940229415894,-11.189794540405273,True
known,9154,2,bird,2,bird,0.9998592138290405,-10.661170959472656,True
known,9155,5,dog,5,dog,0.999893307685852,-10.95331859588623,True
known,9156,6,frog,6,frog,0.9998356103897095,-10.594048500061035,True
known,9157,3,cat,3,cat,0.9997015595436096,-11.134270668029785,True
known,9158,8,ship,8,ship,0.999717652797699,-10.06860065460205,True
known,9159,9,truck,9,truck,0.9998151659965515,-10.173161506652832,True
known,9160,5,dog,4,deer,0.44429025053977966,-4.033961296081543,False
known,9161,6,frog,6,frog,0.9999872446060181,-12.859065055847168,True
known,9162,1,automobile,1,automobile,0.9985948204994202,-8.06362533569336,True
known,9163,4,deer,4,deer,0.999363362789154,-8.829279899597168,True
known,9164,5,dog,5,dog,0.9993777275085449,-8.792302131652832,True
known,9165,4,deer,4,deer,0.9998101592063904,-10.377008438110352,True
known,9166,6,frog,6,frog,0.9995673298835754,-9.237504005432129,True
known,9167,7,horse,7,horse,0.9999669790267944,-11.782065391540527,True
known,9168,2,bird,2,bird,0.9997487664222717,-10.14300537109375,True
known,9169,1,automobile,1,automobile,0.9994899034500122,-9.536478996276855,True
known,9170,0,airplane,0,airplane,0.9986255168914795,-9.92911148071289,True
known,9171,2,bird,2,bird,0.9998468160629272,-10.104247093200684,True
known,9172,0,airplane,0,airplane,0.9997013211250305,-9.397002220153809,True
known,9173,4,deer,4,deer,0.9999430179595947,-11.228165626525879,True
known,9174,9,truck,9,truck,0.9996274709701538,-9.674697875976562,True
known,9175,8,ship,8,ship,0.9999556541442871,-11.51820182800293,True
known,9176,8,ship,8,ship,0.9997010231018066,-10.229488372802734,True
known,9177,9,truck,9,truck,0.9991594552993774,-9.147852897644043,True
known,9178,1,automobile,1,automobile,0.9977666139602661,-7.735576629638672,True
known,9179,1,automobile,1,automobile,0.9996809959411621,-9.632357597351074,True
known,9180,5,dog,5,dog,0.9999171495437622,-11.164139747619629,True
known,9181,0,airplane,0,airplane,0.9997544884681702,-9.639516830444336,True
known,9182,0,airplane,0,airplane,0.9998007416725159,-10.102773666381836,True
known,9183,8,ship,8,ship,0.9999560117721558,-11.219985008239746,True
known,9184,7,horse,7,horse,0.9953676462173462,-7.699826717376709,True
known,9185,1,automobile,1,automobile,0.9935184121131897,-7.274755954742432,True
known,9186,7,horse,7,horse,0.999797523021698,-11.152052879333496,True
known,9187,4,deer,4,deer,0.9999526739120483,-11.368407249450684,True
known,9188,5,dog,5,dog,0.995518147945404,-8.474536895751953,True
known,9189,4,deer,4,deer,0.9999128580093384,-10.860386848449707,True
known,9190,3,cat,5,dog,0.8380134105682373,-6.339288711547852,True
known,9191,3,cat,3,cat,0.9977849125862122,-8.189982414245605,True
known,9192,2,bird,2,bird,0.9994149208068848,-9.586878776550293,True
known,9193,0,airplane,0,airplane,0.9978893399238586,-8.27747917175293,True
known,9194,6,frog,6,frog,0.9996347427368164,-9.431410789489746,True
known,9195,6,frog,6,frog,0.9997759461402893,-10.434407234191895,True
known,9196,0,airplane,0,airplane,0.9998691082000732,-10.484463691711426,True
known,9197,1,automobile,1,automobile,0.9996111989021301,-9.237700462341309,True
known,9198,3,cat,3,cat,0.9998170733451843,-10.85516357421875,True
known,9199,9,truck,9,truck,0.9999923706054688,-13.595945358276367,True
known,9200,8,ship,8,ship,0.9998260140419006,-10.075592994689941,True
known,9201,3,cat,3,cat,0.9846349358558655,-6.734080791473389,True
known,9202,7,horse,7,horse,0.9997197985649109,-9.600289344787598,True
known,9203,8,ship,8,ship,0.999914288520813,-11.432705879211426,True
known,9204,9,truck,9,truck,0.9980286955833435,-9.879961967468262,True
known,9205,4,deer,4,deer,0.9988201260566711,-8.489389419555664,True
known,9206,8,ship,8,ship,0.9999263286590576,-10.68692684173584,True
known,9207,9,truck,9,truck,0.9997909665107727,-9.877068519592285,True
known,9208,0,airplane,0,airplane,0.9942295551300049,-7.567056655883789,True
known,9209,9,truck,9,truck,0.9979251623153687,-8.921404838562012,True
known,9210,7,horse,7,horse,0.9999749660491943,-12.239730834960938,True
known,9211,1,automobile,1,automobile,0.9973662495613098,-7.490625381469727,True
known,9212,6,frog,6,frog,0.9999237060546875,-11.348742485046387,True
known,9213,2,bird,2,bird,0.9956920742988586,-8.949971199035645,True
known,9214,9,truck,9,truck,0.99932861328125,-8.716460227966309,True
known,9215,5,dog,5,dog,0.999845027923584,-10.418749809265137,True
known,9216,6,frog,2,bird,0.7109043002128601,-5.229413032531738,False
known,9217,9,truck,9,truck,0.9994751811027527,-9.919978141784668,True
known,9218,3,cat,3,cat,0.6293240785598755,-4.24370813369751,False
known,9219,9,truck,9,truck,0.9991430044174194,-9.078770637512207,True
known,9220,8,ship,8,ship,0.9999361038208008,-11.453144073486328,True
known,9221,7,horse,7,horse,0.994723916053772,-9.735657691955566,True
known,9222,7,horse,7,horse,0.9999264478683472,-11.458513259887695,True
known,9223,1,automobile,1,automobile,0.9974275231361389,-9.284942626953125,True
known,9224,6,frog,6,frog,0.9996337890625,-10.159366607666016,True
known,9225,5,dog,3,cat,0.9513784050941467,-5.829390048980713,False
known,9226,3,cat,3,cat,0.7739514112472534,-6.105127811431885,False
known,9227,1,automobile,9,truck,0.9998611211776733,-10.180333137512207,True
known,9228,3,cat,3,cat,0.9974168539047241,-8.229592323303223,True
known,9229,1,automobile,1,automobile,0.9994692206382751,-9.528890609741211,True
known,9230,2,bird,2,bird,0.583483874797821,-4.701722145080566,False
known,9231,7,horse,7,horse,0.8511767387390137,-6.648334503173828,True
known,9232,1,automobile,1,automobile,0.9993857145309448,-8.841814041137695,True
known,9233,8,ship,8,ship,0.9996020197868347,-9.62793254852295,True
known,9234,2,bird,2,bird,0.981417715549469,-8.48712158203125,True
known,9235,0,airplane,0,airplane,0.9997581839561462,-10.674956321716309,True
known,9236,9,truck,9,truck,0.9999045133590698,-10.512110710144043,True
known,9237,7,horse,7,horse,0.9418073296546936,-6.917356014251709,True
known,9238,9,truck,9,truck,0.987691342830658,-8.682894706726074,True
known,9239,8,ship,8,ship,0.9997647404670715,-9.882328987121582,True
known,9240,8,ship,8,ship,0.9999176263809204,-10.619816780090332,True
known,9241,6,frog,6,frog,0.9997072815895081,-9.542150497436523,True
known,9242,7,horse,7,horse,0.999778687953949,-9.841463088989258,True
known,9243,3,cat,3,cat,0.9997004270553589,-10.111201286315918,True
known,9244,7,horse,7,horse,0.9994810223579407,-8.970333099365234,True
known,9245,1,automobile,1,automobile,0.9996751546859741,-9.329900741577148,True
known,9246,3,cat,3,cat,0.7122154831886292,-3.9039430618286133,False
known,9247,9,truck,9,truck,0.9999457597732544,-11.111029624938965,True
known,9248,0,airplane,0,airplane,0.999538779258728,-9.41595458984375,True
known,9249,9,truck,9,truck,0.9995967745780945,-9.198026657104492,True
known,9250,3,cat,3,cat,0.9983627200126648,-8.954848289489746,True
known,9251,6,frog,6,frog,0.998846173286438,-8.502581596374512,True
known,9252,7,horse,7,horse,0.999434769153595,-9.816543579101562,True
known,9253,2,bird,2,bird,0.9998860359191895,-10.971572875976562,True
known,9254,7,horse,7,horse,0.7320855259895325,-6.797049522399902,True
known,9255,3,cat,3,cat,0.9703084826469421,-6.59747838973999,True
known,9256,0,airplane,0,airplane,0.9998607635498047,-10.22890567779541,True
known,9257,5,dog,5,dog,0.9999642372131348,-11.706628799438477,True
known,9258,9,truck,9,truck,0.9994575381278992,-9.105191230773926,True
known,9259,7,horse,7,horse,0.9999130964279175,-11.384208679199219,True
known,9260,5,dog,3,cat,0.546658992767334,-6.81257963180542,True
known,9261,5,dog,5,dog,0.9995174407958984,-9.168485641479492,True
known,9262,0,airplane,0,airplane,0.9999632835388184,-11.718269348144531,True
known,9263,6,frog,6,frog,0.9996259212493896,-9.800366401672363,True
known,9264,5,dog,5,dog,0.9957246780395508,-7.957174777984619,True
known,9265,1,automobile,1,automobile,0.9993895292282104,-8.912949562072754,True
known,9266,8,ship,8,ship,0.9999738931655884,-11.941054344177246,True
known,9267,2,bird,2,bird,0.9999855756759644,-13.504785537719727,True
known,9268,7,horse,7,horse,0.999843955039978,-10.317831039428711,True
known,9269,5,dog,5,dog,0.9979810118675232,-10.035289764404297,True
known,9270,9,truck,9,truck,0.9998564720153809,-10.085068702697754,True
known,9271,0,airplane,0,airplane,0.9999362230300903,-10.777154922485352,True
known,9272,0,airplane,0,airplane,0.99967360496521,-10.126768112182617,True
known,9273,0,airplane,0,airplane,0.995373547077179,-7.565551280975342,True
known,9274,8,ship,0,airplane,0.7711108922958374,-6.346436977386475,True
known,9275,8,ship,8,ship,0.9987541437149048,-9.254225730895996,True
known,9276,7,horse,7,horse,0.9983729124069214,-10.113018989562988,True
known,9277,3,cat,3,cat,0.999061644077301,-9.473408699035645,True
known,9278,7,horse,7,horse,0.9998109936714172,-10.601292610168457,True
known,9279,8,ship,8,ship,0.9998133778572083,-9.90429973602295,True
known,9280,9,truck,9,truck,0.9996057152748108,-9.287152290344238,True
known,9281,3,cat,3,cat,0.9998670816421509,-10.558645248413086,True
known,9282,7,horse,7,horse,0.9999109506607056,-11.173693656921387,True
known,9283,9,truck,9,truck,0.9996242523193359,-9.680989265441895,True
known,9284,7,horse,7,horse,0.9997937083244324,-9.695587158203125,True
known,9285,8,ship,8,ship,0.9989128112792969,-9.396485328674316,True
known,9286,7,horse,7,horse,0.9973841309547424,-7.550055503845215,True
known,9287,9,truck,9,truck,0.9990260601043701,-8.47467041015625,True
known,9288,8,ship,3,cat,0.6390718817710876,-4.238533020019531,False
known,9289,5,dog,5,dog,0.9408231973648071,-6.698488712310791,True
known,9290,4,deer,4,deer,0.9990363121032715,-8.451929092407227,True
known,9291,8,ship,8,ship,0.9607066512107849,-6.671631336212158,True
known,9292,3,cat,3,cat,0.5054833292961121,-3.5700762271881104,False
known,9293,7,horse,7,horse,0.999786913394928,-9.891786575317383,True
known,9294,6,frog,6,frog,0.9736884236335754,-7.688222885131836,True
known,9295,3,cat,3,cat,0.9994115829467773,-9.6006498336792,True
known,9296,8,ship,8,ship,0.9999370574951172,-10.93642520904541,True
known,9297,2,bird,2,bird,0.9989798665046692,-9.487015724182129,True
known,9298,1,automobile,1,automobile,0.9997078776359558,-10.70535945892334,True
known,9299,9,truck,9,truck,0.9993094205856323,-8.72449016571045,True
known,9300,5,dog,5,dog,0.931593656539917,-8.66895580291748,True
known,9301,7,horse,7,horse,0.9979521632194519,-9.00987720489502,True
known,9302,3,cat,3,cat,0.9992052912712097,-9.641887664794922,True
known,9303,9,truck,9,truck,0.9990967512130737,-10.813169479370117,True
known,9304,5,dog,5,dog,0.9923075437545776,-8.486485481262207,True
known,9305,5,dog,5,dog,0.9998852014541626,-11.407774925231934,True
known,9306,8,ship,8,ship,0.963558554649353,-6.887985706329346,True
known,9307,7,horse,7,horse,0.9997803568840027,-10.026124954223633,True
known,9308,3,cat,3,cat,0.9997331500053406,-9.863567352294922,True
known,9309,5,dog,5,dog,0.9997852444648743,-11.499336242675781,True
known,9310,3,cat,3,cat,0.9997654557228088,-9.844649314880371,True
known,9311,5,dog,5,dog,0.9996984004974365,-9.68428897857666,True
known,9312,9,truck,9,truck,0.9995942711830139,-9.036399841308594,True
known,9313,7,horse,7,horse,0.9994521737098694,-9.394770622253418,True
known,9314,6,frog,6,frog,0.9984732270240784,-8.627755165100098,True
known,9315,7,horse,7,horse,0.933944046497345,-5.963236331939697,False
known,9316,3,cat,3,cat,0.8610042929649353,-5.590841293334961,False
known,9317,6,frog,6,frog,0.9945200085639954,-8.229546546936035,True
known,9318,4,deer,4,deer,0.9999853372573853,-12.545642852783203,True
known,9319,3,cat,3,cat,0.9989005327224731,-10.073152542114258,True
known,9320,9,truck,9,truck,0.9995015859603882,-8.934893608093262,True
known,9321,4,deer,4,deer,0.9993568062782288,-9.64669418334961,True
known,9322,2,bird,2,bird,0.9999804496765137,-12.846806526184082,True
known,9323,1,automobile,1,automobile,0.9987010955810547,-8.094477653503418,True
known,9324,9,truck,9,truck,0.9963954091072083,-9.315401077270508,True
known,9325,6,frog,6,frog,0.9984956979751587,-10.130305290222168,True
known,9326,0,airplane,0,airplane,0.9998794794082642,-10.2586088180542,True
known,9327,2,bird,2,bird,0.9968392848968506,-8.534255981445312,True
known,9328,6,frog,6,frog,0.9997285008430481,-9.869769096374512,True
known,9329,7,horse,7,horse,0.8303856253623962,-7.375421524047852,True
known,9330,4,deer,4,deer,0.9991804957389832,-9.39099407196045,True
known,9331,7,horse,7,horse,0.9999797344207764,-12.57740306854248,True
known,9332,9,truck,9,truck,0.999143123626709,-8.47536849975586,True
known,9333,0,airplane,0,airplane,0.9999525547027588,-11.357988357543945,True
known,9334,7,horse,7,horse,0.999862790107727,-10.247734069824219,True
known,9335,4,deer,4,deer,0.9978138208389282,-8.267826080322266,True
known,9336,3,cat,5,dog,0.9748904705047607,-9.857687950134277,True
known,9337,5,dog,5,dog,0.9964757561683655,-8.523860931396484,True
known,9338,3,cat,3,cat,0.9824679493904114,-6.626221179962158,True
known,9339,1,automobile,1,automobile,0.9980407357215881,-7.6995038986206055,True
known,9340,1,automobile,1,automobile,0.9986503720283508,-8.034542083740234,True
known,9341,2,bird,2,bird,0.997980535030365,-7.80651330947876,True
known,9342,6,frog,6,frog,0.9998857975006104,-10.411046981811523,True
known,9343,8,ship,8,ship,0.9997896552085876,-9.897107124328613,True
known,9344,2,bird,2,bird,0.9994800686836243,-10.373449325561523,True
known,9345,1,automobile,1,automobile,0.9997221827507019,-9.960034370422363,True
known,9346,7,horse,7,horse,0.9858289957046509,-8.330986976623535,True
known,9347,8,ship,8,ship,0.9999545812606812,-11.207777976989746,True
known,9348,5,dog,5,dog,0.9999374151229858,-11.618501663208008,True
known,9349,9,truck,9,truck,0.9984753727912903,-9.43635082244873,True
known,9350,6,frog,6,frog,0.9995937943458557,-9.239827156066895,True
known,9351,1,automobile,1,automobile,0.886565089225769,-8.869000434875488,True
known,9352,1,automobile,1,automobile,0.8750947713851929,-5.840106010437012,False
known,9353,5,dog,5,dog,0.9986697435379028,-8.845099449157715,True
known,9354,0,airplane,0,airplane,0.9941204190254211,-9.475419998168945,True
known,9355,6,frog,6,frog,0.9995068311691284,-8.930130958557129,True
known,9356,0,airplane,0,airplane,0.9968938827514648,-10.154657363891602,True
known,9357,9,truck,9,truck,0.9998769760131836,-10.331074714660645,True
known,9358,2,bird,2,bird,0.9997840523719788,-9.854036331176758,True
known,9359,6,frog,6,frog,0.9998828172683716,-10.415881156921387,True
known,9360,5,dog,5,dog,0.9993451237678528,-9.956151962280273,True
known,9361,8,ship,8,ship,0.9995580315589905,-9.370284080505371,True
known,9362,9,truck,9,truck,0.9981268048286438,-7.984528541564941,True
known,9363,5,dog,5,dog,0.9142200350761414,-6.558774471282959,True
known,9364,5,dog,5,dog,0.9996100068092346,-10.059844017028809,True
known,9365,6,frog,6,frog,0.9999010562896729,-11.206560134887695,True
known,9366,2,bird,2,bird,0.9539361000061035,-7.153199672698975,True
known,9367,9,truck,9,truck,0.9992904663085938,-8.849085807800293,True
known,9368,1,automobile,1,automobile,0.9998101592063904,-9.999330520629883,True
known,9369,5,dog,5,dog,0.9953641891479492,-7.905701160430908,True
known,9370,8,ship,8,ship,0.7743715047836304,-4.528504371643066,False
known,9371,8,ship,8,ship,0.9996139407157898,-9.44905948638916,True
known,9372,7,horse,7,horse,0.9990897178649902,-8.712457656860352,True
known,9373,1,automobile,1,automobile,0.9997472167015076,-9.845826148986816,True
known,9374,7,horse,7,horse,0.9997490048408508,-9.96434211730957,True
known,9375,3,cat,5,dog,0.713546097278595,-8.149401664733887,True
known,9376,5,dog,5,dog,0.915946900844574,-6.7804999351501465,True
known,9377,4,deer,4,deer,0.9991186261177063,-8.870610237121582,True
known,9378,9,truck,9,truck,0.9978036284446716,-7.538008689880371,True
known,9379,7,horse,7,horse,0.9999147653579712,-10.662181854248047,True
known,9380,5,dog,5,dog,0.5004954934120178,-6.476780414581299,True
known,9381,2,bird,2,bird,0.999470055103302,-9.078081130981445,True
known,9382,9,truck,9,truck,0.9999603033065796,-11.30275821685791,True
known,9383,9,truck,9,truck,0.9998278617858887,-10.421320915222168,True
known,9384,4,deer,4,deer,0.9994487166404724,-8.862196922302246,True
known,9385,7,horse,7,horse,0.9895718097686768,-7.8459882736206055,True
known,9386,4,deer,2,bird,0.9997394680976868,-10.92880630493164,True
known,9387,1,automobile,1,automobile,0.999546468257904,-9.09414005279541,True
known,9388,3,cat,3,cat,0.9986687898635864,-8.1041898727417,True
known,9389,8,ship,8,ship,0.9997970461845398,-10.211043357849121,True
known,9390,7,horse,7,horse,0.9997605681419373,-9.910173416137695,True
known,9391,9,truck,9,truck,0.9998868703842163,-10.553174018859863,True
known,9392,0,airplane,0,airplane,0.9999772310256958,-11.945340156555176,True
known,9393,4,deer,4,deer,0.999783456325531,-10.206395149230957,True
known,9394,5,dog,5,dog,0.9997829794883728,-9.892023086547852,True
known,9395,7,horse,7,horse,0.9999047517776489,-10.4485445022583,True
known,9396,5,dog,5,dog,0.9986936450004578,-8.307513236999512,True
known,9397,2,bird,2,bird,0.9997492432594299,-11.038897514343262,True
known,9398,8,ship,8,ship,0.9999366998672485,-11.707714080810547,True
known,9399,7,horse,7,horse,0.9994251728057861,-8.971965789794922,True
known,9400,6,frog,6,frog,0.9998403787612915,-10.721131324768066,True
known,9401,9,truck,9,truck,0.9999353885650635,-10.777235984802246,True
known,9402,6,frog,6,frog,0.605507493019104,-5.806155204772949,False
known,9403,9,truck,9,truck,0.9989901185035706,-8.362896919250488,True
known,9404,3,cat,3,cat,0.9989687204360962,-8.620990753173828,True
known,9405,8,ship,8,ship,0.9994834661483765,-9.834232330322266,True
known,9406,5,dog,5,dog,0.9997797608375549,-9.892251014709473,True
known,9407,6,frog,6,frog,0.9992309808731079,-8.492424011230469,True
known,9408,6,frog,6,frog,0.9996254444122314,-9.899354934692383,True
known,9409,9,truck,9,truck,0.9999552965164185,-11.471746444702148,True
known,9410,5,dog,5,dog,0.9997047781944275,-9.419001579284668,True
known,9411,7,horse,7,horse,0.9998480081558228,-10.304502487182617,True
known,9412,8,ship,8,ship,0.999980092048645,-12.391106605529785,True
known,9413,0,airplane,0,airplane,0.9987398982048035,-8.532848358154297,True
known,9414,5,dog,5,dog,0.5579860210418701,-8.825173377990723,True
known,9415,0,airplane,0,airplane,0.9966170191764832,-7.632322788238525,True
known,9416,7,horse,7,horse,0.999845027923584,-10.099883079528809,True
known,9417,4,deer,4,deer,0.9998176693916321,-10.125327110290527,True
known,9418,8,ship,8,ship,0.9993364214897156,-9.885086059570312,True
known,9419,2,bird,2,bird,0.9877683520317078,-7.416492462158203,True
known,9420,5,dog,5,dog,0.9999645948410034,-11.630425453186035,True
known,9421,1,automobile,9,truck,0.5140973925590515,-7.093172073364258,True
known,9422,3,cat,3,cat,0.9526612162590027,-6.935070991516113,True
known,9423,2,bird,2,bird,0.996209979057312,-8.543296813964844,True
known,9424,2,bird,2,bird,0.9991348385810852,-8.672948837280273,True
known,9425,6,frog,6,frog,0.9999774694442749,-12.664650917053223,True
known,9426,2,bird,2,bird,0.9980618357658386,-9.201502799987793,True
known,9427,1,automobile,1,automobile,0.9993937015533447,-8.830851554870605,True
known,9428,7,horse,7,horse,0.999922513961792,-10.807661056518555,True
known,9429,4,deer,2,bird,0.5011351108551025,-6.843881607055664,True
known,9430,6,frog,6,frog,0.9732511043548584,-6.825187683105469,True
known,9431,3,cat,3,cat,0.6814688444137573,-7.137308597564697,True
known,9432,1,automobile,1,automobile,0.999957799911499,-11.401047706604004,True
known,9433,3,cat,3,cat,0.9992828965187073,-10.380367279052734,True
known,9434,7,horse,7,horse,0.9734592437744141,-8.360871315002441,True
known,9435,2,bird,2,bird,0.9665659070014954,-6.710175514221191,True
known,9436,1,automobile,1,automobile,0.9961452484130859,-7.366972923278809,True
known,9437,3,cat,3,cat,0.9994484782218933,-10.260777473449707,True
known,9438,7,horse,7,horse,0.9998713731765747,-10.251052856445312,True
known,9439,0,airplane,0,airplane,0.9982333183288574,-7.943248748779297,True
known,9440,8,ship,8,ship,0.9995326995849609,-11.46035099029541,True
known,9441,4,deer,4,deer,0.9999284744262695,-10.836886405944824,True
known,9442,4,deer,4,deer,0.9981531500816345,-8.517827987670898,True
known,9443,5,dog,5,dog,0.9978780746459961,-8.653067588806152,True
known,9444,7,horse,7,horse,0.9996458292007446,-9.243695259094238,True
known,9445,9,truck,9,truck,0.9985095858573914,-9.04938793182373,True
known,9446,5,dog,5,dog,0.9991952776908875,-10.30205249786377,True
known,9447,4,deer,4,deer,0.9999102354049683,-10.61423110961914,True
known,9448,3,cat,3,cat,0.9991275668144226,-10.787556648254395,True
known,9449,9,truck,9,truck,0.9833373427391052,-8.036020278930664,True
known,9450,6,frog,6,frog,0.9996578693389893,-10.386420249938965,True
known,9451,8,ship,8,ship,0.9998986721038818,-11.030972480773926,True
known,9452,2,bird,2,bird,0.9806861877441406,-6.210241317749023,True
known,9453,3,cat,3,cat,0.9988731741905212,-8.856616020202637,True
known,9454,3,cat,3,cat,0.9997158646583557,-9.996260643005371,True
known,9455,1,automobile,1,automobile,0.9998130202293396,-9.8569974899292,True
known,9456,6,frog,6,frog,0.9998589754104614,-10.828387260437012,True
known,9457,1,automobile,1,automobile,0.9998262524604797,-10.331965446472168,True
known,9458,7,horse,7,horse,0.9996845722198486,-9.294100761413574,True
known,9459,0,airplane,0,airplane,0.9997223019599915,-10.354291915893555,True
known,9460,3,cat,3,cat,0.9998917579650879,-10.401141166687012,True
known,9461,4,deer,4,deer,0.9984727501869202,-10.06301498413086,True
known,9462,2,bird,2,bird,0.9996581077575684,-10.596303939819336,True
known,9463,9,truck,9,truck,0.998252809047699,-9.66171932220459,True
known,9464,4,deer,4,deer,0.9999003410339355,-10.441811561584473,True
known,9465,5,dog,5,dog,0.7658724188804626,-5.509652614593506,False
known,9466,8,ship,8,ship,0.9997798800468445,-9.807877540588379,True
known,9467,2,bird,4,deer,0.5554956197738647,-3.3032596111297607,False
known,9468,7,horse,7,horse,0.9509130716323853,-6.28466272354126,True
known,9469,0,airplane,0,airplane,0.9996157884597778,-9.47967529296875,True
known,9470,9,truck,9,truck,0.9989296793937683,-8.17030143737793,True
known,9471,6,frog,6,frog,0.9952203631401062,-8.539627075195312,True
known,9472,8,ship,8,ship,0.9999366998672485,-10.810748100280762,True
known,9473,0,airplane,0,airplane,0.998009979724884,-8.750922203063965,True
known,9474,8,ship,8,ship,0.9999524354934692,-11.5629243850708,True
known,9475,2,bird,2,bird,0.999669075012207,-9.810818672180176,True
known,9476,8,ship,8,ship,0.9997465014457703,-9.695441246032715,True
known,9477,5,dog,5,dog,0.9982929825782776,-8.663352012634277,True
known,9478,7,horse,7,horse,0.9997552037239075,-9.568742752075195,True
known,9479,7,horse,7,horse,0.9996438026428223,-9.309057235717773,True
known,9480,2,bird,2,bird,0.9978469610214233,-7.998100280761719,True
known,9481,2,bird,2,bird,0.9993270635604858,-9.636714935302734,True
known,9482,0,airplane,0,airplane,0.9999873638153076,-13.669952392578125,True
known,9483,0,airplane,0,airplane,0.9974055886268616,-9.145171165466309,True
known,9484,0,airplane,0,airplane,0.9963622689247131,-9.305100440979004,True
known,9485,7,horse,4,deer,0.6367473006248474,-6.565509796142578,True
known,9486,4,deer,4,deer,0.9998481273651123,-10.1163911819458,True
known,9487,1,automobile,1,automobile,0.998336136341095,-7.8453145027160645,True
known,9488,6,frog,6,frog,0.9990377426147461,-8.824225425720215,True
known,9489,6,frog,6,frog,0.999498724937439,-9.284493446350098,True
known,9490,8,ship,8,ship,0.9132742881774902,-8.09359073638916,True
known,9491,8,ship,8,ship,0.9993621706962585,-8.817416191101074,True
known,9492,9,truck,9,truck,0.9972683191299438,-9.141509056091309,True
known,9493,0,airplane,0,airplane,0.999816358089447,-10.35522747039795,True
known,9494,9,truck,9,truck,0.9999004602432251,-11.719504356384277,True
known,9495,0,airplane,0,airplane,0.9973781108856201,-8.672640800476074,True
known,9496,1,automobile,1,automobile,0.9998928308486938,-10.439092636108398,True
known,9497,3,cat,3,cat,0.9866102337837219,-8.021470069885254,True
known,9498,3,cat,3,cat,0.9998863935470581,-10.788148880004883,True
known,9499,0,airplane,0,airplane,0.9999657869338989,-11.435205459594727,True
known,9500,9,truck,9,truck,0.9998600482940674,-10.62725830078125,True
known,9501,6,frog,0,airplane,0.47724005579948425,-3.0162415504455566,False
known,9502,6,frog,6,frog,0.9993658661842346,-9.799696922302246,True
known,9503,2,bird,2,bird,0.8351044058799744,-5.732827663421631,False
known,9504,6,frog,6,frog,0.999821126461029,-9.921608924865723,True
known,9505,3,cat,3,cat,0.9997313618659973,-10.022433280944824,True
known,9506,4,deer,4,deer,0.9432294964790344,-7.7357025146484375,True
known,9507,0,airplane,8,ship,0.5030176043510437,-6.325220108032227,True
known,9508,8,ship,8,ship,0.9998962879180908,-10.693991661071777,True
known,9509,4,deer,4,deer,0.9999903440475464,-13.086973190307617,True
known,9510,1,automobile,1,automobile,0.998336136341095,-9.567771911621094,True
known,9511,4,deer,4,deer,0.9993888139724731,-9.364047050476074,True
known,9512,0,airplane,0,airplane,0.9991463422775269,-8.628007888793945,True
known,9513,6,frog,6,frog,0.999204695224762,-9.400230407714844,True
known,9514,5,dog,5,dog,0.9905574321746826,-7.624255657196045,True
known,9515,0,airplane,0,airplane,0.9998856782913208,-10.508556365966797,True
known,9516,9,truck,9,truck,0.9988871216773987,-8.204002380371094,True
known,9517,9,truck,9,truck,0.9980208873748779,-7.904785633087158,True
known,9518,9,truck,1,automobile,0.9542939066886902,-6.544337749481201,True
known,9519,9,truck,9,truck,0.9996302127838135,-9.461956977844238,True
known,9520,1,automobile,1,automobile,0.9981909394264221,-7.942930221557617,True
known,9521,2,bird,2,bird,0.9985104203224182,-9.467103958129883,True
known,9522,3,cat,2,bird,0.7697311043739319,-5.799290657043457,False
known,9523,5,dog,5,dog,0.9998776912689209,-10.465868949890137,True
known,9524,4,deer,4,deer,0.9998533725738525,-10.003872871398926,True
known,9525,2,bird,2,bird,0.9986141920089722,-9.380643844604492,True
known,9526,9,truck,9,truck,0.9998798370361328,-10.491318702697754,True
known,9527,6,frog,6,frog,0.9949874877929688,-8.086977005004883,True
known,9528,0,airplane,0,airplane,0.9108721613883972,-5.025806903839111,False
known,9529,9,truck,9,truck,0.9863336682319641,-7.518703937530518,True
known,9530,6,frog,6,frog,0.9998549222946167,-10.094019889831543,True
known,9531,6,frog,6,frog,0.9998557567596436,-10.494489669799805,True
known,9532,8,ship,8,ship,0.9999885559082031,-12.686985969543457,True
known,9533,0,airplane,0,airplane,0.9999910593032837,-13.042795181274414,True
known,9534,6,frog,6,frog,0.9984216690063477,-8.245194435119629,True
known,9535,1,automobile,9,truck,0.6450719833374023,-5.77266788482666,False
known,9536,4,deer,4,deer,0.9979380965232849,-9.648856163024902,True
known,9537,6,frog,6,frog,0.9993448853492737,-8.792734146118164,True
known,9538,8,ship,8,ship,0.9998838901519775,-10.396529197692871,True
known,9539,0,airplane,0,airplane,0.999818742275238,-10.306867599487305,True
known,9540,5,dog,5,dog,0.9999740123748779,-11.97552490234375,True
known,9541,4,deer,4,deer,0.9996479749679565,-10.648113250732422,True
known,9542,1,automobile,9,truck,0.5660094022750854,-5.351988792419434,False
known,9543,2,bird,2,bird,0.9998975992202759,-10.551177978515625,True
known,9544,0,airplane,0,airplane,0.9998694658279419,-11.122737884521484,True
known,9545,9,truck,9,truck,0.9994348883628845,-8.851225852966309,True
known,9546,6,frog,6,frog,0.9998953342437744,-10.947129249572754,True
known,9547,4,deer,4,deer,0.9996215105056763,-9.588187217712402,True
known,9548,2,bird,2,bird,0.9997325539588928,-10.178020477294922,True
known,9549,4,deer,4,deer,0.9894038438796997,-8.318458557128906,True
known,9550,6,frog,6,frog,0.9997953772544861,-9.973957061767578,True
known,9551,5,dog,5,dog,0.9825862646102905,-6.758718967437744,True
known,9552,9,truck,9,truck,0.9998610019683838,-10.016390800476074,True
known,9553,7,horse,7,horse,0.9996416568756104,-10.354990005493164,True
known,9554,7,horse,7,horse,0.9998043179512024,-9.81544017791748,True
known,9555,4,deer,4,deer,0.9913920164108276,-8.661885261535645,True
known,9556,6,frog,6,frog,0.9993013143539429,-9.200621604919434,True
known,9557,5,dog,5,dog,0.950378954410553,-8.026274681091309,True
known,9558,0,airplane,0,airplane,0.9998058676719666,-10.946281433105469,True
known,9559,1,automobile,1,automobile,0.9945122003555298,-6.987702369689941,True
known,9560,9,truck,9,truck,0.999126136302948,-8.751538276672363,True
known,9561,0,airplane,0,airplane,0.9995447993278503,-10.135939598083496,True
known,9562,3,cat,3,cat,0.9946982860565186,-8.994593620300293,True
known,9563,1,automobile,9,truck,0.4376036524772644,-4.061160087585449,False
known,9564,9,truck,9,truck,0.9960187077522278,-7.062529563903809,True
known,9565,0,airplane,0,airplane,0.9993407130241394,-9.8912353515625,True
known,9566,9,truck,9,truck,0.9997407793998718,-9.54312801361084,True
known,9567,7,horse,7,horse,0.9999957084655762,-13.27807331085205,True
known,9568,8,ship,8,ship,0.9998291730880737,-10.17258358001709,True
known,9569,6,frog,6,frog,0.9939122200012207,-8.690561294555664,True
known,9570,7,horse,7,horse,0.9997243285179138,-9.701678276062012,True
known,9571,6,frog,6,frog,0.9999281167984009,-10.845829963684082,True
known,9572,8,ship,8,ship,0.9999594688415527,-11.395628929138184,True
known,9573,2,bird,5,dog,0.6134834885597229,-6.0436320304870605,False
known,9574,4,deer,4,deer,0.9996201992034912,-9.224570274353027,True
known,9575,5,dog,5,dog,0.9993566870689392,-11.444236755371094,True
known,9576,3,cat,3,cat,0.9978494644165039,-10.506027221679688,True
known,9577,0,airplane,0,airplane,0.9997124075889587,-10.328219413757324,True
known,9578,3,cat,3,cat,0.9985014200210571,-8.214432716369629,True
known,9579,2,bird,2,bird,0.9714424014091492,-6.59785795211792,True
known,9580,1,automobile,1,automobile,0.996377170085907,-7.178415298461914,True
known,9581,7,horse,7,horse,0.9999794960021973,-11.98330020904541,True
known,9582,5,dog,5,dog,0.9995734095573425,-11.851104736328125,True
known,9583,9,truck,9,truck,0.9998579025268555,-10.581168174743652,True
known,9584,3,cat,3,cat,0.9997946619987488,-10.197802543640137,True
known,9585,4,deer,4,deer,0.9998446702957153,-10.058218955993652,True
known,9586,5,dog,5,dog,0.9997126460075378,-10.701050758361816,True
known,9587,7,horse,5,dog,0.6251152753829956,-5.418737888336182,False
known,9588,1,automobile,1,automobile,0.9992477893829346,-8.57540225982666,True
known,9589,5,dog,5,dog,0.9999072551727295,-10.790051460266113,True
known,9590,0,airplane,0,airplane,0.9954009652137756,-7.5483293533325195,True
known,9591,1,automobile,1,automobile,0.997326135635376,-7.424195766448975,True
known,9592,1,automobile,1,automobile,0.9997261166572571,-9.463278770446777,True
known,9593,1,automobile,1,automobile,0.9997814297676086,-10.484405517578125,True
known,9594,9,truck,9,truck,0.9998857975006104,-11.806164741516113,True
known,9595,7,horse,7,horse,0.9994972944259644,-10.683235168457031,True
known,9596,5,dog,5,dog,0.9999454021453857,-11.249076843261719,True
known,9597,4,deer,4,deer,0.9999303817749023,-10.71751594543457,True
known,9598,9,truck,9,truck,0.9995273351669312,-9.325236320495605,True
known,9599,7,horse,7,horse,0.9996150732040405,-9.273469924926758,True
known,9600,8,ship,8,ship,0.9998618364334106,-10.332537651062012,True
known,9601,1,automobile,1,automobile,0.9852993488311768,-6.650384426116943,True
known,9602,0,airplane,0,airplane,0.9999542236328125,-11.324563980102539,True
known,9603,2,bird,2,bird,0.9991920590400696,-10.120872497558594,True
known,9604,8,ship,8,ship,0.9999165534973145,-11.041838645935059,True
known,9605,5,dog,5,dog,0.9991563558578491,-11.023909568786621,True
known,9606,6,frog,6,frog,0.9999368190765381,-11.148994445800781,True
known,9607,7,horse,7,horse,0.9994012117385864,-9.222780227661133,True
known,9608,0,airplane,0,airplane,0.9474372863769531,-8.694380760192871,True
known,9609,1,automobile,1,automobile,0.9964642524719238,-8.44107723236084,True
known,9610,4,deer,4,deer,0.9992831349372864,-8.97021770477295,True
known,9611,8,ship,8,ship,0.9999399185180664,-11.190333366394043,True
known,9612,4,deer,4,deer,0.9998867511749268,-11.06773853302002,True
known,9613,4,deer,4,deer,0.9635113477706909,-8.090222358703613,True
known,9614,6,frog,6,frog,0.9997537732124329,-9.645139694213867,True
known,9615,6,frog,6,frog,0.9998867511749268,-10.485715866088867,True
known,9616,5,dog,5,dog,0.9992181062698364,-10.442121505737305,True
known,9617,8,ship,8,ship,0.9997174143791199,-9.68376636505127,True
known,9618,1,automobile,1,automobile,0.9998683929443359,-10.362948417663574,True
known,9619,8,ship,8,ship,0.9999041557312012,-11.768061637878418,True
known,9620,4,deer,4,deer,0.999954342842102,-11.745039939880371,True
known,9621,6,frog,6,frog,0.9996649026870728,-9.627406120300293,True
known,9622,5,dog,5,dog,0.9923812747001648,-7.759514331817627,True
known,9623,9,truck,9,truck,0.9979058504104614,-7.6914963722229,True
known,9624,2,bird,2,bird,0.9997236132621765,-10.254947662353516,True
known,9625,2,bird,2,bird,0.9912176728248596,-9.39150333404541,True
known,9626,1,automobile,1,automobile,0.9992011189460754,-9.345093727111816,True
known,9627,4,deer,4,deer,0.999708354473114,-9.606738090515137,True
known,9628,9,truck,9,truck,0.9997019171714783,-9.477459907531738,True
known,9629,1,automobile,1,automobile,0.9992331266403198,-8.64513874053955,True
known,9630,6,frog,6,frog,0.9996321201324463,-9.633103370666504,True
known,9631,7,horse,7,horse,0.9997894167900085,-9.778059005737305,True
known,9632,2,bird,2,bird,0.9976217150688171,-7.542675971984863,True
known,9633,0,airplane,0,airplane,0.528963029384613,-6.733278751373291,True
known,9634,1,automobile,1,automobile,0.999883770942688,-10.338659286499023,True
known,9635,7,horse,7,horse,0.9215881824493408,-6.0665154457092285,False
known,9636,6,frog,6,frog,0.997596800327301,-7.683724880218506,True
known,9637,5,dog,5,dog,0.9979200959205627,-8.73124885559082,True
known,9638,2,bird,2,bird,0.9999641180038452,-11.603612899780273,True
known,9639,2,bird,2,bird,0.9993307590484619,-9.637523651123047,True
known,9640,5,dog,5,dog,0.9982686042785645,-9.431488037109375,True
known,9641,6,frog,6,frog,0.997759222984314,-8.267207145690918,True
known,9642,0,airplane,0,airplane,0.9964726567268372,-9.729288101196289,True
known,9643,9,truck,0,airplane,0.9969345331192017,-9.614859580993652,True
known,9644,0,airplane,0,airplane,0.9862673282623291,-7.754913806915283,True
known,9645,1,automobile,1,automobile,0.9995827078819275,-9.05422306060791,True
known,9646,5,dog,5,dog,0.9963764548301697,-9.102824211120605,True
known,9647,3,cat,3,cat,0.999930739402771,-10.970483779907227,True
known,9648,3,cat,3,cat,0.9978440999984741,-9.025361061096191,True
known,9649,5,dog,5,dog,0.9993754029273987,-9.073836326599121,True
known,9650,8,ship,8,ship,0.9999889135360718,-12.627259254455566,True
known,9651,7,horse,7,horse,0.9999356269836426,-10.760066032409668,True
known,9652,5,dog,5,dog,0.9990022778511047,-9.77892017364502,True
known,9653,6,frog,6,frog,0.9998346567153931,-10.217155456542969,True
known,9654,5,dog,5,dog,0.9951155185699463,-9.667880058288574,True
known,9655,8,ship,8,ship,0.9995388984680176,-9.046247482299805,True
known,9656,0,airplane,0,airplane,0.999708354473114,-9.710182189941406,True
known,9657,5,dog,5,dog,0.9903261065483093,-11.42338752746582,True
known,9658,9,truck,9,truck,0.9996883869171143,-9.669573783874512,True
known,9659,4,deer,4,deer,0.999824583530426,-10.629232406616211,True
known,9660,6,frog,6,frog,0.9972490668296814,-7.636983871459961,True
known,9661,5,dog,5,dog,0.9998493194580078,-10.814945220947266,True
known,9662,1,automobile,1,automobile,0.9990336894989014,-8.299334526062012,True
known,9663,1,automobile,1,automobile,0.9969191551208496,-7.257735252380371,True
known,9664,0,airplane,0,airplane,0.9990307092666626,-8.822322845458984,True
known,9665,3,cat,5,dog,0.9950224161148071,-10.277241706848145,True
known,9666,3,cat,3,cat,0.9998767375946045,-10.909931182861328,True
known,9667,9,truck,9,truck,0.9992884397506714,-8.829302787780762,True
known,9668,4,deer,4,deer,0.999992847442627,-13.00612735748291,True
known,9669,8,ship,8,ship,0.9977840781211853,-7.839767932891846,True
known,9670,1,automobile,1,automobile,0.9992142915725708,-8.502305030822754,True
known,9671,7,horse,7,horse,0.9997650980949402,-9.583212852478027,True
known,9672,7,horse,7,horse,0.99974125623703,-9.731128692626953,True
known,9673,9,truck,9,truck,0.9978261590003967,-7.551105499267578,True
known,9674,9,truck,9,truck,0.9993382096290588,-8.66729736328125,True
known,9675,4,deer,4,deer,0.9999270439147949,-12.215496063232422,True
known,9676,3,cat,3,cat,0.9917657971382141,-7.402601718902588,True
known,9677,6,frog,6,frog,0.9994114637374878,-8.850422859191895,True
known,9678,3,cat,3,cat,0.9993690848350525,-9.689600944519043,True
known,9679,2,bird,2,bird,0.9997233748435974,-9.873268127441406,True
known,9680,8,ship,8,ship,0.9372791647911072,-7.061149597167969,True
known,9681,2,bird,2,bird,0.9994202852249146,-10.273815155029297,True
known,9682,7,horse,7,horse,0.9999003410339355,-10.928071975708008,True
known,9683,6,frog,6,frog,0.9998962879180908,-11.134251594543457,True
known,9684,7,horse,7,horse,0.9998573064804077,-10.362701416015625,True
known,9685,0,airplane,0,airplane,0.9990597367286682,-10.392548561096191,True
known,9686,2,bird,2,bird,0.981521725654602,-7.282871723175049,True
known,9687,1,automobile,1,automobile,0.9987452030181885,-8.815632820129395,True
known,9688,2,bird,2,bird,0.9995934367179871,-10.423900604248047,True
known,9689,9,truck,9,truck,0.9981486797332764,-10.266355514526367,True
known,9690,4,deer,4,deer,0.9999231100082397,-11.013298988342285,True
known,9691,6,frog,6,frog,0.9998664855957031,-10.821484565734863,True
known,9692,9,truck,9,truck,0.9491496086120605,-6.881009101867676,True
known,9693,6,frog,6,frog,0.9995162487030029,-10.462271690368652,True
known,9694,1,automobile,1,automobile,0.9985443353652954,-8.494244575500488,True
known,9695,0,airplane,0,airplane,0.9994513392448425,-9.115007400512695,True
known,9696,1,automobile,1,automobile,0.9995680451393127,-9.185532569885254,True
known,9697,8,ship,8,ship,0.9998362064361572,-10.724674224853516,True
known,9698,7,horse,7,horse,0.9995050430297852,-9.053543090820312,True
known,9699,0,airplane,0,airplane,0.9661087393760681,-7.638519287109375,True
known,9700,0,airplane,0,airplane,0.9999619722366333,-11.502861022949219,True
known,9701,4,deer,4,deer,0.9945657253265381,-7.655426502227783,True
known,9702,7,horse,7,horse,0.9997836947441101,-9.632574081420898,True
known,9703,4,deer,4,deer,0.998714804649353,-8.16936206817627,True
known,9704,2,bird,3,cat,0.945329487323761,-8.676568031311035,True
known,9705,6,frog,6,frog,0.9991078972816467,-8.97160816192627,True
known,9706,9,truck,9,truck,0.9999387264251709,-10.915128707885742,True
known,9707,5,dog,5,dog,0.9988676309585571,-10.283842086791992,True
known,9708,9,truck,9,truck,0.9971139430999756,-8.628067970275879,True
known,9709,0,airplane,0,airplane,0.9986407160758972,-8.793449401855469,True
known,9710,7,horse,7,horse,0.9996140599250793,-9.534192085266113,True
known,9711,4,deer,4,deer,0.9997941851615906,-10.302321434020996,True
known,9712,5,dog,5,dog,0.9987351298332214,-8.753963470458984,True
known,9713,8,ship,8,ship,0.9998425245285034,-10.508379936218262,True
known,9714,1,automobile,1,automobile,0.9992561936378479,-8.609789848327637,True
known,9715,4,deer,4,deer,0.9999514818191528,-12.50877857208252,True
known,9716,7,horse,7,horse,0.9998764991760254,-11.664141654968262,True
known,9717,9,truck,9,truck,0.9999237060546875,-11.002026557922363,True
known,9718,9,truck,9,truck,0.9984717965126038,-9.856478691101074,True
known,9719,8,ship,8,ship,0.9999582767486572,-11.239828109741211,True
known,9720,8,ship,8,ship,0.999128520488739,-8.96397590637207,True
known,9721,6,frog,6,frog,0.999941349029541,-11.402398109436035,True
known,9722,3,cat,3,cat,0.9997747540473938,-10.046189308166504,True
known,9723,7,horse,7,horse,0.999407172203064,-9.19205093383789,True
known,9724,0,airplane,0,airplane,0.9989653825759888,-10.3197021484375,True
known,9725,8,ship,8,ship,0.99983811378479,-10.071247100830078,True
known,9726,9,truck,9,truck,0.9977679252624512,-9.377930641174316,True
known,9727,6,frog,6,frog,0.9971517324447632,-7.663976669311523,True
known,9728,2,bird,2,bird,0.9999675750732422,-11.859427452087402,True
known,9729,4,deer,4,deer,0.9994204044342041,-9.907444953918457,True
known,9730,6,frog,6,frog,0.9892361760139465,-7.980023384094238,True
known,9731,2,bird,2,bird,0.9999734163284302,-12.216341972351074,True
known,9732,9,truck,9,truck,0.9993675351142883,-8.79921817779541,True
known,9733,7,horse,7,horse,0.9992283582687378,-9.206645011901855,True
known,9734,4,deer,4,deer,0.5666446685791016,-7.4586992263793945,True
known,9735,6,frog,6,frog,0.9990524649620056,-10.105071067810059,True
known,9736,8,ship,8,ship,0.9950211048126221,-9.034558296203613,True
known,9737,5,dog,5,dog,0.9999984502792358,-15.0935640335083,True
known,9738,6,frog,6,frog,0.9996944665908813,-9.674297332763672,True
known,9739,1,automobile,1,automobile,0.9997401833534241,-9.592116355895996,True
known,9740,3,cat,3,cat,0.9923537969589233,-8.315592765808105,True
known,9741,5,dog,5,dog,0.9975138902664185,-9.465615272521973,True
known,9742,9,truck,9,truck,0.9866777658462524,-8.187899589538574,True
known,9743,9,truck,9,truck,0.9984766840934753,-8.935503959655762,True
known,9744,1,automobile,1,automobile,0.9916704893112183,-9.69029426574707,True
known,9745,3,cat,3,cat,0.9999057054519653,-10.435111045837402,True
known,9746,2,bird,2,bird,0.9618750810623169,-7.112016677856445,True
known,9747,0,airplane,0,airplane,0.9930232763290405,-8.291271209716797,True
known,9748,3,cat,3,cat,0.9995747208595276,-10.847769737243652,True
known,9749,0,airplane,0,airplane,0.9994632601737976,-9.726585388183594,True
known,9750,2,bird,2,bird,0.9604494571685791,-8.783219337463379,True
known,9751,0,airplane,0,airplane,0.9955105781555176,-7.410180568695068,True
known,9752,7,horse,7,horse,0.999446451663971,-8.952770233154297,True
known,9753,3,cat,3,cat,0.9715163111686707,-7.944886684417725,True
known,9754,9,truck,9,truck,0.9995428323745728,-9.057900428771973,True
known,9755,3,cat,3,cat,0.9985260367393494,-9.114282608032227,True
known,9756,5,dog,5,dog,0.9995817542076111,-9.433430671691895,True
known,9757,7,horse,7,horse,0.9839603304862976,-7.020812511444092,True
known,9758,6,frog,6,frog,0.997665286064148,-8.058752059936523,True
known,9759,5,dog,5,dog,0.9994827508926392,-9.139046669006348,True
known,9760,9,truck,9,truck,0.9876282215118408,-6.543130874633789,True
known,9761,5,dog,5,dog,0.9999619722366333,-11.447129249572754,True
known,9762,6,frog,6,frog,0.9998775720596313,-10.572798728942871,True
known,9763,1,automobile,1,automobile,0.9992386102676392,-9.599713325500488,True
known,9764,2,bird,2,bird,0.9998886585235596,-11.340116500854492,True
known,9765,4,deer,4,deer,0.9839414954185486,-7.530752658843994,True
known,9766,0,airplane,0,airplane,0.9997671246528625,-10.180364608764648,True
known,9767,2,bird,2,bird,0.9998500347137451,-11.227291107177734,True
known,9768,7,horse,7,horse,0.9998295307159424,-10.082378387451172,True
known,9769,8,ship,8,ship,0.9999569654464722,-12.320728302001953,True
known,9770,4,deer,4,deer,0.9991093277931213,-8.998040199279785,True
known,9771,4,deer,4,deer,0.9969891905784607,-8.01374340057373,True
known,9772,0,airplane,0,airplane,0.847786545753479,-7.060747146606445,True
known,9773,9,truck,9,truck,0.9997348189353943,-10.706555366516113,True
known,9774,5,dog,5,dog,0.9996501207351685,-10.154196739196777,True
known,9775,9,truck,9,truck,0.9999022483825684,-10.935843467712402,True
known,9776,2,bird,2,bird,0.9795478582382202,-7.578861713409424,True
known,9777,9,truck,9,truck,0.9998956918716431,-10.659976959228516,True
known,9778,3,cat,3,cat,0.9990949630737305,-8.87125301361084,True
known,9779,2,bird,2,bird,0.9998733997344971,-12.596447944641113,True
known,9780,4,deer,4,deer,0.9991785883903503,-9.741104125976562,True
known,9781,3,cat,3,cat,0.9997871518135071,-10.531750679016113,True
known,9782,2,bird,2,bird,0.9999130964279175,-11.384193420410156,True
known,9783,2,bird,2,bird,0.9969993829727173,-8.836602210998535,True
known,9784,8,ship,8,ship,0.9968088269233704,-7.336612701416016,True
known,9785,8,ship,8,ship,0.9989136457443237,-8.860381126403809,True
known,9786,6,frog,6,frog,0.9979900121688843,-8.316195487976074,True
known,9787,8,ship,8,ship,0.6270043849945068,-4.934375762939453,False
known,9788,1,automobile,1,automobile,0.9999476671218872,-11.02072525024414,True
known,9789,6,frog,6,frog,0.9994320273399353,-9.461197853088379,True
known,9790,8,ship,8,ship,0.9998897314071655,-12.084625244140625,True
known,9791,9,truck,9,truck,0.6938719153404236,-5.0422515869140625,False
known,9792,8,ship,8,ship,0.999870777130127,-10.329636573791504,True
known,9793,2,bird,5,dog,0.9365906715393066,-5.888868808746338,False
known,9794,1,automobile,1,automobile,0.9053729176521301,-6.048307418823242,False
known,9795,4,deer,4,deer,0.9979579448699951,-8.82496452331543,True
known,9796,9,truck,9,truck,0.9999343156814575,-11.746943473815918,True
known,9797,1,automobile,1,automobile,0.9991877675056458,-8.687634468078613,True
known,9798,5,dog,5,dog,0.9999839067459106,-12.002339363098145,True
known,9799,7,horse,7,horse,0.9999566078186035,-12.303522109985352,True
known,9800,1,automobile,1,automobile,0.9996775388717651,-9.32174015045166,True
known,9801,6,frog,6,frog,0.8609092235565186,-4.612473011016846,False
known,9802,0,airplane,0,airplane,0.9999525547027588,-11.890560150146484,True
known,9803,1,automobile,1,automobile,0.9992364645004272,-8.586278915405273,True
known,9804,5,dog,5,dog,0.9998278617858887,-10.852046966552734,True
known,9805,2,bird,2,bird,0.9907930493354797,-9.270858764648438,True
known,9806,8,ship,8,ship,0.9998736381530762,-10.350652694702148,True
known,9807,1,automobile,1,automobile,0.9998775720596313,-10.273140907287598,True
known,9808,1,automobile,1,automobile,0.9840966463088989,-8.522496223449707,True
known,9809,3,cat,3,cat,0.9599125981330872,-7.6839518547058105,True
known,9810,8,ship,8,ship,0.9991851449012756,-8.806376457214355,True
known,9811,1,automobile,1,automobile,0.9992772936820984,-8.93921184539795,True
known,9812,3,cat,8,ship,0.9743015766143799,-7.576000690460205,True
known,9813,1,automobile,1,automobile,0.9998794794082642,-10.219813346862793,True
known,9814,8,ship,8,ship,0.9999526739120483,-11.212004661560059,True
known,9815,5,dog,5,dog,0.9990511536598206,-9.036816596984863,True
known,9816,1,automobile,1,automobile,0.9996329545974731,-9.40300464630127,True
known,9817,9,truck,1,automobile,0.5197489857673645,-6.969997882843018,True
known,9818,0,airplane,0,airplane,0.9997825026512146,-10.025531768798828,True
known,9819,3,cat,5,dog,0.9918265342712402,-10.586525917053223,True
known,9820,0,airplane,0,airplane,0.8744914531707764,-4.597161293029785,False
known,9821,4,deer,4,deer,0.99998939037323,-13.574263572692871,True
known,9822,0,airplane,0,airplane,0.9998369216918945,-10.416764259338379,True
known,9823,5,dog,5,dog,0.999923825263977,-11.03316593170166,True
known,9824,1,automobile,1,automobile,0.9971972703933716,-9.138527870178223,True
known,9825,2,bird,2,bird,0.7810891270637512,-5.223222732543945,False
known,9826,0,airplane,0,airplane,0.9997735619544983,-10.73779296875,True
known,9827,4,deer,4,deer,0.9999516010284424,-11.472079277038574,True
known,9828,9,truck,9,truck,0.9995831847190857,-9.18032455444336,True
known,9829,5,dog,5,dog,0.9994980096817017,-10.272456169128418,True
known,9830,1,automobile,1,automobile,0.9999470710754395,-11.95803165435791,True
known,9831,2,bird,2,bird,0.9993367791175842,-9.042747497558594,True
known,9832,2,bird,2,bird,0.9857019186019897,-7.324313163757324,True
known,9833,7,horse,7,horse,0.9991344809532166,-9.139516830444336,True
known,9834,8,ship,8,ship,0.9997208714485168,-9.734000205993652,True
known,9835,7,horse,7,horse,0.9999788999557495,-12.094335556030273,True
known,9836,2,bird,2,bird,0.9998094439506531,-10.541048049926758,True
known,9837,4,deer,4,deer,0.9999357461929321,-11.396910667419434,True
known,9838,5,dog,5,dog,0.9997966885566711,-10.842253684997559,True
known,9839,3,cat,3,cat,0.9938556551933289,-8.259346008300781,True
known,9840,4,deer,7,horse,0.9923553466796875,-7.984980583190918,True
known,9841,0,airplane,0,airplane,0.9997289776802063,-10.45669174194336,True
known,9842,6,frog,6,frog,0.9995710253715515,-10.245626449584961,True
known,9843,1,automobile,1,automobile,0.9994543194770813,-9.03895378112793,True
known,9844,5,dog,5,dog,0.9996992349624634,-9.521746635437012,True
known,9845,9,truck,9,truck,0.9928582906723022,-7.566232681274414,True
known,9846,8,ship,8,ship,0.9996719360351562,-9.418298721313477,True
known,9847,0,airplane,0,airplane,0.9993399977684021,-9.376880645751953,True
known,9848,2,bird,2,bird,0.9998863935470581,-10.51069450378418,True
known,9849,0,airplane,0,airplane,0.9999265670776367,-11.245855331420898,True
known,9850,7,horse,7,horse,0.9966073036193848,-9.447266578674316,True
known,9851,6,frog,6,frog,0.9998564720153809,-10.400489807128906,True
known,9852,0,airplane,0,airplane,0.9996223449707031,-9.862852096557617,True
known,9853,5,dog,6,frog,0.774074137210846,-5.775200366973877,False
known,9854,9,truck,9,truck,0.9997257590293884,-10.207437515258789,True
known,9855,7,horse,7,horse,0.9997034668922424,-9.798585891723633,True
known,9856,5,dog,5,dog,0.9999681711196899,-11.544096946716309,True
known,9857,0,airplane,0,airplane,0.8759136199951172,-6.217790126800537,True
known,9858,4,deer,4,deer,0.9999532699584961,-11.71906566619873,True
known,9859,6,frog,6,frog,0.9999821186065674,-12.062950134277344,True
known,9860,0,airplane,0,airplane,0.9995898604393005,-10.130434036254883,True
known,9861,6,frog,6,frog,0.999954342842102,-11.545012474060059,True
known,9862,3,cat,3,cat,0.9030840992927551,-5.645082950592041,False
known,9863,6,frog,6,frog,0.9992567896842957,-8.706875801086426,True
known,9864,8,ship,8,ship,0.9975547194480896,-7.841121196746826,True
known,9865,1,automobile,1,automobile,0.9997316002845764,-9.543801307678223,True
known,9866,1,automobile,1,automobile,0.8424249887466431,-4.208697319030762,False
known,9867,8,ship,8,ship,0.9984447360038757,-9.26386833190918,True
known,9868,9,truck,9,truck,0.999150276184082,-8.668349266052246,True
known,9869,7,horse,7,horse,0.9998175501823425,-10.928997039794922,True
known,9870,2,bird,2,bird,0.9995799660682678,-10.27020263671875,True
known,9871,9,truck,9,truck,0.9977983236312866,-7.655724048614502,True
known,9872,0,airplane,0,airplane,0.9688463807106018,-7.71951961517334,True
known,9873,2,bird,2,bird,0.9997872710227966,-10.296368598937988,True
known,9874,2,bird,2,bird,0.9999861717224121,-13.023819923400879,True
known,9875,9,truck,9,truck,0.999914288520813,-11.01220703125,True
known,9876,0,airplane,0,airplane,0.9993748068809509,-10.48100471496582,True
known,9877,6,frog,6,frog,0.9885060787200928,-7.394563674926758,True
known,9878,5,dog,5,dog,0.9996205568313599,-10.864209175109863,True
known,9879,7,horse,7,horse,0.9949355721473694,-7.96130895614624,True
known,9880,7,horse,7,horse,0.99825519323349,-8.456640243530273,True
known,9881,9,truck,9,truck,0.999794065952301,-9.857118606567383,True
known,9882,1,automobile,1,automobile,0.9993133544921875,-8.775392532348633,True
known,9883,7,horse,7,horse,0.9993752837181091,-8.84294319152832,True
known,9884,9,truck,9,truck,0.9973604083061218,-10.153765678405762,True
known,9885,8,ship,8,ship,0.9998133778572083,-10.417344093322754,True
known,9886,4,deer,4,deer,0.999958872795105,-12.960740089416504,True
known,9887,5,dog,5,dog,0.9999759197235107,-12.610029220581055,True
known,9888,0,airplane,0,airplane,0.9997888207435608,-10.6925630569458,True
known,9889,8,ship,8,ship,0.99955815076828,-9.854103088378906,True
known,9890,0,airplane,0,airplane,0.9997983574867249,-9.838257789611816,True
known,9891,2,bird,2,bird,0.9697989821434021,-6.285890579223633,True
known,9892,5,dog,5,dog,0.9998013377189636,-10.492424011230469,True
known,9893,2,bird,2,bird,0.9999533891677856,-13.176259994506836,True
known,9894,1,automobile,1,automobile,0.971120297908783,-5.6219329833984375,False
known,9895,4,deer,4,deer,0.9999276399612427,-10.689947128295898,True
known,9896,4,deer,4,deer,0.9999676942825317,-11.486237525939941,True
known,9897,8,ship,8,ship,0.9998912811279297,-10.644373893737793,True
known,9898,9,truck,9,truck,0.9994633793830872,-8.971163749694824,True
known,9899,7,horse,7,horse,0.9992935657501221,-8.822985649108887,True
known,9900,8,ship,8,ship,0.9998645782470703,-10.190834999084473,True
known,9901,3,cat,3,cat,0.9708293080329895,-7.577679634094238,True
known,9902,6,frog,6,frog,0.9998345375061035,-10.327187538146973,True
known,9903,6,frog,6,frog,0.9920395612716675,-7.598442077636719,True
known,9904,0,airplane,0,airplane,0.9997056126594543,-9.553370475769043,True
known,9905,1,automobile,1,automobile,0.9997937083244324,-9.88032054901123,True
known,9906,1,automobile,1,automobile,0.9993543028831482,-8.636587142944336,True
known,9907,1,automobile,1,automobile,0.9999146461486816,-10.770895957946777,True
known,9908,8,ship,8,ship,0.9999182224273682,-11.104436874389648,True
known,9909,1,automobile,1,automobile,0.9994263648986816,-9.036739349365234,True
known,9910,4,deer,4,deer,0.9950916767120361,-11.708257675170898,True
known,9911,4,deer,4,deer,0.9993712306022644,-9.10701847076416,True
known,9912,0,airplane,0,airplane,0.9999524354934692,-11.604225158691406,True
known,9913,7,horse,7,horse,0.9999157190322876,-11.17618465423584,True
known,9914,8,ship,8,ship,0.9999114274978638,-10.563735008239746,True
known,9915,2,bird,2,bird,0.9999669790267944,-11.48897933959961,True
known,9916,1,automobile,1,automobile,0.9985125660896301,-8.196402549743652,True
known,9917,2,bird,2,bird,0.9994385838508606,-9.122316360473633,True
known,9918,5,dog,5,dog,0.9996364116668701,-10.084362983703613,True
known,9919,4,deer,4,deer,0.9786586761474609,-6.919602394104004,True
known,9920,6,frog,6,frog,0.9996424913406372,-9.238240242004395,True
known,9921,0,airplane,0,airplane,0.8837679028511047,-6.102182865142822,False
known,9922,5,dog,5,dog,0.9999884366989136,-12.731982231140137,True
known,9923,7,horse,7,horse,0.9999767541885376,-11.946306228637695,True
known,9924,4,deer,4,deer,0.9974652528762817,-7.563928604125977,True
known,9925,4,deer,4,deer,0.9998655319213867,-10.687463760375977,True
known,9926,3,cat,3,cat,0.9982059001922607,-9.933211326599121,True
known,9927,9,truck,9,truck,0.9993828535079956,-8.95581340789795,True
known,9928,5,dog,5,dog,0.9816641807556152,-6.562626361846924,True
known,9929,8,ship,8,ship,0.9996938705444336,-9.8523530960083,True
known,9930,8,ship,8,ship,0.9995772242546082,-10.168395042419434,True
known,9931,0,airplane,0,airplane,0.9999396800994873,-11.03375244140625,True
known,9932,8,ship,8,ship,0.9992656111717224,-9.297453880310059,True
known,9933,7,horse,7,horse,0.9998031258583069,-10.297296524047852,True
known,9934,4,deer,4,deer,0.998802900314331,-8.68764877319336,True
known,9935,1,automobile,1,automobile,0.999876856803894,-10.315986633300781,True
known,9936,8,ship,8,ship,0.9989581108093262,-8.419957160949707,True
known,9937,4,deer,4,deer,0.9999135732650757,-10.552003860473633,True
known,9938,9,truck,9,truck,0.9996015429496765,-9.197184562683105,True
known,9939,5,dog,5,dog,0.999247670173645,-8.755922317504883,True
known,9940,4,deer,4,deer,0.9995846152305603,-9.99477481842041,True
known,9941,1,automobile,1,automobile,0.9995185136795044,-9.604533195495605,True
known,9942,7,horse,7,horse,0.9999005794525146,-10.680885314941406,True
known,9943,7,horse,7,horse,0.9999322891235352,-11.669784545898438,True
known,9944,7,horse,7,horse,0.9997065663337708,-10.26138973236084,True
known,9945,7,horse,7,horse,0.9996052384376526,-9.482170104980469,True
known,9946,0,airplane,0,airplane,0.999327540397644,-11.215899467468262,True
known,9947,3,cat,3,cat,0.9985268115997314,-7.975549221038818,True
known,9948,8,ship,8,ship,0.999862551689148,-11.717376708984375,True
known,9949,3,cat,3,cat,0.5471824407577515,-7.469733715057373,True
known,9950,3,cat,3,cat,0.9999858140945435,-12.961612701416016,True
known,9951,0,airplane,0,airplane,0.9997668862342834,-11.393478393554688,True
known,9952,5,dog,5,dog,0.9993382096290588,-9.237028121948242,True
known,9953,7,horse,4,deer,0.8719431757926941,-8.356478691101074,True
known,9954,0,airplane,0,airplane,0.9999504089355469,-11.527215003967285,True
known,9955,8,ship,8,ship,0.9996463060379028,-9.237713813781738,True
known,9956,0,airplane,0,airplane,0.9998076558113098,-10.289201736450195,True
known,9957,0,airplane,0,airplane,0.9978806972503662,-8.270917892456055,True
known,9958,9,truck,9,truck,0.9998674392700195,-10.153426170349121,True
known,9959,2,bird,2,bird,0.9946751594543457,-8.634137153625488,True
known,9960,2,bird,0,airplane,0.6639786958694458,-6.62427282333374,True
known,9961,3,cat,3,cat,0.9993705153465271,-10.325478553771973,True
known,9962,4,deer,4,deer,0.9996411800384521,-9.540884971618652,True
known,9963,8,ship,8,ship,0.9999624490737915,-12.183638572692871,True
known,9964,2,bird,2,bird,0.9999566078186035,-12.32462215423584,True
known,9965,2,bird,2,bird,0.9977692365646362,-9.460967063903809,True
known,9966,6,frog,6,frog,0.9989161491394043,-8.411677360534668,True
known,9967,3,cat,4,deer,0.9840717911720276,-7.4662346839904785,True
known,9968,3,cat,3,cat,0.9555224180221558,-9.310648918151855,True
known,9969,6,frog,6,frog,0.9610785841941833,-5.741358757019043,False
known,9970,2,bird,2,bird,0.9998588562011719,-10.294950485229492,True
known,9971,9,truck,9,truck,0.999930739402771,-10.810062408447266,True
known,9972,4,deer,4,deer,0.9986199140548706,-8.76170825958252,True
known,9973,0,airplane,0,airplane,0.9999494552612305,-11.041741371154785,True
known,9974,1,automobile,1,automobile,0.9995821118354797,-9.290637016296387,True
known,9975,7,horse,7,horse,0.999819815158844,-9.980269432067871,True
known,9976,5,dog,5,dog,0.9994910955429077,-9.208683967590332,True
known,9977,5,dog,5,dog,0.9913731217384338,-7.392686367034912,True
known,9978,7,horse,7,horse,0.9996386766433716,-9.750611305236816,True
known,9979,3,cat,3,cat,0.9992523789405823,-9.176641464233398,True
known,9980,0,airplane,0,airplane,0.9999419450759888,-11.878074645996094,True
known,9981,4,deer,4,deer,0.9946935772895813,-7.839163780212402,True
known,9982,2,bird,2,bird,0.9966805577278137,-9.546262741088867,True
known,9983,0,airplane,0,airplane,0.9992092251777649,-9.215217590332031,True
known,9984,7,horse,7,horse,0.9998733997344971,-10.442146301269531,True
known,9985,5,dog,5,dog,0.9985383749008179,-8.399361610412598,True
known,9986,8,ship,8,ship,0.9996092915534973,-9.75413990020752,True
known,9987,0,airplane,0,airplane,0.9971561431884766,-7.913998603820801,True
known,9988,8,ship,8,ship,0.9997873902320862,-9.88731575012207,True
known,9989,2,bird,4,deer,0.9903898239135742,-9.044554710388184,True
known,9990,7,horse,7,horse,0.9995824694633484,-9.385522842407227,True
known,9991,0,airplane,0,airplane,0.99967360496521,-9.693182945251465,True
known,9992,3,cat,3,cat,0.9998548030853271,-11.937499046325684,True
known,9993,5,dog,5,dog,0.9985900521278381,-11.573461532592773,True
known,9994,3,cat,3,cat,0.9999405145645142,-12.010732650756836,True
known,9995,8,ship,8,ship,0.9949014186859131,-7.442008018493652,True
known,9996,3,cat,3,cat,0.997421145439148,-9.034933090209961,True
known,9997,5,dog,5,dog,0.9986226558685303,-8.424323081970215,True
known,9998,1,automobile,1,automobile,0.9995167255401611,-9.063335418701172,True
known,9999,7,horse,7,horse,0.9995740056037903,-9.141179084777832,True
near,6,15,camel,5,dog,0.5496943593025208,-4.077164173126221,False
near,17,97,wolf,3,cat,0.9836216568946838,-9.01069450378418,True
near,36,58,pickup_truck,1,automobile,0.7043444514274597,-7.038571357727051,True
near,47,58,pickup_truck,1,automobile,0.9668916463851929,-7.979513168334961,True
near,58,42,leopard,3,cat,0.9965870380401611,-7.877326488494873,True
near,62,15,camel,7,horse,0.9788541793823242,-7.188537120819092,True
near,85,89,tractor,9,truck,0.9751541018486023,-6.039496421813965,False
near,94,13,bus,9,truck,0.9997997879981995,-9.841927528381348,True
near,149,58,pickup_truck,1,automobile,0.9981427192687988,-8.327445030212402,True
near,150,58,pickup_truck,9,truck,0.9871324300765991,-7.896095275878906,True
near,156,58,pickup_truck,9,truck,0.9902949333190918,-9.394824028015137,True
near,193,13,bus,9,truck,0.999964714050293,-11.67426586151123,True
near,196,58,pickup_truck,9,truck,0.8475388288497925,-6.969089984893799,True
near,214,97,wolf,3,cat,0.9995062351226807,-9.846375465393066,True
near,230,89,tractor,8,ship,0.7911361455917358,-4.537593841552734,False
near,242,34,fox,7,horse,0.9918879866600037,-7.185952663421631,True
near,255,97,wolf,3,cat,0.8139066100120544,-7.335219860076904,True
near,256,58,pickup_truck,9,truck,0.9852801561355591,-7.929787635803223,True
near,259,42,leopard,3,cat,0.8527560234069824,-6.172293186187744,False
near,262,89,tractor,9,truck,0.9946824908256531,-7.780909538269043,True
near,274,42,leopard,3,cat,0.7155065536499023,-5.057777404785156,False
near,283,89,tractor,9,truck,0.9997733235359192,-9.89212703704834,True
near,288,42,leopard,6,frog,0.8503236770629883,-5.775725364685059,False
near,299,89,tractor,1,automobile,0.7905094027519226,-6.576168060302734,True
near,313,42,leopard,3,cat,0.9921590089797974,-8.533841133117676,True
near,317,15,camel,5,dog,0.6341589093208313,-5.286676406860352,False
near,321,89,tractor,9,truck,0.9924024343490601,-6.946142673492432,True
near,338,34,fox,5,dog,0.896215558052063,-9.469882011413574,True
near,351,34,fox,3,cat,0.9997468590736389,-11.25480842590332,True
near,353,58,pickup_truck,1,automobile,0.9994584918022156,-10.307857513427734,True
near,354,48,motorcycle,6,frog,0.7346211671829224,-4.391732692718506,False
near,366,89,tractor,4,deer,0.4979820251464844,-4.482784748077393,False
near,409,89,tractor,9,truck,0.9280438423156738,-5.987493515014648,False
near,425,42,leopard,4,deer,0.4891539514064789,-4.964227676391602,False
near,460,58,pickup_truck,1,automobile,0.9979375600814819,-8.703635215759277,True
near,471,97,wolf,5,dog,0.7634190320968628,-5.998876094818115,False
near,477,42,leopard,3,cat,0.8919832110404968,-6.392463207244873,True
near,498,89,tractor,9,truck,0.980387806892395,-6.280898571014404,True
near,507,58,pickup_truck,1,automobile,0.9632984399795532,-7.385868072509766,True
near,540,15,camel,4,deer,0.9909303784370422,-8.142073631286621,True
near,555,42,leopard,3,cat,0.9908028841018677,-8.430648803710938,True
near,578,58,pickup_truck,1,automobile,0.9986705780029297,-9.317158699035645,True
near,615,48,motorcycle,3,cat,0.3539978563785553,-3.0483644008636475,False
near,619,13,bus,1,automobile,0.9777206778526306,-7.531490325927734,True
near,626,48,motorcycle,1,automobile,0.5325969457626343,-4.252286911010742,False
near,632,97,wolf,3,cat,0.5406835675239563,-6.468623638153076,True
near,650,15,camel,2,bird,0.5882657766342163,-5.224147319793701,False
near,652,89,tractor,9,truck,0.8868836164474487,-6.154781341552734,False
near,653,97,wolf,3,cat,0.751573383808136,-5.407115459442139,False
near,669,34,fox,5,dog,0.995559573173523,-8.797446250915527,True
near,684,97,wolf,3,cat,0.8883134722709656,-7.523942470550537,True
near,702,42,leopard,2,bird,0.9737686514854431,-6.194865703582764,False
near,712,97,wolf,7,horse,0.37396058440208435,-3.511742115020752,False
near,717,15,camel,4,deer,0.9779175519943237,-7.456965446472168,True
near,720,97,wolf,5,dog,0.9971128702163696,-10.400782585144043,True
near,751,15,camel,3,cat,0.4896853566169739,-4.746894836425781,False
near,752,48,motorcycle,1,automobile,0.7730033993721008,-4.727841854095459,False
near,766,13,bus,9,truck,0.9997523427009583,-9.641142845153809,True
near,769,15,camel,0,airplane,0.9838560819625854,-7.1569294929504395,True
near,790,48,motorcycle,9,truck,0.9636852145195007,-7.459909915924072,True
near,796,58,pickup_truck,9,truck,0.9997174143791199,-10.309491157531738,True
near,803,58,pickup_truck,1,automobile,0.9922751784324646,-8.09228801727295,True
near,809,97,wolf,5,dog,0.9172253012657166,-7.7032952308654785,True
near,811,15,camel,4,deer,0.5989313721656799,-5.29680061340332,False
near,822,13,bus,9,truck,0.9805772304534912,-8.032888412475586,True
near,897,97,wolf,3,cat,0.9464026093482971,-5.97162389755249,False
near,900,15,camel,0,airplane,0.5618073344230652,-3.5920026302337646,False
near,902,15,camel,7,horse,0.9914672374725342,-6.8549580574035645,True
near,915,15,camel,5,dog,0.897318959236145,-9.066551208496094,True
near,921,89,tractor,9,truck,0.9982975125312805,-8.513066291809082,True
near,923,48,motorcycle,1,automobile,0.6562796235084534,-4.611267566680908,False
near,939,97,wolf,3,cat,0.7246230244636536,-5.492689609527588,False
near,945,42,leopard,6,frog,0.7503453493118286,-6.282354354858398,True
near,952,42,leopard,6,frog,0.7121944427490234,-6.783370494842529,True
near,957,13,bus,9,truck,0.9997184872627258,-10.2999849319458,True
near,959,34,fox,5,dog,0.9469753503799438,-9.160361289978027,True
near,969,34,fox,3,cat,0.6914165019989014,-5.7443437576293945,False
near,992,15,camel,7,horse,0.79337477684021,-4.455682277679443,False
near,995,89,tractor,9,truck,0.9755144715309143,-6.005820274353027,False
near,1023,48,motorcycle,9,truck,0.9875332117080688,-6.69239616394043,True
near,1026,97,wolf,5,dog,0.9945505261421204,-8.061300277709961,True
near,1034,13,bus,9,truck,0.993005096912384,-7.317378997802734,True
near,1060,15,camel,7,horse,0.9143961668014526,-6.679745197296143,True
near,1081,89,tractor,9,truck,0.9833800196647644,-6.804721355438232,True
near,1084,42,leopard,6,frog,0.5036139488220215,-5.1168437004089355,False
near,1085,15,camel,4,deer,0.4743339419364929,-4.870621204376221,False
near,1096,48,motorcycle,3,cat,0.9060922861099243,-4.897044658660889,False
near,1133,34,fox,4,deer,0.9638824462890625,-6.6849822998046875,True
near,1143,13,bus,9,truck,0.9991869330406189,-8.860587120056152,True
near,1145,58,pickup_truck,1,automobile,0.9943800568580627,-8.848282814025879,True
near,1155,58,pickup_truck,9,truck,0.985291600227356,-8.221670150756836,True
near,1181,89,tractor,3,cat,0.5965049266815186,-3.956967353820801,False
near,1184,15,camel,4,deer,0.4477493464946747,-4.954679012298584,False
near,1212,58,pickup_truck,1,automobile,0.8774768114089966,-6.601974964141846,True
near,1218,48,motorcycle,1,automobile,0.9773390889167786,-6.236844062805176,True
near,1227,34,fox,3,cat,0.9901132583618164,-7.900464057922363,True
near,1260,89,tractor,9,truck,0.997241735458374,-7.7560319900512695,True
near,1261,89,tractor,8,ship,0.718774676322937,-5.386492729187012,False
near,1271,13,bus,9,truck,0.999687671661377,-9.7051420211792,True
near,1320,34,fox,5,dog,0.9889445304870605,-8.084891319274902,True
near,1321,48,motorcycle,1,automobile,0.9889776110649109,-8.240692138671875,True
near,1324,42,leopard,6,frog,0.9580315947532654,-7.000284671783447,True
near,1327,58,pickup_truck,1,automobile,0.9982686042785645,-9.231160163879395,True
near,1328,42,leopard,3,cat,0.8627336621284485,-7.834473133087158,True
near,1345,97,wolf,3,cat,0.9968274235725403,-9.017784118652344,True
near,1403,34,fox,4,deer,0.7114859223365784,-6.0196099281311035,False
near,1404,48,motorcycle,3,cat,0.9777945280075073,-6.834499359130859,True
near,1423,15,camel,2,bird,0.35029253363609314,-2.437894821166992,False
near,1425,34,fox,4,deer,0.9696411490440369,-7.394933700561523,True
near,1427,13,bus,1,automobile,0.8275038003921509,-6.414880752563477,True
near,1432,34,fox,3,cat,0.878085196018219,-7.595909595489502,True
near,1445,13,bus,9,truck,0.9999581575393677,-12.316187858581543,True
near,1463,48,motorcycle,5,dog,0.9843317270278931,-7.03519868850708,True
near,1464,48,motorcycle,1,automobile,0.5469606518745422,-3.8176984786987305,False
near,1478,13,bus,9,truck,0.9978741407394409,-8.624975204467773,True
near,1489,13,bus,9,truck,0.9993383288383484,-10.42754077911377,True
near,1491,58,pickup_truck,1,automobile,0.9987609386444092,-8.270197868347168,True
near,1498,34,fox,3,cat,0.5242636203765869,-4.537128448486328,False
near,1510,15,camel,4,deer,0.9700548052787781,-7.296573162078857,True
near,1519,97,wolf,3,cat,0.8395540118217468,-9.788887023925781,True
near,1568,58,pickup_truck,1,automobile,0.7356789112091064,-7.964587211608887,True
near,1570,42,leopard,3,cat,0.9797593951225281,-7.56495475769043,True
near,1572,15,camel,4,deer,0.9993913173675537,-10.49651050567627,True
near,1573,15,camel,7,horse,0.8070675730705261,-4.0289716720581055,False
near,1588,15,camel,2,bird,0.9952812790870667,-7.487241268157959,True
near,1607,42,leopard,6,frog,0.9461203813552856,-6.320897579193115,True
near,1616,13,bus,7,horse,0.9900974035263062,-7.094791412353516,True
near,1620,42,leopard,6,frog,0.48860517144203186,-4.9196672439575195,False
near,1645,34,fox,5,dog,0.49509233236312866,-4.635103702545166,False
near,1662,13,bus,9,truck,0.9975026249885559,-8.902403831481934,True
near,1671,48,motorcycle,0,airplane,0.48945358395576477,-4.19327449798584,False
near,1687,15,camel,7,horse,0.5738319158554077,-4.953404903411865,False
near,1698,34,fox,4,deer,0.9359544515609741,-5.830772399902344,False
near,1752,97,wolf,3,cat,0.9961417317390442,-8.201568603515625,True
near,1753,89,tractor,9,truck,0.7168004512786865,-4.1977996826171875,False
near,1771,42,leopard,3,cat,0.9909480214118958,-8.648296356201172,True
near,1783,34,fox,3,cat,0.9833979606628418,-7.450046539306641,True
near,1799,34,fox,4,deer,0.5554736852645874,-6.2596821784973145,True
near,1812,48,motorcycle,1,automobile,0.9818096160888672,-6.369922161102295,True
near,1829,48,motorcycle,1,automobile,0.7232245802879333,-3.9274418354034424,False
near,1843,42,leopard,4,deer,0.6170546412467957,-5.384657859802246,False
near,1864,89,tractor,9,truck,0.988640308380127,-6.8986310958862305,True
near,1881,89,tractor,4,deer,0.9504579901695251,-5.315563201904297,False
near,1882,15,camel,5,dog,0.9982404708862305,-9.394414901733398,True
near,1889,13,bus,8,ship,0.9412134289741516,-5.86553955078125,False
near,1913,58,pickup_truck,9,truck,0.9985443353652954,-8.911087036132812,True
near,1937,97,wolf,3,cat,0.9879388809204102,-7.525306701660156,True
near,1976,89,tractor,9,truck,0.9518517851829529,-6.535705089569092,True
near,1985,13,bus,1,automobile,0.9995661377906799,-9.514043807983398,True
near,1994,42,leopard,6,frog,0.9848654270172119,-7.602725505828857,True
near,2012,58,pickup_truck,9,truck,0.9993450045585632,-11.262996673583984,True
near,2019,13,bus,1,automobile,0.9766319394111633,-8.207725524902344,True
near,2029,89,tractor,9,truck,0.9886301755905151,-6.920087814331055,True
near,2033,48,motorcycle,3,cat,0.47735923528671265,-4.6883463859558105,False
near,2051,15,camel,7,horse,0.9655297994613647,-8.673891067504883,True
near,2064,97,wolf,5,dog,0.9952110648155212,-8.818060874938965,True
near,2066,48,motorcycle,7,horse,0.5523684620857239,-3.6571481227874756,False
near,2072,48,motorcycle,9,truck,0.9292193651199341,-6.342331886291504,True
near,2082,48,motorcycle,1,automobile,0.6438249349594116,-5.473039627075195,False
near,2100,58,pickup_truck,1,automobile,0.9994863271713257,-8.91497802734375,True
near,2101,89,tractor,4,deer,0.7188482284545898,-4.048395156860352,False
near,2102,97,wolf,2,bird,0.9995617270469666,-10.018807411193848,True
near,2123,89,tractor,9,truck,0.9989078044891357,-9.311983108520508,True
near,2131,34,fox,7,horse,0.5966452360153198,-4.396551609039307,False
near,2144,89,tractor,9,truck,0.9898831248283386,-8.152758598327637,True
near,2145,15,camel,4,deer,0.9767266511917114,-8.965730667114258,True
near,2148,48,motorcycle,3,cat,0.8465092778205872,-5.883286952972412,False
near,2171,89,tractor,9,truck,0.9780002236366272,-6.034863471984863,False
near,2203,13,bus,1,automobile,0.9997221827507019,-9.960034370422363,True
near,2211,42,leopard,3,cat,0.5567693710327148,-5.862519264221191,False
near,2219,97,wolf,5,dog,0.9984970092773438,-9.281702041625977,True
near,2242,48,motorcycle,9,truck,0.8801484107971191,-5.881230354309082,False
near,2267,15,camel,7,horse,0.642340362071991,-4.02415657043457,False
near,2315,15,camel,7,horse,0.8402224779129028,-5.775794982910156,False
near,2321,58,pickup_truck,1,automobile,0.9998055100440979,-10.094576835632324,True
near,2336,34,fox,4,deer,0.6622117161750793,-5.014623165130615,False
near,2337,97,wolf,7,horse,0.8851925730705261,-7.193284034729004,True
near,2340,97,wolf,5,dog,0.6817033290863037,-5.830063819885254,False
near,2349,34,fox,3,cat,0.6724342703819275,-6.330358982086182,True
near,2356,34,fox,5,dog,0.5937930941581726,-4.523323059082031,False
near,2396,58,pickup_truck,1,automobile,0.9943874478340149,-8.56220531463623,True
near,2415,15,camel,4,deer,0.649349570274353,-5.169500350952148,False
near,2421,58,pickup_truck,9,truck,0.9538558721542358,-6.459357738494873,True
near,2435,34,fox,3,cat,0.9439167380332947,-7.794896602630615,True
near,2484,13,bus,9,truck,0.9957334399223328,-9.144991874694824,True
near,2503,89,tractor,4,deer,0.37722906470298767,-2.5448479652404785,False
near,2518,34,fox,4,deer,0.8195773959159851,-6.501957893371582,True
near,2544,34,fox,4,deer,0.9984103441238403,-9.859396934509277,True
near,2556,58,pickup_truck,9,truck,0.49807435274124146,-5.581038475036621,False
near,2569,89,tractor,8,ship,0.9897846579551697,-7.993832588195801,True
near,2570,42,leopard,4,deer,0.3828537166118622,-4.547300815582275,False
near,2591,13,bus,9,truck,0.9996780157089233,-11.0275239944458,True
near,2603,58,pickup_truck,1,automobile,0.9996249675750732,-9.163111686706543,True
near,2618,97,wolf,5,dog,0.8542925119400024,-6.590999126434326,True
near,2624,89,tractor,9,truck,0.9636849761009216,-5.705002784729004,False
near,2647,42,leopard,6,frog,0.9905121922492981,-8.608247756958008,True
near,2665,13,bus,9,truck,0.9995943903923035,-10.050037384033203,True
near,2675,89,tractor,9,truck,0.9684430360794067,-5.586592674255371,False
near,2678,42,leopard,3,cat,0.6199591159820557,-5.34790563583374,False
near,2698,13,bus,1,automobile,0.7260445952415466,-6.464277267456055,True
near,2712,15,camel,4,deer,0.9855777621269226,-8.957167625427246,True
near,2719,13,bus,9,truck,0.9995973706245422,-9.317179679870605,True
near,2756,34,fox,3,cat,0.8849755525588989,-6.269617557525635,True
near,2774,15,camel,4,deer,0.4291873872280121,-3.653918504714966,False
near,2826,97,wolf,4,deer,0.9657930731773376,-8.24402904510498,True
near,2828,34,fox,3,cat,0.6889322400093079,-5.6681294441223145,False
near,2832,13,bus,9,truck,0.9864826798439026,-8.70313549041748,True
near,2834,15,camel,7,horse,0.841938316822052,-6.841450214385986,True
near,2835,97,wolf,5,dog,0.6870746612548828,-5.438553810119629,False
near,2842,97,wolf,3,cat,0.997891366481781,-8.710380554199219,True
near,2843,13,bus,9,truck,0.9993481040000916,-9.424249649047852,True
near,2871,89,tractor,0,airplane,0.806921660900116,-5.693405628204346,False
near,2882,58,pickup_truck,1,automobile,0.9989042282104492,-9.674816131591797,True
near,2891,34,fox,3,cat,0.7261418104171753,-6.011789798736572,False
near,2911,89,tractor,8,ship,0.698664128780365,-4.613900184631348,False
near,2933,97,wolf,5,dog,0.8736065030097961,-6.975578784942627,True
near,2946,15,camel,5,dog,0.9647961258888245,-7.256673812866211,True
near,2948,15,camel,4,deer,0.606350839138031,-6.697112083435059,True
near,2956,89,tractor,9,truck,0.971860945224762,-7.155243873596191,True
near,2986,97,wolf,5,dog,0.8282225131988525,-5.117748260498047,False
near,2992,89,tractor,8,ship,0.8599712252616882,-6.281556129455566,True
near,3009,42,leopard,3,cat,0.6633074879646301,-4.9629082679748535,False
near,3026,13,bus,9,truck,0.9991567134857178,-8.50964641571045,True
near,3027,48,motorcycle,2,bird,0.7639250755310059,-5.0830078125,False
near,3054,48,motorcycle,0,airplane,0.8741610646247864,-5.152754783630371,False
near,3074,42,leopard,3,cat,0.8816947937011719,-6.731672763824463,True
near,3104,42,leopard,3,cat,0.9924710988998413,-7.156095027923584,True
near,3106,13,bus,9,truck,0.9972990155220032,-8.542021751403809,True
near,3111,48,motorcycle,0,airplane,0.8022114634513855,-5.170426845550537,False
near,3136,34,fox,5,dog,0.8142581582069397,-5.734827518463135,False
near,3153,15,camel,9,truck,0.7804165482521057,-4.771822929382324,False
near,3177,89,tractor,5,dog,0.6770972013473511,-5.034350395202637,False
near,3197,13,bus,9,truck,0.999600350856781,-10.501739501953125,True
near,3200,42,leopard,3,cat,0.9505524039268494,-7.264489650726318,True
near,3219,97,wolf,5,dog,0.998029887676239,-9.433140754699707,True
near,3236,13,bus,9,truck,0.6926537156105042,-7.147650241851807,True
near,3240,48,motorcycle,0,airplane,0.994785726070404,-7.676819324493408,True
near,3256,48,motorcycle,9,truck,0.45002466440200806,-2.911937952041626,False
near,3276,13,bus,9,truck,0.999637246131897,-9.433642387390137,True
near,3291,42,leopard,3,cat,0.9958885312080383,-9.187263488769531,True
near,3319,15,camel,7,horse,0.9211928844451904,-6.504044055938721,True
near,3338,42,leopard,3,cat,0.7271539568901062,-5.883672714233398,False
near,3346,42,leopard,3,cat,0.8851080536842346,-5.401588439941406,False
near,3368,34,fox,4,deer,0.9269464612007141,-7.400174140930176,True
near,3376,48,motorcycle,1,automobile,0.9994522929191589,-10.051937103271484,True
near,3379,42,leopard,3,cat,0.9545507431030273,-7.400192737579346,True
near,3412,89,tractor,9,truck,0.7348154187202454,-4.286356449127197,False
near,3478,13,bus,9,truck,0.5406341552734375,-7.986760139465332,True
near,3484,89,tractor,9,truck,0.9854856729507446,-7.587962627410889,True
near,3487,97,wolf,5,dog,0.9936345815658569,-9.083879470825195,True
near,3525,48,motorcycle,0,airplane,0.5830219388008118,-3.3306775093078613,False
near,3532,89,tractor,9,truck,0.999197781085968,-9.2326021194458,True
near,3537,58,pickup_truck,9,truck,0.6188607215881348,-5.638343334197998,False
near,3538,97,wolf,5,dog,0.9975868463516235,-10.808919906616211,True
near,3549,42,leopard,4,deer,0.8185649514198303,-6.283694744110107,True
near,3558,48,motorcycle,1,automobile,0.9954663515090942,-7.548952579498291,True
near,3564,13,bus,9,truck,0.8709924817085266,-6.161096572875977,False
near,3567,42,leopard,5,dog,0.975114643573761,-6.941619396209717,True
near,3605,34,fox,3,cat,0.6679683923721313,-5.527375221252441,False
near,3606,48,motorcycle,9,truck,0.7901615500450134,-5.371506690979004,False
near,3607,34,fox,5,dog,0.6515932679176331,-5.036686420440674,False
near,3608,34,fox,3,cat,0.855611264705658,-6.904832363128662,True
near,3613,97,wolf,5,dog,0.9640573263168335,-7.20945930480957,True
near,3630,58,pickup_truck,9,truck,0.7802916169166565,-6.8410868644714355,True
near,3644,34,fox,4,deer,0.9975396394729614,-9.090239524841309,True
near,3655,58,pickup_truck,9,truck,0.7690280079841614,-7.438825607299805,True
near,3663,97,wolf,3,cat,0.7954761385917664,-5.1556549072265625,False
near,3701,13,bus,0,airplane,0.484375923871994,-3.5315496921539307,False
near,3715,48,motorcycle,0,airplane,0.35643115639686584,-2.4745192527770996,False
near,3731,97,wolf,5,dog,0.9762391448020935,-7.894107341766357,True
near,3732,48,motorcycle,9,truck,0.8679987192153931,-5.3739776611328125,False
near,3747,97,wolf,5,dog,0.7591291069984436,-6.080142974853516,False
near,3748,48,motorcycle,3,cat,0.8844101428985596,-6.19529390335083,False
near,3755,13,bus,9,truck,0.9951825737953186,-7.996556282043457,True
near,3760,34,fox,3,cat,0.9938232898712158,-9.229340553283691,True
near,3817,97,wolf,5,dog,0.9951607584953308,-9.3757963180542,True
near,3823,34,fox,3,cat,0.9683472514152527,-8.065403938293457,True
near,3831,15,camel,7,horse,0.990075409412384,-7.246318817138672,True
near,3840,89,tractor,9,truck,0.8568194508552551,-5.330342769622803,False
near,3849,97,wolf,3,cat,0.8722864389419556,-5.812161922454834,False
near,3857,48,motorcycle,1,automobile,0.7073839902877808,-4.870908737182617,False
near,3868,13,bus,1,automobile,0.81187504529953,-6.991765022277832,True
near,3877,97,wolf,3,cat,0.912871778011322,-7.028247356414795,True
near,3884,15,camel,5,dog,0.547531008720398,-4.458579063415527,False
near,3886,97,wolf,4,deer,0.8445691466331482,-4.428625106811523,False
near,3887,13,bus,9,truck,0.9990004897117615,-8.736577033996582,True
near,3893,48,motorcycle,2,bird,0.9269979000091553,-5.216429710388184,False
near,3908,34,fox,4,deer,0.7811094522476196,-7.045232772827148,True
near,3913,89,tractor,9,truck,0.9326921701431274,-7.715376377105713,True
near,3927,97,wolf,7,horse,0.6147737503051758,-4.742308616638184,False
near,3930,15,camel,5,dog,0.536394476890564,-3.711970806121826,False
near,3933,58,pickup_truck,1,automobile,0.9277304410934448,-7.1459832191467285,True
near,3947,13,bus,9,truck,0.9985484480857849,-9.11178207397461,True
near,3985,15,camel,4,deer,0.9532468914985657,-6.746719837188721,True
near,4003,34,fox,4,deer,0.9993471503257751,-9.449514389038086,True
near,4004,34,fox,3,cat,0.9836277961730957,-6.667602062225342,True
near,4027,89,tractor,9,truck,0.7890259027481079,-6.155424118041992,False
near,4028,48,motorcycle,8,ship,0.33111825585365295,-2.7267463207244873,False
near,4049,34,fox,5,dog,0.6025109887123108,-5.300358772277832,False
near,4104,13,bus,0,airplane,0.9987232089042664,-9.137884140014648,True
near,4109,89,tractor,0,airplane,0.5140918493270874,-3.134075880050659,False
near,4118,42,leopard,6,frog,0.822526752948761,-6.598444938659668,True
near,4128,48,motorcycle,1,automobile,0.3937494456768036,-2.6818995475769043,False
near,4129,13,bus,8,ship,0.41537779569625854,-3.001779317855835,False
near,4147,48,motorcycle,1,automobile,0.6301124095916748,-3.5416173934936523,False
near,4153,97,wolf,3,cat,0.9330266118049622,-6.9888176918029785,True
near,4173,13,bus,9,truck,0.9993531107902527,-10.393006324768066,True
near,4182,34,fox,4,deer,0.43364861607551575,-3.7569262981414795,False
near,4185,13,bus,9,truck,0.9998948574066162,-10.88927936553955,True
near,4201,13,bus,9,truck,0.9804325103759766,-8.427475929260254,True
near,4225,97,wolf,5,dog,0.8448623418807983,-6.682397365570068,True
near,4234,15,camel,4,deer,0.9957595467567444,-9.455876350402832,True
near,4238,42,leopard,5,dog,0.999115526676178,-9.539063453674316,True
near,4255,34,fox,4,deer,0.9734823107719421,-8.282646179199219,True
near,4264,34,fox,4,deer,0.9769259095191956,-7.230551242828369,True
near,4277,34,fox,5,dog,0.8552228212356567,-6.097901344299316,False
near,4278,42,leopard,2,bird,0.9371026158332825,-5.305388450622559,False
near,4283,97,wolf,3,cat,0.590703010559082,-5.870195388793945,False
near,4285,97,wolf,5,dog,0.9935755133628845,-7.798565864562988,True
near,4294,97,wolf,5,dog,0.46873757243156433,-4.458852291107178,False
near,4296,13,bus,9,truck,0.9975461363792419,-10.115097045898438,True
near,4307,13,bus,9,truck,0.9998922348022461,-10.538285255432129,True
near,4313,34,fox,5,dog,0.5055031776428223,-5.44927453994751,False
near,4316,58,pickup_truck,9,truck,0.9986270666122437,-9.520197868347168,True
near,4320,42,leopard,3,cat,0.986169695854187,-7.512904644012451,True
near,4335,58,pickup_truck,9,truck,0.9997872710227966,-9.735170364379883,True
near,4341,34,fox,0,airplane,0.7961626648902893,-7.507866382598877,True
near,4345,15,camel,5,dog,0.8344017863273621,-6.1763787269592285,False
near,4378,97,wolf,5,dog,0.998134970664978,-8.823532104492188,True
near,4387,58,pickup_truck,9,truck,0.6898713111877441,-5.701623439788818,False
near,4404,89,tractor,9,truck,0.9632922410964966,-5.953188419342041,False
near,4415,15,camel,7,horse,0.46923044323921204,-2.906034231185913,False
near,4426,13,bus,1,automobile,0.7865685224533081,-5.001507759094238,False
near,4434,13,bus,9,truck,0.9073756337165833,-5.086887359619141,False
near,4435,15,camel,5,dog,0.9968200922012329,-9.34302043914795,True
near,4441,34,fox,5,dog,0.985524594783783,-8.051066398620605,True
near,4461,48,motorcycle,0,airplane,0.9904658794403076,-7.554876327514648,True
near,4463,58,pickup_truck,1,automobile,0.9996140599250793,-9.960042953491211,True
near,4464,13,bus,9,truck,0.9823631048202515,-8.058303833007812,True
near,4468,13,bus,9,truck,0.9883607625961304,-8.960001945495605,True
near,4470,97,wolf,5,dog,0.6736172437667847,-3.355628728866577,False
near,4487,48,motorcycle,1,automobile,0.9372895956039429,-5.869235038757324,False
near,4506,58,pickup_truck,1,automobile,0.9999246597290039,-10.83665657043457,True
near,4515,58,pickup_truck,1,automobile,0.9997417330741882,-9.916976928710938,True
near,4517,89,tractor,2,bird,0.9173074960708618,-5.129324913024902,False
near,4519,15,camel,2,bird,0.9550705552101135,-6.4348859786987305,True
near,4586,13,bus,1,automobile,0.986164391040802,-8.73926830291748,True
near,4588,58,pickup_truck,1,automobile,0.9996660947799683,-9.808935165405273,True
near,4602,97,wolf,5,dog,0.9978263974189758,-9.015750885009766,True
near,4609,42,leopard,3,cat,0.40067780017852783,-4.364516258239746,False
near,4610,89,tractor,9,truck,0.9958292841911316,-8.039786338806152,True
near,4611,42,leopard,4,deer,0.6792704463005066,-4.717165470123291,False
near,4621,34,fox,4,deer,0.9986515641212463,-9.609249114990234,True
near,4663,89,tractor,9,truck,0.9958499670028687,-8.091120719909668,True
near,4677,42,leopard,3,cat,0.7119140028953552,-7.257526874542236,True
near,4691,89,tractor,9,truck,0.9695038795471191,-6.4028520584106445,True
near,4693,58,pickup_truck,0,airplane,0.9194326996803284,-5.817089557647705,False
near,4703,34,fox,4,deer,0.994644284248352,-8.582388877868652,True
near,4706,34,fox,4,deer,0.9492149949073792,-6.484468460083008,True
near,4731,89,tractor,9,truck,0.9994206428527832,-9.066482543945312,True
near,4736,15,camel,2,bird,0.8669164776802063,-5.578751087188721,False
near,4740,13,bus,9,truck,0.7720112204551697,-4.9441142082214355,False
near,4754,34,fox,4,deer,0.9920296669006348,-7.870373249053955,True
near,4756,13,bus,7,horse,0.9351847171783447,-6.026066303253174,False
near,4788,13,bus,1,automobile,0.998224675655365,-9.297916412353516,True
near,4808,13,bus,8,ship,0.4490050971508026,-3.6974282264709473,False
near,4821,58,pickup_truck,1,automobile,0.9991798996925354,-8.855393409729004,True
near,4870,58,pickup_truck,1,automobile,0.9994970560073853,-9.33116626739502,True
near,4878,34,fox,3,cat,0.6459890007972717,-4.624081611633301,False
near,4881,58,pickup_truck,1,automobile,0.9674049019813538,-7.937454700469971,True
near,4889,34,fox,7,horse,0.9989577531814575,-8.315584182739258,True
near,4892,48,motorcycle,1,automobile,0.7103473544120789,-4.980770111083984,False
near,4894,15,camel,4,deer,0.631454586982727,-4.941677093505859,False
near,4927,48,motorcycle,9,truck,0.9404284954071045,-6.1419572830200195,False
near,4943,42,leopard,4,deer,0.5887631773948669,-5.9265642166137695,False
near,4960,48,motorcycle,1,automobile,0.8368865847587585,-5.594069480895996,False
near,4971,42,leopard,3,cat,0.9518178701400757,-6.236545085906982,True
near,4991,34,fox,5,dog,0.9608862400054932,-5.9643073081970215,False
near,4992,42,leopard,3,cat,0.4613075256347656,-5.014697074890137,False
near,4998,13,bus,9,truck,0.9994256496429443,-10.359678268432617,True
near,5003,48,motorcycle,1,automobile,0.912631630897522,-7.091933250427246,True
near,5008,58,pickup_truck,1,automobile,0.9827881455421448,-8.267033576965332,True
near,5009,58,pickup_truck,1,automobile,0.9998595714569092,-10.3960599899292,True
near,5015,13,bus,9,truck,0.9978112578392029,-9.12576675415039,True
near,5016,42,leopard,4,deer,0.9922752976417542,-7.76545524597168,True
near,5020,13,bus,9,truck,0.9407222270965576,-5.555916786193848,False
near,5025,89,tractor,9,truck,0.8614009022712708,-5.3619489669799805,False
near,5029,15,camel,4,deer,0.9965780377388,-8.930732727050781,True
near,5031,97,wolf,7,horse,0.583757758140564,-4.435201168060303,False
near,5032,15,camel,0,airplane,0.970701277256012,-8.094255447387695,True
near,5064,13,bus,9,truck,0.988396942615509,-7.841426849365234,True
near,5078,97,wolf,5,dog,0.999555766582489,-9.48019790649414,True
near,5084,34,fox,4,deer,0.7882882952690125,-6.655230522155762,True
near,5109,42,leopard,6,frog,0.570219874382019,-5.492349624633789,False
near,5110,58,pickup_truck,1,automobile,0.9937875270843506,-8.67635440826416,True
near,5112,48,motorcycle,3,cat,0.8939524292945862,-5.958116054534912,False
near,5113,15,camel,5,dog,0.9919649362564087,-9.305427551269531,True
near,5114,48,motorcycle,9,truck,0.9434042572975159,-6.222573280334473,True
near,5119,15,camel,0,airplane,0.9495817422866821,-5.980854511260986,False
near,5129,58,pickup_truck,9,truck,0.8010554909706116,-7.0618085861206055,True
near,5141,89,tractor,9,truck,0.9405196905136108,-6.1923017501831055,False
near,5142,42,leopard,3,cat,0.9887930750846863,-8.419257164001465,True
near,5149,58,pickup_truck,9,truck,0.9963777661323547,-7.77063512802124,True
near,5162,48,motorcycle,9,truck,0.8347567319869995,-4.900874137878418,False
near,5163,13,bus,9,truck,0.9998276233673096,-10.262259483337402,True
near,5175,48,motorcycle,9,truck,0.9902064204216003,-8.029423713684082,True
near,5182,89,tractor,8,ship,0.9850649237632751,-5.93219518661499,False
near,5184,13,bus,9,truck,0.9999419450759888,-11.450173377990723,True
near,5185,42,leopard,4,deer,0.5228394269943237,-4.313589096069336,False
near,5189,89,tractor,1,automobile,0.4311075210571289,-2.7252230644226074,False
near,5201,13,bus,9,truck,0.9998615980148315,-12.210074424743652,True
near,5210,42,leopard,6,frog,0.45705437660217285,-3.17810320854187,False
near,5216,48,motorcycle,7,horse,0.5380501747131348,-4.148280620574951,False
near,5218,15,camel,6,frog,0.890987753868103,-5.700404644012451,False
near,5231,42,leopard,3,cat,0.5801374912261963,-6.040655612945557,False
near,5249,15,camel,5,dog,0.9501574039459229,-7.38345193862915,True
near,5253,15,camel,5,dog,0.8342494964599609,-5.812375545501709,False
near,5285,15,camel,5,dog,0.9808839559555054,-7.408360958099365,True
near,5287,89,tractor,9,truck,0.8018290400505066,-6.301083087921143,True
near,5291,97,wolf,5,dog,0.9936642646789551,-7.743480205535889,True
near,5293,15,camel,7,horse,0.9983805418014526,-9.9474515914917,True
near,5311,48,motorcycle,6,frog,0.9945343732833862,-7.853434085845947,True
near,5314,89,tractor,9,truck,0.48779070377349854,-3.002408266067505,False
near,5316,42,leopard,3,cat,0.9692742228507996,-6.8438591957092285,True
near,5317,58,pickup_truck,1,automobile,0.9942665696144104,-9.688312530517578,True
near,5327,89,tractor,9,truck,0.9817447066307068,-7.22813606262207,True
near,5328,42,leopard,4,deer,0.9316053986549377,-6.484577655792236,True
near,5342,48,motorcycle,6,frog,0.8259114027023315,-5.208282947540283,False
near,5350,48,motorcycle,9,truck,0.9882640838623047,-7.504030227661133,True
near,5399,42,leopard,3,cat,0.8531686663627625,-6.729269027709961,True
near,5408,97,wolf,3,cat,0.7984828948974609,-5.50048828125,False
near,5425,97,wolf,5,dog,0.9712532162666321,-6.88334846496582,True
near,5430,48,motorcycle,9,truck,0.8793314099311829,-5.492531776428223,False
near,5437,58,pickup_truck,9,truck,0.9823095202445984,-7.5738677978515625,True
near,5445,89,tractor,9,truck,0.9825868010520935,-7.777949333190918,True
near,5449,42,leopard,6,frog,0.9159796833992004,-6.782472610473633,True
near,5455,15,camel,4,deer,0.6849085092544556,-5.060448169708252,False
near,5458,42,leopard,5,dog,0.9778234958648682,-7.24174165725708,True
near,5460,48,motorcycle,1,automobile,0.9382098317146301,-5.601698398590088,False
near,5465,13,bus,9,truck,0.9966892600059509,-7.994720458984375,True
near,5469,48,motorcycle,3,cat,0.5421065092086792,-5.700087070465088,False
near,5472,42,leopard,2,bird,0.47252437472343445,-5.032321929931641,False
near,5478,42,leopard,4,deer,0.38855355978012085,-4.331216812133789,False
near,5486,48,motorcycle,7,horse,0.9223597049713135,-5.403250217437744,False
near,5494,15,camel,4,deer,0.5243644118309021,-6.8445563316345215,True
near,5495,89,tractor,9,truck,0.9457530379295349,-6.421449661254883,True
near,5516,15,camel,4,deer,0.4475434124469757,-4.5703911781311035,False
near,5519,15,camel,4,deer,0.8736354112625122,-8.232056617736816,True
near,5532,15,camel,4,deer,0.6774283647537231,-4.703811168670654,False
near,5550,89,tractor,9,truck,0.9996079802513123,-10.418192863464355,True
near,5568,58,pickup_truck,9,truck,0.705048680305481,-6.145554542541504,False
near,5572,48,motorcycle,1,automobile,0.7834656834602356,-7.298910617828369,True
near,5612,48,motorcycle,9,truck,0.6983963251113892,-4.055436134338379,False
near,5619,34,fox,3,cat,0.9911203980445862,-7.7769036293029785,True
near,5634,13,bus,9,truck,0.9994169473648071,-9.792454719543457,True
near,5650,48,motorcycle,7,horse,0.6018933653831482,-5.666745662689209,False
near,5654,13,bus,1,automobile,0.9988306164741516,-8.291244506835938,True
near,5664,15,camel,5,dog,0.7725603580474854,-4.757531642913818,False
near,5691,48,motorcycle,9,truck,0.7464287281036377,-3.9425599575042725,False
near,5696,89,tractor,9,truck,0.9994506239891052,-9.997642517089844,True
near,5698,42,leopard,6,frog,0.9987764954566956,-9.294076919555664,True
near,5715,58,pickup_truck,1,automobile,0.709550142288208,-6.258450508117676,True
near,5726,34,fox,2,bird,0.6341547966003418,-5.527218818664551,False
near,5732,58,pickup_truck,1,automobile,0.9909999966621399,-6.951327323913574,True
near,5736,58,pickup_truck,9,truck,0.647250771522522,-6.669198036193848,True
near,5738,58,pickup_truck,1,automobile,0.9906743168830872,-7.973416328430176,True
near,5748,13,bus,9,truck,0.9996896982192993,-9.9633150100708,True
near,5756,58,pickup_truck,1,automobile,0.9739899039268494,-8.761469841003418,True
near,5762,15,camel,2,bird,0.978594183921814,-7.593523025512695,True
near,5781,97,wolf,3,cat,0.997133731842041,-8.705974578857422,True
near,5818,89,tractor,9,truck,0.7412391304969788,-5.8105010986328125,False
near,5819,42,leopard,3,cat,0.9986710548400879,-8.5640287399292,True
near,5832,34,fox,4,deer,0.991096019744873,-6.987167835235596,True
near,5853,13,bus,9,truck,0.9999467134475708,-11.713254928588867,True
near,5889,34,fox,5,dog,0.9412841796875,-5.444417476654053,False
near,5893,58,pickup_truck,1,automobile,0.9796714186668396,-6.262247562408447,True
near,5896,34,fox,3,cat,0.4342966377735138,-4.783669948577881,False
near,5905,42,leopard,6,frog,0.7855368852615356,-5.956944942474365,False
near,5911,97,wolf,3,cat,0.9870660901069641,-7.200594902038574,True
near,5912,97,wolf,2,bird,0.7831274271011353,-5.357182025909424,False
near,5920,13,bus,9,truck,0.9997181296348572,-9.804841041564941,True
near,5932,58,pickup_truck,1,automobile,0.6724425554275513,-6.85700798034668,True
near,5945,34,fox,5,dog,0.4381349980831146,-3.0853774547576904,False
near,6010,97,wolf,4,deer,0.9978079199790955,-8.475152015686035,True
near,6022,48,motorcycle,9,truck,0.6833590269088745,-3.8235998153686523,False
near,6037,15,camel,5,dog,0.5811941623687744,-6.4800028800964355,True
near,6044,15,camel,4,deer,0.8596370220184326,-6.397830486297607,True
near,6055,42,leopard,4,deer,0.4088127911090851,-5.204689979553223,False
near,6061,42,leopard,5,dog,0.8910138010978699,-6.04995059967041,False
near,6063,89,tractor,9,truck,0.8783981204032898,-4.940896511077881,False
near,6075,58,pickup_truck,1,automobile,0.998263418674469,-8.38615894317627,True
near,6080,34,fox,3,cat,0.6554436087608337,-4.937335014343262,False
near,6116,13,bus,9,truck,0.9986687898635864,-9.506587982177734,True
near,6132,97,wolf,3,cat,0.9933979511260986,-8.114336967468262,True
near,6144,48,motorcycle,9,truck,0.7852141857147217,-4.791022300720215,False
near,6160,97,wolf,3,cat,0.41482239961624146,-4.4643073081970215,False
near,6162,34,fox,3,cat,0.9897006750106812,-7.776475429534912,True
near,6163,34,fox,4,deer,0.9984662532806396,-9.054078102111816,True
near,6176,13,bus,9,truck,0.9984853863716125,-9.68517017364502,True
near,6178,97,wolf,3,cat,0.7815788984298706,-5.559874534606934,False
near,6279,48,motorcycle,9,truck,0.5142892003059387,-3.6958227157592773,False
near,6293,42,leopard,6,frog,0.8861101269721985,-4.8463592529296875,False
near,6303,13,bus,3,cat,0.915011465549469,-6.658870220184326,True
near,6324,97,wolf,3,cat,0.46814510226249695,-5.023390293121338,False
near,6339,13,bus,9,truck,0.9993174076080322,-9.730294227600098,True
near,6343,48,motorcycle,9,truck,0.965018093585968,-6.441494941711426,True
near,6360,89,tractor,1,automobile,0.7431220412254333,-6.03419303894043,False
near,6379,89,tractor,8,ship,0.8258602619171143,-4.6939239501953125,False
near,6382,48,motorcycle,3,cat,0.9305693507194519,-5.757592678070068,False
near,6395,42,leopard,6,frog,0.9970523118972778,-9.131089210510254,True
near,6398,89,tractor,9,truck,0.992312490940094,-8.155900001525879,True
near,6401,42,leopard,6,frog,0.992553174495697,-8.45627498626709,True
near,6409,42,leopard,3,cat,0.996644914150238,-8.366690635681152,True
near,6411,13,bus,9,truck,0.801368236541748,-6.150356769561768,False
near,6416,48,motorcycle,0,airplane,0.9773618578910828,-5.93179178237915,False
near,6417,15,camel,5,dog,0.9449009895324707,-8.400096893310547,True
near,6418,15,camel,4,deer,0.9999829530715942,-12.46831226348877,True
near,6430,89,tractor,9,truck,0.6847859025001526,-7.157771110534668,True
near,6433,97,wolf,3,cat,0.8689841628074646,-6.449616432189941,True
near,6447,97,wolf,3,cat,0.9997434020042419,-10.365859031677246,True
near,6449,48,motorcycle,1,automobile,0.5384653806686401,-3.1589770317077637,False
near,6469,34,fox,4,deer,0.6701229810714722,-5.564830780029297,False
near,6475,15,camel,7,horse,0.8999993801116943,-4.8400397300720215,False
near,6505,34,fox,3,cat,0.9965973496437073,-7.76945686340332,True
near,6528,97,wolf,3,cat,0.7001190781593323,-6.153563976287842,False
near,6545,34,fox,4,deer,0.8122056126594543,-5.306744575500488,False
near,6546,89,tractor,0,airplane,0.7398442625999451,-4.423675060272217,False
near,6547,48,motorcycle,6,frog,0.5202229022979736,-3.7485954761505127,False
near,6552,97,wolf,3,cat,0.9969233870506287,-8.717267036437988,True
near,6561,97,wolf,5,dog,0.39343851804733276,-3.6210668087005615,False
near,6574,58,pickup_truck,1,automobile,0.999565064907074,-9.3689546585083,True
near,6616,15,camel,5,dog,0.9973815083503723,-9.295687675476074,True
near,6652,97,wolf,7,horse,0.6895630955696106,-6.3418145179748535,True
near,6653,58,pickup_truck,1,automobile,0.9997926354408264,-10.759882926940918,True
near,6693,34,fox,4,deer,0.9891692399978638,-9.135787963867188,True
near,6712,13,bus,9,truck,0.9961704611778259,-9.158761024475098,True
near,6730,48,motorcycle,0,airplane,0.9111676812171936,-5.523726940155029,False
near,6735,42,leopard,6,frog,0.805444598197937,-4.693328857421875,False
near,6746,97,wolf,3,cat,0.8776505589485168,-6.341794490814209,True
near,6767,42,leopard,6,frog,0.9986194372177124,-9.110772132873535,True
near,6778,15,camel,4,deer,0.6068326234817505,-5.2945942878723145,False
near,6791,13,bus,0,airplane,0.9554551839828491,-7.546982288360596,True
near,6807,89,tractor,9,truck,0.9811415076255798,-6.163767337799072,False
near,6816,34,fox,3,cat,0.7544482946395874,-6.5972900390625,True
near,6866,89,tractor,9,truck,0.9990150928497314,-8.655771255493164,True
near,6914,48,motorcycle,9,truck,0.7164024710655212,-6.323673248291016,True
near,6924,42,leopard,6,frog,0.9948431253433228,-8.914590835571289,True
near,6930,89,tractor,9,truck,0.958197295665741,-5.669659614562988,False
near,6954,48,motorcycle,1,automobile,0.9287185668945312,-5.655258655548096,False
near,6967,97,wolf,5,dog,0.9992615580558777,-9.616113662719727,True
near,7006,89,tractor,9,truck,0.4646643102169037,-3.440997362136841,False
near,7021,34,fox,6,frog,0.6235547065734863,-5.104209899902344,False
near,7028,97,wolf,3,cat,0.9983248114585876,-9.342982292175293,True
near,7078,42,leopard,3,cat,0.40765148401260376,-4.686061382293701,False
near,7086,89,tractor,8,ship,0.7011154294013977,-6.188051223754883,False
near,7087,97,wolf,3,cat,0.9614484310150146,-7.556947231292725,True
near,7109,48,motorcycle,9,truck,0.533366858959198,-4.916121006011963,False
near,7110,48,motorcycle,0,airplane,0.8028286695480347,-4.834081172943115,False
near,7119,58,pickup_truck,9,truck,0.9752016067504883,-6.853096961975098,True
near,7125,97,wolf,3,cat,0.5641096830368042,-6.684133529663086,True
near,7128,15,camel,7,horse,0.991806149482727,-7.569276332855225,True
near,7131,58,pickup_truck,9,truck,0.856391191482544,-7.3314619064331055,True
near,7133,13,bus,9,truck,0.9998519420623779,-10.888798713684082,True
near,7135,97,wolf,5,dog,0.9978662133216858,-9.707319259643555,True
near,7141,34,fox,5,dog,0.8427754640579224,-5.395331859588623,False
near,7146,89,tractor,9,truck,0.9661473035812378,-5.982110023498535,False
near,7160,48,motorcycle,7,horse,0.41230908036231995,-3.1973628997802734,False
near,7194,15,camel,4,deer,0.9994863271713257,-10.555160522460938,True
near,7200,15,camel,2,bird,0.9834315180778503,-6.927809715270996,True
near,7207,58,pickup_truck,1,automobile,0.9862926006317139,-7.6322736740112305,True
near,7209,48,motorcycle,9,truck,0.9303852319717407,-6.28302001953125,True
near,7225,34,fox,3,cat,0.9992246627807617,-9.753373146057129,True
near,7248,34,fox,5,dog,0.6595204472541809,-6.784986972808838,True
near,7249,48,motorcycle,1,automobile,0.9367077946662903,-6.779263496398926,True
near,7279,34,fox,3,cat,0.7290018796920776,-5.675471782684326,False
near,7283,42,leopard,6,frog,0.5818673968315125,-6.709211349487305,True
near,7289,48,motorcycle,1,automobile,0.5793210864067078,-3.766796112060547,False
near,7298,15,camel,4,deer,0.974339485168457,-9.016427993774414,True
near,7308,97,wolf,5,dog,0.9228876829147339,-7.0212883949279785,True
near,7317,34,fox,3,cat,0.5955954194068909,-5.435125827789307,False
near,7333,15,camel,7,horse,0.9070178270339966,-5.724291801452637,False
near,7367,42,leopard,3,cat,0.7141909599304199,-4.529952526092529,False
near,7373,34,fox,3,cat,0.5864505767822266,-3.9973371028900146,False
near,7375,97,wolf,3,cat,0.8255552649497986,-6.75541877746582,True
near,7376,13,bus,9,truck,0.9954643845558167,-7.76975154876709,True
near,7379,15,camel,8,ship,0.8728716373443604,-4.802356719970703,False
near,7388,89,tractor,8,ship,0.7242354154586792,-4.425612449645996,False
near,7389,58,pickup_truck,1,automobile,0.9994980096817017,-9.369890213012695,True
near,7407,42,leopard,3,cat,0.501427412033081,-6.169096946716309,False
near,7412,42,leopard,6,frog,0.9917532205581665,-8.357046127319336,True
near,7417,42,leopard,6,frog,0.7659679651260376,-5.012659072875977,False
near,7427,42,leopard,6,frog,0.4759298264980316,-3.457946300506592,False
near,7441,13,bus,9,truck,0.985939621925354,-8.645767211914062,True
near,7445,15,camel,4,deer,0.9736277461051941,-7.652335166931152,True
near,7471,48,motorcycle,3,cat,0.7003381252288818,-5.046118259429932,False
near,7472,97,wolf,3,cat,0.34309908747673035,-3.8089182376861572,False
near,7489,48,motorcycle,9,truck,0.6913093328475952,-4.95658540725708,False
near,7495,42,leopard,4,deer,0.8723545670509338,-5.048912048339844,False
near,7503,34,fox,5,dog,0.625767171382904,-6.2198262214660645,True
near,7507,89,tractor,9,truck,0.7219651341438293,-4.272690773010254,False
near,7508,13,bus,9,truck,0.9990959167480469,-8.794224739074707,True
near,7559,58,pickup_truck,1,automobile,0.9973836541175842,-8.532474517822266,True
near,7561,97,wolf,2,bird,0.8383016586303711,-7.271702766418457,True
near,7564,34,fox,5,dog,0.9026345610618591,-7.939650058746338,True
near,7567,13,bus,9,truck,0.6972817778587341,-3.9490034580230713,False
near,7569,48,motorcycle,9,truck,0.6871300339698792,-4.191107749938965,False
near,7570,58,pickup_truck,9,truck,0.9306086897850037,-8.510088920593262,True
near,7582,97,wolf,4,deer,0.8248685598373413,-5.173469066619873,False
near,7590,89,tractor,9,truck,0.6423128247261047,-5.485471725463867,False
near,7609,42,leopard,3,cat,0.9323961734771729,-5.904244422912598,False
near,7621,34,fox,4,deer,0.9957699179649353,-8.88022518157959,True
near,7640,48,motorcycle,1,automobile,0.9663872122764587,-6.230936050415039,True
near,7643,89,tractor,4,deer,0.28300541639328003,-2.195981502532959,False
near,7650,97,wolf,3,cat,0.826675534248352,-5.648993968963623,False
near,7658,58,pickup_truck,1,automobile,0.9998756647109985,-10.947186470031738,True
near,7660,89,tractor,9,truck,0.5822740197181702,-3.135756731033325,False
near,7736,89,tractor,9,truck,0.9910643100738525,-7.566788196563721,True
near,7750,15,camel,2,bird,0.9949423670768738,-8.306814193725586,True
near,7752,97,wolf,3,cat,0.8539053201675415,-7.159581661224365,True
near,7772,42,leopard,4,deer,0.9968158602714539,-8.408923149108887,True
near,7799,34,fox,7,horse,0.9044740796089172,-6.320393085479736,True
near,7800,15,camel,5,dog,0.9536315202713013,-7.279716968536377,True
near,7806,48,motorcycle,9,truck,0.9791117906570435,-6.821362018585205,True
near,7812,13,bus,9,truck,0.9956364035606384,-8.935142517089844,True
near,7816,13,bus,9,truck,0.6977807283401489,-7.11446475982666,True
near,7823,58,pickup_truck,1,automobile,0.8828467726707458,-6.13357400894165,False
near,7829,89,tractor,2,bird,0.41976964473724365,-2.5982353687286377,False
near,7866,58,pickup_truck,1,automobile,0.8183150291442871,-5.368480682373047,False
near,7871,48,motorcycle,1,automobile,0.8812084794044495,-5.625483512878418,False
near,7875,97,wolf,3,cat,0.9979908466339111,-8.779502868652344,True
near,7884,89,tractor,8,ship,0.9483917951583862,-7.143206596374512,True
near,7900,58,pickup_truck,9,truck,0.7516465187072754,-6.118549823760986,False
near,7912,15,camel,5,dog,0.8680647611618042,-5.316154956817627,False
near,7924,34,fox,5,dog,0.49843907356262207,-7.564415454864502,True
near,7950,42,leopard,5,dog,0.9569699168205261,-6.1289215087890625,False
near,7962,58,pickup_truck,9,truck,0.9993306398391724,-8.930615425109863,True
near,7973,34,fox,3,cat,0.5402123332023621,-4.508333683013916,False
near,7974,42,leopard,3,cat,0.9836418628692627,-6.515686511993408,True
near,7980,97,wolf,5,dog,0.9989182949066162,-9.551796913146973,True
near,7994,58,pickup_truck,1,automobile,0.7801096439361572,-5.657409191131592,False
near,7999,58,pickup_truck,0,airplane,0.8008713126182556,-5.61505651473999,False
near,8023,13,bus,9,truck,0.9809648394584656,-7.41132926940918,True
near,8026,89,tractor,9,truck,0.780884861946106,-5.4888916015625,False
near,8082,58,pickup_truck,1,automobile,0.9974283576011658,-7.800350666046143,True
near,8085,13,bus,9,truck,0.9998388290405273,-10.769564628601074,True
near,8100,34,fox,5,dog,0.9760944247245789,-7.304359436035156,True
near,8101,97,wolf,3,cat,0.9920547008514404,-8.395153999328613,True
near,8109,34,fox,4,deer,0.9888043999671936,-7.414431571960449,True
near,8126,13,bus,1,automobile,0.9939088821411133,-8.213924407958984,True
near,8132,34,fox,3,cat,0.5658864378929138,-6.029127597808838,False
near,8141,89,tractor,9,truck,0.8888705968856812,-7.086888313293457,True
near,8143,15,camel,3,cat,0.9976232647895813,-8.965729713439941,True
near,8150,34,fox,3,cat,0.9976646900177002,-8.819374084472656,True
near,8165,58,pickup_truck,1,automobile,0.9962189793586731,-9.475638389587402,True
near,8169,89,tractor,9,truck,0.5951668620109558,-3.761018991470337,False
near,8183,48,motorcycle,9,truck,0.38321805000305176,-2.604700803756714,False
near,8185,34,fox,4,deer,0.9938969016075134,-7.6843390464782715,True
near,8187,34,fox,3,cat,0.8916530609130859,-7.1417436599731445,True
near,8219,58,pickup_truck,1,automobile,0.97046959400177,-6.244810581207275,True
near,8231,15,camel,7,horse,0.9196279644966125,-6.75828218460083,True
near,8257,48,motorcycle,5,dog,0.39244094491004944,-3.191251516342163,False
near,8258,89,tractor,9,truck,0.7039383053779602,-4.793486595153809,False
near,8300,48,motorcycle,9,truck,0.8181529641151428,-4.883109092712402,False
near,8310,42,leopard,5,dog,0.8757728934288025,-5.871678829193115,False
near,8324,42,leopard,3,cat,0.990969717502594,-7.845654487609863,True
near,8329,89,tractor,9,truck,0.996258020401001,-8.680046081542969,True
near,8334,42,leopard,6,frog,0.9126866459846497,-6.469278812408447,True
near,8381,34,fox,7,horse,0.8775917291641235,-5.307248592376709,False
near,8391,58,pickup_truck,9,truck,0.950015664100647,-7.9469404220581055,True
near,8405,34,fox,4,deer,0.974157989025116,-6.806029796600342,True
near,8407,97,wolf,3,cat,0.9962738752365112,-8.256927490234375,True
near,8418,97,wolf,3,cat,0.9700019359588623,-6.785106182098389,True
near,8447,15,camel,5,dog,0.8430176377296448,-4.795140266418457,False
near,8454,42,leopard,3,cat,0.9860714077949524,-8.186704635620117,True
near,8455,58,pickup_truck,1,automobile,0.9973836541175842,-8.295512199401855,True
near,8457,48,motorcycle,0,airplane,0.7300523519515991,-3.6323180198669434,False
near,8460,48,motorcycle,1,automobile,0.5066606998443604,-4.027815818786621,False
near,8497,13,bus,3,cat,0.42661425471305847,-2.714772939682007,False
near,8503,58,pickup_truck,9,truck,0.7907427549362183,-8.002739906311035,True
near,8504,42,leopard,5,dog,0.8255130052566528,-5.099222660064697,False
near,8519,58,pickup_truck,1,automobile,0.9990814924240112,-9.32175350189209,True
near,8535,97,wolf,5,dog,0.9519265294075012,-7.488933086395264,True
near,8580,89,tractor,8,ship,0.6064043045043945,-7.520447731018066,True
near,8596,13,bus,9,truck,0.9446868896484375,-6.577942848205566,True
near,8598,15,camel,4,deer,0.7999564409255981,-4.705021858215332,False
near,8604,15,camel,2,bird,0.7484380602836609,-6.3272480964660645,True
near,8609,13,bus,9,truck,0.9965770840644836,-7.773421764373779,True
near,8618,34,fox,3,cat,0.9682095050811768,-7.72424840927124,True
near,8627,48,motorcycle,6,frog,0.5170567631721497,-2.961244821548462,False
near,8634,97,wolf,6,frog,0.5769410133361816,-5.045774936676025,False
near,8648,15,camel,2,bird,0.717050313949585,-5.951714038848877,False
near,8655,13,bus,9,truck,0.9993588328361511,-10.260777473449707,True
near,8663,13,bus,9,truck,0.8667171597480774,-4.960146903991699,False
near,8672,34,fox,5,dog,0.599233090877533,-4.842387676239014,False
near,8693,58,pickup_truck,9,truck,0.9058818221092224,-7.06160831451416,True
near,8695,42,leopard,6,frog,0.9721314907073975,-7.485170841217041,True
near,8713,97,wolf,5,dog,0.9989320635795593,-9.434286117553711,True
near,8715,34,fox,3,cat,0.9833547472953796,-6.775760650634766,True
near,8717,13,bus,9,truck,0.9403594136238098,-6.78466272354126,True
near,8731,34,fox,5,dog,0.5100519061088562,-6.763552188873291,True
near,8732,15,camel,7,horse,0.5559328198432922,-3.9942574501037598,False
near,8735,34,fox,3,cat,0.9894163012504578,-7.811832904815674,True
near,8762,34,fox,5,dog,0.44779542088508606,-5.22791862487793,False
near,8763,48,motorcycle,1,automobile,0.41229498386383057,-3.4125232696533203,False
near,8774,42,leopard,3,cat,0.99553382396698,-8.10175609588623,True
near,8780,15,camel,7,horse,0.9949241876602173,-8.200793266296387,True
near,8800,15,camel,7,horse,0.5989232063293457,-4.322607517242432,False
near,8834,15,camel,5,dog,0.7322368621826172,-5.74724817276001,False
near,8904,42,leopard,6,frog,0.9996575117111206,-10.346158981323242,True
near,8906,89,tractor,8,ship,0.9440543055534363,-6.505651950836182,True
near,8918,97,wolf,5,dog,0.5905433297157288,-5.3951497077941895,False
near,8920,13,bus,9,truck,0.8765440583229065,-5.816606044769287,False
near,8929,48,motorcycle,9,truck,0.8335637450218201,-4.611924171447754,False
near,8942,89,tractor,5,dog,0.41260167956352234,-2.950065851211548,False
near,8944,58,pickup_truck,0,airplane,0.9456169009208679,-6.549225330352783,True
near,8947,58,pickup_truck,9,truck,0.7629214525222778,-5.495321750640869,False
near,8953,58,pickup_truck,1,automobile,0.999357283115387,-9.030837059020996,True
near,8958,13,bus,1,automobile,0.9988812804222107,-8.283320426940918,True
near,8960,97,wolf,2,bird,0.3430619239807129,-2.783897876739502,False
near,8966,58,pickup_truck,1,automobile,0.9905367493629456,-8.101736068725586,True
near,8981,48,motorcycle,9,truck,0.9995586276054382,-9.943795204162598,True
near,8996,89,tractor,8,ship,0.9038226008415222,-6.435973167419434,True
near,9007,48,motorcycle,0,airplane,0.8426652550697327,-4.518728733062744,False
near,9014,15,camel,3,cat,0.9908450245857239,-7.742208957672119,True
near,9017,48,motorcycle,1,automobile,0.41914162039756775,-3.1317389011383057,False
near,9019,89,tractor,9,truck,0.9976119995117188,-8.111915588378906,True
near,9027,13,bus,9,truck,0.8480232954025269,-5.232905387878418,False
near,9030,58,pickup_truck,1,automobile,0.9591079950332642,-6.605301856994629,True
near,9039,89,tractor,9,truck,0.9903407692909241,-7.308070659637451,True
near,9058,42,leopard,6,frog,0.9940525889396667,-7.504860877990723,True
near,9081,58,pickup_truck,1,automobile,0.999738872051239,-10.380406379699707,True
near,9093,15,camel,2,bird,0.6497614979743958,-5.056657791137695,False
near,9110,15,camel,4,deer,0.6885719895362854,-5.855029106140137,False
near,9142,15,camel,7,horse,0.9996577501296997,-10.074687957763672,True
near,9148,34,fox,3,cat,0.9097514748573303,-6.123272895812988,False
near,9187,42,leopard,3,cat,0.9988883137702942,-10.661336898803711,True
near,9203,89,tractor,9,truck,0.9411882758140564,-5.416428565979004,False
near,9205,48,motorcycle,1,automobile,0.9989457726478577,-9.243464469909668,True
near,9231,97,wolf,5,dog,0.8275637030601501,-8.48504638671875,True
near,9232,13,bus,9,truck,0.9975380897521973,-9.302159309387207,True
near,9238,42,leopard,6,frog,0.8974868059158325,-6.899417400360107,True
near,9252,13,bus,8,ship,0.8612015843391418,-8.373140335083008,True
near,9259,89,tractor,9,truck,0.9896724224090576,-7.639111518859863,True
near,9261,42,leopard,6,frog,0.9998767375946045,-10.774192810058594,True
near,9266,15,camel,5,dog,0.9689080119132996,-7.310650825500488,True
near,9276,48,motorcycle,0,airplane,0.9640265107154846,-6.146858215332031,False
near,9288,89,tractor,9,truck,0.990267813205719,-7.457489967346191,True
near,9317,97,wolf,3,cat,0.9882981181144714,-7.486179351806641,True
near,9318,42,leopard,6,frog,0.7501007318496704,-5.838384628295898,False
near,9345,48,motorcycle,9,truck,0.620614230632782,-5.276739120483398,False
near,9346,97,wolf,5,dog,0.6397931575775146,-5.383656978607178,False
near,9362,15,camel,7,horse,0.9470187425613403,-6.555791854858398,True
near,9368,58,pickup_truck,9,truck,0.9997149109840393,-10.283329010009766,True
near,9377,58,pickup_truck,1,automobile,0.9712041616439819,-7.899965286254883,True
near,9388,58,pickup_truck,1,automobile,0.9997223019599915,-9.807470321655273,True
near,9395,89,tractor,7,horse,0.40502506494522095,-2.8092916011810303,False
near,9406,42,leopard,3,cat,0.7106908559799194,-5.426137924194336,False
near,9412,15,camel,7,horse,0.6834813952445984,-5.8917412757873535,False
near,9429,58,pickup_truck,1,automobile,0.9862353205680847,-7.684751510620117,True
near,9447,58,pickup_truck,1,automobile,0.9988117218017578,-9.459294319152832,True
near,9453,34,fox,3,cat,0.9994961023330688,-9.217316627502441,True
near,9496,34,fox,2,bird,0.6538747549057007,-5.759151458740234,False
near,9504,58,pickup_truck,1,automobile,0.8911662697792053,-5.84964656829834,False
near,9531,15,camel,5,dog,0.9930734038352966,-7.386839389801025,True
near,9546,13,bus,8,ship,0.9609145522117615,-6.444604396820068,True
near,9572,13,bus,9,truck,0.9151200652122498,-6.770591735839844,True
near,9575,42,leopard,6,frog,0.9998822212219238,-10.849589347839355,True
near,9587,97,wolf,3,cat,0.7179545760154724,-7.89332914352417,True
near,9611,15,camel,4,deer,0.9519868493080139,-6.4004225730896,True
near,9612,42,leopard,3,cat,0.4335934817790985,-4.17737340927124,False
near,9647,15,camel,7,horse,0.9024675488471985,-5.682851791381836,False
near,9654,48,motorcycle,1,automobile,0.7818660736083984,-5.683372497558594,False
near,9662,58,pickup_truck,1,automobile,0.9599679708480835,-7.165065288543701,True
near,9673,89,tractor,9,truck,0.9135167598724365,-5.507689476013184,False
near,9676,58,pickup_truck,9,truck,0.6887282729148865,-7.14833927154541,True
near,9686,34,fox,3,cat,0.36946752667427063,-3.287372350692749,False
near,9704,89,tractor,9,truck,0.7926012873649597,-8.280237197875977,True
near,9708,89,tractor,9,truck,0.9989663362503052,-8.908672332763672,True
near,9743,15,camel,5,dog,0.9654191136360168,-6.933703899383545,True
near,9768,97,wolf,3,cat,0.6475309133529663,-5.270815849304199,False
near,9790,97,wolf,3,cat,0.9844659566879272,-8.316895484924316,True
near,9807,89,tractor,9,truck,0.9092963337898254,-6.253260612487793,True
near,9815,13,bus,1,automobile,0.8721092939376831,-7.341687202453613,True
near,9833,48,motorcycle,1,automobile,0.9065223336219788,-5.534010887145996,False
near,9835,13,bus,9,truck,0.9996838569641113,-9.523621559143066,True
near,9842,34,fox,4,deer,0.9830516576766968,-8.454611778259277,True
near,9871,58,pickup_truck,9,truck,0.9991973042488098,-10.82469654083252,True
near,9878,58,pickup_truck,1,automobile,0.9987249970436096,-8.975852966308594,True
near,9880,58,pickup_truck,9,truck,0.9979332685470581,-9.249622344970703,True
near,9886,97,wolf,5,dog,0.9967825412750244,-8.686728477478027,True
near,9914,42,leopard,4,deer,0.45562389492988586,-4.05614709854126,False
near,9922,89,tractor,5,dog,0.38848546147346497,-2.576188325881958,False
near,9927,58,pickup_truck,1,automobile,0.9990465044975281,-8.958643913269043,True
near,9930,13,bus,9,truck,0.9878402352333069,-8.090826034545898,True
near,9936,42,leopard,3,cat,0.6524322032928467,-4.690163612365723,False
near,9942,97,wolf,5,dog,0.9813284873962402,-6.908450126647949,True
near,9948,97,wolf,6,frog,0.9124904870986938,-5.694441795349121,False
near,9965,97,wolf,5,dog,0.9952644109725952,-9.31190013885498,True
near,9969,89,tractor,7,horse,0.8797392249107361,-4.624628067016602,False
near,9998,42,leopard,6,frog,0.8674479126930237,-8.062884330749512,True
far,3,51,mushroom,3,cat,0.5288781523704529,-4.087438106536865,False
far,26,39,keyboard,3,cat,0.4428790211677551,-3.4592771530151367,False
far,30,20,chair,0,airplane,0.8559266328811646,-6.176560878753662,False
far,45,22,clock,3,cat,0.5036038160324097,-5.219451904296875,False
far,52,9,bottle,2,bird,0.9983978867530823,-8.310409545898438,True
far,67,82,sunflower,5,dog,0.6204050779342651,-5.118969440460205,False
far,76,82,sunflower,3,cat,0.8412438631057739,-4.288423538208008,False
far,77,10,bowl,9,truck,0.9903644919395447,-9.534905433654785,True
far,79,22,clock,8,ship,0.9635665416717529,-6.340272903442383,True
far,90,22,clock,3,cat,0.9982890486717224,-8.885193824768066,True
far,111,20,chair,4,deer,0.952533483505249,-5.995484352111816,False
far,114,9,bottle,3,cat,0.8566122651100159,-4.616283893585205,False
far,121,10,bowl,2,bird,0.9919149875640869,-7.658988952636719,True
far,125,20,chair,0,airplane,0.5409859418869019,-6.1243462562561035,False
far,147,39,keyboard,6,frog,0.9842002987861633,-6.3053131103515625,True
far,148,51,mushroom,3,cat,0.6906992793083191,-5.1085004806518555,False
far,157,20,chair,3,cat,0.997467041015625,-8.940142631530762,True
far,163,10,bowl,1,automobile,0.9397786259651184,-6.378714084625244,True
far,168,51,mushroom,2,bird,0.6942461133003235,-4.070468425750732,False
far,170,9,bottle,5,dog,0.4779513478279114,-4.240642070770264,False
far,180,39,keyboard,0,airplane,0.616162121295929,-5.215240955352783,False
far,182,22,clock,3,cat,0.5200273394584656,-3.823105573654175,False
far,194,94,wardrobe,3,cat,0.9913962483406067,-7.495908260345459,True
far,220,94,wardrobe,9,truck,0.9895888566970825,-7.5569610595703125,True
far,238,82,sunflower,4,deer,0.625162661075592,-3.993281602859497,False
far,249,39,keyboard,2,bird,0.6258833408355713,-4.03443717956543,False
far,271,51,mushroom,2,bird,0.6283097863197327,-5.099176406860352,False
far,318,10,bowl,3,cat,0.9969170093536377,-8.853544235229492,True
far,328,94,wardrobe,9,truck,0.941279947757721,-6.470759391784668,True
far,340,9,bottle,8,ship,0.9940813183784485,-8.228734970092773,True
far,348,10,bowl,1,automobile,0.4573485255241394,-3.045976161956787,False
far,349,10,bowl,0,airplane,0.3595324456691742,-3.235136032104492,False
far,361,39,keyboard,3,cat,0.5992474555969238,-3.9357593059539795,False
far,363,94,wardrobe,9,truck,0.9995858073234558,-10.058838844299316,True
far,365,10,bowl,6,frog,0.8033738732337952,-5.91487979888916,False
far,378,94,wardrobe,3,cat,0.4883640706539154,-5.155152797698975,False
far,427,10,bowl,8,ship,0.49480369687080383,-4.933017253875732,False
far,433,51,mushroom,6,frog,0.8776875138282776,-5.7237162590026855,False
far,439,10,bowl,3,cat,0.9566745162010193,-6.936636447906494,True
far,447,22,clock,1,automobile,0.7022769451141357,-4.651304244995117,False
far,450,22,clock,8,ship,0.5564174652099609,-5.677389621734619,False
far,451,22,clock,3,cat,0.622298538684845,-4.297379970550537,False
far,452,10,bowl,1,automobile,0.9920498728752136,-8.4226655960083,True
far,455,9,bottle,9,truck,0.9756853580474854,-6.485732078552246,True
far,562,20,chair,9,truck,0.9957693815231323,-8.176501274108887,True
far,575,9,bottle,8,ship,0.8780632615089417,-4.87869119644165,False
far,582,82,sunflower,3,cat,0.9469978213310242,-7.230679512023926,True
far,583,22,clock,2,bird,0.981661319732666,-6.311196327209473,True
far,588,10,bowl,8,ship,0.9935513734817505,-8.887811660766602,True
far,594,9,bottle,2,bird,0.6372109651565552,-4.037540912628174,False
far,599,39,keyboard,3,cat,0.9448405504226685,-5.473890781402588,False
far,611,82,sunflower,5,dog,0.7354568839073181,-5.5161237716674805,False
far,613,20,chair,8,ship,0.9944918155670166,-7.694372177124023,True
far,618,22,clock,8,ship,0.8679662942886353,-7.589017391204834,True
far,621,39,keyboard,2,bird,0.9799637198448181,-6.971750259399414,True
far,629,82,sunflower,5,dog,0.9501452445983887,-6.175933837890625,False
far,645,82,sunflower,4,deer,0.34337010979652405,-2.873786449432373,False
far,647,94,wardrobe,9,truck,0.49258190393447876,-5.044378280639648,False
far,649,22,clock,9,truck,0.8342310786247253,-5.784712791442871,False
far,662,94,wardrobe,3,cat,0.6675823926925659,-5.090756893157959,False
far,665,82,sunflower,3,cat,0.5249290466308594,-4.073723316192627,False
far,703,10,bowl,6,frog,0.9004836082458496,-6.357202529907227,True
far,714,82,sunflower,2,bird,0.9953593611717224,-8.616601943969727,True
far,734,94,wardrobe,3,cat,0.6017107367515564,-5.283687591552734,False
far,749,82,sunflower,5,dog,0.990519106388092,-7.022871494293213,True
far,771,39,keyboard,7,horse,0.9364997744560242,-6.017907619476318,False
far,786,22,clock,1,automobile,0.8427602648735046,-6.000988960266113,False
far,788,82,sunflower,5,dog,0.5751011967658997,-3.8081581592559814,False
far,797,94,wardrobe,9,truck,0.997016429901123,-9.325066566467285,True
far,806,10,bowl,3,cat,0.6161234974861145,-6.394089698791504,True
far,823,22,clock,5,dog,0.9879211187362671,-7.302455425262451,True
far,839,39,keyboard,3,cat,0.9625272750854492,-6.225911617279053,True
far,840,20,chair,8,ship,0.45836934447288513,-3.7188613414764404,False
far,864,9,bottle,8,ship,0.469772607088089,-3.1340737342834473,False
far,865,10,bowl,3,cat,0.9786123037338257,-7.198888778686523,True
far,870,22,clock,2,bird,0.5465666651725769,-3.2995495796203613,False
far,874,10,bowl,2,bird,0.33419299125671387,-3.238307476043701,False
far,880,20,chair,3,cat,0.9981133937835693,-8.531739234924316,True
far,909,51,mushroom,3,cat,0.4375717341899872,-4.960940361022949,False
far,911,39,keyboard,9,truck,0.9920228719711304,-7.752614974975586,True
far,932,9,bottle,3,cat,0.952167272567749,-6.707736015319824,True
far,934,22,clock,3,cat,0.9994847774505615,-9.54736614227295,True
far,953,51,mushroom,2,bird,0.9726387858390808,-8.025825500488281,True
far,954,10,bowl,3,cat,0.8813499808311462,-4.966906547546387,False
far,963,51,mushroom,6,frog,0.5902851819992065,-5.053623676300049,False
far,976,82,sunflower,9,truck,0.9577241539955139,-5.61543083190918,False
far,997,9,bottle,8,ship,0.9015272259712219,-6.255901336669922,True
far,1002,94,wardrobe,9,truck,0.8306493163108826,-5.210562229156494,False
far,1015,9,bottle,9,truck,0.4819786548614502,-3.198486566543579,False
far,1032,51,mushroom,2,bird,0.7609754800796509,-6.184906005859375,False
far,1041,10,bowl,5,dog,0.777473509311676,-6.177712440490723,False
far,1045,9,bottle,2,bird,0.6041382551193237,-3.153268575668335,False
far,1052,39,keyboard,3,cat,0.9754835963249207,-6.942172527313232,True
far,1054,20,chair,9,truck,0.4718148708343506,-2.377854108810425,False
far,1076,20,chair,2,bird,0.4146215319633484,-3.0950591564178467,False
far,1097,82,sunflower,5,dog,0.7288433313369751,-3.6446382999420166,False
far,1122,82,sunflower,5,dog,0.9342308044433594,-6.247776985168457,True
far,1130,9,bottle,3,cat,0.6845006942749023,-5.272350788116455,False
far,1135,9,bottle,8,ship,0.9937254786491394,-7.508764743804932,True
far,1138,51,mushroom,6,frog,0.8878000974655151,-6.977589130401611,True
far,1163,22,clock,9,truck,0.7935965657234192,-5.203575611114502,False
far,1175,51,mushroom,5,dog,0.6818370819091797,-4.394409656524658,False
far,1196,51,mushroom,6,frog,0.9997231364250183,-12.182714462280273,True
far,1231,82,sunflower,2,bird,0.7285217642784119,-5.891180038452148,False
far,1264,39,keyboard,2,bird,0.9993261098861694,-9.579813003540039,True
far,1273,51,mushroom,2,bird,0.9283700585365295,-6.084867000579834,False
far,1310,22,clock,5,dog,0.9696294069290161,-6.513175010681152,True
far,1318,9,bottle,9,truck,0.9370995759963989,-8.929380416870117,True
far,1341,20,chair,7,horse,0.5530614256858826,-4.445087909698486,False
far,1362,94,wardrobe,3,cat,0.6192576885223389,-4.438208103179932,False
far,1410,10,bowl,1,automobile,0.7986086010932922,-6.3507232666015625,True
far,1415,94,wardrobe,9,truck,0.9872517585754395,-8.99289608001709,True
far,1428,22,clock,1,automobile,0.8991166353225708,-7.004146575927734,True
far,1429,9,bottle,2,bird,0.5509580969810486,-5.3143463134765625,False
far,1434,20,chair,0,airplane,0.9828447103500366,-7.443078994750977,True
far,1438,9,bottle,0,airplane,0.6388956308364868,-4.754986763000488,False
far,1448,10,bowl,2,bird,0.4084542989730835,-2.4158742427825928,False
far,1454,51,mushroom,2,bird,0.9992390871047974,-10.660881996154785,True
far,1470,94,wardrobe,3,cat,0.6875028610229492,-5.0236735343933105,False
far,1484,51,mushroom,2,bird,0.9751415252685547,-7.018283843994141,True
far,1487,9,bottle,3,cat,0.9731032252311707,-6.857213973999023,True
far,1495,39,keyboard,7,horse,0.5791415572166443,-6.229229927062988,True
far,1508,94,wardrobe,9,truck,0.8140747547149658,-6.274526596069336,True
far,1514,9,bottle,8,ship,0.9893147945404053,-8.785623550415039,True
far,1525,20,chair,0,airplane,0.995305061340332,-8.934710502624512,True
far,1542,82,sunflower,2,bird,0.3958202302455902,-3.2466135025024414,False
far,1546,39,keyboard,8,ship,0.9754704833030701,-6.656145095825195,True
far,1557,10,bowl,2,bird,0.5269472002983093,-4.355196475982666,False
far,1560,22,clock,5,dog,0.8719093203544617,-6.84258508682251,True
far,1562,9,bottle,2,bird,0.5966934561729431,-4.028109073638916,False
far,1586,22,clock,9,truck,0.992272138595581,-7.6268439292907715,True
far,1599,39,keyboard,6,frog,0.49053582549095154,-4.214941024780273,False
far,1610,20,chair,9,truck,0.9803935289382935,-8.263890266418457,True
far,1641,94,wardrobe,9,truck,0.9912187457084656,-7.954826354980469,True
far,1642,39,keyboard,0,airplane,0.6501938104629517,-3.5302071571350098,False
far,1652,20,chair,0,airplane,0.6912762522697449,-5.070108413696289,False
far,1674,20,chair,0,airplane,0.9500600099563599,-6.2989020347595215,True
far,1680,10,bowl,3,cat,0.43135902285575867,-3.847761631011963,False
far,1696,10,bowl,2,bird,0.6356157660484314,-6.157090187072754,False
far,1713,82,sunflower,4,deer,0.3452533185482025,-3.317457437515259,False
far,1714,10,bowl,8,ship,0.7475855946540833,-5.343203544616699,False
far,1740,20,chair,2,bird,0.4909215271472931,-4.590413570404053,False
far,1760,51,mushroom,2,bird,0.9355676174163818,-5.604831218719482,False
far,1781,82,sunflower,0,airplane,0.9714077115058899,-6.8051676750183105,True
far,1782,51,mushroom,2,bird,0.900144636631012,-6.423194885253906,True
far,1789,20,chair,9,truck,0.7301673293113708,-5.336952209472656,False
far,1792,20,chair,3,cat,0.9970294237136841,-8.739392280578613,True
far,1806,22,clock,3,cat,0.9127883315086365,-6.533176898956299,True
far,1807,22,clock,2,bird,0.743733823299408,-4.9281907081604,False
far,1809,10,bowl,5,dog,0.38387125730514526,-3.226242780685425,False
far,1818,82,sunflower,2,bird,0.4184122383594513,-2.889802932739258,False
far,1820,51,mushroom,6,frog,0.9991161227226257,-9.510348320007324,True
far,1837,94,wardrobe,9,truck,0.5231363773345947,-4.3542585372924805,False
far,1862,94,wardrobe,3,cat,0.821595311164856,-5.503278732299805,False
far,1865,10,bowl,3,cat,0.945898711681366,-8.426203727722168,True
far,1875,22,clock,5,dog,0.9717020988464355,-6.481652736663818,True
far,1899,9,bottle,3,cat,0.7510636448860168,-5.057067394256592,False
far,1909,94,wardrobe,3,cat,0.9205312728881836,-6.4148736000061035,True
far,1927,22,clock,9,truck,0.9287484288215637,-8.24221420288086,True
far,1930,22,clock,2,bird,0.4895646572113037,-4.4742512702941895,False
far,1932,9,bottle,3,cat,0.3690659701824188,-4.403367042541504,False
far,1944,94,wardrobe,9,truck,0.9937020540237427,-9.204949378967285,True
far,1947,20,chair,9,truck,0.7236716747283936,-4.926734447479248,False
far,1963,39,keyboard,0,airplane,0.9995564818382263,-9.226919174194336,True
far,1982,22,clock,1,automobile,0.9799654483795166,-8.204360008239746,True
far,1987,51,mushroom,5,dog,0.9898888468742371,-7.917190074920654,True
far,2005,51,mushroom,0,airplane,0.9789724349975586,-7.426713466644287,True
far,2011,9,bottle,2,bird,0.4769337773323059,-3.449899196624756,False
far,2023,39,keyboard,8,ship,0.925881564617157,-6.008799076080322,False
far,2037,39,keyboard,3,cat,0.988594651222229,-7.924798965454102,True
far,2038,82,sunflower,9,truck,0.6859354376792908,-5.408191680908203,False
far,2052,39,keyboard,0,airplane,0.7345694303512573,-3.880572557449341,False
far,2055,39,keyboard,0,airplane,0.7411127090454102,-4.514499187469482,False
far,2086,20,chair,0,airplane,0.9653084874153137,-7.035325050354004,True
far,2108,20,chair,0,airplane,0.9575088620185852,-6.305600643157959,True
far,2109,10,bowl,6,frog,0.8652752041816711,-4.776430130004883,False
far,2125,22,clock,2,bird,0.8607345819473267,-4.8492889404296875,False
far,2134,94,wardrobe,9,truck,0.9343442320823669,-6.910512924194336,True
far,2152,20,chair,9,truck,0.8266795873641968,-5.329157829284668,False
far,2161,20,chair,9,truck,0.5704690217971802,-3.7527925968170166,False
far,2169,22,clock,0,airplane,0.5615279078483582,-4.855319976806641,False
far,2176,10,bowl,8,ship,0.994459867477417,-7.576517105102539,True
far,2181,39,keyboard,3,cat,0.3981412351131439,-4.1223063468933105,False
far,2189,22,clock,6,frog,0.8146408796310425,-6.024080753326416,False
far,2200,51,mushroom,2,bird,0.7836461067199707,-6.16215705871582,False
far,2207,22,clock,8,ship,0.7433885335922241,-4.5979413986206055,False
far,2213,22,clock,3,cat,0.9640275239944458,-6.99628210067749,True
far,2223,22,clock,1,automobile,0.49415042996406555,-5.214430809020996,False
far,2232,51,mushroom,2,bird,0.9920132756233215,-8.079178810119629,True
far,2243,82,sunflower,2,bird,0.4649466276168823,-4.197526931762695,False
far,2269,20,chair,4,deer,0.26725712418556213,-1.6531752347946167,False
far,2295,10,bowl,0,airplane,0.6071823835372925,-5.180595874786377,False
far,2300,10,bowl,2,bird,0.9376232624053955,-5.995301246643066,False
far,2302,10,bowl,6,frog,0.9912875294685364,-7.37171745300293,True
far,2314,9,bottle,1,automobile,0.8814039826393127,-4.965700149536133,False
far,2332,51,mushroom,2,bird,0.9957870841026306,-9.116138458251953,True
far,2384,51,mushroom,2,bird,0.9853157997131348,-7.424792766571045,True
far,2386,20,chair,3,cat,0.9608951807022095,-5.7388224601745605,False
far,2389,20,chair,8,ship,0.4294765889644623,-3.410954475402832,False
far,2425,10,bowl,5,dog,0.7859302759170532,-5.436374187469482,False
far,2428,9,bottle,9,truck,0.7771382331848145,-5.345083236694336,False
far,2432,94,wardrobe,9,truck,0.9384590983390808,-8.752591133117676,True
far,2446,82,sunflower,6,frog,0.9474095702171326,-6.014400005340576,False
far,2453,94,wardrobe,2,bird,0.7522596120834351,-4.941723823547363,False
far,2463,22,clock,8,ship,0.6596478819847107,-5.590695858001709,False
far,2470,20,chair,0,airplane,0.9957473874092102,-8.003089904785156,True
far,2475,22,clock,0,airplane,0.7008641362190247,-5.214188575744629,False
far,2487,22,clock,4,deer,0.5085332989692688,-3.323172092437744,False
far,2510,9,bottle,8,ship,0.9888500571250916,-8.21104621887207,True
far,2533,22,clock,3,cat,0.8211231231689453,-5.570225238800049,False
far,2545,82,sunflower,5,dog,0.8288010358810425,-4.99232816696167,False
far,2550,9,bottle,9,truck,0.9669204354286194,-6.450037479400635,True
far,2557,94,wardrobe,3,cat,0.6046813726425171,-4.301235675811768,False
far,2562,39,keyboard,9,truck,0.9378763437271118,-5.992165565490723,False
far,2576,20,chair,9,truck,0.9991115927696228,-9.28227424621582,True
far,2577,20,chair,4,deer,0.44518160820007324,-3.068946599960327,False
far,2579,51,mushroom,6,frog,0.977327823638916,-6.868016719818115,True
far,2586,22,clock,6,frog,0.8257112503051758,-6.357388496398926,True
far,2620,51,mushroom,2,bird,0.9651364684104919,-7.084494590759277,True
far,2627,39,keyboard,2,bird,0.5573076605796814,-4.260046482086182,False
far,2650,39,keyboard,3,cat,0.6424067616462708,-4.258693695068359,False
far,2656,10,bowl,3,cat,0.9989939332008362,-10.074911117553711,True
far,2661,20,chair,9,truck,0.6640224456787109,-3.4265224933624268,False
far,2670,10,bowl,5,dog,0.7883846163749695,-5.139763355255127,False
far,2684,20,chair,0,airplane,0.8520762324333191,-5.752708911895752,False
far,2715,94,wardrobe,9,truck,0.9792653322219849,-8.343853950500488,True
far,2729,39,keyboard,9,truck,0.997386634349823,-8.973137855529785,True
far,2740,82,sunflower,6,frog,0.7416431903839111,-4.544991493225098,False
far,2790,10,bowl,3,cat,0.7656230330467224,-5.546977519989014,False
far,2797,10,bowl,3,cat,0.9416331052780151,-5.766395092010498,False
far,2802,20,chair,0,airplane,0.5001484155654907,-3.468374252319336,False
far,2811,82,sunflower,6,frog,0.8853883147239685,-5.857135772705078,False
far,2815,22,clock,3,cat,0.8496147394180298,-5.170974254608154,False
far,2822,9,bottle,8,ship,0.9541438221931458,-5.665287971496582,False
far,2831,82,sunflower,6,frog,0.9869171380996704,-6.871542930603027,True
far,2836,22,clock,8,ship,0.8080053329467773,-5.0288472175598145,False
far,2856,82,sunflower,2,bird,0.8768279552459717,-4.567173957824707,False
far,2915,94,wardrobe,9,truck,0.9728837013244629,-9.451423645019531,True
far,2917,20,chair,0,airplane,0.8812280297279358,-4.502583026885986,False
far,2936,22,clock,3,cat,0.9470743536949158,-6.111619472503662,False
far,2937,51,mushroom,2,bird,0.9518613219261169,-7.555703163146973,True
far,2945,22,clock,3,cat,0.9097312092781067,-6.752510070800781,True
far,2963,9,bottle,3,cat,0.4432966411113739,-2.888793468475342,False
far,2965,20,chair,0,airplane,0.9812700748443604,-9.044561386108398,True
far,2972,82,sunflower,3,cat,0.7553145289421082,-5.861181259155273,False
far,2980,51,mushroom,5,dog,0.7662270665168762,-6.058206081390381,False
far,2989,82,sunflower,3,cat,0.48026564717292786,-5.01563835144043,False
far,2993,9,bottle,3,cat,0.9328016638755798,-5.914715766906738,False
far,3011,9,bottle,2,bird,0.9855371117591858,-6.8848419189453125,True
far,3015,94,wardrobe,3,cat,0.6615997552871704,-5.474766254425049,False
far,3039,51,mushroom,6,frog,0.7928093671798706,-7.2347002029418945,True
far,3053,94,wardrobe,9,truck,0.7697639465332031,-5.895450115203857,False
far,3078,10,bowl,3,cat,0.9676324725151062,-6.400196075439453,True
far,3089,82,sunflower,5,dog,0.5068749189376831,-4.183974266052246,False
far,3091,10,bowl,8,ship,0.7396107912063599,-3.971230983734131,False
far,3095,10,bowl,3,cat,0.9833176136016846,-6.994690418243408,True
far,3115,82,sunflower,3,cat,0.9893745183944702,-9.045357704162598,True
far,3122,9,bottle,3,cat,0.7600539326667786,-5.327569961547852,False
far,3139,39,keyboard,1,automobile,0.9390627145767212,-6.843738555908203,True
far,3149,94,wardrobe,9,truck,0.9896101951599121,-8.42751407623291,True
far,3186,20,chair,0,airplane,0.9998691082000732,-10.542251586914062,True
far,3203,20,chair,0,airplane,0.9899296164512634,-7.71751070022583,True
far,3209,10,bowl,5,dog,0.7683664560317993,-5.689821243286133,False
far,3210,22,clock,1,automobile,0.9959940910339355,-7.841013431549072,True
far,3216,9,bottle,8,ship,0.7656736969947815,-3.6961264610290527,False
far,3232,9,bottle,1,automobile,0.9708409905433655,-6.608510971069336,True
far,3247,39,keyboard,9,truck,0.9996840953826904,-9.994067192077637,True
far,3253,10,bowl,3,cat,0.6915630102157593,-3.853749990463257,False
far,3282,22,clock,1,automobile,0.9892699122428894,-8.399300575256348,True
far,3286,20,chair,9,truck,0.6141852736473083,-5.40119743347168,False
far,3293,20,chair,0,airplane,0.9973759651184082,-8.685470581054688,True
far,3298,39,keyboard,0,airplane,0.447031170129776,-2.906193971633911,False
far,3299,20,chair,2,bird,0.916804313659668,-6.237865447998047,True
far,3304,10,bowl,2,bird,0.5143033862113953,-5.800945281982422,False
far,3305,51,mushroom,6,frog,0.9430111050605774,-5.957515716552734,False
far,3316,9,bottle,3,cat,0.6717209815979004,-4.085643768310547,False
far,3317,20,chair,0,airplane,0.8724632859230042,-8.363068580627441,True
far,3322,20,chair,2,bird,0.962085485458374,-5.7002153396606445,False
far,3337,51,mushroom,2,bird,0.8145848512649536,-6.971604824066162,True
far,3347,39,keyboard,3,cat,0.8501288890838623,-5.502528667449951,False
far,3348,10,bowl,3,cat,0.991456925868988,-8.41153621673584,True
far,3349,20,chair,9,truck,0.9819506406784058,-6.691322326660156,True
far,3350,9,bottle,9,truck,0.9446123242378235,-6.039301872253418,False
far,3352,51,mushroom,2,bird,0.9944645762443542,-9.158121109008789,True
far,3373,10,bowl,2,bird,0.8635546565055847,-5.858758926391602,False
far,3378,94,wardrobe,9,truck,0.7248819470405579,-5.715237617492676,False
far,3386,82,sunflower,3,cat,0.9839979410171509,-7.88602876663208,True
far,3402,82,sunflower,2,bird,0.8968604207038879,-4.851767539978027,False
far,3409,20,chair,0,airplane,0.9867160320281982,-7.721944332122803,True
far,3429,82,sunflower,3,cat,0.8538917899131775,-4.843571186065674,False
far,3444,9,bottle,1,automobile,0.7520708441734314,-3.6551833152770996,False
far,3470,39,keyboard,2,bird,0.7588840126991272,-6.132859230041504,False
far,3493,51,mushroom,6,frog,0.876168429851532,-6.0107879638671875,False
far,3502,51,mushroom,6,frog,0.9974935054779053,-9.691679954528809,True
far,3507,10,bowl,3,cat,0.41880688071250916,-3.952338695526123,False
far,3548,9,bottle,8,ship,0.8113603591918945,-5.223519802093506,False
far,3559,82,sunflower,9,truck,0.8100461363792419,-4.479168891906738,False
far,3568,20,chair,4,deer,0.9643411636352539,-6.747390270233154,True
far,3579,39,keyboard,0,airplane,0.620265543460846,-5.940338611602783,False
far,3586,39,keyboard,3,cat,0.9953711628913879,-7.745666980743408,True
far,3609,94,wardrobe,3,cat,0.40983590483665466,-3.6101601123809814,False
far,3636,51,mushroom,3,cat,0.8430449366569519,-7.767817974090576,True
far,3659,22,clock,6,frog,0.8364119529724121,-6.9878315925598145,True
far,3683,22,clock,3,cat,0.9407537579536438,-7.116889476776123,True
far,3684,51,mushroom,2,bird,0.5384169220924377,-4.010706901550293,False
far,3693,39,keyboard,1,automobile,0.8965352773666382,-6.976263523101807,True
far,3702,94,wardrobe,9,truck,0.9696648120880127,-7.271347522735596,True
far,3705,94,wardrobe,9,truck,0.9926922917366028,-7.716378211975098,True
far,3716,39,keyboard,7,horse,0.48894914984703064,-3.8187367916107178,False
far,3728,10,bowl,3,cat,0.968746542930603,-7.164124011993408,True
far,3730,10,bowl,3,cat,0.9072967171669006,-6.184286594390869,False
far,3734,51,mushroom,3,cat,0.40412381291389465,-3.8907618522644043,False
far,3742,51,mushroom,3,cat,0.43316617608070374,-2.78922963142395,False
far,3759,51,mushroom,2,bird,0.9209989905357361,-6.141171932220459,False
far,3765,10,bowl,8,ship,0.9921779036521912,-7.3628692626953125,True
far,3770,82,sunflower,5,dog,0.5130772590637207,-3.619507074356079,False
far,3787,94,wardrobe,3,cat,0.9566490650177002,-6.900035381317139,True
far,3806,94,wardrobe,3,cat,0.736752450466156,-5.510671138763428,False
far,3853,94,wardrobe,9,truck,0.9795264601707458,-8.505364418029785,True
far,3855,39,keyboard,2,bird,0.763275682926178,-4.266182899475098,False
far,3863,10,bowl,1,automobile,0.7866808176040649,-5.744729042053223,False
far,3872,39,keyboard,3,cat,0.8949604034423828,-4.587141036987305,False
far,3888,9,bottle,3,cat,0.9997509121894836,-10.233954429626465,True
far,3906,9,bottle,8,ship,0.7302098274230957,-6.109057426452637,False
far,3912,20,chair,3,cat,0.6104123592376709,-3.9604671001434326,False
far,3924,94,wardrobe,3,cat,0.7024738788604736,-6.317008018493652,True
far,3942,82,sunflower,0,airplane,0.9895142316818237,-7.601005554199219,True
far,3952,10,bowl,6,frog,0.7848026752471924,-6.848003387451172,True
far,3962,51,mushroom,3,cat,0.9150636196136475,-6.32342529296875,True
far,3968,51,mushroom,6,frog,0.9990532994270325,-9.523003578186035,True
far,3975,82,sunflower,5,dog,0.774814784526825,-4.67845344543457,False
far,4010,20,chair,9,truck,0.5887253284454346,-3.567613363265991,False
far,4022,51,mushroom,5,dog,0.48364222049713135,-4.136516094207764,False
far,4031,94,wardrobe,3,cat,0.9252278804779053,-6.816633224487305,True
far,4033,94,wardrobe,9,truck,0.5866208076477051,-4.4024858474731445,False
far,4034,94,wardrobe,9,truck,0.6061062216758728,-5.443750381469727,False
far,4061,20,chair,9,truck,0.850158154964447,-5.16340970993042,False
far,4065,9,bottle,5,dog,0.40472158789634705,-2.65101957321167,False
far,4077,9,bottle,3,cat,0.8099861741065979,-5.192529201507568,False
far,4087,94,wardrobe,9,truck,0.9414750933647156,-6.497900485992432,True
far,4103,82,sunflower,5,dog,0.8373004198074341,-4.757107734680176,False
far,4125,20,chair,2,bird,0.7597762942314148,-4.037543296813965,False
far,4151,10,bowl,9,truck,0.7153814435005188,-4.2450056076049805,False
far,4159,20,chair,2,bird,0.999054491519928,-9.05451488494873,True
far,4171,94,wardrobe,3,cat,0.9921320080757141,-8.83234691619873,True
far,4174,22,clock,3,cat,0.6666122078895569,-5.399795055389404,False
far,4183,39,keyboard,3,cat,0.9496249556541443,-5.9184770584106445,False
far,4186,20,chair,2,bird,0.6824817657470703,-6.52243185043335,True
far,4206,22,clock,9,truck,0.5337277054786682,-5.099048137664795,False
far,4208,94,wardrobe,3,cat,0.6683324575424194,-6.475325107574463,True
far,4214,20,chair,2,bird,0.9960017800331116,-8.543990135192871,True
far,4245,94,wardrobe,3,cat,0.9130560755729675,-5.518234729766846,False
far,4252,10,bowl,3,cat,0.9972690939903259,-9.24165153503418,True
far,4259,20,chair,0,airplane,0.9821736812591553,-7.895815372467041,True
far,4269,51,mushroom,7,horse,0.5587384104728699,-4.112987041473389,False
far,4321,22,clock,3,cat,0.80610191822052,-4.972939491271973,False
far,4325,9,bottle,3,cat,0.6239654421806335,-3.365849494934082,False
far,4332,9,bottle,8,ship,0.43165576457977295,-3.3538522720336914,False
far,4334,9,bottle,2,bird,0.5185458064079285,-3.9234988689422607,False
far,4348,10,bowl,0,airplane,0.4527483880519867,-3.393861770629883,False
far,4367,10,bowl,3,cat,0.8918734192848206,-7.214422702789307,True
far,4369,22,clock,1,automobile,0.8613389730453491,-4.97763729095459,False
far,4373,51,mushroom,7,horse,0.5297182202339172,-2.531399726867676,False
far,4376,82,sunflower,6,frog,0.5148255228996277,-3.2886440753936768,False
far,4382,94,wardrobe,3,cat,0.7762006521224976,-6.595181941986084,True
far,4383,39,keyboard,3,cat,0.9537648558616638,-7.193962097167969,True
far,4386,10,bowl,3,cat,0.5437655448913574,-4.274887561798096,False
far,4394,51,mushroom,3,cat,0.8258265852928162,-4.998554706573486,False
far,4417,51,mushroom,3,cat,0.9970892071723938,-8.340882301330566,True
far,4444,20,chair,3,cat,0.8692527413368225,-6.0255045890808105,False
far,4466,94,wardrobe,9,truck,0.9835430383682251,-8.908547401428223,True
far,4471,10,bowl,6,frog,0.9603734016418457,-7.599430084228516,True
far,4475,22,clock,3,cat,0.9091089963912964,-7.092222690582275,True
far,4514,51,mushroom,0,airplane,0.9108241200447083,-5.138789653778076,False
far,4520,10,bowl,1,automobile,0.5471582412719727,-4.809025764465332,False
far,4631,94,wardrobe,9,truck,0.9666983485221863,-8.549166679382324,True
far,4656,22,clock,5,dog,0.40210047364234924,-3.3621551990509033,False
far,4668,20,chair,0,airplane,0.7266483902931213,-5.0464396476745605,False
far,4670,39,keyboard,0,airplane,0.5289518237113953,-3.9623398780822754,False
far,4683,9,bottle,3,cat,0.5602494478225708,-4.398663520812988,False
far,4704,22,clock,9,truck,0.9940139651298523,-7.186734199523926,True
far,4708,9,bottle,0,airplane,0.716694712638855,-4.611746311187744,False
far,4722,20,chair,9,truck,0.909287691116333,-5.285123348236084,False
far,4734,94,wardrobe,3,cat,0.6090161204338074,-5.69192361831665,False
far,4746,82,sunflower,5,dog,0.6112244129180908,-3.61590313911438,False
far,4769,22,clock,3,cat,0.6769098043441772,-3.201719045639038,False
far,4771,22,clock,3,cat,0.42209556698799133,-2.636986255645752,False
far,4779,22,clock,3,cat,0.7546233534812927,-3.9378931522369385,False
far,4785,82,sunflower,2,bird,0.9452595114707947,-6.750127792358398,True
far,4800,39,keyboard,3,cat,0.9718080163002014,-6.1544928550720215,False
far,4804,39,keyboard,7,horse,0.9877797365188599,-7.047547340393066,True
far,4809,39,keyboard,3,cat,0.9663033485412598,-6.430224895477295,True
far,4818,9,bottle,9,truck,0.9526823163032532,-6.122228622436523,False
far,4830,10,bowl,5,dog,0.8187364339828491,-5.402922630310059,False
far,4838,39,keyboard,1,automobile,0.5059158205986023,-5.183867454528809,False
far,4847,20,chair,2,bird,0.9962515234947205,-8.309845924377441,True
far,4848,9,bottle,8,ship,0.8001253604888916,-5.539714336395264,False
far,4851,82,sunflower,5,dog,0.7465767860412598,-5.412230014801025,False
far,4859,22,clock,3,cat,0.9969846606254578,-8.653590202331543,True
far,4863,10,bowl,3,cat,0.8177266716957092,-4.899612903594971,False
far,4910,94,wardrobe,9,truck,0.8750569224357605,-5.176136493682861,False
far,4918,20,chair,3,cat,0.9929046034812927,-7.223767280578613,True
far,4933,94,wardrobe,9,truck,0.6758158802986145,-7.298168182373047,True
far,4947,94,wardrobe,9,truck,0.9647092223167419,-7.183933734893799,True
far,4956,9,bottle,3,cat,0.3526555597782135,-2.547266721725464,False
far,4968,51,mushroom,6,frog,0.6582772135734558,-3.8635332584381104,False
far,4981,9,bottle,8,ship,0.8841140866279602,-6.784947395324707,True
far,4982,51,mushroom,2,bird,0.8845252990722656,-4.827049255371094,False
far,4986,22,clock,9,truck,0.8812252879142761,-7.670557975769043,True
far,4999,39,keyboard,3,cat,0.9182931780815125,-7.086851596832275,True
far,5002,82,sunflower,3,cat,0.8443841934204102,-5.10531759262085,False
far,5005,82,sunflower,2,bird,0.865890622138977,-6.958102703094482,True
far,5030,9,bottle,1,automobile,0.9580492377281189,-6.053279876708984,False
far,5082,94,wardrobe,3,cat,0.8259370923042297,-7.77996826171875,True
far,5083,10,bowl,5,dog,0.8824620246887207,-6.179121017456055,False
far,5096,20,chair,0,airplane,0.9972050786018372,-8.98025894165039,True
far,5102,9,bottle,6,frog,0.43615660071372986,-3.528592824935913,False
far,5127,10,bowl,3,cat,0.849452555179596,-5.0133376121521,False
far,5147,22,clock,3,cat,0.5492009520530701,-3.477090358734131,False
far,5155,82,sunflower,5,dog,0.9462626576423645,-6.569762706756592,True
far,5181,82,sunflower,5,dog,0.497512549161911,-4.161458492279053,False
far,5215,94,wardrobe,3,cat,0.9861158132553101,-7.472280025482178,True
far,5219,51,mushroom,3,cat,0.8427035212516785,-6.111815929412842,False
far,5236,22,clock,1,automobile,0.8429917693138123,-4.349470138549805,False
far,5250,39,keyboard,2,bird,0.5678578615188599,-3.6154298782348633,False
far,5260,82,sunflower,2,bird,0.9990848302841187,-9.771407127380371,True
far,5282,10,bowl,1,automobile,0.718699038028717,-5.234745502471924,False
far,5319,22,clock,3,cat,0.5047668814659119,-4.394565105438232,False
far,5324,9,bottle,8,ship,0.5087023973464966,-3.2029666900634766,False
far,5333,94,wardrobe,9,truck,0.8185224533081055,-5.425644874572754,False
far,5354,51,mushroom,4,deer,0.7356787919998169,-8.22517204284668,True
far,5364,22,clock,2,bird,0.5638616681098938,-3.194645643234253,False
far,5375,51,mushroom,0,airplane,0.75319904088974,-4.549577236175537,False
far,5378,39,keyboard,3,cat,0.5126983523368835,-3.981257200241089,False
far,5386,51,mushroom,6,frog,0.995854377746582,-7.8410539627075195,True
far,5387,94,wardrobe,3,cat,0.7733336091041565,-5.152696132659912,False
far,5414,22,clock,3,cat,0.9954954385757446,-8.347389221191406,True
far,5428,94,wardrobe,9,truck,0.5951499938964844,-5.548382759094238,False
far,5440,9,bottle,8,ship,0.9331855177879333,-7.06919002532959,True
far,5444,10,bowl,0,airplane,0.8635976910591125,-5.0326924324035645,False
far,5473,20,chair,2,bird,0.8298236131668091,-4.447976112365723,False
far,5484,51,mushroom,4,deer,0.4423888325691223,-3.2811150550842285,False
far,5505,39,keyboard,6,frog,0.9834744334220886,-7.03082799911499,True
far,5508,10,bowl,3,cat,0.526245653629303,-5.409974575042725,False
far,5565,94,wardrobe,3,cat,0.9437436461448669,-7.0282816886901855,True
far,5573,82,sunflower,6,frog,0.8518909811973572,-4.854626178741455,False
far,5577,39,keyboard,6,frog,0.9947171807289124,-8.471064567565918,True
far,5587,94,wardrobe,9,truck,0.9974749684333801,-9.423100471496582,True
far,5603,20,chair,0,airplane,0.6126779317855835,-4.3387131690979,False
far,5627,51,mushroom,4,deer,0.9623117446899414,-5.771673202514648,False
far,5633,39,keyboard,2,bird,0.40413975715637207,-2.6925816535949707,False
far,5638,51,mushroom,2,bird,0.9065427184104919,-5.858365058898926,False
far,5643,94,wardrobe,9,truck,0.7698113918304443,-6.116431713104248,False
far,5646,51,mushroom,2,bird,0.7171599864959717,-6.316288948059082,True
far,5659,39,keyboard,3,cat,0.7120705842971802,-3.578707695007324,False
far,5666,94,wardrobe,3,cat,0.9918248057365417,-8.886110305786133,True
far,5680,82,sunflower,6,frog,0.8480959534645081,-5.764386177062988,False
far,5683,20,chair,0,airplane,0.9995256662368774,-10.018732070922852,True
far,5686,9,bottle,3,cat,0.9911525845527649,-7.4131693840026855,True
far,5690,22,clock,0,airplane,0.96660977602005,-6.744872570037842,True
far,5699,20,chair,8,ship,0.9169645309448242,-4.50041389465332,False
far,5716,10,bowl,2,bird,0.598125696182251,-5.577376365661621,False
far,5740,39,keyboard,9,truck,0.7603052258491516,-4.205721378326416,False
far,5742,82,sunflower,9,truck,0.9512332081794739,-6.224663257598877,True
far,5768,22,clock,3,cat,0.6404587030410767,-5.314676761627197,False
far,5777,39,keyboard,0,airplane,0.8798335194587708,-5.2002034187316895,False
far,5799,20,chair,0,airplane,0.4569433033466339,-3.3483452796936035,False
far,5810,9,bottle,1,automobile,0.5692196488380432,-4.717833518981934,False
far,5820,51,mushroom,2,bird,0.8914216756820679,-5.99834680557251,False
far,5825,94,wardrobe,3,cat,0.7598053812980652,-6.265065670013428,True
far,5838,51,mushroom,6,frog,0.9990178346633911,-9.15328311920166,True
far,5845,22,clock,0,airplane,0.9627937078475952,-7.384721279144287,True
far,5861,82,sunflower,6,frog,0.553222119808197,-5.5038981437683105,False
far,5882,10,bowl,2,bird,0.9023587703704834,-4.826963901519775,False
far,5926,20,chair,3,cat,0.5735142827033997,-4.535628318786621,False
far,5940,39,keyboard,3,cat,0.9792587757110596,-8.096966743469238,True
far,5944,51,mushroom,3,cat,0.7825789451599121,-5.724539756774902,False
far,5978,22,clock,1,automobile,0.5162030458450317,-4.523719787597656,False
far,5981,9,bottle,3,cat,0.7452580332756042,-4.146448135375977,False
far,5993,9,bottle,3,cat,0.5574866533279419,-3.076542615890503,False
far,5995,20,chair,0,airplane,0.6360644102096558,-5.131065845489502,False
far,6015,39,keyboard,9,truck,0.9601380228996277,-6.113099575042725,False
far,6018,9,bottle,0,airplane,0.9507178068161011,-5.932004451751709,False
far,6025,9,bottle,1,automobile,0.3335295021533966,-2.0373384952545166,False
far,6030,82,sunflower,2,bird,0.988822340965271,-7.377353191375732,True
far,6033,10,bowl,1,automobile,0.9938499927520752,-8.256735801696777,True
far,6042,39,keyboard,2,bird,0.8857346773147583,-5.734277725219727,False
far,6046,94,wardrobe,3,cat,0.9458845257759094,-6.407731533050537,True
far,6069,10,bowl,1,automobile,0.28772321343421936,-3.4923171997070312,False
far,6079,10,bowl,3,cat,0.9453549385070801,-7.363260269165039,True
far,6089,9,bottle,8,ship,0.9960452914237976,-8.142455101013184,True
far,6098,20,chair,6,frog,0.6965323090553284,-4.833730220794678,False
far,6112,39,keyboard,3,cat,0.9982069730758667,-9.12516975402832,True
far,6117,39,keyboard,0,airplane,0.46617379784584045,-4.417253017425537,False
far,6131,39,keyboard,9,truck,0.9992647767066956,-9.03347110748291,True
far,6134,39,keyboard,2,bird,0.9960734844207764,-8.927414894104004,True
far,6141,20,chair,9,truck,0.6936457753181458,-4.127323150634766,False
far,6145,39,keyboard,3,cat,0.9951642751693726,-8.092103958129883,True
far,6152,51,mushroom,2,bird,0.8456574082374573,-5.843738079071045,False
far,6161,94,wardrobe,9,truck,0.9821640253067017,-6.615021228790283,True
far,6165,22,clock,2,bird,0.556008517742157,-4.481696128845215,False
far,6168,9,bottle,2,bird,0.9800741076469421,-6.5055084228515625,True
far,6194,51,mushroom,5,dog,0.9663496613502502,-7.6206583976745605,True
far,6204,94,wardrobe,2,bird,0.5541188716888428,-4.038797378540039,False
far,6214,9,bottle,9,truck,0.4774869978427887,-3.5470852851867676,False
far,6215,51,mushroom,6,frog,0.9620103240013123,-6.2350640296936035,True
far,6217,9,bottle,9,truck,0.5100150108337402,-3.752716302871704,False
far,6218,39,keyboard,4,deer,0.7896198034286499,-4.749200344085693,False
far,6233,20,chair,0,airplane,0.9239057898521423,-6.285145282745361,True
far,6237,94,wardrobe,3,cat,0.9700036644935608,-5.845451831817627,False
far,6238,22,clock,3,cat,0.7088927030563354,-5.795011043548584,False
far,6239,9,bottle,9,truck,0.895692765712738,-5.9114274978637695,False
far,6245,20,chair,0,airplane,0.9999507665634155,-12.147773742675781,True
far,6252,10,bowl,3,cat,0.8434750437736511,-6.102172374725342,False
far,6254,10,bowl,3,cat,0.5131424069404602,-4.772171497344971,False
far,6267,22,clock,1,automobile,0.8575229048728943,-5.89320182800293,False
far,6269,22,clock,3,cat,0.9948727488517761,-8.471341133117676,True
far,6297,39,keyboard,2,bird,0.9993454813957214,-10.805364608764648,True
far,6298,39,keyboard,5,dog,0.6231585741043091,-7.048072814941406,True
far,6327,10,bowl,3,cat,0.7830618619918823,-3.803091287612915,False
far,6340,39,keyboard,7,horse,0.41935768723487854,-3.4382755756378174,False
far,6364,20,chair,9,truck,0.48338839411735535,-3.471799850463867,False
far,6370,39,keyboard,1,automobile,0.38655245304107666,-3.170224189758301,False
far,6388,82,sunflower,2,bird,0.7612846493721008,-6.072272777557373,False
far,6390,94,wardrobe,9,truck,0.9984524250030518,-9.106959342956543,True
far,6413,94,wardrobe,9,truck,0.9992701411247253,-10.605071067810059,True
far,6419,39,keyboard,0,airplane,0.8563248515129089,-5.6382575035095215,False
far,6421,82,sunflower,3,cat,0.32428663969039917,-2.2357776165008545,False
far,6423,94,wardrobe,9,truck,0.7340301275253296,-4.9333062171936035,False
far,6440,9,bottle,3,cat,0.5423444509506226,-6.752392292022705,True
far,6472,9,bottle,0,airplane,0.6011000871658325,-5.893985748291016,False
far,6482,22,clock,8,ship,0.736301839351654,-6.281303405761719,True
far,6490,22,clock,1,automobile,0.7597090005874634,-6.403183937072754,True
far,6491,20,chair,0,airplane,0.9478815793991089,-5.817101001739502,False
far,6500,22,clock,3,cat,0.809725821018219,-5.319408893585205,False
far,6507,9,bottle,3,cat,0.9990155696868896,-9.772643089294434,True
far,6508,22,clock,2,bird,0.995293915271759,-8.038087844848633,True
far,6510,39,keyboard,9,truck,0.9972835779190063,-8.719464302062988,True
far,6512,94,wardrobe,3,cat,0.8607811331748962,-5.983561038970947,False
far,6519,10,bowl,3,cat,0.47405970096588135,-4.020153999328613,False
far,6543,39,keyboard,9,truck,0.9983330368995667,-9.958250999450684,True
far,6558,51,mushroom,2,bird,0.969012439250946,-6.740534782409668,True
far,6559,10,bowl,0,airplane,0.8376160860061646,-7.665402889251709,True
far,6565,10,bowl,6,frog,0.9990830421447754,-9.664416313171387,True
far,6575,51,mushroom,0,airplane,0.9190966486930847,-5.089277744293213,False
far,6594,20,chair,2,bird,0.3983331620693207,-4.6538567543029785,False
far,6602,9,bottle,2,bird,0.6790645718574524,-3.7996678352355957,False
far,6619,20,chair,8,ship,0.4040687680244446,-3.5955653190612793,False
far,6647,82,sunflower,5,dog,0.9984264373779297,-8.212386131286621,True
far,6655,20,chair,6,frog,0.7722581028938293,-4.519373893737793,False
far,6657,22,clock,3,cat,0.9915993213653564,-7.775932312011719,True
far,6668,51,mushroom,4,deer,0.7345238924026489,-6.072818756103516,False
far,6673,22,clock,3,cat,0.9988844990730286,-9.75561237335205,True
far,6679,51,mushroom,4,deer,0.3514861464500427,-3.523772716522217,False
far,6681,51,mushroom,3,cat,0.7051115036010742,-3.3759045600891113,False
far,6687,82,sunflower,6,frog,0.49583184719085693,-5.221579074859619,False
far,6695,39,keyboard,2,bird,0.8680619597434998,-5.324458122253418,False
far,6729,51,mushroom,2,bird,0.9719254374504089,-7.293573379516602,True
far,6733,39,keyboard,7,horse,0.6736962795257568,-3.8290271759033203,False
far,6734,39,keyboard,3,cat,0.5903611183166504,-4.815605640411377,False
far,6760,39,keyboard,3,cat,0.49861451983451843,-2.948981523513794,False
far,6772,10,bowl,8,ship,0.8681699633598328,-6.060112953186035,False
far,6774,22,clock,2,bird,0.951684832572937,-6.314715385437012,True
far,6777,39,keyboard,9,truck,0.5845772624015808,-3.940988063812256,False
far,6783,94,wardrobe,3,cat,0.8920907974243164,-5.610002040863037,False
far,6788,9,bottle,9,truck,0.6904529929161072,-3.5580379962921143,False
far,6795,22,clock,3,cat,0.5312122702598572,-4.159752368927002,False
far,6804,10,bowl,6,frog,0.9325538277626038,-6.194323539733887,False
far,6809,94,wardrobe,9,truck,0.7608458995819092,-5.656586647033691,False
far,6823,94,wardrobe,3,cat,0.6947002410888672,-4.11174201965332,False
far,6841,22,clock,6,frog,0.9401663541793823,-6.507789611816406,True
far,6843,82,sunflower,2,bird,0.5044422745704651,-3.4601283073425293,False
far,6845,82,sunflower,5,dog,0.930474042892456,-6.683465480804443,True
far,6859,10,bowl,3,cat,0.4906924366950989,-4.086563587188721,False
far,6863,94,wardrobe,3,cat,0.9807119369506836,-7.98697566986084,True
far,6886,9,bottle,2,bird,0.8521538972854614,-4.6075286865234375,False
far,6890,22,clock,3,cat,0.9892706871032715,-7.189125061035156,True
far,6899,9,bottle,8,ship,0.8877235054969788,-7.358702659606934,True
far,6907,39,keyboard,9,truck,0.9454458355903625,-6.176417827606201,False
far,6911,51,mushroom,2,bird,0.7714660167694092,-4.896722793579102,False
far,6928,82,sunflower,2,bird,0.42008480429649353,-2.7734804153442383,False
far,6943,20,chair,0,airplane,0.9901471734046936,-6.924917221069336,True
far,6965,51,mushroom,3,cat,0.5265713930130005,-3.7983295917510986,False
far,6981,22,clock,8,ship,0.958284318447113,-7.27780818939209,True
far,6998,39,keyboard,3,cat,0.8455636501312256,-4.230271339416504,False
far,7012,9,bottle,3,cat,0.9241788387298584,-5.8325724601745605,False
far,7017,82,sunflower,4,deer,0.292365163564682,-1.988917350769043,False
far,7060,51,mushroom,6,frog,0.9955548644065857,-8.805634498596191,True
far,7063,20,chair,0,airplane,0.6701396703720093,-5.103368282318115,False
far,7077,9,bottle,3,cat,0.9109736680984497,-5.291927814483643,False
far,7093,9,bottle,3,cat,0.6098469495773315,-5.395056247711182,False
far,7096,39,keyboard,3,cat,0.41019436717033386,-2.5858652591705322,False
far,7104,51,mushroom,2,bird,0.9962244033813477,-9.038908958435059,True
far,7123,94,wardrobe,9,truck,0.7039948105812073,-4.4663190841674805,False
far,7161,10,bowl,3,cat,0.9413754343986511,-6.444225788116455,True
far,7171,94,wardrobe,9,truck,0.9822351932525635,-8.984318733215332,True
far,7181,51,mushroom,2,bird,0.9667678475379944,-7.638945579528809,True
far,7192,20,chair,9,truck,0.6025128364562988,-4.380415439605713,False
far,7224,22,clock,9,truck,0.8127390146255493,-7.316763877868652,True
far,7229,51,mushroom,6,frog,0.7821078300476074,-5.270029544830322,False
far,7258,82,sunflower,5,dog,0.7835363745689392,-5.41379976272583,False
far,7259,9,bottle,9,truck,0.9950733780860901,-8.30562686920166,True
far,7275,22,clock,3,cat,0.552535891532898,-4.716322422027588,False
far,7284,51,mushroom,0,airplane,0.43323633074760437,-2.7135658264160156,False
far,7285,94,wardrobe,1,automobile,0.5501085519790649,-3.966921329498291,False
far,7291,20,chair,3,cat,0.4862866997718811,-3.498997449874878,False
far,7319,20,chair,9,truck,0.9411383271217346,-5.491072654724121,False
far,7328,82,sunflower,2,bird,0.9987088441848755,-8.973848342895508,True
far,7345,10,bowl,8,ship,0.7782366275787354,-8.165188789367676,True
far,7356,51,mushroom,3,cat,0.6298915147781372,-5.101738452911377,False
far,7362,22,clock,6,frog,0.3785454034805298,-3.0470426082611084,False
far,7406,9,bottle,8,ship,0.48997756838798523,-3.3074910640716553,False
far,7415,9,bottle,9,truck,0.8149017095565796,-5.609972953796387,False
far,7423,9,bottle,1,automobile,0.5014838576316833,-2.605005979537964,False
far,7425,51,mushroom,5,dog,0.7120417356491089,-4.983426570892334,False
far,7428,10,bowl,3,cat,0.5180109143257141,-4.349959850311279,False
far,7437,94,wardrobe,9,truck,0.9877102375030518,-8.572172164916992,True
far,7443,9,bottle,3,cat,0.9993165731430054,-9.815203666687012,True
far,7456,20,chair,9,truck,0.9121400117874146,-5.426665306091309,False
far,7469,94,wardrobe,9,truck,0.9692627787590027,-8.186959266662598,True
far,7483,51,mushroom,6,frog,0.8078315258026123,-6.524349689483643,True
far,7499,20,chair,9,truck,0.8821119666099548,-4.994741439819336,False
far,7515,10,bowl,6,frog,0.3053050935268402,-2.7424476146698,False
far,7535,20,chair,9,truck,0.7957772016525269,-7.061365127563477,True
far,7542,20,chair,3,cat,0.4333489239215851,-4.242376804351807,False
far,7543,20,chair,9,truck,0.9853991270065308,-6.362128257751465,True
far,7604,94,wardrobe,9,truck,0.8989534974098206,-7.83131742477417,True
far,7606,94,wardrobe,3,cat,0.5645188689231873,-4.396170616149902,False
far,7607,94,wardrobe,9,truck,0.9067568778991699,-7.6406707763671875,True
far,7616,82,sunflower,2,bird,0.7053114175796509,-4.603649139404297,False
far,7619,51,mushroom,6,frog,0.9592152833938599,-6.782367706298828,True
far,7626,22,clock,1,automobile,0.8660510182380676,-5.484977722167969,False
far,7632,51,mushroom,6,frog,0.8455221652984619,-6.609375,True
far,7654,39,keyboard,9,truck,0.9733647108078003,-6.3285322189331055,True
far,7683,82,sunflower,5,dog,0.7894929647445679,-4.087459564208984,False
far,7694,94,wardrobe,3,cat,0.8885101079940796,-5.218959331512451,False
far,7698,39,keyboard,9,truck,0.7320046424865723,-5.146492004394531,False
far,7714,51,mushroom,9,truck,0.5936628580093384,-3.541677236557007,False
far,7728,9,bottle,3,cat,0.9976212382316589,-8.129714012145996,True
far,7737,10,bowl,1,automobile,0.99815434217453,-8.895430564880371,True
far,7739,39,keyboard,3,cat,0.7497347593307495,-4.67770528793335,False
far,7755,82,sunflower,6,frog,0.629212498664856,-4.5600056648254395,False
far,7756,51,mushroom,2,bird,0.46083778142929077,-5.000329971313477,False
far,7776,82,sunflower,5,dog,0.9653143882751465,-7.5117573738098145,True
far,7781,39,keyboard,2,bird,0.3746585249900818,-2.120349884033203,False
far,7784,10,bowl,3,cat,0.8485389947891235,-5.250538349151611,False
far,7785,51,mushroom,5,dog,0.9322402477264404,-6.416403293609619,True
far,7787,51,mushroom,2,bird,0.7938021421432495,-7.090259552001953,True
far,7795,10,bowl,6,frog,0.9186147451400757,-5.342342376708984,False
far,7804,10,bowl,8,ship,0.41639894247055054,-3.024599075317383,False
far,7828,94,wardrobe,9,truck,0.5068185329437256,-5.661916732788086,False
far,7850,9,bottle,9,truck,0.9326874613761902,-6.365646839141846,True
far,7868,39,keyboard,0,airplane,0.8595360517501831,-6.31804895401001,True
far,7917,22,clock,5,dog,0.9014109969139099,-4.995595455169678,False
far,7923,22,clock,1,automobile,0.7391641139984131,-4.309715747833252,False
far,7933,22,clock,9,truck,0.9924087524414062,-7.9236369132995605,True
far,7957,39,keyboard,0,airplane,0.5468298196792603,-4.0979485511779785,False
far,7959,22,clock,2,bird,0.8711039423942566,-4.961857795715332,False
far,7982,20,chair,3,cat,0.9890835881233215,-7.25246524810791,True
far,7989,82,sunflower,2,bird,0.9869934320449829,-7.1800689697265625,True
far,7991,82,sunflower,5,dog,0.8451385498046875,-5.671943664550781,False
far,8004,10,bowl,3,cat,0.6871541142463684,-6.936495780944824,True
far,8013,10,bowl,6,frog,0.9452270865440369,-6.6920599937438965,True
far,8022,20,chair,3,cat,0.7119375467300415,-4.310511589050293,False
far,8036,22,clock,8,ship,0.702233076095581,-4.686453819274902,False
far,8058,39,keyboard,3,cat,0.5039359927177429,-4.898065567016602,False
far,8068,82,sunflower,4,deer,0.41167157888412476,-4.6747236251831055,False
far,8074,22,clock,3,cat,0.9338414669036865,-5.936347484588623,False
far,8088,9,bottle,5,dog,0.9544219374656677,-6.1334309577941895,False
far,8090,9,bottle,2,bird,0.6779334545135498,-5.9239373207092285,False
far,8122,22,clock,6,frog,0.5208843946456909,-5.000070571899414,False
far,8166,82,sunflower,4,deer,0.7993619441986084,-5.160059928894043,False
far,8209,20,chair,0,airplane,0.8885994553565979,-5.1959404945373535,False
far,8233,39,keyboard,1,automobile,0.31569913029670715,-2.2164242267608643,False
far,8236,94,wardrobe,9,truck,0.9977939128875732,-8.742751121520996,True
far,8244,94,wardrobe,7,horse,0.7896212935447693,-5.344911575317383,False
far,8309,9,bottle,8,ship,0.9997064471244812,-10.431635856628418,True
far,8312,39,keyboard,0,airplane,0.6040911078453064,-4.003037452697754,False
far,8317,9,bottle,9,truck,0.7776728868484497,-7.282753944396973,True
far,8335,10,bowl,3,cat,0.7872880697250366,-5.131874084472656,False
far,8369,39,keyboard,9,truck,0.9953542947769165,-7.871757984161377,True
far,8378,82,sunflower,5,dog,0.9927264451980591,-7.868309497833252,True
far,8406,39,keyboard,0,airplane,0.9683310985565186,-7.325333118438721,True
far,8453,39,keyboard,3,cat,0.8729404211044312,-5.692920684814453,False
far,8462,9,bottle,2,bird,0.9224252104759216,-4.772770881652832,False
far,8470,82,sunflower,2,bird,0.9342652559280396,-5.458693504333496,False
far,8472,39,keyboard,1,automobile,0.36047205328941345,-2.824431896209717,False
far,8475,82,sunflower,2,bird,0.8705425262451172,-6.139388084411621,False
far,8498,20,chair,2,bird,0.5795097351074219,-5.87965202331543,False
far,8505,51,mushroom,2,bird,0.9700208902359009,-6.504004001617432,True
far,8521,39,keyboard,5,dog,0.7343639731407166,-4.353426933288574,False
far,8531,94,wardrobe,9,truck,0.9951541423797607,-10.038576126098633,True
far,8549,51,mushroom,6,frog,0.9253355264663696,-5.426244735717773,False
far,8568,10,bowl,0,airplane,0.44161084294319153,-3.212785005569458,False
far,8572,22,clock,1,automobile,0.9266851544380188,-6.938016891479492,True
far,8576,94,wardrobe,3,cat,0.5086707472801208,-4.725016117095947,False
far,8579,39,keyboard,3,cat,0.988138735294342,-6.90973424911499,True
far,8581,82,sunflower,5,dog,0.9825541377067566,-6.4162678718566895,True
far,8590,10,bowl,2,bird,0.6034761667251587,-5.326668739318848,False
far,8616,82,sunflower,3,cat,0.8436686992645264,-6.906996726989746,True
far,8644,9,bottle,0,airplane,0.8759893178939819,-5.6513800621032715,False
far,8656,10,bowl,0,airplane,0.9536094665527344,-7.1591410636901855,True
far,8666,20,chair,2,bird,0.8703097105026245,-6.851367473602295,True
far,8689,82,sunflower,2,bird,0.9758575558662415,-6.072389602661133,False
far,8701,51,mushroom,5,dog,0.7143502831459045,-5.9791131019592285,False
far,8707,51,mushroom,2,bird,0.9817264676094055,-9.195075035095215,True
far,8722,10,bowl,0,airplane,0.7258979082107544,-4.869556903839111,False
far,8730,82,sunflower,2,bird,0.7282657623291016,-4.720721244812012,False
far,8736,82,sunflower,2,bird,0.6692749857902527,-5.251249313354492,False
far,8740,94,wardrobe,3,cat,0.9657328128814697,-6.48406982421875,True
far,8753,20,chair,9,truck,0.4829009771347046,-3.5385987758636475,False
far,8757,94,wardrobe,9,truck,0.492009699344635,-4.852177619934082,False
far,8785,82,sunflower,5,dog,0.9681527614593506,-6.917877674102783,True
far,8788,51,mushroom,2,bird,0.8893432021141052,-6.723790645599365,True
far,8804,94,wardrobe,3,cat,0.9978150129318237,-8.6012544631958,True
far,8812,9,bottle,9,truck,0.6207257509231567,-3.544245481491089,False
far,8829,51,mushroom,3,cat,0.5834602117538452,-5.638591289520264,False
far,8866,82,sunflower,2,bird,0.9838395118713379,-6.8382673263549805,True
far,8867,82,sunflower,0,airplane,0.8673714995384216,-4.3263468742370605,False
far,8868,94,wardrobe,9,truck,0.7601616382598877,-7.720972061157227,True
far,8881,82,sunflower,5,dog,0.8613805770874023,-5.3353352546691895,False
far,8889,94,wardrobe,3,cat,0.6058444380760193,-4.739269733428955,False
far,8930,94,wardrobe,3,cat,0.4434894323348999,-4.00916862487793,False
far,8949,22,clock,3,cat,0.6031349897384644,-3.92396879196167,False
far,8962,51,mushroom,2,bird,0.9026854634284973,-6.695144176483154,True
far,8985,82,sunflower,5,dog,0.8403137922286987,-4.518051624298096,False
far,8994,39,keyboard,2,bird,0.9710124731063843,-7.876684665679932,True
far,9003,20,chair,2,bird,0.9356080293655396,-6.325710296630859,True
far,9012,39,keyboard,3,cat,0.9667294025421143,-6.045382022857666,False
far,9044,9,bottle,3,cat,0.9241149425506592,-8.926212310791016,True
far,9052,9,bottle,9,truck,0.8588542342185974,-6.171629905700684,False
far,9053,82,sunflower,5,dog,0.7681390643119812,-5.934823513031006,False
far,9056,20,chair,9,truck,0.61929851770401,-5.697610378265381,False
far,9059,94,wardrobe,9,truck,0.9034031629562378,-6.25385856628418,True
far,9087,20,chair,3,cat,0.8935196399688721,-6.476927757263184,True
far,9089,20,chair,3,cat,0.9814491868019104,-5.861210346221924,False
far,9095,51,mushroom,3,cat,0.8298556804656982,-4.03295373916626,False
far,9102,10,bowl,2,bird,0.5912163257598877,-4.2330780029296875,False
far,9103,51,mushroom,2,bird,0.6419060230255127,-4.628844261169434,False
far,9107,9,bottle,8,ship,0.7299562692642212,-4.854856967926025,False
far,9122,39,keyboard,0,airplane,0.7452316284179688,-5.409836292266846,False
far,9125,51,mushroom,4,deer,0.9238569140434265,-5.471898078918457,False
far,9126,9,bottle,3,cat,0.500543475151062,-2.7544925212860107,False
far,9149,94,wardrobe,9,truck,0.9991495609283447,-9.511971473693848,True
far,9172,22,clock,1,automobile,0.6285126209259033,-4.563553810119629,False
far,9174,82,sunflower,0,airplane,0.30841299891471863,-1.9887604713439941,False
far,9177,10,bowl,3,cat,0.6678327918052673,-5.102922439575195,False
far,9186,94,wardrobe,9,truck,0.9818374514579773,-7.986685752868652,True
far,9193,51,mushroom,3,cat,0.9983540773391724,-9.703898429870605,True
far,9209,82,sunflower,2,bird,0.4200914204120636,-4.892032146453857,False
far,9212,94,wardrobe,7,horse,0.9816519021987915,-6.910715579986572,True
far,9256,82,sunflower,6,frog,0.3999490737915039,-3.9198496341705322,False
far,9262,39,keyboard,2,bird,0.9942556023597717,-7.761504173278809,True
far,9270,94,wardrobe,3,cat,0.9836945533752441,-7.31697416305542,True
far,9303,22,clock,1,automobile,0.9979257583618164,-8.660696029663086,True
far,9307,94,wardrobe,3,cat,0.9483361840248108,-6.611375331878662,True
far,9315,82,sunflower,2,bird,0.6356590390205383,-6.219259262084961,True
far,9321,22,clock,5,dog,0.7310837507247925,-5.468132495880127,False
far,9344,20,chair,0,airplane,0.7718709111213684,-5.244056224822998,False
far,9347,9,bottle,8,ship,0.5744746327400208,-2.837027072906494,False
far,9357,9,bottle,8,ship,0.9835203289985657,-6.160586357116699,False
far,9396,82,sunflower,5,dog,0.46697619557380676,-2.929469347000122,False
far,9397,10,bowl,5,dog,0.6929618716239929,-4.238522052764893,False
far,9409,20,chair,9,truck,0.43092700839042664,-2.99655818939209,False
far,9421,39,keyboard,6,frog,0.5603209137916565,-6.593609809875488,True
far,9431,82,sunflower,5,dog,0.3734356462955475,-3.6641008853912354,False
far,9433,82,sunflower,4,deer,0.9694420099258423,-6.7090935707092285,True
far,9471,22,clock,4,deer,0.5570460557937622,-3.3811280727386475,False
far,9492,10,bowl,8,ship,0.9998443126678467,-10.734965324401855,True
far,9532,82,sunflower,6,frog,0.657864511013031,-4.069657325744629,False
far,9533,22,clock,2,bird,0.9997556805610657,-10.509536743164062,True
far,9558,22,clock,3,cat,0.640166163444519,-5.525223731994629,False
far,9561,10,bowl,6,frog,0.9999206066131592,-11.804593086242676,True
far,9593,20,chair,5,dog,0.3245686888694763,-3.475320816040039,False
far,9594,22,clock,8,ship,0.44987598061561584,-4.0095295906066895,False
far,9600,20,chair,0,airplane,0.5951528549194336,-7.257820129394531,True
far,9657,94,wardrobe,3,cat,0.5065029859542847,-4.3144145011901855,False
far,9669,10,bowl,3,cat,0.7158533334732056,-5.026737213134766,False
far,9681,82,sunflower,3,cat,0.8539091348648071,-6.2046990394592285,False
far,9711,82,sunflower,3,cat,0.3761720061302185,-3.878690481185913,False
far,9716,9,bottle,9,truck,0.5200462937355042,-5.266138076782227,False
far,9731,10,bowl,1,automobile,0.9897323250770569,-6.809465408325195,True
far,9734,94,wardrobe,3,cat,0.8066010475158691,-4.823805332183838,False
far,9736,39,keyboard,2,bird,0.5250194072723389,-3.6151814460754395,False
far,9742,39,keyboard,0,airplane,0.7909082174301147,-4.490865707397461,False
far,9755,9,bottle,6,frog,0.5873110890388489,-3.9321563243865967,False
far,9766,39,keyboard,8,ship,0.8430003523826599,-5.387286186218262,False
far,9775,82,sunflower,5,dog,0.787015974521637,-5.615124702453613,False
far,9778,51,mushroom,2,bird,0.9953874945640564,-8.37823486328125,True
far,9795,10,bowl,0,airplane,0.9992324113845825,-10.840410232543945,True
far,9826,51,mushroom,4,deer,0.9484021067619324,-5.77834939956665,False
far,9847,51,mushroom,2,bird,0.9990242719650269,-10.187508583068848,True
far,9857,9,bottle,9,truck,0.5177714824676514,-5.684103012084961,False
far,9873,20,chair,0,airplane,0.6181082725524902,-4.455409049987793,False
far,9876,82,sunflower,5,dog,0.6460448503494263,-4.1591315269470215,False
far,9907,82,sunflower,6,frog,0.901909589767456,-4.3066792488098145,False
far,9920,82,sunflower,3,cat,0.6448487639427185,-5.096283435821533,False
far,9940,82,sunflower,2,bird,0.9479310512542725,-5.842435836791992,False
far,9967,9,bottle,9,truck,0.6203567385673523,-3.5165231227874756,False
far,9997,51,mushroom,2,bird,0.5567339062690735,-4.75710916519165,False
