model,condition,identifier,dataset_index,true_class_id,true_class_name,predicted_class_id,predicted_class_name,maximum_confidence,correct,probability_airplane,probability_bird,probability_car,probability_cat,probability_deer,probability_dog,probability_horse,probability_monkey,probability_ship,probability_truck
clip_vit_b_32_linear,grayscale,test_00632,632,3,cat,3,cat,0.18778762221336365,True,0.07464402914047241,0.1073908656835556,0.07764913886785507,0.18778762221336365,0.09994937479496002,0.10532871633768082,0.08747173100709915,0.11390738934278488,0.07540376484394073,0.0704674944281578
clip_vit_b_32_linear,grayscale,test_00131,131,9,truck,9,truck,0.14679038524627686,True,0.10322975367307663,0.08777660131454468,0.09828655421733856,0.09339841455221176,0.09885309636592865,0.09231863170862198,0.09128434956073761,0.08649946749210358,0.10156271606683731,0.14679038524627686
clip_vit_b_32_linear,grayscale,test_07081,7081,7,monkey,7,monkey,0.17292679846286774,True,0.08800023049116135,0.12017734348773956,0.07630623877048492,0.11489389836788177,0.10390128195285797,0.09064015001058578,0.08456657826900482,0.17292679846286774,0.07568413764238358,0.07290330529212952
clip_vit_b_32_linear,grayscale,test_01836,1836,9,truck,9,truck,0.1750742346048355,True,0.10531524568796158,0.08077574521303177,0.10763001441955566,0.07747536897659302,0.0868096873164177,0.08399946242570877,0.0916173979640007,0.07700058817863464,0.11430218815803528,0.1750742346048355
clip_vit_b_32_linear,grayscale,test_06437,6437,0,airplane,0,airplane,0.1904686689376831,True,0.1904686689376831,0.08982040733098984,0.09906638413667679,0.07283615320920944,0.08091720938682556,0.08510691672563553,0.08017322421073914,0.07986459136009216,0.12126100808382034,0.10048544406890869
clip_vit_b_32_linear,grayscale,test_06609,6609,0,airplane,0,airplane,0.19606873393058777,True,0.19606873393058777,0.09127754718065262,0.10089168697595596,0.07837384939193726,0.08265726268291473,0.08505398780107498,0.09138207137584686,0.08191333711147308,0.09506140649318695,0.0973200649023056
clip_vit_b_32_linear,grayscale,test_03467,3467,7,monkey,7,monkey,0.14552460610866547,True,0.07822175323963165,0.10544872283935547,0.06833195686340332,0.12228116393089294,0.1344955861568451,0.10309887677431107,0.09513305127620697,0.14552460610866547,0.07576914876699448,0.07169509679079056
clip_vit_b_32_linear,grayscale,test_01401,1401,3,cat,3,cat,0.17151963710784912,True,0.07638358324766159,0.10930821299552917,0.07751815766096115,0.17151963710784912,0.10704731941223145,0.10487774014472961,0.08096777647733688,0.12843304872512817,0.07437768578529358,0.06956690549850464
clip_vit_b_32_linear,grayscale,test_01839,1839,2,car,2,car,0.17759771645069122,True,0.1030745580792427,0.08262605220079422,0.17759771645069122,0.08715086430311203,0.07923070341348648,0.09384804219007492,0.0903850719332695,0.08529851585626602,0.09363266080617905,0.10715577006340027
clip_vit_b_32_linear,grayscale,test_04168,4168,3,cat,3,cat,0.16913039982318878,True,0.07511796057224274,0.09722078591585159,0.07882841676473618,0.16913039982318878,0.10124194622039795,0.12351053953170776,0.09916809946298599,0.10375985503196716,0.07610206305980682,0.0759199857711792
clip_vit_b_32_linear,grayscale,test_00035,35,2,car,9,truck,0.13340561091899872,False,0.12620919942855835,0.08315537124872208,0.1260003000497818,0.08376606553792953,0.08571086823940277,0.08982836455106735,0.08453268557786942,0.07760065048933029,0.10979089885950089,0.13340561091899872
clip_vit_b_32_linear,grayscale,test_04177,4177,8,ship,8,ship,0.20976471900939941,True,0.10977348685264587,0.07952563464641571,0.08526968210935593,0.07627590745687485,0.07990434765815735,0.07897521555423737,0.08055020123720169,0.07412957400083542,0.20976471900939941,0.12583106756210327
clip_vit_b_32_linear,grayscale,test_07270,7270,7,monkey,7,monkey,0.12624211609363556,True,0.08514261245727539,0.09139116108417511,0.09238427877426147,0.11208439618349075,0.09780105203390121,0.12339996546506882,0.09948127716779709,0.12624211609363556,0.08557320386171341,0.0864998921751976
clip_vit_b_32_linear,grayscale,test_02265,2265,5,dog,5,dog,0.17252013087272644,True,0.07635966688394547,0.08694909512996674,0.07699901610612869,0.1118028536438942,0.10993892699480057,0.17252013087272644,0.11707617342472076,0.09453696757555008,0.07618436217308044,0.07763281464576721
clip_vit_b_32_linear,grayscale,test_03288,3288,7,monkey,7,monkey,0.17924527823925018,True,0.0775761678814888,0.1057056188583374,0.07276397198438644,0.13066846132278442,0.11052205413579941,0.09105270355939865,0.08601761609315872,0.17924527823925018,0.07396572828292847,0.07248236984014511
clip_vit_b_32_linear,grayscale,test_05451,5451,8,ship,8,ship,0.19635307788848877,True,0.12602443993091583,0.07483804225921631,0.0904369130730629,0.07993914932012558,0.08298085629940033,0.08591781556606293,0.07957234233617783,0.0713212639093399,0.19635307788848877,0.11261608451604843
clip_vit_b_32_linear,grayscale,test_04023,4023,3,cat,3,cat,0.14011332392692566,True,0.08408763259649277,0.10454702377319336,0.07845290005207062,0.14011332392692566,0.12690027058124542,0.09849105775356293,0.08440908044576645,0.132052943110466,0.07463546842336655,0.07631026953458786
clip_vit_b_32_linear,grayscale,test_00261,261,1,bird,1,bird,0.14719635248184204,True,0.09167185425758362,0.14719635248184204,0.07733631879091263,0.0972890704870224,0.11455191671848297,0.08993532508611679,0.0920945480465889,0.11689731478691101,0.09246699512004852,0.08056033402681351
clip_vit_b_32_linear,grayscale,test_04570,4570,5,dog,5,dog,0.1675337255001068,True,0.07718507200479507,0.09523634612560272,0.07975376397371292,0.11658373475074768,0.09968461096286774,0.1675337255001068,0.11213846504688263,0.09892453253269196,0.07734360545873642,0.07561613619327545
clip_vit_b_32_linear,grayscale,test_04966,4966,5,dog,5,dog,0.14329539239406586,True,0.0813039168715477,0.09168534725904465,0.09540337324142456,0.12460142374038696,0.08964741230010986,0.14329539239406586,0.10820414125919342,0.09658671915531158,0.08515894412994385,0.08411332964897156
clip_vit_b_32_linear,grayscale,test_07955,7955,1,bird,1,bird,0.1776139736175537,True,0.08954759687185287,0.1776139736175537,0.08009523153305054,0.11492278426885605,0.1119052916765213,0.09152022749185562,0.0770777240395546,0.10768027603626251,0.07820763438940048,0.07142916321754456
clip_vit_b_32_linear,grayscale,test_06288,6288,4,deer,4,deer,0.17500102519989014,True,0.0748336985707283,0.10969891399145126,0.07113390415906906,0.11140821874141693,0.17500102519989014,0.0993788093328476,0.10020111501216888,0.10979985445737839,0.07460414618253708,0.07394035160541534
clip_vit_b_32_linear,grayscale,test_07810,7810,8,ship,8,ship,0.18008701503276825,True,0.12136052548885345,0.07990140467882156,0.10064907371997833,0.08258821815252304,0.07981835305690765,0.08869902044534683,0.079726442694664,0.07205741107463837,0.18008701503276825,0.11511261016130447
clip_vit_b_32_linear,grayscale,test_01927,1927,7,monkey,7,monkey,0.1777905374765396,True,0.07242392003536224,0.10814425349235535,0.07743577659130096,0.12363353371620178,0.10391457378864288,0.099737748503685,0.09047102183103561,0.1777905374765396,0.07355335354804993,0.07289531081914902
clip_vit_b_32_linear,grayscale,test_01871,1871,1,bird,1,bird,0.15180110931396484,True,0.0853634774684906,0.15180110931396484,0.08494793623685837,0.10929515957832336,0.10380423814058304,0.10800166428089142,0.0938129648566246,0.10228629410266876,0.078429214656353,0.08225802332162857
clip_vit_b_32_linear,grayscale,test_06922,6922,5,dog,5,dog,0.17203019559383392,True,0.07762240618467331,0.08622627705335617,0.08594618737697601,0.11649544537067413,0.09234705567359924,0.17203019559383392,0.11473625153303146,0.09312957525253296,0.08212454617023468,0.07934197783470154
clip_vit_b_32_linear,grayscale,test_03512,3512,4,deer,4,deer,0.18338587880134583,True,0.07455802708864212,0.11276393383741379,0.0685059130191803,0.11751595884561539,0.18338587880134583,0.09241403639316559,0.0917288213968277,0.11658645421266556,0.07570521533489227,0.06683564931154251
clip_vit_b_32_linear,grayscale,test_04754,4754,6,horse,6,horse,0.16699989140033722,True,0.07545916736125946,0.08875025808811188,0.08281304687261581,0.10617085546255112,0.11396616697311401,0.12461978197097778,0.16699989140033722,0.09035184979438782,0.07880818843841553,0.07206077128648758
clip_vit_b_32_linear,grayscale,test_00714,714,2,car,2,car,0.13470301032066345,True,0.09669753164052963,0.08617410808801651,0.13470301032066345,0.09259285032749176,0.08473074436187744,0.09768079966306686,0.10763255506753922,0.09237100183963776,0.09768801182508469,0.10972940921783447
clip_vit_b_32_linear,grayscale,test_02191,2191,8,ship,8,ship,0.1998336911201477,True,0.12540559470653534,0.07899321615695953,0.07918691635131836,0.08031561225652695,0.08549633622169495,0.07932281494140625,0.07887951284646988,0.07460103183984756,0.1998336911201477,0.11796531081199646
clip_vit_b_32_linear,grayscale,test_04615,4615,0,airplane,0,airplane,0.19103781878948212,True,0.19103781878948212,0.09208120405673981,0.0975923240184784,0.0775466039776802,0.08647220581769943,0.08897065371274948,0.07816629856824875,0.08001666516065598,0.10458601266145706,0.10353030264377594
clip_vit_b_32_linear,grayscale,test_04662,4662,8,ship,8,ship,0.22267818450927734,True,0.11467291414737701,0.07701418548822403,0.0826682448387146,0.07656101137399673,0.07913428544998169,0.0776345506310463,0.08034908771514893,0.06978239864110947,0.22267818450927734,0.11950515955686569
clip_vit_b_32_linear,grayscale,test_05915,5915,9,truck,9,truck,0.15661557018756866,True,0.10263663530349731,0.08239009976387024,0.10169796645641327,0.0833292007446289,0.09407541155815125,0.08767697960138321,0.10063450783491135,0.08660217374563217,0.10434143245220184,0.15661557018756866
clip_vit_b_32_linear,grayscale,test_00766,766,4,deer,4,deer,0.1338810920715332,True,0.07158908993005753,0.09184183925390244,0.07690839469432831,0.11040867120027542,0.1338810920715332,0.11563652008771896,0.1335047334432602,0.1082710549235344,0.07534278184175491,0.08261579275131226
clip_vit_b_32_linear,grayscale,test_05218,5218,2,car,2,car,0.18769492208957672,True,0.10612256079912186,0.08325954526662827,0.18769492208957672,0.0839429646730423,0.07853306084871292,0.0872240886092186,0.0933547168970108,0.08018700033426285,0.09442804753780365,0.1052531749010086
clip_vit_b_32_linear,grayscale,test_02340,2340,8,ship,8,ship,0.21078088879585266,True,0.11257588863372803,0.07954608649015427,0.08078613132238388,0.0742994025349617,0.08440463989973068,0.07666103541851044,0.07909216731786728,0.07481606304645538,0.21078088879585266,0.12703773379325867
clip_vit_b_32_linear,grayscale,test_01954,1954,8,ship,8,ship,0.16854479908943176,True,0.12124361097812653,0.0870785117149353,0.08840350806713104,0.080500528216362,0.0904090479016304,0.0884295254945755,0.08361022174358368,0.0732433944940567,0.16854479908943176,0.11853694170713425
clip_vit_b_32_linear,grayscale,test_07875,7875,8,ship,8,ship,0.1824280470609665,True,0.11354630440473557,0.07880287617444992,0.09737895429134369,0.08281562477350235,0.0834001824259758,0.08882840722799301,0.08334583789110184,0.07581362128257751,0.1824280470609665,0.11364015936851501
clip_vit_b_32_linear,grayscale,test_03418,3418,6,horse,6,horse,0.1784990131855011,True,0.08000912517309189,0.08596470206975937,0.0876200944185257,0.09670587629079819,0.10104759782552719,0.11608125269412994,0.1784990131855011,0.07814332097768784,0.09121397882699966,0.0847151055932045
clip_vit_b_32_linear,grayscale,test_05572,5572,9,truck,9,truck,0.14680221676826477,True,0.09449752420186996,0.08412200212478638,0.10725515335798264,0.09155266731977463,0.0938192829489708,0.09029185771942139,0.09991329163312912,0.08769937604665756,0.10404668748378754,0.14680221676826477
clip_vit_b_32_linear,grayscale,test_05977,5977,7,monkey,7,monkey,0.18057721853256226,True,0.08050704002380371,0.1061745285987854,0.08225426077842712,0.11402668058872223,0.10591388493776321,0.08710338920354843,0.09068595618009567,0.18057721853256226,0.0780189260840416,0.07473814487457275
clip_vit_b_32_linear,grayscale,test_05123,5123,1,bird,1,bird,0.1561248004436493,True,0.09807047992944717,0.1561248004436493,0.07382748275995255,0.10832706093788147,0.10923907905817032,0.08831629157066345,0.08479530364274979,0.12323809415102005,0.08052501827478409,0.0775364562869072
clip_vit_b_32_linear,grayscale,test_05851,5851,9,truck,9,truck,0.18792468309402466,True,0.09952173382043839,0.0776209831237793,0.10218719393014908,0.07231582701206207,0.0826064869761467,0.0844993144273758,0.094814233481884,0.07217849045991898,0.1263311207294464,0.18792468309402466
clip_vit_b_32_linear,grayscale,test_04094,4094,9,truck,9,truck,0.16226552426815033,True,0.10576405376195908,0.08297658711671829,0.10076841711997986,0.08459430932998657,0.08920140564441681,0.0844707041978836,0.09058775007724762,0.07568885385990143,0.1236824318766594,0.16226552426815033
clip_vit_b_32_linear,grayscale,test_04254,4254,6,horse,6,horse,0.17102159559726715,True,0.0758037194609642,0.09941059350967407,0.07849649339914322,0.10318288207054138,0.11932595074176788,0.1095082089304924,0.17102159559726715,0.09297823905944824,0.07712679356336594,0.0731455460190773
clip_vit_b_32_linear,grayscale,test_02501,2501,7,monkey,7,monkey,0.15659967064857483,True,0.07306169718503952,0.10185413807630539,0.07379823923110962,0.13035476207733154,0.1177581325173378,0.10538391768932343,0.09890379011631012,0.15659967064857483,0.0705408900976181,0.07174476236104965
clip_vit_b_32_linear,grayscale,test_06938,6938,1,bird,1,bird,0.19219161570072174,True,0.08855044841766357,0.19219161570072174,0.0779753178358078,0.10290446132421494,0.11422114074230194,0.09472783654928207,0.07997789233922958,0.10012072324752808,0.08027596026659012,0.06905467808246613
clip_vit_b_32_linear,grayscale,test_00171,171,4,deer,4,deer,0.1681404560804367,True,0.08300461620092392,0.11094757914543152,0.0760544016957283,0.10896415263414383,0.1681404560804367,0.09623463451862335,0.09698516875505447,0.10126717388629913,0.08211491256952286,0.0762869268655777
clip_vit_b_32_linear,grayscale,test_04215,4215,3,cat,3,cat,0.1207202821969986,True,0.09085596352815628,0.10088283568620682,0.09668239951133728,0.1207202821969986,0.09530238807201385,0.10629107803106308,0.09509287029504776,0.106660857796669,0.0930112898349762,0.09450000524520874
clip_vit_b_32_linear,grayscale,test_05705,5705,8,ship,8,ship,0.22501055896282196,True,0.11464408040046692,0.0792396292090416,0.07889867573976517,0.07120881974697113,0.08373710513114929,0.07540052384138107,0.08130186796188354,0.06876813620328903,0.22501055896282196,0.12179061025381088
clip_vit_b_32_linear,grayscale,test_03458,3458,4,deer,4,deer,0.19992950558662415,True,0.07923676073551178,0.10280262678861618,0.07497192174196243,0.09792588651180267,0.19992950558662415,0.09272127598524094,0.10588198900222778,0.09557383507490158,0.07460658997297287,0.07634951174259186
clip_vit_b_32_linear,grayscale,test_01220,1220,7,monkey,7,monkey,0.17847977578639984,True,0.07594110071659088,0.10275822132825851,0.07160511612892151,0.14028270542621613,0.1149769201874733,0.09360286593437195,0.0838758572936058,0.17847977578639984,0.07139534503221512,0.06708216667175293
clip_vit_b_32_linear,grayscale,test_00962,962,8,ship,8,ship,0.18035255372524261,True,0.11604040861129761,0.08198840916156769,0.09297989308834076,0.07874827831983566,0.08704858273267746,0.08158499747514725,0.08680222183465958,0.07202982157468796,0.18035255372524261,0.12242477387189865
clip_vit_b_32_linear,grayscale,test_02950,2950,5,dog,5,dog,0.16558456420898438,True,0.07688317447900772,0.0905575230717659,0.0876355841755867,0.12581650912761688,0.10397439450025558,0.16558456420898438,0.10492928326129913,0.09987939894199371,0.07194177806377411,0.0727977380156517
clip_vit_b_32_linear,grayscale,test_02623,2623,5,dog,5,dog,0.14665286242961884,True,0.07808950543403625,0.09117896109819412,0.07759470492601395,0.1239643469452858,0.11699604988098145,0.14665286242961884,0.10699049383401871,0.10692954808473587,0.07763604074716568,0.07396750897169113
clip_vit_b_32_linear,grayscale,test_04539,4539,0,airplane,0,airplane,0.19826027750968933,True,0.19826027750968933,0.09133663028478622,0.09660594165325165,0.07395464926958084,0.07813900709152222,0.08996222168207169,0.09226541221141815,0.08390795439481735,0.09725286811590195,0.09831501543521881
clip_vit_b_32_linear,grayscale,test_01553,1553,0,airplane,0,airplane,0.18123404681682587,True,0.18123404681682587,0.08965254575014114,0.10184162855148315,0.07967614382505417,0.0835372805595398,0.08520441502332687,0.07215694338083267,0.08608642220497131,0.11799538880586624,0.10261521488428116
clip_vit_b_32_linear,grayscale,test_04740,4740,4,deer,4,deer,0.17442308366298676,True,0.07362108677625656,0.09652667492628098,0.0736263319849968,0.10521206259727478,0.17442308366298676,0.10229049623012543,0.12178201973438263,0.10246772319078445,0.07449006289243698,0.07556045800447464
clip_vit_b_32_linear,grayscale,test_06844,6844,0,airplane,0,airplane,0.1822090446949005,True,0.1822090446949005,0.103110671043396,0.09696992486715317,0.08308767527341843,0.08573710918426514,0.08690568804740906,0.07680398970842361,0.09250842779874802,0.09260902553796768,0.10005845874547958
clip_vit_b_32_linear,grayscale,test_02668,2668,7,monkey,7,monkey,0.1705324798822403,True,0.07827101647853851,0.10687515139579773,0.07215148955583572,0.1401510089635849,0.11983427405357361,0.09171285480260849,0.0814628079533577,0.1705324798822403,0.07157808542251587,0.06743079423904419
clip_vit_b_32_linear,grayscale,test_03153,3153,7,monkey,7,monkey,0.14830148220062256,True,0.08240968734025955,0.11097393929958344,0.07640357315540314,0.14379866421222687,0.10506013035774231,0.09559187293052673,0.08533252030611038,0.14830148220062256,0.07846109569072723,0.07366704940795898
clip_vit_b_32_linear,grayscale,test_05135,5135,4,deer,4,deer,0.15712863206863403,True,0.07752847671508789,0.10422501713037491,0.0746607705950737,0.1193489208817482,0.15712863206863403,0.11417520046234131,0.09809723496437073,0.10483979433774948,0.07632707804441452,0.07366893440485
clip_vit_b_32_linear,grayscale,test_02291,2291,3,cat,3,cat,0.1451272815465927,True,0.07788679748773575,0.09368046373128891,0.07714356482028961,0.1451272815465927,0.1172163113951683,0.1084623634815216,0.0959123745560646,0.12468435615301132,0.07856247574090958,0.08132399618625641
clip_vit_b_32_linear,grayscale,test_00116,116,1,bird,1,bird,0.14713694155216217,True,0.09509559720754623,0.14713694155216217,0.08920029550790787,0.10083911567926407,0.10708459466695786,0.10248414427042007,0.08686559647321701,0.0987066850066185,0.08714541792869568,0.08544164150953293
clip_vit_b_32_linear,grayscale,test_07797,7797,3,cat,3,cat,0.16456198692321777,True,0.076649010181427,0.10015849769115448,0.08046053349971771,0.16456198692321777,0.10651415586471558,0.09799730777740479,0.08676072210073471,0.13191913068294525,0.07854001969099045,0.07643865048885345
clip_vit_b_32_linear,grayscale,test_04609,4609,3,cat,7,monkey,0.15596771240234375,False,0.07808412611484528,0.1150914803147316,0.06995300948619843,0.13572821021080017,0.12072756141424179,0.0958443433046341,0.08224241435527802,0.15596771240234375,0.07587847858667374,0.07048263400793076
clip_vit_b_32_linear,grayscale,test_00081,81,0,airplane,0,airplane,0.16288474202156067,True,0.16288474202156067,0.09502319991588593,0.11678715795278549,0.0842103362083435,0.08407819271087646,0.08785270899534225,0.0819137766957283,0.08478664606809616,0.096773661673069,0.1056896522641182
clip_vit_b_32_linear,grayscale,test_05580,5580,6,horse,5,dog,0.14442437887191772,False,0.08192981034517288,0.08115831762552261,0.08251805603504181,0.10957033932209015,0.10504457354545593,0.14442437887191772,0.1440708041191101,0.09149238467216492,0.07336342334747314,0.08642791956663132
clip_vit_b_32_linear,grayscale,test_03024,3024,2,car,2,car,0.17177939414978027,True,0.10652842372655869,0.08292927592992783,0.17177939414978027,0.08222194015979767,0.07931790500879288,0.09887640923261642,0.09027966856956482,0.07773245126008987,0.09381245076656342,0.1165221557021141
clip_vit_b_32_linear,grayscale,test_02766,2766,5,dog,5,dog,0.17591574788093567,True,0.08234722912311554,0.08984517306089401,0.08651751279830933,0.1128867119550705,0.09291985630989075,0.17591574788093567,0.10619069635868073,0.0921417772769928,0.081114761531353,0.0801205188035965
clip_vit_b_32_linear,grayscale,test_05000,5000,8,ship,8,ship,0.1928679645061493,True,0.12188805639743805,0.08336964249610901,0.07945825904607773,0.07748255133628845,0.08984000980854034,0.08113280683755875,0.08158707618713379,0.0821281298995018,0.1928679645061493,0.1102454736828804
clip_vit_b_32_linear,grayscale,test_02610,2610,6,horse,6,horse,0.15112368762493134,True,0.08236796408891678,0.08817213773727417,0.09141204506158829,0.10002501308917999,0.10704955458641052,0.1173633486032486,0.15112368762493134,0.0895819440484047,0.08228471130132675,0.09061957895755768
clip_vit_b_32_linear,grayscale,test_02024,2024,0,airplane,0,airplane,0.1739184558391571,True,0.1739184558391571,0.09041747450828552,0.10238739103078842,0.08308170735836029,0.09109079837799072,0.08971431106328964,0.08547796308994293,0.08364228904247284,0.1010790541768074,0.09919063001871109
clip_vit_b_32_linear,grayscale,test_06097,6097,4,deer,4,deer,0.1979382485151291,True,0.08019506186246872,0.10462460666894913,0.0753038302063942,0.09025674313306808,0.1979382485151291,0.09026899188756943,0.1073518693447113,0.08615361899137497,0.08712177723646164,0.08078519254922867
clip_vit_b_32_linear,grayscale,test_00964,964,6,horse,6,horse,0.1488732546567917,True,0.09230565279722214,0.08799198269844055,0.09946965426206589,0.09782224893569946,0.0929800420999527,0.10565579682588577,0.1488732546567917,0.08568687736988068,0.0932711660861969,0.09594327956438065
clip_vit_b_32_linear,grayscale,test_07634,7634,0,airplane,0,airplane,0.20666983723640442,True,0.20666983723640442,0.09542988985776901,0.09769351035356522,0.07618211954832077,0.08411615341901779,0.08485082536935806,0.08436991274356842,0.08266086131334305,0.09606419503688812,0.09196265041828156
clip_vit_b_32_linear,grayscale,test_06434,6434,8,ship,8,ship,0.21261024475097656,True,0.12247535586357117,0.07551800459623337,0.07932724803686142,0.07683469355106354,0.08247675001621246,0.084114208817482,0.07898905873298645,0.07138670235872269,0.21261024475097656,0.11626771837472916
clip_vit_b_32_linear,grayscale,test_05183,5183,2,car,2,car,0.16280525922775269,True,0.11436529457569122,0.08683483302593231,0.16280525922775269,0.08576038479804993,0.0822473019361496,0.09232501685619354,0.09532400220632553,0.07382748275995255,0.09015253186225891,0.11635781079530716
clip_vit_b_32_linear,grayscale,test_06986,6986,0,airplane,0,airplane,0.18946048617362976,True,0.18946048617362976,0.08579715341329575,0.10368021577596664,0.0752970427274704,0.07856220752000809,0.08556707203388214,0.07765942066907883,0.07803799211978912,0.12381534278392792,0.1021229699254036
clip_vit_b_32_linear,grayscale,test_00645,645,5,dog,5,dog,0.17542754113674164,True,0.08175977319478989,0.08988488465547562,0.0794907808303833,0.11124496161937714,0.1058957502245903,0.17542754113674164,0.11128762364387512,0.09096149355173111,0.07614351063966751,0.07790368795394897
clip_vit_b_32_linear,grayscale,test_03347,3347,0,airplane,0,airplane,0.19450244307518005,True,0.19450244307518005,0.09327878057956696,0.09864059090614319,0.0805101990699768,0.0819435566663742,0.09032352268695831,0.08707502484321594,0.08406448364257812,0.09658733010292053,0.09307399392127991
clip_vit_b_32_linear,grayscale,test_05677,5677,2,car,2,car,0.18533599376678467,True,0.10307830572128296,0.07870259881019592,0.18533599376678467,0.086992047727108,0.07509313523769379,0.09182038903236389,0.09026958048343658,0.07918421179056168,0.1007736474275589,0.10875009000301361
clip_vit_b_32_linear,grayscale,test_03412,3412,8,ship,8,ship,0.18647247552871704,True,0.12235432118177414,0.07748942822217941,0.08130010962486267,0.08377078920602798,0.09068559855222702,0.08501763641834259,0.08316146582365036,0.07564189285039902,0.18647247552871704,0.11410639435052872
clip_vit_b_32_linear,grayscale,test_03937,3937,1,bird,1,bird,0.1906212866306305,True,0.08526156097650528,0.1906212866306305,0.08678032457828522,0.103363536298275,0.10595407336950302,0.08331204950809479,0.07972250878810883,0.11289217323064804,0.07966389507055283,0.07242847979068756
clip_vit_b_32_linear,grayscale,test_00873,873,6,horse,6,horse,0.16027027368545532,True,0.07274284958839417,0.09257254004478455,0.07615149021148682,0.10688477754592896,0.12752941250801086,0.11043542623519897,0.16027027368545532,0.09646536409854889,0.0781545415520668,0.07879330217838287
clip_vit_b_32_linear,grayscale,test_02167,2167,9,truck,9,truck,0.1623624861240387,True,0.10739962756633759,0.07559935748577118,0.100348100066185,0.0774354338645935,0.08252238482236862,0.08699528872966766,0.10066339373588562,0.077843576669693,0.12883028388023376,0.1623624861240387
clip_vit_b_32_linear,grayscale,test_06490,6490,3,cat,3,cat,0.14020898938179016,True,0.08500365912914276,0.11030600965023041,0.08382505923509598,0.14020898938179016,0.10556501150131226,0.09342310577630997,0.086302250623703,0.13105258345603943,0.08506722748279572,0.07924602180719376
clip_vit_b_32_linear,grayscale,test_00738,738,3,cat,3,cat,0.1506136804819107,True,0.07882410287857056,0.09903135150671005,0.08866582065820694,0.1506136804819107,0.08756682276725769,0.12959040701389313,0.09365592151880264,0.10365881770849228,0.08404935151338577,0.08434371650218964
clip_vit_b_32_linear,grayscale,test_06616,6616,2,car,2,car,0.15904520452022552,True,0.10548769682645798,0.08401226252317429,0.15904520452022552,0.08922089636325836,0.0837944820523262,0.08915151655673981,0.09194362908601761,0.08509951829910278,0.09623672068119049,0.11600793898105621
clip_vit_b_32_linear,grayscale,test_04093,4093,6,horse,6,horse,0.1613026112318039,True,0.08812107890844345,0.08429894596338272,0.10223019868135452,0.09348602592945099,0.09309396147727966,0.10365909337997437,0.1613026112318039,0.08786308765411377,0.08820085972547531,0.09774413704872131
clip_vit_b_32_linear,grayscale,test_05788,5788,9,truck,9,truck,0.1565258949995041,True,0.10659423470497131,0.08278445899486542,0.10992736369371414,0.0886230617761612,0.08208468556404114,0.09263943880796432,0.0905667319893837,0.07755447924137115,0.11269963532686234,0.1565258949995041
clip_vit_b_32_linear,grayscale,test_07818,7818,8,ship,8,ship,0.20687335729599,True,0.11219052970409393,0.074539914727211,0.09102660417556763,0.07569810003042221,0.0779070109128952,0.0782422423362732,0.07800175994634628,0.07026732712984085,0.20687335729599,0.13525307178497314
clip_vit_b_32_linear,grayscale,test_00304,304,1,bird,1,bird,0.12607458233833313,True,0.1025175005197525,0.12607458233833313,0.08200360089540482,0.11004980653524399,0.1093992292881012,0.09739413112401962,0.09512042254209518,0.09882193058729172,0.09158282727003098,0.08703591674566269
clip_vit_b_32_linear,grayscale,test_02082,2082,2,car,2,car,0.1496228128671646,True,0.11101958900690079,0.08438233286142349,0.1496228128671646,0.07726268470287323,0.08347369730472565,0.09315743297338486,0.09822453558444977,0.08209654688835144,0.09685661643743515,0.12390372902154922
clip_vit_b_32_linear,grayscale,test_02746,2746,7,monkey,7,monkey,0.1717008352279663,True,0.07701866328716278,0.11069411784410477,0.0789346918463707,0.12447436898946762,0.10414202511310577,0.10036314278841019,0.08828499168157578,0.1717008352279663,0.07181866466999054,0.07256849855184555
clip_vit_b_32_linear,grayscale,test_07944,7944,4,deer,4,deer,0.16681310534477234,True,0.08604241162538528,0.10720528662204742,0.07078365236520767,0.12075341492891312,0.16681310534477234,0.09029477089643478,0.09924128651618958,0.10528986155986786,0.07704559713602066,0.07653062045574188
clip_vit_b_32_linear,grayscale,test_06689,6689,8,ship,8,ship,0.19035939872264862,True,0.11860840767621994,0.0770348459482193,0.09069672226905823,0.07815973460674286,0.08211725205183029,0.08053627610206604,0.07499858736991882,0.0738714262843132,0.19035939872264862,0.13361726701259613
clip_vit_b_32_linear,grayscale,test_02414,2414,9,truck,9,truck,0.14634622633457184,True,0.10863079875707626,0.08243576437234879,0.10344906896352768,0.09062891453504562,0.10276657342910767,0.08483563363552094,0.09145981073379517,0.08459877222776413,0.10484841465950012,0.14634622633457184
clip_vit_b_32_linear,grayscale,test_03779,3779,6,horse,6,horse,0.17069818079471588,True,0.08021382242441177,0.08831444382667542,0.08181271702051163,0.1017192006111145,0.10909803211688995,0.11023557931184769,0.17069818079471588,0.08822121471166611,0.08614933490753174,0.08353740721940994
clip_vit_b_32_linear,grayscale,test_02095,2095,1,bird,1,bird,0.15124326944351196,True,0.08609935641288757,0.15124326944351196,0.07719693332910538,0.13249017298221588,0.10159721970558167,0.09265988320112228,0.08114194124937057,0.12328764796257019,0.07648763060569763,0.07779603451490402
clip_vit_b_32_linear,grayscale,test_07262,7262,0,airplane,0,airplane,0.19741006195545197,True,0.19741006195545197,0.09424872696399689,0.1007142886519432,0.07803601771593094,0.07597467303276062,0.08592507988214493,0.08556535094976425,0.08292785286903381,0.10109388828277588,0.09810397028923035
clip_vit_b_32_linear,grayscale,test_05694,5694,8,ship,8,ship,0.19554422795772552,True,0.11677104979753494,0.07501579821109772,0.11438824981451035,0.07314803451299667,0.07779303938150406,0.08005490899085999,0.0836934819817543,0.07704277336597443,0.19554422795772552,0.10654845088720322
clip_vit_b_32_linear,grayscale,test_07413,7413,5,dog,3,cat,0.14241065084934235,False,0.07940346747636795,0.0978606715798378,0.07555269449949265,0.14241065084934235,0.10763414204120636,0.12457224726676941,0.09763293713331223,0.11770008504390717,0.08482345193624496,0.07240964472293854
clip_vit_b_32_linear,grayscale,test_06805,6805,1,bird,1,bird,0.14911094307899475,True,0.11026148498058319,0.14911094307899475,0.08066261559724808,0.09397338330745697,0.10975875705480576,0.08968102186918259,0.08990863710641861,0.10024240612983704,0.09363168478012085,0.08276908099651337
clip_vit_b_32_linear,grayscale,test_03446,3446,7,monkey,7,monkey,0.1696251928806305,True,0.07750190049409866,0.10647256672382355,0.0792071744799614,0.12803958356380463,0.11229687929153442,0.09836387634277344,0.0827474370598793,0.1696251928806305,0.07556682080030441,0.0701785534620285
clip_vit_b_32_linear,grayscale,test_02807,2807,5,dog,3,cat,0.13653071224689484,False,0.08059921115636826,0.10513875633478165,0.08078128099441528,0.13653071224689484,0.10566385835409164,0.1139938160777092,0.09130880981683731,0.13488079607486725,0.07733218371868134,0.07377058267593384
clip_vit_b_32_linear,grayscale,test_07940,7940,4,deer,4,deer,0.19303157925605774,True,0.0717199295759201,0.09605549275875092,0.06930527091026306,0.12040901929140091,0.19303157925605774,0.09213315695524216,0.0971599742770195,0.10986638814210892,0.07553177326917648,0.07478746026754379
clip_vit_b_32_linear,grayscale,test_04172,4172,7,monkey,1,bird,0.14329499006271362,False,0.08398386836051941,0.14329499006271362,0.06756924837827682,0.12593881785869598,0.11748965829610825,0.0928574651479721,0.0827483981847763,0.1423947513103485,0.07410258799791336,0.06962022930383682
clip_vit_b_32_linear,grayscale,test_07744,7744,3,cat,3,cat,0.15829090774059296,True,0.07855025678873062,0.09569787234067917,0.09135327488183975,0.15829090774059296,0.08710616827011108,0.1356555074453354,0.09669879078865051,0.09611276537179947,0.08292540162801743,0.07760897278785706
clip_vit_b_32_linear,grayscale,test_01586,1586,2,car,2,car,0.1958647221326828,True,0.09720153361558914,0.08083472400903702,0.1958647221326828,0.08356374502182007,0.08069100230932236,0.09269455075263977,0.09141786396503448,0.08457136154174805,0.09393593668937683,0.09922461956739426
clip_vit_b_32_linear,grayscale,test_07999,7999,8,ship,8,ship,0.18085595965385437,True,0.11825726181268692,0.07931175827980042,0.08190454542636871,0.08263130486011505,0.09077102690935135,0.08938586711883545,0.08758708089590073,0.07487469911575317,0.18085595965385437,0.11442047357559204
clip_vit_b_32_linear,grayscale,test_06349,6349,1,bird,1,bird,0.14690902829170227,True,0.08391761034727097,0.14690902829170227,0.0754200741648674,0.1304885298013687,0.12066427618265152,0.0865807756781578,0.08023977279663086,0.11621985584497452,0.08109191060066223,0.07846815884113312
clip_vit_b_32_linear,grayscale,test_06594,6594,1,bird,1,bird,0.15366585552692413,True,0.11223234236240387,0.15366585552692413,0.08224212378263474,0.09514055401086807,0.10567495226860046,0.08933457732200623,0.08618102222681046,0.09079449623823166,0.09830743819475174,0.08642663806676865
clip_vit_b_32_linear,grayscale,test_02109,2109,8,ship,8,ship,0.21698974072933197,True,0.1102123111486435,0.07508610934019089,0.09494104236364365,0.07567539066076279,0.07768561691045761,0.07986515015363693,0.08025297522544861,0.06969337165355682,0.21698974072933197,0.11959835141897202
clip_vit_b_32_linear,grayscale,test_03079,3079,1,bird,1,bird,0.18932600319385529,True,0.09092868864536285,0.18932600319385529,0.07198630273342133,0.10637152940034866,0.11363114416599274,0.07951882481575012,0.0747094601392746,0.12686629593372345,0.0785415843129158,0.06812016665935516
clip_vit_b_32_linear,grayscale,test_02070,2070,1,bird,1,bird,0.15826471149921417,True,0.08044886589050293,0.15826471149921417,0.0771951824426651,0.12641388177871704,0.11527275294065475,0.09197386354207993,0.07554718852043152,0.11933641135692596,0.08083374053239822,0.07471338659524918
clip_vit_b_32_linear,grayscale,test_00319,319,5,dog,5,dog,0.17552383244037628,True,0.07776406407356262,0.09282077103853226,0.09263961017131805,0.11341822892427444,0.08372195065021515,0.17552383244037628,0.10639176517724991,0.09078148007392883,0.08485804498195648,0.08208031207323074
clip_vit_b_32_linear,grayscale,test_02888,2888,0,airplane,0,airplane,0.1867610365152359,True,0.1867610365152359,0.0903550535440445,0.10295693576335907,0.07335236668586731,0.08320404589176178,0.08093718439340591,0.08176816999912262,0.0791662335395813,0.11742211133241653,0.10407686978578568
clip_vit_b_32_linear,grayscale,test_06224,6224,5,dog,5,dog,0.15869180858135223,True,0.07578760385513306,0.09414160251617432,0.07281321287155151,0.11662942171096802,0.11191524565219879,0.15869180858135223,0.11994833499193192,0.09849295020103455,0.07414524257183075,0.07743460685014725
clip_vit_b_32_linear,grayscale,test_03353,3353,5,dog,5,dog,0.13335180282592773,True,0.08036594092845917,0.08902351558208466,0.08556772023439407,0.12586960196495056,0.09912998974323273,0.13335180282592773,0.10332417488098145,0.10764697194099426,0.08368655294179916,0.09203372895717621
clip_vit_b_32_linear,grayscale,test_06244,6244,2,car,2,car,0.15636709332466125,True,0.10402625799179077,0.07919826358556747,0.15636709332466125,0.08584237843751907,0.08063403517007828,0.0945911630988121,0.09202668070793152,0.09271864593029022,0.09918777644634247,0.11540758609771729
clip_vit_b_32_linear,grayscale,test_04704,4704,7,monkey,7,monkey,0.17365068197250366,True,0.08291380852460861,0.12917611002922058,0.0706821084022522,0.11824359744787216,0.11427241563796997,0.08954748511314392,0.07960251718759537,0.17365068197250366,0.07288689911365509,0.06902442127466202
clip_vit_b_32_linear,grayscale,test_02427,2427,5,dog,5,dog,0.17590506374835968,True,0.07330978661775589,0.09332015365362167,0.08712761104106903,0.11161723732948303,0.09469220042228699,0.17590506374835968,0.11210215091705322,0.09067638963460922,0.07952083647251129,0.08172854781150818
clip_vit_b_32_linear,grayscale,test_07995,7995,9,truck,2,car,0.1425604522228241,False,0.10132098197937012,0.08099114894866943,0.1425604522228241,0.08334509283304214,0.08095850050449371,0.0920405238866806,0.0950489193201065,0.07943665981292725,0.10243218392133713,0.1418655663728714
clip_vit_b_32_linear,grayscale,test_01124,1124,4,deer,4,deer,0.16686536371707916,True,0.07570891082286835,0.11602416634559631,0.07711005955934525,0.11306724697351456,0.16686536371707916,0.0952020213007927,0.09077032655477524,0.11224785447120667,0.0814158022403717,0.07158821821212769
clip_vit_b_32_linear,grayscale,test_06733,6733,1,bird,1,bird,0.1402481496334076,True,0.07648724317550659,0.1402481496334076,0.08116713166236877,0.10814561694860458,0.11068873852491379,0.1146492063999176,0.10736805200576782,0.10678410530090332,0.07705759257078171,0.07740412652492523
clip_vit_b_32_linear,grayscale,test_02062,2062,9,truck,9,truck,0.19053755700588226,True,0.09741479158401489,0.07348417490720749,0.1153746098279953,0.0753660574555397,0.08049177378416061,0.08319766074419022,0.09325835108757019,0.06760497391223907,0.12326999008655548,0.19053755700588226
clip_vit_b_32_linear,grayscale,test_00805,805,9,truck,9,truck,0.1561581790447235,True,0.11385629326105118,0.08289682120084763,0.10019055753946304,0.0815705880522728,0.08136286586523056,0.09093291312456131,0.09564611315727234,0.08243031799793243,0.11495544761419296,0.1561581790447235
clip_vit_b_32_linear,grayscale,test_02028,2028,3,cat,3,cat,0.1861482709646225,True,0.07285201549530029,0.11028299480676651,0.07337894290685654,0.1861482709646225,0.10433498024940491,0.11097007244825363,0.08444986492395401,0.1150553822517395,0.07159285247325897,0.07093466818332672
clip_vit_b_32_linear,grayscale,test_02392,2392,2,car,2,car,0.17903713881969452,True,0.10090933740139008,0.07309751957654953,0.17903713881969452,0.08813724666833878,0.08069761097431183,0.0876869335770607,0.09773334860801697,0.08252276480197906,0.09320363402366638,0.11697448790073395
clip_vit_b_32_linear,grayscale,test_03292,3292,6,horse,6,horse,0.11858167499303818,True,0.10094840824604034,0.09586528688669205,0.10507795959711075,0.09576170891523361,0.09164523333311081,0.10002527385950089,0.11858167499303818,0.09640622138977051,0.09421990066766739,0.10146846622228622
clip_vit_b_32_linear,grayscale,test_01440,1440,7,monkey,7,monkey,0.18291035294532776,True,0.0767374336719513,0.10669858753681183,0.0717938244342804,0.13102972507476807,0.11710332334041595,0.08997558057308197,0.08393502980470657,0.18291035294532776,0.07367591559886932,0.06614024192094803
clip_vit_b_32_linear,grayscale,test_01115,1115,1,bird,1,bird,0.1406056135892868,True,0.08831830322742462,0.1406056135892868,0.08290717750787735,0.12167788296937943,0.09705040603876114,0.10033724457025528,0.08669138699769974,0.11580973863601685,0.08678365498781204,0.07981856912374496
clip_vit_b_32_linear,grayscale,test_04242,4242,8,ship,8,ship,0.20017974078655243,True,0.1074938252568245,0.07920273393392563,0.09366746246814728,0.07691781222820282,0.08064175397157669,0.08217118680477142,0.0774892196059227,0.07719176262617111,0.20017974078655243,0.12504446506500244
clip_vit_b_32_linear,grayscale,test_02230,2230,8,ship,8,ship,0.16903497278690338,True,0.12586013972759247,0.07553920149803162,0.10342560708522797,0.08314350992441177,0.08437921106815338,0.08769367635250092,0.08183547854423523,0.07836742699146271,0.16903497278690338,0.11072079092264175
clip_vit_b_32_linear,grayscale,test_03163,3163,2,car,2,car,0.18541821837425232,True,0.10058028995990753,0.08503551036119461,0.18541821837425232,0.07922675460577011,0.08228039741516113,0.09090909361839294,0.09310191124677658,0.08867362141609192,0.08964728564023972,0.10512679815292358
clip_vit_b_32_linear,grayscale,test_00545,545,6,horse,6,horse,0.14254942536354065,True,0.09089064598083496,0.08867206424474716,0.10858255624771118,0.0834239199757576,0.0972679927945137,0.1012602299451828,0.14254942536354065,0.09274468570947647,0.08585169166326523,0.10875687748193741
clip_vit_b_32_linear,grayscale,test_03863,3863,5,dog,5,dog,0.16542978584766388,True,0.07504123449325562,0.09316249936819077,0.08271972090005875,0.11395325511693954,0.09829128533601761,0.16542978584766388,0.1122073233127594,0.10016714036464691,0.07828383892774582,0.08074386417865753
clip_vit_b_32_linear,grayscale,test_04748,4748,7,monkey,7,monkey,0.18647144734859467,True,0.07807251811027527,0.11289330571889877,0.07661165297031403,0.11759724467992783,0.10748152434825897,0.08930068463087082,0.08599159866571426,0.18647144734859467,0.07383361458778381,0.07174648344516754
clip_vit_b_32_linear,grayscale,test_02399,2399,4,deer,4,deer,0.1809888333082199,True,0.07861214876174927,0.10697005689144135,0.07050949335098267,0.10351157188415527,0.1809888333082199,0.089023657143116,0.10581649839878082,0.10514137893915176,0.08674753457307816,0.07267885655164719
clip_vit_b_32_linear,grayscale,test_04341,4341,6,horse,6,horse,0.17256005108356476,True,0.07823003083467484,0.08624594658613205,0.0854467898607254,0.0911283865571022,0.11039316654205322,0.10088589042425156,0.17256005108356476,0.0868709534406662,0.09298403561115265,0.09525476396083832
clip_vit_b_32_linear,grayscale,test_03078,3078,4,deer,4,deer,0.19462791085243225,True,0.07442662119865417,0.10823240131139755,0.07219022512435913,0.11055489629507065,0.19462791085243225,0.0917920246720314,0.09761516749858856,0.09550971537828445,0.07822830229997635,0.07682275027036667
clip_vit_b_32_linear,grayscale,test_03763,3763,4,deer,4,deer,0.20851102471351624,True,0.07654283195734024,0.10488899052143097,0.07511404901742935,0.09164541214704514,0.20851102471351624,0.08697754144668579,0.09822287410497665,0.09581834077835083,0.08605267107486725,0.07622629404067993
clip_vit_b_32_linear,grayscale,test_02958,2958,6,horse,6,horse,0.17874577641487122,True,0.07715325802564621,0.08842719346284866,0.0838552713394165,0.10031776875257492,0.10812707245349884,0.11350597441196442,0.17874577641487122,0.08079470694065094,0.08376511931419373,0.08530779182910919
clip_vit_b_32_linear,grayscale,test_06381,6381,6,horse,6,horse,0.16393588483333588,True,0.08921915292739868,0.07760361582040787,0.1021057665348053,0.08151572942733765,0.09524396061897278,0.10574239492416382,0.16393588483333588,0.08428001403808594,0.09836138039827347,0.10199204832315445
clip_vit_b_32_linear,grayscale,test_01640,1640,8,ship,8,ship,0.2039933055639267,True,0.10584884136915207,0.07917944341897964,0.09441698342561722,0.07844362407922745,0.07956202328205109,0.08466426283121109,0.08351609110832214,0.07444948703050613,0.2039933055639267,0.11592599004507065
clip_vit_b_32_linear,grayscale,test_01783,1783,8,ship,8,ship,0.22032667696475983,True,0.1074962466955185,0.07629334181547165,0.09034185856580734,0.07702522724866867,0.08216659724712372,0.07988344877958298,0.07752092182636261,0.07105752825737,0.22032667696475983,0.1178881898522377
clip_vit_b_32_linear,grayscale,test_03914,3914,3,cat,3,cat,0.18571384251117706,True,0.07674919813871384,0.10856278240680695,0.07579000294208527,0.18571384251117706,0.10876268893480301,0.09778598695993423,0.08330962061882019,0.11774008721113205,0.07585181295871735,0.06973394751548767
clip_vit_b_32_linear,grayscale,test_01534,1534,6,horse,6,horse,0.14566582441329956,True,0.09356462210416794,0.0821492150425911,0.09597082436084747,0.08580799400806427,0.10058743506669998,0.09666936099529266,0.14566582441329956,0.09451499581336975,0.09056322276592255,0.11450653523206711
clip_vit_b_32_linear,grayscale,test_00685,685,5,dog,5,dog,0.16935642063617706,True,0.07745327055454254,0.08709537237882614,0.08701717853546143,0.11528273671865463,0.09391816705465317,0.16935642063617706,0.10716830939054489,0.09607148170471191,0.08436568826436996,0.08227138221263885
clip_vit_b_32_linear,grayscale,test_04617,4617,0,airplane,0,airplane,0.199575737118721,True,0.199575737118721,0.0946277529001236,0.10228604823350906,0.0787380188703537,0.07482832670211792,0.08986763656139374,0.08702227473258972,0.08494272828102112,0.09427028149366379,0.09384118020534515
clip_vit_b_32_linear,grayscale,test_05508,5508,9,truck,9,truck,0.1867838203907013,True,0.10052390396595001,0.07411295175552368,0.11031819880008698,0.07656967639923096,0.07846730202436447,0.08323069661855698,0.08581580221652985,0.07242467254400253,0.13175292313098907,0.1867838203907013
clip_vit_b_32_linear,grayscale,test_01022,1022,9,truck,9,truck,0.13346773386001587,True,0.10840196162462234,0.0816921666264534,0.1252114176750183,0.08830632269382477,0.08549591898918152,0.09394647926092148,0.09774456918239594,0.08422570675611496,0.10150769352912903,0.13346773386001587
clip_vit_b_32_linear,grayscale,test_01230,1230,1,bird,7,monkey,0.1491210013628006,False,0.09560254216194153,0.11531770974397659,0.08797028660774231,0.11089833080768585,0.10163983702659607,0.08892814069986343,0.08685445785522461,0.1491210013628006,0.08409988880157471,0.07956788688898087
clip_vit_b_32_linear,grayscale,test_07475,7475,4,deer,4,deer,0.20538614690303802,True,0.07612712681293488,0.10163982212543488,0.07494232058525085,0.09591592103242874,0.20538614690303802,0.09059438109397888,0.10830795019865036,0.09278035163879395,0.07661794871091843,0.07768800854682922
clip_vit_b_32_linear,grayscale,test_05756,5756,2,car,2,car,0.18205778300762177,True,0.0982026606798172,0.0843021497130394,0.18205778300762177,0.08401477336883545,0.07935450971126556,0.10236353427171707,0.08463723212480545,0.08957216888666153,0.09714554995298386,0.09834954142570496
clip_vit_b_32_linear,grayscale,test_03122,3122,4,deer,4,deer,0.17060613632202148,True,0.08047356456518173,0.09400156140327454,0.0730985701084137,0.1272929310798645,0.17060613632202148,0.08883431553840637,0.09744050353765488,0.10777818411588669,0.08112722635269165,0.07934704422950745
clip_vit_b_32_linear,grayscale,test_07202,7202,1,bird,1,bird,0.17633597552776337,True,0.0879245176911354,0.17633597552776337,0.07622406631708145,0.11447596549987793,0.10454193502664566,0.09599047154188156,0.07822184264659882,0.11678129434585571,0.07721355557441711,0.07229042798280716
clip_vit_b_32_linear,grayscale,test_04723,4723,9,truck,9,truck,0.15927138924598694,True,0.10633067041635513,0.08408860117197037,0.10093305259943008,0.08982157707214355,0.08161602914333344,0.08551610261201859,0.09105709940195084,0.08096350729465485,0.12040186673402786,0.15927138924598694
clip_vit_b_32_linear,grayscale,test_01552,1552,5,dog,4,deer,0.14721235632896423,False,0.07671047747135162,0.10348916798830032,0.0707697868347168,0.1161530613899231,0.14721235632896423,0.12299379706382751,0.09872034937143326,0.12483233213424683,0.06985707581043243,0.06926152855157852
clip_vit_b_32_linear,grayscale,test_00603,603,9,truck,9,truck,0.17107826471328735,True,0.10957366973161697,0.07653035968542099,0.10970261693000793,0.07777193933725357,0.08275914937257767,0.08913606405258179,0.08949851989746094,0.07753130048513412,0.11641810834407806,0.17107826471328735
clip_vit_b_32_linear,grayscale,test_02861,2861,3,cat,3,cat,0.17263075709342957,True,0.07499536126852036,0.0897943452000618,0.0870446115732193,0.17263075709342957,0.08765061944723129,0.1315583735704422,0.09698916971683502,0.10100811719894409,0.07904002815485,0.079288549721241
clip_vit_b_32_linear,grayscale,test_06426,6426,2,car,2,car,0.19526414573192596,True,0.10140958428382874,0.0826539471745491,0.19526414573192596,0.08417201787233353,0.07452654838562012,0.09070944786071777,0.08759959787130356,0.08393905311822891,0.09408736974000931,0.10563822090625763
clip_vit_b_32_linear,grayscale,test_07864,7864,4,deer,4,deer,0.21599432826042175,True,0.07898791879415512,0.09956448525190353,0.07247690111398697,0.09336090087890625,0.21599432826042175,0.08652201294898987,0.10476137697696686,0.08905217051506042,0.08115560561418533,0.07812429964542389
clip_vit_b_32_linear,grayscale,test_05729,5729,6,horse,6,horse,0.1655983030796051,True,0.07402815669775009,0.08463677018880844,0.07430614531040192,0.10410305112600327,0.11920525133609772,0.11423330754041672,0.1655983030796051,0.09779252111911774,0.07956449687480927,0.08653207123279572
clip_vit_b_32_linear,grayscale,test_07474,7474,5,dog,5,dog,0.18582801520824432,True,0.08085642009973526,0.09448204189538956,0.07663930207490921,0.11417636275291443,0.09906291961669922,0.18582801520824432,0.10967089980840683,0.08637100458145142,0.07548246532678604,0.07743058353662491
clip_vit_b_32_linear,grayscale,test_04298,4298,1,bird,1,bird,0.19982711970806122,True,0.0818912610411644,0.19982711970806122,0.07964715361595154,0.10597903281450272,0.1082613617181778,0.08762217313051224,0.07849155366420746,0.10272007435560226,0.08171704411506653,0.07384327799081802
clip_vit_b_32_linear,grayscale,test_01175,1175,0,airplane,0,airplane,0.1940968781709671,True,0.1940968781709671,0.0961935743689537,0.09192249178886414,0.07668863981962204,0.08918631076812744,0.08936372399330139,0.08083846420049667,0.08168122172355652,0.09886365383863449,0.1011650413274765
clip_vit_b_32_linear,grayscale,test_03454,3454,2,car,2,car,0.19530285894870758,True,0.10753462463617325,0.07633979618549347,0.19530285894870758,0.08560073375701904,0.07797691971063614,0.08948985487222672,0.08180943876504898,0.08294101059436798,0.09852905571460724,0.1044757217168808
clip_vit_b_32_linear,grayscale,test_02754,2754,3,cat,3,cat,0.18058857321739197,True,0.076429583132267,0.09250202775001526,0.07759424299001694,0.18058857321739197,0.10103335231542587,0.11725004017353058,0.10545052587985992,0.10318498313426971,0.07146084308624268,0.07450581341981888
clip_vit_b_32_linear,grayscale,test_00855,855,4,deer,4,deer,0.18730908632278442,True,0.07232318818569183,0.1040973961353302,0.07120130211114883,0.10743770003318787,0.18730908632278442,0.09684762358665466,0.10516387224197388,0.10567551851272583,0.07307647913694382,0.07686781883239746
clip_vit_b_32_linear,grayscale,test_02854,2854,7,monkey,7,monkey,0.15115967392921448,True,0.07783675938844681,0.11416049301624298,0.07291778177022934,0.13488686084747314,0.12472843378782272,0.0983785092830658,0.08430986106395721,0.15115967392921448,0.07250215858221054,0.0691194087266922
clip_vit_b_32_linear,grayscale,test_05092,5092,1,bird,1,bird,0.17527690529823303,True,0.08563008159399033,0.17527690529823303,0.08105957508087158,0.10994749516248703,0.11190268397331238,0.09315219521522522,0.08197841793298721,0.10245807468891144,0.08198610693216324,0.07660841941833496
clip_vit_b_32_linear,grayscale,test_05590,5590,9,truck,9,truck,0.12948167324066162,True,0.11463449895381927,0.08570951968431473,0.09227290004491806,0.08952546119689941,0.10017067193984985,0.08874833583831787,0.09376660734415054,0.08555907756090164,0.12013126909732819,0.12948167324066162
clip_vit_b_32_linear,grayscale,test_04463,4463,3,cat,3,cat,0.17519432306289673,True,0.07556448131799698,0.09373193234205246,0.08507808297872543,0.17519432306289673,0.08527848869562149,0.1282617151737213,0.10082053393125534,0.10491368174552917,0.07478261739015579,0.07637418806552887
clip_vit_b_32_linear,grayscale,test_05318,5318,2,car,2,car,0.13273583352565765,True,0.09702374041080475,0.09042704850435257,0.13273583352565765,0.09062007814645767,0.08835940062999725,0.0914994329214096,0.09399716556072235,0.09715858846902847,0.10241284966468811,0.11576591432094574
clip_vit_b_32_linear,grayscale,test_03515,3515,6,horse,6,horse,0.17295792698860168,True,0.07411860674619675,0.08690641820430756,0.08111132681369781,0.09798983484506607,0.11915282905101776,0.10924598574638367,0.17295792698860168,0.09259278327226639,0.08451664447784424,0.08140761405229568
clip_vit_b_32_linear,grayscale,test_04642,4642,4,deer,4,deer,0.1991139054298401,True,0.0734751895070076,0.11060735583305359,0.06884779781103134,0.1116890013217926,0.1991139054298401,0.08689438551664352,0.09682822972536087,0.10546489804983139,0.07684022933244705,0.07023900002241135
clip_vit_b_32_linear,grayscale,test_00852,852,9,truck,9,truck,0.18575245141983032,True,0.10215961188077927,0.07624848186969757,0.10913751274347305,0.07695423811674118,0.07897549867630005,0.08392775803804398,0.0904686227440834,0.07314996421337128,0.12322588264942169,0.18575245141983032
clip_vit_b_32_linear,grayscale,test_01247,1247,8,ship,8,ship,0.19424660503864288,True,0.10801240801811218,0.07833599299192429,0.08389908820390701,0.08340847492218018,0.08203355967998505,0.08275607228279114,0.08335023373365402,0.07489773631095886,0.19424660503864288,0.1290598064661026
clip_vit_b_32_linear,grayscale,test_07084,7084,2,car,2,car,0.16047734022140503,True,0.0972084179520607,0.08174355328083038,0.16047734022140503,0.09118959307670593,0.08453097194433212,0.09811544418334961,0.0928865447640419,0.08846136182546616,0.0944521576166153,0.11093460768461227
clip_vit_b_32_linear,grayscale,test_05301,5301,9,truck,9,truck,0.15017946064472198,True,0.11711868643760681,0.08135242760181427,0.1143316701054573,0.07972074300050735,0.0816035345196724,0.09144633263349533,0.08903267234563828,0.07842893898487091,0.11678551137447357,0.15017946064472198
clip_vit_b_32_linear,grayscale,test_05082,5082,6,horse,6,horse,0.17472024261951447,True,0.07971008867025375,0.0857766643166542,0.08262526243925095,0.11124496906995773,0.09732650220394135,0.1254134178161621,0.17472024261951447,0.08374247699975967,0.08138956874608994,0.07805079966783524
clip_vit_b_32_linear,grayscale,test_05077,5077,4,deer,4,deer,0.18486860394477844,True,0.07641548663377762,0.09663081169128418,0.0729614645242691,0.10111135989427567,0.18486860394477844,0.09189420938491821,0.10699969530105591,0.11343227326869965,0.08042735606431961,0.07525884360074997
clip_vit_b_32_linear,grayscale,test_01563,1563,3,cat,3,cat,0.14618554711341858,True,0.07891493290662766,0.09999818354845047,0.08027347177267075,0.14618554711341858,0.1028660237789154,0.11458046734333038,0.08195369690656662,0.1436278373003006,0.08135318011045456,0.07024668902158737
clip_vit_b_32_linear,grayscale,test_00029,29,7,monkey,7,monkey,0.1843952238559723,True,0.07676411420106888,0.11157942563295364,0.07439178973436356,0.12109076231718063,0.11593921482563019,0.08809997141361237,0.09057402610778809,0.1843952238559723,0.06836485117673874,0.06880053877830505
clip_vit_b_32_linear,grayscale,test_03867,3867,7,monkey,7,monkey,0.18801335990428925,True,0.07458727806806564,0.10843785852193832,0.07148507982492447,0.12725603580474854,0.10911012440919876,0.09340327233076096,0.08356289565563202,0.18801335990428925,0.07260099798440933,0.07154304534196854
clip_vit_b_32_linear,grayscale,test_04620,4620,6,horse,6,horse,0.1540471911430359,True,0.09648542106151581,0.08813919126987457,0.09432503581047058,0.09448110312223434,0.09475985169410706,0.1120312362909317,0.1540471911430359,0.08920411020517349,0.08523964881896973,0.09128718078136444
clip_vit_b_32_linear,grayscale,test_04065,4065,2,car,2,car,0.15604570508003235,True,0.09923342615365982,0.08203835785388947,0.15604570508003235,0.08838948607444763,0.08595019578933716,0.09028483182191849,0.09335591644048691,0.09177380800247192,0.09253944456577301,0.12038877606391907
clip_vit_b_32_linear,grayscale,test_01095,1095,5,dog,5,dog,0.1656751036643982,True,0.07947373390197754,0.08878333866596222,0.08399315178394318,0.11221612989902496,0.09735491871833801,0.1656751036643982,0.10960159450769424,0.09473560750484467,0.08272768557071686,0.08543867617845535
clip_vit_b_32_linear,grayscale,test_04229,4229,3,cat,3,cat,0.17644517123699188,True,0.07656842470169067,0.10133150219917297,0.08209279924631119,0.17644517123699188,0.10250410437583923,0.10283737629652023,0.08794837445020676,0.11650349199771881,0.08363377302885056,0.07013500481843948
clip_vit_b_32_linear,grayscale,test_03562,3562,3,cat,4,deer,0.14357148110866547,False,0.07208624482154846,0.09920813143253326,0.07339077442884445,0.13320937752723694,0.14357148110866547,0.11127947270870209,0.10245716571807861,0.11880266666412354,0.07349386811256409,0.07250078022480011
clip_vit_b_32_linear,grayscale,test_02342,2342,8,ship,8,ship,0.19970059394836426,True,0.12092696875333786,0.08253082633018494,0.08243738114833832,0.08062870800495148,0.08435852825641632,0.0861063078045845,0.08027370274066925,0.07355602085590363,0.19970059394836426,0.10948090255260468
clip_vit_b_32_linear,grayscale,test_01667,1667,6,horse,6,horse,0.18203313648700714,True,0.08264926820993423,0.07771040499210358,0.09013276547193527,0.09362484514713287,0.09572820365428925,0.10943227261304855,0.18203313648700714,0.08518418669700623,0.08269982039928436,0.10080516338348389
clip_vit_b_32_linear,grayscale,test_07033,7033,1,bird,1,bird,0.1530553549528122,True,0.08530598133802414,0.1530553549528122,0.07644136995077133,0.11959294974803925,0.12832438945770264,0.08655479550361633,0.08431809395551682,0.10831550508737564,0.08118750154972076,0.07690399140119553
clip_vit_b_32_linear,grayscale,test_01771,1771,7,monkey,7,monkey,0.13037529587745667,True,0.08791156113147736,0.09260395169258118,0.08024810254573822,0.1125430017709732,0.1256120800971985,0.10660822689533234,0.10006974637508392,0.13037529587745667,0.07837264984846115,0.08565539121627808
clip_vit_b_32_linear,grayscale,test_03157,3157,8,ship,8,ship,0.16248269379138947,True,0.12084167450666428,0.07632807642221451,0.09188631176948547,0.08008808642625809,0.08418972790241241,0.08665785938501358,0.09001199901103973,0.06973769515752792,0.16248269379138947,0.13777588307857513
clip_vit_b_32_linear,grayscale,test_03851,3851,3,cat,3,cat,0.15517619252204895,True,0.07859498262405396,0.09438400715589523,0.09013140946626663,0.15517619252204895,0.08300807327032089,0.14239518344402313,0.10281908512115479,0.09757235646247864,0.07963898032903671,0.07627972215414047
clip_vit_b_32_linear,grayscale,test_01287,1287,7,monkey,7,monkey,0.1584579050540924,True,0.07696398347616196,0.09704919904470444,0.07717512547969818,0.12219950556755066,0.11908839643001556,0.11083415150642395,0.0899830013513565,0.1584579050540924,0.07376568764448166,0.07448302209377289
clip_vit_b_32_linear,grayscale,test_07320,7320,0,airplane,0,airplane,0.16716305911540985,True,0.16716305911540985,0.0919993668794632,0.10792127996683121,0.08519629389047623,0.08969743549823761,0.09094473719596863,0.08327648788690567,0.08285047113895416,0.09433698654174805,0.10661391168832779
clip_vit_b_32_linear,grayscale,test_07600,7600,6,horse,6,horse,0.18458153307437897,True,0.08639396727085114,0.08814709633588791,0.09177567064762115,0.09487847238779068,0.09421849995851517,0.10980197787284851,0.18458153307437897,0.08102687448263168,0.08634515106678009,0.08283078670501709
clip_vit_b_32_linear,grayscale,test_03852,3852,5,dog,5,dog,0.15798406302928925,True,0.08370263129472733,0.09501510113477707,0.09037464112043381,0.12272996455430984,0.0920264795422554,0.15798406302928925,0.09736219793558121,0.1040695458650589,0.07620900124311447,0.08052640408277512
clip_vit_b_32_linear,grayscale,test_00269,269,7,monkey,7,monkey,0.17977887392044067,True,0.07658211886882782,0.1045689508318901,0.07420551031827927,0.12756308913230896,0.11284589022397995,0.09930732846260071,0.08807545155286789,0.17977887392044067,0.06860868632793427,0.06846415996551514
clip_vit_b_32_linear,grayscale,test_01703,1703,7,monkey,7,monkey,0.16318325698375702,True,0.07824244350194931,0.10077676177024841,0.07359061390161514,0.13466450572013855,0.12918663024902344,0.09494484215974808,0.08428270369768143,0.16318325698375702,0.06815747171640396,0.07297073304653168
clip_vit_b_32_linear,grayscale,test_07776,7776,5,dog,5,dog,0.13347569108009338,True,0.08614481985569,0.08775325119495392,0.08543884009122849,0.10747436434030533,0.10223045945167542,0.13347569108009338,0.12324358522891998,0.0995621606707573,0.08584611117839813,0.08883076161146164
clip_vit_b_32_linear,grayscale,test_03891,3891,4,deer,4,deer,0.18149693310260773,True,0.0775684341788292,0.10816294699907303,0.07209266722202301,0.11143152415752411,0.18149693310260773,0.09186073392629623,0.09684589505195618,0.10714621096849442,0.07763352245092392,0.0757611095905304
clip_vit_b_32_linear,grayscale,test_07009,7009,0,airplane,0,airplane,0.16937044262886047,True,0.16937044262886047,0.08391296118497849,0.10728274285793304,0.07653139531612396,0.08971305936574936,0.08538586646318436,0.08233176171779633,0.08572512120008469,0.10669165104627609,0.1130550354719162
clip_vit_b_32_linear,grayscale,test_04893,4893,0,airplane,0,airplane,0.19961339235305786,True,0.19961339235305786,0.09245271980762482,0.10153618454933167,0.0770680382847786,0.07819446176290512,0.08620522171258926,0.08454931527376175,0.08313895761966705,0.09991300106048584,0.09732870012521744
clip_vit_b_32_linear,grayscale,test_02351,2351,9,truck,9,truck,0.17598816752433777,True,0.09910791367292404,0.07879146933555603,0.11071155220270157,0.07653230428695679,0.08279868960380554,0.08781689405441284,0.10112210363149643,0.0707976445555687,0.1163332462310791,0.17598816752433777
clip_vit_b_32_linear,grayscale,test_03550,3550,1,bird,1,bird,0.14878569543361664,True,0.09767665714025497,0.14878569543361664,0.07786627858877182,0.09585601091384888,0.11556211858987808,0.09560279548168182,0.09120278060436249,0.10264391452074051,0.09059836715459824,0.08420535176992416
clip_vit_b_32_linear,grayscale,test_05719,5719,7,monkey,7,monkey,0.17311395704746246,True,0.07773222029209137,0.12016711384057999,0.08166943490505219,0.11016160249710083,0.10411146283149719,0.0959923267364502,0.08978502452373505,0.17311395704746246,0.07597056031227112,0.07129635661840439
clip_vit_b_32_linear,grayscale,test_01884,1884,7,monkey,7,monkey,0.1656678020954132,True,0.09220443665981293,0.12385339289903641,0.07034182548522949,0.11129720509052277,0.11588086932897568,0.0870271772146225,0.0855468213558197,0.1656678020954132,0.0741167664527893,0.07406378537416458
clip_vit_b_32_linear,grayscale,test_02898,2898,4,deer,4,deer,0.20495429635047913,True,0.07354052364826202,0.10536730289459229,0.07549648731946945,0.09813975542783737,0.20495429635047913,0.09172190725803375,0.10319243371486664,0.09879661351442337,0.07604946196079254,0.07274117320775986
clip_vit_b_32_linear,grayscale,test_04640,4640,1,bird,7,monkey,0.14699524641036987,False,0.08493777364492416,0.12727853655815125,0.07545739412307739,0.12433166801929474,0.12171167135238647,0.08978836983442307,0.0779062882065773,0.14699524641036987,0.07876100391149521,0.07283195853233337
clip_vit_b_32_linear,grayscale,test_07610,7610,4,deer,4,deer,0.18321162462234497,True,0.07597628235816956,0.1148337796330452,0.07140063494443893,0.10536998510360718,0.18321162462234497,0.08793119341135025,0.09695323556661606,0.10960986465215683,0.08196065574884415,0.07275276631116867
clip_vit_b_32_linear,grayscale,test_01833,1833,8,ship,8,ship,0.1999436467885971,True,0.11421508342027664,0.07959330826997757,0.09025780111551285,0.07772298157215118,0.07727660983800888,0.07907773554325104,0.08126682788133621,0.07549713551998138,0.1999436467885971,0.12514889240264893
clip_vit_b_32_linear,grayscale,test_06455,6455,0,airplane,0,airplane,0.17168429493904114,True,0.17168429493904114,0.08964452147483826,0.10074114054441452,0.08337606489658356,0.09087932109832764,0.08867409825325012,0.07794108986854553,0.08078468590974808,0.1144258975982666,0.10184898227453232
clip_vit_b_32_linear,grayscale,test_03893,3893,9,truck,9,truck,0.15414369106292725,True,0.11114241182804108,0.07399509102106094,0.1250716894865036,0.08014041185379028,0.08435331284999847,0.0855262354016304,0.09304910898208618,0.07784188538789749,0.11473621428012848,0.15414369106292725
clip_vit_b_32_linear,grayscale,test_04731,4731,6,horse,6,horse,0.1765965074300766,True,0.07897313684225082,0.08737750351428986,0.08429685980081558,0.10377733409404755,0.09896888583898544,0.11702509224414825,0.1765965074300766,0.08606953173875809,0.08363132923841476,0.08328380435705185
clip_vit_b_32_linear,grayscale,test_00929,929,6,horse,6,horse,0.19353866577148438,True,0.07778311520814896,0.08093775808811188,0.08870791643857956,0.09494853019714355,0.10137594491243362,0.1220802441239357,0.19353866577148438,0.08770837634801865,0.07347705960273743,0.07944245636463165
clip_vit_b_32_linear,grayscale,test_03962,3962,6,horse,6,horse,0.1663322001695633,True,0.07213767617940903,0.09354019165039062,0.08335511386394501,0.1044425293803215,0.10939311236143112,0.1137075200676918,0.1663322001695633,0.1041250228881836,0.07674410939216614,0.07622244954109192
clip_vit_b_32_linear,grayscale,test_03778,3778,3,cat,3,cat,0.1508040428161621,True,0.08349413424730301,0.09255901724100113,0.09142210334539413,0.1508040428161621,0.0872022956609726,0.12321196496486664,0.09509328752756119,0.1068432405591011,0.08359933644533157,0.08577050268650055
clip_vit_b_32_linear,grayscale,test_01429,1429,4,deer,4,deer,0.12991443276405334,True,0.08265595138072968,0.09512677788734436,0.0876191258430481,0.10797640681266785,0.12991443276405334,0.10255532711744308,0.11021602898836136,0.1051153689622879,0.08935733884572983,0.08946339040994644
clip_vit_b_32_linear,grayscale,test_00049,49,2,car,2,car,0.1791367083787918,True,0.09541584551334381,0.07947863638401031,0.1791367083787918,0.09238623082637787,0.08431088924407959,0.0873279869556427,0.1015571653842926,0.07912377268075943,0.09584352374076843,0.10541930794715881
clip_vit_b_32_linear,grayscale,test_00276,276,9,truck,9,truck,0.13774265348911285,True,0.10307297110557556,0.08518239110708237,0.10424862056970596,0.09087865054607391,0.09316321462392807,0.09726863354444504,0.10524114221334457,0.08781004697084427,0.09539161622524261,0.13774265348911285
clip_vit_b_32_linear,grayscale,test_06076,6076,1,bird,1,bird,0.18694250285625458,True,0.08713511377573013,0.18694250285625458,0.07631584256887436,0.10448958724737167,0.12155048549175262,0.08275794982910156,0.07837667316198349,0.10633496195077896,0.08253224939107895,0.0735645741224289
clip_vit_b_32_linear,grayscale,test_01389,1389,0,airplane,0,airplane,0.19161440432071686,True,0.19161440432071686,0.0923226922750473,0.0949377715587616,0.08083412051200867,0.08680267632007599,0.08960903435945511,0.08108390867710114,0.08038020879030228,0.09780268371105194,0.10461253672838211
clip_vit_b_32_linear,grayscale,test_03362,3362,2,car,2,car,0.1752803474664688,True,0.1084088683128357,0.08441496640443802,0.1752803474664688,0.08606498688459396,0.08607686311006546,0.09246417135000229,0.09591647237539291,0.0768931433558464,0.08896978944540024,0.10551042854785919
clip_vit_b_32_linear,grayscale,test_00317,317,2,car,2,car,0.18145336210727692,True,0.09788818657398224,0.08385924249887466,0.18145336210727692,0.08410919457674026,0.08395226299762726,0.09142599999904633,0.09931868314743042,0.08248142898082733,0.08677611500024796,0.1087355986237526
clip_vit_b_32_linear,grayscale,test_04675,4675,0,airplane,0,airplane,0.1793249547481537,True,0.1793249547481537,0.0938514992594719,0.09399684518575668,0.07910238951444626,0.08698965609073639,0.09117504954338074,0.08413731306791306,0.08578396588563919,0.1052083820104599,0.10042992979288101
clip_vit_b_32_linear,grayscale,test_05924,5924,5,dog,5,dog,0.1334615796804428,True,0.08003313839435577,0.08898445218801498,0.08196454495191574,0.11878401041030884,0.10851529240608215,0.1334615796804428,0.12004552781581879,0.11657071858644485,0.07247304916381836,0.0791676864027977
clip_vit_b_32_linear,grayscale,test_00198,198,1,bird,1,bird,0.17979086935520172,True,0.08689122647047043,0.17979086935520172,0.08075304329395294,0.11906008422374725,0.10184288024902344,0.08841288834810257,0.07917968183755875,0.10692407935857773,0.07976431399583817,0.07738092541694641
clip_vit_b_32_linear,grayscale,test_07779,7779,6,horse,6,horse,0.16447710990905762,True,0.09458085894584656,0.08723079413175583,0.08826523274183273,0.09309607744216919,0.09876661747694016,0.11258795857429504,0.16447710990905762,0.08615664392709732,0.08226478099822998,0.09257405251264572
clip_vit_b_32_linear,grayscale,test_04054,4054,4,deer,4,deer,0.16097205877304077,True,0.08408775925636292,0.11142677068710327,0.07500331848859787,0.11171510070562363,0.16097205877304077,0.0916883572936058,0.10004369914531708,0.10892896354198456,0.0804370567202568,0.07569688558578491
clip_vit_b_32_linear,grayscale,test_05556,5556,4,deer,4,deer,0.2004593163728714,True,0.075241319835186,0.09961128234863281,0.07680429518222809,0.093166783452034,0.2004593163728714,0.09238030016422272,0.1066279411315918,0.09530770033597946,0.08228813856840134,0.07811298221349716
clip_vit_b_32_linear,grayscale,test_02687,2687,1,bird,1,bird,0.1887959986925125,True,0.08724845200777054,0.1887959986925125,0.07482224702835083,0.10538732260465622,0.11645326763391495,0.08913382142782211,0.08154384046792984,0.10947541892528534,0.07389067113399506,0.07324898988008499
clip_vit_b_32_linear,grayscale,test_01202,1202,2,car,2,car,0.1865384727716446,True,0.09871374815702438,0.0788038820028305,0.1865384727716446,0.0889926329255104,0.0805635005235672,0.096194326877594,0.09163415431976318,0.0833066999912262,0.0870828703045845,0.1081698089838028
clip_vit_b_32_linear,grayscale,test_00097,97,5,dog,5,dog,0.14513862133026123,True,0.0764082670211792,0.08904443681240082,0.07962606847286224,0.11654090881347656,0.10807422548532486,0.14513862133026123,0.11945337057113647,0.1026853621006012,0.08049497753381729,0.0825338214635849
clip_vit_b_32_linear,grayscale,test_06033,6033,4,deer,4,deer,0.13319174945354462,True,0.09089679270982742,0.10789058357477188,0.08832422643899918,0.10520298779010773,0.13319174945354462,0.09341111779212952,0.09194445610046387,0.10179901123046875,0.09347047656774521,0.0938686951994896
clip_vit_b_32_linear,grayscale,test_01711,1711,7,monkey,7,monkey,0.17038360238075256,True,0.07887660712003708,0.0969347208738327,0.08272817730903625,0.1271403431892395,0.10213753581047058,0.10202329605817795,0.0956096202135086,0.17038360238075256,0.07089921832084656,0.07326693832874298
clip_vit_b_32_linear,grayscale,test_01430,1430,9,truck,9,truck,0.17003141343593597,True,0.11345725506544113,0.08055251091718674,0.1066424697637558,0.07790040969848633,0.08046188205480576,0.08812125027179718,0.09602802991867065,0.07411251217126846,0.11269225180149078,0.17003141343593597
clip_vit_b_32_linear,grayscale,test_00739,739,8,ship,8,ship,0.19672241806983948,True,0.10818639397621155,0.07812344282865524,0.08996021747589111,0.07757343351840973,0.08233035355806351,0.07897297292947769,0.0821414664387703,0.0745178833603859,0.19672241806983948,0.13147151470184326
clip_vit_b_32_linear,grayscale,test_03491,3491,1,bird,1,bird,0.1664934754371643,True,0.09600143879652023,0.1664934754371643,0.08005988597869873,0.10774349421262741,0.10221771150827408,0.08955814689397812,0.085225909948349,0.10175070911645889,0.0892685130238533,0.0816807895898819
clip_vit_b_32_linear,grayscale,test_01568,1568,1,bird,1,bird,0.17324233055114746,True,0.08576657623052597,0.17324233055114746,0.07355019450187683,0.12788060307502747,0.10376439988613129,0.09799559414386749,0.07997316867113113,0.10747825354337692,0.07547392696142197,0.07487493753433228
clip_vit_b_32_linear,grayscale,test_01211,1211,4,deer,4,deer,0.18451185524463654,True,0.07625724375247955,0.1044304296374321,0.07107013463973999,0.1000346690416336,0.18451185524463654,0.0926116406917572,0.11240328848361969,0.1032060831785202,0.07863912731409073,0.076835498213768
clip_vit_b_32_linear,grayscale,test_04913,4913,2,car,2,car,0.16993963718414307,True,0.09883465617895126,0.07814385741949081,0.16993963718414307,0.08922292292118073,0.08701657503843307,0.09253352135419846,0.10063046216964722,0.0851755440235138,0.0923682227730751,0.10613443702459335
clip_vit_b_32_linear,grayscale,test_02502,2502,2,car,2,car,0.1742287427186966,True,0.10795920342206955,0.08685365319252014,0.1742287427186966,0.07956285029649734,0.0795709490776062,0.09210021793842316,0.09374275803565979,0.08312226831912994,0.10015946626663208,0.10269996523857117
clip_vit_b_32_linear,grayscale,test_02539,2539,3,cat,3,cat,0.1752093881368637,True,0.07198137789964676,0.10055118054151535,0.07974202930927277,0.1752093881368637,0.09724445641040802,0.11625726521015167,0.08811897039413452,0.11752860248088837,0.07752557098865509,0.07584113627672195
clip_vit_b_32_linear,grayscale,test_00979,979,3,cat,3,cat,0.1605464518070221,True,0.07678671181201935,0.10317998379468918,0.08684283494949341,0.1605464518070221,0.09503500163555145,0.12607526779174805,0.09495386481285095,0.10131155699491501,0.07918616384267807,0.07608215510845184
clip_vit_b_32_linear,grayscale,test_06354,6354,2,car,2,car,0.14365388453006744,True,0.10358720272779465,0.08526327461004257,0.14365388453006744,0.09240202605724335,0.08214607834815979,0.09800724685192108,0.09912130981683731,0.0812273770570755,0.09508548676967621,0.11950604617595673
clip_vit_b_32_linear,grayscale,test_04735,4735,2,car,2,car,0.17064055800437927,True,0.10657653957605362,0.09054896980524063,0.17064055800437927,0.08502906560897827,0.07836293429136276,0.0918295755982399,0.08889041095972061,0.08186166733503342,0.09039152413606644,0.1158687025308609
clip_vit_b_32_linear,grayscale,test_05912,5912,0,airplane,0,airplane,0.19576440751552582,True,0.19576440751552582,0.09238924086093903,0.10655193030834198,0.07915981858968735,0.07932179421186447,0.08821258693933487,0.08075207471847534,0.08286550641059875,0.10233254730701447,0.09265006333589554
clip_vit_b_32_linear,grayscale,test_03844,3844,6,horse,6,horse,0.16616585850715637,True,0.07912417501211166,0.08560660481452942,0.0844215378165245,0.09890817850828171,0.11708047986030579,0.10649650543928146,0.16616585850715637,0.09418462961912155,0.07957702875137329,0.08843494206666946
clip_vit_b_32_linear,grayscale,test_01263,1263,3,cat,3,cat,0.17143398523330688,True,0.07048504054546356,0.10432993620634079,0.06790114939212799,0.17143398523330688,0.12962958216667175,0.09680993854999542,0.0879836156964302,0.13452447950839996,0.0702839195728302,0.06661835312843323
clip_vit_b_32_linear,grayscale,test_03404,3404,7,monkey,7,monkey,0.1646980196237564,True,0.08075237274169922,0.10596683621406555,0.08358649164438248,0.11312616616487503,0.10505055636167526,0.095158651471138,0.08746223896741867,0.1646980196237564,0.08283700048923492,0.081361785531044
clip_vit_b_32_linear,grayscale,test_03905,3905,8,ship,8,ship,0.20406760275363922,True,0.12141480296850204,0.07730153203010559,0.10113279521465302,0.07578270882368088,0.07870883494615555,0.07583296298980713,0.0809796005487442,0.08022046089172363,0.20406760275363922,0.10455875843763351
clip_vit_b_32_linear,grayscale,test_01596,1596,0,airplane,0,airplane,0.202567920088768,True,0.202567920088768,0.08966153860092163,0.09301793575286865,0.07886574417352676,0.08785922080278397,0.08430518209934235,0.07943616807460785,0.07866914570331573,0.1076342761516571,0.09798293560743332
clip_vit_b_32_linear,grayscale,test_03083,3083,0,airplane,0,airplane,0.18837925791740417,True,0.18837925791740417,0.09433869272470474,0.09686703234910965,0.07943036407232285,0.08722066134214401,0.08545242995023727,0.09752849489450455,0.07832668721675873,0.09673544764518738,0.09572098404169083
clip_vit_b_32_linear,grayscale,test_02003,2003,6,horse,6,horse,0.17266646027565002,True,0.08509144186973572,0.08362165093421936,0.0832335352897644,0.10096666216850281,0.11131041496992111,0.11630778014659882,0.17266646027565002,0.08757107704877853,0.07489249855279922,0.08433841913938522
clip_vit_b_32_linear,grayscale,test_05030,5030,2,car,2,car,0.18095019459724426,True,0.11244955658912659,0.08322497457265854,0.18095019459724426,0.08177457749843597,0.07935838401317596,0.09550873190164566,0.09046636521816254,0.07929905503988266,0.0955721065402031,0.10139601677656174
clip_vit_b_32_linear,grayscale,test_00095,95,1,bird,1,bird,0.17492300271987915,True,0.08597738295793533,0.17492300271987915,0.08048460632562637,0.10420197248458862,0.10761909186840057,0.09320051223039627,0.07867004722356796,0.12709955871105194,0.07804881781339645,0.06977502256631851
clip_vit_b_32_linear,grayscale,test_02757,2757,4,deer,4,deer,0.18529924750328064,True,0.07643521577119827,0.09853188693523407,0.07434514909982681,0.1017061397433281,0.18529924750328064,0.10347031056880951,0.10271336138248444,0.10307902842760086,0.07753754407167435,0.07688216865062714
clip_vit_b_32_linear,grayscale,test_03413,3413,1,bird,1,bird,0.20729881525039673,True,0.08319474011659622,0.20729881525039673,0.07882899045944214,0.10648734122514725,0.1039312332868576,0.08653611689805984,0.0791497528553009,0.10271524637937546,0.08089116215705872,0.07096657902002335
clip_vit_b_32_linear,grayscale,test_05488,5488,1,bird,1,bird,0.13343389332294464,True,0.09068867564201355,0.13343389332294464,0.08392304182052612,0.11240814626216888,0.10171853005886078,0.09739129990339279,0.09402255713939667,0.12355952709913254,0.07880401611328125,0.08405028283596039
clip_vit_b_32_linear,grayscale,test_04827,4827,6,horse,6,horse,0.15219709277153015,True,0.0969158485531807,0.0945778414607048,0.09824956208467484,0.09152795374393463,0.09320936352014542,0.11140850931406021,0.15219709277153015,0.0804985761642456,0.09772782772779465,0.0836874470114708
clip_vit_b_32_linear,grayscale,test_01877,1877,5,dog,4,deer,0.14109621942043304,False,0.09209038317203522,0.10682719200849533,0.078433558344841,0.1122124195098877,0.14109621942043304,0.10640750080347061,0.09856607019901276,0.11039561033248901,0.07295981049537659,0.08101125061511993
clip_vit_b_32_linear,grayscale,test_02157,2157,1,bird,1,bird,0.16441965103149414,True,0.08901606500148773,0.16441965103149414,0.08502994477748871,0.1119624674320221,0.09631514549255371,0.0985303670167923,0.08723482489585876,0.1090160682797432,0.07959642261266708,0.07887907326221466
clip_vit_b_32_linear,grayscale,test_04821,4821,3,cat,3,cat,0.16168908774852753,True,0.07144506275653839,0.11185063421726227,0.07575128972530365,0.16168908774852753,0.11554914712905884,0.10834772884845734,0.08247962594032288,0.12788745760917664,0.07363861054182053,0.07136139273643494
clip_vit_b_32_linear,grayscale,test_04953,4953,5,dog,5,dog,0.14242032170295715,True,0.0797877386212349,0.09736677259206772,0.08871250599622726,0.12703733146190643,0.0990002453327179,0.14242032170295715,0.10153252631425858,0.10207054764032364,0.08286421000957489,0.07920783758163452
clip_vit_b_32_linear,grayscale,test_05525,5525,8,ship,8,ship,0.197966068983078,True,0.11206378042697906,0.07757101953029633,0.09320848435163498,0.08292840421199799,0.0871671810746193,0.08483682572841644,0.08008623868227005,0.07231123745441437,0.197966068983078,0.11186079680919647
clip_vit_b_32_linear,grayscale,test_05381,5381,5,dog,5,dog,0.16556718945503235,True,0.08412308245897293,0.09120606631040573,0.08763647824525833,0.11090589314699173,0.09318718314170837,0.16556718945503235,0.10820811986923218,0.0943634957075119,0.08418869227170944,0.08061370998620987
clip_vit_b_32_linear,grayscale,test_00672,672,3,cat,3,cat,0.1870669424533844,True,0.07266266644001007,0.10903284698724747,0.07467702031135559,0.1870669424533844,0.11882845312356949,0.08791264146566391,0.08008669316768646,0.13367663323879242,0.0675864964723587,0.06846964359283447
clip_vit_b_32_linear,grayscale,test_00323,323,7,monkey,7,monkey,0.18198491632938385,True,0.07720812410116196,0.10539045929908752,0.07912681996822357,0.12753473222255707,0.1087440699338913,0.09492423385381699,0.0835370272397995,0.18198491632938385,0.07289169728755951,0.06865781545639038
clip_vit_b_32_linear,grayscale,test_05436,5436,7,monkey,7,monkey,0.17477968335151672,True,0.08100318908691406,0.10822343081235886,0.0721164271235466,0.11955232918262482,0.11948123574256897,0.09063291549682617,0.09273086488246918,0.17477968335151672,0.07264070957899094,0.0688391625881195
clip_vit_b_32_linear,grayscale,test_05450,5450,7,monkey,7,monkey,0.1754847913980484,True,0.0841970443725586,0.133345827460289,0.07555566728115082,0.11389181017875671,0.09955447912216187,0.09150514006614685,0.08146444708108902,0.1754847913980484,0.07664941251277924,0.0683513954281807
clip_vit_b_32_linear,grayscale,test_06358,6358,5,dog,5,dog,0.1483367383480072,True,0.07662666589021683,0.08925202488899231,0.07670795917510986,0.12540826201438904,0.10826469212770462,0.1483367383480072,0.1096961721777916,0.11014597862958908,0.07755374163389206,0.07800779491662979
clip_vit_b_32_linear,grayscale,test_00372,372,3,cat,3,cat,0.1739608347415924,True,0.07544190436601639,0.0983612909913063,0.08123937249183655,0.1739608347415924,0.09463100880384445,0.12129199504852295,0.09201177954673767,0.10622214525938034,0.07854124158620834,0.07829831540584564
clip_vit_b_32_linear,grayscale,test_00378,378,5,dog,5,dog,0.1843201369047165,True,0.07653998583555222,0.087363101541996,0.08427806198596954,0.12110286951065063,0.09175413846969604,0.1843201369047165,0.10225255787372589,0.09413555264472961,0.08070098608732224,0.07755257934331894
clip_vit_b_32_linear,grayscale,test_07706,7706,5,dog,5,dog,0.13464099168777466,True,0.08668415993452072,0.08633633702993393,0.09633515030145645,0.11558201164007187,0.08678506314754486,0.13464099168777466,0.10900181531906128,0.1034674420952797,0.08842373639345169,0.09274324774742126
clip_vit_b_32_linear,grayscale,test_02178,2178,1,bird,1,bird,0.14861030876636505,True,0.09604782611131668,0.14861030876636505,0.0862177386879921,0.0999249517917633,0.10567908734083176,0.09902249276638031,0.0924423485994339,0.09765858948230743,0.09171328693628311,0.08268333971500397
clip_vit_b_32_linear,grayscale,test_05237,5237,2,car,2,car,0.1542077511548996,True,0.10284876823425293,0.08069112151861191,0.1542077511548996,0.0837906002998352,0.0890752300620079,0.0911521315574646,0.09545080363750458,0.085936538875103,0.09526390582323074,0.12158313393592834
clip_vit_b_32_linear,grayscale,test_05478,5478,0,airplane,0,airplane,0.17214572429656982,True,0.17214572429656982,0.08601576834917068,0.09786688536405563,0.08371967077255249,0.08760790526866913,0.08760979026556015,0.08240724354982376,0.08195165544748306,0.11361338943243027,0.10706201940774918
clip_vit_b_32_linear,grayscale,test_05452,5452,9,truck,9,truck,0.1563321202993393,True,0.09868543595075607,0.08008882403373718,0.10302257537841797,0.08485250920057297,0.08612136542797089,0.09056615084409714,0.09361258149147034,0.08098780363798141,0.12573055922985077,0.1563321202993393
clip_vit_b_32_linear,grayscale,test_05623,5623,4,deer,4,deer,0.192566379904747,True,0.07882145047187805,0.09761914610862732,0.07342951744794846,0.10156240314245224,0.192566379904747,0.10394560545682907,0.10359181463718414,0.0914105549454689,0.07788840681314468,0.07916473597288132
clip_vit_b_32_linear,grayscale,test_06772,6772,7,monkey,4,deer,0.11731180548667908,False,0.09507344663143158,0.10151202976703644,0.08560127764940262,0.11604705452919006,0.11731180548667908,0.09881287813186646,0.09256848692893982,0.11626063287258148,0.0855785459280014,0.09123385697603226
clip_vit_b_32_linear,grayscale,test_01111,1111,4,deer,4,deer,0.21549397706985474,True,0.07910382002592087,0.103264220058918,0.07295161485671997,0.09294997900724411,0.21549397706985474,0.08646666258573532,0.10109230130910873,0.09001358598470688,0.08281269669532776,0.07585112750530243
clip_vit_b_32_linear,grayscale,test_05528,5528,3,cat,3,cat,0.16453702747821808,True,0.07981093227863312,0.09053682535886765,0.08820391446352005,0.16453702747821808,0.08701393008232117,0.13775447010993958,0.09886186569929123,0.09827402979135513,0.0800866037607193,0.07492034882307053
clip_vit_b_32_linear,grayscale,test_03777,3777,6,horse,6,horse,0.14941340684890747,True,0.07590172439813614,0.09414022415876389,0.07937082648277283,0.10250673443078995,0.1376962512731552,0.1030370444059372,0.14941340684890747,0.09800948202610016,0.08022086322307587,0.07970345765352249
clip_vit_b_32_linear,grayscale,test_02458,2458,5,dog,5,dog,0.16521888971328735,True,0.07709020376205444,0.09982577711343765,0.07322169095277786,0.1231025904417038,0.1057731881737709,0.16521888971328735,0.10936861485242844,0.10015502572059631,0.07272414863109589,0.07351985573768616
clip_vit_b_32_linear,grayscale,test_04921,4921,2,car,2,car,0.15318331122398376,True,0.10282759368419647,0.08509774506092072,0.15318331122398376,0.0876573696732521,0.08522982150316238,0.08859553188085556,0.09320423752069473,0.0965576171875,0.09519956260919571,0.11244721710681915
clip_vit_b_32_linear,grayscale,test_03015,3015,8,ship,8,ship,0.2063875049352646,True,0.10910937190055847,0.07745232433080673,0.09501732140779495,0.07342121005058289,0.07888855785131454,0.07937484979629517,0.07907825708389282,0.07529447227716446,0.2063875049352646,0.12597614526748657
clip_vit_b_32_linear,grayscale,test_07476,7476,8,ship,8,ship,0.14648453891277313,True,0.11197670549154282,0.09008022397756577,0.101188525557518,0.08453183621168137,0.09306185692548752,0.09385228157043457,0.0983307808637619,0.07949735969305038,0.14648453891277313,0.1009959876537323
clip_vit_b_32_linear,grayscale,test_01520,1520,2,car,2,car,0.1501103639602661,True,0.10819806903600693,0.08767102658748627,0.1501103639602661,0.0891273021697998,0.08037155121564865,0.09241120517253876,0.09362029284238815,0.08767000585794449,0.09371305257081985,0.11710716038942337
clip_vit_b_32_linear,grayscale,test_06713,6713,6,horse,6,horse,0.16613183915615082,True,0.08855944126844406,0.08319661021232605,0.09739747643470764,0.08147197216749191,0.09982601553201675,0.0976322591304779,0.16613183915615082,0.09357820451259613,0.08555080741643906,0.10665532946586609
clip_vit_b_32_linear,grayscale,test_01852,1852,1,bird,1,bird,0.20022013783454895,True,0.08706952631473541,0.20022013783454895,0.07489517331123352,0.10606350004673004,0.11144857108592987,0.08820147067308426,0.08243630081415176,0.09759034961462021,0.08009593933820724,0.07197901606559753
clip_vit_b_32_linear,grayscale,test_02268,2268,5,dog,5,dog,0.1786278933286667,True,0.0810394361615181,0.08725809305906296,0.086452916264534,0.11792559921741486,0.08635453879833221,0.1786278933286667,0.10105405747890472,0.09104832261800766,0.08457395434379578,0.08566522598266602
clip_vit_b_32_linear,grayscale,test_00151,151,8,ship,8,ship,0.17450106143951416,True,0.12914732098579407,0.08405846357345581,0.0923890769481659,0.07852287590503693,0.0807008221745491,0.08578886836767197,0.0821300595998764,0.07381626963615417,0.17450106143951416,0.11894528567790985
clip_vit_b_32_linear,grayscale,test_00890,890,6,horse,6,horse,0.17795439064502716,True,0.07442793250083923,0.08878369629383087,0.08069965988397598,0.09884548932313919,0.11257718503475189,0.11019277572631836,0.17795439064502716,0.09055867791175842,0.083649642765522,0.08231058716773987
clip_vit_b_32_linear,grayscale,test_00825,825,1,bird,1,bird,0.14350061118602753,True,0.10906737297773361,0.14350061118602753,0.08132785558700562,0.09951449185609818,0.1020979955792427,0.09473387151956558,0.08987128734588623,0.10812029242515564,0.08737812936306,0.08438810706138611
clip_vit_b_32_linear,grayscale,test_02536,2536,3,cat,3,cat,0.17174804210662842,True,0.07524905353784561,0.11177036166191101,0.07015930116176605,0.17174804210662842,0.12749989330768585,0.0925503820180893,0.08291378617286682,0.12595497071743011,0.07583560794591904,0.0663185864686966
clip_vit_b_32_linear,grayscale,test_00470,470,2,car,2,car,0.19066034257411957,True,0.1067526564002037,0.08911968022584915,0.19066034257411957,0.08069733530282974,0.07810906320810318,0.0978357270359993,0.09878876805305481,0.08157788217067719,0.08540979772806168,0.09104878455400467
clip_vit_b_32_linear,grayscale,test_05256,5256,1,bird,1,bird,0.16694483160972595,True,0.08919002115726471,0.16694483160972595,0.08043740689754486,0.11587013304233551,0.10254263132810593,0.09799907356500626,0.07891546189785004,0.1112845167517662,0.07769016176462173,0.07912568002939224
clip_vit_b_32_linear,grayscale,test_02011,2011,9,truck,9,truck,0.16544298827648163,True,0.09747423231601715,0.07742392271757126,0.10766009241342545,0.0830792784690857,0.08484667539596558,0.08775658905506134,0.09320269525051117,0.07694435119628906,0.12616907060146332,0.16544298827648163
clip_vit_b_32_linear,grayscale,test_07150,7150,0,airplane,0,airplane,0.19140957295894623,True,0.19140957295894623,0.0926712155342102,0.09893453121185303,0.07792958617210388,0.08602273464202881,0.08949115127325058,0.07851950079202652,0.08662457764148712,0.10046280175447464,0.09793443977832794
clip_vit_b_32_linear,grayscale,test_00449,449,6,horse,6,horse,0.16112782061100006,True,0.0789732113480568,0.09170439839363098,0.08596690744161606,0.09639403969049454,0.11050308495759964,0.10796013474464417,0.16112782061100006,0.08904987573623657,0.090610072016716,0.08771052956581116
clip_vit_b_32_linear,grayscale,test_02704,2704,4,deer,4,deer,0.1895073503255844,True,0.07100521773099899,0.1161535307765007,0.06813157349824905,0.12098211795091629,0.1895073503255844,0.09207852929830551,0.09222748875617981,0.10654446482658386,0.07445146888494492,0.06891830265522003
clip_vit_b_32_linear,grayscale,test_03437,3437,0,airplane,0,airplane,0.15245532989501953,True,0.15245532989501953,0.09348896145820618,0.09575352817773819,0.08630315959453583,0.10467598587274551,0.09001471102237701,0.08857114613056183,0.08436959981918335,0.1088351309299469,0.09553255885839462
clip_vit_b_32_linear,grayscale,test_03375,3375,3,cat,3,cat,0.1754511147737503,True,0.07591373473405838,0.09693429619073868,0.07189290970563889,0.1754511147737503,0.11499336361885071,0.11044508218765259,0.09715013951063156,0.11758174002170563,0.07049014419317245,0.06914752721786499
clip_vit_b_32_linear,grayscale,test_04552,4552,8,ship,8,ship,0.18944302201271057,True,0.11314328014850616,0.07142648100852966,0.0953647792339325,0.07891319692134857,0.07795079797506332,0.08500839024782181,0.07628647983074188,0.06714123487472534,0.18944302201271057,0.14532236754894257
clip_vit_b_32_linear,grayscale,test_00920,920,6,horse,6,horse,0.16533471643924713,True,0.07802611589431763,0.09708180278539658,0.07847339659929276,0.09815893322229385,0.11961714923381805,0.1072784811258316,0.16533471643924713,0.09462489187717438,0.08442092686891556,0.07698354125022888
clip_vit_b_32_linear,grayscale,test_02242,2242,0,airplane,0,airplane,0.17508171498775482,True,0.17508171498775482,0.09328801929950714,0.09857288748025894,0.08437890559434891,0.08878220617771149,0.085978202521801,0.08939085155725479,0.08256025612354279,0.1007448062300682,0.10122215002775192
clip_vit_b_32_linear,grayscale,test_02745,2745,8,ship,8,ship,0.21438300609588623,True,0.11251827329397202,0.07668174803256989,0.09086540341377258,0.07524298131465912,0.07568036019802094,0.0803934633731842,0.07902320474386215,0.0715746060013771,0.21438300609588623,0.12363694608211517
clip_vit_b_32_linear,grayscale,test_01032,1032,7,monkey,3,cat,0.12757210433483124,False,0.09144861996173859,0.1122928187251091,0.08330804109573364,0.12757210433483124,0.10572972148656845,0.10049627721309662,0.08953005075454712,0.12214861065149307,0.08306047320365906,0.08441329002380371
clip_vit_b_32_linear,grayscale,test_00365,365,3,cat,3,cat,0.17415879666805267,True,0.07598113268613815,0.09609352797269821,0.0813978835940361,0.17415879666805267,0.09598121792078018,0.12854109704494476,0.09754861146211624,0.09810271114110947,0.0773867666721344,0.0748082771897316
clip_vit_b_32_linear,grayscale,test_04850,4850,5,dog,5,dog,0.16879381239414215,True,0.07821434736251831,0.09377256035804749,0.08250729739665985,0.12881028652191162,0.0930056944489479,0.16879381239414215,0.09606832265853882,0.09955316036939621,0.08298353850841522,0.07629100978374481
clip_vit_b_32_linear,grayscale,test_04819,4819,0,airplane,0,airplane,0.18615251779556274,True,0.18615251779556274,0.09376952797174454,0.10405953973531723,0.08221994340419769,0.07546432316303253,0.09259908646345139,0.08821885287761688,0.08089609444141388,0.09871324151754379,0.09790682792663574
clip_vit_b_32_linear,grayscale,test_07338,7338,6,horse,6,horse,0.16002091765403748,True,0.08902532607316971,0.08754701912403107,0.09054876118898392,0.09395971149206161,0.11343538761138916,0.10438108444213867,0.16002091765403748,0.08737091720104218,0.08312652260065079,0.09058445692062378
clip_vit_b_32_linear,grayscale,test_07372,7372,0,airplane,0,airplane,0.1796216517686844,True,0.1796216517686844,0.08938748389482498,0.09684043377637863,0.0773598700761795,0.08421025425195694,0.09149308502674103,0.08010292053222656,0.0840945914387703,0.1146712452173233,0.10221848636865616
clip_vit_b_32_linear,grayscale,test_01090,1090,1,bird,1,bird,0.1425580382347107,True,0.11424461007118225,0.1425580382347107,0.08101395517587662,0.0966181755065918,0.10556311905384064,0.08997081965208054,0.0918843150138855,0.10436537861824036,0.0891563668847084,0.08462519198656082
clip_vit_b_32_linear,grayscale,test_05062,5062,4,deer,4,deer,0.18658539652824402,True,0.07451159507036209,0.11377353221178055,0.0699230283498764,0.1158185824751854,0.18658539652824402,0.09112218767404556,0.09929701685905457,0.10383835434913635,0.07250652462244034,0.07262378931045532
clip_vit_b_32_linear,grayscale,test_00981,981,2,car,2,car,0.17420579493045807,True,0.10655376315116882,0.08851764351129532,0.17420579493045807,0.09064054489135742,0.07968137413263321,0.08608880639076233,0.08542027324438095,0.08853258937597275,0.09023959189653397,0.11011965572834015
clip_vit_b_32_linear,grayscale,test_05857,5857,6,horse,6,horse,0.14990708231925964,True,0.08999279141426086,0.09165309369564056,0.09270218759775162,0.09617609530687332,0.10476435720920563,0.10278742760419846,0.14990708231925964,0.08946795761585236,0.08589872717857361,0.09665022045373917
clip_vit_b_32_linear,grayscale,test_01986,1986,1,bird,1,bird,0.14453940093517303,True,0.08159986883401871,0.14453940093517303,0.08384869992733002,0.10244469344615936,0.11084382236003876,0.10401566326618195,0.09565595537424088,0.11142116039991379,0.08556162565946579,0.08006905019283295
clip_vit_b_32_linear,grayscale,test_05560,5560,1,bird,1,bird,0.1404174417257309,True,0.07960108667612076,0.1404174417257309,0.0802297443151474,0.12135455757379532,0.09131863713264465,0.1182972714304924,0.1028021052479744,0.11080019921064377,0.07834667712450027,0.07683226466178894
clip_vit_b_32_linear,grayscale,test_01814,1814,2,car,2,car,0.1712755560874939,True,0.10139469057321548,0.08169268071651459,0.1712755560874939,0.09077277034521103,0.08351541310548782,0.084363654255867,0.10385936498641968,0.08490722626447678,0.08809765428304672,0.1101209819316864
clip_vit_b_32_linear,grayscale,test_00194,194,8,ship,8,ship,0.20752574503421783,True,0.10481788218021393,0.07288570702075958,0.09535727649927139,0.0756223127245903,0.07759847491979599,0.08164628595113754,0.0831562876701355,0.0728873461484909,0.20752574503421783,0.1285027414560318
clip_vit_b_32_linear,grayscale,test_01993,1993,1,bird,1,bird,0.18955270946025848,True,0.09342605620622635,0.18955270946025848,0.07405354827642441,0.10187844932079315,0.11226324737071991,0.0904880166053772,0.082443967461586,0.10605202615261078,0.07810399681329727,0.07173799723386765
clip_vit_b_32_linear,grayscale,test_05333,5333,2,car,2,car,0.19128428399562836,True,0.10122811049222946,0.07943323999643326,0.19128428399562836,0.08656575530767441,0.07854247093200684,0.08675583451986313,0.08908633142709732,0.07915208488702774,0.09660603851079941,0.11134583503007889
clip_vit_b_32_linear,grayscale,test_04311,4311,8,ship,8,ship,0.21030569076538086,True,0.1223180815577507,0.07253388315439224,0.09273809939622879,0.07752757519483566,0.08093219995498657,0.07951433956623077,0.07831377536058426,0.07237295061349869,0.21030569076538086,0.11344334483146667
clip_vit_b_32_linear,grayscale,test_07425,7425,2,car,2,car,0.18240557610988617,True,0.10254142433404922,0.07757264375686646,0.18240557610988617,0.08329351246356964,0.07977969944477081,0.09371175616979599,0.09454159438610077,0.08632941544055939,0.09234544634819031,0.10747893899679184
clip_vit_b_32_linear,grayscale,test_03889,3889,5,dog,5,dog,0.17240244150161743,True,0.07659899443387985,0.09137841314077377,0.07424888014793396,0.12521961331367493,0.09503605961799622,0.17240244150161743,0.10441520065069199,0.09851200878620148,0.08004152029752731,0.08214682340621948
clip_vit_b_32_linear,grayscale,test_04308,4308,7,monkey,7,monkey,0.1148669421672821,True,0.09468743205070496,0.09965399652719498,0.0957765206694603,0.10385043919086456,0.10180924087762833,0.09894758462905884,0.0988534465432167,0.1148669421672821,0.09164728224277496,0.09990709275007248
clip_vit_b_32_linear,grayscale,test_01960,1960,4,deer,4,deer,0.16382579505443573,True,0.08041773736476898,0.10597369819879532,0.06943856179714203,0.1346554309129715,0.16382579505443573,0.1016508936882019,0.08998800069093704,0.11152923852205276,0.07213742285966873,0.07038324326276779
clip_vit_b_32_linear,grayscale,test_04399,4399,0,airplane,0,airplane,0.17088279128074646,True,0.17088279128074646,0.0905914455652237,0.11087817698717117,0.08681289851665497,0.08384572714567184,0.09004027396440506,0.08909758925437927,0.09076352417469025,0.09254208207130432,0.09454551339149475
clip_vit_b_32_linear,grayscale,test_03191,3191,6,horse,6,horse,0.14248068630695343,True,0.08939062803983688,0.0854802131652832,0.09177588671445847,0.09189149737358093,0.1022990494966507,0.10230324417352676,0.14248068630695343,0.09614801406860352,0.08847307413816452,0.10975769907236099
clip_vit_b_32_linear,grayscale,test_01626,1626,5,dog,5,dog,0.1639721840620041,True,0.07610635459423065,0.08995584398508072,0.08793287724256516,0.11939241737127304,0.09737120568752289,0.1639721840620041,0.11595137417316437,0.09822281450033188,0.07236463576555252,0.07873017340898514
clip_vit_b_32_linear,grayscale,test_00176,176,3,cat,3,cat,0.1758398413658142,True,0.07489192485809326,0.10453765839338303,0.07772035896778107,0.1758398413658142,0.10486273467540741,0.10168254375457764,0.0868455097079277,0.12649162113666534,0.07734803110361099,0.06977978348731995
clip_vit_b_32_linear,grayscale,test_07726,7726,6,horse,6,horse,0.16259974241256714,True,0.07530660927295685,0.08921869844198227,0.08291519433259964,0.10565503686666489,0.11293811351060867,0.11349254846572876,0.16259974241256714,0.09819357842206955,0.07922976464033127,0.08045072108507156
clip_vit_b_32_linear,grayscale,test_02334,2334,5,dog,5,dog,0.18636523187160492,True,0.07742366939783096,0.08790799230337143,0.08148149400949478,0.12467523664236069,0.09312201291322708,0.18636523187160492,0.11059227585792542,0.09268632531166077,0.07070682942867279,0.07503898441791534
clip_vit_b_32_linear,grayscale,test_01648,1648,0,airplane,0,airplane,0.18698959052562714,True,0.18698959052562714,0.09145324677228928,0.09460417926311493,0.07363087683916092,0.08454740792512894,0.08933598548173904,0.08145478367805481,0.08317390829324722,0.11411133408546448,0.10069875419139862
clip_vit_b_32_linear,grayscale,test_06084,6084,7,monkey,7,monkey,0.18061614036560059,True,0.08433458209037781,0.11697831749916077,0.07232155650854111,0.1203974112868309,0.11280763894319534,0.08476841449737549,0.0853111669421196,0.18061614036560059,0.07339958101511002,0.06906520575284958
clip_vit_b_32_linear,grayscale,test_03455,3455,0,airplane,0,airplane,0.17384487390518188,True,0.17384487390518188,0.0956621915102005,0.09694410860538483,0.07885460555553436,0.08809618651866913,0.0943288803100586,0.08184155076742172,0.08108662813901901,0.10368165373802185,0.10565932840108871
clip_vit_b_32_linear,grayscale,test_01468,1468,9,truck,9,truck,0.15012545883655548,True,0.1113823652267456,0.07760871946811676,0.1160682737827301,0.08614929765462875,0.0838007852435112,0.09417464584112167,0.09433092921972275,0.07630713284015656,0.11005239933729172,0.15012545883655548
clip_vit_b_32_linear,grayscale,test_01296,1296,7,monkey,4,deer,0.12796452641487122,False,0.08681274205446243,0.11151887476444244,0.08759601414203644,0.1040407195687294,0.12796452641487122,0.10437975823879242,0.09468694031238556,0.11035297065973282,0.08440032601356506,0.08824716508388519
clip_vit_b_32_linear,grayscale,test_05213,5213,4,deer,4,deer,0.1908404529094696,True,0.07914924621582031,0.11129969358444214,0.0736662745475769,0.10527871549129486,0.1908404529094696,0.08782883733510971,0.09560322761535645,0.10648658126592636,0.08019635826349258,0.06965065002441406
clip_vit_b_32_linear,grayscale,test_07047,7047,9,truck,9,truck,0.17638780176639557,True,0.0960427075624466,0.08298046886920929,0.10869932919740677,0.0788595899939537,0.08165895938873291,0.08803015202283859,0.09684059768915176,0.07512197643518448,0.11537842452526093,0.17638780176639557
clip_vit_b_32_linear,grayscale,test_05360,5360,9,truck,9,truck,0.16294653713703156,True,0.11701258271932602,0.07790891826152802,0.11739788204431534,0.08096280694007874,0.07513514906167984,0.09202434122562408,0.09350058436393738,0.07387568801641464,0.10923545807600021,0.16294653713703156
clip_vit_b_32_linear,grayscale,test_05824,5824,2,car,9,truck,0.13051572442054749,False,0.10480067133903503,0.08920879662036896,0.13001345098018646,0.08946891874074936,0.0859457328915596,0.09027077257633209,0.09356260299682617,0.0867280662059784,0.0994853675365448,0.13051572442054749
clip_vit_b_32_linear,grayscale,test_07460,7460,8,ship,8,ship,0.14993895590305328,True,0.11517374217510223,0.08595201373100281,0.11029613018035889,0.08609703928232193,0.083281971514225,0.09042830020189285,0.08279986679553986,0.08380500227212906,0.14993895590305328,0.1122269481420517
clip_vit_b_32_linear,grayscale,test_04791,4791,7,monkey,7,monkey,0.18833737075328827,True,0.07665738463401794,0.11151079088449478,0.07890919595956802,0.12144038826227188,0.11003748327493668,0.08668621629476547,0.08385976403951645,0.18833737075328827,0.06925113499164581,0.0733102485537529
clip_vit_b_32_linear,grayscale,test_06692,6692,2,car,2,car,0.15766507387161255,True,0.09929997473955154,0.0874272882938385,0.15766507387161255,0.08742722868919373,0.08307929337024689,0.09333781898021698,0.08932436257600784,0.08090976625680923,0.10075581818819046,0.12077342718839645
clip_vit_b_32_linear,grayscale,test_06931,6931,9,truck,9,truck,0.14848007261753082,True,0.11804424226284027,0.08783275634050369,0.1034814640879631,0.08215008676052094,0.08166789263486862,0.08972513675689697,0.09367546439170837,0.08119094371795654,0.11375194787979126,0.14848007261753082
clip_vit_b_32_linear,grayscale,test_00667,667,8,ship,8,ship,0.19118767976760864,True,0.12260158360004425,0.07320178300142288,0.08812606334686279,0.08403723686933517,0.08711744099855423,0.08336647599935532,0.08154550194740295,0.07357209920883179,0.19118767976760864,0.11524417251348495
clip_vit_b_32_linear,grayscale,test_07781,7781,6,horse,6,horse,0.1856490820646286,True,0.0705433115363121,0.0921422690153122,0.08190818130970001,0.10136361420154572,0.10579635947942734,0.11911467462778091,0.1856490820646286,0.09835915267467499,0.07275604456663132,0.07236724346876144
clip_vit_b_32_linear,grayscale,test_07793,7793,3,cat,3,cat,0.15320023894309998,True,0.077223040163517,0.09270412474870682,0.08763203024864197,0.15320023894309998,0.08420943468809128,0.1446211338043213,0.10043983906507492,0.10155747830867767,0.0817805677652359,0.07663220167160034
clip_vit_b_32_linear,grayscale,test_01411,1411,9,truck,9,truck,0.17093849182128906,True,0.10716411471366882,0.08221927285194397,0.10166220366954803,0.07606657594442368,0.08394790440797806,0.08186471462249756,0.08940239250659943,0.07348928600549698,0.133245050907135,0.17093849182128906
clip_vit_b_32_linear,grayscale,test_01473,1473,7,monkey,7,monkey,0.18789257109165192,True,0.07662096619606018,0.11060619354248047,0.0784248486161232,0.11877667903900146,0.10202101618051529,0.09730010479688644,0.08648892492055893,0.18789257109165192,0.07213453948497772,0.0697341337800026
clip_vit_b_32_linear,grayscale,test_07130,7130,5,dog,5,dog,0.16591592133045197,True,0.08301536738872528,0.1016625165939331,0.08265282213687897,0.1178278848528862,0.09619880467653275,0.16591592133045197,0.10341157764196396,0.09375719726085663,0.07701903581619263,0.07853884994983673
clip_vit_b_32_linear,grayscale,test_01956,1956,7,monkey,3,cat,0.15237490832805634,False,0.06966406852006912,0.10654409974813461,0.07051775604486465,0.15237490832805634,0.11031132936477661,0.10577540099620819,0.08662482351064682,0.14571528136730194,0.07631762325763702,0.07615460455417633
clip_vit_b_32_linear,grayscale,test_06716,6716,5,dog,5,dog,0.13008010387420654,True,0.07710441201925278,0.099763885140419,0.09013620018959045,0.11737248301506042,0.10241753607988358,0.13008010387420654,0.10671567916870117,0.10549496114253998,0.08640024065971375,0.08451449126005173
clip_vit_b_32_linear,grayscale,test_04106,4106,5,dog,5,dog,0.1449289321899414,True,0.08191040903329849,0.09728170186281204,0.08145351707935333,0.125260591506958,0.10581956058740616,0.1449289321899414,0.10022024810314178,0.10508431494235992,0.07696966081857681,0.08107107877731323
clip_vit_b_32_linear,grayscale,test_03494,3494,6,horse,6,horse,0.18857184052467346,True,0.08152122795581818,0.08077678084373474,0.09630186855792999,0.09608107805252075,0.09157071262598038,0.11909302324056625,0.18857184052467346,0.0835200846195221,0.07872217148542404,0.08384113758802414
clip_vit_b_32_linear,grayscale,test_00691,691,4,deer,4,deer,0.1992650181055069,True,0.07259264588356018,0.10705745220184326,0.0699731782078743,0.11373491585254669,0.1992650181055069,0.08896303921937943,0.09815294295549393,0.09950538724660873,0.07710375636816025,0.0736515074968338
clip_vit_b_32_linear,grayscale,test_05220,5220,1,bird,3,cat,0.12926699221134186,False,0.08458665013313293,0.10382573306560516,0.08563924580812454,0.12926699221134186,0.10204729437828064,0.12044890224933624,0.09428919851779938,0.11259187757968903,0.08221010118722916,0.08509396761655807
clip_vit_b_32_linear,grayscale,test_04908,4908,3,cat,3,cat,0.18744806945323944,True,0.07617411017417908,0.10221035033464432,0.0742235854268074,0.18744806945323944,0.10678605735301971,0.11060835421085358,0.08447174727916718,0.11425386369228363,0.07265042513608932,0.07117346674203873
clip_vit_b_32_linear,grayscale,test_07029,7029,1,bird,1,bird,0.17873184382915497,True,0.08417440950870514,0.17873184382915497,0.07537273317575455,0.10399758070707321,0.10906776040792465,0.09159308671951294,0.07881689816713333,0.1230817660689354,0.08224368095397949,0.07292032986879349
clip_vit_b_32_linear,grayscale,test_04130,4130,0,airplane,0,airplane,0.1833508312702179,True,0.1833508312702179,0.08951076120138168,0.10247859358787537,0.07987706363201141,0.0798482671380043,0.09135875105857849,0.09051786363124847,0.08327627182006836,0.09808915853500366,0.10169237852096558
clip_vit_b_32_linear,grayscale,test_07938,7938,9,truck,9,truck,0.14917077124118805,True,0.09579095989465714,0.08729296922683716,0.1067219004034996,0.08851977437734604,0.08767417818307877,0.09239614009857178,0.09189413487911224,0.0897974893450737,0.11074168235063553,0.14917077124118805
clip_vit_b_32_linear,grayscale,test_05101,5101,5,dog,5,dog,0.162103071808815,True,0.0839463472366333,0.09343059360980988,0.10349252820014954,0.10873569548130035,0.08662816137075424,0.162103071808815,0.10283934324979782,0.09344806522130966,0.07772066444158554,0.08765553683042526
clip_vit_b_32_linear,grayscale,test_01515,1515,9,truck,9,truck,0.18033166229724884,True,0.10243711620569229,0.07635059952735901,0.11264922469854355,0.07579393684864044,0.08250275999307632,0.0858885794878006,0.0905170813202858,0.0725274533033371,0.12100153416395187,0.18033166229724884
clip_vit_b_32_linear,grayscale,test_03287,3287,4,deer,4,deer,0.21256035566329956,True,0.08052106201648712,0.09552288800477982,0.07667254656553268,0.0886617973446846,0.21256035566329956,0.08905676752328873,0.10771181434392929,0.08531888574361801,0.08116980642080307,0.08280406147241592
clip_vit_b_32_linear,grayscale,test_00716,716,8,ship,8,ship,0.20782245695590973,True,0.111384816467762,0.07703171670436859,0.08110161870718002,0.07518681138753891,0.07954134047031403,0.07763854414224625,0.08296641707420349,0.0737978145480156,0.20782245695590973,0.133528470993042
clip_vit_b_32_linear,grayscale,test_04236,4236,7,monkey,7,monkey,0.14190801978111267,True,0.08062390238046646,0.09937699884176254,0.08727133274078369,0.13161131739616394,0.10281220078468323,0.09687391668558121,0.09473711997270584,0.14190801978111267,0.08010435104370117,0.08468072861433029
clip_vit_b_32_linear,grayscale,test_05408,5408,6,horse,6,horse,0.1571549028158188,True,0.07372540980577469,0.09931884706020355,0.0745619386434555,0.11040089279413223,0.1253872960805893,0.10814905911684036,0.1571549028158188,0.09955362230539322,0.07964903861284256,0.0720989927649498
clip_vit_b_32_linear,grayscale,test_05496,5496,5,dog,5,dog,0.1676628291606903,True,0.08142311125993729,0.09290739893913269,0.09480607509613037,0.11791299283504486,0.08443470299243927,0.1676628291606903,0.10018721222877502,0.0978342667222023,0.08350867033004761,0.07932272553443909
clip_vit_b_32_linear,grayscale,test_03365,3365,4,deer,4,deer,0.18485665321350098,True,0.08126569539308548,0.10209837555885315,0.0791398286819458,0.09794066101312637,0.18485665321350098,0.09845919162034988,0.09813959151506424,0.09508175402879715,0.07848849147558212,0.0845298022031784
clip_vit_b_32_linear,grayscale,test_04323,4323,3,cat,3,cat,0.1526532769203186,True,0.08185368031263351,0.08915778994560242,0.08814967423677444,0.1526532769203186,0.08418522030115128,0.13738557696342468,0.10336374491453171,0.09459678828716278,0.08448833972215652,0.08416594564914703
clip_vit_b_32_linear,grayscale,test_05467,5467,4,deer,4,deer,0.2029106318950653,True,0.07288581132888794,0.10075926780700684,0.071445994079113,0.10016652196645737,0.2029106318950653,0.0898822471499443,0.10184664279222488,0.11146954447031021,0.07592062652111053,0.07271269708871841
clip_vit_b_32_linear,grayscale,test_01644,1644,5,dog,5,dog,0.17564156651496887,True,0.07769571244716644,0.09614181518554688,0.08430267125368118,0.12566255033016205,0.09082108736038208,0.17564156651496887,0.10321008414030075,0.09627962857484818,0.07384371757507324,0.0764012262225151
clip_vit_b_32_linear,grayscale,test_03948,3948,8,ship,8,ship,0.18496881425380707,True,0.10981962084770203,0.08167080581188202,0.0933755561709404,0.07974138855934143,0.08769278228282928,0.08692514151334763,0.08492779731750488,0.08160454779863358,0.18496881425380707,0.1092735081911087
clip_vit_b_32_linear,grayscale,test_06726,6726,7,monkey,7,monkey,0.1523798108100891,True,0.08087944239377975,0.10996191203594208,0.07191512733697891,0.13486139476299286,0.12068052589893341,0.10465345531702042,0.08166661858558655,0.1523798108100891,0.07442891597747803,0.06857278943061829
clip_vit_b_32_linear,grayscale,test_05395,5395,2,car,2,car,0.1946326196193695,True,0.09709309041500092,0.08165108412504196,0.1946326196193695,0.0839403048157692,0.08149611949920654,0.08750174939632416,0.08706042170524597,0.0868593081831932,0.09643027186393738,0.10333505272865295
clip_vit_b_32_linear,grayscale,test_01579,1579,7,monkey,7,monkey,0.1530703902244568,True,0.08538900315761566,0.10212681442499161,0.08581206947565079,0.12397110462188721,0.10228492319583893,0.10034111887216568,0.09649576246738434,0.1530703902244568,0.07082628458738327,0.07968246936798096
clip_vit_b_32_linear,grayscale,test_05918,5918,0,airplane,0,airplane,0.18800069391727448,True,0.18800069391727448,0.09021490812301636,0.10210539400577545,0.08070950210094452,0.08695007115602493,0.08644832670688629,0.0808769166469574,0.08204776793718338,0.103487528860569,0.0991588607430458
clip_vit_b_32_linear,grayscale,test_07041,7041,5,dog,5,dog,0.13355204463005066,True,0.0861835777759552,0.09078381210565567,0.09092344343662262,0.1216525286436081,0.09409026801586151,0.13355204463005066,0.10249277204275131,0.10420960187911987,0.08770262449979782,0.08840934187173843
clip_vit_b_32_linear,grayscale,test_00506,506,4,deer,4,deer,0.17187577486038208,True,0.07901608943939209,0.10014858096837997,0.07474340498447418,0.11594107002019882,0.17187577486038208,0.1004529520869255,0.09717326611280441,0.10250680893659592,0.07944271713495255,0.07869933545589447
clip_vit_b_32_linear,grayscale,test_04011,4011,6,horse,6,horse,0.19718262553215027,True,0.08570588380098343,0.08064024150371552,0.08998090028762817,0.09169279783964157,0.0929049625992775,0.11547695100307465,0.19718262553215027,0.08412620425224304,0.07771934568881989,0.08457009494304657
clip_vit_b_32_linear,grayscale,test_05981,5981,9,truck,9,truck,0.14269454777240753,True,0.10282433032989502,0.08737104386091232,0.11533108353614807,0.08810541033744812,0.08782181143760681,0.08925699442625046,0.08822780102491379,0.08505059033632278,0.11331634223461151,0.14269454777240753
clip_vit_b_32_linear,grayscale,test_00409,409,2,car,2,car,0.19646553695201874,True,0.10325311869382858,0.07974916696548462,0.19646553695201874,0.0832376629114151,0.07497352361679077,0.09372945129871368,0.09442021697759628,0.08632258325815201,0.08308951556682587,0.10475920885801315
clip_vit_b_32_linear,grayscale,test_06954,6954,1,bird,1,bird,0.1554526537656784,True,0.08644307404756546,0.1554526537656784,0.08009198307991028,0.1222599670290947,0.10052704066038132,0.08825875073671341,0.08710197359323502,0.12328466027975082,0.07702074944972992,0.07955923676490784
clip_vit_b_32_linear,grayscale,test_07555,7555,6,horse,6,horse,0.13167676329612732,True,0.0947151631116867,0.08485926687717438,0.09441258013248444,0.09643439948558807,0.10582177340984344,0.10607229173183441,0.13167676329612732,0.0944390594959259,0.08637748658657074,0.10519128292798996
clip_vit_b_32_linear,grayscale,test_03965,3965,0,airplane,0,airplane,0.17981214821338654,True,0.17981214821338654,0.09014162421226501,0.10033619403839111,0.07600681483745575,0.08282196521759033,0.09067384153604507,0.08039166778326035,0.08207138627767563,0.11440242826938629,0.10334192961454391
clip_vit_b_32_linear,grayscale,test_07266,7266,9,truck,9,truck,0.13717393577098846,True,0.10548293590545654,0.09189926832914352,0.09823592752218246,0.09506674855947495,0.10156302899122238,0.09456522017717361,0.09412828087806702,0.08664651960134506,0.09523813426494598,0.13717393577098846
clip_vit_b_32_linear,grayscale,test_04785,4785,0,airplane,0,airplane,0.17286568880081177,True,0.17286568880081177,0.08165314048528671,0.10382664948701859,0.08454380184412003,0.07665318250656128,0.08566193282604218,0.07909251749515533,0.08214429765939713,0.11751866340637207,0.1160401925444603
clip_vit_b_32_linear,grayscale,test_06028,6028,2,car,2,car,0.18273082375526428,True,0.09958502650260925,0.08206018805503845,0.18273082375526428,0.0835094079375267,0.08423114567995071,0.08661815524101257,0.0920032262802124,0.08522798120975494,0.09420653432607651,0.109827421605587
clip_vit_b_32_linear,grayscale,test_06503,6503,2,car,2,car,0.15268582105636597,True,0.10152851045131683,0.08578166365623474,0.15268582105636597,0.08385520428419113,0.08948017656803131,0.09236647933721542,0.09325720369815826,0.08544597774744034,0.09471549838781357,0.12088349461555481
clip_vit_b_32_linear,grayscale,test_06414,6414,5,dog,5,dog,0.1453450620174408,True,0.08405657857656479,0.09305056184530258,0.09369608014822006,0.11609803885221481,0.09042833745479584,0.1453450620174408,0.10122895240783691,0.1021457239985466,0.08437395095825195,0.0895768254995346
clip_vit_b_32_linear,grayscale,test_05382,5382,6,horse,6,horse,0.15850971639156342,True,0.08585827797651291,0.08046398311853409,0.10796166956424713,0.0852789506316185,0.10229694098234177,0.0986061692237854,0.15850971639156342,0.08542841672897339,0.0940735936164856,0.10152231156826019
clip_vit_b_32_linear,grayscale,test_06836,6836,1,bird,1,bird,0.1507747620344162,True,0.09151113033294678,0.1507747620344162,0.08446884155273438,0.10597153753042221,0.11734656989574432,0.0930790826678276,0.08668554574251175,0.11091245710849762,0.0807412788271904,0.07850883156061172
clip_vit_b_32_linear,grayscale,test_06508,6508,4,deer,4,deer,0.1967797577381134,True,0.07377097010612488,0.10623529553413391,0.07805818319320679,0.10206447541713715,0.1967797577381134,0.08829648047685623,0.09753256291151047,0.10206383466720581,0.0787525624036789,0.07644583284854889
clip_vit_b_32_linear,grayscale,test_03994,3994,4,deer,4,deer,0.18941132724285126,True,0.07031188160181046,0.1095222532749176,0.07040982693433762,0.11635161191225052,0.18941132724285126,0.09231871366500854,0.09224526584148407,0.10489873588085175,0.07866378873586655,0.07586663216352463
clip_vit_b_32_linear,grayscale,test_03942,3942,9,truck,9,truck,0.16720791161060333,True,0.11585693806409836,0.08650290966033936,0.10755595564842224,0.08102863281965256,0.07568356394767761,0.08343314379453659,0.08849877864122391,0.08377107977867126,0.11046106368303299,0.16720791161060333
clip_vit_b_32_linear,grayscale,test_03542,3542,7,monkey,7,monkey,0.1879148632287979,True,0.07653509825468063,0.10331108421087265,0.0762282982468605,0.11901907622814178,0.10638491064310074,0.09714949876070023,0.09072411805391312,0.1879148632287979,0.07105523347854614,0.0716777890920639
clip_vit_b_32_linear,grayscale,test_06952,6952,3,cat,3,cat,0.15526431798934937,True,0.08094082027673721,0.09977642446756363,0.09222805500030518,0.15526431798934937,0.08875162154436111,0.12370624393224716,0.0948416143655777,0.10463632643222809,0.08011148124933243,0.07974304258823395
clip_vit_b_32_linear,grayscale,test_04290,4290,5,dog,1,bird,0.13376106321811676,False,0.08982398360967636,0.13376106321811676,0.07190975546836853,0.10802843421697617,0.1311824768781662,0.09881217032670975,0.09226807951927185,0.12498924136161804,0.07718156278133392,0.07204325497150421
clip_vit_b_32_linear,grayscale,test_07446,7446,8,ship,8,ship,0.17086148262023926,True,0.11803378909826279,0.07663741707801819,0.1162770465016365,0.0818624347448349,0.07841169834136963,0.08610079437494278,0.08543284237384796,0.07535041868686676,0.17086148262023926,0.11103203147649765
clip_vit_b_32_linear,grayscale,test_06169,6169,1,bird,1,bird,0.11120671033859253,True,0.10519600659608841,0.11120671033859253,0.0990835651755333,0.09646740555763245,0.09209328144788742,0.10329568386077881,0.10693160444498062,0.09684896469116211,0.09416607767343521,0.09471071511507034
clip_vit_b_32_linear,grayscale,test_01109,1109,1,bird,1,bird,0.13980704545974731,True,0.11548770219087601,0.13980704545974731,0.08076424896717072,0.09527092427015305,0.10210087895393372,0.09238014370203018,0.09005261212587357,0.09764004498720169,0.09958510100841522,0.08691144734621048
clip_vit_b_32_linear,grayscale,test_03179,3179,4,deer,4,deer,0.19664335250854492,True,0.07166758924722672,0.09525103867053986,0.07225120812654495,0.10708151757717133,0.19664335250854492,0.0971696600317955,0.10390761494636536,0.0950482040643692,0.08039682358503342,0.08058295398950577
clip_vit_b_32_linear,grayscale,test_07835,7835,7,monkey,7,monkey,0.16036765277385712,True,0.07792668044567108,0.1085752546787262,0.07707958668470383,0.13332267105579376,0.11264917254447937,0.09375065565109253,0.0843283161520958,0.16036765277385712,0.08014746010303497,0.07185259461402893
clip_vit_b_32_linear,grayscale,test_07390,7390,1,bird,1,bird,0.1750517040491104,True,0.10215037316083908,0.1750517040491104,0.08550707250833511,0.09495928138494492,0.09779782593250275,0.09566178917884827,0.08668960630893707,0.10049483925104141,0.0832459032535553,0.07844164222478867
clip_vit_b_32_linear,grayscale,test_00568,568,5,dog,5,dog,0.15474919974803925,True,0.07655207812786102,0.09022392332553864,0.08995608240365982,0.1403467059135437,0.09735909104347229,0.15474919974803925,0.09280215203762054,0.10918281227350235,0.07649757713079453,0.07233042269945145
clip_vit_b_32_linear,grayscale,test_04629,4629,4,deer,4,deer,0.18788257241249084,True,0.08020971715450287,0.10321550071239471,0.07242032140493393,0.11194774508476257,0.18788257241249084,0.09131573140621185,0.09474970400333405,0.09725222736597061,0.07922417670488358,0.08178234845399857
clip_vit_b_32_linear,grayscale,test_07138,7138,8,ship,8,ship,0.18051078915596008,True,0.1305745393037796,0.08054905384778976,0.0908002257347107,0.08431676775217056,0.08525551855564117,0.08481903374195099,0.08062876760959625,0.07517638802528381,0.18051078915596008,0.10736893862485886
clip_vit_b_32_linear,grayscale,test_05284,5284,9,truck,9,truck,0.14608004689216614,True,0.09642999619245529,0.08677462488412857,0.10683153569698334,0.08388644456863403,0.08841400593519211,0.09241703152656555,0.10200910270214081,0.08707328885793686,0.1100839301943779,0.14608004689216614
clip_vit_b_32_linear,grayscale,test_00003,3,0,airplane,0,airplane,0.17451468110084534,True,0.17451468110084534,0.07677017897367477,0.1044292226433754,0.07774945348501205,0.07540180534124374,0.08057033270597458,0.07412475347518921,0.08708786964416504,0.1341060847043991,0.11524558067321777
clip_vit_b_32_linear,grayscale,test_02690,2690,1,bird,1,bird,0.1651073545217514,True,0.08603046089410782,0.1651073545217514,0.0730593279004097,0.11538423597812653,0.1190701499581337,0.08575862646102905,0.07245069742202759,0.12918606400489807,0.08282209187746048,0.07113103568553925
clip_vit_b_32_linear,grayscale,test_05858,5858,6,horse,6,horse,0.15127238631248474,True,0.07259755581617355,0.09541430324316025,0.0786958560347557,0.1056850478053093,0.12783420085906982,0.10757486522197723,0.15127238631248474,0.10564462840557098,0.07723516970872879,0.078046053647995
clip_vit_b_32_linear,grayscale,test_01266,1266,4,deer,4,deer,0.18440143764019012,True,0.07627013325691223,0.11030779778957367,0.0696801096200943,0.11638519167900085,0.18440143764019012,0.08980946242809296,0.09130679816007614,0.11201155185699463,0.07735472917556763,0.07247281819581985
clip_vit_b_32_linear,grayscale,test_03034,3034,4,deer,4,deer,0.19479714334011078,True,0.07302983850240707,0.10737594217061996,0.07160850614309311,0.10779595375061035,0.19479714334011078,0.09843898564577103,0.10381243377923965,0.09892962872982025,0.07315771281719208,0.07105381041765213
clip_vit_b_32_linear,grayscale,test_02655,2655,9,truck,9,truck,0.15192562341690063,True,0.10339049249887466,0.07815223187208176,0.12233351916074753,0.08495227992534637,0.07994583249092102,0.08584432303905487,0.09514091908931732,0.08764694631099701,0.11066781729459763,0.15192562341690063
clip_vit_b_32_linear,grayscale,test_06190,6190,7,monkey,7,monkey,0.19648496806621552,True,0.08038430660963058,0.12002192437648773,0.07478367537260056,0.12040247768163681,0.10561706125736237,0.08743232488632202,0.07806111872196198,0.19648496806621552,0.07206036895513535,0.06475188583135605
clip_vit_b_32_linear,grayscale,test_04170,4170,8,ship,8,ship,0.19130203127861023,True,0.11313114315271378,0.07661189138889313,0.09293850511312485,0.07745381444692612,0.08088301122188568,0.08285526186227798,0.0811670571565628,0.07047490030527115,0.19130203127861023,0.1331823766231537
clip_vit_b_32_linear,grayscale,test_07380,7380,9,truck,9,truck,0.18277893960475922,True,0.09579204767942429,0.07549344003200531,0.1138405054807663,0.0771947056055069,0.08020055294036865,0.08598880469799042,0.0900796502828598,0.07193423062562943,0.1266971230506897,0.18277893960475922
clip_vit_b_32_linear,grayscale,test_07752,7752,9,truck,9,truck,0.1658755987882614,True,0.10700150579214096,0.07698825001716614,0.10998491197824478,0.08388097584247589,0.08744382113218307,0.09166764467954636,0.09176400303840637,0.07785400748252869,0.10753927379846573,0.1658755987882614
clip_vit_b_32_linear,grayscale,test_03996,3996,9,truck,9,truck,0.1592767983675003,True,0.10124854743480682,0.08254963159561157,0.10833192616701126,0.08220569789409637,0.08392997831106186,0.09275782853364944,0.08905918151140213,0.07583264261484146,0.12480779737234116,0.1592767983675003
clip_vit_b_32_linear,grayscale,test_01204,1204,3,cat,3,cat,0.1814560741186142,True,0.07023632526397705,0.11138401180505753,0.07522633671760559,0.1814560741186142,0.1068105548620224,0.09723592549562454,0.08034523576498032,0.12805870175361633,0.07900351285934448,0.07024328410625458
clip_vit_b_32_linear,grayscale,test_01654,1654,9,truck,9,truck,0.18621669709682465,True,0.10254532098770142,0.07416081428527832,0.10743919014930725,0.07627100497484207,0.08008990436792374,0.08494022488594055,0.09519464522600174,0.07523699849843979,0.1179051622748375,0.18621669709682465
clip_vit_b_32_linear,grayscale,test_04746,4746,6,horse,6,horse,0.1831238567829132,True,0.07251942902803421,0.09492138028144836,0.08092544972896576,0.10250803828239441,0.1075834259390831,0.11434360593557358,0.1831238567829132,0.09505990147590637,0.07294081896543503,0.07607407122850418
clip_vit_b_32_linear,grayscale,test_04590,4590,3,cat,3,cat,0.1558220386505127,True,0.08349048346281052,0.09980881959199905,0.08681143075227737,0.1558220386505127,0.09069249778985977,0.11414818465709686,0.08735529333353043,0.10692590475082397,0.08635926991701126,0.08858613669872284
clip_vit_b_32_linear,grayscale,test_00562,562,0,airplane,0,airplane,0.1705629825592041,True,0.1705629825592041,0.09328947961330414,0.10419696569442749,0.08331947028636932,0.0814015343785286,0.09086387604475021,0.08809059858322144,0.08549126237630844,0.10582053661346436,0.09696334600448608
clip_vit_b_32_linear,grayscale,test_07108,7108,6,horse,6,horse,0.16228899359703064,True,0.0838283896446228,0.08561312407255173,0.08611395955085754,0.0872848853468895,0.11819960922002792,0.098835289478302,0.16228899359703064,0.08609727025032043,0.09342294186353683,0.09831555187702179
clip_vit_b_32_linear,grayscale,test_05999,5999,0,airplane,0,airplane,0.1823616921901703,True,0.1823616921901703,0.09164392203092575,0.109004445374012,0.08426763862371445,0.08469288051128387,0.08603669703006744,0.07328227907419205,0.08758681267499924,0.10002881288528442,0.1010948047041893
clip_vit_b_32_linear,grayscale,test_01403,1403,2,car,2,car,0.1754651516675949,True,0.10094071924686432,0.08181098848581314,0.1754651516675949,0.08236036449670792,0.07724463939666748,0.08810552954673767,0.09279299527406693,0.08444201946258545,0.09927767515182495,0.11755993962287903
clip_vit_b_32_linear,grayscale,test_04403,4403,7,monkey,7,monkey,0.19843660295009613,True,0.0744020864367485,0.11041378974914551,0.06904634088277817,0.11806318163871765,0.11303180456161499,0.09227084368467331,0.09129954129457474,0.19843660295009613,0.06827985495328903,0.06475604325532913
clip_vit_b_32_linear,grayscale,test_06332,6332,2,car,2,car,0.15983332693576813,True,0.10698505491018295,0.08856074512004852,0.15983332693576813,0.08302605152130127,0.09235728532075882,0.09019500762224197,0.08920396119356155,0.08074679970741272,0.10274463891983032,0.10634713619947433
clip_vit_b_32_linear,grayscale,test_06264,6264,2,car,2,car,0.1845780611038208,True,0.0946553573012352,0.0791076198220253,0.1845780611038208,0.09269419312477112,0.07766905426979065,0.09717221558094025,0.09183669090270996,0.0863063707947731,0.09316077083349228,0.10281962156295776
clip_vit_b_32_linear,grayscale,test_00303,303,9,truck,9,truck,0.1779862642288208,True,0.09793943166732788,0.07978442311286926,0.10233711451292038,0.07751017063856125,0.0850362703204155,0.08814150840044022,0.0927552729845047,0.07183611392974854,0.12667341530323029,0.1779862642288208
clip_vit_b_32_linear,grayscale,test_00791,791,3,cat,3,cat,0.17082948982715607,True,0.07809853553771973,0.09454312175512314,0.08564464002847672,0.17082948982715607,0.0874628871679306,0.13122893869876862,0.0956069827079773,0.09753292053937912,0.08105626702308655,0.07799622416496277
clip_vit_b_32_linear,grayscale,test_03067,3067,2,car,2,car,0.1743146926164627,True,0.10536009073257446,0.07620257884263992,0.1743146926164627,0.08598386496305466,0.08376030623912811,0.08617375791072845,0.10591167956590652,0.08357653021812439,0.09217874705791473,0.10653770714998245
clip_vit_b_32_linear,grayscale,test_00484,484,0,airplane,0,airplane,0.19541862607002258,True,0.19541862607002258,0.08681584894657135,0.101763516664505,0.0778965950012207,0.07616978883743286,0.08610010147094727,0.08410024642944336,0.07843438535928726,0.10965600609779358,0.10364485532045364
clip_vit_b_32_linear,grayscale,test_01370,1370,3,cat,3,cat,0.16594728827476501,True,0.07981960475444794,0.09941907972097397,0.08142076432704926,0.16594728827476501,0.09750474989414215,0.12341377884149551,0.08867866545915604,0.1067228615283966,0.07852715253829956,0.07854608446359634
clip_vit_b_32_linear,grayscale,test_04069,4069,8,ship,0,airplane,0.13906176388263702,False,0.13906176388263702,0.09036222100257874,0.0949988067150116,0.08843530714511871,0.09658048301935196,0.09503193944692612,0.08826910704374313,0.08374638110399246,0.11668127775192261,0.10683277249336243
clip_vit_b_32_linear,grayscale,test_07373,7373,0,airplane,0,airplane,0.18871325254440308,True,0.18871325254440308,0.08633642643690109,0.10330640524625778,0.07828501611948013,0.07879788428544998,0.08266913145780563,0.08114667981863022,0.07623516768217087,0.11367902159690857,0.11083110421895981
clip_vit_b_32_linear,grayscale,test_04330,4330,3,cat,3,cat,0.16890236735343933,True,0.07745671272277832,0.09731896966695786,0.07595185190439224,0.16890236735343933,0.1142396628856659,0.11026378720998764,0.0866028219461441,0.11725807189941406,0.07623236626386642,0.0757734403014183
clip_vit_b_32_linear,grayscale,test_05701,5701,5,dog,5,dog,0.17238184809684753,True,0.08077643811702728,0.08719502389431,0.08921552449464798,0.1263391375541687,0.09141001850366592,0.17238184809684753,0.10186423361301422,0.10130813717842102,0.07464979588985443,0.07485982030630112
clip_vit_b_32_linear,grayscale,test_07465,7465,0,airplane,0,airplane,0.18916480243206024,True,0.18916480243206024,0.09283608198165894,0.10070814937353134,0.07882875204086304,0.08214166015386581,0.08762769401073456,0.07780284434556961,0.08579584956169128,0.10112442076206207,0.10396978259086609
clip_vit_b_32_linear,grayscale,test_01531,1531,3,cat,3,cat,0.15545828640460968,True,0.07990225404500961,0.09211228042840958,0.07074321061372757,0.15545828640460968,0.1345817595720291,0.11580372601747513,0.10107393562793732,0.10773535817861557,0.07238197326660156,0.07020718604326248
clip_vit_b_32_linear,grayscale,test_04676,4676,8,ship,8,ship,0.2000821828842163,True,0.11192400753498077,0.07735783606767654,0.0975799411535263,0.07980147749185562,0.07844609767198563,0.08038930594921112,0.0752323791384697,0.07684836536645889,0.2000821828842163,0.12233836948871613
clip_vit_b_32_linear,grayscale,test_04531,4531,3,cat,3,cat,0.16665007174015045,True,0.07500997930765152,0.10986358672380447,0.06630215048789978,0.16665007174015045,0.1306595653295517,0.09158123284578323,0.07956653088331223,0.1444077491760254,0.07052106410264969,0.06543802469968796
clip_vit_b_32_linear,grayscale,test_00706,706,8,ship,8,ship,0.19952236115932465,True,0.11386898905038834,0.08039652556180954,0.10484921187162399,0.07538996636867523,0.07597479969263077,0.08430454879999161,0.07993252575397491,0.07687026262283325,0.19952236115932465,0.1088908314704895
clip_vit_b_32_linear,grayscale,test_02844,2844,8,ship,8,ship,0.20024265348911285,True,0.12375172972679138,0.07824023067951202,0.0967467650771141,0.076954685151577,0.08145192265510559,0.07809969782829285,0.07927379757165909,0.08013128489255905,0.20024265348911285,0.10510719567537308
clip_vit_b_32_linear,grayscale,test_03755,3755,2,car,2,car,0.16588778793811798,True,0.1037655770778656,0.08610545843839645,0.16588778793811798,0.0891297459602356,0.08664893358945847,0.09160519391298294,0.09172878414392471,0.08589578419923782,0.09301880747079849,0.1062139943242073
clip_vit_b_32_linear,grayscale,test_05848,5848,7,monkey,7,monkey,0.1849566400051117,True,0.08222790062427521,0.11373837292194366,0.07837104797363281,0.12093225866556168,0.10508611053228378,0.08606455475091934,0.08115677535533905,0.1849566400051117,0.07629964500665665,0.07116673141717911
clip_vit_b_32_linear,grayscale,test_02114,2114,9,truck,9,truck,0.15313786268234253,True,0.10667849332094193,0.07749204337596893,0.12102744728326797,0.08529315888881683,0.08708244562149048,0.09084895253181458,0.09447523951530457,0.07865815609693527,0.10530617833137512,0.15313786268234253
clip_vit_b_32_linear,grayscale,test_03876,3876,0,airplane,0,airplane,0.16456462442874908,True,0.16456462442874908,0.08517280220985413,0.10853762179613113,0.07660938054323196,0.08425437659025192,0.08435600250959396,0.08278835564851761,0.08041945099830627,0.12124539911746979,0.11205197125673294
clip_vit_b_32_linear,grayscale,test_00677,677,3,cat,3,cat,0.16170194745063782,True,0.0758821964263916,0.09594378620386124,0.08374467492103577,0.16170194745063782,0.08911776542663574,0.12706305086612701,0.09491026401519775,0.10496547073125839,0.083005391061306,0.08366549760103226
clip_vit_b_32_linear,grayscale,test_02116,2116,1,bird,1,bird,0.1453481912612915,True,0.08330562710762024,0.1453481912612915,0.08246508240699768,0.12781566381454468,0.11121413856744766,0.09028325974941254,0.08359374850988388,0.11193511635065079,0.07958079129457474,0.08445834368467331
clip_vit_b_32_linear,grayscale,test_04661,4661,7,monkey,7,monkey,0.19075751304626465,True,0.07551375031471252,0.10565026104450226,0.07671774178743362,0.13007813692092896,0.10523159801959991,0.0940016657114029,0.08462195098400116,0.19075751304626465,0.07077609747648239,0.06665129959583282
clip_vit_b_32_linear,grayscale,test_02676,2676,6,horse,6,horse,0.14318455755710602,True,0.08788499236106873,0.08015230298042297,0.10774488002061844,0.09248702228069305,0.09179802238941193,0.12760566174983978,0.14318455755710602,0.09260159730911255,0.08240484446287155,0.09413617849349976
clip_vit_b_32_linear,grayscale,test_03025,3025,0,airplane,0,airplane,0.1588432937860489,True,0.1588432937860489,0.08552490174770355,0.11318771541118622,0.0858190655708313,0.0813082754611969,0.08707714080810547,0.08765023201704025,0.07917365431785583,0.09907395392656326,0.1223418191075325
clip_vit_b_32_linear,grayscale,test_04449,4449,9,truck,9,truck,0.15013505518436432,True,0.11013338714838028,0.07615470141172409,0.12441984564065933,0.08456569164991379,0.0847524106502533,0.0897146537899971,0.09771963953971863,0.07833881676197052,0.10406585782766342,0.15013505518436432
clip_vit_b_32_linear,grayscale,test_00977,977,6,horse,6,horse,0.18102633953094482,True,0.07243607938289642,0.08478017896413803,0.07922890037298203,0.10814449191093445,0.10435838252305984,0.12021692842245102,0.18102633953094482,0.0906849354505539,0.07994314283132553,0.07918065041303635
clip_vit_b_32_linear,grayscale,test_04990,4990,8,ship,8,ship,0.15999402105808258,True,0.1117618978023529,0.08575253188610077,0.0869181677699089,0.08774504065513611,0.08836950361728668,0.09161904454231262,0.0871797502040863,0.07732513546943665,0.15999402105808258,0.12333492189645767
clip_vit_b_32_linear,grayscale,test_07309,7309,0,airplane,0,airplane,0.16992980241775513,True,0.16992980241775513,0.09037235379219055,0.10293281078338623,0.07719749957323074,0.08206868171691895,0.08575906604528427,0.07629012316465378,0.0822572186589241,0.12315205484628677,0.11004043370485306
clip_vit_b_32_linear,grayscale,test_01048,1048,7,monkey,7,monkey,0.15196949243545532,True,0.08382999151945114,0.1008780226111412,0.0793696716427803,0.11197637021541595,0.11909832060337067,0.10423316061496735,0.09059073030948639,0.15196949243545532,0.07977704703807831,0.07827714830636978
clip_vit_b_32_linear,grayscale,test_03276,3276,3,cat,3,cat,0.14095710217952728,True,0.07663308829069138,0.09676720947027206,0.07487119734287262,0.14095710217952728,0.12014549225568771,0.1031227558851242,0.107330821454525,0.1310778111219406,0.07743775099515915,0.07165683060884476
clip_vit_b_32_linear,grayscale,test_05512,5512,2,car,9,truck,0.13964325189590454,False,0.09682142734527588,0.08128922432661057,0.11014135181903839,0.0863487645983696,0.09474344551563263,0.10008805245161057,0.10639069229364395,0.08645769953727722,0.09807606041431427,0.13964325189590454
clip_vit_b_32_linear,grayscale,test_07692,7692,4,deer,4,deer,0.17624415457248688,True,0.08296944946050644,0.09636335074901581,0.08013737201690674,0.10733409225940704,0.17624415457248688,0.09143806248903275,0.1055494025349617,0.0971924290060997,0.07662798464298248,0.08614370971918106
clip_vit_b_32_linear,grayscale,test_01436,1436,1,bird,1,bird,0.18823350965976715,True,0.09276708960533142,0.18823350965976715,0.07511982321739197,0.0972684919834137,0.11762373149394989,0.08728443831205368,0.07898596674203873,0.10701078176498413,0.08221636712551117,0.07348980754613876
clip_vit_b_32_linear,grayscale,test_07544,7544,9,truck,9,truck,0.1558839976787567,True,0.11382986605167389,0.07727687060832977,0.11332730948925018,0.08400042355060577,0.08623666316270828,0.0910305604338646,0.09096845984458923,0.07821574807167053,0.10923011600971222,0.1558839976787567
clip_vit_b_32_linear,grayscale,test_03383,3383,3,cat,3,cat,0.1818997710943222,True,0.07743959873914719,0.10930290818214417,0.07076681405305862,0.1818997710943222,0.11607331782579422,0.09734096378087997,0.0791696310043335,0.12492858618497849,0.07360946387052536,0.06946895271539688
clip_vit_b_32_linear,grayscale,test_01977,1977,0,airplane,0,airplane,0.18471048772335052,True,0.18471048772335052,0.08755426108837128,0.10176323354244232,0.08071967959403992,0.08299785107374191,0.09034281969070435,0.0749264806509018,0.08597048372030258,0.10824491828680038,0.10276981443166733
clip_vit_b_32_linear,grayscale,test_02750,2750,0,airplane,8,ship,0.13659869134426117,False,0.12939214706420898,0.09467529505491257,0.08717096596956253,0.08455497026443481,0.09787207096815109,0.08786031603813171,0.08826224505901337,0.0869576558470726,0.13659869134426117,0.106655552983284
clip_vit_b_32_linear,grayscale,test_07996,7996,6,horse,6,horse,0.18662548065185547,True,0.08285167068243027,0.08237073570489883,0.09305106848478317,0.09205089509487152,0.09429886192083359,0.1149328276515007,0.18662548065185547,0.08262225985527039,0.08397409319877625,0.08722202479839325
clip_vit_b_32_linear,grayscale,test_06989,6989,5,dog,5,dog,0.15381303429603577,True,0.07431002706289291,0.09151127934455872,0.07727888226509094,0.1321677714586258,0.1035538762807846,0.15381303429603577,0.11475194245576859,0.10344520956277847,0.07640941441059113,0.07275858521461487
clip_vit_b_32_linear,grayscale,test_01431,1431,3,cat,3,cat,0.16321274638175964,True,0.07366148382425308,0.09531179815530777,0.08749769628047943,0.16321274638175964,0.08636897802352905,0.1381528228521347,0.09888435900211334,0.09715039283037186,0.08098340034484863,0.07877634465694427
clip_vit_b_32_linear,grayscale,test_07416,7416,3,cat,3,cat,0.1589391678571701,True,0.07824763655662537,0.09357424080371857,0.0843612402677536,0.1589391678571701,0.09050799161195755,0.13473978638648987,0.09271134436130524,0.1029881164431572,0.0824284628033638,0.08150209486484528
clip_vit_b_32_linear,grayscale,test_04547,4547,5,dog,5,dog,0.1778586357831955,True,0.0800122395157814,0.09164676815271378,0.09299575537443161,0.12063036113977432,0.08722314238548279,0.1778586357831955,0.09698536992073059,0.0902378112077713,0.08035306632518768,0.08205686509609222
clip_vit_b_32_linear,grayscale,test_00042,42,0,airplane,0,airplane,0.18618862330913544,True,0.18618862330913544,0.09234146028757095,0.09256092458963394,0.07602518051862717,0.08752615749835968,0.08776868134737015,0.08116026967763901,0.08537013828754425,0.10308872908353806,0.1079697534441948
clip_vit_b_32_linear,grayscale,test_05117,5117,0,airplane,0,airplane,0.1863103061914444,True,0.1863103061914444,0.09204790741205215,0.09850779175758362,0.07504114508628845,0.08209563046693802,0.09303165227174759,0.08165836334228516,0.08719012141227722,0.10036040842533112,0.10375663638114929
clip_vit_b_32_linear,grayscale,test_04411,4411,6,horse,6,horse,0.13918140530586243,True,0.09000201523303986,0.08827439695596695,0.09467770904302597,0.09391365200281143,0.10206519067287445,0.1113400012254715,0.13918140530586243,0.095771923661232,0.08813726902008057,0.09663651883602142
clip_vit_b_32_linear,grayscale,test_05789,5789,4,deer,4,deer,0.20316767692565918,True,0.07388648390769958,0.10027637332677841,0.07501314580440521,0.10531314462423325,0.20316767692565918,0.08972834050655365,0.09942920506000519,0.09539003670215607,0.07882841676473618,0.07896720618009567
clip_vit_b_32_linear,grayscale,test_00483,483,2,car,2,car,0.16962990164756775,True,0.09715275466442108,0.07969913631677628,0.16962990164756775,0.09065171331167221,0.0857398733496666,0.09129438549280167,0.09936000406742096,0.08530671894550323,0.08971837908029556,0.11144699901342392
clip_vit_b_32_linear,grayscale,test_06650,6650,7,monkey,7,monkey,0.15497659146785736,True,0.08598531037569046,0.10564851015806198,0.08169445395469666,0.10715828835964203,0.1045302227139473,0.09095751494169235,0.09648917615413666,0.15497659146785736,0.08747467398643494,0.08508530259132385
clip_vit_b_32_linear,grayscale,test_04881,4881,3,cat,0,airplane,0.11108927428722382,False,0.11108927428722382,0.11043086647987366,0.08851123601198196,0.10609768331050873,0.10428436845541,0.09462111443281174,0.08657018095254898,0.10576554387807846,0.09576045721769333,0.09686919301748276
clip_vit_b_32_linear,grayscale,test_00391,391,3,cat,3,cat,0.161094069480896,True,0.0757647454738617,0.10748106241226196,0.07262301445007324,0.161094069480896,0.12962456047534943,0.11039175093173981,0.0911729708313942,0.10276518762111664,0.07581572234630585,0.07326699048280716
clip_vit_b_32_linear,grayscale,test_00370,370,7,monkey,7,monkey,0.16975437104701996,True,0.07550922781229019,0.11160726100206375,0.074610136449337,0.1283147782087326,0.10845686495304108,0.09766954183578491,0.08520102500915527,0.16975437104701996,0.07737051695585251,0.07150624692440033
clip_vit_b_32_linear,grayscale,test_00419,419,9,truck,9,truck,0.1573764681816101,True,0.10556013882160187,0.07720554620027542,0.12267285585403442,0.07839922606945038,0.08241623640060425,0.08660893887281418,0.10186660289764404,0.07816243171691895,0.10973161458969116,0.1573764681816101
clip_vit_b_32_linear,grayscale,test_03318,3318,9,truck,9,truck,0.15520159900188446,True,0.10267062485218048,0.08483392000198364,0.1167590469121933,0.08245686441659927,0.08321403712034225,0.0896989107131958,0.09925998002290726,0.08547495305538177,0.10043002665042877,0.15520159900188446
clip_vit_b_32_linear,grayscale,test_04355,4355,8,ship,8,ship,0.18216973543167114,True,0.11637608706951141,0.0777345523238182,0.09344214200973511,0.08259718120098114,0.08647153526544571,0.08531319350004196,0.080583855509758,0.07736397534608841,0.18216973543167114,0.1179477870464325
clip_vit_b_32_linear,grayscale,test_05402,5402,4,deer,4,deer,0.20413826406002045,True,0.08097551017999649,0.1016509011387825,0.0787964016199112,0.09252826124429703,0.20413826406002045,0.08401232957839966,0.1044103354215622,0.09022461622953415,0.08470162749290466,0.07856174558401108
clip_vit_b_32_linear,grayscale,test_05332,5332,5,dog,5,dog,0.15535558760166168,True,0.0786985531449318,0.08495943993330002,0.07804188132286072,0.10722064226865768,0.10600586980581284,0.15535558760166168,0.13047555088996887,0.09577809274196625,0.08098471164703369,0.08247963339090347
clip_vit_b_32_linear,grayscale,test_00239,239,9,truck,9,truck,0.17448928952217102,True,0.09888281673192978,0.07743053138256073,0.10582602024078369,0.0804230347275734,0.08845914900302887,0.08781415969133377,0.09626629203557968,0.08038339763879776,0.11002528667449951,0.17448928952217102
clip_vit_b_32_linear,grayscale,test_06271,6271,2,car,2,car,0.17841604351997375,True,0.11034861952066422,0.08274728059768677,0.17841604351997375,0.08498877286911011,0.07810324430465698,0.08998537808656693,0.08813152462244034,0.08320122212171555,0.10174663364887238,0.10233122855424881
clip_vit_b_32_linear,grayscale,test_01129,1129,8,ship,8,ship,0.1778988093137741,True,0.10927887260913849,0.0827619805932045,0.09246901422739029,0.08238635212182999,0.08376037329435349,0.0857522264122963,0.08977340906858444,0.07371769100427628,0.1778988093137741,0.12220126390457153
clip_vit_b_32_linear,grayscale,test_02391,2391,5,dog,5,dog,0.16492119431495667,True,0.08257091790437698,0.09971034526824951,0.07999426871538162,0.11358185857534409,0.10347102582454681,0.16492119431495667,0.10683761537075043,0.09461811184883118,0.07957924157381058,0.07471544295549393
clip_vit_b_32_linear,grayscale,test_00191,191,9,truck,2,car,0.15070250630378723,False,0.10753484815359116,0.07852821052074432,0.15070250630378723,0.08474899083375931,0.07440607249736786,0.08788168430328369,0.0929260179400444,0.08121531456708908,0.09923138469457626,0.1428249627351761
clip_vit_b_32_linear,grayscale,test_05447,5447,9,truck,9,truck,0.16358427703380585,True,0.10049942135810852,0.08023907989263535,0.10929875075817108,0.07773691415786743,0.08753903210163116,0.08596968650817871,0.0918000191450119,0.07496123015880585,0.12837167084217072,0.16358427703380585
clip_vit_b_32_linear,grayscale,test_06528,6528,4,deer,4,deer,0.16050800681114197,True,0.07541368156671524,0.10630340129137039,0.08189842849969864,0.11309864372015,0.16050800681114197,0.10458610206842422,0.1034897193312645,0.10599851608276367,0.0696113333106041,0.07909217476844788
