model,condition,identifier,dataset_index,true_class_id,true_class_name,predicted_class_id,predicted_class_name,maximum_confidence,correct,probability_airplane,probability_bird,probability_car,probability_cat,probability_deer,probability_dog,probability_horse,probability_monkey,probability_ship,probability_truck
clip_vit_b_32_linear,translation_32_left,test_00632,632,3,cat,3,cat,0.1796068698167801,True,0.0764191523194313,0.11221624910831451,0.07792197912931442,0.1796068698167801,0.10994327813386917,0.09594865888357162,0.08527738600969315,0.12038760632276535,0.06989049166440964,0.07238829880952835
clip_vit_b_32_linear,translation_32_left,test_00131,131,9,truck,9,truck,0.16303299367427826,True,0.10463620722293854,0.08811628073453903,0.10192713141441345,0.08108438551425934,0.09009438008069992,0.08473672717809677,0.08458825200796127,0.08227256685495377,0.11951112002134323,0.16303299367427826
clip_vit_b_32_linear,translation_32_left,test_07081,7081,7,monkey,7,monkey,0.1677577942609787,True,0.08800691366195679,0.11676453053951263,0.07607512176036835,0.11297086626291275,0.10535912960767746,0.10011422634124756,0.08784157782793045,0.1677577942609787,0.0754198357462883,0.06968994438648224
clip_vit_b_32_linear,translation_32_left,test_01836,1836,9,truck,9,truck,0.17895333468914032,True,0.11204365640878677,0.07606490701436996,0.10432984679937363,0.07657652348279953,0.08412694185972214,0.08191601932048798,0.08857755362987518,0.07596191763877869,0.1214493066072464,0.17895333468914032
clip_vit_b_32_linear,translation_32_left,test_06437,6437,0,airplane,0,airplane,0.19585230946540833,True,0.19585230946540833,0.08898689597845078,0.0936536118388176,0.07129310816526413,0.08661770075559616,0.08722075819969177,0.08100695163011551,0.08329789340496063,0.11229347437620163,0.09977730363607407
clip_vit_b_32_linear,translation_32_left,test_06609,6609,0,airplane,0,airplane,0.20147426426410675,True,0.20147426426410675,0.09282197058200836,0.0988914743065834,0.07410318404436111,0.08195339888334274,0.08300513029098511,0.08954156935214996,0.08067411929368973,0.09970516711473465,0.09782971441745758
clip_vit_b_32_linear,translation_32_left,test_03467,3467,7,monkey,7,monkey,0.13458488881587982,True,0.08031702786684036,0.10378994047641754,0.07355302572250366,0.12918242812156677,0.11519443988800049,0.1193985641002655,0.09670160710811615,0.13458488881587982,0.06994003802537918,0.07733801007270813
clip_vit_b_32_linear,translation_32_left,test_01401,1401,3,cat,3,cat,0.17645466327667236,True,0.0794314295053482,0.10077518969774246,0.08154042810201645,0.17645466327667236,0.09497104585170746,0.1117093414068222,0.08539790660142899,0.12265316396951675,0.07369522005319595,0.0733715146780014
clip_vit_b_32_linear,translation_32_left,test_01839,1839,2,car,2,car,0.18243083357810974,True,0.10417170822620392,0.08075109869241714,0.18243083357810974,0.08419433981180191,0.08062051236629486,0.0877794548869133,0.08725177496671677,0.0869663804769516,0.09391790628433228,0.11191592365503311
clip_vit_b_32_linear,translation_32_left,test_04168,4168,3,cat,3,cat,0.15951532125473022,True,0.07995378971099854,0.10501569509506226,0.0806916207075119,0.15951532125473022,0.10163451731204987,0.12153661996126175,0.09735315293073654,0.09686313569545746,0.07814403623342514,0.07929207384586334
clip_vit_b_32_linear,translation_32_left,test_00035,35,2,car,2,car,0.1430051475763321,True,0.11770311743021011,0.08594373613595963,0.1430051475763321,0.08226299285888672,0.08411194384098053,0.08530116081237793,0.08536654710769653,0.0808601826429367,0.1064685732126236,0.12897658348083496
clip_vit_b_32_linear,translation_32_left,test_04177,4177,8,ship,8,ship,0.20300526916980743,True,0.11263351142406464,0.08157490193843842,0.0813283696770668,0.07536998391151428,0.08486629277467728,0.08112563192844391,0.08036070317029953,0.07673842459917068,0.20300526916980743,0.12299688905477524
clip_vit_b_32_linear,translation_32_left,test_07270,7270,7,monkey,7,monkey,0.13667355477809906,True,0.09001751989126205,0.11336870491504669,0.08112861961126328,0.10825245082378387,0.11234740912914276,0.1004580482840538,0.09829292446374893,0.13667355477809906,0.07850801199674606,0.08095281571149826
clip_vit_b_32_linear,translation_32_left,test_02265,2265,5,dog,5,dog,0.17399699985980988,True,0.07733257114887238,0.0915391817688942,0.0806276798248291,0.10922188311815262,0.10275443643331528,0.17399699985980988,0.10940214991569519,0.10002695769071579,0.07395980507135391,0.08113837242126465
clip_vit_b_32_linear,translation_32_left,test_03288,3288,7,monkey,7,monkey,0.19194342195987701,True,0.07478129863739014,0.11452304571866989,0.06764110922813416,0.12607355415821075,0.11165806651115417,0.09373725950717926,0.08505742251873016,0.19194342195987701,0.06775287538766861,0.06683188676834106
clip_vit_b_32_linear,translation_32_left,test_05451,5451,8,ship,8,ship,0.2141043096780777,True,0.11645437777042389,0.07899578660726547,0.07946434617042542,0.06849873811006546,0.08683192729949951,0.0772714912891388,0.07736042886972427,0.07468792051076889,0.2141043096780777,0.12633062899112701
clip_vit_b_32_linear,translation_32_left,test_04023,4023,3,cat,3,cat,0.14145244657993317,True,0.08032193034887314,0.10815322399139404,0.07594667375087738,0.14145244657993317,0.11728038638830185,0.1000259518623352,0.0871705561876297,0.14080563187599182,0.07403159141540527,0.07481161504983902
clip_vit_b_32_linear,translation_32_left,test_00261,261,1,bird,1,bird,0.16376927495002747,True,0.09184601902961731,0.16376927495002747,0.07246406376361847,0.09684901684522629,0.11522574722766876,0.08930790424346924,0.08744755387306213,0.1275121569633484,0.08225525915622711,0.07332302629947662
clip_vit_b_32_linear,translation_32_left,test_04570,4570,5,dog,5,dog,0.17885634303092957,True,0.07663663476705551,0.0960116982460022,0.0800233855843544,0.11521978676319122,0.09699561446905136,0.17885634303092957,0.11202625185251236,0.09774835407733917,0.0726618692278862,0.07382012903690338
clip_vit_b_32_linear,translation_32_left,test_04966,4966,5,dog,5,dog,0.1503390520811081,True,0.07965244352817535,0.0936829000711441,0.0917014628648758,0.11460693180561066,0.09434273093938828,0.1503390520811081,0.11194346100091934,0.09675522148609161,0.08115390688180923,0.08582192659378052
clip_vit_b_32_linear,translation_32_left,test_07955,7955,1,bird,1,bird,0.1787583976984024,True,0.09348626434803009,0.1787583976984024,0.08158145099878311,0.10537376999855042,0.10901011526584625,0.08851195126771927,0.07927291840314865,0.11443041265010834,0.07419845461845398,0.07537639886140823
clip_vit_b_32_linear,translation_32_left,test_06288,6288,4,deer,4,deer,0.17444674670696259,True,0.07551699876785278,0.11304116249084473,0.07351547479629517,0.10863343626260757,0.17444674670696259,0.09188070148229599,0.0995183140039444,0.11146581172943115,0.07703117281198502,0.07495030760765076
clip_vit_b_32_linear,translation_32_left,test_07810,7810,8,ship,8,ship,0.20384155213832855,True,0.1212867721915245,0.08008088916540146,0.08109742403030396,0.0738484337925911,0.08638057112693787,0.08000852912664413,0.07724320143461227,0.0766337662935257,0.20384155213832855,0.1195790097117424
clip_vit_b_32_linear,translation_32_left,test_01927,1927,7,monkey,7,monkey,0.19260306656360626,True,0.07062346488237381,0.10264120250940323,0.07594127207994461,0.11907526105642319,0.10872885584831238,0.10022854059934616,0.09113570302724838,0.19260306656360626,0.0680408701300621,0.07098176330327988
clip_vit_b_32_linear,translation_32_left,test_01871,1871,1,bird,1,bird,0.1349274218082428,True,0.08100660890340805,0.1349274218082428,0.08448944240808487,0.10317976027727127,0.10783787816762924,0.10280110687017441,0.1090608760714531,0.10234370082616806,0.08229588717222214,0.09205731749534607
clip_vit_b_32_linear,translation_32_left,test_06922,6922,5,dog,5,dog,0.17555512487888336,True,0.07937411218881607,0.09613383561372757,0.08241213113069534,0.11294008046388626,0.09394335001707077,0.17555512487888336,0.10649657994508743,0.09677131474018097,0.08043897897005081,0.07593439519405365
clip_vit_b_32_linear,translation_32_left,test_03512,3512,4,deer,4,deer,0.19257588684558868,True,0.07109484076499939,0.11345689743757248,0.06589057296514511,0.11373622715473175,0.19257588684558868,0.0979868546128273,0.09654920548200607,0.11490676552057266,0.06784333288669586,0.06595950573682785
clip_vit_b_32_linear,translation_32_left,test_04754,4754,6,horse,6,horse,0.17930738627910614,True,0.07572735100984573,0.08825863897800446,0.08275903761386871,0.10114029794931412,0.12322425842285156,0.11168555170297623,0.17930738627910614,0.09152425080537796,0.07297985255718231,0.07339335978031158
clip_vit_b_32_linear,translation_32_left,test_00714,714,2,car,2,car,0.12641631066799164,True,0.10242666304111481,0.0882701426744461,0.12641631066799164,0.08594703674316406,0.0886635035276413,0.0918194055557251,0.10971911996603012,0.0831545814871788,0.09896864742040634,0.12461461126804352
clip_vit_b_32_linear,translation_32_left,test_02191,2191,8,ship,8,ship,0.222467839717865,True,0.11939200758934021,0.07986195385456085,0.0742168053984642,0.06849610060453415,0.08388762921094894,0.07550034672021866,0.07801246643066406,0.07558412104845047,0.222467839717865,0.12258080393075943
clip_vit_b_32_linear,translation_32_left,test_04615,4615,0,airplane,0,airplane,0.19401754438877106,True,0.19401754438877106,0.08842752873897552,0.10254078358411789,0.07611656188964844,0.0895848348736763,0.08760358393192291,0.08222974091768265,0.08304247260093689,0.09751898795366287,0.0989178940653801
clip_vit_b_32_linear,translation_32_left,test_04662,4662,8,ship,8,ship,0.22386030852794647,True,0.11732975393533707,0.08032253384590149,0.0766943097114563,0.06825409829616547,0.08012889325618744,0.07577087730169296,0.08045295625925064,0.06970293819904327,0.22386030852794647,0.12748338282108307
clip_vit_b_32_linear,translation_32_left,test_05915,5915,9,truck,9,truck,0.1820044070482254,True,0.12002407759428024,0.0787770226597786,0.10270963609218597,0.07410174608230591,0.08533451706171036,0.08512382954359055,0.08900120854377747,0.0737985372543335,0.10912502557039261,0.1820044070482254
clip_vit_b_32_linear,translation_32_left,test_00766,766,4,deer,6,horse,0.14513729512691498,False,0.07880092412233353,0.08734124153852463,0.08314472436904907,0.09521716833114624,0.12356774508953094,0.11317478120326996,0.14513729512691498,0.10422582179307938,0.07671300321817398,0.09267732501029968
clip_vit_b_32_linear,translation_32_left,test_05218,5218,2,car,2,car,0.17394620180130005,True,0.11181870102882385,0.08248024433851242,0.17394620180130005,0.07719414681196213,0.0821901261806488,0.08834485709667206,0.09232695400714874,0.08127937465906143,0.10021091252565384,0.11020844429731369
clip_vit_b_32_linear,translation_32_left,test_02340,2340,8,ship,8,ship,0.22199119627475739,True,0.10751517862081528,0.07902080565690994,0.08146563172340393,0.06820321083068848,0.08371075242757797,0.07787973433732986,0.07973653823137283,0.07083170115947723,0.22199119627475739,0.1296452432870865
clip_vit_b_32_linear,translation_32_left,test_01954,1954,8,ship,8,ship,0.18335941433906555,True,0.1258072406053543,0.08277295529842377,0.0850755050778389,0.07404632866382599,0.09336436539888382,0.08601929247379303,0.07687580585479736,0.07327073067426682,0.18335941433906555,0.11940847337245941
clip_vit_b_32_linear,translation_32_left,test_07875,7875,8,ship,8,ship,0.1869698464870453,True,0.11562598496675491,0.0843433365225792,0.09411422163248062,0.07685171067714691,0.0872625783085823,0.07984433323144913,0.07958585768938065,0.07716745138168335,0.1869698464870453,0.11823463439941406
clip_vit_b_32_linear,translation_32_left,test_03418,3418,6,horse,6,horse,0.17724353075027466,True,0.08142467588186264,0.08397327363491058,0.0848165899515152,0.0963405966758728,0.10402429848909378,0.11571314185857773,0.17724353075027466,0.07861604541540146,0.09166363626718521,0.08618423342704773
clip_vit_b_32_linear,translation_32_left,test_05572,5572,9,truck,9,truck,0.15708011388778687,True,0.09315705299377441,0.0871448665857315,0.09648528695106506,0.08647041022777557,0.08910389989614487,0.0876135379076004,0.09866300970315933,0.09374894946813583,0.11053286492824554,0.15708011388778687
clip_vit_b_32_linear,translation_32_left,test_05977,5977,7,monkey,7,monkey,0.18935608863830566,True,0.08291681110858917,0.11345279961824417,0.08018502593040466,0.10425786674022675,0.10352917015552521,0.08507592231035233,0.08916012942790985,0.18935608863830566,0.07886719703674316,0.07319901883602142
clip_vit_b_32_linear,translation_32_left,test_05123,5123,1,bird,1,bird,0.16581664979457855,True,0.09953346103429794,0.16581664979457855,0.06957632303237915,0.10170415043830872,0.11170387268066406,0.09166894108057022,0.08863968402147293,0.12498608976602554,0.077822744846344,0.06854809075593948
clip_vit_b_32_linear,translation_32_left,test_05851,5851,9,truck,9,truck,0.19563038647174835,True,0.10142809897661209,0.07660304754972458,0.09745278209447861,0.0686059519648552,0.0827571228146553,0.0832168236374855,0.09497196972370148,0.07054886221885681,0.1287849396467209,0.19563038647174835
clip_vit_b_32_linear,translation_32_left,test_04094,4094,9,truck,9,truck,0.17736028134822845,True,0.1029411032795906,0.0798901841044426,0.10336934030056,0.07951634377241135,0.08650704473257065,0.08021341264247894,0.08662861585617065,0.07528653740882874,0.12828707695007324,0.17736028134822845
clip_vit_b_32_linear,translation_32_left,test_04254,4254,6,horse,6,horse,0.1527455598115921,True,0.07509181648492813,0.10122125595808029,0.0807388424873352,0.09973219782114029,0.13648580014705658,0.10128139704465866,0.1527455598115921,0.10172799974679947,0.07549810409545898,0.07547704130411148
clip_vit_b_32_linear,translation_32_left,test_02501,2501,7,monkey,7,monkey,0.17884166538715363,True,0.07556178420782089,0.10775304585695267,0.07129936665296555,0.11891503632068634,0.1150304451584816,0.09995856881141663,0.09354406595230103,0.17884166538715363,0.06812550127506256,0.07097049057483673
clip_vit_b_32_linear,translation_32_left,test_06938,6938,1,bird,1,bird,0.19453668594360352,True,0.0864294171333313,0.19453668594360352,0.07795343548059464,0.09548129141330719,0.12091510742902756,0.08758978545665741,0.08101533353328705,0.11241784691810608,0.0763973519206047,0.06726370006799698
clip_vit_b_32_linear,translation_32_left,test_00171,171,4,deer,4,deer,0.17878985404968262,True,0.08118369430303574,0.10994145274162292,0.07431229203939438,0.10463471710681915,0.17878985404968262,0.09896539151668549,0.0990932360291481,0.10091104358434677,0.07497990131378174,0.07718835771083832
clip_vit_b_32_linear,translation_32_left,test_04215,4215,3,cat,3,cat,0.15292972326278687,True,0.08171547204256058,0.10393818467855453,0.08405724167823792,0.15292972326278687,0.09745147824287415,0.1183895617723465,0.09204991906881332,0.10345372557640076,0.08259513229131699,0.08341953158378601
clip_vit_b_32_linear,translation_32_left,test_05705,5705,8,ship,8,ship,0.2217087298631668,True,0.11428211629390717,0.07745121419429779,0.08319331705570221,0.06635547429323196,0.08349772542715073,0.07519949227571487,0.08092627674341202,0.07091227173805237,0.2217087298631668,0.12647336721420288
clip_vit_b_32_linear,translation_32_left,test_03458,3458,4,deer,4,deer,0.21302248537540436,True,0.08151932805776596,0.10478375852108002,0.07105565816164017,0.08971812576055527,0.21302248537540436,0.09048456698656082,0.10448863357305527,0.09751301258802414,0.07284175604581833,0.07457268238067627
clip_vit_b_32_linear,translation_32_left,test_01220,1220,7,monkey,7,monkey,0.18693313002586365,True,0.07869843393564224,0.11015266925096512,0.07535829395055771,0.12163101136684418,0.11372286826372147,0.08954526484012604,0.08349190652370453,0.18693313002586365,0.07267569750547409,0.0677906945347786
clip_vit_b_32_linear,translation_32_left,test_00962,962,8,ship,8,ship,0.21126337349414825,True,0.11257180571556091,0.08321037888526917,0.08378499001264572,0.07066972553730011,0.0828692615032196,0.07830251753330231,0.07998725026845932,0.07473374903202057,0.21126337349414825,0.12260684370994568
clip_vit_b_32_linear,translation_32_left,test_02950,2950,5,dog,5,dog,0.1679183542728424,True,0.07606413960456848,0.0919850617647171,0.08584340661764145,0.12763825058937073,0.0990794375538826,0.1679183542728424,0.10484816133975983,0.09917780756950378,0.07052906602621078,0.07691630721092224
clip_vit_b_32_linear,translation_32_left,test_02623,2623,5,dog,5,dog,0.17301692068576813,True,0.07897026091814041,0.08732778578996658,0.08232290297746658,0.12040704488754272,0.0939982607960701,0.17301692068576813,0.1102556437253952,0.10004256665706635,0.07734984159469604,0.07630869746208191
clip_vit_b_32_linear,translation_32_left,test_04539,4539,0,airplane,0,airplane,0.18550395965576172,True,0.18550395965576172,0.0990096852183342,0.09473688900470734,0.07451105117797852,0.08044841140508652,0.09046395123004913,0.09029954671859741,0.08720482885837555,0.09578244388103485,0.10203912109136581
clip_vit_b_32_linear,translation_32_left,test_01553,1553,0,airplane,0,airplane,0.18752242624759674,True,0.18752242624759674,0.08672776818275452,0.09503647685050964,0.07707704603672028,0.081280417740345,0.08041677623987198,0.07092203199863434,0.09429977834224701,0.1267780065536499,0.09993934631347656
clip_vit_b_32_linear,translation_32_left,test_04740,4740,4,deer,4,deer,0.17755036056041718,True,0.077487051486969,0.10151098668575287,0.07533105462789536,0.09704998880624771,0.17755036056041718,0.1036597266793251,0.11314378678798676,0.10526330769062042,0.0715227797627449,0.07748094946146011
clip_vit_b_32_linear,translation_32_left,test_06844,6844,0,airplane,0,airplane,0.19368837773799896,True,0.19368837773799896,0.10080374032258987,0.08980809897184372,0.07882252335548401,0.08794939517974854,0.08336565643548965,0.08134875446557999,0.09184135496616364,0.09508857876062393,0.09728351980447769
clip_vit_b_32_linear,translation_32_left,test_02668,2668,7,monkey,7,monkey,0.17214253544807434,True,0.07593392580747604,0.1276872754096985,0.0672512799501419,0.13420487940311432,0.12177930772304535,0.09151969105005264,0.08185689896345139,0.17214253544807434,0.06343477219343185,0.06418933719396591
clip_vit_b_32_linear,translation_32_left,test_03153,3153,7,monkey,7,monkey,0.15978911519050598,True,0.07676443457603455,0.11947984248399734,0.07468339055776596,0.11806333810091019,0.11874666810035706,0.09502296149730682,0.09451797604560852,0.15978911519050598,0.07047943025827408,0.07245280593633652
clip_vit_b_32_linear,translation_32_left,test_05135,5135,4,deer,4,deer,0.1809498518705368,True,0.07930541783571243,0.10941673815250397,0.06840110570192337,0.10226083546876907,0.1809498518705368,0.10300759971141815,0.11193439364433289,0.10002631694078445,0.06988295167684555,0.07481475174427032
clip_vit_b_32_linear,translation_32_left,test_02291,2291,3,cat,3,cat,0.15327389538288116,True,0.08017740398645401,0.10759357362985611,0.07135685533285141,0.15327389538288116,0.11844073235988617,0.10047982633113861,0.07864202558994293,0.14554207026958466,0.07094833254814148,0.07354532927274704
clip_vit_b_32_linear,translation_32_left,test_00116,116,1,bird,1,bird,0.15109038352966309,True,0.0999988242983818,0.15109038352966309,0.08276303857564926,0.09677833318710327,0.10790664702653885,0.09776420891284943,0.09062398970127106,0.09779484570026398,0.08765869587659836,0.08762098848819733
clip_vit_b_32_linear,translation_32_left,test_07797,7797,3,cat,3,cat,0.1603829562664032,True,0.07429194450378418,0.11209797114133835,0.07999306172132492,0.1603829562664032,0.1155068501830101,0.08895459771156311,0.08454579859972,0.12923581898212433,0.07623586058616638,0.07875508815050125
clip_vit_b_32_linear,translation_32_left,test_04609,4609,3,cat,3,cat,0.12755298614501953,True,0.08351927250623703,0.11609046161174774,0.07123643159866333,0.12755298614501953,0.11938422173261642,0.11761733144521713,0.09992359578609467,0.11746371537446976,0.0731259435415268,0.0740860179066658
clip_vit_b_32_linear,translation_32_left,test_00081,81,0,airplane,0,airplane,0.16625988483428955,True,0.16625988483428955,0.0946727991104126,0.11061696708202362,0.0826239064335823,0.08746473491191864,0.08686695992946625,0.08007144182920456,0.08680897951126099,0.09964879602193832,0.10496557503938675
clip_vit_b_32_linear,translation_32_left,test_05580,5580,6,horse,6,horse,0.1766575127840042,True,0.08687816560268402,0.08432966470718384,0.08785071969032288,0.09565536677837372,0.10307532548904419,0.1136896014213562,0.1766575127840042,0.08277381211519241,0.08041907101869583,0.0886707454919815
clip_vit_b_32_linear,translation_32_left,test_03024,3024,2,car,2,car,0.1693723499774933,True,0.10850828140974045,0.08344800025224686,0.1693723499774933,0.08000002801418304,0.08054579794406891,0.09561644494533539,0.09033984690904617,0.07624946534633636,0.09491109848022461,0.12100864201784134
clip_vit_b_32_linear,translation_32_left,test_02766,2766,5,dog,5,dog,0.17564183473587036,True,0.08222512900829315,0.09211583435535431,0.09051931649446487,0.11084413528442383,0.09474366158246994,0.17564183473587036,0.10584121197462082,0.09614782780408859,0.07554253935813904,0.07637851685285568
clip_vit_b_32_linear,translation_32_left,test_05000,5000,8,ship,8,ship,0.1754477620124817,True,0.12364865094423294,0.08589649200439453,0.07720938324928284,0.07833892107009888,0.09548495709896088,0.08059811592102051,0.08494862914085388,0.08802389353513718,0.1754477620124817,0.1104031503200531
clip_vit_b_32_linear,translation_32_left,test_02610,2610,6,horse,6,horse,0.14821088314056396,True,0.08998911827802658,0.09316550195217133,0.08840789645910263,0.09674172103404999,0.111362986266613,0.11043089628219604,0.14821088314056396,0.09274518489837646,0.08175577968358994,0.08718998730182648
clip_vit_b_32_linear,translation_32_left,test_02024,2024,0,airplane,0,airplane,0.1856423020362854,True,0.1856423020362854,0.09126097708940506,0.09907384216785431,0.07907602190971375,0.09524323046207428,0.08871274441480637,0.08656975626945496,0.08028379082679749,0.09946583956480026,0.09467159956693649
clip_vit_b_32_linear,translation_32_left,test_06097,6097,4,deer,4,deer,0.19087740778923035,True,0.0817505493760109,0.09998681396245956,0.07693089544773102,0.08821713179349899,0.19087740778923035,0.08745851367712021,0.11514077335596085,0.09436850249767303,0.08418242633342743,0.08108700066804886
clip_vit_b_32_linear,translation_32_left,test_00964,964,6,horse,6,horse,0.15168920159339905,True,0.08531492203474045,0.09602739661931992,0.09691408276557922,0.09843148291110992,0.10475406050682068,0.10565612465143204,0.15168920159339905,0.08793535083532333,0.08442535251379013,0.08885204792022705
clip_vit_b_32_linear,translation_32_left,test_07634,7634,0,airplane,0,airplane,0.20413516461849213,True,0.20413516461849213,0.10156472772359848,0.08582458645105362,0.07434976100921631,0.09414149075746536,0.08348838984966278,0.08233154565095901,0.0892217680811882,0.09329652041196823,0.09164603054523468
clip_vit_b_32_linear,translation_32_left,test_06434,6434,8,ship,8,ship,0.21805733442306519,True,0.11793301999568939,0.07821435481309891,0.07532203197479248,0.07141979038715363,0.08584967255592346,0.0815119594335556,0.07750729471445084,0.07410155981779099,0.21805733442306519,0.12008296698331833
clip_vit_b_32_linear,translation_32_left,test_05183,5183,2,car,2,car,0.17076362669467926,True,0.11344689875841141,0.0873401015996933,0.17076362669467926,0.08166338503360748,0.08259294927120209,0.08944425731897354,0.0985126718878746,0.07866914570331573,0.08955542743206024,0.10801152139902115
clip_vit_b_32_linear,translation_32_left,test_06986,6986,0,airplane,0,airplane,0.19071921706199646,True,0.19071921706199646,0.08914794772863388,0.09576982259750366,0.07216594368219376,0.08301664888858795,0.07881714403629303,0.07261011004447937,0.0831608772277832,0.13123351335525513,0.10335882008075714
clip_vit_b_32_linear,translation_32_left,test_00645,645,5,dog,5,dog,0.18427717685699463,True,0.07946188002824783,0.09924457222223282,0.07785128802061081,0.10869742184877396,0.10343151539564133,0.18427717685699463,0.11213476210832596,0.08854950964450836,0.07257549464702606,0.07377634942531586
clip_vit_b_32_linear,translation_32_left,test_03347,3347,0,airplane,0,airplane,0.19661830365657806,True,0.19661830365657806,0.09868903458118439,0.09776835143566132,0.07644601911306381,0.08424374461174011,0.0870688185095787,0.08924676477909088,0.08396318554878235,0.09240894764661789,0.09354683011770248
clip_vit_b_32_linear,translation_32_left,test_05677,5677,2,car,2,car,0.16868487000465393,True,0.10857191681861877,0.08094305545091629,0.16868487000465393,0.08021347224712372,0.079582080245018,0.08759651333093643,0.08469431102275848,0.08401236683130264,0.11229244619607925,0.11340894550085068
clip_vit_b_32_linear,translation_32_left,test_03412,3412,8,ship,8,ship,0.21344050765037537,True,0.11746670305728912,0.08043491840362549,0.07848142087459564,0.07045598328113556,0.08315621316432953,0.07746893912553787,0.07891296595335007,0.07192468643188477,0.21344050765037537,0.1282576322555542
clip_vit_b_32_linear,translation_32_left,test_03937,3937,1,bird,1,bird,0.19719156622886658,True,0.08687116950750351,0.19719156622886658,0.07825594395399094,0.09981044381856918,0.11108822375535965,0.08442523330450058,0.08151477575302124,0.11249545216560364,0.07753843069076538,0.07080879807472229
clip_vit_b_32_linear,translation_32_left,test_00873,873,6,horse,4,deer,0.15176472067832947,False,0.07650736719369888,0.09174881130456924,0.0746866762638092,0.10058008134365082,0.15176472067832947,0.10703203082084656,0.13245809078216553,0.10541632771492004,0.07839331775903702,0.08141264319419861
clip_vit_b_32_linear,translation_32_left,test_02167,2167,9,truck,9,truck,0.18701507151126862,True,0.11673625558614731,0.0697174146771431,0.0988960713148117,0.07303863763809204,0.07793363183736801,0.07999173551797867,0.08972299098968506,0.0736270621418953,0.1333211213350296,0.18701507151126862
clip_vit_b_32_linear,translation_32_left,test_06490,6490,3,cat,3,cat,0.14944486320018768,True,0.08260949701070786,0.11693128943443298,0.08078531175851822,0.14944486320018768,0.10382633656263351,0.08966998010873795,0.0836155116558075,0.13650095462799072,0.08048408478498459,0.07613222301006317
clip_vit_b_32_linear,translation_32_left,test_00738,738,3,cat,3,cat,0.15271742641925812,True,0.08062233030796051,0.09814425557851791,0.08854115009307861,0.15271742641925812,0.08624941855669022,0.12836849689483643,0.10084350407123566,0.10048200190067291,0.07711265981197357,0.08691877126693726
clip_vit_b_32_linear,translation_32_left,test_06616,6616,2,car,2,car,0.1517971009016037,True,0.10879625380039215,0.09114328026771545,0.1517971009016037,0.08248292654752731,0.07830646634101868,0.08614380657672882,0.08658362179994583,0.08350826799869537,0.10490763932466507,0.12633052468299866
clip_vit_b_32_linear,translation_32_left,test_04093,4093,6,horse,6,horse,0.15620358288288116,True,0.09995889663696289,0.08843420445919037,0.09985833615064621,0.08887255191802979,0.09691257029771805,0.09530828148126602,0.15620358288288116,0.08912990242242813,0.08772620558738708,0.09759541600942612
clip_vit_b_32_linear,translation_32_left,test_05788,5788,9,truck,9,truck,0.15346671640872955,True,0.11179239302873611,0.08175896853208542,0.10958780348300934,0.08327203243970871,0.08815406262874603,0.08892058581113815,0.09344708174467087,0.07932806015014648,0.11027231812477112,0.15346671640872955
clip_vit_b_32_linear,translation_32_left,test_07818,7818,8,ship,8,ship,0.2047828882932663,True,0.11242804676294327,0.07498708367347717,0.08978048712015152,0.07620657235383987,0.07924667745828629,0.07706627249717712,0.07720263302326202,0.0751030370593071,0.2047828882932663,0.13319630920886993
clip_vit_b_32_linear,translation_32_left,test_00304,304,1,bird,1,bird,0.14631935954093933,True,0.09138143062591553,0.14631935954093933,0.0794697254896164,0.10864938795566559,0.11876978725194931,0.09314527362585068,0.0910678505897522,0.11694298684597015,0.07698559015989304,0.07726866006851196
clip_vit_b_32_linear,translation_32_left,test_02082,2082,2,car,2,car,0.1492818295955658,True,0.1170864924788475,0.08847545832395554,0.1492818295955658,0.07518631219863892,0.08364485949277878,0.08865129947662354,0.09783965349197388,0.08149733394384384,0.09335164725780487,0.12498519569635391
clip_vit_b_32_linear,translation_32_left,test_02746,2746,7,monkey,7,monkey,0.18701472878456116,True,0.0728578120470047,0.1122671589255333,0.07744056731462479,0.11911649256944656,0.10654430091381073,0.09721904993057251,0.09151677042245865,0.18701472878456116,0.06786802411079407,0.06815504282712936
clip_vit_b_32_linear,translation_32_left,test_07944,7944,4,deer,4,deer,0.16690225899219513,True,0.07848888635635376,0.10742780566215515,0.07512596994638443,0.11743659526109695,0.16690225899219513,0.09733787178993225,0.10090228170156479,0.10513347387313843,0.07436437904834747,0.07688052207231522
clip_vit_b_32_linear,translation_32_left,test_06689,6689,8,ship,8,ship,0.20091043412685394,True,0.11341343075037003,0.07980789989233017,0.08816550672054291,0.07304444909095764,0.08350728452205658,0.08288811147212982,0.07710161060094833,0.07071571797132492,0.20091043412685394,0.1304454356431961
clip_vit_b_32_linear,translation_32_left,test_02414,2414,9,truck,9,truck,0.1599155217409134,True,0.10758830606937408,0.08217130601406097,0.09620165824890137,0.08814180642366409,0.09894052147865295,0.08190392702817917,0.08557453006505966,0.08273805677890778,0.1168244257569313,0.1599155217409134
clip_vit_b_32_linear,translation_32_left,test_03779,3779,6,horse,6,horse,0.17973105609416962,True,0.07981573045253754,0.08781272172927856,0.08443212509155273,0.10061874985694885,0.10145776718854904,0.11957408487796783,0.17973105609416962,0.08492684364318848,0.08235582709312439,0.07927502691745758
clip_vit_b_32_linear,translation_32_left,test_02095,2095,1,bird,1,bird,0.16152770817279816,True,0.08568624407052994,0.16152770817279816,0.0757160484790802,0.12527339160442352,0.10640306770801544,0.0901595875620842,0.08262166380882263,0.1245206743478775,0.07375218719244003,0.07433950901031494
clip_vit_b_32_linear,translation_32_left,test_07262,7262,0,airplane,0,airplane,0.19937703013420105,True,0.19937703013420105,0.09596598893404007,0.10063957422971725,0.07512252777814865,0.07573170959949493,0.08301256597042084,0.0829509049654007,0.08530829101800919,0.10230895131826401,0.0995824784040451
clip_vit_b_32_linear,translation_32_left,test_05694,5694,8,ship,8,ship,0.1970711052417755,True,0.1214553639292717,0.07714229077100754,0.11279918253421783,0.06887303292751312,0.07827814668416977,0.0773426741361618,0.07992368936538696,0.07630929350852966,0.1970711052417755,0.11080526560544968
clip_vit_b_32_linear,translation_32_left,test_07413,7413,5,dog,3,cat,0.13354751467704773,False,0.08344858884811401,0.10366141051054001,0.07343330979347229,0.13354751467704773,0.10637523233890533,0.11932725459337234,0.09410910308361053,0.12492253631353378,0.08723893761634827,0.07393617182970047
clip_vit_b_32_linear,translation_32_left,test_06805,6805,1,bird,1,bird,0.15810932219028473,True,0.10911915451288223,0.15810932219028473,0.07535737752914429,0.09298494458198547,0.12034941464662552,0.08765804022550583,0.08971795439720154,0.10291659086942673,0.08440955728292465,0.079377681016922
clip_vit_b_32_linear,translation_32_left,test_03446,3446,7,monkey,7,monkey,0.20219366252422333,True,0.07570309937000275,0.11292148381471634,0.07177460938692093,0.11934959888458252,0.11403372138738632,0.08818265795707703,0.08171108365058899,0.20219366252422333,0.06841455399990082,0.06571551412343979
clip_vit_b_32_linear,translation_32_left,test_02807,2807,5,dog,4,deer,0.11770342290401459,False,0.0872642993927002,0.10549896210432053,0.08581242710351944,0.11615868657827377,0.11770342290401459,0.1148315817117691,0.09929459542036057,0.11336568742990494,0.07622212916612625,0.0838482603430748
clip_vit_b_32_linear,translation_32_left,test_07940,7940,4,deer,4,deer,0.18414096534252167,True,0.0771816074848175,0.10517426580190659,0.07060936093330383,0.11349554359912872,0.18414096534252167,0.0915144830942154,0.09600614756345749,0.11063936352729797,0.07799167186021805,0.07324649393558502
clip_vit_b_32_linear,translation_32_left,test_04172,4172,7,monkey,7,monkey,0.14580577611923218,True,0.07817292213439941,0.14410068094730377,0.06937524676322937,0.12038420885801315,0.12056887149810791,0.09935493022203445,0.08775073289871216,0.14580577611923218,0.06684783846139908,0.0676388069987297
clip_vit_b_32_linear,translation_32_left,test_07744,7744,3,cat,3,cat,0.14676626026630402,True,0.07817088067531586,0.09635208547115326,0.09062504023313522,0.14676626026630402,0.08589396625757217,0.13664041459560394,0.09282169491052628,0.10550973564386368,0.08577752113342285,0.08144240081310272
clip_vit_b_32_linear,translation_32_left,test_01586,1586,2,car,2,car,0.18893584609031677,True,0.10262858122587204,0.08020596951246262,0.18893584609031677,0.07566270232200623,0.08048374205827713,0.0875210240483284,0.08222189545631409,0.09028106927871704,0.1019020676612854,0.1101570650935173
clip_vit_b_32_linear,translation_32_left,test_07999,7999,8,ship,8,ship,0.19578209519386292,True,0.11711336672306061,0.07901795953512192,0.08024906367063522,0.0741528794169426,0.08745930343866348,0.08404921740293503,0.0833992287516594,0.07449044287204742,0.19578209519386292,0.1242864578962326
clip_vit_b_32_linear,translation_32_left,test_06349,6349,1,bird,1,bird,0.18407897651195526,True,0.08124073594808578,0.18407897651195526,0.06836024671792984,0.11683941632509232,0.12622006237506866,0.08207176625728607,0.07987873256206512,0.11422649770975113,0.07414840906858444,0.07293520867824554
clip_vit_b_32_linear,translation_32_left,test_06594,6594,1,bird,1,bird,0.16197754442691803,True,0.10823582112789154,0.16197754442691803,0.07884585112333298,0.09236549586057663,0.11313207447528839,0.08570802211761475,0.08544241636991501,0.09091266244649887,0.09959464520215988,0.08378543704748154
clip_vit_b_32_linear,translation_32_left,test_02109,2109,8,ship,8,ship,0.2228487730026245,True,0.10937973856925964,0.07753613591194153,0.08905274420976639,0.07068150490522385,0.08213771879673004,0.07671795040369034,0.0832466185092926,0.07003606110811234,0.2228487730026245,0.11836276203393936
clip_vit_b_32_linear,translation_32_left,test_03079,3079,1,bird,1,bird,0.20030558109283447,True,0.08630331605672836,0.20030558109283447,0.0756821408867836,0.09765711426734924,0.11355134844779968,0.08457070589065552,0.07727929949760437,0.11958501487970352,0.07376039028167725,0.0713050365447998
clip_vit_b_32_linear,translation_32_left,test_02070,2070,1,bird,1,bird,0.14469489455223083,True,0.09248866885900497,0.14469489455223083,0.08349989354610443,0.11057507246732712,0.11062337458133698,0.08645811676979065,0.08343302458524704,0.11749593168497086,0.08175002783536911,0.08898106217384338
clip_vit_b_32_linear,translation_32_left,test_00319,319,5,dog,5,dog,0.16976793110370636,True,0.08068787306547165,0.09628081321716309,0.08733196556568146,0.11300527304410934,0.08712226152420044,0.16976793110370636,0.1078811064362526,0.09057439118623734,0.08338871598243713,0.08395972847938538
clip_vit_b_32_linear,translation_32_left,test_02888,2888,0,airplane,0,airplane,0.18505002558231354,True,0.18505002558231354,0.0883672758936882,0.09636443108320236,0.07639224082231522,0.08243707567453384,0.0796695277094841,0.07777299731969833,0.0829961895942688,0.11737782508134842,0.1135723739862442
clip_vit_b_32_linear,translation_32_left,test_06224,6224,5,dog,5,dog,0.143301859498024,True,0.07683579623699188,0.09353514760732651,0.07785461843013763,0.1160171777009964,0.12640970945358276,0.143301859498024,0.1118600070476532,0.09833109378814697,0.07420513033866882,0.081649549305439
clip_vit_b_32_linear,translation_32_left,test_03353,3353,5,dog,5,dog,0.13069254159927368,True,0.08168467879295349,0.09085238724946976,0.08081116527318954,0.11893238127231598,0.10325558483600616,0.13069254159927368,0.11382747441530228,0.1031382605433464,0.08631306886672974,0.09049247950315475
clip_vit_b_32_linear,translation_32_left,test_06244,6244,2,car,2,car,0.15884891152381897,True,0.10104438662528992,0.08275482058525085,0.15884891152381897,0.09034623205661774,0.08259323239326477,0.09407297521829605,0.08878016471862793,0.09679847210645676,0.09300141781568527,0.11175930500030518
clip_vit_b_32_linear,translation_32_left,test_04704,4704,7,monkey,7,monkey,0.16586297750473022,True,0.09384365379810333,0.138962522149086,0.0736055001616478,0.10362952947616577,0.11029553413391113,0.0878060981631279,0.08048056811094284,0.16586297750473022,0.07295488566160202,0.0725587010383606
clip_vit_b_32_linear,translation_32_left,test_02427,2427,5,dog,5,dog,0.17201343178749084,True,0.07238420844078064,0.09438364952802658,0.0879955142736435,0.11008110642433167,0.09719167649745941,0.17201343178749084,0.10912676155567169,0.09661377221345901,0.0768628790974617,0.08334694057703018
clip_vit_b_32_linear,translation_32_left,test_07995,7995,9,truck,9,truck,0.17611005902290344,True,0.10314397513866425,0.08315038681030273,0.12125296145677567,0.07904425263404846,0.08269563317298889,0.08539113402366638,0.08817450702190399,0.0759669691324234,0.10507015883922577,0.17611005902290344
clip_vit_b_32_linear,translation_32_left,test_01124,1124,4,deer,4,deer,0.17839741706848145,True,0.07447773218154907,0.11351709067821503,0.07492619752883911,0.11124095320701599,0.17839741706848145,0.09338558465242386,0.09273816645145416,0.11019633710384369,0.07790704071521759,0.07321341335773468
clip_vit_b_32_linear,translation_32_left,test_06733,6733,1,bird,1,bird,0.13953936100006104,True,0.07986582815647125,0.13953936100006104,0.0814678892493248,0.10568132996559143,0.10839110612869263,0.10674814134836197,0.11341048777103424,0.10525161027908325,0.07644666731357574,0.08319760113954544
clip_vit_b_32_linear,translation_32_left,test_02062,2062,9,truck,9,truck,0.19420094788074493,True,0.1014087125658989,0.07630575448274612,0.10205987840890884,0.071500763297081,0.08359052985906601,0.08086366206407547,0.08915535360574722,0.06954125314950943,0.13137316703796387,0.19420094788074493
clip_vit_b_32_linear,translation_32_left,test_00805,805,9,truck,9,truck,0.14890776574611664,True,0.11775897443294525,0.08342757821083069,0.08892044425010681,0.08434917777776718,0.09243885427713394,0.09174588322639465,0.09624480456113815,0.08709660917520523,0.10910992324352264,0.14890776574611664
clip_vit_b_32_linear,translation_32_left,test_02028,2028,3,cat,3,cat,0.15229329466819763,True,0.07461560517549515,0.11101911962032318,0.07575101405382156,0.15229329466819763,0.11204937100410461,0.126027911901474,0.0855175256729126,0.1281389594078064,0.06592255085706711,0.06866465508937836
clip_vit_b_32_linear,translation_32_left,test_02392,2392,2,car,2,car,0.1769046038389206,True,0.11061206459999084,0.07454807311296463,0.1769046038389206,0.0833304151892662,0.08382713049650192,0.08535904437303543,0.08950153738260269,0.08431927859783173,0.09689312428236008,0.11470461636781693
clip_vit_b_32_linear,translation_32_left,test_03292,3292,6,horse,6,horse,0.15806956589221954,True,0.09967274963855743,0.08289812505245209,0.10017052292823792,0.0815281867980957,0.10199689120054245,0.10281649976968765,0.15806956589221954,0.07937256246805191,0.09412273019552231,0.09935231506824493
clip_vit_b_32_linear,translation_32_left,test_01440,1440,7,monkey,7,monkey,0.19025824964046478,True,0.07794975489377975,0.10929209738969803,0.07241401821374893,0.1214429959654808,0.11770694702863693,0.09106426686048508,0.0864798054099083,0.19025824964046478,0.06772679090499878,0.06566517800092697
clip_vit_b_32_linear,translation_32_left,test_01115,1115,1,bird,1,bird,0.18600723147392273,True,0.08302073180675507,0.18600723147392273,0.07264292985200882,0.10756407678127289,0.10853924602270126,0.0918649360537529,0.0807088240981102,0.12705905735492706,0.07187643647193909,0.0707165077328682
clip_vit_b_32_linear,translation_32_left,test_04242,4242,8,ship,8,ship,0.21487970650196075,True,0.11044477671384811,0.07832314819097519,0.08631367236375809,0.0704227164387703,0.07960961014032364,0.07595512270927429,0.0752803236246109,0.07434263080358505,0.21487970650196075,0.13442833721637726
clip_vit_b_32_linear,translation_32_left,test_02230,2230,8,ship,8,ship,0.19575707614421844,True,0.11692801117897034,0.07538020610809326,0.08841276168823242,0.07982085645198822,0.08344023674726486,0.08322499692440033,0.07549406588077545,0.07722054421901703,0.19575707614421844,0.12432130426168442
clip_vit_b_32_linear,translation_32_left,test_03163,3163,2,car,2,car,0.18212461471557617,True,0.10226017236709595,0.0898936539888382,0.18212461471557617,0.07580458372831345,0.0829521045088768,0.08846046030521393,0.08917227387428284,0.09029266238212585,0.09521771967411041,0.10382173210382462
clip_vit_b_32_linear,translation_32_left,test_00545,545,6,horse,6,horse,0.1624981313943863,True,0.09425099939107895,0.08699245005846024,0.09177936613559723,0.08258995413780212,0.09611067920923233,0.09471504390239716,0.1624981313943863,0.10036136209964752,0.08584406971931458,0.10485795885324478
clip_vit_b_32_linear,translation_32_left,test_03863,3863,5,dog,5,dog,0.16056013107299805,True,0.07967610657215118,0.09240634739398956,0.0858130156993866,0.10986587405204773,0.10552974045276642,0.16056013107299805,0.1056758239865303,0.09649460017681122,0.08150212466716766,0.08247622102499008
clip_vit_b_32_linear,translation_32_left,test_04748,4748,7,monkey,7,monkey,0.19826076924800873,True,0.07928214222192764,0.11646890640258789,0.07762765884399414,0.11651013046503067,0.10538475215435028,0.08404970169067383,0.0821736603975296,0.19826076924800873,0.06959358602762222,0.07064875960350037
clip_vit_b_32_linear,translation_32_left,test_02399,2399,4,deer,4,deer,0.17374001443386078,True,0.08586069196462631,0.10386886447668076,0.07295560836791992,0.09623157232999802,0.17374001443386078,0.09026148915290833,0.10364607721567154,0.10530439764261246,0.08827825635671616,0.07985290139913559
clip_vit_b_32_linear,translation_32_left,test_04341,4341,6,horse,6,horse,0.16585417091846466,True,0.07897041738033295,0.08866149932146072,0.07643510401248932,0.08874747902154922,0.1254265308380127,0.09909717738628387,0.16585417091846466,0.08862350136041641,0.08907318860292435,0.09911086410284042
clip_vit_b_32_linear,translation_32_left,test_03078,3078,4,deer,4,deer,0.19004817306995392,True,0.07798095792531967,0.10540488362312317,0.07419005036354065,0.10694941133260727,0.19004817306995392,0.09117363393306732,0.09965738654136658,0.09676282852888107,0.07794224470853806,0.07989033311605453
clip_vit_b_32_linear,translation_32_left,test_03763,3763,4,deer,4,deer,0.2031315118074417,True,0.07931162416934967,0.10684720426797867,0.07349686324596405,0.08935359865427017,0.2031315118074417,0.08826659619808197,0.0991063341498375,0.09980208426713943,0.08247482776641846,0.07820944488048553
clip_vit_b_32_linear,translation_32_left,test_02958,2958,6,horse,6,horse,0.18258200585842133,True,0.077059805393219,0.08751001209020615,0.08503751456737518,0.0949534997344017,0.11066094785928726,0.10980849713087082,0.18258200585842133,0.08305352926254272,0.0830596312880516,0.08627456426620483
clip_vit_b_32_linear,translation_32_left,test_06381,6381,6,horse,6,horse,0.1737576723098755,True,0.08804938942193985,0.0802556499838829,0.10308543592691422,0.07848876714706421,0.10102047771215439,0.09606720507144928,0.1737576723098755,0.08528655022382736,0.09538828581571579,0.0986006036400795
clip_vit_b_32_linear,translation_32_left,test_01640,1640,8,ship,8,ship,0.2158341407775879,True,0.10535144805908203,0.08222857117652893,0.08433976024389267,0.07379042357206345,0.08495213091373444,0.08059573173522949,0.07878754287958145,0.07694554328918457,0.2158341407775879,0.11717475205659866
clip_vit_b_32_linear,translation_32_left,test_01783,1783,8,ship,8,ship,0.21060261130332947,True,0.11150242388248444,0.0815165564417839,0.08215515315532684,0.07201440632343292,0.08198919147253036,0.07987235486507416,0.07916812598705292,0.07413995265960693,0.21060261130332947,0.12703920900821686
clip_vit_b_32_linear,translation_32_left,test_03914,3914,3,cat,3,cat,0.17957183718681335,True,0.08056014776229858,0.10886212438344955,0.07492882013320923,0.17957183718681335,0.10618887096643448,0.09896327555179596,0.09035100042819977,0.11133318394422531,0.07622871547937393,0.07301197946071625
clip_vit_b_32_linear,translation_32_left,test_01534,1534,6,horse,6,horse,0.13931813836097717,True,0.09401483833789825,0.08098229020833969,0.098155178129673,0.08385296911001205,0.10311117023229599,0.09778586030006409,0.13931813836097717,0.09216055274009705,0.09520956873893738,0.11540945619344711
clip_vit_b_32_linear,translation_32_left,test_00685,685,5,dog,5,dog,0.17537398636341095,True,0.07967990636825562,0.08883260935544968,0.08843410015106201,0.11214346438646317,0.09518692642450333,0.17537398636341095,0.10541343688964844,0.0937666967511177,0.07922520488500595,0.08194365352392197
clip_vit_b_32_linear,translation_32_left,test_04617,4617,0,airplane,0,airplane,0.20777635276317596,True,0.20777635276317596,0.09485512226819992,0.09596424549818039,0.07191379368305206,0.08082365989685059,0.08268359303474426,0.09244957566261292,0.08451417833566666,0.09561312943696976,0.09340635687112808
clip_vit_b_32_linear,translation_32_left,test_05508,5508,9,truck,9,truck,0.18447992205619812,True,0.10333326458930969,0.07543038576841354,0.11320456117391586,0.07138717174530029,0.07609850913286209,0.08396105468273163,0.08397770673036575,0.07357938587665558,0.13454805314540863,0.18447992205619812
clip_vit_b_32_linear,translation_32_left,test_01022,1022,9,truck,9,truck,0.12766064703464508,True,0.11835984140634537,0.08689437806606293,0.12047657370567322,0.08717061579227448,0.08893819898366928,0.09059111773967743,0.08517729490995407,0.09113793820142746,0.1035933718085289,0.12766064703464508
clip_vit_b_32_linear,translation_32_left,test_01230,1230,1,bird,7,monkey,0.15361475944519043,False,0.09095707535743713,0.13779525458812714,0.0780441015958786,0.1066073626279831,0.10043851286172867,0.085420161485672,0.08823762834072113,0.15361475944519043,0.0818047896027565,0.0770803689956665
clip_vit_b_32_linear,translation_32_left,test_07475,7475,4,deer,4,deer,0.19959357380867004,True,0.08500303328037262,0.10506495833396912,0.07401422411203384,0.09366115182638168,0.19959357380867004,0.09055402874946594,0.10513292253017426,0.09165013581514359,0.07967869937419891,0.07564724236726761
clip_vit_b_32_linear,translation_32_left,test_05756,5756,2,car,2,car,0.1791178286075592,True,0.10409734398126602,0.08443623036146164,0.1791178286075592,0.08085840940475464,0.08397167921066284,0.09418940544128418,0.08328666538000107,0.08903224021196365,0.0979187935590744,0.10309134423732758
clip_vit_b_32_linear,translation_32_left,test_03122,3122,4,deer,4,deer,0.16828064620494843,True,0.07656436413526535,0.09723450988531113,0.07267915457487106,0.1200530156493187,0.16828064620494843,0.0925690308213234,0.10055935382843018,0.1122901439666748,0.08281028270721436,0.07695940881967545
clip_vit_b_32_linear,translation_32_left,test_07202,7202,1,bird,1,bird,0.17860746383666992,True,0.08461131900548935,0.17860746383666992,0.08074331283569336,0.10897088050842285,0.10802659392356873,0.09898177534341812,0.08090480417013168,0.1135384812951088,0.06837183982133865,0.07724355161190033
clip_vit_b_32_linear,translation_32_left,test_04723,4723,9,truck,9,truck,0.16734565794467926,True,0.10834930092096329,0.08105303347110748,0.09252676367759705,0.08844892680644989,0.08587565273046494,0.08310125023126602,0.08849924057722092,0.0785176008939743,0.12628261744976044,0.16734565794467926
clip_vit_b_32_linear,translation_32_left,test_01552,1552,5,dog,7,monkey,0.14338569343090057,False,0.07877960056066513,0.10066814720630646,0.0790969580411911,0.10787193477153778,0.1254151463508606,0.12430683523416519,0.10320538282394409,0.14338569343090057,0.06699175387620926,0.07027851790189743
clip_vit_b_32_linear,translation_32_left,test_00603,603,9,truck,9,truck,0.15550650656223297,True,0.10407461225986481,0.08298159390687943,0.10927178710699081,0.07989257574081421,0.0876588448882103,0.09048496186733246,0.09268520027399063,0.08415799587965012,0.11328602582216263,0.15550650656223297
clip_vit_b_32_linear,translation_32_left,test_02861,2861,3,cat,3,cat,0.16935884952545166,True,0.07507285475730896,0.09552008658647537,0.09046774357557297,0.16935884952545166,0.08700818568468094,0.11995915323495865,0.09394548833370209,0.10494060069322586,0.08287551999092102,0.08085159957408905
clip_vit_b_32_linear,translation_32_left,test_06426,6426,2,car,2,car,0.19401660561561584,True,0.10489191114902496,0.07679682224988937,0.19401660561561584,0.08198908716440201,0.07473727315664291,0.0843525156378746,0.08279669284820557,0.08333849161863327,0.10239145904779434,0.1146891638636589
clip_vit_b_32_linear,translation_32_left,test_07864,7864,4,deer,4,deer,0.20465335249900818,True,0.0836893692612648,0.1073552742600441,0.07325944304466248,0.09082553535699844,0.20465335249900818,0.08707650750875473,0.10154638439416885,0.0937611311674118,0.08169141411781311,0.07614150643348694
clip_vit_b_32_linear,translation_32_left,test_05729,5729,6,horse,6,horse,0.17605453729629517,True,0.0774228647351265,0.08602602779865265,0.07560359686613083,0.0930771604180336,0.12119515240192413,0.10570573806762695,0.17605453729629517,0.08858468383550644,0.08405189961194992,0.09227829426527023
clip_vit_b_32_linear,translation_32_left,test_07474,7474,5,dog,5,dog,0.17998625338077545,True,0.08761276304721832,0.09849085658788681,0.07817142456769943,0.10264763981103897,0.0958864763379097,0.17998625338077545,0.11378691345453262,0.08658593893051147,0.07722927629947662,0.07960250973701477
clip_vit_b_32_linear,translation_32_left,test_04298,4298,1,bird,1,bird,0.20418500900268555,True,0.08265884220600128,0.20418500900268555,0.0751083716750145,0.10371433943510056,0.11396370828151703,0.08641064912080765,0.07770296186208725,0.11325915157794952,0.07502231746912003,0.06797465682029724
clip_vit_b_32_linear,translation_32_left,test_01175,1175,0,airplane,0,airplane,0.2050270140171051,True,0.2050270140171051,0.09370347112417221,0.0914996862411499,0.0749533623456955,0.08878125995397568,0.08637697249650955,0.07659900933504105,0.08184073120355606,0.09947194159030914,0.10174652934074402
clip_vit_b_32_linear,translation_32_left,test_03454,3454,2,car,2,car,0.17999911308288574,True,0.1073443815112114,0.07775628566741943,0.17999911308288574,0.08979711681604385,0.08056781440973282,0.08667025715112686,0.08250647783279419,0.07983200252056122,0.1002669408917427,0.11525961756706238
clip_vit_b_32_linear,translation_32_left,test_02754,2754,3,cat,3,cat,0.17030087113380432,True,0.07504043728113174,0.09882424771785736,0.07675672322511673,0.17030087113380432,0.1164265051484108,0.10493990033864975,0.09877485781908035,0.10810883343219757,0.07218793034553528,0.07863965630531311
clip_vit_b_32_linear,translation_32_left,test_00855,855,4,deer,4,deer,0.17900744080543518,True,0.07475552707910538,0.10631999373435974,0.06987376511096954,0.0985790342092514,0.17900744080543518,0.09411471337080002,0.11341865360736847,0.11270266771316528,0.07244998216629028,0.07877825200557709
clip_vit_b_32_linear,translation_32_left,test_02854,2854,7,monkey,7,monkey,0.1733550727367401,True,0.07743778079748154,0.13134987652301788,0.07078864425420761,0.11241128295660019,0.12252746522426605,0.094154953956604,0.09098823368549347,0.1733550727367401,0.06270182877779007,0.06428498029708862
clip_vit_b_32_linear,translation_32_left,test_05092,5092,1,bird,1,bird,0.18751339614391327,True,0.08656174689531326,0.18751339614391327,0.08072420209646225,0.10269661247730255,0.1122705489397049,0.08848822861909866,0.08275572210550308,0.10842934995889664,0.0750727728009224,0.07548744976520538
clip_vit_b_32_linear,translation_32_left,test_05590,5590,9,truck,9,truck,0.1443975269794464,True,0.10829077661037445,0.08720186352729797,0.09442242234945297,0.0817309021949768,0.10407136380672455,0.08546608686447144,0.09328001737594604,0.08165829628705978,0.11948072910308838,0.1443975269794464
clip_vit_b_32_linear,translation_32_left,test_04463,4463,3,cat,3,cat,0.16468532383441925,True,0.07852928340435028,0.09724622964859009,0.08761557936668396,0.16468532383441925,0.08887004107236862,0.11958998441696167,0.09758056700229645,0.10151646286249161,0.08000161498785019,0.08436495810747147
clip_vit_b_32_linear,translation_32_left,test_05318,5318,2,car,2,car,0.1357320249080658,True,0.09729129076004028,0.09303181618452072,0.1357320249080658,0.08284393697977066,0.09759467840194702,0.09090577065944672,0.09135378152132034,0.0933823511004448,0.10385163873434067,0.1140127032995224
clip_vit_b_32_linear,translation_32_left,test_03515,3515,6,horse,6,horse,0.1748388409614563,True,0.07639996707439423,0.08812912553548813,0.07929985970258713,0.09695523977279663,0.11748380213975906,0.10567091405391693,0.1748388409614563,0.0959349125623703,0.08497080951929092,0.08031667768955231
clip_vit_b_32_linear,translation_32_left,test_04642,4642,4,deer,4,deer,0.19181421399116516,True,0.0774548351764679,0.11747715622186661,0.06842375546693802,0.11073660850524902,0.19181421399116516,0.08736172318458557,0.09656312316656113,0.10810228437185287,0.07241097092628479,0.06965530663728714
clip_vit_b_32_linear,translation_32_left,test_00852,852,9,truck,9,truck,0.1779627650976181,True,0.11016622930765152,0.07845951616764069,0.10531120747327805,0.07496517896652222,0.08315184712409973,0.08297403901815414,0.09091336280107498,0.0755118876695633,0.12058401852846146,0.1779627650976181
clip_vit_b_32_linear,translation_32_left,test_01247,1247,8,ship,8,ship,0.1981590986251831,True,0.11368416994810104,0.07710375636816025,0.08801602572202682,0.07731149345636368,0.08018998801708221,0.07785655558109283,0.08064007014036179,0.07444335520267487,0.1981590986251831,0.1325955092906952
clip_vit_b_32_linear,translation_32_left,test_07084,7084,2,car,2,car,0.16091719269752502,True,0.09741568565368652,0.0807652696967125,0.16091719269752502,0.0832325667142868,0.0866142138838768,0.0946454182267189,0.09018195420503616,0.08926744759082794,0.09746642410755157,0.11949390918016434
clip_vit_b_32_linear,translation_32_left,test_05301,5301,9,truck,9,truck,0.1528158336877823,True,0.1261192113161087,0.08360721915960312,0.11248058825731277,0.07868292182683945,0.08541751652956009,0.08382326364517212,0.08707758784294128,0.08000075072050095,0.10997513681650162,0.1528158336877823
clip_vit_b_32_linear,translation_32_left,test_05082,5082,6,horse,6,horse,0.18732653558254242,True,0.07927490025758743,0.09000645577907562,0.08043112605810165,0.10017678886651993,0.10118225961923599,0.11559990048408508,0.18732653558254242,0.08789319545030594,0.07705236971378326,0.08105646818876266
clip_vit_b_32_linear,translation_32_left,test_05077,5077,4,deer,4,deer,0.18708525598049164,True,0.07731431722640991,0.09842661768198013,0.07519635558128357,0.09111606329679489,0.18708525598049164,0.09172402322292328,0.11794131994247437,0.10324528813362122,0.07871826738119125,0.07923251390457153
clip_vit_b_32_linear,translation_32_left,test_01563,1563,3,cat,7,monkey,0.15855102241039276,False,0.07482726126909256,0.10546226054430008,0.0749531239271164,0.14271694421768188,0.10784999281167984,0.110858254134655,0.08763524144887924,0.15855102241039276,0.07164417207241058,0.06550174206495285
clip_vit_b_32_linear,translation_32_left,test_00029,29,7,monkey,7,monkey,0.18438947200775146,True,0.07682988792657852,0.10844214260578156,0.07531962543725967,0.11815854161977768,0.11804595589637756,0.0891793742775917,0.08987031877040863,0.18438947200775146,0.06931786239147186,0.07044682651758194
clip_vit_b_32_linear,translation_32_left,test_03867,3867,7,monkey,7,monkey,0.18183520436286926,True,0.07756266742944717,0.1104361042380333,0.07134076207876205,0.1191062405705452,0.11310888826847076,0.09858445078134537,0.08433559536933899,0.18183520436286926,0.07319203019142151,0.07049805670976639
clip_vit_b_32_linear,translation_32_left,test_04620,4620,6,horse,6,horse,0.17410717904567719,True,0.08594626933336258,0.0828988254070282,0.0991925448179245,0.08930996060371399,0.09585455060005188,0.11215786635875702,0.17410717904567719,0.08268607407808304,0.08496915549039841,0.0928775817155838
clip_vit_b_32_linear,translation_32_left,test_04065,4065,2,car,2,car,0.1473168134689331,True,0.10483810305595398,0.08521924912929535,0.1473168134689331,0.08097612857818604,0.09094273298978806,0.08500650525093079,0.08793289214372635,0.09020507335662842,0.10303565114736557,0.12452684342861176
clip_vit_b_32_linear,translation_32_left,test_01095,1095,5,dog,5,dog,0.16260135173797607,True,0.0785275250673294,0.08999774605035782,0.08420909941196442,0.10812783986330032,0.1039610281586647,0.16260135173797607,0.11681882292032242,0.09268873184919357,0.07882312685251236,0.08424467593431473
clip_vit_b_32_linear,translation_32_left,test_04229,4229,3,cat,3,cat,0.18370279669761658,True,0.07430822402238846,0.10184093564748764,0.07734557241201401,0.18370279669761658,0.11695864796638489,0.09176861494779587,0.08090957999229431,0.12458938360214233,0.08133364468812943,0.06724262237548828
clip_vit_b_32_linear,translation_32_left,test_03562,3562,3,cat,3,cat,0.1375553011894226,True,0.07319901138544083,0.09942340105772018,0.06919598579406738,0.1375553011894226,0.1347835212945938,0.11507436633110046,0.10780908167362213,0.11530796438455582,0.07699152082204819,0.07065976411104202
clip_vit_b_32_linear,translation_32_left,test_02342,2342,8,ship,8,ship,0.21379967033863068,True,0.11637642979621887,0.07951975613832474,0.07968824356794357,0.07383790612220764,0.08633503317832947,0.08076241612434387,0.08005961030721664,0.07312825322151184,0.21379967033863068,0.11649265885353088
clip_vit_b_32_linear,translation_32_left,test_01667,1667,6,horse,6,horse,0.177640900015831,True,0.08492808043956757,0.07778755575418472,0.09339190274477005,0.08885891735553741,0.09738296270370483,0.10312551259994507,0.177640900015831,0.08643266558647156,0.0868585854768753,0.10359292477369308
clip_vit_b_32_linear,translation_32_left,test_07033,7033,1,bird,1,bird,0.16624340415000916,True,0.08682785928249359,0.16624340415000916,0.07322577387094498,0.11289969831705093,0.12896646559238434,0.08531593531370163,0.08054646104574203,0.1152459904551506,0.07676932960748672,0.0739591047167778
clip_vit_b_32_linear,translation_32_left,test_01771,1771,7,monkey,7,monkey,0.1461886167526245,True,0.0823029950261116,0.09651083499193192,0.08021453768014908,0.11882564425468445,0.11430466920137405,0.10818366706371307,0.10221514105796814,0.1461886167526245,0.07151379436254501,0.07974010705947876
clip_vit_b_32_linear,translation_32_left,test_03157,3157,8,ship,8,ship,0.20622877776622772,True,0.12014233320951462,0.08089692890644073,0.08602901548147202,0.07124124467372894,0.0807228684425354,0.07844419777393341,0.07999400049448013,0.06969376653432846,0.20622877776622772,0.12660682201385498
clip_vit_b_32_linear,translation_32_left,test_03851,3851,3,cat,3,cat,0.1567293405532837,True,0.0789603516459465,0.0984332486987114,0.0854249820113182,0.1567293405532837,0.08528651297092438,0.13940855860710144,0.10373386740684509,0.09747736901044846,0.07626703381538391,0.07827882468700409
clip_vit_b_32_linear,translation_32_left,test_01287,1287,7,monkey,7,monkey,0.15670812129974365,True,0.0780181959271431,0.11059137433767319,0.07307610660791397,0.1299326866865158,0.11603827774524689,0.11111007630825043,0.08286776393651962,0.15670812129974365,0.06922443956136703,0.07243289798498154
clip_vit_b_32_linear,translation_32_left,test_07320,7320,0,airplane,0,airplane,0.1772335320711136,True,0.1772335320711136,0.09801748394966125,0.10644832998514175,0.07930635660886765,0.0844329446554184,0.08775734156370163,0.08014733344316483,0.08596216142177582,0.09683739393949509,0.10385716706514359
clip_vit_b_32_linear,translation_32_left,test_07600,7600,6,horse,6,horse,0.1574995368719101,True,0.09325689822435379,0.09210830926895142,0.09666209667921066,0.08850834518671036,0.09580472856760025,0.10811413079500198,0.1574995368719101,0.07797686755657196,0.10002919286489487,0.09003979712724686
clip_vit_b_32_linear,translation_32_left,test_03852,3852,5,dog,5,dog,0.16678981482982635,True,0.08392702043056488,0.09555069357156754,0.08725574612617493,0.12533223628997803,0.09146121144294739,0.16678981482982635,0.09808729588985443,0.09927713871002197,0.07385324686765671,0.07846563309431076
clip_vit_b_32_linear,translation_32_left,test_00269,269,7,monkey,7,monkey,0.16634206473827362,True,0.08353067189455032,0.12021858245134354,0.07806030660867691,0.10901682078838348,0.10785216093063354,0.09605831652879715,0.08657342940568924,0.16634206473827362,0.0750136598944664,0.07733391970396042
clip_vit_b_32_linear,translation_32_left,test_01703,1703,7,monkey,7,monkey,0.15560686588287354,True,0.07907047867774963,0.11398022621870041,0.07570664584636688,0.13673292100429535,0.11175800859928131,0.10691383481025696,0.08570777624845505,0.15560686588287354,0.06379431486129761,0.07072889059782028
clip_vit_b_32_linear,translation_32_left,test_07776,7776,5,dog,5,dog,0.1270691454410553,True,0.08793702721595764,0.09326202422380447,0.08814793080091476,0.09945358335971832,0.11318754404783249,0.1270691454410553,0.1139746904373169,0.10372336208820343,0.08320944011211395,0.09003528207540512
clip_vit_b_32_linear,translation_32_left,test_03891,3891,4,deer,4,deer,0.1985686719417572,True,0.07123377174139023,0.11104561388492584,0.06954145431518555,0.11415789276361465,0.1985686719417572,0.09082851558923721,0.09866512566804886,0.10570058971643448,0.0701383501291275,0.07012008130550385
clip_vit_b_32_linear,translation_32_left,test_07009,7009,0,airplane,0,airplane,0.16449564695358276,True,0.16449564695358276,0.0877843052148819,0.10353636741638184,0.07867813855409622,0.09537696093320847,0.08710458129644394,0.07829248905181885,0.08792305737733841,0.10508177429437637,0.11172658950090408
clip_vit_b_32_linear,translation_32_left,test_04893,4893,0,airplane,0,airplane,0.21095342934131622,True,0.21095342934131622,0.09396316856145859,0.0919986367225647,0.07257306575775146,0.08325206488370895,0.08246655017137527,0.08665649592876434,0.08442521095275879,0.09557387232780457,0.0981375202536583
clip_vit_b_32_linear,translation_32_left,test_02351,2351,9,truck,9,truck,0.1867760717868805,True,0.10150355845689774,0.07713841646909714,0.10592758655548096,0.0748816654086113,0.08661305904388428,0.08498307317495346,0.09310974925756454,0.07411201298236847,0.11495481431484222,0.1867760717868805
clip_vit_b_32_linear,translation_32_left,test_03550,3550,1,bird,1,bird,0.16040882468223572,True,0.0938393622636795,0.16040882468223572,0.07613607496023178,0.09451498836278915,0.11898896098136902,0.08914037048816681,0.0919477641582489,0.11102112382650375,0.0835968554019928,0.08040571957826614
clip_vit_b_32_linear,translation_32_left,test_05719,5719,7,monkey,7,monkey,0.18582049012184143,True,0.07575944811105728,0.11412711441516876,0.08430272340774536,0.10710646212100983,0.10057609528303146,0.09508565068244934,0.0913047268986702,0.18582049012184143,0.07181048393249512,0.07410691678524017
clip_vit_b_32_linear,translation_32_left,test_01884,1884,7,monkey,7,monkey,0.15008360147476196,True,0.09125589579343796,0.12965717911720276,0.0708794966340065,0.10906647890806198,0.12422966212034225,0.08663962036371231,0.08473685383796692,0.15008360147476196,0.07621622830629349,0.07723502814769745
clip_vit_b_32_linear,translation_32_left,test_02898,2898,4,deer,4,deer,0.20023754239082336,True,0.08270499110221863,0.10510436445474625,0.07613755017518997,0.08635957539081573,0.20023754239082336,0.09252199530601501,0.10375672578811646,0.0967646986246109,0.07865943759679794,0.07775304466485977
clip_vit_b_32_linear,translation_32_left,test_04640,4640,1,bird,1,bird,0.1682751178741455,True,0.0947362557053566,0.1682751178741455,0.06949970126152039,0.10524562746286392,0.11467666923999786,0.0847897008061409,0.07874707877635956,0.1333034783601761,0.075652576982975,0.0750737413764
clip_vit_b_32_linear,translation_32_left,test_07610,7610,4,deer,4,deer,0.18441671133041382,True,0.078306645154953,0.11531011015176773,0.07366296648979187,0.10300151258707047,0.18441671133041382,0.08484280109405518,0.09735763072967529,0.10933755338191986,0.0809067040681839,0.07285737991333008
clip_vit_b_32_linear,translation_32_left,test_01833,1833,8,ship,8,ship,0.20004013180732727,True,0.1133139356970787,0.08142957836389542,0.08671937137842178,0.07483859360218048,0.07992853969335556,0.07822101563215256,0.08144114911556244,0.07544194906949997,0.20004013180732727,0.1286257654428482
clip_vit_b_32_linear,translation_32_left,test_06455,6455,0,airplane,0,airplane,0.15964533388614655,True,0.15964533388614655,0.09094175696372986,0.09325060993432999,0.08132699877023697,0.10087057203054428,0.08795482665300369,0.08367224037647247,0.08571584522724152,0.11795570701360703,0.09866608679294586
clip_vit_b_32_linear,translation_32_left,test_03893,3893,9,truck,9,truck,0.1585242599248886,True,0.11860625445842743,0.07471121102571487,0.12392944097518921,0.07490307092666626,0.08370272070169449,0.08339520543813705,0.08271610736846924,0.07653023302555084,0.12298153340816498,0.1585242599248886
clip_vit_b_32_linear,translation_32_left,test_04731,4731,6,horse,6,horse,0.18088854849338531,True,0.07736299186944962,0.0850568637251854,0.08381184935569763,0.10088495910167694,0.09962104260921478,0.11560160666704178,0.18088854849338531,0.08875779807567596,0.07952810078859329,0.0884862169623375
clip_vit_b_32_linear,translation_32_left,test_00929,929,6,horse,6,horse,0.1967126727104187,True,0.07829538732767105,0.08234976977109909,0.08551209419965744,0.09601989388465881,0.09908053278923035,0.11759185045957565,0.1967126727104187,0.0910133495926857,0.0738598182797432,0.07956462353467941
clip_vit_b_32_linear,translation_32_left,test_03962,3962,6,horse,6,horse,0.1620517522096634,True,0.07576915621757507,0.10160897672176361,0.0842062309384346,0.09677785634994507,0.11337782442569733,0.11051516979932785,0.1620517522096634,0.09748075902462006,0.07894407957792282,0.07926826179027557
clip_vit_b_32_linear,translation_32_left,test_03778,3778,3,cat,3,cat,0.15484340488910675,True,0.08169320970773697,0.09702425450086594,0.08581708371639252,0.15484340488910675,0.09284448623657227,0.11872915178537369,0.09722878783941269,0.10868334025144577,0.07887552678585052,0.08426085114479065
clip_vit_b_32_linear,translation_32_left,test_01429,1429,4,deer,4,deer,0.1512417197227478,True,0.08361862599849701,0.10071856528520584,0.07883603870868683,0.10616905987262726,0.1512417197227478,0.0919802337884903,0.10975215584039688,0.10898653417825699,0.08108188956975937,0.08761517703533173
clip_vit_b_32_linear,translation_32_left,test_00049,49,2,car,2,car,0.1865752637386322,True,0.09769681096076965,0.08396314829587936,0.1865752637386322,0.08905205130577087,0.08795932680368423,0.0867011696100235,0.09178817272186279,0.08228979259729385,0.09071675688028336,0.10325745493173599
clip_vit_b_32_linear,translation_32_left,test_00276,276,9,truck,9,truck,0.13451027870178223,True,0.10095840692520142,0.09093990921974182,0.10297339409589767,0.0902983620762825,0.09593120962381363,0.0946890264749527,0.09816048294305801,0.09198011457920074,0.09955880045890808,0.13451027870178223
clip_vit_b_32_linear,translation_32_left,test_06076,6076,1,bird,1,bird,0.18737059831619263,True,0.0908462330698967,0.18737059831619263,0.07856492698192596,0.10132954269647598,0.12179995328187943,0.08548150211572647,0.08034287393093109,0.10638459026813507,0.07859840989112854,0.0692814365029335
clip_vit_b_32_linear,translation_32_left,test_01389,1389,0,airplane,0,airplane,0.18737365305423737,True,0.18737365305423737,0.09390787780284882,0.09066405147314072,0.08183553069829941,0.09069197624921799,0.09094513952732086,0.0812363401055336,0.08771796524524689,0.09467386454343796,0.10095374286174774
clip_vit_b_32_linear,translation_32_left,test_03362,3362,2,car,2,car,0.18042437732219696,True,0.11584215611219406,0.08035867661237717,0.18042437732219696,0.07843579351902008,0.08198580890893936,0.09534864127635956,0.09536775946617126,0.07811491191387177,0.09116178750991821,0.10296003520488739
clip_vit_b_32_linear,translation_32_left,test_00317,317,2,car,2,car,0.1752592772245407,True,0.10219039767980576,0.08766710758209229,0.1752592772245407,0.08290455490350723,0.08374806493520737,0.08510376513004303,0.09107889980077744,0.08677579462528229,0.09031686931848526,0.1149553507566452
clip_vit_b_32_linear,translation_32_left,test_04675,4675,0,airplane,0,airplane,0.19163839519023895,True,0.19163839519023895,0.0924970805644989,0.09047027677297592,0.07456192374229431,0.08673102408647537,0.08765290677547455,0.081029012799263,0.08574561774730682,0.10724783688783646,0.1024259626865387
clip_vit_b_32_linear,translation_32_left,test_05924,5924,5,dog,5,dog,0.13282707333564758,True,0.077310711145401,0.0977364107966423,0.07819283753633499,0.10905265808105469,0.11296835541725159,0.13282707333564758,0.12293252348899841,0.12757427990436554,0.06865153461694717,0.07275363057851791
clip_vit_b_32_linear,translation_32_left,test_00198,198,1,bird,1,bird,0.19035859405994415,True,0.08639836311340332,0.19035859405994415,0.07570956647396088,0.11287893354892731,0.10537343472242355,0.08499611914157867,0.08255910873413086,0.11078491806983948,0.07770685851573944,0.07323409616947174
clip_vit_b_32_linear,translation_32_left,test_07779,7779,6,horse,6,horse,0.18060526251792908,True,0.09375736117362976,0.08680807054042816,0.09427979588508606,0.08793593943119049,0.0946103185415268,0.10960356891155243,0.18060526251792908,0.08082851022481918,0.08217423409223557,0.08939703553915024
clip_vit_b_32_linear,translation_32_left,test_04054,4054,4,deer,4,deer,0.1754109263420105,True,0.09020640701055527,0.1003207340836525,0.08363182842731476,0.0944751724600792,0.1754109263420105,0.08837073296308517,0.1031065434217453,0.0986025258898735,0.08121221512556076,0.08466295897960663
clip_vit_b_32_linear,translation_32_left,test_05556,5556,4,deer,4,deer,0.18044684827327728,True,0.07441282272338867,0.10157399624586105,0.07675372064113617,0.09259741753339767,0.18044684827327728,0.09434568136930466,0.12011007219552994,0.1011374443769455,0.08018254488706589,0.07843949645757675
clip_vit_b_32_linear,translation_32_left,test_02687,2687,1,bird,1,bird,0.19576863944530487,True,0.08482881635427475,0.19576863944530487,0.07461706548929214,0.10445640981197357,0.11834821850061417,0.08185696601867676,0.08456873148679733,0.1051204577088356,0.07688503712415695,0.07354967296123505
clip_vit_b_32_linear,translation_32_left,test_01202,1202,2,car,2,car,0.1918586641550064,True,0.10678970813751221,0.08132544904947281,0.1918586641550064,0.08169212937355042,0.07995353639125824,0.08688536286354065,0.08596809953451157,0.084185890853405,0.09250648319721222,0.10883469134569168
clip_vit_b_32_linear,translation_32_left,test_00097,97,5,dog,5,dog,0.1582411676645279,True,0.07461000233888626,0.09657929092645645,0.08312978595495224,0.1202242374420166,0.10002154856920242,0.1582411676645279,0.10551698505878448,0.10182323306798935,0.07924831658601761,0.0806054100394249
clip_vit_b_32_linear,translation_32_left,test_06033,6033,4,deer,4,deer,0.16925406455993652,True,0.08173953741788864,0.10602240264415741,0.07899168133735657,0.09912946820259094,0.16925406455993652,0.09148021787405014,0.10180976241827011,0.09666574001312256,0.08487357944250107,0.09003347158432007
clip_vit_b_32_linear,translation_32_left,test_01711,1711,7,monkey,7,monkey,0.1852029412984848,True,0.07813316583633423,0.09760481864213943,0.07808157056570053,0.12559524178504944,0.10205120593309402,0.09845460206270218,0.1001594141125679,0.1852029412984848,0.06637182831764221,0.06834515184164047
clip_vit_b_32_linear,translation_32_left,test_01430,1430,9,truck,9,truck,0.1814972460269928,True,0.10937289893627167,0.08266247808933258,0.09073707461357117,0.07566195726394653,0.08891351521015167,0.08235892653465271,0.0941431075334549,0.07824086397886276,0.11641191691160202,0.1814972460269928
clip_vit_b_32_linear,translation_32_left,test_00739,739,8,ship,8,ship,0.21454086899757385,True,0.11018425226211548,0.07635584473609924,0.08645456284284592,0.07023502141237259,0.08014009892940521,0.07472982257604599,0.07674698531627655,0.0736904963850975,0.21454086899757385,0.13692209124565125
clip_vit_b_32_linear,translation_32_left,test_03491,3491,1,bird,1,bird,0.16143420338630676,True,0.09192285686731339,0.16143420338630676,0.07684288173913956,0.1120329424738884,0.11537913978099823,0.08536843955516815,0.08182241022586823,0.11006385087966919,0.0852229967713356,0.07991032302379608
clip_vit_b_32_linear,translation_32_left,test_01568,1568,1,bird,1,bird,0.1720971167087555,True,0.08555761724710464,0.1720971167087555,0.07555476576089859,0.12529563903808594,0.10570820420980453,0.0975780114531517,0.08522257953882217,0.1107323169708252,0.06930594891309738,0.07294782251119614
clip_vit_b_32_linear,translation_32_left,test_01211,1211,4,deer,4,deer,0.19551976025104523,True,0.07765112072229385,0.11310944706201553,0.06834243983030319,0.09152061492204666,0.19551976025104523,0.08971672505140305,0.10873951762914658,0.10788920521736145,0.07532723993062973,0.07218392193317413
clip_vit_b_32_linear,translation_32_left,test_04913,4913,2,car,2,car,0.16178204119205475,True,0.10675189644098282,0.082048699259758,0.16178204119205475,0.08175524324178696,0.0885004922747612,0.08802881836891174,0.09705449640750885,0.08290492743253708,0.09281837195158005,0.11835498362779617
clip_vit_b_32_linear,translation_32_left,test_02502,2502,2,car,2,car,0.18020418286323547,True,0.11488272994756699,0.08174137771129608,0.18020418286323547,0.07648971676826477,0.077657550573349,0.08808086812496185,0.09012938290834427,0.08266735821962357,0.09715878218412399,0.11098801344633102
clip_vit_b_32_linear,translation_32_left,test_02539,2539,3,cat,3,cat,0.18299292027950287,True,0.0660485327243805,0.09719976037740707,0.07400829344987869,0.18299292027950287,0.10071905702352524,0.11638370901346207,0.095401331782341,0.12672868371009827,0.0671524852514267,0.07336526364088058
clip_vit_b_32_linear,translation_32_left,test_00979,979,3,cat,3,cat,0.15707822144031525,True,0.075785793364048,0.09935259073972702,0.0862571969628334,0.15707822144031525,0.09590690582990646,0.13323870301246643,0.0989292711019516,0.0953943133354187,0.07915433496236801,0.07890260964632034
clip_vit_b_32_linear,translation_32_left,test_06354,6354,2,car,2,car,0.1327061504125595,True,0.114237479865551,0.0922389030456543,0.1327061504125595,0.0895003080368042,0.08280918747186661,0.09260472655296326,0.08876422047615051,0.08281523734331131,0.10023064911365509,0.12409323453903198
clip_vit_b_32_linear,translation_32_left,test_04735,4735,2,car,2,car,0.15928354859352112,True,0.10977685451507568,0.08738995343446732,0.15928354859352112,0.07812052220106125,0.08308349549770355,0.09031587839126587,0.08812570571899414,0.07910040766000748,0.10116279870271683,0.12364087253808975
clip_vit_b_32_linear,translation_32_left,test_05912,5912,0,airplane,0,airplane,0.21544323861598969,True,0.21544323861598969,0.09513475000858307,0.0936763733625412,0.07321211695671082,0.08159176260232925,0.08051198720932007,0.08333393931388855,0.08558083325624466,0.09870117157697678,0.09281384944915771
clip_vit_b_32_linear,translation_32_left,test_03844,3844,6,horse,6,horse,0.17111098766326904,True,0.07374296337366104,0.08993081748485565,0.0800221860408783,0.10199189931154251,0.11828292906284332,0.10872926563024521,0.17111098766326904,0.09508167207241058,0.07808603346347809,0.0830211192369461
clip_vit_b_32_linear,translation_32_left,test_01263,1263,3,cat,3,cat,0.15551142394542694,True,0.07038527727127075,0.11117511987686157,0.06684435158967972,0.15551142394542694,0.1355036050081253,0.09838161617517471,0.09162954986095428,0.1375553458929062,0.06921956688165665,0.0637940838932991
clip_vit_b_32_linear,translation_32_left,test_03404,3404,7,monkey,7,monkey,0.16755439341068268,True,0.0849154144525528,0.10703102499246597,0.08383622020483017,0.10917367786169052,0.10336457192897797,0.09371227771043777,0.08538559824228287,0.16755439341068268,0.08243558555841446,0.0825912356376648
clip_vit_b_32_linear,translation_32_left,test_03905,3905,8,ship,8,ship,0.21216560900211334,True,0.12426037341356277,0.08026871085166931,0.09635847061872482,0.07008369266986847,0.08196645975112915,0.07538285106420517,0.07838325947523117,0.07673660665750504,0.21216560900211334,0.10439401119947433
clip_vit_b_32_linear,translation_32_left,test_01596,1596,0,airplane,0,airplane,0.21061253547668457,True,0.21061253547668457,0.09141844511032104,0.08599147945642471,0.07360867410898209,0.08706829696893692,0.08478640019893646,0.07790546864271164,0.08027838170528412,0.11073630303144455,0.09759403765201569
clip_vit_b_32_linear,translation_32_left,test_03083,3083,0,airplane,0,airplane,0.20285840332508087,True,0.20285840332508087,0.08956369012594223,0.09223908931016922,0.07286274433135986,0.0921054482460022,0.08187856525182724,0.08482436090707779,0.07549600303173065,0.10866788029670715,0.0995037853717804
clip_vit_b_32_linear,translation_32_left,test_02003,2003,6,horse,6,horse,0.18364188075065613,True,0.08995524048805237,0.08401919156312943,0.0827847272157669,0.0909024178981781,0.11020124703645706,0.1060447096824646,0.18364188075065613,0.08945926278829575,0.07417045533657074,0.0888209342956543
clip_vit_b_32_linear,translation_32_left,test_05030,5030,2,car,2,car,0.19033345580101013,True,0.11147251725196838,0.08043567836284637,0.19033345580101013,0.07407980412244797,0.07642684131860733,0.09156484156847,0.09055735915899277,0.08114825189113617,0.09878197312355042,0.10519932955503464
clip_vit_b_32_linear,translation_32_left,test_00095,95,1,bird,1,bird,0.19768379628658295,True,0.08262651413679123,0.19768379628658295,0.07268030196428299,0.09298021346330643,0.1156015396118164,0.08797982335090637,0.07636578381061554,0.1334182471036911,0.07358749210834503,0.06707628816366196
clip_vit_b_32_linear,translation_32_left,test_02757,2757,4,deer,4,deer,0.17412899434566498,True,0.07685145735740662,0.08925016969442368,0.07960688322782516,0.09289079159498215,0.17412899434566498,0.11292446404695511,0.11988223344087601,0.09640741348266602,0.07655248045921326,0.08150503784418106
clip_vit_b_32_linear,translation_32_left,test_03413,3413,1,bird,1,bird,0.21458785235881805,True,0.07900172472000122,0.21458785235881805,0.07602385431528091,0.10029657185077667,0.12142574042081833,0.08333078771829605,0.07899660617113113,0.10489562898874283,0.07559749484062195,0.06584370136260986
clip_vit_b_32_linear,translation_32_left,test_05488,5488,1,bird,1,bird,0.131755992770195,True,0.0883788913488388,0.131755992770195,0.08396412432193756,0.10985038429498672,0.0990920141339302,0.1006455197930336,0.09894251823425293,0.1291501373052597,0.07508325576782227,0.08313712477684021
clip_vit_b_32_linear,translation_32_left,test_04827,4827,6,horse,6,horse,0.1510191410779953,True,0.09960003197193146,0.09336074441671371,0.09611337631940842,0.08769619464874268,0.09770356118679047,0.1091405600309372,0.1510191410779953,0.08377484977245331,0.09793102741241455,0.08366048336029053
clip_vit_b_32_linear,translation_32_left,test_01877,1877,5,dog,5,dog,0.1747829020023346,True,0.08200932294130325,0.09607245773077011,0.07862353324890137,0.11275112628936768,0.10623125731945038,0.1747829020023346,0.11353491246700287,0.08980629593133926,0.07014212757349014,0.07604601979255676
clip_vit_b_32_linear,translation_32_left,test_02157,2157,1,bird,1,bird,0.18141622841358185,True,0.09359514713287354,0.18141622841358185,0.07751929014921188,0.1054476872086525,0.10395146161317825,0.0854499414563179,0.07870170474052429,0.12287165969610214,0.07495313882827759,0.07609381526708603
clip_vit_b_32_linear,translation_32_left,test_04821,4821,3,cat,3,cat,0.1741221398115158,True,0.07275594770908356,0.10344961285591125,0.0770971029996872,0.1741221398115158,0.09179051220417023,0.1329129934310913,0.09163711965084076,0.11523520201444626,0.06968094408512115,0.07131846994161606
clip_vit_b_32_linear,translation_32_left,test_04953,4953,5,dog,5,dog,0.1378374546766281,True,0.07712999731302261,0.10486417263746262,0.08794230222702026,0.11505958437919617,0.10273530334234238,0.1378374546766281,0.10925448685884476,0.10365941375494003,0.08089890331029892,0.08061832189559937
clip_vit_b_32_linear,translation_32_left,test_05525,5525,8,ship,8,ship,0.20060348510742188,True,0.1152397021651268,0.0786261335015297,0.08489584177732468,0.08077935129404068,0.08595507591962814,0.08286666125059128,0.08157170563936234,0.0797828733921051,0.20060348510742188,0.10967911034822464
clip_vit_b_32_linear,translation_32_left,test_05381,5381,5,dog,5,dog,0.13377900421619415,True,0.09004510194063187,0.09355728328227997,0.09063645452260971,0.10545957088470459,0.09235630184412003,0.13377900421619415,0.10766180604696274,0.10991626977920532,0.08856480568647385,0.08802342414855957
clip_vit_b_32_linear,translation_32_left,test_00672,672,3,cat,3,cat,0.18139444291591644,True,0.07199257612228394,0.1082068607211113,0.07393599301576614,0.18139444291591644,0.12176308035850525,0.0946221575140953,0.08800501376390457,0.12647683918476105,0.06333383917808533,0.07026918232440948
clip_vit_b_32_linear,translation_32_left,test_00323,323,7,monkey,7,monkey,0.18090176582336426,True,0.07919204980134964,0.11220528930425644,0.08113284409046173,0.12363452464342117,0.11045310646295547,0.09038583934307098,0.08124278485774994,0.18090176582336426,0.07230014353990555,0.06855171173810959
clip_vit_b_32_linear,translation_32_left,test_05436,5436,7,monkey,7,monkey,0.18910270929336548,True,0.076775461435318,0.12409644573926926,0.07126490026712418,0.11675555258989334,0.11574897170066833,0.08693713694810867,0.08531203120946884,0.18910270929336548,0.06759004294872284,0.06641680002212524
clip_vit_b_32_linear,translation_32_left,test_05450,5450,7,monkey,7,monkey,0.190495103597641,True,0.08044442534446716,0.13608406484127045,0.07154135406017303,0.1119784563779831,0.09803485870361328,0.09024219214916229,0.0850413516163826,0.190495103597641,0.07180849462747574,0.06432970613241196
clip_vit_b_32_linear,translation_32_left,test_06358,6358,5,dog,5,dog,0.15372374653816223,True,0.08018554002046585,0.08807814121246338,0.08595027029514313,0.11910288780927658,0.10025961697101593,0.15372374653816223,0.10360174626111984,0.10845648497343063,0.07774963974952698,0.0828920528292656
clip_vit_b_32_linear,translation_32_left,test_00372,372,3,cat,3,cat,0.1738446056842804,True,0.0751526951789856,0.09648024290800095,0.07812142372131348,0.1738446056842804,0.09499222785234451,0.12285973876714706,0.09377855062484741,0.1151418387889862,0.07165686041116714,0.07797185331583023
clip_vit_b_32_linear,translation_32_left,test_00378,378,5,dog,5,dog,0.17309047281742096,True,0.0780402421951294,0.09162706881761551,0.08377949893474579,0.12416865676641464,0.09323187917470932,0.17309047281742096,0.10321767628192902,0.09942924231290817,0.07533735781908035,0.07807785272598267
clip_vit_b_32_linear,translation_32_left,test_07706,7706,5,dog,7,monkey,0.1276683509349823,False,0.08435521274805069,0.0895686224102974,0.09413035213947296,0.1165902391076088,0.09459391236305237,0.11824686080217361,0.101655513048172,0.1276683509349823,0.08236823976039886,0.09082267433404922
clip_vit_b_32_linear,translation_32_left,test_02178,2178,1,bird,1,bird,0.14626134932041168,True,0.0972699373960495,0.14626134932041168,0.08433473855257034,0.0942349061369896,0.1100132167339325,0.0963919535279274,0.09322294592857361,0.09466520696878433,0.0990227609872818,0.08458295464515686
clip_vit_b_32_linear,translation_32_left,test_05237,5237,2,car,2,car,0.1501196324825287,True,0.11041706055402756,0.08235885202884674,0.1501196324825287,0.07799193263053894,0.08683968335390091,0.08800206333398819,0.09338568896055222,0.08130151033401489,0.09409261494874954,0.13549092411994934
clip_vit_b_32_linear,translation_32_left,test_05478,5478,0,airplane,0,airplane,0.17054463922977448,True,0.17054463922977448,0.090890072286129,0.09140997380018234,0.07796753942966461,0.0925096720457077,0.08601289242506027,0.08736719191074371,0.08839549124240875,0.10973047465085983,0.10517197847366333
clip_vit_b_32_linear,translation_32_left,test_05452,5452,9,truck,9,truck,0.15955233573913574,True,0.09828124940395355,0.08350977301597595,0.09787643700838089,0.07974732667207718,0.08827060461044312,0.09040861576795578,0.09332143515348434,0.07923004776239395,0.1298021823167801,0.15955233573913574
clip_vit_b_32_linear,translation_32_left,test_05623,5623,4,deer,4,deer,0.19456318020820618,True,0.08505139499902725,0.1091725304722786,0.0764177069067955,0.09385620057582855,0.19456318020820618,0.09213260561227798,0.1005699634552002,0.08946822583675385,0.07663483172655106,0.08213339745998383
clip_vit_b_32_linear,translation_32_left,test_06772,6772,7,monkey,4,deer,0.13050039112567902,False,0.08541551232337952,0.11001006513834,0.07662436366081238,0.12240006029605865,0.13050039112567902,0.09968718886375427,0.09141243249177933,0.11599652469158173,0.07929776608943939,0.08865570276975632
clip_vit_b_32_linear,translation_32_left,test_01111,1111,4,deer,4,deer,0.21618090569972992,True,0.08020272850990295,0.1032896563410759,0.06875485181808472,0.08924312889575958,0.21618090569972992,0.0883333832025528,0.10693132132291794,0.0938490778207779,0.07944391667842865,0.07377104461193085
clip_vit_b_32_linear,translation_32_left,test_05528,5528,3,cat,3,cat,0.14886054396629333,True,0.08716288954019547,0.09385981410741806,0.08669909834861755,0.14886054396629333,0.09557841718196869,0.12743692100048065,0.09600228816270828,0.1006818488240242,0.08396744728088379,0.07975073158740997
clip_vit_b_32_linear,translation_32_left,test_03777,3777,6,horse,6,horse,0.1836245208978653,True,0.07684414833784103,0.08812117576599121,0.08262947201728821,0.09979890286922455,0.1128949373960495,0.11250285804271698,0.1836245208978653,0.08439697325229645,0.07660965621471405,0.08257731795310974
clip_vit_b_32_linear,translation_32_left,test_02458,2458,5,dog,5,dog,0.1731405407190323,True,0.07591868191957474,0.09092607349157333,0.07460279762744904,0.11342456191778183,0.10485006123781204,0.1731405407190323,0.1267828643321991,0.08961084485054016,0.07305967062711716,0.0776839554309845
clip_vit_b_32_linear,translation_32_left,test_04921,4921,2,car,2,car,0.1568073034286499,True,0.1028423011302948,0.08608797192573547,0.1568073034286499,0.08183064311742783,0.08492011576890945,0.0871838703751564,0.08814497292041779,0.09608957916498184,0.09533698111772537,0.12075627595186234
clip_vit_b_32_linear,translation_32_left,test_03015,3015,8,ship,8,ship,0.2248690277338028,True,0.10913481563329697,0.07611677795648575,0.08483397960662842,0.06743811070919037,0.07872983813285828,0.07517943531274796,0.07748129963874817,0.07351359724998474,0.2248690277338028,0.13270312547683716
clip_vit_b_32_linear,translation_32_left,test_07476,7476,8,ship,8,ship,0.15283426642417908,True,0.1211349293589592,0.08716525882482529,0.10545731335878372,0.07662397623062134,0.08806565403938293,0.08836665749549866,0.09520242363214493,0.0799289420247078,0.15283426642417908,0.10522061586380005
clip_vit_b_32_linear,translation_32_left,test_01520,1520,2,car,2,car,0.14047840237617493,True,0.10922887176275253,0.09307815879583359,0.14047840237617493,0.08868434280157089,0.08675764501094818,0.09424653649330139,0.09685330092906952,0.08573617041110992,0.08962056785821915,0.1153160035610199
clip_vit_b_32_linear,translation_32_left,test_06713,6713,6,horse,6,horse,0.16356141865253448,True,0.09486943483352661,0.08064057677984238,0.09703323990106583,0.08248434215784073,0.09960747510194778,0.09767238050699234,0.16356141865253448,0.09515288472175598,0.08472252637147903,0.10425568372011185
clip_vit_b_32_linear,translation_32_left,test_01852,1852,1,bird,1,bird,0.2189461886882782,True,0.08224891871213913,0.2189461886882782,0.06751463562250137,0.10438437759876251,0.12006846815347672,0.08676359057426453,0.07783663272857666,0.10267415642738342,0.07324188947677612,0.06632114201784134
clip_vit_b_32_linear,translation_32_left,test_02268,2268,5,dog,5,dog,0.18245810270309448,True,0.0792684257030487,0.0931905061006546,0.08912792056798935,0.11110135912895203,0.08791837096214294,0.18245810270309448,0.09732376039028168,0.09469494968652725,0.07982075214385986,0.08509590476751328
clip_vit_b_32_linear,translation_32_left,test_00151,151,8,ship,8,ship,0.20817965269088745,True,0.11749638617038727,0.08294153958559036,0.08362769335508347,0.07307750731706619,0.07929777354001999,0.07821743935346603,0.07841288298368454,0.07464385032653809,0.20817965269088745,0.12410525232553482
clip_vit_b_32_linear,translation_32_left,test_00890,890,6,horse,6,horse,0.1675795167684555,True,0.07799066603183746,0.09193253517150879,0.07857844233512878,0.09693173319101334,0.11589586734771729,0.10553371906280518,0.1675795167684555,0.0985039621591568,0.08035267144441605,0.08670080453157425
clip_vit_b_32_linear,translation_32_left,test_00825,825,1,bird,1,bird,0.14717863500118256,True,0.1155746728181839,0.14717863500118256,0.07447199523448944,0.09168551117181778,0.11120174080133438,0.09376553446054459,0.08960387855768204,0.10498246550559998,0.08776531368494034,0.08377014845609665
clip_vit_b_32_linear,translation_32_left,test_02536,2536,3,cat,3,cat,0.17628318071365356,True,0.0726279616355896,0.114225372672081,0.06837594509124756,0.17628318071365356,0.12530814111232758,0.0954376608133316,0.08086157590150833,0.13358579576015472,0.07100226730108261,0.06229213997721672
clip_vit_b_32_linear,translation_32_left,test_00470,470,2,car,2,car,0.18042467534542084,True,0.11352238804101944,0.08707538992166519,0.18042467534542084,0.07736407220363617,0.07992482930421829,0.0947255864739418,0.09365677088499069,0.08323080837726593,0.09241797775030136,0.0976574569940567
clip_vit_b_32_linear,translation_32_left,test_05256,5256,1,bird,1,bird,0.15831071138381958,True,0.08921158313751221,0.15831071138381958,0.08372928202152252,0.11111672222614288,0.09965900331735611,0.10540932416915894,0.09049516916275024,0.11314201354980469,0.07232753932476044,0.07659861445426941
clip_vit_b_32_linear,translation_32_left,test_02011,2011,9,truck,9,truck,0.15767771005630493,True,0.10153133422136307,0.08107133209705353,0.10626854002475739,0.08166418224573135,0.08715467154979706,0.0872725322842598,0.09125155210494995,0.08161069452762604,0.12449747323989868,0.15767771005630493
clip_vit_b_32_linear,translation_32_left,test_07150,7150,0,airplane,0,airplane,0.19994117319583893,True,0.19994117319583893,0.09587131440639496,0.09550803154706955,0.0742579847574234,0.08877549320459366,0.08407673984766006,0.07680285722017288,0.0880955383181572,0.0990399494767189,0.09763085097074509
clip_vit_b_32_linear,translation_32_left,test_00449,449,6,horse,6,horse,0.1598682552576065,True,0.08465535193681717,0.09059009701013565,0.08953407406806946,0.0940927043557167,0.10801887512207031,0.10370960831642151,0.1598682552576065,0.08850906789302826,0.09098339080810547,0.09003865718841553
clip_vit_b_32_linear,translation_32_left,test_02704,2704,4,deer,4,deer,0.20218946039676666,True,0.07203641533851624,0.1158936470746994,0.06748873740434647,0.11138508468866348,0.20218946039676666,0.09187497943639755,0.0952058956027031,0.10526121407747269,0.07090087980031967,0.06776358932256699
clip_vit_b_32_linear,translation_32_left,test_03437,3437,0,airplane,0,airplane,0.12797582149505615,True,0.12797582149505615,0.09270810335874557,0.09982480853796005,0.0867454931139946,0.11002606153488159,0.09142646193504333,0.09296940267086029,0.08567938953638077,0.11360136419534683,0.09904319047927856
clip_vit_b_32_linear,translation_32_left,test_03375,3375,3,cat,3,cat,0.16921250522136688,True,0.07638618350028992,0.09918230772018433,0.07264158874750137,0.16921250522136688,0.11631052196025848,0.10591693222522736,0.09099575132131577,0.13019049167633057,0.06916996836662292,0.06999371200799942
clip_vit_b_32_linear,translation_32_left,test_04552,4552,8,ship,8,ship,0.20827162265777588,True,0.11087413132190704,0.07491222023963928,0.0915648564696312,0.07303491979837418,0.08209559321403503,0.07679251581430435,0.07233192026615143,0.07081936299800873,0.20827162265777588,0.13930284976959229
clip_vit_b_32_linear,translation_32_left,test_00920,920,6,horse,6,horse,0.17357948422431946,True,0.07941921055316925,0.09450104087591171,0.07849329710006714,0.09138721972703934,0.11944755166769028,0.10309174656867981,0.17357948422431946,0.08835382759571075,0.08919564634561539,0.08253081142902374
clip_vit_b_32_linear,translation_32_left,test_02242,2242,0,airplane,0,airplane,0.19231578707695007,True,0.19231578707695007,0.0939689353108406,0.0958908423781395,0.07611306011676788,0.08723082393407822,0.0854630246758461,0.08521655201911926,0.07976331561803818,0.10228864848613739,0.10174897313117981
clip_vit_b_32_linear,translation_32_left,test_02745,2745,8,ship,8,ship,0.22866110503673553,True,0.1120462492108345,0.07616632431745529,0.08308937400579453,0.06929972767829895,0.07743801921606064,0.07675133645534515,0.07604655623435974,0.07357840240001678,0.22866110503673553,0.12692296504974365
clip_vit_b_32_linear,translation_32_left,test_01032,1032,7,monkey,7,monkey,0.16229240596294403,True,0.09083231538534164,0.11882926523685455,0.07577747851610184,0.10971958190202713,0.10695251077413559,0.08626615256071091,0.08836318552494049,0.16229240596294403,0.08328341692686081,0.07768376916646957
clip_vit_b_32_linear,translation_32_left,test_00365,365,3,cat,3,cat,0.16130317747592926,True,0.08019062876701355,0.09685878455638885,0.08405452221632004,0.16130317747592926,0.09279977530241013,0.13481877744197845,0.09801557660102844,0.09990092366933823,0.07477732002735138,0.0772804543375969
clip_vit_b_32_linear,translation_32_left,test_04850,4850,5,dog,5,dog,0.1740736961364746,True,0.07940606772899628,0.09079961478710175,0.08120554685592651,0.12828806042671204,0.09879298508167267,0.1740736961364746,0.10039270669221878,0.1014116033911705,0.07254765182733536,0.07308201491832733
clip_vit_b_32_linear,translation_32_left,test_04819,4819,0,airplane,0,airplane,0.19922573864459991,True,0.19922573864459991,0.09466273337602615,0.09805960953235626,0.07485240697860718,0.0769023448228836,0.08238109201192856,0.08933403342962265,0.08736652880907059,0.1002490371465683,0.09696637094020844
clip_vit_b_32_linear,translation_32_left,test_07338,7338,6,horse,6,horse,0.15486496686935425,True,0.09308957308530807,0.08933215588331223,0.0932132825255394,0.09290291368961334,0.116341732442379,0.10309496521949768,0.15486496686935425,0.08914922177791595,0.07994282245635986,0.08806844055652618
clip_vit_b_32_linear,translation_32_left,test_07372,7372,0,airplane,0,airplane,0.1942278891801834,True,0.1942278891801834,0.08986787497997284,0.09391583502292633,0.07390273362398148,0.08334087580442429,0.08131057769060135,0.07258623093366623,0.08731146156787872,0.11874795705080032,0.10478845983743668
clip_vit_b_32_linear,translation_32_left,test_01090,1090,1,bird,1,bird,0.14984117448329926,True,0.11623065918684006,0.14984117448329926,0.07580050826072693,0.0977274477481842,0.1058996394276619,0.08494958281517029,0.08945891261100769,0.10437755286693573,0.09099180996417999,0.08472266793251038
clip_vit_b_32_linear,translation_32_left,test_05062,5062,4,deer,4,deer,0.19190312922000885,True,0.07749700546264648,0.1120188757777214,0.06777729839086533,0.10561700910329819,0.19190312922000885,0.09159193187952042,0.10349969565868378,0.1045340746641159,0.07198857516050339,0.0735723227262497
clip_vit_b_32_linear,translation_32_left,test_00981,981,2,car,2,car,0.16861973702907562,True,0.10934773087501526,0.0897810086607933,0.16861973702907562,0.08971118927001953,0.08715594559907913,0.08400160819292068,0.08347772806882858,0.09108651429414749,0.0887053906917572,0.10811317712068558
clip_vit_b_32_linear,translation_32_left,test_05857,5857,6,horse,6,horse,0.14904826879501343,True,0.098821721971035,0.09289378672838211,0.09087232500314713,0.08374349027872086,0.1077486127614975,0.10233298689126968,0.14904826879501343,0.08595600724220276,0.09059452265501022,0.09798822551965714
clip_vit_b_32_linear,translation_32_left,test_01986,1986,1,bird,1,bird,0.1413099467754364,True,0.0787818506360054,0.1413099467754364,0.08594340831041336,0.09897888451814651,0.11735626310110092,0.09893118590116501,0.10323131829500198,0.11023075133562088,0.0800662636756897,0.08517007529735565
clip_vit_b_32_linear,translation_32_left,test_05560,5560,1,bird,1,bird,0.15731346607208252,True,0.08378581702709198,0.15731346607208252,0.07960568368434906,0.11289512366056442,0.09049209952354431,0.10287535190582275,0.09639815986156464,0.12288973480463028,0.07532774657011032,0.07841675728559494
clip_vit_b_32_linear,translation_32_left,test_01814,1814,2,car,2,car,0.15835563838481903,True,0.10501467436552048,0.08215337991714478,0.15835563838481903,0.08565542101860046,0.08675012737512589,0.08133818209171295,0.1015448197722435,0.08288601040840149,0.09385664016008377,0.12244513630867004
clip_vit_b_32_linear,translation_32_left,test_00194,194,8,ship,8,ship,0.22764398157596588,True,0.11146759241819382,0.07359796017408371,0.08591055124998093,0.06875364482402802,0.0783059373497963,0.07637558877468109,0.07606587558984756,0.07011459022760391,0.22764398157596588,0.131764218211174
clip_vit_b_32_linear,translation_32_left,test_01993,1993,1,bird,1,bird,0.19711053371429443,True,0.09051135182380676,0.19711053371429443,0.07309344410896301,0.09328250586986542,0.11659340560436249,0.08994141966104507,0.08033084869384766,0.11006615310907364,0.07448072731494904,0.07458958029747009
clip_vit_b_32_linear,translation_32_left,test_05333,5333,2,car,2,car,0.18051543831825256,True,0.09804020822048187,0.08325885981321335,0.18051543831825256,0.08482542634010315,0.08191680163145065,0.0848652794957161,0.08934099227190018,0.08617633581161499,0.09720326960086823,0.11385740339756012
clip_vit_b_32_linear,translation_32_left,test_04311,4311,8,ship,8,ship,0.21809153258800507,True,0.11155255883932114,0.07828760892152786,0.08349210768938065,0.06919293850660324,0.08312832564115524,0.07613266259431839,0.08030100911855698,0.07268846035003662,0.21809153258800507,0.127132847905159
clip_vit_b_32_linear,translation_32_left,test_07425,7425,2,car,2,car,0.1822109967470169,True,0.10664976388216019,0.08084636181592941,0.1822109967470169,0.0790676400065422,0.08064748346805573,0.08576354384422302,0.08576663583517075,0.09069398045539856,0.09796580672264099,0.1103876605629921
clip_vit_b_32_linear,translation_32_left,test_03889,3889,5,dog,5,dog,0.17232570052146912,True,0.07627397775650024,0.08840108662843704,0.07363057881593704,0.12277240306138992,0.09787056595087051,0.17232570052146912,0.10521197319030762,0.09959907084703445,0.0808679386973381,0.08304677903652191
clip_vit_b_32_linear,translation_32_left,test_04308,4308,7,monkey,7,monkey,0.12219540774822235,True,0.09885410219430923,0.09684596955776215,0.0913981944322586,0.10905320942401886,0.10637868195772171,0.09407151490449905,0.09278915822505951,0.12219540774822235,0.08649391680955887,0.10191980004310608
clip_vit_b_32_linear,translation_32_left,test_01960,1960,4,deer,4,deer,0.17828351259231567,True,0.07947511225938797,0.1035587340593338,0.07246586680412292,0.10772733390331268,0.17828351259231567,0.11005296558141708,0.09632051736116409,0.10513436049222946,0.0693231001496315,0.07765849679708481
clip_vit_b_32_linear,translation_32_left,test_04399,4399,0,airplane,0,airplane,0.1607552319765091,True,0.1607552319765091,0.09135513752698898,0.10241474211215973,0.08822653442621231,0.09137561917304993,0.09182463586330414,0.08772216737270355,0.09174782037734985,0.09894058853387833,0.09563761204481125
clip_vit_b_32_linear,translation_32_left,test_03191,3191,6,horse,6,horse,0.16893211007118225,True,0.0931064561009407,0.08774922788143158,0.09090478718280792,0.0824877992272377,0.10258764773607254,0.09732172638177872,0.16893211007118225,0.09147652983665466,0.08250672370195389,0.10292693227529526
clip_vit_b_32_linear,translation_32_left,test_01626,1626,5,dog,5,dog,0.17882852256298065,True,0.0774807333946228,0.09326773136854172,0.08333694934844971,0.11950082331895828,0.09007865935564041,0.17882852256298065,0.1138250082731247,0.09680987894535065,0.07187715917825699,0.07499461621046066
clip_vit_b_32_linear,translation_32_left,test_00176,176,3,cat,3,cat,0.18937796354293823,True,0.0721500888466835,0.1085958331823349,0.07414393872022629,0.18937796354293823,0.10195288807153702,0.09771955758333206,0.08555752784013748,0.13444262742996216,0.07007869333028793,0.0659809336066246
clip_vit_b_32_linear,translation_32_left,test_07726,7726,6,horse,6,horse,0.1891859620809555,True,0.07456333935260773,0.09036631137132645,0.08089189231395721,0.10073614120483398,0.10044264048337936,0.12026779353618622,0.1891859620809555,0.0946439877152443,0.07113363593816757,0.07776826620101929
clip_vit_b_32_linear,translation_32_left,test_02334,2334,5,dog,5,dog,0.19026300311088562,True,0.07880227267742157,0.08903291821479797,0.0813969299197197,0.1245311051607132,0.09256726503372192,0.19026300311088562,0.10568699985742569,0.09760338813066483,0.06719519942998886,0.07292097806930542
clip_vit_b_32_linear,translation_32_left,test_01648,1648,0,airplane,0,airplane,0.18912941217422485,True,0.18912941217422485,0.09261199086904526,0.09325011074542999,0.07390489429235458,0.09071790426969528,0.08847164362668991,0.0789007693529129,0.08561933785676956,0.10739973932504654,0.09999410808086395
clip_vit_b_32_linear,translation_32_left,test_06084,6084,7,monkey,7,monkey,0.18452762067317963,True,0.08430542051792145,0.11480528861284256,0.07762111723423004,0.11284466832876205,0.10404819250106812,0.08571451902389526,0.08818873763084412,0.18452762067317963,0.07539577782154083,0.07254862040281296
clip_vit_b_32_linear,translation_32_left,test_03455,3455,0,airplane,0,airplane,0.18272078037261963,True,0.18272078037261963,0.09323296695947647,0.09912359714508057,0.07563059777021408,0.08905564248561859,0.09055392444133759,0.08062699437141418,0.08208899199962616,0.102195143699646,0.10477136820554733
clip_vit_b_32_linear,translation_32_left,test_01468,1468,9,truck,9,truck,0.15003672242164612,True,0.11370237171649933,0.07971718907356262,0.11362277716398239,0.08472299575805664,0.08458524197340012,0.09336558729410172,0.0946987196803093,0.08059129863977432,0.10495709627866745,0.15003672242164612
clip_vit_b_32_linear,translation_32_left,test_01296,1296,7,monkey,7,monkey,0.1775728017091751,True,0.08489347994327545,0.12051541358232498,0.07364482432603836,0.10966704040765762,0.11500521749258041,0.08569923788309097,0.08831671625375748,0.1775728017091751,0.0730028748512268,0.07168236374855042
clip_vit_b_32_linear,translation_32_left,test_05213,5213,4,deer,4,deer,0.19666002690792084,True,0.07953706383705139,0.11028004437685013,0.0692671537399292,0.09507736563682556,0.19666002690792084,0.08524975925683975,0.10231930762529373,0.10870575904846191,0.08089953660964966,0.072004035115242
clip_vit_b_32_linear,translation_32_left,test_07047,7047,9,truck,9,truck,0.18761040270328522,True,0.09783182293176651,0.07871328294277191,0.09870590269565582,0.07546038180589676,0.08372742682695389,0.08145991712808609,0.0907779410481453,0.07228443771600723,0.13342851400375366,0.18761040270328522
clip_vit_b_32_linear,translation_32_left,test_05360,5360,9,truck,9,truck,0.16493013501167297,True,0.11488664895296097,0.07757747173309326,0.11240927875041962,0.07991649210453033,0.08492794632911682,0.08867126703262329,0.095298171043396,0.07752609252929688,0.10385647416114807,0.16493013501167297
clip_vit_b_32_linear,translation_32_left,test_05824,5824,2,car,2,car,0.12919829785823822,True,0.11743788421154022,0.08833331614732742,0.12919829785823822,0.07965679466724396,0.09190788865089417,0.08630538731813431,0.09248176217079163,0.08915019035339355,0.10338618606328964,0.12214216589927673
clip_vit_b_32_linear,translation_32_left,test_07460,7460,8,ship,8,ship,0.17539148032665253,True,0.10664796084165573,0.0808819904923439,0.10300960391759872,0.07848891615867615,0.08591046184301376,0.0856756642460823,0.08564533293247223,0.07613959163427353,0.17539148032665253,0.1222091019153595
clip_vit_b_32_linear,translation_32_left,test_04791,4791,7,monkey,7,monkey,0.1901179701089859,True,0.07942197471857071,0.113563671708107,0.07979492098093033,0.11244691163301468,0.11209241300821304,0.084664486348629,0.08045853674411774,0.1901179701089859,0.07010670006275177,0.07733231037855148
clip_vit_b_32_linear,translation_32_left,test_06692,6692,2,car,2,car,0.16781409084796906,True,0.11050977557897568,0.08738606423139572,0.16781409084796906,0.07873489707708359,0.07779412716627121,0.09028834104537964,0.09114402532577515,0.07844841480255127,0.09927266836166382,0.11860766261816025
clip_vit_b_32_linear,translation_32_left,test_06931,6931,9,truck,9,truck,0.15179111063480377,True,0.11684722453355789,0.08819874376058578,0.08635961264371872,0.08625499904155731,0.08939734101295471,0.08896654099225998,0.0962076187133789,0.08544652909040451,0.1105303019285202,0.15179111063480377
clip_vit_b_32_linear,translation_32_left,test_00667,667,8,ship,8,ship,0.1930135041475296,True,0.12125449627637863,0.08061686158180237,0.08533310890197754,0.07731880992650986,0.08932105451822281,0.08252142369747162,0.07689134776592255,0.07213529199361801,0.1930135041475296,0.12159406393766403
clip_vit_b_32_linear,translation_32_left,test_07781,7781,6,horse,6,horse,0.1880994737148285,True,0.07041004300117493,0.09538965672254562,0.08116215467453003,0.09599830210208893,0.11072699725627899,0.10965944826602936,0.1880994737148285,0.10520108789205551,0.07135100662708282,0.07200188934803009
clip_vit_b_32_linear,translation_32_left,test_07793,7793,3,cat,3,cat,0.15637414157390594,True,0.07950881868600845,0.09577920287847519,0.08340727537870407,0.15637414157390594,0.09020645171403885,0.1316370964050293,0.0982975959777832,0.1094476729631424,0.0785040557384491,0.0768376886844635
clip_vit_b_32_linear,translation_32_left,test_01411,1411,9,truck,9,truck,0.18340229988098145,True,0.10673899203538895,0.07903319597244263,0.09733214229345322,0.07244935631752014,0.08551906049251556,0.08185575157403946,0.08714703470468521,0.07146359235048294,0.13505855202674866,0.18340229988098145
clip_vit_b_32_linear,translation_32_left,test_01473,1473,7,monkey,7,monkey,0.1973465383052826,True,0.07491320371627808,0.11398249119520187,0.07779522240161896,0.11484833806753159,0.09960304200649261,0.09390483051538467,0.08657215535640717,0.1973465383052826,0.07312864810228348,0.0679054707288742
clip_vit_b_32_linear,translation_32_left,test_07130,7130,5,dog,5,dog,0.17226244509220123,True,0.08147971332073212,0.09940250217914581,0.08751079440116882,0.11286792904138565,0.09927806258201599,0.17226244509220123,0.1061020940542221,0.09080339223146439,0.07264398783445358,0.0776490569114685
clip_vit_b_32_linear,translation_32_left,test_01956,1956,7,monkey,3,cat,0.14390267431735992,False,0.0787622332572937,0.12060192227363586,0.07451554387807846,0.14390267431735992,0.10934752225875854,0.09975418448448181,0.08564241975545883,0.1327356994152069,0.07424619048833847,0.0804915800690651
clip_vit_b_32_linear,translation_32_left,test_06716,6716,5,dog,5,dog,0.15036176145076752,True,0.07761216163635254,0.09285704046487808,0.0920737013220787,0.10840024054050446,0.09452936798334122,0.15036176145076752,0.1190527155995369,0.09831603616476059,0.08423302322626114,0.08256389945745468
clip_vit_b_32_linear,translation_32_left,test_04106,4106,5,dog,5,dog,0.16172465682029724,True,0.08388397097587585,0.09538336098194122,0.0849820002913475,0.1172080785036087,0.09784507751464844,0.16172465682029724,0.10692624747753143,0.10067978501319885,0.07160671800374985,0.0797600969672203
clip_vit_b_32_linear,translation_32_left,test_03494,3494,6,horse,6,horse,0.2120462954044342,True,0.0795668512582779,0.08338727056980133,0.08969397097826004,0.09153154492378235,0.09287562221288681,0.11818242073059082,0.2120462954044342,0.08015882223844528,0.07491234689950943,0.07764484733343124
clip_vit_b_32_linear,translation_32_left,test_00691,691,4,deer,4,deer,0.19582518935203552,True,0.07632755488157272,0.10768232494592667,0.07313986867666245,0.10073354095220566,0.19582518935203552,0.09019605815410614,0.10199828445911407,0.09615733474493027,0.08177264779806137,0.07616730034351349
clip_vit_b_32_linear,translation_32_left,test_05220,5220,1,bird,7,monkey,0.10809121280908585,False,0.0955643579363823,0.10465957969427109,0.10072267055511475,0.10605258494615555,0.10110349953174591,0.09969155490398407,0.09891491383314133,0.10809121280908585,0.09019908308982849,0.09500063955783844
clip_vit_b_32_linear,translation_32_left,test_04908,4908,3,cat,3,cat,0.19697076082229614,True,0.07233127951622009,0.09677193313837051,0.07995917648077011,0.19697076082229614,0.09142504632472992,0.1302301436662674,0.0936448872089386,0.1038118377327919,0.06562291085720062,0.06923208385705948
clip_vit_b_32_linear,translation_32_left,test_07029,7029,1,bird,1,bird,0.18163420259952545,True,0.0849175974726677,0.18163420259952545,0.07590997219085693,0.09787453711032867,0.10998065769672394,0.09095987677574158,0.07850635051727295,0.12694309651851654,0.07806658744812012,0.07520712912082672
clip_vit_b_32_linear,translation_32_left,test_04130,4130,0,airplane,0,airplane,0.18829946219921112,True,0.18829946219921112,0.09020180255174637,0.10144047439098358,0.07788395136594772,0.08156638592481613,0.09064380824565887,0.08799434453248978,0.08488442003726959,0.09609328955411911,0.10099200904369354
clip_vit_b_32_linear,translation_32_left,test_07938,7938,9,truck,9,truck,0.16421937942504883,True,0.09737516194581985,0.08890584856271744,0.09914438426494598,0.0802195817232132,0.08771180361509323,0.08621151000261307,0.09041992574930191,0.08967109024524689,0.11612135171890259,0.16421937942504883
clip_vit_b_32_linear,translation_32_left,test_05101,5101,5,dog,5,dog,0.1662222445011139,True,0.0846676304936409,0.09382326900959015,0.10405004024505615,0.10576720535755157,0.08522875607013702,0.1662222445011139,0.10398036241531372,0.09314795583486557,0.07463297247886658,0.08847964555025101
clip_vit_b_32_linear,translation_32_left,test_01515,1515,9,truck,9,truck,0.19169734418392181,True,0.10147657245397568,0.07872682809829712,0.11020476371049881,0.07196196913719177,0.08084714412689209,0.08133367449045181,0.09166768938302994,0.07194545120000839,0.12013863027095795,0.19169734418392181
clip_vit_b_32_linear,translation_32_left,test_03287,3287,4,deer,4,deer,0.213338240981102,True,0.08199704438447952,0.09905903041362762,0.07853711396455765,0.08539317548274994,0.213338240981102,0.08885358273983002,0.10866515338420868,0.08579835295677185,0.07945572584867477,0.07890261709690094
clip_vit_b_32_linear,translation_32_left,test_00716,716,8,ship,8,ship,0.19877465069293976,True,0.11419045180082321,0.07975304126739502,0.08104530721902847,0.0748680904507637,0.0811389610171318,0.07924424856901169,0.08469208329916,0.07780434936285019,0.19877465069293976,0.12848889827728271
clip_vit_b_32_linear,translation_32_left,test_04236,4236,7,monkey,7,monkey,0.1851528435945511,True,0.08031947165727615,0.1118694394826889,0.07871375232934952,0.10966875404119492,0.1075010821223259,0.08724216371774673,0.08717536181211472,0.1851528435945511,0.0757153108716011,0.07664179801940918
clip_vit_b_32_linear,translation_32_left,test_05408,5408,6,horse,6,horse,0.1620965301990509,True,0.0766533687710762,0.10204236209392548,0.07774855941534042,0.10061632841825485,0.12370175123214722,0.103573277592659,0.1620965301990509,0.09372980147600174,0.08219847083091736,0.07763957977294922
clip_vit_b_32_linear,translation_32_left,test_05496,5496,5,dog,5,dog,0.16728751361370087,True,0.08167161047458649,0.09718844294548035,0.09174729883670807,0.11687248945236206,0.0846172645688057,0.16728751361370087,0.1013253852725029,0.10161295533180237,0.08111132681369781,0.07656573504209518
clip_vit_b_32_linear,translation_32_left,test_03365,3365,4,deer,4,deer,0.17447683215141296,True,0.09010286629199982,0.09753035753965378,0.07768236100673676,0.09493031352758408,0.17447683215141296,0.10550002008676529,0.09974253922700882,0.0935862585902214,0.07750431448221207,0.08894422650337219
clip_vit_b_32_linear,translation_32_left,test_04323,4323,3,cat,3,cat,0.1477023959159851,True,0.08621389418840408,0.092966228723526,0.08814370632171631,0.1477023959159851,0.08901777118444443,0.125894695520401,0.10323737561702728,0.09753895550966263,0.0819825604557991,0.08730245381593704
clip_vit_b_32_linear,translation_32_left,test_05467,5467,4,deer,4,deer,0.19601838290691376,True,0.07790504395961761,0.10135049372911453,0.0740910992026329,0.09282109886407852,0.19601838290691376,0.09066011756658554,0.10402128100395203,0.1009940356016159,0.07896647602319717,0.08317193388938904
clip_vit_b_32_linear,translation_32_left,test_01644,1644,5,dog,5,dog,0.1784536987543106,True,0.0806366577744484,0.10260237753391266,0.08744662255048752,0.115008644759655,0.09323122352361679,0.1784536987543106,0.09699282050132751,0.09321049600839615,0.0735728070139885,0.07884462177753448
clip_vit_b_32_linear,translation_32_left,test_03948,3948,8,ship,8,ship,0.2176697701215744,True,0.113979272544384,0.07977914065122604,0.08583022654056549,0.07358374446630478,0.08149686455726624,0.07886600494384766,0.07829544693231583,0.07678703218698502,0.2176697701215744,0.11371249705553055
clip_vit_b_32_linear,translation_32_left,test_06726,6726,7,monkey,7,monkey,0.16016532480716705,True,0.08573014289140701,0.11355678737163544,0.07501266151666641,0.12334763258695602,0.11353389918804169,0.1047622561454773,0.0825636014342308,0.16016532480716705,0.07220865786075592,0.06911896914243698
clip_vit_b_32_linear,translation_32_left,test_05395,5395,2,car,2,car,0.18148034811019897,True,0.09746561199426651,0.08459039032459259,0.18148034811019897,0.0852576345205307,0.08532451838254929,0.08236350119113922,0.0814351886510849,0.09168342500925064,0.09835665673017502,0.11204273253679276
clip_vit_b_32_linear,translation_32_left,test_01579,1579,7,monkey,7,monkey,0.17273885011672974,True,0.08124592900276184,0.10972140729427338,0.08182504028081894,0.12647542357444763,0.10480710864067078,0.09662345796823502,0.09471455961465836,0.17273885011672974,0.06306930631399155,0.06877890229225159
clip_vit_b_32_linear,translation_32_left,test_05918,5918,0,airplane,0,airplane,0.20570282638072968,True,0.20570282638072968,0.08835901319980621,0.09857353568077087,0.07447666674852371,0.08649567514657974,0.08032912760972977,0.07981845736503601,0.08275143057107925,0.10122805833816528,0.10226523131132126
clip_vit_b_32_linear,translation_32_left,test_07041,7041,5,dog,5,dog,0.13781507313251495,True,0.08464793115854263,0.09570088237524033,0.08857282996177673,0.11480633914470673,0.09647791087627411,0.13781507313251495,0.10523352026939392,0.1026836410164833,0.08692310005426407,0.08713877946138382
clip_vit_b_32_linear,translation_32_left,test_00506,506,4,deer,4,deer,0.17828284204006195,True,0.08235505223274231,0.10540929436683655,0.0719413310289383,0.1099337637424469,0.17828284204006195,0.09292364120483398,0.09130881726741791,0.10687164962291718,0.08032910525798798,0.08064445853233337
clip_vit_b_32_linear,translation_32_left,test_04011,4011,6,horse,6,horse,0.18891294300556183,True,0.08996153622865677,0.0819651335477829,0.09412001818418503,0.08921980857849121,0.09564239531755447,0.10905348509550095,0.18891294300556183,0.08258625119924545,0.0813862755894661,0.08715213090181351
clip_vit_b_32_linear,translation_32_left,test_05981,5981,9,truck,9,truck,0.17179974913597107,True,0.09802208095788956,0.08575937151908875,0.10545306652784348,0.0812436044216156,0.08551686257123947,0.08255380392074585,0.08690313249826431,0.08354806154966354,0.11920024454593658,0.17179974913597107
clip_vit_b_32_linear,translation_32_left,test_00409,409,2,car,2,car,0.1806638091802597,True,0.10831614583730698,0.07962226867675781,0.1806638091802597,0.0819719061255455,0.08087412267923355,0.08953660726547241,0.0919671431183815,0.08820154517889023,0.08637312799692154,0.11247336864471436
clip_vit_b_32_linear,translation_32_left,test_06954,6954,1,bird,1,bird,0.16734014451503754,True,0.08618701249361038,0.16734014451503754,0.07372177392244339,0.12612253427505493,0.10126712173223495,0.09210769087076187,0.08457867801189423,0.12066185474395752,0.07265111804008484,0.07536213845014572
clip_vit_b_32_linear,translation_32_left,test_07555,7555,6,horse,6,horse,0.1525474637746811,True,0.09371373802423477,0.09091757237911224,0.08815337717533112,0.09062401205301285,0.11309010535478592,0.10191468894481659,0.1525474637746811,0.09451750665903091,0.08162225037813187,0.09289924800395966
clip_vit_b_32_linear,translation_32_left,test_03965,3965,0,airplane,0,airplane,0.19026760756969452,True,0.19026760756969452,0.09012549370527267,0.09665412455797195,0.07101144641637802,0.08605906367301941,0.08511225879192352,0.07937241345643997,0.08501029014587402,0.11514714360237122,0.10124029964208603
clip_vit_b_32_linear,translation_32_left,test_07266,7266,9,truck,9,truck,0.1503998190164566,True,0.10894972831010818,0.09326425194740295,0.0881597101688385,0.08210287988185883,0.10081397742033005,0.08676247298717499,0.0931161642074585,0.08660364896059036,0.1098274365067482,0.1503998190164566
clip_vit_b_32_linear,translation_32_left,test_04785,4785,0,airplane,0,airplane,0.17971886694431305,True,0.17971886694431305,0.08185180276632309,0.11021781712770462,0.07863948494195938,0.07469949871301651,0.08114881068468094,0.07719504833221436,0.08433090895414352,0.11737323552370071,0.1148245632648468
clip_vit_b_32_linear,translation_32_left,test_06028,6028,2,car,2,car,0.17422524094581604,True,0.10191566497087479,0.08140922337770462,0.17422524094581604,0.08298779278993607,0.08835721760988235,0.08499786257743835,0.08551791310310364,0.08684410899877548,0.09646981209516525,0.11727513372898102
clip_vit_b_32_linear,translation_32_left,test_06503,6503,2,car,2,car,0.1495845913887024,True,0.11427054554224014,0.08830318599939346,0.1495845913887024,0.0828213319182396,0.0881427600979805,0.08984871208667755,0.08845347166061401,0.0830487310886383,0.09645292162895203,0.1190737932920456
clip_vit_b_32_linear,translation_32_left,test_06414,6414,5,dog,5,dog,0.1366191953420639,True,0.08187531679868698,0.09559544920921326,0.0889822468161583,0.1251051276922226,0.09121249616146088,0.1366191953420639,0.10215184837579727,0.10762720555067062,0.08030205965042114,0.09052901715040207
clip_vit_b_32_linear,translation_32_left,test_05382,5382,6,horse,6,horse,0.17512311041355133,True,0.08669013530015945,0.08679945021867752,0.1012079119682312,0.08244536817073822,0.10294866561889648,0.09307750314474106,0.17512311041355133,0.0872294083237648,0.08585850149393082,0.09861995279788971
clip_vit_b_32_linear,translation_32_left,test_06836,6836,1,bird,1,bird,0.19845415651798248,True,0.08770815283060074,0.19845415651798248,0.07511498779058456,0.09507899731397629,0.11995749175548553,0.08340151607990265,0.07956422865390778,0.11726836115121841,0.07074400037527084,0.07270803302526474
clip_vit_b_32_linear,translation_32_left,test_06508,6508,4,deer,4,deer,0.18959389626979828,True,0.08151234686374664,0.10294660180807114,0.08190072327852249,0.09244368970394135,0.18959389626979828,0.08880535513162613,0.0993327796459198,0.10355699807405472,0.08041701465845108,0.07949059456586838
clip_vit_b_32_linear,translation_32_left,test_03994,3994,4,deer,4,deer,0.17126722633838654,True,0.07240030914545059,0.10805117338895798,0.07294527441263199,0.11935205012559891,0.17126722633838654,0.09705159813165665,0.09221608936786652,0.11945471167564392,0.07505550235509872,0.07220606505870819
clip_vit_b_32_linear,translation_32_left,test_03942,3942,9,truck,9,truck,0.16144156455993652,True,0.11828482896089554,0.08536694943904877,0.10241043567657471,0.0779760330915451,0.07678698003292084,0.08451449871063232,0.09410952031612396,0.08781403303146362,0.11129512637853622,0.16144156455993652
clip_vit_b_32_linear,translation_32_left,test_03542,3542,7,monkey,7,monkey,0.1842171847820282,True,0.07663310319185257,0.11300323158502579,0.07458237558603287,0.11741752177476883,0.10530951619148254,0.10044289380311966,0.09006141871213913,0.1842171847820282,0.06693769991397858,0.07139510661363602
clip_vit_b_32_linear,translation_32_left,test_06952,6952,3,cat,3,cat,0.16874262690544128,True,0.07945960015058517,0.10143442451953888,0.08613724261522293,0.16874262690544128,0.09288860857486725,0.12086693942546844,0.09390690177679062,0.10922656208276749,0.07353150844573975,0.07380551099777222
clip_vit_b_32_linear,translation_32_left,test_04290,4290,5,dog,4,deer,0.13861095905303955,False,0.0818910300731659,0.10412178188562393,0.07465855777263641,0.10417871922254562,0.13861095905303955,0.1046653464436531,0.12494978308677673,0.11128785461187363,0.07651950418949127,0.07911656051874161
clip_vit_b_32_linear,translation_32_left,test_07446,7446,8,ship,8,ship,0.2017127275466919,True,0.10962839424610138,0.07830265164375305,0.0997692123055458,0.074310801923275,0.0798049345612526,0.08167114108800888,0.0815448984503746,0.07413986325263977,0.2017127275466919,0.11911536753177643
clip_vit_b_32_linear,translation_32_left,test_06169,6169,1,bird,1,bird,0.11417700350284576,True,0.10461485385894775,0.11417700350284576,0.08718682825565338,0.08825380355119705,0.1065632551908493,0.1068786233663559,0.10985452681779861,0.0941905602812767,0.09051061421632767,0.09777000546455383
clip_vit_b_32_linear,translation_32_left,test_01109,1109,1,bird,1,bird,0.14108635485172272,True,0.11337126791477203,0.14108635485172272,0.08170777559280396,0.09419868141412735,0.10184326022863388,0.09132929891347885,0.08771027624607086,0.10799729079008102,0.0903816819190979,0.09037404507398605
clip_vit_b_32_linear,translation_32_left,test_03179,3179,4,deer,4,deer,0.1974848061800003,True,0.07702255249023438,0.09714484959840775,0.07390255481004715,0.09781462699174881,0.1974848061800003,0.0952407717704773,0.10595546662807465,0.09327342361211777,0.07773702591657639,0.0844239592552185
clip_vit_b_32_linear,translation_32_left,test_07835,7835,7,monkey,7,monkey,0.15987689793109894,True,0.08087427169084549,0.1140100285410881,0.07592666149139404,0.11746044456958771,0.11901193857192993,0.09145405143499374,0.08505963534116745,0.15987689793109894,0.07813901454210281,0.0781869888305664
clip_vit_b_32_linear,translation_32_left,test_07390,7390,1,bird,1,bird,0.181748166680336,True,0.10295509546995163,0.181748166680336,0.07763189822435379,0.0897933691740036,0.11127544939517975,0.09194383770227432,0.08752082288265228,0.10174740850925446,0.07839503884315491,0.07698891311883926
clip_vit_b_32_linear,translation_32_left,test_00568,568,5,dog,3,cat,0.14899806678295135,False,0.07353845983743668,0.09371984004974365,0.0854831337928772,0.14899806678295135,0.09572605788707733,0.14606715738773346,0.09022079408168793,0.1244538351893425,0.07265257090330124,0.06914007663726807
clip_vit_b_32_linear,translation_32_left,test_04629,4629,4,deer,4,deer,0.2068750262260437,True,0.07926730811595917,0.10782401263713837,0.07071215659379959,0.09845850616693497,0.2068750262260437,0.08878505229949951,0.0982486680150032,0.09346619248390198,0.07500391453504562,0.08135910332202911
clip_vit_b_32_linear,translation_32_left,test_07138,7138,8,ship,8,ship,0.21417658030986786,True,0.12408194690942764,0.07846686244010925,0.08647406101226807,0.07183335721492767,0.08192241191864014,0.07371597737073898,0.07819489389657974,0.07471836358308792,0.21417658030986786,0.1164156049489975
clip_vit_b_32_linear,translation_32_left,test_05284,5284,9,truck,9,truck,0.17290419340133667,True,0.10386130958795547,0.08626959472894669,0.09705263376235962,0.07671080529689789,0.09116507321596146,0.08708851784467697,0.09440921247005463,0.0784914642572403,0.11204716563224792,0.17290419340133667
clip_vit_b_32_linear,translation_32_left,test_00003,3,0,airplane,0,airplane,0.1751997470855713,True,0.1751997470855713,0.0765962079167366,0.10246550291776657,0.07733863592147827,0.07878473401069641,0.07709521055221558,0.07271652668714523,0.08844080567359924,0.13386788964271545,0.11749467253684998
clip_vit_b_32_linear,translation_32_left,test_02690,2690,1,bird,1,bird,0.15833944082260132,True,0.09657558798789978,0.15833944082260132,0.08174890279769897,0.10326628386974335,0.11118929833173752,0.08741551637649536,0.08150342851877213,0.11138100177049637,0.0838361456990242,0.08474443107843399
clip_vit_b_32_linear,translation_32_left,test_05858,5858,6,horse,6,horse,0.17068976163864136,True,0.07500556856393814,0.09123718738555908,0.08526404201984406,0.09391713887453079,0.12345290929079056,0.10646049678325653,0.17068976163864136,0.09126508235931396,0.07752229273319244,0.08518552035093307
clip_vit_b_32_linear,translation_32_left,test_01266,1266,4,deer,4,deer,0.18300682306289673,True,0.07687246054410934,0.11311978846788406,0.06986279785633087,0.10429397970438004,0.18300682306289673,0.08944087475538254,0.105634406208992,0.11743752658367157,0.07330064475536346,0.06703069806098938
clip_vit_b_32_linear,translation_32_left,test_03034,3034,4,deer,4,deer,0.19442588090896606,True,0.07767882943153381,0.11131861805915833,0.07019142806529999,0.10206606239080429,0.19442588090896606,0.09862644970417023,0.10411278903484344,0.09839750081300735,0.07081744819879532,0.07236506044864655
clip_vit_b_32_linear,translation_32_left,test_02655,2655,9,truck,9,truck,0.1536927968263626,True,0.11041140556335449,0.08032388240098953,0.12481799721717834,0.07919427752494812,0.07437574118375778,0.07988817989826202,0.09011245518922806,0.08642111718654633,0.12076213955879211,0.1536927968263626
clip_vit_b_32_linear,translation_32_left,test_06190,6190,7,monkey,7,monkey,0.1967262327671051,True,0.07997258007526398,0.12388670444488525,0.07058943063020706,0.11891987174749374,0.10326087474822998,0.09258207678794861,0.08683697134256363,0.1967262327671051,0.0632181465625763,0.06400709599256516
clip_vit_b_32_linear,translation_32_left,test_04170,4170,8,ship,8,ship,0.1928573101758957,True,0.1155216172337532,0.07665835320949554,0.09218121320009232,0.07696028798818588,0.08457497507333755,0.0806063637137413,0.07606451213359833,0.0715036690235138,0.1928573101758957,0.1330716609954834
clip_vit_b_32_linear,translation_32_left,test_07380,7380,9,truck,9,truck,0.1844511181116104,True,0.09365204721689224,0.07933808863162994,0.10709922760725021,0.07465715706348419,0.08403759449720383,0.08472401648759842,0.09269343316555023,0.07520546019077301,0.12414193153381348,0.1844511181116104
clip_vit_b_32_linear,translation_32_left,test_07752,7752,9,truck,9,truck,0.1637052595615387,True,0.11046871542930603,0.0791269838809967,0.11133681982755661,0.08023304492235184,0.08378425240516663,0.09036555141210556,0.09282007813453674,0.0782465934753418,0.10991265624761581,0.1637052595615387
clip_vit_b_32_linear,translation_32_left,test_03996,3996,9,truck,9,truck,0.16798943281173706,True,0.09816455096006393,0.0856010764837265,0.09946709871292114,0.08023467659950256,0.08974087983369827,0.08645839244127274,0.09566301107406616,0.07479318976402283,0.12188772857189178,0.16798943281173706
clip_vit_b_32_linear,translation_32_left,test_01204,1204,3,cat,3,cat,0.17393721640110016,True,0.07052922993898392,0.11572009325027466,0.076839879155159,0.17393721640110016,0.11161565035581589,0.09409012645483017,0.08289453387260437,0.1305965781211853,0.07242735475301743,0.07134932279586792
clip_vit_b_32_linear,translation_32_left,test_01654,1654,9,truck,9,truck,0.19306717813014984,True,0.10253258794546127,0.07917635142803192,0.09805034846067429,0.07384859770536423,0.08647279441356659,0.08270946890115738,0.0870429202914238,0.07449863106012344,0.12260110676288605,0.19306717813014984
clip_vit_b_32_linear,translation_32_left,test_04746,4746,6,horse,6,horse,0.177426278591156,True,0.07170204073190689,0.09641215950250626,0.08359994739294052,0.10176867991685867,0.109669528901577,0.11385196447372437,0.177426278591156,0.10249372571706772,0.06970291584730148,0.07337281852960587
clip_vit_b_32_linear,translation_32_left,test_04590,4590,3,cat,3,cat,0.15921558439731598,True,0.08371217548847198,0.10126832127571106,0.08168738335371017,0.15921558439731598,0.09598442167043686,0.11619691550731659,0.08969779312610626,0.10390301793813705,0.07932671159505844,0.0890076532959938
clip_vit_b_32_linear,translation_32_left,test_00562,562,0,airplane,0,airplane,0.17067639529705048,True,0.17067639529705048,0.09630107879638672,0.10307382047176361,0.0838097482919693,0.08177773654460907,0.08629383891820908,0.08036944270133972,0.09276922792196274,0.10504242777824402,0.09988640993833542
clip_vit_b_32_linear,translation_32_left,test_07108,7108,6,horse,6,horse,0.1600620299577713,True,0.0823613628745079,0.08355319499969482,0.08013573288917542,0.08930462598800659,0.1288558393716812,0.10184229165315628,0.1600620299577713,0.08951946347951889,0.08541352301836014,0.09895199537277222
clip_vit_b_32_linear,translation_32_left,test_05999,5999,0,airplane,0,airplane,0.1790822148323059,True,0.1790822148323059,0.08972159773111343,0.10487373918294907,0.08441424369812012,0.0869688093662262,0.08558312058448792,0.07828359305858612,0.08815799653530121,0.0979970246553421,0.10491763055324554
clip_vit_b_32_linear,translation_32_left,test_01403,1403,2,car,2,car,0.1637907326221466,True,0.10452765971422195,0.08502552658319473,0.1637907326221466,0.08103086799383163,0.08009428530931473,0.08532236516475677,0.08979515731334686,0.08822404593229294,0.10350476205348969,0.11868447810411453
clip_vit_b_32_linear,translation_32_left,test_04403,4403,7,monkey,7,monkey,0.19641433656215668,True,0.07918563485145569,0.11121361702680588,0.07209569215774536,0.10903427749872208,0.11369013786315918,0.09213514626026154,0.08742274343967438,0.19641433656215668,0.06744486838579178,0.07136356085538864
clip_vit_b_32_linear,translation_32_left,test_06332,6332,2,car,2,car,0.15245421230793,True,0.1123470887541771,0.08999349176883698,0.15245421230793,0.07763026654720306,0.09382133185863495,0.08687304705381393,0.08887103945016861,0.0784430280327797,0.10519899427890778,0.11436757445335388
clip_vit_b_32_linear,translation_32_left,test_06264,6264,2,car,2,car,0.17717376351356506,True,0.09856829792261124,0.07867211848497391,0.17717376351356506,0.08190406858921051,0.07710999995470047,0.08713405579328537,0.08961430937051773,0.0867106169462204,0.1058567687869072,0.11725600808858871
clip_vit_b_32_linear,translation_32_left,test_00303,303,9,truck,9,truck,0.19211135804653168,True,0.09506283700466156,0.07714766263961792,0.09330152720212936,0.07399644702672958,0.08365418761968613,0.08517241477966309,0.09968174993991852,0.06998950242996216,0.1298823058605194,0.19211135804653168
clip_vit_b_32_linear,translation_32_left,test_00791,791,3,cat,3,cat,0.16844238340854645,True,0.076741062104702,0.09879909455776215,0.08218244463205338,0.16844238340854645,0.08953916281461716,0.13347086310386658,0.09297902137041092,0.10008884966373444,0.07809101045131683,0.07966599613428116
clip_vit_b_32_linear,translation_32_left,test_03067,3067,2,car,2,car,0.16130030155181885,True,0.11189240962266922,0.07707009464502335,0.16130030155181885,0.08165507018566132,0.08468171954154968,0.08301075547933578,0.0965878963470459,0.08149058371782303,0.10272551327943802,0.11958561837673187
clip_vit_b_32_linear,translation_32_left,test_00484,484,0,airplane,0,airplane,0.21471308171749115,True,0.21471308171749115,0.08931989222764969,0.09406442195177078,0.06972887367010117,0.07527310401201248,0.08127161860466003,0.07258128374814987,0.0778038278222084,0.12660495936870575,0.09863897413015366
clip_vit_b_32_linear,translation_32_left,test_01370,1370,3,cat,3,cat,0.1588573157787323,True,0.07745040208101273,0.09077293425798416,0.0859350711107254,0.1588573157787323,0.09497525542974472,0.13198135793209076,0.09408750385046005,0.10493209213018417,0.07820183783769608,0.08280625194311142
clip_vit_b_32_linear,translation_32_left,test_04069,4069,8,ship,8,ship,0.13240841031074524,True,0.10879755020141602,0.09797095507383347,0.09637793898582458,0.08457817882299423,0.0958242192864418,0.09080640971660614,0.09110025316476822,0.09108234941959381,0.13240841031074524,0.11105376482009888
clip_vit_b_32_linear,translation_32_left,test_07373,7373,0,airplane,0,airplane,0.20341528952121735,True,0.20341528952121735,0.08830637484788895,0.10096030682325363,0.07100050896406174,0.0787358507514,0.08311893045902252,0.07761503756046295,0.07724542170763016,0.11289682984352112,0.10670541971921921
clip_vit_b_32_linear,translation_32_left,test_04330,4330,3,cat,3,cat,0.13782666623592377,True,0.08298734575510025,0.09611587226390839,0.07978035509586334,0.13782666623592377,0.11544471234083176,0.1210319921374321,0.09534548968076706,0.1178567036986351,0.07692749053239822,0.07668330520391464
clip_vit_b_32_linear,translation_32_left,test_05701,5701,5,dog,5,dog,0.17226628959178925,True,0.07723716646432877,0.09013762325048447,0.08595996350049973,0.12751097977161407,0.09470810741186142,0.17226628959178925,0.10688154399394989,0.10529079288244247,0.06874887645244598,0.07125871628522873
clip_vit_b_32_linear,translation_32_left,test_07465,7465,0,airplane,0,airplane,0.19385342299938202,True,0.19385342299938202,0.0904088020324707,0.0989004597067833,0.07400011271238327,0.08711454272270203,0.0819476768374443,0.07497991621494293,0.08422638475894928,0.11140163242816925,0.10316714644432068
clip_vit_b_32_linear,translation_32_left,test_01531,1531,3,cat,3,cat,0.14255300164222717,True,0.08247406035661697,0.09204642474651337,0.07655379176139832,0.14255300164222717,0.12362395972013474,0.12856000661849976,0.09924469143152237,0.10910208523273468,0.06899072974920273,0.07685131579637527
clip_vit_b_32_linear,translation_32_left,test_04676,4676,8,ship,8,ship,0.20931878685951233,True,0.11708350479602814,0.07664963603019714,0.08883337676525116,0.07184124737977982,0.08064205199480057,0.07797717303037643,0.07567830383777618,0.07370386272668839,0.20931878685951233,0.12827205657958984
clip_vit_b_32_linear,translation_32_left,test_04531,4531,3,cat,3,cat,0.179201140999794,True,0.0737532302737236,0.10891725867986679,0.0675165131688118,0.179201140999794,0.13558243215084076,0.08951736241579056,0.08506972342729568,0.1267479807138443,0.06549753248691559,0.06819695979356766
clip_vit_b_32_linear,translation_32_left,test_00706,706,8,ship,8,ship,0.18720193207263947,True,0.11343041062355042,0.08392242342233658,0.09696793556213379,0.07722194492816925,0.081140898168087,0.08596199005842209,0.08371441811323166,0.07908261567354202,0.18720193207263947,0.1113554984331131
clip_vit_b_32_linear,translation_32_left,test_02844,2844,8,ship,8,ship,0.19256164133548737,True,0.1249694973230362,0.07755491137504578,0.09986915439367294,0.07440028339624405,0.08382919430732727,0.07820297032594681,0.08190060406923294,0.0811254158616066,0.19256164133548737,0.10558634996414185
clip_vit_b_32_linear,translation_32_left,test_03755,3755,2,car,2,car,0.16899603605270386,True,0.10814547538757324,0.08526136726140976,0.16899603605270386,0.08078876882791519,0.08652723580598831,0.09023018181324005,0.09650671482086182,0.08593328297138214,0.08966396749019623,0.10794699937105179
clip_vit_b_32_linear,translation_32_left,test_05848,5848,7,monkey,7,monkey,0.18001921474933624,True,0.08105714619159698,0.11808276921510696,0.07745767384767532,0.1263587921857834,0.10781895369291306,0.08785522729158401,0.07845135033130646,0.18001921474933624,0.0739365667104721,0.06896229088306427
clip_vit_b_32_linear,translation_32_left,test_02114,2114,9,truck,9,truck,0.15746115148067474,True,0.11007324606180191,0.07964931428432465,0.11458595097064972,0.0812966525554657,0.0878068208694458,0.08876001834869385,0.09516158699989319,0.07898113131523132,0.10622408241033554,0.15746115148067474
clip_vit_b_32_linear,translation_32_left,test_03876,3876,0,airplane,0,airplane,0.17786161601543427,True,0.17786161601543427,0.08363164216279984,0.09497233480215073,0.07633206993341446,0.08266540616750717,0.0808449536561966,0.08059070259332657,0.08834655582904816,0.11475826799869537,0.11999640613794327
clip_vit_b_32_linear,translation_32_left,test_00677,677,3,cat,3,cat,0.16528980433940887,True,0.07200992852449417,0.0968288853764534,0.0794161930680275,0.16528980433940887,0.09377945959568024,0.12557098269462585,0.09612496942281723,0.1083989068865776,0.07839661091566086,0.08418424427509308
clip_vit_b_32_linear,translation_32_left,test_02116,2116,1,bird,1,bird,0.14710968732833862,True,0.08253046870231628,0.14710968732833862,0.07612505555152893,0.13970209658145905,0.11273644119501114,0.09033077210187912,0.07965369522571564,0.11557400971651077,0.07652606815099716,0.07971165329217911
clip_vit_b_32_linear,translation_32_left,test_04661,4661,7,monkey,7,monkey,0.17883595824241638,True,0.08258045464754105,0.11072507500648499,0.07946662604808807,0.12612126767635345,0.09904713183641434,0.0972207561135292,0.08589553833007812,0.17883595824241638,0.0672362819314003,0.07287091761827469
clip_vit_b_32_linear,translation_32_left,test_02676,2676,6,horse,6,horse,0.16741269826889038,True,0.08238440752029419,0.08171229809522629,0.1068163812160492,0.09000887721776962,0.09112992882728577,0.11333084106445312,0.16741269826889038,0.09397920221090317,0.08040942251682281,0.09281603246927261
clip_vit_b_32_linear,translation_32_left,test_03025,3025,0,airplane,0,airplane,0.16444368660449982,True,0.16444368660449982,0.08732493221759796,0.10412824153900146,0.0843786895275116,0.0851745754480362,0.08420059829950333,0.0867568776011467,0.08120490610599518,0.10088798403739929,0.12149962782859802
clip_vit_b_32_linear,translation_32_left,test_04449,4449,9,truck,9,truck,0.1371135264635086,True,0.13102202117443085,0.08657024055719376,0.12217918038368225,0.07854876667261124,0.08455757051706314,0.08760926127433777,0.08232394605875015,0.08345972001552582,0.10661571472883224,0.1371135264635086
clip_vit_b_32_linear,translation_32_left,test_00977,977,6,horse,6,horse,0.1941036880016327,True,0.07635333389043808,0.08380555361509323,0.0806894302368164,0.09966454654932022,0.09817397594451904,0.11470401287078857,0.1941036880016327,0.08718571066856384,0.07922066748142242,0.08609908819198608
clip_vit_b_32_linear,translation_32_left,test_04990,4990,8,ship,8,ship,0.1666516363620758,True,0.1088271364569664,0.08016877621412277,0.0943947359919548,0.08396659046411514,0.08452720195055008,0.08442147076129913,0.08692696690559387,0.08403531461954117,0.1666516363620758,0.1260802149772644
clip_vit_b_32_linear,translation_32_left,test_07309,7309,0,airplane,0,airplane,0.17314788699150085,True,0.17314788699150085,0.0898260846734047,0.10601654648780823,0.07494629174470901,0.08317815512418747,0.08295348286628723,0.07579298317432404,0.08211489021778107,0.12324722111225128,0.10877633839845657
clip_vit_b_32_linear,translation_32_left,test_01048,1048,7,monkey,7,monkey,0.1682385504245758,True,0.08534573763608932,0.10469822585582733,0.07622663676738739,0.10537835955619812,0.11987137794494629,0.08977682888507843,0.09091467410326004,0.1682385504245758,0.07871440052986145,0.0808352530002594
clip_vit_b_32_linear,translation_32_left,test_03276,3276,3,cat,7,monkey,0.13983054459095,False,0.08414734899997711,0.1046973168849945,0.07876669615507126,0.1288781613111496,0.1221822053194046,0.08614010363817215,0.10186994820833206,0.13983054459095,0.07778771221637726,0.07569991052150726
clip_vit_b_32_linear,translation_32_left,test_05512,5512,2,car,9,truck,0.14050903916358948,False,0.10582096129655838,0.09323849529027939,0.10492346435785294,0.08953367173671722,0.09295526891946793,0.09206816554069519,0.09661197662353516,0.08213631808757782,0.10220266878604889,0.14050903916358948
clip_vit_b_32_linear,translation_32_left,test_07692,7692,4,deer,4,deer,0.18732984364032745,True,0.08498534560203552,0.09841874986886978,0.07832559198141098,0.09723556786775589,0.18732984364032745,0.09177176654338837,0.1096571683883667,0.08869230002164841,0.07773294299840927,0.08585073053836823
clip_vit_b_32_linear,translation_32_left,test_01436,1436,1,bird,1,bird,0.19030731916427612,True,0.09089922159910202,0.19030731916427612,0.07487227022647858,0.09000641852617264,0.11629131436347961,0.08583393692970276,0.0788600966334343,0.11991328001022339,0.0792839303612709,0.07373230159282684
clip_vit_b_32_linear,translation_32_left,test_07544,7544,9,truck,9,truck,0.16093911230564117,True,0.11853495985269547,0.07566793262958527,0.10956486314535141,0.082033671438694,0.08723840117454529,0.0903458222746849,0.09203511476516724,0.07614140957593918,0.10749875754117966,0.16093911230564117
clip_vit_b_32_linear,translation_32_left,test_03383,3383,3,cat,3,cat,0.17155048251152039,True,0.07767177373170853,0.10998920351266861,0.07175242155790329,0.17155048251152039,0.12151975929737091,0.0927947461605072,0.08411718904972076,0.1267581731081009,0.07233104854822159,0.07151517271995544
clip_vit_b_32_linear,translation_32_left,test_01977,1977,0,airplane,0,airplane,0.18195755779743195,True,0.18195755779743195,0.10612428188323975,0.09368336945772171,0.07939307391643524,0.08563211560249329,0.08875826001167297,0.07672105729579926,0.09107936918735504,0.09571937471628189,0.10093159973621368
clip_vit_b_32_linear,translation_32_left,test_02750,2750,0,airplane,0,airplane,0.15179918706417084,True,0.15179918706417084,0.09941281378269196,0.08566299825906754,0.08112820237874985,0.0965653508901596,0.08702274411916733,0.08428076654672623,0.09146241843700409,0.1190139427781105,0.10365159809589386
clip_vit_b_32_linear,translation_32_left,test_07996,7996,6,horse,6,horse,0.18469645082950592,True,0.0835392028093338,0.08482997119426727,0.09264619648456573,0.09202849119901657,0.10110744833946228,0.11139896512031555,0.18469645082950592,0.084250308573246,0.07848649471998215,0.08701639622449875
clip_vit_b_32_linear,translation_32_left,test_06989,6989,5,dog,5,dog,0.14016777276992798,True,0.07771826535463333,0.0923539400100708,0.08261847496032715,0.12370771169662476,0.10642646998167038,0.14016777276992798,0.12110292166471481,0.10801533609628677,0.07462199032306671,0.07326709479093552
clip_vit_b_32_linear,translation_32_left,test_01431,1431,3,cat,3,cat,0.16746167838573456,True,0.07412413507699966,0.09637494385242462,0.08752711862325668,0.16746167838573456,0.08741350471973419,0.1376909464597702,0.10113272815942764,0.09573680907487869,0.07712584733963013,0.0754123404622078
clip_vit_b_32_linear,translation_32_left,test_07416,7416,3,cat,3,cat,0.15145623683929443,True,0.07762394100427628,0.09636200964450836,0.08716782927513123,0.15145623683929443,0.09159023314714432,0.12722934782505035,0.09569961577653885,0.1047971323132515,0.08467566967010498,0.08339793980121613
clip_vit_b_32_linear,translation_32_left,test_04547,4547,5,dog,5,dog,0.18815582990646362,True,0.07652925699949265,0.09563492238521576,0.08749756962060928,0.12457193434238434,0.08545180410146713,0.18815582990646362,0.09904036670923233,0.09337897598743439,0.07248277962207794,0.07725652307271957
clip_vit_b_32_linear,translation_32_left,test_00042,42,0,airplane,0,airplane,0.18625475466251373,True,0.18625475466251373,0.09302815049886703,0.09140866249799728,0.07352413237094879,0.08951091766357422,0.08517562597990036,0.07973020523786545,0.08904391527175903,0.10353422909975052,0.1087893694639206
clip_vit_b_32_linear,translation_32_left,test_05117,5117,0,airplane,0,airplane,0.1797008216381073,True,0.1797008216381073,0.10318941622972488,0.0961683914065361,0.07285832613706589,0.08865159004926682,0.08709117025136948,0.09170816838741302,0.08324023336172104,0.09813165664672852,0.09926021099090576
clip_vit_b_32_linear,translation_32_left,test_04411,4411,6,horse,6,horse,0.15001042187213898,True,0.09433473646640778,0.08420264720916748,0.09816893935203552,0.09078773856163025,0.10199566185474396,0.11119044572114944,0.15001042187213898,0.08981869369745255,0.0846940353512764,0.09479673951864243
clip_vit_b_32_linear,translation_32_left,test_05789,5789,4,deer,4,deer,0.19278527796268463,True,0.0826478898525238,0.10615337640047073,0.0755343809723854,0.09602779895067215,0.19278527796268463,0.08919905871152878,0.09811185300350189,0.09594470262527466,0.08145851641893387,0.0821371003985405
clip_vit_b_32_linear,translation_32_left,test_00483,483,2,car,2,car,0.16679994761943817,True,0.10261525213718414,0.08386208862066269,0.16679994761943817,0.08361136168241501,0.08833542466163635,0.08614388853311539,0.09518559277057648,0.08555659651756287,0.08920206874608994,0.11868774145841599
clip_vit_b_32_linear,translation_32_left,test_06650,6650,7,monkey,7,monkey,0.17986269295215607,True,0.08114655315876007,0.1081651896238327,0.07323935627937317,0.11839471012353897,0.0973537340760231,0.09482643753290176,0.08868523687124252,0.17986269295215607,0.08330295234918594,0.07502315193414688
clip_vit_b_32_linear,translation_32_left,test_04881,4881,3,cat,3,cat,0.1576947122812271,True,0.0852326899766922,0.12127871811389923,0.0730593204498291,0.1576947122812271,0.10671073198318481,0.09209676831960678,0.08515345305204391,0.1359822303056717,0.07333970069885254,0.06945165246725082
clip_vit_b_32_linear,translation_32_left,test_00391,391,3,cat,3,cat,0.16087619960308075,True,0.07753805071115494,0.11166080087423325,0.07109326124191284,0.16087619960308075,0.13678687810897827,0.10248491168022156,0.08976683020591736,0.10655153542757034,0.06843636929988861,0.07480516284704208
clip_vit_b_32_linear,translation_32_left,test_00370,370,7,monkey,7,monkey,0.1809365600347519,True,0.08144780993461609,0.11108481884002686,0.08061891794204712,0.11598491668701172,0.10089858621358871,0.09320534020662308,0.08322404325008392,0.1809365600347519,0.07901833951473236,0.07358071953058243
clip_vit_b_32_linear,translation_32_left,test_00419,419,9,truck,9,truck,0.16200919449329376,True,0.10971075296401978,0.07767347991466522,0.10514611750841141,0.07564708590507507,0.08920931071043015,0.08565442264080048,0.09621303528547287,0.08047090470790863,0.11826574057340622,0.16200919449329376
clip_vit_b_32_linear,translation_32_left,test_03318,3318,9,truck,9,truck,0.16512013971805573,True,0.10722549259662628,0.08157850801944733,0.10727188736200333,0.07891727983951569,0.08757255226373672,0.0857977569103241,0.09488242864608765,0.08483253419399261,0.10680139809846878,0.16512013971805573
clip_vit_b_32_linear,translation_32_left,test_04355,4355,8,ship,8,ship,0.18915113806724548,True,0.11648167669773102,0.08352451026439667,0.0857568234205246,0.07693179696798325,0.09244301170110703,0.08182569593191147,0.07716330885887146,0.0802062526345253,0.18915113806724548,0.11651572585105896
clip_vit_b_32_linear,translation_32_left,test_05402,5402,4,deer,4,deer,0.20808999240398407,True,0.08207492530345917,0.09992102533578873,0.07777225226163864,0.08777488768100739,0.20808999240398407,0.08291003108024597,0.10594278573989868,0.09335897117853165,0.08226732909679413,0.0798877701163292
clip_vit_b_32_linear,translation_32_left,test_05332,5332,5,dog,5,dog,0.1576196253299713,True,0.07875365018844604,0.08690857142210007,0.08131961524486542,0.10427562892436981,0.10218372195959091,0.1576196253299713,0.12693920731544495,0.09648448973894119,0.08074755221605301,0.08476786315441132
clip_vit_b_32_linear,translation_32_left,test_00239,239,9,truck,9,truck,0.16679270565509796,True,0.1022280678153038,0.0810040682554245,0.10682588815689087,0.0794394314289093,0.09058184921741486,0.08231265842914581,0.09507226943969727,0.08428052812814713,0.11146260052919388,0.16679270565509796
clip_vit_b_32_linear,translation_32_left,test_06271,6271,2,car,2,car,0.17543268203735352,True,0.11680068075656891,0.08272136747837067,0.17543268203735352,0.08144444227218628,0.07894963026046753,0.08664342015981674,0.0843978002667427,0.07983891665935516,0.10408142954111099,0.10968956351280212
clip_vit_b_32_linear,translation_32_left,test_01129,1129,8,ship,8,ship,0.201919823884964,True,0.10791496187448502,0.08122618496417999,0.08321154117584229,0.07667239755392075,0.08320004492998123,0.07890443503856659,0.08180120587348938,0.07773027569055557,0.201919823884964,0.1274191439151764
clip_vit_b_32_linear,translation_32_left,test_02391,2391,5,dog,5,dog,0.1670984923839569,True,0.08786992728710175,0.11297915875911713,0.07416039705276489,0.114291250705719,0.1068691611289978,0.1670984923839569,0.10287301987409592,0.08936022967100143,0.07116793841123581,0.073330357670784
clip_vit_b_32_linear,translation_32_left,test_00191,191,9,truck,9,truck,0.14444570243358612,True,0.11056983470916748,0.08453156054019928,0.14037054777145386,0.08192980289459229,0.08026067912578583,0.0867748036980629,0.08398719131946564,0.08325047045946121,0.10387937724590302,0.14444570243358612
clip_vit_b_32_linear,translation_32_left,test_05447,5447,9,truck,9,truck,0.1853165626525879,True,0.10137900710105896,0.07640007138252258,0.10122877359390259,0.07121547311544418,0.08617554605007172,0.08329521119594574,0.09559670835733414,0.07242229580879211,0.1269703358411789,0.1853165626525879
clip_vit_b_32_linear,translation_32_left,test_06528,6528,4,deer,4,deer,0.16020114719867706,True,0.0730307474732399,0.10401975363492966,0.08476074784994125,0.11420337855815887,0.16020114719867706,0.1029445230960846,0.10345534980297089,0.11165062338113785,0.0669233426451683,0.0788104459643364
