model,condition,identifier,dataset_index,true_class_id,true_class_name,predicted_class_id,predicted_class_name,maximum_confidence,correct,probability_airplane,probability_bird,probability_car,probability_cat,probability_deer,probability_dog,probability_horse,probability_monkey,probability_ship,probability_truck
clip_zero_shot,translation_8_up,test_00632,632,3,cat,3,cat,0.9858960509300232,True,1.1348907719366252e-05,0.0011210476513952017,0.0005958667024970055,0.9858960509300232,0.0019835818093270063,0.0018393832724541426,0.00021409570763353258,0.007973200641572475,0.00023290277749765664,0.00013230316108092666
clip_zero_shot,translation_8_up,test_00131,131,9,truck,9,truck,0.9864922165870667,True,0.00011244840425206348,0.0009164166986010969,0.008443895727396011,0.00040979840559884906,0.0003946973301935941,0.0006767035229131579,0.0011775958118960261,0.00013211478653829545,0.00124405010137707,0.9864922165870667
clip_zero_shot,translation_8_up,test_07081,7081,7,monkey,7,monkey,0.9918960928916931,True,2.9783252102788538e-05,0.0037400880828499794,0.00010459039185661823,0.000872864737175405,0.00018219139019493014,0.0026987597811967134,0.00031310145277529955,0.9918960928916931,6.527720688609406e-05,9.735294588608667e-05
clip_zero_shot,translation_8_up,test_01836,1836,9,truck,9,truck,0.9900919795036316,True,4.207773963571526e-05,6.600732012884691e-05,0.009205772541463375,2.2841995814815164e-05,6.146881059976295e-05,4.109407018404454e-05,0.00010449976980453357,5.542779035749845e-05,0.0003087871882598847,0.9900919795036316
clip_zero_shot,translation_8_up,test_06437,6437,0,airplane,0,airplane,0.9706738591194153,True,0.9706738591194153,0.011390559375286102,0.000771223334595561,0.00011772582365665585,0.00016532577865291387,0.00023907019931357354,0.0005665835924446583,0.00013737683184444904,0.015796618536114693,0.0001417633320670575
clip_zero_shot,translation_8_up,test_06609,6609,0,airplane,0,airplane,0.9526062607765198,True,0.9526062607765198,0.019149351865053177,0.009044753387570381,0.0021528583019971848,0.0011699172900989652,0.003770795650780201,0.0035495443735271692,0.0027518148999661207,0.00486341817304492,0.0009414007072336972
clip_zero_shot,translation_8_up,test_03467,3467,7,monkey,7,monkey,0.5354828238487244,True,0.00026196453836746514,0.12285146862268448,0.0003144012007396668,0.054714806377887726,0.09309078007936478,0.14075617492198944,0.05171458050608635,0.5354828238487244,0.0001631060877116397,0.0006499000010080636
clip_zero_shot,translation_8_up,test_01401,1401,3,cat,3,cat,0.9791944622993469,True,8.268716192105785e-05,0.0013741179136559367,0.0005725303199142218,0.9791944622993469,0.00043603769154287875,0.007625079248100519,0.0004380274622235447,0.00962261762470007,0.0003776579978875816,0.00027686706744134426
clip_zero_shot,translation_8_up,test_01839,1839,2,car,2,car,0.9843696355819702,True,0.0004907402326352894,0.004531549289822578,0.9843696355819702,0.0018252837471663952,0.0008952232310548425,0.0015555022982880473,0.001393330399878323,0.0001748410431900993,0.0015405415324494243,0.003223269246518612
clip_zero_shot,translation_8_up,test_04168,4168,3,cat,3,cat,0.9846190810203552,True,5.0326550990575925e-05,0.00293769221752882,0.0004729890788439661,0.9846190810203552,0.0004140990786254406,0.0076158856973052025,0.002777518006041646,0.0006117175216786563,0.000400027260184288,0.00010064565867651254
clip_zero_shot,translation_8_up,test_00035,35,2,car,2,car,0.9684523940086365,True,0.0019019991159439087,0.0005541460704989731,0.9684523940086365,0.0005317493923939764,0.00029007706325501204,0.0003420401772018522,0.0008037504157982767,6.647428381256759e-05,0.0010572659084573388,0.02599998749792576
clip_zero_shot,translation_8_up,test_04177,4177,8,ship,8,ship,0.985921323299408,True,0.00023899842926766723,0.0011117644608020782,0.0007048054249025881,0.0006136152660474181,0.00047830352559685707,0.00040934726712293923,0.0017110552871599793,0.0012873272644355893,0.985921323299408,0.007523554377257824
clip_zero_shot,translation_8_up,test_07270,7270,7,monkey,7,monkey,0.994086742401123,True,9.244471584679559e-06,0.001557583804242313,0.00011046729196095839,0.000774820742662996,0.00037592725129798055,0.002373962663114071,0.0006032089004293084,0.994086742401123,4.5881286496296525e-05,6.219161878107116e-05
clip_zero_shot,translation_8_up,test_02265,2265,5,dog,5,dog,0.9669966697692871,True,4.704430466517806e-05,0.00027228883118368685,0.00021361680410336703,0.0003200492647010833,0.023268675431609154,0.9669966697692871,0.007829117588698864,0.00041318111470900476,0.0003334562061354518,0.000305958092212677
clip_zero_shot,translation_8_up,test_03288,3288,7,monkey,7,monkey,0.9996054768562317,True,2.563311340963992e-07,0.0001194906872115098,1.1104258192062844e-05,9.647588740335777e-05,1.2675270227191504e-05,0.00013688390026800334,7.483881745429244e-06,0.9996054768562317,3.7065642572997604e-06,6.47994784230832e-06
clip_zero_shot,translation_8_up,test_05451,5451,8,ship,8,ship,0.9985756874084473,True,3.688783181132749e-05,0.00015802992857061327,0.0001446324458811432,2.9087101211189292e-05,6.20647260802798e-05,0.00017612472584005445,0.00016824380145408213,7.21654505468905e-05,0.9985756874084473,0.0005770580610260367
clip_zero_shot,translation_8_up,test_04023,4023,3,cat,3,cat,0.797051191329956,True,1.7949947505258024e-05,0.004544584080576897,0.002253077458590269,0.797051191329956,0.043828077614307404,0.10092784464359283,0.0055021787993609905,0.04249648004770279,0.0011223881738260388,0.002256337320432067
clip_zero_shot,translation_8_up,test_00261,261,1,bird,1,bird,0.9901705384254456,True,0.0008878916269168258,0.9901705384254456,0.00036622179322876036,0.00023755263828206807,0.000145367652294226,0.002991092624142766,0.0009392450447194278,0.0006024069152772427,0.0034723763819783926,0.00018708882271312177
clip_zero_shot,translation_8_up,test_04570,4570,5,dog,5,dog,0.9879907965660095,True,2.002098426601151e-06,0.0007579411030746996,4.3929543608101085e-05,0.0013663292629644275,0.0005260428879410028,0.9879907965660095,0.008501358330249786,0.0006599617190659046,5.932771091465838e-05,9.234678145730868e-05
clip_zero_shot,translation_8_up,test_04966,4966,5,dog,5,dog,0.9550804495811462,True,4.6623845264548436e-05,0.0014409150462597609,0.0004868325195275247,0.006470667198300362,0.002967848675325513,0.9550804495811462,0.0038025015965104103,0.028745591640472412,0.0005441066459752619,0.0004143918922636658
clip_zero_shot,translation_8_up,test_07955,7955,1,bird,1,bird,0.9993705153465271,True,4.706262188847177e-05,0.9993705153465271,8.63427558215335e-05,8.025863644434139e-05,3.7225552659947425e-05,0.00023118863464333117,1.0784578080347273e-05,4.651405834010802e-05,5.7306977396365255e-05,3.2750456739449874e-05
clip_zero_shot,translation_8_up,test_06288,6288,4,deer,4,deer,0.9970585107803345,True,2.7852447601617314e-06,0.00046611655852757394,9.234764729626477e-05,0.0002475101500749588,0.9970585107803345,0.0007636772934347391,0.0011974615044891834,6.45960753899999e-05,8.368126873392612e-05,2.3461954697268084e-05
clip_zero_shot,translation_8_up,test_07810,7810,8,ship,8,ship,0.9988658428192139,True,2.4699056666577235e-05,0.00019545615941751748,3.9609556552022696e-05,3.761253537959419e-05,5.038962990511209e-05,7.893529254943132e-05,0.00011886510765179992,0.00017727105296216905,0.9988658428192139,0.0004114135226700455
clip_zero_shot,translation_8_up,test_01927,1927,7,monkey,7,monkey,0.9988778233528137,True,4.214873570163036e-07,0.00026970315957441926,3.207185727660544e-05,9.988014789996669e-05,3.2344846658816095e-06,0.0005879005184397101,8.338472980540246e-05,0.9988778233528137,9.496203347225673e-06,3.609039049479179e-05
clip_zero_shot,translation_8_up,test_01871,1871,1,bird,1,bird,0.8902320861816406,True,0.00020813281298615038,0.8902320861816406,0.004701624624431133,0.010814659297466278,0.0004684257146436721,0.04473147913813591,0.02786296419799328,0.0004940470098517835,0.0014983448199927807,0.018988318741321564
clip_zero_shot,translation_8_up,test_06922,6922,5,dog,5,dog,0.9922716617584229,True,9.752545338415075e-06,0.00027243042131885886,6.6085034632124e-05,0.0014768659602850676,0.0021310318261384964,0.9922716617584229,0.002689959015697241,0.0008740083430893719,0.00013046670937910676,7.7718825195916e-05
clip_zero_shot,translation_8_up,test_03512,3512,4,deer,4,deer,0.9984343647956848,True,3.1990580851015693e-07,5.429107477539219e-05,7.535020813520532e-06,8.013346086954698e-05,0.9984343647956848,0.0009186948300339282,0.0003535195719450712,0.00014302537601906806,2.8531335374282207e-06,5.191744548938004e-06
clip_zero_shot,translation_8_up,test_04754,4754,6,horse,6,horse,0.9966224431991577,True,4.928733119413664e-07,0.00016421372129116207,1.3607195796794258e-05,0.00012248613347765058,0.001224324805662036,0.0017534398939460516,0.9966224431991577,8.304457151098177e-05,6.2461758716381155e-06,9.653585038904566e-06
clip_zero_shot,translation_8_up,test_00714,714,2,car,2,car,0.9250226020812988,True,0.0002013149205595255,0.00021522928727790713,0.9250226020812988,0.00018213392468169332,0.00023067358415573835,0.0013580096419900656,0.002532817190513015,0.0006197436014190316,0.0020427436102181673,0.06759478896856308
clip_zero_shot,translation_8_up,test_02191,2191,8,ship,8,ship,0.9976230263710022,True,6.72810710966587e-05,0.00047288084169849753,8.698700548848137e-05,3.088735684286803e-05,6.108754314482212e-05,0.00013584073167294264,0.0001596040528966114,0.00020247162319719791,0.9976230263710022,0.0011599129065871239
clip_zero_shot,translation_8_up,test_04615,4615,0,airplane,0,airplane,0.9630625247955322,True,0.9630625247955322,0.02490992844104767,0.0009682310628704727,0.00033002335112541914,0.000532697478774935,0.0009013190865516663,0.0006590042030438781,0.0005716885207220912,0.007427654229104519,0.0006368104368448257
clip_zero_shot,translation_8_up,test_04662,4662,8,ship,8,ship,0.9964702129364014,True,1.1119009286630899e-05,0.00031972851138561964,0.0001791415415937081,5.864396007382311e-05,9.04224652913399e-05,0.00010318812564946711,0.00047429068945348263,0.0001620243419893086,0.9964702129364014,0.002131168730556965
clip_zero_shot,translation_8_up,test_05915,5915,9,truck,9,truck,0.9437462091445923,True,0.0007249811897054315,0.00018034767708741128,0.05190876126289368,5.766880349256098e-05,0.0002902532578445971,0.00016791201778687537,0.0009356577647849917,0.0002334186137886718,0.0017547868192195892,0.9437462091445923
clip_zero_shot,translation_8_up,test_00766,766,4,deer,6,horse,0.9084845781326294,False,5.961578790447675e-05,0.0017510069301351905,0.0004634213983081281,0.0005654365522786975,0.0630226656794548,0.016541631892323494,0.9084845781326294,0.008439491502940655,7.42124393582344e-05,0.0005978821427561343
clip_zero_shot,translation_8_up,test_05218,5218,2,car,2,car,0.9557490944862366,True,0.0008069106261245906,0.005553349386900663,0.9557490944862366,0.0003522127226460725,0.0008103778236545622,0.00039355020271614194,0.020960479974746704,0.0011415653862059116,0.004445972386747599,0.009786538779735565
clip_zero_shot,translation_8_up,test_02340,2340,8,ship,8,ship,0.9960675239562988,True,7.866807573009282e-05,0.0005352352745831013,0.0002951776550617069,5.339084964361973e-05,0.00014240355812944472,0.0001849476684583351,0.00040228129364550114,0.0001984865084523335,0.9960675239562988,0.002041889587417245
clip_zero_shot,translation_8_up,test_01954,1954,8,ship,8,ship,0.9806591272354126,True,0.0004001746710855514,0.00033286120742559433,0.0022167174611240625,7.006849773460999e-05,8.116081880871207e-05,0.0005939747206866741,0.0005045461002737284,0.00015841070853639394,0.9806591272354126,0.01498294249176979
clip_zero_shot,translation_8_up,test_07875,7875,8,ship,8,ship,0.997076153755188,True,0.00028155019390396774,0.00025198698858730495,0.0005045820726081729,8.295016596093774e-05,6.292403122643009e-05,0.00017850294534582645,0.00014562650176230818,0.00012310671445447952,0.997076153755188,0.0012926579220220447
clip_zero_shot,translation_8_up,test_03418,3418,6,horse,6,horse,0.9982073307037354,True,1.5955862181726843e-05,0.0002915958175435662,6.14077434875071e-05,0.0003002449811901897,0.00027530701481737196,0.0007071673171594739,0.9982073307037354,6.350644980557263e-05,3.70881607523188e-05,4.0313527279067785e-05
clip_zero_shot,translation_8_up,test_05572,5572,9,truck,9,truck,0.9541752934455872,True,0.0004143254191149026,0.001450159470550716,0.027166036888957024,0.0017470389138907194,0.0034567464608699083,0.0024457313120365143,0.0027964713517576456,0.00517835421487689,0.001169914728961885,0.9541752934455872
clip_zero_shot,translation_8_up,test_05977,5977,7,monkey,7,monkey,0.9933522939682007,True,8.647129106975626e-06,0.002059207297861576,7.653064676560462e-05,0.0004106373817194253,5.229935140960151e-06,0.001852167071774602,0.00204089586623013,0.9933522939682007,6.272969039855525e-05,0.00013158949150238186
clip_zero_shot,translation_8_up,test_05123,5123,1,bird,1,bird,0.9910351634025574,True,9.9492899607867e-05,0.9910351634025574,0.00012519615120254457,0.000217342734686099,5.7063178246608004e-05,0.001087839831598103,0.0005558028933592141,0.0060617802664637566,0.00025370277580805123,0.000506636977661401
clip_zero_shot,translation_8_up,test_05851,5851,9,truck,9,truck,0.9953706860542297,True,2.1959385776426643e-05,0.00017162873700726777,0.003039570525288582,0.00013636589574161917,0.00010112247400684282,0.0002261143526993692,0.00035433622542768717,5.3049785492476076e-05,0.0005251443362794816,0.9953706860542297
clip_zero_shot,translation_8_up,test_04094,4094,9,truck,9,truck,0.9851236939430237,True,0.0001944165414897725,0.00024872421636246145,0.012545164674520493,0.00012300582602620125,8.654177509015426e-05,0.00018773865303955972,0.00027920419233851135,4.97363944305107e-05,0.001161803025752306,0.9851236939430237
clip_zero_shot,translation_8_up,test_04254,4254,6,horse,6,horse,0.9979469180107117,True,7.187759365478996e-06,0.0005939509137533605,2.03448289539665e-05,0.00019915935990866274,0.000378225784515962,0.0007422906928695738,0.9979469180107117,3.5062443203059956e-05,4.9013291572919115e-05,2.7885787858394906e-05
clip_zero_shot,translation_8_up,test_02501,2501,7,monkey,7,monkey,0.9929404258728027,True,1.9667579181259498e-05,0.0005100119742564857,0.00014370985445566475,0.0003838729753624648,9.92031636997126e-05,0.004568442702293396,0.0007435180013999343,0.9929404258728027,0.0002150446962332353,0.00037609293940477073
clip_zero_shot,translation_8_up,test_06938,6938,1,bird,1,bird,0.9996154308319092,True,1.288805106014479e-05,0.9996154308319092,6.68271750328131e-05,2.4104378098854795e-05,2.6893198082689196e-05,0.0001198763056891039,1.1452490070951171e-05,1.6275749658234417e-05,8.222454198403284e-05,2.3941807739902288e-05
clip_zero_shot,translation_8_up,test_00171,171,4,deer,4,deer,0.9976321458816528,True,9.731338650453836e-06,0.0005144165479578078,2.659229539858643e-05,7.425630610669032e-05,0.9976321458816528,0.0006988896057009697,0.0008288983372040093,0.0001796356082195416,1.255197093996685e-05,2.282773857587017e-05
clip_zero_shot,translation_8_up,test_04215,4215,3,cat,3,cat,0.988387405872345,True,3.468566501396708e-05,0.001990988850593567,0.00045384198892861605,0.988387405872345,0.00026645566686056554,0.004432841669768095,0.00035736593417823315,0.003377059008926153,0.0005339920753613114,0.00016542115190532058
clip_zero_shot,translation_8_up,test_05705,5705,8,ship,8,ship,0.9973264932632446,True,4.252699000062421e-05,0.00017369263514410704,0.00011118152178823948,4.485563840717077e-05,0.00018864804587792605,5.851003515999764e-05,0.0002512922801543027,0.0001981012028409168,0.9973264932632446,0.0016046802047640085
clip_zero_shot,translation_8_up,test_03458,3458,4,deer,4,deer,0.9919732809066772,True,3.9733396988594905e-05,0.0007291983929462731,0.0002113516820827499,2.241157017124351e-05,0.9919732809066772,0.0015668151900172234,0.005024865735322237,7.717114931438118e-05,3.447182461968623e-05,0.0003206309047527611
clip_zero_shot,translation_8_up,test_01220,1220,7,monkey,7,monkey,0.9903610944747925,True,1.079646949619928e-06,0.00037187038105912507,4.9126861995318905e-05,0.0028559821657836437,0.0003535562427714467,0.005746148061007261,0.00021824179566465318,0.9903610944747925,2.0272407709853724e-05,2.2533826268045232e-05
clip_zero_shot,translation_8_up,test_00962,962,8,ship,8,ship,0.997503936290741,True,0.00010898102482315153,0.0005265067447908223,0.00027421506820246577,6.199173367349431e-05,9.577360469847918e-05,5.6172499171225354e-05,0.0003554777940735221,0.000179574140929617,0.997503936290741,0.0008373578893952072
clip_zero_shot,translation_8_up,test_02950,2950,5,dog,5,dog,0.9788457155227661,True,1.808162960514892e-05,0.0008070772746577859,0.000137578317662701,0.004148232284933329,0.002750545972958207,0.9788457155227661,0.010298059321939945,0.002663759980350733,0.00016267120372503996,0.0001683825976215303
clip_zero_shot,translation_8_up,test_02623,2623,5,dog,5,dog,0.962006151676178,True,0.00018898678536061198,0.0015503914328292012,0.00030649674590677023,0.005990568548440933,0.0034380145370960236,0.962006151676178,0.014728514477610588,0.011325078085064888,0.000180253351572901,0.00028557577752508223
clip_zero_shot,translation_8_up,test_04539,4539,0,airplane,0,airplane,0.9772436618804932,True,0.9772436618804932,0.012312691658735275,0.002566022565588355,0.00042923944420181215,0.000125920501886867,0.0009462600573897362,0.0011435473570600152,0.0016988994320854545,0.002794250613078475,0.0007394571439363062
clip_zero_shot,translation_8_up,test_01553,1553,0,airplane,0,airplane,0.9608507752418518,True,0.9608507752418518,0.01589839905500412,0.0008206784259527922,0.0002832334430422634,0.00023343028442468494,0.0004202093696221709,0.00044322723988443613,0.0006107716471888125,0.019906099885702133,0.0005330507410690188
clip_zero_shot,translation_8_up,test_04740,4740,4,deer,4,deer,0.9857256412506104,True,3.318724111522897e-06,0.0003937517467420548,3.8577352825086564e-05,0.0001310957595705986,0.9857256412506104,0.00257734302431345,0.008549794554710388,0.002511796774342656,6.661459792667301e-06,6.203200609888881e-05
clip_zero_shot,translation_8_up,test_06844,6844,0,airplane,0,airplane,0.6794857382774353,True,0.6794857382774353,0.2062775045633316,0.048382386565208435,0.004823134280741215,0.0005046025617048144,0.011144143529236317,0.004446246661245823,0.01064183097332716,0.028323274105787277,0.005971177015453577
clip_zero_shot,translation_8_up,test_02668,2668,7,monkey,7,monkey,0.9513898491859436,True,8.013391834538197e-07,0.002472429536283016,6.478626892203465e-05,0.02660009264945984,0.01156550645828247,0.00759920896962285,0.00026781094493344426,0.9513898491859436,1.4193649803928565e-05,2.530030906200409e-05
clip_zero_shot,translation_8_up,test_03153,3153,7,monkey,7,monkey,0.5030914545059204,True,7.602095138281584e-06,0.012630106881260872,0.0003185930836480111,0.2835100293159485,0.06820586323738098,0.11796250939369202,0.013840907253324986,0.5030914545059204,0.00015823989815544337,0.00027467793552204967
clip_zero_shot,translation_8_up,test_05135,5135,4,deer,4,deer,0.992181658744812,True,1.9503097519191215e-06,0.00033552906825207174,4.299008651287295e-05,0.0003153164288960397,0.992181658744812,0.006547602359205484,0.0004456166934687644,0.00010380931053077802,6.438328000513138e-06,1.901440009532962e-05
clip_zero_shot,translation_8_up,test_02291,2291,3,cat,3,cat,0.9429792761802673,True,1.0784890037029982e-05,0.0004773222317453474,0.0007306502666324377,0.9429792761802673,0.0015449378406628966,0.011743167415261269,0.0007373210391961038,0.04132310301065445,0.00019327577319927514,0.0002601554151624441
clip_zero_shot,translation_8_up,test_00116,116,1,bird,1,bird,0.9976927042007446,True,0.00020173903612885624,0.9976927042007446,0.0001428725227015093,0.0002428703010082245,6.761305121472105e-05,0.0010454099392518401,0.00016706963651813567,9.739734377944842e-05,5.664581840392202e-05,0.0002858247607946396
clip_zero_shot,translation_8_up,test_07797,7797,3,cat,3,cat,0.9722498655319214,True,1.2989775314053986e-05,0.00340603431686759,0.0019466462545096874,0.9722498655319214,0.004243893548846245,0.006203645374625921,0.00038279936416074634,0.010302149690687656,0.0008740031626075506,0.0003780590195674449
clip_zero_shot,translation_8_up,test_04609,4609,3,cat,5,dog,0.3709128499031067,False,4.131472906010458e-06,0.01431960891932249,0.0006494905101135373,0.23454836010932922,0.2526353895664215,0.3709128499031067,0.001606557285413146,0.12504521012306213,9.981103357858956e-05,0.00017856272461358458
clip_zero_shot,translation_8_up,test_00081,81,0,airplane,0,airplane,0.8805232644081116,True,0.8805232644081116,0.04601067304611206,0.04550439119338989,0.003285699989646673,0.0019804262556135654,0.003557421499863267,0.005117042921483517,0.0008073791395872831,0.011420306749641895,0.0017935395007953048
clip_zero_shot,translation_8_up,test_05580,5580,6,horse,6,horse,0.9953476786613464,True,2.6260691811330616e-05,0.0001309006183873862,0.00013519889034796506,0.00046264679986052215,0.0006637343321926892,0.00298763788305223,0.9953476786613464,8.510720363119617e-05,1.9489323676680215e-05,0.00014139861741568893
clip_zero_shot,translation_8_up,test_03024,3024,2,car,2,car,0.926627516746521,True,0.0005736261373385787,0.0005387085257098079,0.926627516746521,0.0003233908209949732,2.1470552383107133e-05,0.0008690878166817129,0.00033602191251702607,3.8460217183455825e-05,0.0009212951408699155,0.06975044310092926
clip_zero_shot,translation_8_up,test_02766,2766,5,dog,5,dog,0.9655657410621643,True,3.48172579833772e-05,0.0015118628507480025,0.00021351317991502583,0.0018838096875697374,0.01678047887980938,0.9655657410621643,0.007309291511774063,0.00558894220739603,8.400347724091262e-05,0.0010277024703100324
clip_zero_shot,translation_8_up,test_05000,5000,8,ship,8,ship,0.997400164604187,True,0.0003351052582729608,0.00019217946100980043,0.00033591155079193413,3.785977605730295e-05,9.902349120238796e-05,0.00014664816262666136,0.00014109877520240843,0.0005135402316227555,0.997400164604187,0.0007984768599271774
clip_zero_shot,translation_8_up,test_02610,2610,6,horse,6,horse,0.9910624027252197,True,4.7813704441068694e-05,0.00154671142809093,0.00024785383720882237,0.00036726545658893883,0.0031561399810016155,0.0023744585923850536,0.9910624027252197,0.0005214421544224024,0.0002613432880025357,0.00041453432640992105
clip_zero_shot,translation_8_up,test_02024,2024,0,airplane,0,airplane,0.914865255355835,True,0.914865255355835,0.03411903232336044,0.00872144103050232,0.002365858294069767,0.00481446273624897,0.004660929087549448,0.0014807818224653602,0.012902442365884781,0.014714464545249939,0.0013553784228861332
clip_zero_shot,translation_8_up,test_06097,6097,4,deer,4,deer,0.8512579202651978,True,0.00010338956053601578,0.0020026876591145992,0.0004184678546153009,0.00010763452883111313,0.8512579202651978,0.004548010881990194,0.14014452695846558,0.00033018781687133014,0.00017903649131767452,0.0009081460302695632
clip_zero_shot,translation_8_up,test_00964,964,6,horse,6,horse,0.9932055473327637,True,2.4582808691775426e-05,0.0013012114213779569,0.00017166156612802297,0.001799228717572987,0.0006377550889737904,0.0018447053153067827,0.9932055473327637,0.00028834669501520693,0.0005997008411213756,0.00012732739560306072
clip_zero_shot,translation_8_up,test_07634,7634,0,airplane,0,airplane,0.9681224822998047,True,0.9681224822998047,0.01468926016241312,0.002525288611650467,0.0002097477699862793,0.0012043521273881197,0.0012443397426977754,0.00153915339615196,0.002471745014190674,0.007504744455218315,0.0004890679847449064
clip_zero_shot,translation_8_up,test_06434,6434,8,ship,8,ship,0.9987078905105591,True,2.3356427846010774e-05,6.059710722183809e-05,4.809377423953265e-05,1.3328998647921253e-05,3.784923683269881e-05,6.760959513485432e-05,0.00010595135972835124,7.017866300884634e-05,0.9987078905105591,0.0008651560638099909
clip_zero_shot,translation_8_up,test_05183,5183,2,car,2,car,0.9801819920539856,True,0.0016726786270737648,0.0008361075888387859,0.9801819920539856,0.00025917665334418416,0.00013104629761073738,0.00028305756859481335,0.0031131599098443985,0.00013601055252365768,0.0009129075333476067,0.012473903596401215
clip_zero_shot,translation_8_up,test_06986,6986,0,airplane,0,airplane,0.8871756792068481,True,0.8871756792068481,0.004103309009224176,0.0012131278635933995,0.0001257301919395104,0.0001961393136298284,0.0005910801701247692,0.0001135468264692463,0.0001424834772478789,0.10590226203203201,0.00043657654896378517
clip_zero_shot,translation_8_up,test_00645,645,5,dog,5,dog,0.8747320771217346,True,2.9450962756527588e-05,0.0003046622732654214,7.245312735904008e-05,0.0004313151875976473,0.0028951566200703382,0.8747320771217346,0.12008615583181381,0.0007206464069895446,0.00019406518549658358,0.0005339579656720161
clip_zero_shot,translation_8_up,test_03347,3347,0,airplane,0,airplane,0.9751010537147522,True,0.9751010537147522,0.0162897240370512,0.002597484737634659,0.0004935196484439075,0.00023188137856777757,0.0007646625745110214,0.0011132524814456701,0.002028506249189377,0.0011507179588079453,0.00022925989469513297
clip_zero_shot,translation_8_up,test_05677,5677,2,car,2,car,0.973924458026886,True,0.00021809138706885278,0.00022916108719073236,0.973924458026886,0.00017419295909348875,6.179379124660045e-05,0.0003493049880489707,8.300115587189794e-05,2.61043751379475e-05,0.001410636818036437,0.023523330688476562
clip_zero_shot,translation_8_up,test_03412,3412,8,ship,8,ship,0.9965008497238159,True,8.934670768212527e-05,0.00030912531656213105,0.00035174842923879623,2.934647818619851e-05,0.00010642207053024322,0.0001230361667694524,0.00023863263777457178,6.144979852251709e-05,0.9965008497238159,0.002190038561820984
clip_zero_shot,translation_8_up,test_03937,3937,1,bird,1,bird,0.9989643096923828,True,4.0103273931890726e-05,0.9989643096923828,7.216448284452781e-05,0.00015523930778726935,2.312251808689325e-06,7.948532584123313e-05,5.2043600589968264e-05,0.0004421150661073625,0.000116475741378963,7.568515866296366e-05
clip_zero_shot,translation_8_up,test_00873,873,6,horse,6,horse,0.9219022393226624,True,3.0246374080888927e-06,0.0004335987032391131,4.384402200230397e-05,0.00041089978185482323,0.0714406967163086,0.005083711817860603,0.9219022393226624,0.0006422893493436277,9.590631634637248e-06,3.0101473385002464e-05
clip_zero_shot,translation_8_up,test_02167,2167,9,truck,9,truck,0.9917914867401123,True,8.966174209490418e-05,0.0002549139317125082,0.002917207544669509,0.0001341758033959195,5.902826160308905e-05,0.00029909404111094773,0.00035733700497075915,0.0002434708148939535,0.0038536312058568,0.9917914867401123
clip_zero_shot,translation_8_up,test_06490,6490,3,cat,3,cat,0.7267417907714844,True,0.0004550916200969368,0.030814101919531822,0.0694819912314415,0.7267417907714844,0.0028791381046175957,0.026176543906331062,0.002615915844216943,0.12354626506567001,0.013434008695185184,0.003855101764202118
clip_zero_shot,translation_8_up,test_00738,738,3,cat,3,cat,0.9813438653945923,True,2.7725380277843215e-05,0.0019795324187725782,0.0011112368665635586,0.9813438653945923,0.0005031104083172977,0.009778917767107487,0.0010238736867904663,0.0025438794400542974,0.0016355807892978191,5.23036032973323e-05
clip_zero_shot,translation_8_up,test_06616,6616,2,car,2,car,0.9674281477928162,True,0.00033087440533563495,0.0017699261661618948,0.9674281477928162,0.0007218020618893206,0.00028790708165615797,0.0001776035933289677,0.0006181076169013977,0.0002613725373521447,0.0011534980731084943,0.027250882238149643
clip_zero_shot,translation_8_up,test_04093,4093,6,horse,6,horse,0.9973236322402954,True,2.6198793420917355e-05,0.0003247832355555147,0.0006723615224473178,0.00017122806457336992,0.00035803308128379285,0.0006265090778470039,0.9973236322402954,0.00011441743845352903,0.0003136501763947308,6.914308323757723e-05
clip_zero_shot,translation_8_up,test_05788,5788,9,truck,9,truck,0.8132420778274536,True,0.0017083600396290421,0.0028996013570576906,0.14747434854507446,0.00225641205906868,0.0006829768535681069,0.0029501942917704582,0.015384085476398468,0.0016803416656330228,0.011721690185368061,0.8132420778274536
clip_zero_shot,translation_8_up,test_07818,7818,8,ship,8,ship,0.986946702003479,True,0.00036135586560703814,0.00027339442749507725,0.00038209764170460403,0.0006613965379074216,0.00039929847116582096,0.00019693888316396624,0.00035398159525357187,0.0006594453589059412,0.986946702003479,0.009765290655195713
clip_zero_shot,translation_8_up,test_00304,304,1,bird,1,bird,0.959169328212738,True,0.00025480653857812285,0.959169328212738,0.0005717346211895347,0.003283435245975852,0.013689463958144188,0.001827416243031621,0.0049938419833779335,0.01555788516998291,0.0004998708609491587,0.00015213480219244957
clip_zero_shot,translation_8_up,test_02082,2082,2,car,2,car,0.9299828410148621,True,0.000281445769360289,0.0015036610420793295,0.9299828410148621,0.0008099816041067243,0.00010952796583296731,0.0021056944970041513,0.0009828240144997835,0.0009978937450796366,0.0009043049067258835,0.062321845442056656
clip_zero_shot,translation_8_up,test_02746,2746,7,monkey,7,monkey,0.9974867105484009,True,6.331503641376912e-07,0.0012587311211973429,2.4513559765182436e-05,0.0003216893528588116,1.0619155546010006e-05,0.0007552829338237643,0.00010584139090497047,0.9974867105484009,2.1061592633486725e-05,1.4907327567925677e-05
clip_zero_shot,translation_8_up,test_07944,7944,4,deer,4,deer,0.973907470703125,True,9.2396599939093e-05,0.0008747254614718258,0.0028952111024409533,0.005346112884581089,0.973907470703125,0.012495096772909164,0.0023015153128653765,6.89064254402183e-05,0.0011988985352218151,0.0008193824905902147
clip_zero_shot,translation_8_up,test_06689,6689,8,ship,8,ship,0.987008273601532,True,0.00031147897243499756,0.000617244397290051,0.0010604539420455694,0.000508549390360713,0.0002334240562049672,0.0006459616124629974,0.0003878851712215692,0.0002613213437143713,0.987008273601532,0.008965334855020046
clip_zero_shot,translation_8_up,test_02414,2414,9,truck,9,truck,0.986565887928009,True,0.00026515417266637087,0.0003185280947946012,0.00758304912596941,0.00020115768711548299,0.0017039477825164795,0.0003001480072271079,0.00036285092937760055,7.849476969568059e-05,0.0026207915507256985,0.986565887928009
clip_zero_shot,translation_8_up,test_03779,3779,6,horse,6,horse,0.9986861348152161,True,1.1265720786468592e-05,0.00010998230573022738,7.508428825531155e-05,0.00016433483688160777,0.000408924650400877,0.0003689784207381308,0.9986861348152161,7.143415859900415e-05,4.477975016925484e-05,5.899337702430785e-05
clip_zero_shot,translation_8_up,test_02095,2095,1,bird,1,bird,0.9709426760673523,True,0.0005479820538312197,0.9709426760673523,0.004088664893060923,0.007246540393680334,0.00035065095289610326,0.004119342193007469,0.0009173734579235315,0.008778640069067478,0.0007535896147601306,0.0022544250823557377
clip_zero_shot,translation_8_up,test_07262,7262,0,airplane,0,airplane,0.9437612891197205,True,0.9437612891197205,0.031394872814416885,0.005820508114993572,0.0016119311330839992,0.0001502157683717087,0.0014051711186766624,0.0013798547443002462,0.0048746392130851746,0.0081639988347888,0.001437473576515913
clip_zero_shot,translation_8_up,test_05694,5694,8,ship,8,ship,0.9962378740310669,True,0.0006271306774578989,0.000699408061336726,0.0010388721711933613,4.5134074753150344e-05,0.00010715463577071205,8.671508840052411e-05,0.0006498268921859562,0.0002547555777709931,0.9962378740310669,0.0002530798956286162
clip_zero_shot,translation_8_up,test_07413,7413,5,dog,5,dog,0.794697642326355,True,2.622562988108257e-06,0.003013798501342535,9.113250416703522e-05,0.144207164645195,0.0014356975443661213,0.794697642326355,0.00502748554572463,0.05115394666790962,0.00023769991821609437,0.00013285345630720258
clip_zero_shot,translation_8_up,test_06805,6805,1,bird,1,bird,0.9930456280708313,True,0.0035209693014621735,0.9930456280708313,0.00016845684149302542,6.959031452424824e-05,0.0001787364308256656,0.000564603426028043,0.001191889401525259,0.0003086404176428914,0.0005777512560598552,0.0003738447558134794
clip_zero_shot,translation_8_up,test_03446,3446,7,monkey,7,monkey,0.9999027252197266,True,6.682651587652799e-08,2.744469020399265e-05,2.8747897431458114e-06,2.0107938325963914e-05,7.474279755115276e-06,3.5987122828373685e-05,1.9995409274997655e-06,0.9999027252197266,4.1674070416775066e-07,9.48857064031472e-07
clip_zero_shot,translation_8_up,test_02807,2807,5,dog,3,cat,0.39292049407958984,False,0.0009131114347837865,0.06583717465400696,0.007009235210716724,0.39292049407958984,0.1449432671070099,0.31484970450401306,0.014643036760389805,0.05323587730526924,0.0030432201456278563,0.0026049609296023846
clip_zero_shot,translation_8_up,test_07940,7940,4,deer,4,deer,0.9936997890472412,True,5.044147201260785e-06,0.0005065845907665789,4.037117105326615e-05,0.00020255045092198998,0.9936997890472412,0.001705256407149136,0.0032178389374166727,0.0005338804912753403,5.2183924708515406e-05,3.647663106676191e-05
clip_zero_shot,translation_8_up,test_04172,4172,7,monkey,7,monkey,0.9978758096694946,True,4.7544210701744305e-07,0.0010378883453086019,2.951853457489051e-05,0.0003154664009343833,0.00011434026237111539,0.0005247857188805938,6.298229709500447e-05,0.9978758096694946,1.280463948205579e-05,2.5910869226208888e-05
clip_zero_shot,translation_8_up,test_07744,7744,3,cat,3,cat,0.9751725792884827,True,0.00014287771773524582,0.002359654288738966,0.0006238071364350617,0.9751725792884827,0.00024624416255392134,0.012779280543327332,0.0013354250695556402,0.005756360944360495,0.001451305579394102,0.000132549976115115
clip_zero_shot,translation_8_up,test_01586,1586,2,car,2,car,0.9845746159553528,True,2.5266028387704864e-05,0.0004470825078897178,0.9845746159553528,0.0003091178950853646,0.00013072982255835086,0.0008161012083292007,0.00048437685472890735,0.0035126078873872757,0.0005112673970870674,0.00918882992118597
clip_zero_shot,translation_8_up,test_07999,7999,8,ship,8,ship,0.9930486679077148,True,4.508528581936844e-05,0.0005820379010401666,0.000391028675949201,8.241019531851634e-05,0.00022146003902889788,0.0002981639700010419,0.0004297838022466749,0.00020637069246731699,0.9930486679077148,0.00469497824087739
clip_zero_shot,translation_8_up,test_06349,6349,1,bird,1,bird,0.9901503324508667,True,5.758259067079052e-05,0.9901503324508667,0.0004620199906639755,0.001601225114427507,0.0011452697217464447,0.0008366883848793805,0.0002598929568193853,0.004385279957205057,0.0005752509459853172,0.0005263808998279274
clip_zero_shot,translation_8_up,test_06594,6594,1,bird,1,bird,0.9945268034934998,True,0.003236163407564163,0.9945268034934998,0.00011425947741372511,8.115015225484967e-05,9.162742935586721e-05,0.0003316249349154532,0.00012781623809132725,8.912460543797351e-06,0.0013137252535670996,0.00016793982649687678
clip_zero_shot,translation_8_up,test_02109,2109,8,ship,8,ship,0.9992702603340149,True,6.99381489539519e-05,0.0001906508405227214,7.403388008242473e-05,1.8131298929802142e-05,1.0930959433608223e-05,3.434244354139082e-05,0.00019948546832893044,3.0218036044971086e-05,0.9992702603340149,0.00010191636101808399
clip_zero_shot,translation_8_up,test_03079,3079,1,bird,1,bird,0.9988743662834167,True,0.00015400796837639064,0.9988743662834167,0.0001932949380716309,0.0001272147346753627,6.311592187557835e-06,0.00019530505232978612,5.178158971830271e-05,6.301551184151322e-05,0.00014072527119424194,0.00019410219101700932
clip_zero_shot,translation_8_up,test_02070,2070,1,bird,1,bird,0.9955857992172241,True,5.198158760322258e-05,0.9955857992172241,0.00020837239571847022,0.0007522005471400917,0.0003523603663779795,0.0017523111309856176,7.000078039709479e-05,0.0009039430879056454,0.00017921791004482657,0.00014369476411957294
clip_zero_shot,translation_8_up,test_00319,319,5,dog,5,dog,0.9867167472839355,True,2.8490432669059373e-05,0.0012371035991236567,0.00012215528113301843,0.0024931004736572504,0.001243396196514368,0.9867167472839355,0.002562421839684248,0.005178890656679869,0.0002627658541314304,0.00015484374307561666
clip_zero_shot,translation_8_up,test_02888,2888,0,airplane,0,airplane,0.9728307723999023,True,0.9728307723999023,0.012886302545666695,0.005112391896545887,9.107054938795045e-05,0.00015607051318511367,0.00015170936239883304,0.0013060795608907938,0.00018723352695815265,0.005214139353483915,0.002064285334199667
clip_zero_shot,translation_8_up,test_06224,6224,5,dog,5,dog,0.9845190048217773,True,2.2711267320119077e-06,0.0001262241421500221,4.507696576183662e-05,0.0012046993942931294,0.0009645787649787962,0.9845190048217773,0.012513119727373123,0.00039006865699775517,2.973796108562965e-05,0.00020524380670394748
clip_zero_shot,translation_8_up,test_03353,3353,5,dog,5,dog,0.5802666544914246,True,0.00013069527631159872,0.023793835192918777,0.0014681165339425206,0.07660173624753952,0.008108207955956459,0.5802666544914246,0.02203531004488468,0.28474029898643494,0.0011860202066600323,0.0016690574120730162
clip_zero_shot,translation_8_up,test_06244,6244,2,car,2,car,0.9502124786376953,True,0.00022694846848025918,0.0018542623147368431,0.9502124786376953,0.0005168395582586527,0.0010702518047764897,0.002351054921746254,0.00029204750899225473,0.004497059155255556,0.0037691625766456127,0.03520995378494263
clip_zero_shot,translation_8_up,test_04704,4704,7,monkey,7,monkey,0.9986488223075867,True,5.673783107340569e-06,0.0003050975501537323,1.6723763110348955e-05,0.00015121960313990712,0.00016838389274198562,0.0005419142544269562,0.0001397819141857326,0.9986488223075867,5.09652090840973e-06,1.7241867681150325e-05
clip_zero_shot,translation_8_up,test_02427,2427,5,dog,5,dog,0.987933337688446,True,3.2671903227310395e-06,0.0004183948622085154,5.491214324138127e-05,0.0006161376950331032,0.000736308575142175,0.987933337688446,0.008536039851605892,0.0014313340652734041,2.50524371949723e-05,0.00024514718097634614
clip_zero_shot,translation_8_up,test_07995,7995,9,truck,9,truck,0.9021694660186768,True,7.667762110941112e-05,7.904376252554357e-05,0.09660085290670395,9.334510104963556e-05,0.00010304178431397304,0.0003183787048328668,0.00030142226023599505,9.383237738802563e-06,0.0002484260476194322,0.9021694660186768
clip_zero_shot,translation_8_up,test_01124,1124,4,deer,4,deer,0.9987850785255432,True,2.226078549938393e-06,0.00021944924083072692,1.8650747733772732e-05,4.663743311539292e-05,0.9987850785255432,0.000544670270755887,0.0003246028209105134,4.588103183778003e-05,5.060512194177136e-06,7.797258149366826e-06
clip_zero_shot,translation_8_up,test_06733,6733,1,bird,1,bird,0.9602184891700745,True,2.9127244488336146e-05,0.9602184891700745,0.0005433992482721806,0.005828214343637228,0.00026442634407430887,0.017081134021282196,0.013959256000816822,0.0005734231672249734,0.0002895813959185034,0.0012129832757636905
clip_zero_shot,translation_8_up,test_02062,2062,9,truck,9,truck,0.9914048910140991,True,6.318902887869626e-05,0.0002207837242167443,0.005632280837744474,0.00019756340770982206,0.0002580642467364669,0.00025823069154284894,0.0008951869094744325,4.333002652856521e-05,0.0010264406446367502,0.9914048910140991
clip_zero_shot,translation_8_up,test_00805,805,9,truck,9,truck,0.9726316928863525,True,0.0007767925271764398,0.0006007329211570323,0.016828389838337898,0.00019070263078901917,0.00020568746549542993,0.0006577618769370019,0.003583640558645129,0.001819182769395411,0.0027054401580244303,0.9726316928863525
clip_zero_shot,translation_8_up,test_02028,2028,3,cat,3,cat,0.8400028944015503,True,1.8845939848688431e-06,0.0012325565330684185,0.0010329792276024818,0.8400028944015503,0.025131171569228172,0.09945639222860336,0.0005860041710548103,0.0322912260890007,9.570361726218835e-05,0.0001692395017016679
clip_zero_shot,translation_8_up,test_02392,2392,2,car,2,car,0.9400778412818909,True,0.0009144491050392389,0.0007060413481667638,0.9400778412818909,0.0009556019795127213,0.001343949232250452,0.0013114376924932003,0.004858031403273344,0.0015102446777746081,0.0034442031756043434,0.04487825185060501
clip_zero_shot,translation_8_up,test_03292,3292,6,horse,6,horse,0.9935678839683533,True,4.03530357289128e-05,0.0006932018441148102,0.00021701845980715007,0.00026701466413214803,0.0025986507534980774,0.0010913836304098368,0.9935678839683533,0.0007703208830207586,0.0006463064928539097,0.00010772432869998738
clip_zero_shot,translation_8_up,test_01440,1440,7,monkey,7,monkey,0.9996480941772461,True,9.103708009661204e-08,3.586908133001998e-05,1.8537243704486173e-06,5.5074444389902055e-05,5.324959147401387e-06,0.00022445838840212673,2.6355091904406436e-05,0.9996480941772461,1.0049385537058697e-06,1.8886532870965311e-06
clip_zero_shot,translation_8_up,test_01115,1115,1,bird,1,bird,0.9878974556922913,True,6.8718145485036075e-06,0.9878974556922913,0.00011637588613666594,0.0005023812409490347,8.248037920566276e-05,0.0009024401078931987,0.00014005973935127258,0.010139505378901958,6.670310540357605e-05,0.00014587621262762696
clip_zero_shot,translation_8_up,test_04242,4242,8,ship,8,ship,0.990741491317749,True,0.0001799892634153366,0.0006450754590332508,0.0001906035904539749,0.000495617336127907,0.0006825152086094022,0.00012872258957941085,0.0004927660338580608,0.0005266218213364482,0.990741491317749,0.005916658788919449
clip_zero_shot,translation_8_up,test_02230,2230,8,ship,8,ship,0.996397078037262,True,9.694598702481017e-05,0.00010199129610555246,0.0003105136565864086,5.865889397682622e-05,6.135978037491441e-05,5.3023668442619964e-05,6.513128755614161e-05,0.0002086102031171322,0.996397078037262,0.0026467160787433386
clip_zero_shot,translation_8_up,test_03163,3163,2,car,2,car,0.9913455247879028,True,5.780591891380027e-05,0.0004310012445785105,0.9913455247879028,4.373176125227474e-05,5.013321424485184e-05,0.0016604484990239143,0.00026442381204105914,0.00022546041873283684,0.0011285821674391627,0.004792905878275633
clip_zero_shot,translation_8_up,test_00545,545,6,horse,6,horse,0.9645938873291016,True,1.8527847714722157e-05,0.00044838638859800994,0.009527242742478848,0.00019322449225001037,0.0002493595238775015,0.003602811833843589,0.9645938873291016,0.006807657890021801,0.00024580516037531197,0.014313056133687496
clip_zero_shot,translation_8_up,test_03863,3863,5,dog,5,dog,0.9690493941307068,True,0.00012862106086686254,0.0012548307422548532,0.00020368758123368025,0.0010031764395534992,0.0015146862715482712,0.9690493941307068,0.023102212697267532,0.0027244261000305414,0.000273149082204327,0.0007458202890120447
clip_zero_shot,translation_8_up,test_04748,4748,7,monkey,7,monkey,0.9991607666015625,True,3.046108361104416e-07,0.0003980252658948302,6.534841304528527e-06,0.00024184637004509568,3.6605435980163747e-06,0.00016211452020797879,1.898146183521021e-05,0.9991607666015625,3.184055913152406e-06,4.580556833388982e-06
clip_zero_shot,translation_8_up,test_02399,2399,4,deer,4,deer,0.9595871567726135,True,0.00010860135807888582,0.000986575847491622,0.0005138869164511561,0.00028458560700528324,0.9595871567726135,0.004810693673789501,0.03298013284802437,0.00012469578359741718,0.00031275174114853144,0.00029091068427078426
clip_zero_shot,translation_8_up,test_04341,4341,6,horse,6,horse,0.9979827404022217,True,1.0802250471897423e-05,8.823458483675495e-05,0.00013680905976798385,9.424770541954786e-05,9.759136446518824e-05,0.0007058224291540682,0.9979827404022217,2.4252920411527157e-05,0.00013050851703155786,0.0007289433269761503
clip_zero_shot,translation_8_up,test_03078,3078,4,deer,4,deer,0.9979273080825806,True,9.790059266379103e-06,0.0008939822437241673,4.104423351236619e-05,8.848060679156333e-05,0.9979273080825806,0.0005287443636916578,0.0004247721517458558,3.1759078410686925e-05,8.376117875741329e-06,4.564262053463608e-05
clip_zero_shot,translation_8_up,test_03763,3763,4,deer,4,deer,0.9710202217102051,True,3.945450589526445e-05,0.000918334349989891,0.00026087299920618534,4.978924698662013e-05,0.9710202217102051,0.003972116392105818,0.023172521963715553,8.949756738729775e-05,0.00011428370635258034,0.0003628335252869874
clip_zero_shot,translation_8_up,test_02958,2958,6,horse,6,horse,0.9984571933746338,True,7.144280971260741e-06,0.0001260522403754294,8.090256596915424e-05,0.00013818276056554168,0.0003465490008238703,0.0005576896946877241,0.9984571933746338,3.0685780075145885e-05,6.306517025223002e-05,0.0001924080861499533
clip_zero_shot,translation_8_up,test_06381,6381,6,horse,6,horse,0.9959856867790222,True,2.9298598747118376e-05,7.823442138032988e-05,0.002579816384240985,4.0031849493971094e-05,4.298084968468174e-05,0.0003688288270495832,0.9959856867790222,3.1271763873519376e-05,0.00016509430133737624,0.0006787774036638439
clip_zero_shot,translation_8_up,test_01640,1640,8,ship,8,ship,0.999072790145874,True,3.2437430490972474e-05,5.357492409530096e-05,6.772376218577847e-05,1.6577407222939655e-05,1.5479126886930317e-05,2.8279857360757887e-05,0.0002259670727653429,6.358225073199719e-05,0.999072790145874,0.0004235735395923257
clip_zero_shot,translation_8_up,test_01783,1783,8,ship,8,ship,0.9969791173934937,True,5.095140295452438e-05,0.0004414292052388191,0.0001096649793908,0.00020612601656466722,0.00029240589356049895,0.00015610932314302772,0.0003898066934198141,0.0004635350778698921,0.9969791173934937,0.0009108646772801876
clip_zero_shot,translation_8_up,test_03914,3914,3,cat,3,cat,0.9850504398345947,True,4.642512067221105e-05,0.0016472757561132312,0.0016536284238100052,0.9850504398345947,0.003134984290227294,0.00366223300807178,0.0014551305212080479,0.002313387580215931,0.0005694830906577408,0.00046683227992616594
clip_zero_shot,translation_8_up,test_01534,1534,6,horse,6,horse,0.9560815691947937,True,0.00039039552211761475,0.0004706823674496263,0.018013156950473785,0.0007969492580741644,0.0005772709846496582,0.005871946457773447,0.9560815691947937,0.004383413586765528,0.0028648655861616135,0.0105497557669878
clip_zero_shot,translation_8_up,test_00685,685,5,dog,5,dog,0.9847376942634583,True,2.6021280064014718e-05,0.0003740946121979505,6.468348146881908e-05,0.0022353522945195436,0.001185740577057004,0.9847376942634583,0.004321354907006025,0.006588990334421396,0.00019345978216733783,0.0002727211103774607
clip_zero_shot,translation_8_up,test_04617,4617,0,airplane,0,airplane,0.9275404214859009,True,0.9275404214859009,0.04242774099111557,0.00609338004142046,0.0010075160535052419,0.0003128840180579573,0.003478670958429575,0.001726842951029539,0.011709754355251789,0.005318269599229097,0.00038451270665973425
clip_zero_shot,translation_8_up,test_05508,5508,9,truck,9,truck,0.9808831810951233,True,8.817989146336913e-05,0.0001705886097624898,0.01462502870708704,0.00017478629888501018,5.981556751066819e-05,0.00021877080143895,0.00020646577468141913,5.42425004823599e-05,0.0035189760383218527,0.9808831810951233
clip_zero_shot,translation_8_up,test_01022,1022,9,truck,9,truck,0.9650183320045471,True,0.002033773111179471,0.0002640252932906151,0.02395526133477688,0.0007321408484131098,0.0005074110813438892,0.0009203461813740432,0.000414730457123369,0.0004268210905138403,0.005727121606469154,0.9650183320045471
clip_zero_shot,translation_8_up,test_01230,1230,1,bird,1,bird,0.9643994569778442,True,0.0003135453735012561,0.9643994569778442,0.00019194888591300696,0.0003595466841943562,4.8200818127952516e-05,0.0002789049467537552,0.00017785582167562097,0.0334320068359375,0.0005646643112413585,0.00023386823886539787
clip_zero_shot,translation_8_up,test_07475,7475,4,deer,4,deer,0.9956358075141907,True,2.2079653717810288e-05,0.0005935901426710188,0.00018010691564995795,2.816650339809712e-05,0.9956358075141907,0.001113455044105649,0.0021962702739983797,2.8386115445755422e-05,3.201602885383181e-05,0.0001702257723081857
clip_zero_shot,translation_8_up,test_05756,5756,2,car,2,car,0.9639955163002014,True,0.00021132743859197944,0.00033377614454366267,0.9639955163002014,0.00026096400688402355,0.00032601840212009847,0.0012092116521671414,0.0017728027887642384,0.0004330442170612514,0.0019482614006847143,0.02950912155210972
clip_zero_shot,translation_8_up,test_03122,3122,4,deer,4,deer,0.9446742534637451,True,7.190869655460119e-05,0.0014849266735836864,0.0009635933092795312,0.0015211673453450203,0.9446742534637451,0.003922197502106428,0.03953881561756134,0.007171619683504105,0.0004382098268251866,0.00021323691180441529
clip_zero_shot,translation_8_up,test_07202,7202,1,bird,1,bird,0.9987175464630127,True,9.688596037449315e-06,0.9987175464630127,6.07014553679619e-05,0.0003302372933831066,1.039438575389795e-05,0.0006761299446225166,1.9203940610168502e-05,7.103693496901542e-05,1.6373200196539983e-05,8.865799463819712e-05
clip_zero_shot,translation_8_up,test_04723,4723,9,truck,9,truck,0.8397225141525269,True,0.0026767391245812178,0.004017655737698078,0.08586719632148743,0.020432157441973686,0.001533180708065629,0.003484586486592889,0.010558456182479858,0.002443514997139573,0.029263921082019806,0.8397225141525269
clip_zero_shot,translation_8_up,test_01552,1552,5,dog,5,dog,0.8227023482322693,True,3.204123640898615e-05,0.0015318278456106782,8.68131683091633e-05,0.0012649933341890574,0.08819218724966049,0.8227023482322693,0.04544821381568909,0.04055716469883919,4.992587855667807e-05,0.0001344904158031568
clip_zero_shot,translation_8_up,test_00603,603,9,truck,9,truck,0.9205275177955627,True,0.002630219329148531,0.0007211524061858654,0.03378565236926079,0.0007592070614919066,0.00035040805232711136,0.002258219523355365,0.006754179485142231,2.157376002287492e-05,0.032191917300224304,0.9205275177955627
clip_zero_shot,translation_8_up,test_02861,2861,3,cat,3,cat,0.9874442219734192,True,2.6612407964421436e-05,0.0009368894388899207,0.00042441446566954255,0.9874442219734192,8.391717710765079e-05,0.006182692013680935,0.0010043346555903554,0.00311803980730474,0.00047564448323100805,0.00030314066680148244
clip_zero_shot,translation_8_up,test_06426,6426,2,car,2,car,0.9892635941505432,True,0.0002846046700142324,0.0018985600909218192,0.9892635941505432,0.0012020760914310813,7.070095307426527e-05,0.0025567514821887016,0.001890741754323244,7.224117871373892e-05,0.0017612107330933213,0.000999567680992186
clip_zero_shot,translation_8_up,test_07864,7864,4,deer,4,deer,0.9847177863121033,True,7.895393355283886e-05,0.002054091077297926,0.0002103667939081788,0.00010415381257189438,0.9847177863121033,0.002408071653917432,0.009745354764163494,0.00033804328995756805,0.00015780405374243855,0.00018530241504777223
clip_zero_shot,translation_8_up,test_05729,5729,6,horse,6,horse,0.998009979724884,True,6.04377282797941e-06,8.059070387389511e-05,5.245037755230442e-05,0.00012875042739324272,0.00038142799166962504,0.0011558015830814838,0.998009979724884,5.449629315990023e-05,1.992105899262242e-05,0.00011060750694014132
clip_zero_shot,translation_8_up,test_07474,7474,5,dog,5,dog,0.9888899326324463,True,4.1063052776735276e-05,0.0008306589443236589,8.992530638352036e-05,0.0003940059104934335,0.0008377776830457151,0.9888899326324463,0.008184444159269333,0.0003009038628078997,0.00022413540864363313,0.0002071625058306381
clip_zero_shot,translation_8_up,test_04298,4298,1,bird,1,bird,0.9995449185371399,True,3.514517402436468e-06,0.9995449185371399,2.930928712885361e-05,6.696944183204323e-05,4.4434782466851175e-06,0.00013139896327629685,1.2103579138056375e-05,0.00015675456961616874,4.119404547964223e-05,9.288547516916879e-06
clip_zero_shot,translation_8_up,test_01175,1175,0,airplane,0,airplane,0.9705489873886108,True,0.9705489873886108,0.018662646412849426,0.0016761563019827008,7.472177821910009e-05,0.0002339309430681169,0.0009404088486917317,0.0010282434523105621,0.0007336984272114933,0.0022027615923434496,0.0038986150175333023
clip_zero_shot,translation_8_up,test_03454,3454,2,car,2,car,0.9493948817253113,True,0.0031235816422849894,0.0005390652804635465,0.9493948817253113,0.000518294342327863,0.0010521161602810025,0.0006907267379574478,0.00027518373099155724,0.0003423998423386365,0.013492012396454811,0.030571846291422844
clip_zero_shot,translation_8_up,test_02754,2754,3,cat,3,cat,0.990151584148407,True,3.626778197940439e-05,0.00030389527091756463,0.0003969442914240062,0.990151584148407,0.0025961000937968493,0.0037349918857216835,0.001238723169080913,0.0011760499328374863,0.0001394907885696739,0.00022581298253498971
clip_zero_shot,translation_8_up,test_00855,855,4,deer,4,deer,0.8709756731987,True,5.7525685406289995e-06,0.001199984923005104,0.0003124966751784086,0.00022998724307399243,0.8709756731987,0.007648492697626352,0.11615057289600372,0.0029792734421789646,3.4669537853915244e-05,0.0004630317853298038
clip_zero_shot,translation_8_up,test_02854,2854,7,monkey,7,monkey,0.9207348227500916,True,3.050923169212183e-06,0.010145029053092003,5.388955105445348e-05,0.025121739134192467,0.011322196573019028,0.026548778638243675,0.006003684364259243,0.9207348227500916,2.91317355731735e-05,3.770695911953226e-05
clip_zero_shot,translation_8_up,test_05092,5092,1,bird,1,bird,0.9992566704750061,True,1.9395465642446652e-05,0.9992566704750061,7.24986894056201e-05,0.0001970504381461069,3.2688051305740373e-06,0.00015540592721663415,4.0770519262878224e-05,0.00012567764497362077,5.8538800658425316e-05,7.079629722284153e-05
clip_zero_shot,translation_8_up,test_05590,5590,9,truck,9,truck,0.9873939752578735,True,0.000535106286406517,0.0005627044010907412,0.00626405281946063,0.0002178844588343054,0.0004993936163373291,0.00047389979590661824,0.0010642244014889002,5.9877042076550424e-05,0.0029288327787071466,0.9873939752578735
clip_zero_shot,translation_8_up,test_04463,4463,3,cat,3,cat,0.9827982783317566,True,0.00017474750347901136,0.0027329528238624334,0.0010708809131756425,0.9827982783317566,0.0004261295252945274,0.0031921975314617157,0.0009478037245571613,0.0073586637154221535,0.0008662900654599071,0.0004321232554502785
clip_zero_shot,translation_8_up,test_05318,5318,2,car,2,car,0.9056881666183472,True,0.00045337897608987987,0.0016589292790740728,0.9056881666183472,0.000796948850620538,0.013521985150873661,0.007337137125432491,0.0022802732419222593,0.012831351719796658,0.0020219022408127785,0.05341004952788353
clip_zero_shot,translation_8_up,test_03515,3515,6,horse,6,horse,0.9991602897644043,True,5.35862318429281e-06,5.630914893117733e-05,4.2812174797290936e-05,7.781541353324428e-05,0.00018110442033503205,0.0003946384531445801,0.9991602897644043,3.144614674965851e-05,2.5399165679118596e-05,2.4924915123847313e-05
clip_zero_shot,translation_8_up,test_04642,4642,4,deer,4,deer,0.9970439076423645,True,7.267731803040078e-07,0.000828504387754947,1.9903598513337784e-05,0.00014336277672555298,0.9970439076423645,0.0008270518155768514,0.0010091589065268636,0.00010174206545343623,1.2520330528786872e-05,1.3240004591352772e-05
clip_zero_shot,translation_8_up,test_00852,852,9,truck,9,truck,0.9967225193977356,True,2.49885706580244e-05,7.228241884149611e-05,0.002139721065759659,0.00011459782399469987,8.374870230909437e-05,0.00019377567514311522,0.0002019488310907036,4.928320777253248e-05,0.0003971372789237648,0.9967225193977356
clip_zero_shot,translation_8_up,test_01247,1247,8,ship,8,ship,0.9888900518417358,True,0.0001587640290381387,5.8796111261472106e-05,0.000419730058638379,0.0001038324335240759,0.0001970915764104575,7.916484901215881e-05,0.00024641735944896936,0.00019902762142010033,0.9888900518417358,0.009647146798670292
clip_zero_shot,translation_8_up,test_07084,7084,2,car,2,car,0.9008588194847107,True,0.0005398959619924426,0.0050938925705850124,0.9008588194847107,0.0006962309707887471,0.0026566553860902786,0.001831059344112873,0.0009215718600898981,0.0014850249281153083,0.001445205882191658,0.08447186648845673
clip_zero_shot,translation_8_up,test_05301,5301,9,truck,9,truck,0.9900029897689819,True,0.0002943518338724971,7.98028995632194e-05,0.008785799145698547,3.077251312788576e-05,3.5814311559079215e-05,8.786242688074708e-05,8.911032637115568e-05,1.4166774235491175e-05,0.0005793149466626346,0.9900029897689819
clip_zero_shot,translation_8_up,test_05082,5082,6,horse,6,horse,0.9982138872146606,True,5.331984539225232e-06,0.00022530561545863748,3.294818816357292e-05,0.0002307792892679572,0.0003825158055406064,0.0006735434290021658,0.9982138872146606,0.0001538336364319548,1.5041883671074174e-05,6.68996581225656e-05
clip_zero_shot,translation_8_up,test_05077,5077,4,deer,4,deer,0.967863917350769,True,5.8193989389110357e-05,0.0006302327383309603,0.0002541939902585,4.381282633403316e-05,0.967863917350769,0.0016777124255895615,0.02867855317890644,0.00025632939650677145,0.00011538607941474766,0.0004215755907353014
clip_zero_shot,translation_8_up,test_01563,1563,3,cat,3,cat,0.7324668765068054,True,4.776633886649506e-06,0.006528147030621767,0.00022172078024595976,0.7324668765068054,0.0004459404735825956,0.061202552169561386,0.0028451394755393267,0.1958772987127304,0.00015741681272629648,0.00025004547205753624
clip_zero_shot,translation_8_up,test_00029,29,7,monkey,7,monkey,0.9995930790901184,True,1.036164917422866e-06,0.00010962770465994254,1.3631962247018237e-05,4.580198947223835e-05,2.4962122552096844e-05,0.00017602427396923304,2.2051697669667192e-05,0.9995930790901184,1.0854441825358663e-06,1.2726153727271594e-05
clip_zero_shot,translation_8_up,test_03867,3867,7,monkey,7,monkey,0.9992207288742065,True,7.17220245860517e-07,9.165446681436151e-05,9.66290826909244e-06,6.875871622469276e-05,1.764513217494823e-05,0.00047147946315817535,6.699729419779032e-05,0.9992207288742065,7.043155164865311e-06,4.523710231296718e-05
clip_zero_shot,translation_8_up,test_04620,4620,6,horse,6,horse,0.9974119067192078,True,1.1638588148343842e-05,0.00041272080852650106,4.129536682739854e-05,0.00010076648322865367,0.0003002850862685591,0.0004502751980908215,0.9974119067192078,0.0011765778763219714,7.432521670125425e-05,2.0389652490848675e-05
clip_zero_shot,translation_8_up,test_04065,4065,2,car,2,car,0.952987551689148,True,8.133178198477253e-05,6.692493479931727e-05,0.952987551689148,4.6253240725491196e-05,7.796623685862869e-05,0.00013882160419598222,0.00012907058408018202,6.996063166297972e-05,0.00019981198420282453,0.04620234668254852
clip_zero_shot,translation_8_up,test_01095,1095,5,dog,5,dog,0.9721375703811646,True,0.00011446453572716564,0.000294604804366827,0.0012677013874053955,0.001321851508691907,0.0006467539351433516,0.9721375703811646,0.019640959799289703,0.0009260436054319143,0.0026044805999845266,0.0010456587187945843
clip_zero_shot,translation_8_up,test_04229,4229,3,cat,3,cat,0.9796055555343628,True,3.876848495565355e-05,0.0006888853386044502,0.000984325772151351,0.9796055555343628,0.006965050008147955,0.0028650881722569466,0.0011678483569994569,0.006343141198158264,0.001204653293825686,0.00013675859372597188
clip_zero_shot,translation_8_up,test_03562,3562,3,cat,4,deer,0.6215838193893433,False,4.485384124564007e-06,0.0018269371939823031,0.0004103689279872924,0.18236804008483887,0.6215838193893433,0.16318143904209137,0.023674417287111282,0.006587742827832699,0.00022669728787150234,0.00013614341150969267
clip_zero_shot,translation_8_up,test_02342,2342,8,ship,8,ship,0.9981549382209778,True,8.784524834481999e-05,0.0003659548528958112,9.036430128617212e-05,5.527210669242777e-05,8.879839151632041e-05,8.215061825467274e-05,0.0002393677132204175,0.00013380500604398549,0.9981549382209778,0.0007014693692326546
clip_zero_shot,translation_8_up,test_01667,1667,6,horse,6,horse,0.977044939994812,True,0.00010349295916967094,0.00016928670811466873,0.004548150580376387,0.0004790379316546023,0.0003166011592838913,0.002705200342461467,0.977044939994812,0.0003386995231267065,0.00043064451892860234,0.013863993808627129
clip_zero_shot,translation_8_up,test_07033,7033,1,bird,1,bird,0.9904311299324036,True,1.1977902431681287e-05,0.9904311299324036,0.0002122579317074269,0.002182144671678543,0.003324188757687807,0.0015117840375751257,0.00018899723363574594,0.0018864835146814585,0.00014001698582433164,0.00011092871864093468
clip_zero_shot,translation_8_up,test_01771,1771,7,monkey,7,monkey,0.9866631627082825,True,2.454241212035413e-06,0.00013208728341851383,2.7497275368659757e-05,0.001272051245905459,0.001569327199831605,0.008670487441122532,0.001580812269821763,0.9866631627082825,1.3765240510110743e-05,6.83076650602743e-05
clip_zero_shot,translation_8_up,test_03157,3157,8,ship,8,ship,0.9946205615997314,True,0.00011159273708472028,0.0006721410900354385,0.00043707535951398313,0.00017605864559300244,0.0001533731701783836,0.00017819889762904495,0.0004313279059715569,0.00021305699192453176,0.9946205615997314,0.003006633138284087
clip_zero_shot,translation_8_up,test_03851,3851,3,cat,3,cat,0.9851160645484924,True,1.2146792869316414e-05,0.0018719309009611607,0.00019881980551872402,0.9851160645484924,0.0003242224338464439,0.009717809036374092,0.0019442923367023468,0.0006268795114010572,0.00010772474342957139,8.007194264791906e-05
clip_zero_shot,translation_8_up,test_01287,1287,7,monkey,7,monkey,0.87177574634552,True,4.274447292118566e-06,0.0025215046480298042,0.00011140847345814109,0.0829632356762886,0.0055414228700101376,0.036370888352394104,0.0005189107614569366,0.87177574634552,8.378333586733788e-05,0.00010886610834859312
clip_zero_shot,translation_8_up,test_07320,7320,0,airplane,0,airplane,0.9562298059463501,True,0.9562298059463501,0.012471004389226437,0.011291267350316048,0.0005373324383981526,0.0009700222872197628,0.0014402489177882671,0.0032421553041785955,0.002147143939509988,0.008826869539916515,0.002844107337296009
clip_zero_shot,translation_8_up,test_07600,7600,6,horse,6,horse,0.9886976480484009,True,0.0002962902362924069,0.002310546115040779,0.0011719466419890523,0.0009102998883463442,0.0019158900249749422,0.0013742797309532762,0.9886976480484009,0.001535742194391787,0.0012443249579519033,0.0005430643213912845
clip_zero_shot,translation_8_up,test_03852,3852,5,dog,5,dog,0.9663643836975098,True,0.0005303763318806887,0.0019069553818553686,0.0012818159302696586,0.006203533615916967,0.012399077415466309,0.9663643836975098,0.0016079627675935626,0.00887399073690176,0.00024095865956041962,0.0005909929168410599
clip_zero_shot,translation_8_up,test_00269,269,7,monkey,7,monkey,0.9997145533561707,True,3.5947729770668957e-07,1.7560156265972182e-05,6.70129793434171e-06,2.2028352759662084e-05,3.895420832122909e-06,0.0002104773448081687,1.543842881801538e-05,0.9997145533561707,3.003563961101463e-06,5.995409992465284e-06
clip_zero_shot,translation_8_up,test_01703,1703,7,monkey,5,dog,0.7398130297660828,False,7.715835090493783e-05,0.004320046864449978,0.0026004945393651724,0.09349165856838226,0.04355484992265701,0.7398130297660828,0.0021145984064787626,0.11099868267774582,0.0015160973416641355,0.0015133469132706523
clip_zero_shot,translation_8_up,test_07776,7776,5,dog,5,dog,0.9793255925178528,True,0.00011592416558414698,0.00042148251668550074,0.00026104686548933387,0.0005690174293704331,0.002514240564778447,0.9793255925178528,0.013425949960947037,0.002680824603885412,0.0002149821084458381,0.00047089147847145796
clip_zero_shot,translation_8_up,test_03891,3891,4,deer,4,deer,0.9987564086914062,True,4.0638991549712955e-07,0.0003242717357352376,9.448277523915749e-06,0.00012999307364225388,0.9987564086914062,0.00047311294474639,0.0002339235070394352,6.588834366993979e-05,3.2685522910469444e-06,3.349831331433961e-06
clip_zero_shot,translation_8_up,test_07009,7009,0,airplane,0,airplane,0.9666644930839539,True,0.9666644930839539,0.0016531796427443624,0.00816276017576456,9.700665395939723e-05,0.0003561170306056738,0.0004358288424555212,0.0012541251489892602,0.0001273900707019493,0.012869089841842651,0.008379988372325897
clip_zero_shot,translation_8_up,test_04893,4893,0,airplane,0,airplane,0.9485586881637573,True,0.9485586881637573,0.038242191076278687,0.0028611430898308754,0.00011512530181789771,0.0007781781605444849,0.0007880497141741216,0.0032404123339802027,0.0024372225161641836,0.002708462765440345,0.00027044396847486496
clip_zero_shot,translation_8_up,test_02351,2351,9,truck,9,truck,0.9980180263519287,True,1.1246552276134025e-05,0.00011723244824679568,0.001118459040299058,5.109339690534398e-05,3.425867544137873e-05,0.00012214590969961137,0.0002678272139746696,4.119730510865338e-05,0.0002184795739594847,0.9980180263519287
clip_zero_shot,translation_8_up,test_03550,3550,1,bird,1,bird,0.9967869520187378,True,0.00014139122504275292,0.9967869520187378,0.00014838716015219688,0.00013976023183204234,0.0004001969937235117,0.0003468109935056418,0.0012165859807282686,0.00048561100265942514,0.00016419509483966976,0.00016998399223666638
clip_zero_shot,translation_8_up,test_05719,5719,7,monkey,7,monkey,0.9921156764030457,True,2.337445721423137e-06,0.0034710580948740244,3.846396430162713e-05,0.0009739442612044513,1.9229406461818144e-05,0.0025732452049851418,0.0007169630844146013,0.9921156764030457,1.8852872017305344e-05,7.023770012892783e-05
clip_zero_shot,translation_8_up,test_01884,1884,7,monkey,7,monkey,0.7302725911140442,True,0.0007499873172491789,0.24661995470523834,0.001435833633877337,0.007642010226845741,0.0010926079703494906,0.0050731319934129715,0.003371901111677289,0.7302725911140442,0.000982091878540814,0.0027599032036960125
clip_zero_shot,translation_8_up,test_02898,2898,4,deer,4,deer,0.9957067370414734,True,1.5349723980762064e-05,0.00044309222721494734,9.991271508624777e-05,2.7154985218658112e-05,0.9957067370414734,0.0013580219820141792,0.002184069249778986,1.9140095901093446e-05,2.7314305043546483e-05,0.00011925688886549324
clip_zero_shot,translation_8_up,test_04640,4640,1,bird,1,bird,0.9333747029304504,True,3.608245970099233e-05,0.9333747029304504,2.3766040612827055e-05,0.00038696156116202474,0.0005805691471323371,0.0002988416817970574,9.66438528848812e-05,0.06510026752948761,6.287775613600388e-05,3.919538721675053e-05
clip_zero_shot,translation_8_up,test_07610,7610,4,deer,4,deer,0.9710147380828857,True,1.1004973202943802e-05,0.0021129900123924017,0.0006145762745290995,0.0003039618313778192,0.9710147380828857,0.0024842272978276014,0.022299636155366898,0.0003974774735979736,0.0005185280460864305,0.000242841531871818
clip_zero_shot,translation_8_up,test_01833,1833,8,ship,8,ship,0.9865120649337769,True,0.0001472474541515112,0.0004278597189113498,0.0006099710590206087,0.0005648588994517922,0.0003455330734141171,0.00015361419355031103,0.0005529929185286164,0.001134644029662013,0.9865120649337769,0.009551222436130047
clip_zero_shot,translation_8_up,test_06455,6455,0,airplane,0,airplane,0.8764744997024536,True,0.8764744997024536,0.008147940039634705,0.0049139088951051235,0.0002636553253978491,0.0029017040506005287,0.0006817496614530683,0.0009945238707587123,0.0012560455361381173,0.10117540508508682,0.0031905779615044594
clip_zero_shot,translation_8_up,test_03893,3893,9,truck,9,truck,0.7279850244522095,True,0.0016906418604776263,0.003123857080936432,0.23988136649131775,0.0008882012334652245,0.0017119284020736814,0.0018828304018825293,0.005078002344816923,0.0009734424529597163,0.016784686595201492,0.7279850244522095
clip_zero_shot,translation_8_up,test_04731,4731,6,horse,6,horse,0.9988773465156555,True,5.475010766531341e-06,0.000202634182642214,1.8366374206379987e-05,0.00012724666157737374,0.00026130842161364853,0.00031295765074901283,0.9988773465156555,0.0001419100590283051,2.6140600311919115e-05,2.658113771758508e-05
clip_zero_shot,translation_8_up,test_00929,929,6,horse,6,horse,0.9950555562973022,True,4.8215924834948964e-06,0.0001244124141521752,4.9824349844129756e-05,0.0003021931916009635,0.0003977956366725266,0.0038290617521852255,0.9950555562973022,0.0001714710087981075,8.893080121197272e-06,5.590801083599217e-05
clip_zero_shot,translation_8_up,test_03962,3962,6,horse,6,horse,0.9924843907356262,True,1.8896056417361251e-06,0.00033340786467306316,3.417617699597031e-05,0.00043997500324621797,0.0020252675749361515,0.004360952880233526,0.9924843907356262,0.00027259282069280744,1.0757970812846906e-05,3.657809065771289e-05
clip_zero_shot,translation_8_up,test_03778,3778,3,cat,3,cat,0.9685031771659851,True,0.0001390888064634055,0.001588235842064023,0.0002468714665155858,0.9685031771659851,0.0009082211181521416,0.015878792852163315,0.0018284493125975132,0.010336863808333874,0.00029333660495467484,0.00027694899472407997
clip_zero_shot,translation_8_up,test_01429,1429,4,deer,4,deer,0.9390381574630737,True,4.598652230924927e-05,0.002570957876741886,0.00021346974244806916,0.002255783649161458,0.9390381574630737,0.0059859054163098335,0.009135096333920956,0.040585968643426895,3.562942583812401e-05,0.0001331367384409532
clip_zero_shot,translation_8_up,test_00049,49,2,car,2,car,0.9918687343597412,True,0.00012526585487648845,0.00040613627061247826,0.9918687343597412,0.0017995371017605066,0.00018899235874414444,0.00034731588675640523,0.003021715674549341,0.0003783628635574132,0.0006076662102714181,0.0012564710341393948
clip_zero_shot,translation_8_up,test_00276,276,9,truck,9,truck,0.9688711762428284,True,0.0003566564409993589,2.660482823557686e-05,0.029827596619725227,1.6069761841208674e-05,0.00014318685862235725,0.00010524581011850387,0.00018564033962320536,1.2183865692350082e-05,0.00045564095489680767,0.9688711762428284
clip_zero_shot,translation_8_up,test_06076,6076,1,bird,1,bird,0.9993407130241394,True,9.777408195077442e-06,0.9993407130241394,3.353154534124769e-05,8.325964154209942e-05,8.292745042126626e-05,0.00010666654270607978,3.639218266471289e-05,0.00019967692787759006,4.033913864986971e-05,6.688135181320831e-05
clip_zero_shot,translation_8_up,test_01389,1389,0,airplane,0,airplane,0.9679055213928223,True,0.9679055213928223,0.012233336456120014,0.0012597559252753854,0.00037335959495976567,0.0011958654504269361,0.0016386123606935143,0.001992562785744667,0.000805240124464035,0.01155927125364542,0.0010366461938247085
clip_zero_shot,translation_8_up,test_03362,3362,2,car,2,car,0.9854857921600342,True,0.00019410740060266107,0.00111195829231292,0.9854857921600342,0.0007694336236454546,0.001153159188106656,0.0010247708996757865,0.002017625141888857,0.000541980960406363,0.0011482910485938191,0.0065529970452189445
clip_zero_shot,translation_8_up,test_00317,317,2,car,2,car,0.9885421991348267,True,5.3842857596464455e-05,0.002676227129995823,0.9885421991348267,0.00019922343199141324,0.0003008502535521984,0.0004627262242138386,0.0019350626971572638,0.0018623732030391693,0.000600097409915179,0.0033673152793198824
clip_zero_shot,translation_8_up,test_04675,4675,0,airplane,0,airplane,0.9809594750404358,True,0.9809594750404358,0.013234247453510761,0.0007370770326815546,8.721821359358728e-05,0.00027890881756320596,0.0002090277848765254,0.00033963844180107117,0.0009877827251330018,0.0029045564588159323,0.00026216855621896684
clip_zero_shot,translation_8_up,test_05924,5924,5,dog,5,dog,0.5871987342834473,True,0.0002154025132767856,0.0014380223583430052,0.0012884449679404497,0.004406046587973833,0.044480569660663605,0.5871987342834473,0.3195212483406067,0.03940925747156143,0.0004469117266125977,0.0015954204136505723
clip_zero_shot,translation_8_up,test_00198,198,1,bird,1,bird,0.9988021850585938,True,5.82421307626646e-06,0.9988021850585938,5.406230047810823e-05,0.0006506600184366107,2.3633167074876837e-05,9.912864334182814e-05,3.492442556307651e-05,0.00025939784245565534,5.534034062293358e-05,1.4822100638411939e-05
clip_zero_shot,translation_8_up,test_07779,7779,6,horse,6,horse,0.9828133583068848,True,0.00045004216372035444,0.0009043903555721045,0.0016903940122574568,0.0008919924148358405,0.0006764765712432563,0.003317012218758464,0.9828133583068848,0.006197408773005009,0.0004995156778022647,0.0025592022575438023
clip_zero_shot,translation_8_up,test_04054,4054,4,deer,4,deer,0.9862123727798462,True,6.748332089046016e-05,0.0009683799580670893,0.00030522962333634496,0.0001197548772324808,0.9862123727798462,0.0018886401085183024,0.009945987723767757,7.157808431657031e-05,0.00015071278903633356,0.0002697683230508119
clip_zero_shot,translation_8_up,test_05556,5556,4,deer,4,deer,0.9405554533004761,True,8.088786125881597e-05,0.0015996128786355257,0.0003983703500125557,0.00010439692414365709,0.9405554533004761,0.008675708435475826,0.04770311340689659,0.00016775431868154556,6.4245963585563e-05,0.0006504312623292208
clip_zero_shot,translation_8_up,test_02687,2687,1,bird,1,bird,0.999637246131897,True,1.0697078323573805e-05,0.999637246131897,1.7239128283108585e-05,6.019927968736738e-05,2.4187067538150586e-05,9.183899965137243e-05,2.276133636769373e-05,7.217618986032903e-05,4.464041558094323e-05,1.887733378680423e-05
clip_zero_shot,translation_8_up,test_01202,1202,2,car,2,car,0.9889850616455078,True,0.00013501872308552265,0.0009672482265159488,0.9889850616455078,0.00039675881271250546,0.0002468380844220519,0.0011737729655578732,0.0009023383026942611,0.0010760817676782608,0.000797041691839695,0.005319824907928705
clip_zero_shot,translation_8_up,test_00097,97,5,dog,5,dog,0.9459897875785828,True,4.039553095935844e-05,0.0029846052639186382,0.00022219325182959437,0.007084007374942303,0.005673484411090612,0.9459897875785828,0.011055279523134232,0.026381196454167366,0.00012917377171106637,0.00044001691276207566
clip_zero_shot,translation_8_up,test_06033,6033,4,deer,4,deer,0.9949575066566467,True,7.254076081153471e-06,0.0005191285163164139,9.345565194962546e-05,0.00019210265600122511,0.9949575066566467,0.0024686625692993402,0.001550762914121151,6.246088742045686e-05,5.001223325962201e-05,9.839286212809384e-05
clip_zero_shot,translation_8_up,test_01711,1711,7,monkey,7,monkey,0.9993307590484619,True,4.422624442668166e-06,0.0002247747906949371,1.1530665688042063e-05,7.268808258231729e-05,8.00881207396742e-06,0.0002520375419408083,7.577433279948309e-05,0.9993307590484619,5.604451416729717e-06,1.4410898984351661e-05
clip_zero_shot,translation_8_up,test_01430,1430,9,truck,9,truck,0.9791678190231323,True,0.0001829545944929123,0.0011703070485964417,0.014791508205235004,0.0008418094366788864,0.0003292319015599787,0.0004181845870334655,0.0012879419373348355,0.0003652093291748315,0.0014450590824708343,0.9791678190231323
clip_zero_shot,translation_8_up,test_00739,739,8,ship,8,ship,0.9945154786109924,True,0.00018679985078051686,0.00042500754352658987,0.00014576123794540763,0.0002260200708406046,0.00041696842527017,0.0001094956387532875,0.00044548988807946444,0.00041440274799242616,0.9945154786109924,0.0031146288383752108
clip_zero_shot,translation_8_up,test_03491,3491,1,bird,1,bird,0.9893052577972412,True,0.00011862065002787858,0.9893052577972412,0.0006197355105541646,0.003333380213007331,0.0008967274334281683,0.0014411398442462087,0.00037070948746986687,0.0023901285603642464,0.0005721993511542678,0.0009519850136712193
clip_zero_shot,translation_8_up,test_01568,1568,1,bird,1,bird,0.9934276938438416,True,9.430043974134605e-06,0.9934276938438416,5.888648229301907e-05,0.005491405725479126,2.4874017981346697e-05,0.0006744769052602351,1.291976423090091e-05,0.0001697109400993213,0.00010925286187557504,2.1351041141315363e-05
clip_zero_shot,translation_8_up,test_01211,1211,4,deer,4,deer,0.9716943502426147,True,1.0082262633659411e-05,0.001497882418334484,0.00016988994320854545,2.2909371182322502e-05,0.9716943502426147,0.0006071879179216921,0.025477226823568344,0.00034814036916941404,3.669050784083083e-05,0.00013564224354922771
clip_zero_shot,translation_8_up,test_04913,4913,2,car,2,car,0.9581966996192932,True,0.0005544953164644539,0.0010937319602817297,0.9581966996192932,0.0009899305878207088,0.004667201545089483,0.001650747493840754,0.011634264141321182,0.0033626658841967583,0.0020500514656305313,0.015800176188349724
clip_zero_shot,translation_8_up,test_02502,2502,2,car,2,car,0.9611131548881531,True,0.00048530669300816953,0.0069397250190377235,0.9611131548881531,0.0011297479504719377,0.0004579349479172379,0.0017995084635913372,0.007951443083584309,0.0009740950190462172,0.004848795011639595,0.014300386421382427
clip_zero_shot,translation_8_up,test_02539,2539,3,cat,3,cat,0.9745116233825684,True,5.23873750353232e-05,0.0027710741851478815,0.0022349348291754723,0.9745116233825684,0.0014865542761981487,0.010283797979354858,0.0022713164798915386,0.005255857482552528,0.0007643140270374715,0.00036814523627981544
clip_zero_shot,translation_8_up,test_00979,979,3,cat,3,cat,0.9908975958824158,True,1.2445949323591776e-05,0.0015777405351400375,0.00016344866889994591,0.9908975958824158,0.0001603943237569183,0.005959875416010618,0.0006077431607991457,0.00033946800976991653,0.00023645949841011316,4.475594323594123e-05
clip_zero_shot,translation_8_up,test_06354,6354,2,car,2,car,0.9731844067573547,True,0.0004893321893177927,0.000446867139544338,0.9731844067573547,0.000667610380332917,6.061454041628167e-05,0.0006221578805707395,0.0005384687101468444,0.00013761161244474351,0.002573225647211075,0.021279728040099144
clip_zero_shot,translation_8_up,test_04735,4735,2,car,2,car,0.954057514667511,True,0.0001823924103518948,0.0015868977643549442,0.954057514667511,0.00020724491332657635,5.3929696150589734e-05,0.0005191111704334617,0.00018103515321854502,1.4275086869020015e-05,0.0012661387445405126,0.0419313944876194
clip_zero_shot,translation_8_up,test_05912,5912,0,airplane,0,airplane,0.9462164640426636,True,0.9462164640426636,0.01999039202928543,0.006219806615263224,0.0005283181089907885,0.00029096080106683075,0.0017198700224980712,0.0013599117519333959,0.0022855305578559637,0.019441872835159302,0.0019471291452646255
clip_zero_shot,translation_8_up,test_03844,3844,6,horse,6,horse,0.9969432950019836,True,1.182109372166451e-05,7.012965943431482e-05,0.0003078001900576055,0.00011317377357045189,0.0007939403294585645,0.0011649895459413528,0.9969432950019836,0.0001029382401611656,6.338805542327464e-05,0.00042861333349719644
clip_zero_shot,translation_8_up,test_01263,1263,3,cat,4,deer,0.6128779053688049,False,1.204040199809242e-05,0.0025348595809191465,0.0007759469444863498,0.3400609791278839,0.6128779053688049,0.028052840381860733,0.00336936442181468,0.011824654415249825,0.00014370778808370233,0.0003477100399322808
clip_zero_shot,translation_8_up,test_03404,3404,7,monkey,7,monkey,0.9954749941825867,True,5.695371328329202e-06,0.0013735817046836019,7.271154026966542e-05,0.0004188452730886638,4.4347158109303564e-05,0.001962351845577359,0.0004384933563414961,0.9954749941825867,4.032836659462191e-05,0.00016862722986843437
clip_zero_shot,translation_8_up,test_03905,3905,8,ship,8,ship,0.9957740902900696,True,0.00025138253113254905,0.0006598837790079415,0.0006136333686299622,9.656933252699673e-05,0.00033307349076494575,5.99258164584171e-05,0.0007845286745578051,0.00121740298345685,0.9957740902900696,0.0002095378004014492
clip_zero_shot,translation_8_up,test_01596,1596,0,airplane,0,airplane,0.9653297066688538,True,0.9653297066688538,0.015448552556335926,0.002357617486268282,0.00019723884179256856,0.0003562879574019462,0.0018169810064136982,0.0002570870565250516,0.0014361500507220626,0.012518615461885929,0.00028193299658596516
clip_zero_shot,translation_8_up,test_03083,3083,0,airplane,0,airplane,0.8990479111671448,True,0.8990479111671448,0.06848220527172089,0.0016114627942442894,0.001055910368449986,0.003867859486490488,0.006934878416359425,0.004835022613406181,0.006282923277467489,0.007014550268650055,0.0008673596894368529
clip_zero_shot,translation_8_up,test_02003,2003,6,horse,6,horse,0.9938369393348694,True,6.885550828883424e-05,0.0002298844192409888,0.00022416116553358734,0.00026640063151717186,0.0012961266329512,0.0018801855621859431,0.9938369393348694,0.0010736233089119196,3.253962131566368e-05,0.001091269077733159
clip_zero_shot,translation_8_up,test_05030,5030,2,car,2,car,0.9783827662467957,True,0.00018969789380207658,0.0016010866966098547,0.9783827662467957,0.0003281238314229995,0.0003114504797849804,0.001444900524802506,0.001151869772002101,0.001057388144545257,0.002208633814007044,0.013324035331606865
clip_zero_shot,translation_8_up,test_00095,95,1,bird,1,bird,0.9989252686500549,True,6.735318493156228e-06,0.9989252686500549,2.2892407287145033e-05,8.622054156148806e-05,2.044077518803533e-05,0.00023485906422138214,2.1866762835998088e-05,0.000603347725700587,3.811206261161715e-05,4.007532697869465e-05
clip_zero_shot,translation_8_up,test_02757,2757,4,deer,4,deer,0.9825350046157837,True,5.349726507120067e-06,0.00032482625101692975,0.0002286336530232802,0.0002858626830857247,0.9825350046157837,0.00343202892690897,0.01264390628784895,0.0003491137467790395,4.7703699237899855e-05,0.00014745094813406467
clip_zero_shot,translation_8_up,test_03413,3413,1,bird,1,bird,0.9993724226951599,True,2.1753794499090873e-06,0.9993724226951599,6.5028783865273e-05,7.367264333879575e-05,7.934750465210527e-05,0.00010297494736732915,1.7887845388031565e-05,0.00021670742717105895,3.286446735728532e-05,3.7069388781674206e-05
clip_zero_shot,translation_8_up,test_05488,5488,1,bird,1,bird,0.8997226357460022,True,0.0006913233664818108,0.8997226357460022,0.0005027772858738899,0.010031341575086117,0.006493988912552595,0.017226148396730423,0.016520410776138306,0.04719711095094681,0.000439815892605111,0.0011742392089217901
clip_zero_shot,translation_8_up,test_04827,4827,6,horse,6,horse,0.9733985066413879,True,0.0011489432072266936,0.0046918317675590515,0.0015304748667404056,0.004061410203576088,0.001898008631542325,0.003257676027715206,0.9733985066413879,0.005175732541829348,0.0041486299596726894,0.000688816187903285
clip_zero_shot,translation_8_up,test_01877,1877,5,dog,5,dog,0.9337440133094788,True,6.025875700288452e-05,0.0011748201213777065,0.0002046357694780454,0.0006425388273783028,0.03799332678318024,0.9337440133094788,0.0240276288241148,0.0016154471086338162,9.035167749971151e-05,0.00044696731492877007
clip_zero_shot,translation_8_up,test_02157,2157,1,bird,1,bird,0.998388409614563,True,4.730863656732254e-05,0.998388409614563,7.102381641743705e-05,0.00028734406805597246,3.0612114642281085e-05,0.0003013707173522562,3.6068646295461804e-05,0.000623926694970578,0.0001573665940668434,5.681466791429557e-05
clip_zero_shot,translation_8_up,test_04821,4821,3,cat,3,cat,0.9579348564147949,True,3.500535967759788e-06,0.001529159490019083,0.00011325874947942793,0.9579348564147949,0.0009628609986975789,0.015175641514360905,7.978770736372098e-05,0.024045413359999657,0.0001200234328280203,3.538289820426144e-05
clip_zero_shot,translation_8_up,test_04953,4953,5,dog,5,dog,0.984592854976654,True,2.3101251827029046e-06,0.0012250422732904553,7.894136069808155e-05,0.007329729851335287,0.0016398694133386016,0.984592854976654,0.004127020947635174,0.0008374179597012699,0.0001105943665606901,5.618274735752493e-05
clip_zero_shot,translation_8_up,test_05525,5525,8,ship,8,ship,0.9963316321372986,True,0.0001534542825538665,0.00042731809662654996,0.0004806437063962221,0.0006227969424799085,0.0002003024856094271,0.0003713241021614522,0.0004454920708667487,0.00019799420260824263,0.9963316321372986,0.0007690060301683843
clip_zero_shot,translation_8_up,test_05381,5381,5,dog,5,dog,0.9557997584342957,True,2.5798111892072484e-05,0.0022114519961178303,0.00012355149374343455,0.0026585296727716923,0.00604172982275486,0.9557997584342957,0.01700720004737377,0.015469233505427837,0.00018200755584985018,0.00048086507013067603
clip_zero_shot,translation_8_up,test_00672,672,3,cat,3,cat,0.9415886998176575,True,7.498015293094795e-06,0.0009046317427419126,0.0009305340354330838,0.9415886998176575,0.021366512402892113,0.004276621155440807,0.000818343018181622,0.029842546209692955,5.480015533976257e-05,0.000209923877264373
clip_zero_shot,translation_8_up,test_00323,323,7,monkey,7,monkey,0.9996163845062256,True,3.6488239629761665e-07,2.7369980671210214e-05,1.452022956982546e-06,0.00019628621521405876,8.057655577431433e-06,0.00011871573951793835,2.8753167498507537e-05,0.9996163845062256,7.529519621130021e-07,1.8948029492094065e-06
clip_zero_shot,translation_8_up,test_05436,5436,7,monkey,7,monkey,0.9995519518852234,True,6.037272726189258e-08,0.00013454006693791598,2.6073710159835173e-06,9.849095658864826e-05,7.459685730282217e-05,0.00011419704969739541,1.9721876014955342e-05,0.9995519518852234,6.850963245597086e-07,3.072169192819274e-06
clip_zero_shot,translation_8_up,test_05450,5450,7,monkey,7,monkey,0.9991986155509949,True,3.625976887633442e-07,0.0006667078705504537,2.6945112949761096e-06,3.869396823574789e-05,1.0037015272246208e-06,7.722267764620483e-05,1.1489297321531922e-05,0.9991986155509949,1.4533468402078142e-06,1.7979500626097433e-06
clip_zero_shot,translation_8_up,test_06358,6358,5,dog,5,dog,0.9793497920036316,True,9.287508873967454e-05,0.00037182788946665823,0.00035133323399350047,0.003547047497704625,0.001107558375224471,0.9793497920036316,0.006973399315029383,0.0058724707923829556,0.0007363912300206721,0.0015971031971275806
clip_zero_shot,translation_8_up,test_00372,372,3,cat,3,cat,0.9783656597137451,True,0.0002166061894968152,0.0026270372327417135,0.0007216770900413394,0.9783656597137451,0.0004871455312240869,0.009750096127390862,0.00109122134745121,0.0055176327005028725,0.0006814936059527099,0.000541496672667563
clip_zero_shot,translation_8_up,test_00378,378,5,dog,5,dog,0.9905377626419067,True,9.0239072960685e-06,0.00033281423384323716,0.000125188467791304,0.0029237016569823027,0.0008743169018998742,0.9905377626419067,0.0022458054590970278,0.002447722712531686,0.00026718617300502956,0.00023640204744879156
clip_zero_shot,translation_8_up,test_07706,7706,5,dog,5,dog,0.9790318012237549,True,2.0204635802656412e-05,0.0006272202590480447,0.0008517115493305027,0.0024993501137942076,0.0003020160074811429,0.9790318012237549,0.013065744191408157,0.0014671246754005551,0.00030260588391683996,0.0018321000970900059
clip_zero_shot,translation_8_up,test_02178,2178,1,bird,1,bird,0.9927347898483276,True,0.00016931041318457574,0.9927347898483276,0.00024190136173274368,0.00037147419061511755,3.992615529568866e-05,0.0023679370060563087,0.000307417125441134,1.846898339863401e-05,0.003475908190011978,0.00027287748525850475
clip_zero_shot,translation_8_up,test_05237,5237,2,car,2,car,0.564019501209259,True,0.0007662574062123895,0.0013129443395882845,0.564019501209259,0.00041970625170506537,0.0018520498415455222,0.0013896767050027847,0.003451430005952716,0.0035983785055577755,0.002502923831343651,0.42068710923194885
clip_zero_shot,translation_8_up,test_05478,5478,0,airplane,0,airplane,0.8320059776306152,True,0.8320059776306152,0.01755606010556221,0.019870378077030182,0.0018010574858635664,0.0028359158895909786,0.007307923398911953,0.003393473569303751,0.015476275235414505,0.053181566298007965,0.04657142236828804
clip_zero_shot,translation_8_up,test_05452,5452,9,truck,9,truck,0.917198657989502,True,0.00037205289117991924,0.00045259122271090746,0.06250037997961044,0.001249008229933679,0.0008901182445697486,0.00044063208042643964,0.0019388236105442047,0.00012900670117232949,0.014828698709607124,0.917198657989502
clip_zero_shot,translation_8_up,test_05623,5623,4,deer,4,deer,0.9952524900436401,True,1.020812396745896e-05,0.0007138710934668779,0.00013139387010596693,0.0001283222227357328,0.9952524900436401,0.002400469034910202,0.001010943204164505,0.0001061463262885809,1.6787198546808213e-05,0.000229308643611148
clip_zero_shot,translation_8_up,test_06772,6772,7,monkey,7,monkey,0.990874171257019,True,1.2409696864779107e-05,0.0008340515778400004,7.53111598896794e-05,0.0033682617358863354,0.0011309604160487652,0.0030395020730793476,0.000516035477630794,0.990874171257019,4.303198147681542e-05,0.00010635900980560109
clip_zero_shot,translation_8_up,test_01111,1111,4,deer,4,deer,0.945307195186615,True,5.830302688991651e-05,0.0014538026880472898,0.00029287056531757116,6.265832780627534e-05,0.945307195186615,0.006386083085089922,0.04566420242190361,7.120610098354518e-05,0.00020880870579276234,0.0004948465502820909
clip_zero_shot,translation_8_up,test_05528,5528,3,cat,3,cat,0.9791249632835388,True,9.761543333297595e-05,0.002430853433907032,0.00014435076445806772,0.9791249632835388,0.00026126185548491776,0.012424568645656109,0.0027183792553842068,0.0025747851468622684,0.00017846201080828905,4.484094097279012e-05
clip_zero_shot,translation_8_up,test_03777,3777,6,horse,6,horse,0.9989544153213501,True,1.7481820577813778e-06,0.00012219710333738476,3.848470078082755e-05,7.854487921576947e-05,0.00026728204102255404,0.00042640240280888975,0.9989544153213501,3.4074233553837985e-05,2.4871771529433317e-05,5.195977428229526e-05
clip_zero_shot,translation_8_up,test_02458,2458,5,dog,5,dog,0.9703906774520874,True,4.615145371644758e-05,0.0005165596376173198,0.00023733013949822634,0.0011141940485686064,0.0051644365303218365,0.9703906774520874,0.02015722543001175,0.0013312234077602625,0.00011685403296723962,0.0009253974421881139
clip_zero_shot,translation_8_up,test_04921,4921,2,car,2,car,0.9548428654670715,True,0.0005908606108278036,0.003995532635599375,0.9548428654670715,0.004846338648349047,0.0006835341919213533,0.006039331667125225,0.0023335448931902647,0.014645607210695744,0.002398009179159999,0.009624335914850235
clip_zero_shot,translation_8_up,test_03015,3015,8,ship,8,ship,0.9921879768371582,True,0.0001604993740329519,0.00033398476080037653,0.0004451862769201398,0.00012378112296573818,0.00014932308113202453,0.00022020208416506648,0.0006417275872081518,0.000755060464143753,0.9921879768371582,0.004982172977179289
clip_zero_shot,translation_8_up,test_07476,7476,8,ship,8,ship,0.9929519295692444,True,0.00020740850595757365,0.0020297763403505087,0.0011850424343720078,0.0005790260038338602,0.0002407490974292159,0.000686903833411634,0.0009426418109796941,0.0009723437251523137,0.9929519295692444,0.00020423966634552926
clip_zero_shot,translation_8_up,test_01520,1520,2,car,2,car,0.9474701285362244,True,0.0006042763125151396,0.00035637718974612653,0.9474701285362244,0.0005182251334190369,1.4369371456268709e-05,0.0006070244708098471,0.0003166457754559815,5.707436866941862e-05,0.0003349099133629352,0.049721162766218185
clip_zero_shot,translation_8_up,test_06713,6713,6,horse,6,horse,0.9939309358596802,True,1.2376364793453831e-05,4.132767571718432e-05,0.0021438859403133392,0.00010620289685903117,0.0001450727431802079,0.002106807194650173,0.9939309358596802,0.0005792289157398045,6.988042878219858e-05,0.0008641949971206486
clip_zero_shot,translation_8_up,test_01852,1852,1,bird,1,bird,0.9985731840133667,True,3.755184297915548e-05,0.9985731840133667,0.0001464872038923204,0.0003155068843625486,8.694671123521402e-05,0.0002632169343996793,2.0682795366155915e-05,8.114409138215706e-05,0.0003191760624758899,0.00015612707647960633
clip_zero_shot,translation_8_up,test_02268,2268,5,dog,5,dog,0.9924426078796387,True,4.1171842894982547e-05,0.000531691825017333,0.00021899685089010745,0.0017233553808182478,0.0003975426370743662,0.9924426078796387,0.001432813354767859,0.002427138155326247,0.0003014905087184161,0.0004833230341318995
clip_zero_shot,translation_8_up,test_00151,151,8,ship,8,ship,0.9909079074859619,True,0.0002607484348118305,0.001629104488529265,0.0004403944476507604,0.0006402496946975589,0.0009034824324771762,0.0003087818331550807,0.0006736353971064091,0.0018418565159663558,0.9909079074859619,0.0023937630467116833
clip_zero_shot,translation_8_up,test_00890,890,6,horse,6,horse,0.9954519867897034,True,1.980484557861928e-05,0.00019062279898207635,0.00011736808664863929,0.00013621871767099947,0.0017061500111594796,0.0016290789935737848,0.9954519867897034,7.739275315543637e-05,0.00021551091049332172,0.0004558843211270869
clip_zero_shot,translation_8_up,test_00825,825,1,bird,1,bird,0.9876300692558289,True,0.0055057452991604805,0.9876300692558289,0.0001385320647386834,0.00011217557039344683,0.0001829931716201827,0.0005586709594354033,0.003351354505866766,0.0005747287068516016,0.000765207689255476,0.0011804708046838641
clip_zero_shot,translation_8_up,test_02536,2536,3,cat,3,cat,0.9155628085136414,True,3.220265716663562e-05,0.005063818302005529,0.002869158750399947,0.9155628085136414,0.05748719349503517,0.011893398128449917,0.0010022713104262948,0.004466153681278229,0.0014352109283208847,0.00018773016927298158
clip_zero_shot,translation_8_up,test_00470,470,2,car,2,car,0.9829519391059875,True,0.000412827474065125,0.002501205774024129,0.9829519391059875,0.0004979859222657979,0.0001825956132961437,0.00196055811829865,0.0006121745682321489,0.0005074079381301999,0.003597980597987771,0.006775266490876675
clip_zero_shot,translation_8_up,test_05256,5256,1,bird,1,bird,0.9973227381706238,True,9.797335223993286e-05,0.9973227381706238,0.00029503766563721,0.00030955852707847953,1.2418836377037223e-05,0.000941478821914643,0.00016283491277135909,0.00021213709260337055,8.557979890611023e-05,0.000560172600671649
clip_zero_shot,translation_8_up,test_02011,2011,9,truck,9,truck,0.9764049053192139,True,0.00023673985560890287,0.0003633420856203884,0.017919844016432762,0.0003276010975241661,0.0001646072487346828,0.0003985633375123143,0.00037999998312443495,0.0002423988189548254,0.00356203131377697,0.9764049053192139
clip_zero_shot,translation_8_up,test_07150,7150,0,airplane,0,airplane,0.992311418056488,True,0.992311418056488,0.00411601597443223,0.0007859825273044407,4.6411394578171894e-05,0.0002855139027815312,0.0004217771638650447,0.0004912918084301054,0.00035209557972848415,0.0010702898725867271,0.000119248048576992
clip_zero_shot,translation_8_up,test_00449,449,6,horse,6,horse,0.9967687129974365,True,2.4566146748838946e-05,0.00034099776530638337,0.0002586905611678958,0.00012775689538102597,0.0009607964893803,0.0008669433882459998,0.9967687129974365,0.00010245289740851149,0.0001274266542168334,0.0004216699453536421
clip_zero_shot,translation_8_up,test_02704,2704,4,deer,4,deer,0.998969316482544,True,5.371645102059119e-07,0.00030668583349324763,1.18938814921421e-05,3.635236498666927e-05,0.998969316482544,0.00047055058530531824,0.00016874181164894253,2.1674099116353318e-05,2.4543194285797654e-06,1.1782385627157055e-05
clip_zero_shot,translation_8_up,test_03437,3437,0,airplane,0,airplane,0.8994932174682617,True,0.8994932174682617,0.018953077495098114,0.009941727854311466,0.0006724955746904016,0.004550647921860218,0.0027918543200939894,0.0011962377466261387,0.004339857026934624,0.05681682005524635,0.0012439497513696551
clip_zero_shot,translation_8_up,test_03375,3375,3,cat,3,cat,0.9341474771499634,True,6.1798596107109915e-06,0.0008044260903261602,0.0001819091266952455,0.9341474771499634,0.02291720174252987,0.027546735480427742,0.002495469292625785,0.01156127080321312,0.00013472262071445584,0.00020445884729269892
clip_zero_shot,translation_8_up,test_04552,4552,8,ship,8,ship,0.9905271530151367,True,0.00011950018961215392,0.00020234982366673648,0.0006160492775961757,0.00023803785734344274,0.00017136656970251352,0.00031572626903653145,0.000250307988608256,4.86983590235468e-05,0.9905271530151367,0.007510787341743708
clip_zero_shot,translation_8_up,test_00920,920,6,horse,6,horse,0.9991118311882019,True,4.962145339959534e-06,8.05771051091142e-05,1.586112739460077e-05,0.00013253712677396834,7.240002014441416e-05,0.0005303037469275296,0.9991118311882019,1.7463520634919405e-05,1.4343087968882173e-05,1.9732564396690577e-05
clip_zero_shot,translation_8_up,test_02242,2242,0,airplane,0,airplane,0.9594195485115051,True,0.9594195485115051,0.01428986992686987,0.0046469103544950485,0.00043278851080685854,0.0008151379297487438,0.0012664076639339328,0.000857546750921756,0.0012916071573272347,0.01620638556778431,0.0007737852283753455
clip_zero_shot,translation_8_up,test_02745,2745,8,ship,8,ship,0.9960220456123352,True,0.00010899069457082078,0.0003722396504599601,0.00011610699584707618,0.0001726652990328148,0.0001638358080526814,0.00010671436757547781,0.00039851933252066374,0.0009257743950001895,0.9960220456123352,0.0016131062293425202
clip_zero_shot,translation_8_up,test_01032,1032,7,monkey,7,monkey,0.9750263690948486,True,0.00013444061914924532,0.009366413578391075,0.00023946115106809884,0.010742374695837498,0.00013430375838652253,0.0023398110643029213,0.0007524082902818918,0.9750263690948486,0.0010258068796247244,0.00023879385844338685
clip_zero_shot,translation_8_up,test_00365,365,3,cat,3,cat,0.9842053055763245,True,6.84023616486229e-05,0.0013689020415768027,0.00023915240308269858,0.9842053055763245,0.0008889641030691564,0.008347195573151112,0.001580008422024548,0.0028658972587436438,0.00031520286574959755,0.00012089293886674568
clip_zero_shot,translation_8_up,test_04850,4850,5,dog,5,dog,0.9600042104721069,True,5.7638240832602605e-05,0.0016005944926291704,0.00032859842758625746,0.008258983492851257,0.013932948000729084,0.9600042104721069,0.00744536193087697,0.00807542260736227,0.00013120599032845348,0.0001651830243645236
clip_zero_shot,translation_8_up,test_04819,4819,0,airplane,0,airplane,0.9681620597839355,True,0.9681620597839355,0.01094566285610199,0.005340587813407183,0.0012439301935955882,0.00018305117555428296,0.0019487563986331224,0.000838336709421128,0.004594848025590181,0.0062479376792907715,0.0004948994028382003
clip_zero_shot,translation_8_up,test_07338,7338,6,horse,6,horse,0.9948295950889587,True,8.924349094741046e-05,0.0010916987666860223,0.0005470268661156297,0.00022875262948218733,0.0008811721345409751,0.0008469350868836045,0.9948295950889587,0.0003888646315317601,0.0002944691223092377,0.0008022276451811194
clip_zero_shot,translation_8_up,test_07372,7372,0,airplane,0,airplane,0.9616926908493042,True,0.9616926908493042,0.023926816880702972,0.0019185140263289213,0.00044119718950241804,0.00020554706861730665,0.00034020518069155514,0.0005313060828484595,0.00171026517637074,0.00868698488920927,0.0005465502035804093
clip_zero_shot,translation_8_up,test_01090,1090,1,bird,1,bird,0.9937757253646851,True,0.0014982190914452076,0.9937757253646851,0.00017424281395506114,0.0002425326529191807,0.00031238779774867,0.000470242986921221,0.0019646333530545235,0.0002587045601103455,0.0004246679018251598,0.0008785178069956601
clip_zero_shot,translation_8_up,test_05062,5062,4,deer,4,deer,0.998177170753479,True,1.9313035863888217e-06,0.0004671141505241394,3.725897477124818e-05,5.683418203261681e-05,0.998177170753479,0.0006998425233177841,0.0004831015830859542,4.053204247611575e-05,5.495573532243725e-06,3.070813909289427e-05
clip_zero_shot,translation_8_up,test_00981,981,2,car,2,car,0.9838714599609375,True,0.0008564166491851211,0.002529831137508154,0.9838714599609375,0.0003828627523034811,0.0006013163947500288,0.0007564816041849554,0.0013591720489785075,0.0002852083707693964,0.0019242012640461326,0.007433049380779266
clip_zero_shot,translation_8_up,test_05857,5857,6,horse,6,horse,0.9749168753623962,True,5.597728522843681e-05,0.002063978463411331,0.001921562128700316,0.0009520227904431522,0.0027777680661529303,0.006431963294744492,0.9749168753623962,0.003122479422017932,0.0009145006770268083,0.006842820439487696
clip_zero_shot,translation_8_up,test_01986,1986,1,bird,1,bird,0.9608156085014343,True,2.738120201684069e-05,0.9608156085014343,0.0010171880712732673,0.005568346474319696,0.00015799950051587075,0.0166336540132761,0.012018375098705292,0.0007940218201838434,0.0009368506725877523,0.0020305898506194353
clip_zero_shot,translation_8_up,test_05560,5560,1,bird,1,bird,0.9921674132347107,True,3.399158231331967e-05,0.9921674132347107,0.00012404777226038277,0.0004545673436950892,7.958792593854014e-06,0.002216737950220704,0.00017932176706381142,0.004548260476440191,6.525061326101422e-05,0.0002025094727287069
clip_zero_shot,translation_8_up,test_01814,1814,2,car,2,car,0.970784068107605,True,0.00036830591852776706,0.001288339146412909,0.970784068107605,0.0016930862329900265,0.00047390558756887913,0.0014324159128591418,0.007724684663116932,0.00039290025597438216,0.0005464356509037316,0.015295825898647308
clip_zero_shot,translation_8_up,test_00194,194,8,ship,8,ship,0.9908180236816406,True,9.294637857237831e-05,0.00029167174943722785,0.00021187316451687366,0.00010687906615203246,0.0002607222995720804,0.00018067700148094445,0.0008317168103531003,0.0002893522323574871,0.9908180236816406,0.006916212383657694
clip_zero_shot,translation_8_up,test_01993,1993,1,bird,1,bird,0.9991907477378845,True,2.4104205294861458e-05,0.9991907477378845,8.039295062189922e-05,5.408715151133947e-05,6.7849509832740296e-06,0.0003907406935468316,1.4295194887381513e-05,7.81974958954379e-05,4.532928505796008e-05,0.00011536534293554723
clip_zero_shot,translation_8_up,test_05333,5333,2,car,2,car,0.9782416224479675,True,0.00034187972778454423,0.00024071820371318609,0.9782416224479675,0.0003288477018941194,0.00017321226187050343,0.0002174127148464322,0.0017909526359289885,3.727202056325041e-05,0.002299725078046322,0.01632826216518879
clip_zero_shot,translation_8_up,test_04311,4311,8,ship,8,ship,0.999135434627533,True,1.09537759271916e-05,7.60461698519066e-05,8.51944787427783e-05,1.4652684512839187e-05,1.4048867342353333e-05,3.5732926335185766e-05,0.00013744441093876958,6.269948062254116e-05,0.999135434627533,0.000427837047027424
clip_zero_shot,translation_8_up,test_07425,7425,2,car,2,car,0.9887451529502869,True,0.00016694949590601027,0.001024642144329846,0.9887451529502869,0.0008265927317552269,0.0005927029997110367,0.0027080404106527567,0.0010560875525698066,0.00029846440884284675,0.0019481303170323372,0.002633111784234643
clip_zero_shot,translation_8_up,test_03889,3889,5,dog,5,dog,0.9751682877540588,True,8.16082174424082e-05,0.001030470710247755,0.00019540420908015221,0.002012736164033413,0.0022337762638926506,0.9751682877540588,0.006317866500467062,0.01115327700972557,0.0002767513506114483,0.0015297639183700085
clip_zero_shot,translation_8_up,test_04308,4308,7,monkey,7,monkey,0.9638444185256958,True,3.617009497247636e-05,0.0010740924626588821,0.0005286936648190022,0.018372630700469017,0.00046896786079742014,0.012007265351712704,0.0026043024845421314,0.9638444185256958,0.000328609166899696,0.0007347678765654564
clip_zero_shot,translation_8_up,test_01960,1960,4,deer,4,deer,0.9806159734725952,True,5.1584393077064306e-06,0.0002232053375337273,6.0653801483567804e-05,0.00020278005104046315,0.9806159734725952,0.018237462267279625,0.0005351997679099441,4.62823300040327e-05,9.735856110637542e-06,6.361327541526407e-05
clip_zero_shot,translation_8_up,test_04399,4399,0,airplane,0,airplane,0.9288255572319031,True,0.9288255572319031,0.02142297849059105,0.013134676963090897,0.0010922347428277135,0.0031069268006831408,0.002092722337692976,0.007719696499407291,0.010175840929150581,0.011982183903455734,0.0004472317232284695
clip_zero_shot,translation_8_up,test_03191,3191,6,horse,6,horse,0.9860504269599915,True,9.712848623166792e-06,0.00023644960310775787,0.0037552921567112207,0.00017381641373503953,0.0003157389583066106,0.0034156148321926594,0.9860504269599915,0.0011816528858616948,0.00014761964848730713,0.004713661037385464
clip_zero_shot,translation_8_up,test_01626,1626,5,dog,5,dog,0.9892765283584595,True,9.037627023644745e-06,0.0005438551306724548,0.00010750564251793548,0.001044824835844338,0.0016872778069227934,0.9892765283584595,0.0019939737394452095,0.004906955640763044,0.00010739374556578696,0.00032253461540676653
clip_zero_shot,translation_8_up,test_00176,176,3,cat,3,cat,0.9827708601951599,True,1.3062933248875197e-05,0.00262441486120224,0.0032552657648921013,0.9827708601951599,0.000871353258844465,0.005645036697387695,0.0010072981240227818,0.0025638355873525143,0.0009841368300840259,0.00026468088617548347
clip_zero_shot,translation_8_up,test_07726,7726,6,horse,6,horse,0.998755931854248,True,2.4785279038042063e-06,0.00014181678125169128,4.2072595533682033e-05,0.00011248628288740292,0.0001166991496575065,0.000631848641205579,0.998755931854248,0.00016552665329072624,1.1949318832193967e-05,1.9301221982459538e-05
clip_zero_shot,translation_8_up,test_02334,2334,5,dog,5,dog,0.9827383160591125,True,1.5078024262038525e-05,0.0008021399262361228,9.723380935611203e-05,0.0015264913672581315,0.004402616061270237,0.9827383160591125,0.008142517879605293,0.001982526620849967,4.227107638143934e-05,0.0002507720491848886
clip_zero_shot,translation_8_up,test_01648,1648,0,airplane,0,airplane,0.985958993434906,True,0.985958993434906,0.008889500051736832,0.0008846903801895678,6.608388503082097e-05,0.00020415538165252656,0.0003554660070221871,0.0002498831890989095,0.0009288857108913362,0.001984219066798687,0.00047823420027270913
clip_zero_shot,translation_8_up,test_06084,6084,7,monkey,7,monkey,0.9982535243034363,True,4.286264811526053e-06,0.0006907308124937117,3.8925427361391485e-05,0.0004425071820151061,3.949787696910789e-06,0.00047445850213989615,5.308017716743052e-05,0.9982535243034363,2.263357055198867e-05,1.5893723684712313e-05
clip_zero_shot,translation_8_up,test_03455,3455,0,airplane,0,airplane,0.9103763103485107,True,0.9103763103485107,0.04693207889795303,0.011023130267858505,0.00031301958370022476,0.00014130226918496192,0.0035573174245655537,0.005792075768113136,0.0003962088958360255,0.006744515150785446,0.014723902568221092
clip_zero_shot,translation_8_up,test_01468,1468,9,truck,9,truck,0.8094913363456726,True,0.004049033857882023,0.0024226862005889416,0.12645258009433746,0.00197030627168715,0.00044718701974488795,0.0033558770082890987,0.012550458312034607,0.0017174273962154984,0.037543077021837234,0.8094913363456726
clip_zero_shot,translation_8_up,test_01296,1296,7,monkey,7,monkey,0.9961991906166077,True,1.4222542858988163e-06,0.0017290539108216763,2.0574047084664926e-05,0.0005452781333588064,4.076191544299945e-05,0.0013276980025693774,5.062878335593268e-05,0.9961991906166077,4.3552019633352757e-05,4.175698268227279e-05
clip_zero_shot,translation_8_up,test_05213,5213,4,deer,4,deer,0.9813814163208008,True,1.1237752914894372e-05,0.0010453491704538465,0.00019708627951331437,6.672860763501376e-05,0.9813814163208008,0.0015917433192953467,0.015233497135341167,0.0002732876455411315,4.30746003985405e-05,0.00015667358820792288
clip_zero_shot,translation_8_up,test_07047,7047,9,truck,9,truck,0.9925376772880554,True,0.00010942389053525403,0.0003613687295001,0.003410699777305126,0.00023795482411514968,0.00017352457507513463,0.00022303064179141074,0.0006491877138614655,0.0001337009744020179,0.002163371304050088,0.9925376772880554
clip_zero_shot,translation_8_up,test_05360,5360,9,truck,9,truck,0.9012535810470581,True,0.0016194639028981328,0.0013875119620934129,0.07226967066526413,0.0006214279565028846,0.0005171351367607713,0.002012827666476369,0.01151752658188343,0.0010460872435942292,0.007754774764180183,0.9012535810470581
clip_zero_shot,translation_8_up,test_05824,5824,2,car,2,car,0.9376154541969299,True,0.0002460783289279789,0.0072062648832798,0.9376154541969299,0.003060715040192008,0.002186338882893324,0.011678063310682774,0.003966643009334803,0.004160250537097454,0.0018023996381089091,0.028077714145183563
clip_zero_shot,translation_8_up,test_07460,7460,8,ship,8,ship,0.992154061794281,True,0.00021427111641969532,0.0005947533063590527,0.001140569569543004,0.0004912316799163818,0.00014087076124269515,0.0009990495163947344,0.00046639645006507635,0.0002453895576763898,0.992154061794281,0.0035534074995666742
clip_zero_shot,translation_8_up,test_04791,4791,7,monkey,7,monkey,0.9995452761650085,True,6.518465056615241e-07,0.0001281054428545758,1.3385491911321878e-05,9.897258132696152e-05,8.009660632524174e-06,0.00016574564506299794,2.688602944544982e-05,0.9995452761650085,1.6785861589596607e-06,1.1340223863953725e-05
clip_zero_shot,translation_8_up,test_06692,6692,2,car,2,car,0.9430843591690063,True,0.0009312160545960069,0.0038780991453677416,0.9430843591690063,0.00037862311000935733,1.5845518646528944e-05,0.0008437374490313232,0.00036927222390659153,4.333959077484906e-05,0.0012885523028671741,0.04916706308722496
clip_zero_shot,translation_8_up,test_06931,6931,9,truck,9,truck,0.9261257648468018,True,0.0009145493386313319,0.002375297946855426,0.046086400747299194,0.007067349273711443,0.0006579366163350642,0.002787379315122962,0.0071152569726109505,0.0007940606446936727,0.006076084915548563,0.9261257648468018
clip_zero_shot,translation_8_up,test_00667,667,8,ship,8,ship,0.9988901019096375,True,3.351764098624699e-05,0.0001401146873831749,0.00017340146587230265,2.733252040343359e-05,3.3336953492835164e-05,0.00011288808309473097,0.00016370948287658393,5.2192619477864355e-05,0.9988901019096375,0.0003734311321750283
clip_zero_shot,translation_8_up,test_07781,7781,6,horse,6,horse,0.9994778037071228,True,1.0038115760835353e-06,6.972263508941978e-05,1.7713377019390464e-05,3.986125739174895e-05,9.439334462513216e-06,0.0002833826874848455,0.9994778037071228,8.362967491848394e-05,5.471692020364571e-06,1.200640599563485e-05
clip_zero_shot,translation_8_up,test_07793,7793,3,cat,3,cat,0.8832628726959229,True,8.332567085744813e-05,0.0007241465500555933,0.0003587446117307991,0.8832628726959229,0.00041969824815168977,0.11081509292125702,0.0005904993740841746,0.0031870868988335133,0.00045264707296155393,0.00010578653746051714
clip_zero_shot,translation_8_up,test_01411,1411,9,truck,9,truck,0.9953628778457642,True,0.0002544226299505681,0.0001275825488846749,0.0030789561569690704,2.7679740014718845e-05,3.928557998733595e-05,8.778082701610401e-05,0.0002161259326385334,1.6897420209716074e-05,0.0007884160149842501,0.9953628778457642
clip_zero_shot,translation_8_up,test_01473,1473,7,monkey,7,monkey,0.999666690826416,True,3.085310993355961e-07,0.00015312040341086686,4.493806500249775e-06,2.9317609005374834e-05,7.705274356339942e-07,0.00011272637493675575,2.3578579202876426e-05,0.999666690826416,3.1277602374757407e-06,5.962110208201921e-06
clip_zero_shot,translation_8_up,test_07130,7130,5,dog,5,dog,0.9941818118095398,True,9.790105650608893e-06,0.0006000270368531346,4.535870539257303e-05,0.001002507284283638,0.00037502925260923803,0.9941818118095398,0.002071417635306716,0.0016094843158498406,2.4199012841563672e-05,8.042549598030746e-05
clip_zero_shot,translation_8_up,test_01956,1956,7,monkey,7,monkey,0.9814407825469971,True,3.5583259432314662e-06,0.001819457276724279,0.0001608441525604576,0.006616680882871151,0.0009601115016266704,0.008319114334881306,0.00022295590315479785,0.9814407825469971,5.534293450182304e-05,0.0004011465352959931
clip_zero_shot,translation_8_up,test_06716,6716,5,dog,5,dog,0.9454807639122009,True,5.54223788640229e-06,0.0035540328826755285,0.0005605777259916067,0.020705094560980797,0.000856889586430043,0.9454807639122009,0.01917887106537819,0.009223666042089462,0.00036164221819490194,7.293285307241604e-05
clip_zero_shot,translation_8_up,test_04106,4106,5,dog,5,dog,0.9457563161849976,True,0.00016562675591558218,0.0014889601152390242,0.0006921587628312409,0.030404072254896164,0.007676818408071995,0.9457563161849976,0.010554185137152672,0.002644362859427929,0.00027176711591891944,0.0003456147969700396
clip_zero_shot,translation_8_up,test_03494,3494,6,horse,6,horse,0.9986419081687927,True,1.5047587112348992e-05,0.00013052523718215525,0.0001909347774926573,6.231878796825185e-05,8.123376755975187e-05,0.0003974325372837484,0.9986419081687927,0.00019290893396828324,8.306885865749791e-05,0.0002046927547780797
clip_zero_shot,translation_8_up,test_00691,691,4,deer,4,deer,0.9976134300231934,True,1.5852715478104074e-06,0.0002520174894016236,2.932102324848529e-05,7.017226016614586e-05,0.9976134300231934,0.0012643173104152083,0.0007201870321296155,2.386384403507691e-05,7.647532584087458e-06,1.7536958694108762e-05
clip_zero_shot,translation_8_up,test_05220,5220,1,bird,7,monkey,0.4764338433742523,False,0.00291985971853137,0.020181549713015556,0.016019612550735474,0.08153823018074036,0.00663366261869669,0.3325841426849365,0.03002817928791046,0.4764338433742523,0.02709360606968403,0.006567254196852446
clip_zero_shot,translation_8_up,test_04908,4908,3,cat,3,cat,0.9696216583251953,True,0.000261171895544976,0.001263205660507083,0.0009208747069351375,0.9696216583251953,0.010363438166677952,0.013568933121860027,0.00022928418184164912,0.0029099578969180584,0.0004099596990272403,0.00045134895481169224
clip_zero_shot,translation_8_up,test_07029,7029,1,bird,1,bird,0.9966303706169128,True,2.5213566914317198e-05,0.9966303706169128,0.0001739313011057675,0.0002720830379985273,1.8505983462091535e-05,0.000718320079613477,0.0001667666801949963,0.0014570424100384116,0.00010335619299439713,0.0004343771142885089
clip_zero_shot,translation_8_up,test_04130,4130,0,airplane,0,airplane,0.9287851452827454,True,0.9287851452827454,0.03726253658533096,0.008965757675468922,0.0024725226685404778,0.0006140607292763889,0.004211891908198595,0.0017869784496724606,0.011974466033279896,0.0028568801935762167,0.0010697843972593546
clip_zero_shot,translation_8_up,test_07938,7938,9,truck,9,truck,0.9646204710006714,True,0.00019946249085478485,0.001899941242299974,0.0260482057929039,0.0005219474551267922,0.00037830471410416067,0.0017730185063555837,0.0021958802826702595,0.0011266551446169615,0.0012360275723040104,0.9646204710006714
clip_zero_shot,translation_8_up,test_05101,5101,5,dog,5,dog,0.9635787010192871,True,1.660780981183052e-05,0.0002552130026742816,0.029583748430013657,0.00043531181290745735,9.312588372267783e-05,0.9635787010192871,0.0010892010759562254,0.0008596673142164946,5.68372051930055e-05,0.004031619057059288
clip_zero_shot,translation_8_up,test_01515,1515,9,truck,9,truck,0.9938871264457703,True,2.1783591364510357e-05,0.0002404304250376299,0.0039732796140015125,8.462888217763975e-05,0.00011435467604314908,0.00025433339760638773,0.0004875632585026324,8.391810115426779e-05,0.0008525592274963856,0.9938871264457703
clip_zero_shot,translation_8_up,test_03287,3287,4,deer,4,deer,0.9961522221565247,True,1.2927575880894437e-05,0.00036932557122781873,0.00024886507890187204,2.4055208996287547e-05,0.9961522221565247,0.0009210691787302494,0.0019435726571828127,1.3402485819824506e-05,0.00013020577898714691,0.0001844117505243048
clip_zero_shot,translation_8_up,test_00716,716,8,ship,8,ship,0.981558620929718,True,0.0002798798668663949,0.0008710257825441658,0.0007086509722284973,0.0005588883650489151,0.0009157655877061188,0.00024856114760041237,0.0019176981877535582,0.0020774926524609327,0.981558620929718,0.01086342241615057
clip_zero_shot,translation_8_up,test_04236,4236,7,monkey,7,monkey,0.9995583891868591,True,5.604249508905923e-07,0.00018196443852502853,4.011601049569435e-06,0.00010618528904160485,5.4243528211372904e-06,9.736882930155843e-05,3.721806206158362e-05,0.9995583891868591,2.8290999125601957e-06,5.973802672087913e-06
clip_zero_shot,translation_8_up,test_05408,5408,6,horse,6,horse,0.9980087876319885,True,6.625656396863633e-07,0.00018212679424323142,4.588841329677962e-05,0.000203083356609568,0.0004800626484211534,0.0009958072332665324,0.9980087876319885,2.5257590095861815e-05,3.083959745708853e-05,2.7569976737140678e-05
clip_zero_shot,translation_8_up,test_05496,5496,5,dog,5,dog,0.9770433306694031,True,0.00012208905536681414,0.0011084984289482236,0.00015868901391513646,0.002435811096802354,0.00016505547682754695,0.9770433306694031,0.0012778001837432384,0.017297979444265366,0.0002660071477293968,0.00012474830145947635
clip_zero_shot,translation_8_up,test_03365,3365,4,deer,4,deer,0.9071918725967407,True,0.00010624206333886832,0.0007415268337354064,0.0006953548290766776,0.00021913096134085208,0.9071918725967407,0.0773104801774025,0.01108813751488924,0.0004238523542881012,0.0002580211730673909,0.001965402625501156
clip_zero_shot,translation_8_up,test_04323,4323,3,cat,3,cat,0.9766185283660889,True,0.00012374941434245557,0.0021816776134073734,0.0002854384365491569,0.9766185283660889,0.0007201987900771201,0.009866831824183464,0.001958140404894948,0.0055522797629237175,0.0022719805128872395,0.00042123557068407536
clip_zero_shot,translation_8_up,test_05467,5467,4,deer,4,deer,0.9928981065750122,True,1.5177378372754902e-05,0.0005476637743413448,0.00011860833910759538,3.657512934296392e-05,0.9928981065750122,0.0014747714158147573,0.004494310822337866,0.00027030412456952035,2.0338300600997172e-05,0.00012399548722896725
clip_zero_shot,translation_8_up,test_01644,1644,5,dog,5,dog,0.9873855113983154,True,1.4893875231791753e-05,0.002611477393656969,8.230440289480612e-05,0.0016376094426959753,0.002665184438228607,0.9873855113983154,0.0016977948835119605,0.003677572123706341,8.196570706786588e-05,0.0001456816535210237
clip_zero_shot,translation_8_up,test_03948,3948,8,ship,8,ship,0.9866383075714111,True,0.0002564715105108917,0.002745002508163452,0.00019367685308679938,0.0005631280946545303,0.002261442830786109,0.0011993080843240023,0.0015835214871913195,0.0043730102479457855,0.9866383075714111,0.00018621246272232383
clip_zero_shot,translation_8_up,test_06726,6726,7,monkey,7,monkey,0.9246547222137451,True,2.0788404526683735e-06,0.0022589233703911304,0.00010480587661731988,0.00596744054928422,0.00127302051987499,0.0652739405632019,0.0003412364167161286,0.9246547222137451,3.0116118068690412e-05,9.376943489769474e-05
clip_zero_shot,translation_8_up,test_05395,5395,2,car,2,car,0.9940284490585327,True,0.0001652822975302115,0.0002743830846156925,0.9940284490585327,0.00016947220137808472,4.0449398511555046e-05,0.0002978065167553723,7.425987860187888e-05,0.0001614550856174901,0.0008037249208427966,0.003984698094427586
clip_zero_shot,translation_8_up,test_01579,1579,7,monkey,7,monkey,0.9994315505027771,True,1.3143480828148313e-06,5.631133171846159e-05,1.2323024748184253e-05,4.305639595258981e-05,3.2903590181376785e-06,0.00042019569082185626,2.4241524442913942e-05,0.9994315505027771,1.1035879197152099e-06,6.7079167820338625e-06
clip_zero_shot,translation_8_up,test_05918,5918,0,airplane,0,airplane,0.9568737745285034,True,0.9568737745285034,0.020641209557652473,0.0032771332189440727,0.0012200475903227925,0.0012928369687870145,0.0013664041180163622,0.0012170749250799417,0.002477922011166811,0.010623462498188019,0.0010099513456225395
clip_zero_shot,translation_8_up,test_07041,7041,5,dog,5,dog,0.9485734701156616,True,0.00039824156556278467,0.0005236634169705212,0.0008914868230931461,0.009361525066196918,0.0019794765394181013,0.9485734701156616,0.025946395471692085,0.009205319918692112,0.0017209803918376565,0.0013995794579386711
clip_zero_shot,translation_8_up,test_00506,506,4,deer,4,deer,0.994219183921814,True,2.5776741949812276e-06,0.0003273233596701175,2.4599074095021933e-05,0.0001959822839125991,0.994219183921814,0.003561904188245535,0.001386556657962501,0.0002467422455083579,7.029749212961178e-06,2.8053025744156912e-05
clip_zero_shot,translation_8_up,test_04011,4011,6,horse,6,horse,0.9968864321708679,True,1.2324086128501222e-05,0.00036427672603167593,0.00024946877965703607,0.0007621283875778317,0.0004337567661423236,0.0009274353506043553,0.9968864321708679,0.00017523852875456214,9.034384856931865e-05,9.84879516181536e-05
clip_zero_shot,translation_8_up,test_05981,5981,9,truck,9,truck,0.9748445749282837,True,0.00046595660387538373,0.00058170803822577,0.019280986860394478,0.0001876042952062562,0.00026205339236184955,0.00020733292330987751,0.0003964703355450183,0.00033329776488244534,0.003439979860559106,0.9748445749282837
clip_zero_shot,translation_8_up,test_00409,409,2,car,2,car,0.9800831079483032,True,0.001039626426063478,0.0010153362527489662,0.9800831079483032,0.0007542044040746987,0.00013818274601362646,0.001076647313311696,0.001580899115651846,0.001352250692434609,0.0013860728358849883,0.01157352514564991
clip_zero_shot,translation_8_up,test_06954,6954,1,bird,1,bird,0.9741511940956116,True,0.0005160493310540915,0.9741511940956116,0.001827579690143466,0.008173867128789425,0.00016208815213758498,0.006157520227134228,0.00039077052497304976,0.004928342066705227,0.0005958288675174117,0.003096496919170022
clip_zero_shot,translation_8_up,test_07555,7555,6,horse,6,horse,0.9610149264335632,True,0.001434604055248201,0.0008599333232268691,0.009468856267631054,0.0005495432997122407,0.002839733147993684,0.004182501696050167,0.9610149264335632,0.0008730972185730934,0.0008924563298933208,0.017884381115436554
clip_zero_shot,translation_8_up,test_03965,3965,0,airplane,0,airplane,0.9662636518478394,True,0.9662636518478394,0.02324930764734745,0.0017303924541920424,0.0001958936481969431,0.0004018342006020248,0.0007164370617829263,0.0007559842197224498,0.0017323242500424385,0.00441840011626482,0.0005357082118280232
clip_zero_shot,translation_8_up,test_07266,7266,9,truck,9,truck,0.9574917554855347,True,0.00012539194722194225,0.0048216599971055984,0.023211941123008728,0.0014836038462817669,0.0043753343634307384,0.002535308012738824,0.0035850408021360636,0.0006476541166193783,0.0017222815658897161,0.9574917554855347
clip_zero_shot,translation_8_up,test_04785,4785,0,airplane,0,airplane,0.9457163214683533,True,0.9457163214683533,0.015507771633565426,0.00948130153119564,0.00222957250662148,0.0010583729017525911,0.0011273070704191923,0.003286345163360238,0.002640773309394717,0.014097165316343307,0.004855087958276272
clip_zero_shot,translation_8_up,test_06028,6028,2,car,2,car,0.9846183657646179,True,0.00019946099200751632,0.0013126615667715669,0.9846183657646179,0.0006700046942569315,0.0010628310265019536,0.0012944964691996574,0.0031338841654360294,0.00010522369120735675,0.0008359283674508333,0.00676707923412323
clip_zero_shot,translation_8_up,test_06503,6503,2,car,2,car,0.8204778432846069,True,0.001988374162465334,0.004652849398553371,0.8204778432846069,0.0005195994162932038,0.004170771222561598,0.0009225341491401196,0.0006339777028188109,0.0004293874080758542,0.0045549157075583935,0.16164983808994293
clip_zero_shot,translation_8_up,test_06414,6414,5,dog,5,dog,0.7785744071006775,True,0.00039580464363098145,0.005149336531758308,0.0014333734288811684,0.18729174137115479,0.006114149000495672,0.7785744071006775,0.005964352283626795,0.012693324126303196,0.0014130336930975318,0.0009705147822387516
clip_zero_shot,translation_8_up,test_05382,5382,6,horse,6,horse,0.990250289440155,True,2.8973952794331126e-05,0.0003463373868726194,0.006821589544415474,0.00013732616207562387,0.00019400141900405288,0.0008952570497058332,0.990250289440155,6.664844113402069e-05,0.0003135463048238307,0.0009460164001211524
clip_zero_shot,translation_8_up,test_06836,6836,1,bird,1,bird,0.9981012940406799,True,4.254574378137477e-05,0.9981012940406799,0.00014694983838126063,0.0002036165096797049,3.448029747232795e-05,0.00046521154581569135,0.00010591690079309046,0.0005800981307402253,0.00015289985458366573,0.00016705135931260884
clip_zero_shot,translation_8_up,test_06508,6508,4,deer,4,deer,0.9744346737861633,True,4.91588207296445e-06,0.0009543327614665031,5.4276431910693645e-05,0.00013587591820396483,0.9744346737861633,0.004515291657298803,0.01906324364244938,0.0007232483476400375,3.5623335861600935e-05,7.845603249734268e-05
clip_zero_shot,translation_8_up,test_03994,3994,4,deer,4,deer,0.9897111058235168,True,5.455368409457151e-06,0.0020696481224149466,0.0003862158046104014,0.0010899147018790245,0.9897111058235168,0.003952165134251118,0.0004919315688312054,0.002161856275051832,4.830527541344054e-05,8.34555976325646e-05
clip_zero_shot,translation_8_up,test_03942,3942,9,truck,9,truck,0.98646080493927,True,4.736530900117941e-05,0.0007744270260445774,0.009755903854966164,0.00020437386410776526,4.431433990248479e-05,0.0004956966149620712,0.00053324707550928,0.0001277308037970215,0.001556100556626916,0.98646080493927
clip_zero_shot,translation_8_up,test_03542,3542,7,monkey,7,monkey,0.9992363452911377,True,1.6689136828063056e-07,6.291858881013468e-05,9.388580110680778e-06,0.00014342612121254206,3.606794734878349e-06,0.0005074395448900759,2.5902289053192362e-05,0.9992363452911377,2.296027332704398e-06,8.632437129563186e-06
clip_zero_shot,translation_8_up,test_06952,6952,3,cat,3,cat,0.9720748066902161,True,0.00010306808690074831,0.0130366962403059,0.0006013459642417729,0.9720748066902161,0.00045598408905789256,0.008977396413683891,0.0010041591012850404,0.0031777331605553627,0.0003606374666560441,0.00020827156549785286
clip_zero_shot,translation_8_up,test_04290,4290,5,dog,4,deer,0.625603973865509,False,0.0003318708040751517,0.002893752185627818,0.0010536557529121637,0.12289489805698395,0.625603973865509,0.09117735922336578,0.14768415689468384,0.0067158290185034275,0.0009059014264494181,0.0007387098157778382
clip_zero_shot,translation_8_up,test_07446,7446,8,ship,8,ship,0.996364414691925,True,0.0005811888258904219,0.0004390617832541466,0.0005360896466299891,0.00021745335834566504,0.0002625811321195215,0.0002681822807062417,0.0009747219737619162,0.00014692485274281353,0.996364414691925,0.00020935991778969765
clip_zero_shot,translation_8_up,test_06169,6169,1,bird,1,bird,0.9467377662658691,True,0.004320890177041292,0.9467377662658691,0.0010466171661391854,0.0010161454556509852,0.004445194732397795,0.006981025915592909,0.020181821659207344,0.0010468848049640656,0.010962833650410175,0.0032606523018330336
clip_zero_shot,translation_8_up,test_01109,1109,1,bird,1,bird,0.9837612509727478,True,0.0076711541041731834,0.9837612509727478,0.0001451970310881734,0.0009452932863496244,0.0005490423063747585,0.003394302912056446,0.0012075643753632903,0.0004721751611214131,0.0014750725822523236,0.0003788827161770314
clip_zero_shot,translation_8_up,test_03179,3179,4,deer,4,deer,0.9921388030052185,True,2.146825318050105e-05,0.0001439385232515633,0.0002593511308077723,6.43670282443054e-05,0.9921388030052185,0.0018989641685038805,0.005069722421467304,2.908929127443116e-05,3.672667662613094e-05,0.00033744185930117965
clip_zero_shot,translation_8_up,test_07835,7835,7,monkey,7,monkey,0.9989012479782104,True,2.9829030268047063e-07,0.00024248506815638393,6.5022395574487746e-06,0.00012501956371124834,1.6049638361437246e-05,0.0005414405604824424,0.00015216875181067735,0.9989012479782104,2.8253909931663657e-06,1.1876274584210478e-05
clip_zero_shot,translation_8_up,test_07390,7390,1,bird,1,bird,0.9842288494110107,True,0.010334528051316738,0.9842288494110107,0.0010104755638167262,0.00018246631952933967,1.1463145710877143e-05,0.0003476167912594974,0.00042866772855632007,0.00014443280815612525,0.0010915098246186972,0.002219992456957698
clip_zero_shot,translation_8_up,test_00568,568,5,dog,5,dog,0.9563378095626831,True,5.31944097019732e-05,0.0007855707663111389,0.00043866102350875735,0.02267773076891899,0.0025354954414069653,0.9563378095626831,0.0016994450706988573,0.014372782781720161,0.0003090159152634442,0.000790274643804878
clip_zero_shot,translation_8_up,test_04629,4629,4,deer,4,deer,0.9965104460716248,True,2.9453362003550865e-05,0.0008227807702496648,0.00026643951423466206,7.563949475297704e-05,0.9965104460716248,0.000927656888961792,0.001093897968530655,7.289206405403093e-05,5.2113686251686886e-05,0.00014857704809401184
clip_zero_shot,translation_8_up,test_07138,7138,8,ship,8,ship,0.9977366924285889,True,5.324378071236424e-05,0.0002642640902195126,0.00016839415184222162,4.11394503316842e-05,7.579413068015128e-05,7.738904969301075e-05,0.0001657249522395432,3.546949301380664e-05,0.9977366924285889,0.0013818746665492654
clip_zero_shot,translation_8_up,test_05284,5284,9,truck,9,truck,0.9856782555580139,True,4.799690213985741e-05,0.0006036882405169308,0.01174111757427454,0.00020955230866093189,0.00015539639571215957,0.000220848509343341,0.00047478024498559535,3.852843656204641e-05,0.0008297793101519346,0.9856782555580139
clip_zero_shot,translation_8_up,test_00003,3,0,airplane,0,airplane,0.9469836950302124,True,0.9469836950302124,0.00542428670451045,0.007550119888037443,0.001581221236847341,0.00044872501166537404,0.0008283975766971707,0.0008925154688768089,0.0022682242561131716,0.030799685046076775,0.0032231267541646957
clip_zero_shot,translation_8_up,test_02690,2690,1,bird,1,bird,0.9962323307991028,True,7.09446903783828e-05,0.9962323307991028,4.227478711982258e-05,0.0004924425156787038,0.00047845192602835596,0.0003679665387608111,2.8047543310094625e-05,0.0020989119075238705,0.000140560936415568,4.798472218681127e-05
clip_zero_shot,translation_8_up,test_05858,5858,6,horse,6,horse,0.9947369694709778,True,6.137361765468086e-07,9.32172333705239e-05,4.1867107938742265e-05,0.00031040157773531973,0.00031842628959566355,0.004026140086352825,0.9947369694709778,0.00043921166798099875,8.435602467216086e-06,2.465313627908472e-05
clip_zero_shot,translation_8_up,test_01266,1266,4,deer,4,deer,0.9966467022895813,True,3.2721786737965886e-06,0.000639365694951266,5.729070107918233e-05,8.141952275764197e-05,0.9966467022895813,0.0011692325351759791,0.0011622175807133317,0.00018923889729194343,1.6871970728971064e-05,3.444936010055244e-05
clip_zero_shot,translation_8_up,test_03034,3034,4,deer,4,deer,0.9965516328811646,True,7.2612238000147045e-06,0.0008358231279999018,4.8873305786401033e-05,0.00010472294525243342,0.9965516328811646,0.0017187964404001832,0.0005640294984914362,0.00011270825052633882,5.502186468220316e-06,5.0576130888657644e-05
clip_zero_shot,translation_8_up,test_02655,2655,9,truck,9,truck,0.9805481433868408,True,0.00033165060449391603,0.00029583877767436206,0.010946391150355339,0.00013828523515257984,8.333906589541584e-05,0.0002532359794713557,0.0013972255401313305,0.0010026515228673816,0.0050032660365104675,0.9805481433868408
clip_zero_shot,translation_8_up,test_06190,6190,7,monkey,7,monkey,0.9976281523704529,True,2.8981867217225954e-07,0.0008378471247851849,1.1047912266803905e-05,0.0007287288317456841,1.6854508430697024e-05,0.0007247976027429104,3.766694862861186e-05,0.9976281523704529,3.336137524456717e-06,1.128415715356823e-05
clip_zero_shot,translation_8_up,test_04170,4170,8,ship,8,ship,0.9937322735786438,True,0.0001243842561962083,0.0008370622526854277,0.0004617356462404132,0.0005445257411338389,0.0007341090240515769,0.00045139671419747174,0.000439454015577212,9.142544877249748e-05,0.9937322735786438,0.002583699068054557
clip_zero_shot,translation_8_up,test_07380,7380,9,truck,9,truck,0.9895322322845459,True,7.386063225567341e-05,0.00040482115582562983,0.007307571358978748,0.00018735304183792323,0.00012399634579196572,0.0003445259644649923,0.0010758580174297094,6.901501910760999e-05,0.0008808256243355572,0.9895322322845459
clip_zero_shot,translation_8_up,test_07752,7752,9,truck,9,truck,0.9037388563156128,True,0.0006010918878018856,0.0022589247673749924,0.06873141974210739,0.0018256206531077623,0.0007917949697002769,0.0030579459853470325,0.006669480353593826,0.0018118006410077214,0.010513038374483585,0.9037388563156128
clip_zero_shot,translation_8_up,test_03996,3996,9,truck,9,truck,0.9858280420303345,True,0.00011444706615293398,0.00033160665770992637,0.005477480590343475,0.00022863069898448884,0.00036444811848923564,0.0003164511581417173,0.0007944382959976792,5.70551237615291e-05,0.0064873965457081795,0.9858280420303345
clip_zero_shot,translation_8_up,test_01204,1204,3,cat,3,cat,0.9022659063339233,True,6.268615834414959e-05,0.025430884212255478,0.0015845326706767082,0.9022659063339233,0.024124089628458023,0.009057324379682541,0.002438829280436039,0.03415871784090996,0.00031338297412730753,0.0005637542926706374
clip_zero_shot,translation_8_up,test_01654,1654,9,truck,9,truck,0.9839986562728882,True,4.943619933328591e-05,0.0006680165533907712,0.009189026430249214,0.0008069953764788806,0.00019978306954726577,0.001436680555343628,0.0014861413510516286,8.388394780922681e-05,0.002081461949273944,0.9839986562728882
clip_zero_shot,translation_8_up,test_04746,4746,6,horse,6,horse,0.9986775517463684,True,1.5709377976236283e-06,0.00019579501531552523,1.62530668603722e-05,0.00011059602547902614,0.00012709970178548247,0.0007576991920359433,0.9986775517463684,7.764885958749801e-05,7.81215203460306e-06,2.7957508791587315e-05
clip_zero_shot,translation_8_up,test_04590,4590,3,cat,3,cat,0.983235776424408,True,1.249278739123838e-05,0.00044116273056715727,0.00013758412387687713,0.983235776424408,0.0002519155677873641,0.011435391381382942,0.001011196174658835,0.0032562902197241783,0.00012813859211746603,9.008456254377961e-05
clip_zero_shot,translation_8_up,test_00562,562,0,airplane,0,airplane,0.9345287680625916,True,0.9345287680625916,0.010535936802625656,0.003752235323190689,0.0011340483324602246,0.00044382616761140525,0.0013427913654595613,0.001305455807596445,0.0020280475728213787,0.04346424341201782,0.0014646787894889712
clip_zero_shot,translation_8_up,test_07108,7108,6,horse,6,horse,0.9960032105445862,True,4.047023321618326e-05,5.186796624911949e-05,0.0009079515584744513,9.238884376827627e-05,0.00013922587095294148,0.0006551439873874187,0.9960032105445862,2.138403033313807e-05,0.000310922390781343,0.0017774489242583513
clip_zero_shot,translation_8_up,test_05999,5999,0,airplane,0,airplane,0.9881221652030945,True,0.9881221652030945,0.005164767149835825,0.003442504908889532,0.0001288690255023539,0.0006549091194756329,0.0003073709667660296,0.00020139163825660944,0.0007608999731019139,0.0009482710738666356,0.00026882902602665126
clip_zero_shot,translation_8_up,test_01403,1403,2,car,2,car,0.9511876702308655,True,0.00012804487778339535,0.0002640930761117488,0.9511876702308655,0.00022477118181996047,0.00011190852819709107,0.000714565219823271,0.0005760911735706031,0.00029771492700092494,0.0006568810786120594,0.04583815112709999
clip_zero_shot,translation_8_up,test_04403,4403,7,monkey,7,monkey,0.9992755055427551,True,4.083755698047753e-07,2.593365752545651e-05,5.895086360396817e-06,1.89666297956137e-05,1.9510742276906967e-05,0.0006008107447996736,4.573340993374586e-05,0.9992755055427551,8.247713481068786e-07,6.41226370134973e-06
clip_zero_shot,translation_8_up,test_06332,6332,2,car,2,car,0.9416192173957825,True,0.0013563719112426043,0.0023326522205024958,0.9416192173957825,0.0001875177986221388,0.00025106154498644173,0.0011784408707171679,0.0008236262947320938,3.279020529589616e-05,0.003310495289042592,0.048907872289419174
clip_zero_shot,translation_8_up,test_06264,6264,2,car,2,car,0.9873796701431274,True,4.265963798388839e-05,0.000742295989766717,0.9873796701431274,0.0013795207487419248,0.0003723631671164185,0.003123127156868577,0.0006929498049430549,0.0003535234136506915,0.0029552483465522528,0.002958620898425579
clip_zero_shot,translation_8_up,test_00303,303,9,truck,9,truck,0.9956055283546448,True,2.683461207197979e-05,7.827992521924898e-05,0.002743074204772711,9.679545473773032e-05,5.0950449804076925e-05,0.00015726684068795294,0.0005058763781562448,3.323899727547541e-05,0.0007021844503469765,0.9956055283546448
clip_zero_shot,translation_8_up,test_00791,791,3,cat,3,cat,0.9855737090110779,True,8.469673048239201e-05,0.0009559146128594875,0.00015788550081197172,0.9855737090110779,0.0003119239117950201,0.009111684747040272,0.001049310201779008,0.0022863680496811867,0.00027473687077872455,0.0001938242930918932
clip_zero_shot,translation_8_up,test_03067,3067,2,car,2,car,0.8920840620994568,True,0.0035971098113805056,0.0009269047295674682,0.8920840620994568,0.0021999767050147057,0.0005820447113364935,0.001093603204935789,0.02274193800985813,0.0010521773947402835,0.01110774651169777,0.06461446732282639
clip_zero_shot,translation_8_up,test_00484,484,0,airplane,0,airplane,0.9322217702865601,True,0.9322217702865601,0.008886173367500305,0.0011010144371539354,0.0005699581233784556,0.00020209881768096238,0.0015996857546269894,0.00022223028645385057,0.0007449822151102126,0.05433047562837601,0.00012160759069956839
clip_zero_shot,translation_8_up,test_01370,1370,3,cat,3,cat,0.9737406373023987,True,0.00011818385246442631,0.0010664305882528424,0.0005292744608595967,0.9737406373023987,0.0010587049182504416,0.01877967268228531,0.0011445125564932823,0.003024783916771412,0.00033661857014521956,0.00020100644906051457
clip_zero_shot,translation_8_up,test_04069,4069,8,ship,8,ship,0.9515871405601501,True,0.0041451845318078995,0.0075355819426476955,0.007892297580838203,0.0007437082240357995,0.0017825597897171974,0.002714908216148615,0.0015354292700067163,0.012157098390161991,0.9515871405601501,0.009906109422445297
clip_zero_shot,translation_8_up,test_07373,7373,0,airplane,0,airplane,0.9794849753379822,True,0.9794849753379822,0.005346164107322693,0.003204113570973277,0.00011420495866332203,0.00015070482913870364,0.0002847753057722002,0.0002050271723419428,4.524349424173124e-05,0.010798931121826172,0.00036598320002667606
clip_zero_shot,translation_8_up,test_04330,4330,3,cat,5,dog,0.532403290271759,False,0.0001299319410463795,0.02423957549035549,0.0010182756232097745,0.031584713608026505,0.3410241901874542,0.532403290271759,0.01095365546643734,0.057039033621549606,0.0005659369053319097,0.0010413620620965958
clip_zero_shot,translation_8_up,test_05701,5701,5,dog,5,dog,0.9786414504051208,True,9.305634011980146e-05,0.001239105244167149,0.00017021821986418217,0.006188180297613144,0.00260723358951509,0.9786414504051208,0.002196243964135647,0.008199351839721203,0.0003077718720305711,0.00035741471219807863
clip_zero_shot,translation_8_up,test_07465,7465,0,airplane,0,airplane,0.9903755784034729,True,0.9903755784034729,0.004993460141122341,0.0003610502171795815,4.087013803655282e-05,0.00022898154566064477,0.00018728537543211132,0.0002895912330131978,0.0005755574675276875,0.002872719895094633,7.502686639782041e-05
clip_zero_shot,translation_8_up,test_01531,1531,3,cat,3,cat,0.44461217522621155,True,2.1121057216078043e-05,0.000555172679014504,0.00022393044491764158,0.44461217522621155,0.1542687863111496,0.37684980034828186,0.020518053323030472,0.0023274612613022327,0.0004160129465162754,0.0002074081712635234
clip_zero_shot,translation_8_up,test_04676,4676,8,ship,8,ship,0.9971201419830322,True,8.841342787491158e-05,0.0002122311998391524,8.02430440671742e-05,6.631719588767737e-05,0.00016794184921309352,0.00014012410247232765,0.0002345187240280211,0.00048123698798008263,0.9971201419830322,0.0014087478630244732
clip_zero_shot,translation_8_up,test_04531,4531,3,cat,3,cat,0.949684739112854,True,6.573704467882635e-06,0.0031895539723336697,0.0011052887421101332,0.949684739112854,0.019852545112371445,0.017788173630833626,0.0019686848390847445,0.005883564706891775,0.00016047990357037634,0.0003603078948799521
clip_zero_shot,translation_8_up,test_00706,706,8,ship,8,ship,0.9988505840301514,True,0.00012282063835300505,0.00012229794810991734,0.0002585627662483603,3.1865318305790424e-05,1.5205912859528325e-05,7.409940008074045e-05,0.00015704384713899344,4.4367872760631144e-05,0.9988505840301514,0.00032321485923603177
clip_zero_shot,translation_8_up,test_02844,2844,8,ship,8,ship,0.9977169036865234,True,0.00017540960106998682,0.0008668136433698237,0.0002520589914638549,0.00018289948638994247,0.00013553336611948907,0.00015096613788045943,0.0001984003756660968,0.0002797194756567478,0.9977169036865234,4.1214501834474504e-05
clip_zero_shot,translation_8_up,test_03755,3755,2,car,2,car,0.9891068339347839,True,0.00020033509645145386,0.0019707849714905024,0.9891068339347839,0.0005984427407383919,0.000796806940343231,0.001960164401680231,0.0010811520041897893,0.0004729171050712466,0.001264221384190023,0.002548367250710726
clip_zero_shot,translation_8_up,test_05848,5848,7,monkey,7,monkey,0.9978203773498535,True,1.9208575849916087e-06,0.0009649394196458161,2.8176771593280137e-05,0.0007113877218216658,8.471201726933941e-05,0.00031360238790512085,3.8133057387312874e-05,0.9978203773498535,2.0361734641483054e-05,1.6473999494337477e-05
clip_zero_shot,translation_8_up,test_02114,2114,9,truck,9,truck,0.7283244132995605,True,0.0017256428254768252,0.00393904373049736,0.21113018691539764,0.0025986572727560997,0.0019397484138607979,0.00494874082505703,0.021823793649673462,0.0017229722579941154,0.021846825256943703,0.7283244132995605
clip_zero_shot,translation_8_up,test_03876,3876,0,airplane,0,airplane,0.8634166121482849,True,0.8634166121482849,0.01105982344597578,0.03737139701843262,0.001526398933492601,0.003226287430152297,0.0020757142920047045,0.0020588894840329885,0.0018000990385189652,0.06295249611139297,0.014512374997138977
clip_zero_shot,translation_8_up,test_00677,677,3,cat,3,cat,0.9816686511039734,True,4.253871156834066e-05,0.0010484290542080998,0.00021623511565849185,0.9816686511039734,0.00022872720728628337,0.010357328690588474,0.001097349333576858,0.004917209502309561,0.0002204356133006513,0.00020298380695749074
clip_zero_shot,translation_8_up,test_02116,2116,1,bird,1,bird,0.9309261441230774,True,0.0009897534037008882,0.9309261441230774,0.0053345984779298306,0.03581133484840393,0.0038118914235383272,0.008874127641320229,0.0006381923449225724,0.0015154589200392365,0.001257654163055122,0.01084077451378107
clip_zero_shot,translation_8_up,test_04661,4661,7,monkey,7,monkey,0.9963083863258362,True,1.9256924588262336e-06,0.00029426798573695123,2.1690542780561373e-05,0.0006557111628353596,0.00012901304580736905,0.0024196836166083813,0.00013670852058567107,0.9963083863258362,6.3211032284016255e-06,2.6299529054085724e-05
clip_zero_shot,translation_8_up,test_02676,2676,6,horse,6,horse,0.9930477738380432,True,1.4225163795344997e-05,0.00012297541252337396,0.0034601271618157625,0.0001199606922455132,0.0004937077756039798,0.0019484406802803278,0.9930477738380432,0.0003582095669116825,0.00015799392713233829,0.00027659337501972914
clip_zero_shot,translation_8_up,test_03025,3025,0,airplane,0,airplane,0.8249154686927795,True,0.8249154686927795,0.009213687852025032,0.10878955572843552,0.0013634690549224615,0.00043023511534556746,0.0022792299278080463,0.002311857184395194,0.003248311346396804,0.003707947675138712,0.04374035447835922
clip_zero_shot,translation_8_up,test_04449,4449,9,truck,9,truck,0.8896058797836304,True,0.002198955276980996,0.0009087384096346796,0.09965426474809647,0.0002465127327013761,0.0002112617075908929,0.0009489191579632461,0.0020854701288044453,9.259103535441682e-05,0.004047422204166651,0.8896058797836304
clip_zero_shot,translation_8_up,test_00977,977,6,horse,6,horse,0.9969323873519897,True,2.2793677999288775e-05,0.0002494707587175071,5.9229074395261705e-05,0.0001680124260019511,0.0009987751254811883,0.0009251388837583363,0.9969323873519897,0.0004976273630745709,3.340629700687714e-05,0.00011316368181724101
clip_zero_shot,translation_8_up,test_04990,4990,8,ship,8,ship,0.9829744696617126,True,0.001625465345568955,0.0014506549341604114,0.0006015960825607181,0.0005334188463166356,0.0010823371121659875,0.00038853372097946703,0.0009223562083207071,0.0008897799416445196,0.9829744696617126,0.009531394578516483
clip_zero_shot,translation_8_up,test_07309,7309,0,airplane,0,airplane,0.9612316489219666,True,0.9612316489219666,0.009300091303884983,0.010547010228037834,8.57561535667628e-05,5.21165165991988e-05,0.0002141679433407262,0.0005860693636350334,0.0005662076873704791,0.014260227791965008,0.0031568242702633142
clip_zero_shot,translation_8_up,test_01048,1048,7,monkey,7,monkey,0.9953989386558533,True,7.581937779832515e-07,0.0005447600851766765,2.1620086045004427e-05,0.001766919158399105,0.0001004143850877881,0.001742979628033936,0.00036323125823400915,0.9953989386558533,6.215952453203499e-06,5.418975342763588e-05
clip_zero_shot,translation_8_up,test_03276,3276,3,cat,7,monkey,0.8289918303489685,False,5.196003257879056e-06,0.0014711701078340411,0.0003899209259543568,0.023058006539940834,0.022617286071181297,0.09421893209218979,0.028881089761853218,0.8289918303489685,0.00021764588018413633,0.0001490013673901558
clip_zero_shot,translation_8_up,test_05512,5512,2,car,9,truck,0.9094241261482239,False,0.0003366042219568044,0.0003377212560735643,0.08035469055175781,0.0001864732475951314,0.00014975460362620652,0.0008812964661046863,0.006577258929610252,0.00023966118169482797,0.0015124478377401829,0.9094241261482239
clip_zero_shot,translation_8_up,test_07692,7692,4,deer,4,deer,0.9945917725563049,True,1.9519911802490242e-05,0.0004682241997215897,0.0007898695766925812,0.00016750674694776535,0.9945917725563049,0.0014836236368864775,0.0015967950457707047,0.00020580351701937616,3.0608611268689856e-05,0.000646316388156265
clip_zero_shot,translation_8_up,test_01436,1436,1,bird,1,bird,0.9978360533714294,True,7.258005643961951e-05,0.9978360533714294,0.0001894094457384199,0.0003095389110967517,4.5834291086066514e-05,0.00042668532114475965,0.00014580394781660289,0.0005105537129566073,0.0002806518168654293,0.00018302496755495667
clip_zero_shot,translation_8_up,test_07544,7544,9,truck,9,truck,0.8442654609680176,True,0.0017384940292686224,0.0006136561278253794,0.10329975187778473,0.0005334634333848953,0.0007954109460115433,0.0023117917589843273,0.008096480742096901,0.0002655239950399846,0.03807992860674858,0.8442654609680176
clip_zero_shot,translation_8_up,test_03383,3383,3,cat,3,cat,0.9148239493370056,True,2.3574295482831076e-05,0.011158071458339691,0.004560235887765884,0.9148239493370056,0.018644563853740692,0.009977584704756737,0.002077258424833417,0.037351641803979874,0.0005559209384955466,0.0008271813858300447
clip_zero_shot,translation_8_up,test_01977,1977,0,airplane,0,airplane,0.7266401648521423,True,0.7266401648521423,0.1450892984867096,0.018025916069746017,0.005801689345389605,0.0005690416437573731,0.020642545074224472,0.01098226010799408,0.007085313089191914,0.06334009766578674,0.001823654631152749
clip_zero_shot,translation_8_up,test_02750,2750,0,airplane,0,airplane,0.6547266244888306,True,0.6547266244888306,0.06239510700106621,0.03713805601000786,0.0016688323812559247,0.0005193065735511482,0.004437895026057959,0.0015987958759069443,0.015468163415789604,0.20385611057281494,0.018191013485193253
clip_zero_shot,translation_8_up,test_07996,7996,6,horse,6,horse,0.9959866404533386,True,1.2596206943271682e-05,0.00043467487557791173,0.00030589086236432195,0.00029233109671622515,0.0005927876336500049,0.0015680555952712893,0.9959866404533386,0.0002735834277700633,0.00014428443682845682,0.0003891891974490136
clip_zero_shot,translation_8_up,test_06989,6989,5,dog,5,dog,0.7992682456970215,True,1.6213667549891397e-05,0.00031908677192404866,0.00044437317410483956,0.038921937346458435,0.011774885468184948,0.7992682456970215,0.1456172615289688,0.0031687626615166664,0.00022417311265598983,0.00024503807071596384
clip_zero_shot,translation_8_up,test_01431,1431,3,cat,3,cat,0.9654959440231323,True,0.00018754378834273666,0.00670664245262742,0.0007640239782631397,0.9654959440231323,0.00041248873458243906,0.017468156293034554,0.0026532101910561323,0.005189395509660244,0.0005920371622778475,0.0005305287195369601
clip_zero_shot,translation_8_up,test_07416,7416,3,cat,3,cat,0.9648305177688599,True,0.0002520966518204659,0.006008408032357693,0.001831877394579351,0.9648305177688599,0.0005784159293398261,0.012176505289971828,0.004639760125428438,0.005639319308102131,0.0025664030108600855,0.0014767691027373075
clip_zero_shot,translation_8_up,test_04547,4547,5,dog,5,dog,0.9855890870094299,True,5.058660826762207e-05,0.0005592044326476753,0.00015290277951862663,0.0023720120079815388,0.0006336797378025949,0.9855890870094299,0.0008002278045751154,0.009326805360615253,0.0003551436238922179,0.00016025234072003514
clip_zero_shot,translation_8_up,test_00042,42,0,airplane,0,airplane,0.9517649412155151,True,0.9517649412155151,0.03490137681365013,0.0034797796979546547,0.0001645666197873652,0.00019204957061447203,0.0011259244056418538,0.0013780754525214434,0.0013885237276554108,0.0036345217376947403,0.0019701053388416767
clip_zero_shot,translation_8_up,test_05117,5117,0,airplane,0,airplane,0.8359702825546265,True,0.8359702825546265,0.10565653443336487,0.014849112369120121,0.002280810382217169,0.0003365774464327842,0.006394531577825546,0.003344567958265543,0.0011995070381090045,0.02796422690153122,0.0020039055962115526
clip_zero_shot,translation_8_up,test_04411,4411,6,horse,6,horse,0.9870249032974243,True,0.0003498612786643207,0.0004244122828822583,0.0007304708706215024,0.0002337830956093967,0.0025296369567513466,0.005496560595929623,0.9870249032974243,0.0016279597766697407,0.0007678197580389678,0.0008145448518916965
clip_zero_shot,translation_8_up,test_05789,5789,4,deer,4,deer,0.9880118370056152,True,0.00014239884330891073,0.0006589430849999189,0.0004388753732200712,0.00010638869571266696,0.9880118370056152,0.0038801468908786774,0.006169337313622236,6.544298958033323e-05,0.00010602952534100041,0.0004205901059322059
clip_zero_shot,translation_8_up,test_00483,483,2,car,2,car,0.9873130917549133,True,0.0006500115850940347,0.0002464720164425671,0.9873130917549133,0.00013013975694775581,4.214749060338363e-05,0.00027848401805385947,0.005988224875181913,2.5383682441315614e-05,0.0006776012596674263,0.004648386500775814
clip_zero_shot,translation_8_up,test_06650,6650,7,monkey,7,monkey,0.9958298802375793,True,6.718623808410484e-06,0.0016493166331201792,0.00015680442447774112,0.0004041793290525675,9.130751095653977e-06,0.00147068384103477,0.00013768831558991224,0.9958298802375793,0.0001945349358720705,0.00014100244152359664
clip_zero_shot,translation_8_up,test_04881,4881,3,cat,3,cat,0.7634676098823547,True,5.014253474655561e-05,0.08221752196550369,0.0010456827003508806,0.7634676098823547,0.0050221835263073444,0.004431757144629955,0.0007426451193168759,0.14154525101184845,0.0012726340210065246,0.00020456367929000407
clip_zero_shot,translation_8_up,test_00391,391,3,cat,3,cat,0.872148871421814,True,2.654920899658464e-05,0.009533469565212727,0.00042155079427175224,0.872148871421814,0.08205368369817734,0.01897168718278408,0.0019822167232632637,0.014554616063833237,8.977936522569507e-05,0.00021735821792390198
clip_zero_shot,translation_8_up,test_00370,370,7,monkey,7,monkey,0.9985382556915283,True,5.200736836741271e-07,0.00018037855625152588,1.2149438589403871e-05,0.00023298108135350049,4.2425831452419516e-06,0.0009692633175291121,3.9494359953096136e-05,0.9985382556915283,5.718119155062595e-06,1.6989162759273313e-05
clip_zero_shot,translation_8_up,test_00419,419,9,truck,9,truck,0.9917700290679932,True,9.472076635574922e-05,8.971591159934178e-05,0.0043892706744372845,8.31420547910966e-05,0.00030124594923108816,0.00022592165623791516,0.0026088585145771503,3.8758345908718184e-05,0.0003982936905231327,0.9917700290679932
clip_zero_shot,translation_8_up,test_03318,3318,9,truck,9,truck,0.9404466152191162,True,7.285444007720798e-05,0.001517190132290125,0.0391545295715332,0.0013471717247739434,0.0006911656237207353,0.0038111614994704723,0.0025236213114112616,0.009287412278354168,0.0011482732370495796,0.9404466152191162
clip_zero_shot,translation_8_up,test_04355,4355,8,ship,8,ship,0.9756105542182922,True,0.02210140787065029,0.0006174344453029335,0.0005003332626074553,7.980231021065265e-05,5.556931137107313e-05,5.473200508276932e-05,4.981732854503207e-05,0.00022029921819921583,0.9756105542182922,0.0007099839276634157
clip_zero_shot,translation_8_up,test_05402,5402,4,deer,4,deer,0.9268390536308289,True,7.992320024641231e-05,0.0010313877137377858,0.0005332613363862038,7.448822725564241e-05,0.9268390536308289,0.002639076206833124,0.06757178157567978,0.00013223939458839595,0.00022859075397718698,0.0008701040060259402
clip_zero_shot,translation_8_up,test_05332,5332,5,dog,5,dog,0.9206265211105347,True,8.164780592778698e-05,0.000367221946362406,0.00032289253431372344,0.0009868693305179477,0.003351110266521573,0.9206265211105347,0.07156644761562347,0.001399932662025094,0.0002294184232596308,0.0010679825209081173
clip_zero_shot,translation_8_up,test_00239,239,9,truck,9,truck,0.9777719974517822,True,5.7304001529701054e-05,0.0004713701200671494,0.007334083318710327,0.0004129612061660737,0.0024096190463751554,0.0009155150037258863,0.009979575872421265,0.00034171753213740885,0.00030592127586714923,0.9777719974517822
clip_zero_shot,translation_8_up,test_06271,6271,2,car,2,car,0.9708591103553772,True,0.0010494310408830643,0.004075684584677219,0.9708591103553772,0.0012125320499762893,0.001193405594676733,0.0015378942480310798,0.002761704381555319,0.0006185381207615137,0.008711517788469791,0.007980305701494217
clip_zero_shot,translation_8_up,test_01129,1129,8,ship,8,ship,0.9951076507568359,True,2.1755833586212248e-05,0.00021827001182828099,8.096279634628445e-05,7.952596934046596e-05,0.00017208779172506183,6.18782069068402e-05,0.00039615746936760843,0.0002614882541820407,0.9951076507568359,0.0036003203131258488
clip_zero_shot,translation_8_up,test_02391,2391,5,dog,5,dog,0.9792806506156921,True,0.0001346812496194616,0.001845414051786065,0.00014452965115197003,0.0012636969331651926,0.011956806294620037,0.9792806506156921,0.0033813512418419123,0.0014711689436808228,7.561565871583298e-05,0.0004460700729396194
clip_zero_shot,translation_8_up,test_00191,191,9,truck,9,truck,0.7155939936637878,True,0.0002807807468343526,8.332427387358621e-05,0.2821829617023468,0.00010136555647477508,3.4875327401096e-05,0.00012112607510061935,0.0003484635381028056,3.8002875953679904e-05,0.0012150724651291966,0.7155939936637878
clip_zero_shot,translation_8_up,test_05447,5447,9,truck,9,truck,0.9923204779624939,True,7.438886677846313e-05,0.0001568164152558893,0.0034210868179798126,0.0001783087500371039,0.00011221216118428856,0.00042972841765731573,0.002064764965325594,7.790059316903353e-05,0.001164321438409388,0.9923204779624939
clip_zero_shot,translation_8_up,test_06528,6528,4,deer,4,deer,0.9955062866210938,True,1.132051784225041e-05,0.0011035364586859941,0.00040364052983932197,0.00015887826157268137,0.9955062866210938,0.0015379204414784908,0.000759973656386137,0.00040504569187760353,4.259266006556572e-06,0.00010916242899838835
