model,condition,identifier,dataset_index,true_class_id,true_class_name,predicted_class_id,predicted_class_name,maximum_confidence,correct,probability_airplane,probability_bird,probability_car,probability_cat,probability_deer,probability_dog,probability_horse,probability_monkey,probability_ship,probability_truck
clip_vit_b_32_linear,translation_32_down,test_00632,632,3,cat,3,cat,0.18111711740493774,True,0.07418061047792435,0.11475204676389694,0.07713111490011215,0.18111711740493774,0.10542592406272888,0.10062144696712494,0.08639809489250183,0.11943262070417404,0.07095576077699661,0.0699853003025055
clip_vit_b_32_linear,translation_32_down,test_00131,131,9,truck,9,truck,0.17269349098205566,True,0.10548699647188187,0.08467213064432144,0.10137390345335007,0.07945416122674942,0.09335868060588837,0.08949200809001923,0.08432412892580032,0.07829475402832031,0.1108497679233551,0.17269349098205566
clip_vit_b_32_linear,translation_32_down,test_07081,7081,7,monkey,7,monkey,0.16374419629573822,True,0.08874447643756866,0.12429624050855637,0.07427365332841873,0.1081451028585434,0.10878597944974899,0.09925801306962967,0.08733987808227539,0.16374419629573822,0.07449021935462952,0.07092223316431046
clip_vit_b_32_linear,translation_32_down,test_01836,1836,9,truck,9,truck,0.17937040328979492,True,0.1117839366197586,0.08025134354829788,0.10532854497432709,0.07506650686264038,0.08408618718385696,0.0826089158654213,0.09099569171667099,0.07385173439979553,0.11665664613246918,0.17937040328979492
clip_vit_b_32_linear,translation_32_down,test_06437,6437,0,airplane,0,airplane,0.18723754584789276,True,0.18723754584789276,0.09161002933979034,0.09644565731287003,0.0722925215959549,0.08328226953744888,0.08875507116317749,0.08390139788389206,0.08407875150442123,0.11331845819950104,0.09907837957143784
clip_vit_b_32_linear,translation_32_down,test_06609,6609,0,airplane,0,airplane,0.206825390458107,True,0.206825390458107,0.09669056534767151,0.09543713182210922,0.0742565467953682,0.08472620695829391,0.08438144624233246,0.09288502484560013,0.07940766960382462,0.09323078393936157,0.09215925633907318
clip_vit_b_32_linear,translation_32_down,test_03467,3467,7,monkey,7,monkey,0.13057510554790497,True,0.08125262707471848,0.10903914272785187,0.07434844225645065,0.1268998235464096,0.12016421556472778,0.11668138951063156,0.09449081122875214,0.13057510554790497,0.06861132383346558,0.0779370442032814
clip_vit_b_32_linear,translation_32_down,test_01401,1401,3,cat,3,cat,0.17058728635311127,True,0.07686249911785126,0.1047886312007904,0.08100167661905289,0.17058728635311127,0.09653734415769577,0.11514246463775635,0.08658354729413986,0.12348023802042007,0.0717456191778183,0.07327071577310562
clip_vit_b_32_linear,translation_32_down,test_01839,1839,2,car,2,car,0.18397895991802216,True,0.10640691965818405,0.08334194868803024,0.18397895991802216,0.08469868451356888,0.08134029060602188,0.08771585673093796,0.08487969636917114,0.08584564924240112,0.09447532892227173,0.10731669515371323
clip_vit_b_32_linear,translation_32_down,test_04168,4168,3,cat,3,cat,0.1597364991903305,True,0.07831765711307526,0.09828470647335052,0.08376587927341461,0.1597364991903305,0.09788641333580017,0.12760710716247559,0.10512474179267883,0.09269852936267853,0.07880011945962906,0.07777836173772812
clip_vit_b_32_linear,translation_32_down,test_00035,35,2,car,2,car,0.1443253457546234,True,0.1163606271147728,0.08749153465032578,0.1443253457546234,0.07915707677602768,0.0883595272898674,0.08563090115785599,0.08594109863042831,0.07940011471509933,0.09984864294528961,0.13348515331745148
clip_vit_b_32_linear,translation_32_down,test_04177,4177,8,ship,8,ship,0.21334946155548096,True,0.11655651032924652,0.08011523634195328,0.08229043334722519,0.07157254219055176,0.08039577305316925,0.07687944918870926,0.07852945476770401,0.07496701180934906,0.21334946155548096,0.1253441870212555
clip_vit_b_32_linear,translation_32_down,test_07270,7270,7,monkey,7,monkey,0.1482580602169037,True,0.08244132250547409,0.10236497968435287,0.08422428369522095,0.11517773568630219,0.10704503953456879,0.10660586506128311,0.09572792053222656,0.1482580602169037,0.07655511051416397,0.0815996304154396
clip_vit_b_32_linear,translation_32_down,test_02265,2265,5,dog,5,dog,0.17849178612232208,True,0.07560659945011139,0.0907246321439743,0.08108711987733841,0.10773590952157974,0.10689609497785568,0.17849178612232208,0.10975854843854904,0.09444492310285568,0.07474236190319061,0.08051189035177231
clip_vit_b_32_linear,translation_32_down,test_03288,3288,7,monkey,7,monkey,0.1935582011938095,True,0.073356993496418,0.11661572754383087,0.0681261271238327,0.12603797018527985,0.11148986220359802,0.09289240837097168,0.08741622418165207,0.1935582011938095,0.0653204619884491,0.06518610566854477
clip_vit_b_32_linear,translation_32_down,test_05451,5451,8,ship,8,ship,0.1953432857990265,True,0.11879197508096695,0.08166277408599854,0.08450289815664291,0.07455594092607498,0.0873161181807518,0.08316531032323837,0.07914412021636963,0.07571451365947723,0.1953432857990265,0.1198030412197113
clip_vit_b_32_linear,translation_32_down,test_04023,4023,3,cat,4,deer,0.1329987645149231,False,0.07964938879013062,0.10675320029258728,0.07769662141799927,0.13081766664981842,0.1329987645149231,0.10689756274223328,0.0903467983007431,0.13024936616420746,0.06967334449291229,0.07491724193096161
clip_vit_b_32_linear,translation_32_down,test_00261,261,1,bird,1,bird,0.15489685535430908,True,0.09506304562091827,0.15489685535430908,0.07591529190540314,0.09803346544504166,0.1133854016661644,0.09519772231578827,0.09169401228427887,0.1188817024230957,0.07944286614656448,0.07748956233263016
clip_vit_b_32_linear,translation_32_down,test_04570,4570,5,dog,5,dog,0.16892458498477936,True,0.07737347483634949,0.09260046482086182,0.08097589015960693,0.11318720877170563,0.10164055228233337,0.16892458498477936,0.12027478963136673,0.0973527655005455,0.07244715094566345,0.07522308826446533
clip_vit_b_32_linear,translation_32_down,test_04966,4966,5,dog,5,dog,0.16456817090511322,True,0.07849602401256561,0.09192105382680893,0.08874763548374176,0.12099692225456238,0.0919671282172203,0.16456817090511322,0.10492757707834244,0.09700655192136765,0.07761026173830032,0.08375857025384903
clip_vit_b_32_linear,translation_32_down,test_07955,7955,1,bird,1,bird,0.18694211542606354,True,0.09402220696210861,0.18694211542606354,0.08085377514362335,0.10211510211229324,0.11728062480688095,0.09148164093494415,0.08070378750562668,0.10647103935480118,0.07141342759132385,0.06871622055768967
clip_vit_b_32_linear,translation_32_down,test_06288,6288,4,deer,4,deer,0.18110916018486023,True,0.07821045815944672,0.12055527418851852,0.07164554297924042,0.10754086077213287,0.18110916018486023,0.08711263537406921,0.09746398031711578,0.10868220776319504,0.07569589465856552,0.07198403030633926
clip_vit_b_32_linear,translation_32_down,test_07810,7810,8,ship,8,ship,0.1926429122686386,True,0.1189054548740387,0.08141976594924927,0.08079863339662552,0.0753769502043724,0.08763477206230164,0.0848628431558609,0.07941323518753052,0.07895626872777939,0.1926429122686386,0.11998920142650604
clip_vit_b_32_linear,translation_32_down,test_01927,1927,7,monkey,7,monkey,0.19903044402599335,True,0.07242246717214584,0.11399538069963455,0.07511294633150101,0.121153324842453,0.10900543630123138,0.0946320965886116,0.08748049288988113,0.19903044402599335,0.06287124007940292,0.06429608911275864
clip_vit_b_32_linear,translation_32_down,test_01871,1871,1,bird,1,bird,0.1354508250951767,True,0.07885397970676422,0.1354508250951767,0.08190422505140305,0.10799476504325867,0.10610666126012802,0.11054524779319763,0.11056185513734818,0.10066775977611542,0.08001379668712616,0.08790092170238495
clip_vit_b_32_linear,translation_32_down,test_06922,6922,5,dog,5,dog,0.17000983655452728,True,0.08349461108446121,0.09158938378095627,0.08726039528846741,0.11408663541078568,0.0942261666059494,0.17000983655452728,0.10644292831420898,0.09590014070272446,0.07870984077453613,0.07828009128570557
clip_vit_b_32_linear,translation_32_down,test_03512,3512,4,deer,4,deer,0.19199179112911224,True,0.07164871692657471,0.11329177021980286,0.06655678153038025,0.11224423348903656,0.19199179112911224,0.09925321489572525,0.09765170514583588,0.11475551128387451,0.06743095070123672,0.06517547369003296
clip_vit_b_32_linear,translation_32_down,test_04754,4754,6,horse,6,horse,0.18270225822925568,True,0.0807386264204979,0.08832710981369019,0.08237142115831375,0.09635434299707413,0.11723774671554565,0.11548025906085968,0.18270225822925568,0.08652892708778381,0.07403257489204407,0.07622681558132172
clip_vit_b_32_linear,translation_32_down,test_00714,714,2,car,2,car,0.12899437546730042,True,0.1042725071310997,0.08766236901283264,0.12899437546730042,0.08702291548252106,0.08557183295488358,0.09326168149709702,0.10962682962417603,0.08733103424310684,0.09932976216077805,0.11692670732736588
clip_vit_b_32_linear,translation_32_down,test_02191,2191,8,ship,8,ship,0.21640780568122864,True,0.12476328015327454,0.07931914180517197,0.07413365691900253,0.06934734433889389,0.08269637823104858,0.07793107628822327,0.07492721080780029,0.07674071192741394,0.21640780568122864,0.12373334169387817
clip_vit_b_32_linear,translation_32_down,test_04615,4615,0,airplane,0,airplane,0.1993408054113388,True,0.1993408054113388,0.08991920202970505,0.10013390332460403,0.07566414773464203,0.08858649432659149,0.08721211552619934,0.078724205493927,0.08218497037887573,0.10029039531946182,0.09794362634420395
clip_vit_b_32_linear,translation_32_down,test_04662,4662,8,ship,8,ship,0.22010420262813568,True,0.11536583304405212,0.0821412056684494,0.07914169132709503,0.06984793394804001,0.07970906049013138,0.07868517190217972,0.08252544701099396,0.07099750638008118,0.22010420262813568,0.12148191779851913
clip_vit_b_32_linear,translation_32_down,test_05915,5915,9,truck,9,truck,0.1697007268667221,True,0.11833594739437103,0.08120045065879822,0.10300609469413757,0.07291048765182495,0.09017643332481384,0.08672921359539032,0.09345012903213501,0.07711133360862732,0.10737907886505127,0.1697007268667221
clip_vit_b_32_linear,translation_32_down,test_00766,766,4,deer,6,horse,0.14673055708408356,False,0.078130342066288,0.09079652279615402,0.08194649964570999,0.0935976654291153,0.1222795769572258,0.10792616009712219,0.14673055708408356,0.10549327731132507,0.08047503978013992,0.09262445569038391
clip_vit_b_32_linear,translation_32_down,test_05218,5218,2,car,2,car,0.18426351249217987,True,0.11160540580749512,0.08115001767873764,0.18426351249217987,0.07603755593299866,0.08210694789886475,0.08710610121488571,0.09212487190961838,0.07953335344791412,0.09936477243900299,0.10670757293701172
clip_vit_b_32_linear,translation_32_down,test_02340,2340,8,ship,8,ship,0.2138420045375824,True,0.10909626632928848,0.08198342472314835,0.0840085968375206,0.0697316899895668,0.08273527026176453,0.07914882898330688,0.08066979050636292,0.07353365421295166,0.2138420045375824,0.1252504140138626
clip_vit_b_32_linear,translation_32_down,test_01954,1954,8,ship,8,ship,0.16551987826824188,True,0.1254105567932129,0.08739396184682846,0.08550950139760971,0.07493703812360764,0.09741091728210449,0.09024854749441147,0.0826907679438591,0.07810739427804947,0.16551987826824188,0.11277148872613907
clip_vit_b_32_linear,translation_32_down,test_07875,7875,8,ship,8,ship,0.18451988697052002,True,0.11485566943883896,0.08536886423826218,0.09236033260822296,0.07593853026628494,0.0867757648229599,0.08467739075422287,0.08341308683156967,0.07533343136310577,0.18451988697052002,0.11675694584846497
clip_vit_b_32_linear,translation_32_down,test_03418,3418,6,horse,6,horse,0.17275124788284302,True,0.08548471331596375,0.0908902958035469,0.08317583054304123,0.0952681452035904,0.10093959420919418,0.12004933506250381,0.17275124788284302,0.0836503729224205,0.08569050580263138,0.08209991455078125
clip_vit_b_32_linear,translation_32_down,test_05572,5572,9,truck,9,truck,0.1505255252122879,True,0.0931466743350029,0.08544263988733292,0.09877939522266388,0.08943203091621399,0.09276288747787476,0.09104067087173462,0.09997041523456573,0.09051351249217987,0.1083863154053688,0.1505255252122879
clip_vit_b_32_linear,translation_32_down,test_05977,5977,7,monkey,7,monkey,0.18081514537334442,True,0.0838220939040184,0.11852427572011948,0.0799064040184021,0.10149963200092316,0.10473538190126419,0.08574068546295166,0.0922369733452797,0.18081514537334442,0.0762317031621933,0.07648764550685883
clip_vit_b_32_linear,translation_32_down,test_05123,5123,1,bird,1,bird,0.16067717969417572,True,0.09520336985588074,0.16067717969417572,0.07050915062427521,0.10522732138633728,0.11695031821727753,0.08964046835899353,0.0876426175236702,0.12882986664772034,0.0753733217716217,0.06994638592004776
clip_vit_b_32_linear,translation_32_down,test_05851,5851,9,truck,9,truck,0.18929548561573029,True,0.10115809738636017,0.0776807963848114,0.09947987645864487,0.06963519752025604,0.08300377428531647,0.08454804122447968,0.09375251084566116,0.07148920744657516,0.12995700538158417,0.18929548561573029
clip_vit_b_32_linear,translation_32_down,test_04094,4094,9,truck,9,truck,0.1741235852241516,True,0.10169342160224915,0.08326105773448944,0.10095975548028946,0.07878558337688446,0.08829611539840698,0.08187620341777802,0.09012947976589203,0.07627919316291809,0.1245955303311348,0.1741235852241516
clip_vit_b_32_linear,translation_32_down,test_04254,4254,6,horse,6,horse,0.16849961876869202,True,0.0751969963312149,0.09779012948274612,0.08482944965362549,0.0981057658791542,0.11969510465860367,0.10634436458349228,0.16849961876869202,0.09636562317609787,0.0751853957772255,0.07798755913972855
clip_vit_b_32_linear,translation_32_down,test_02501,2501,7,monkey,7,monkey,0.1784054934978485,True,0.07652568817138672,0.106760174036026,0.07232023775577545,0.11803735047578812,0.110540471971035,0.101547010242939,0.09357672184705734,0.1784054934978485,0.06826525926589966,0.07402162998914719
clip_vit_b_32_linear,translation_32_down,test_06938,6938,1,bird,1,bird,0.20883704721927643,True,0.08654749393463135,0.20883704721927643,0.07506557554006577,0.09247596561908722,0.12031126767396927,0.08923032134771347,0.0807947963476181,0.10454867780208588,0.07570406049489975,0.06648478657007217
clip_vit_b_32_linear,translation_32_down,test_00171,171,4,deer,4,deer,0.17829369008541107,True,0.0816580280661583,0.10983660817146301,0.07824601978063583,0.1056024581193924,0.17829369008541107,0.1016552671790123,0.09628331661224365,0.09941365569829941,0.0725322887301445,0.07647866755723953
clip_vit_b_32_linear,translation_32_down,test_04215,4215,3,cat,3,cat,0.14171656966209412,True,0.08562899380922318,0.10837695002555847,0.08797243237495422,0.14171656966209412,0.09719038009643555,0.11092638969421387,0.08844578266143799,0.1036890372633934,0.09143110364675522,0.0846223533153534
clip_vit_b_32_linear,translation_32_down,test_05705,5705,8,ship,8,ship,0.2131434828042984,True,0.1189633160829544,0.08188657462596893,0.08061320334672928,0.06799445301294327,0.08384010940790176,0.07753703743219376,0.08068494498729706,0.07268169522285461,0.2131434828042984,0.12265525013208389
clip_vit_b_32_linear,translation_32_down,test_03458,3458,4,deer,4,deer,0.2000814527273178,True,0.082505002617836,0.10725836455821991,0.07089073210954666,0.09222894161939621,0.2000814527273178,0.09543098509311676,0.10928628593683243,0.0971340760588646,0.07028514891862869,0.0748991072177887
clip_vit_b_32_linear,translation_32_down,test_01220,1220,7,monkey,7,monkey,0.1892707347869873,True,0.07699071615934372,0.10864664614200592,0.07187803089618683,0.12539054453372955,0.11667279154062271,0.09077572077512741,0.08773887902498245,0.1892707347869873,0.06714131683111191,0.0654946118593216
clip_vit_b_32_linear,translation_32_down,test_00962,962,8,ship,8,ship,0.21316558122634888,True,0.11386433988809586,0.083250492811203,0.0854586809873581,0.07123671472072601,0.08242380619049072,0.07651843130588531,0.0827573835849762,0.07292064279317856,0.21316558122634888,0.11840395629405975
clip_vit_b_32_linear,translation_32_down,test_02950,2950,5,dog,5,dog,0.16885381937026978,True,0.07639728486537933,0.09169644862413406,0.08372156322002411,0.13164548575878143,0.10211241990327835,0.16885381937026978,0.10424849390983582,0.10109785199165344,0.06747061759233475,0.07275588810443878
clip_vit_b_32_linear,translation_32_down,test_02623,2623,5,dog,5,dog,0.16771502792835236,True,0.07757497578859329,0.08792752027511597,0.08357616513967514,0.1203550174832344,0.10067471861839294,0.16771502792835236,0.11240480840206146,0.10192886739969254,0.07358792424201965,0.07425504177808762
clip_vit_b_32_linear,translation_32_down,test_04539,4539,0,airplane,0,airplane,0.1994762122631073,True,0.1994762122631073,0.09514253586530685,0.09779203683137894,0.07360458374023438,0.08000392466783524,0.09030599147081375,0.09079430252313614,0.08430516719818115,0.09398896247148514,0.09458630532026291
clip_vit_b_32_linear,translation_32_down,test_01553,1553,0,airplane,0,airplane,0.17461659014225006,True,0.17461659014225006,0.0868157297372818,0.10288767516613007,0.07538479566574097,0.0828603059053421,0.08305615186691284,0.07429248094558716,0.09055749326944351,0.12717914581298828,0.1023496612906456
clip_vit_b_32_linear,translation_32_down,test_04740,4740,4,deer,4,deer,0.17886961996555328,True,0.08076708018779755,0.1035068929195404,0.07676411420106888,0.09463925659656525,0.17886961996555328,0.09881707280874252,0.1101238876581192,0.10524088144302368,0.07230827957391739,0.07896292209625244
clip_vit_b_32_linear,translation_32_down,test_06844,6844,0,airplane,0,airplane,0.19301728904247284,True,0.19301728904247284,0.10256337374448776,0.09251484274864197,0.07786037772893906,0.08457887917757034,0.08282358199357986,0.08183320611715317,0.09340380132198334,0.09574679285287857,0.09565785527229309
clip_vit_b_32_linear,translation_32_down,test_02668,2668,7,monkey,7,monkey,0.14963071048259735,True,0.07839776575565338,0.1173008531332016,0.06986242532730103,0.12843962013721466,0.1262005716562271,0.10116652399301529,0.09114651381969452,0.14963071048259735,0.06763828545808792,0.07021672278642654
clip_vit_b_32_linear,translation_32_down,test_03153,3153,7,monkey,7,monkey,0.1372760683298111,True,0.0775456428527832,0.11697333306074142,0.07558922469615936,0.12121026962995529,0.13069523870944977,0.09986242651939392,0.09612666815519333,0.1372760683298111,0.0711258202791214,0.0735953152179718
clip_vit_b_32_linear,translation_32_down,test_05135,5135,4,deer,4,deer,0.17536485195159912,True,0.07834282517433167,0.11080798506736755,0.06970682740211487,0.11772669106721878,0.17536485195159912,0.10514286160469055,0.1005648523569107,0.10564874857664108,0.06587616354227066,0.0708182156085968
clip_vit_b_32_linear,translation_32_down,test_02291,2291,3,cat,3,cat,0.1742679625749588,True,0.07550182938575745,0.10309633612632751,0.06806211918592453,0.1742679625749588,0.11298315227031708,0.10871623456478119,0.08258984237909317,0.14278119802474976,0.06574469059705734,0.06625659763813019
clip_vit_b_32_linear,translation_32_down,test_00116,116,1,bird,1,bird,0.15551799535751343,True,0.09265784174203873,0.15551799535751343,0.08241290599107742,0.10053440183401108,0.10822951048612595,0.10330262780189514,0.09260179847478867,0.10050388425588608,0.08037940412759781,0.08385976403951645
clip_vit_b_32_linear,translation_32_down,test_07797,7797,3,cat,3,cat,0.1609133929014206,True,0.07421284168958664,0.11875320971012115,0.07684270292520523,0.1609133929014206,0.12548016011714935,0.08686728775501251,0.08332439512014389,0.12356661260128021,0.07353217899799347,0.07650717347860336
clip_vit_b_32_linear,translation_32_down,test_04609,4609,3,cat,3,cat,0.14826905727386475,True,0.07628974318504333,0.11248551309108734,0.06654144823551178,0.14826905727386475,0.12487189471721649,0.11335846781730652,0.08930400758981705,0.13435149192810059,0.06660038232803345,0.06792795658111572
clip_vit_b_32_linear,translation_32_down,test_00081,81,0,airplane,0,airplane,0.16245058178901672,True,0.16245058178901672,0.09392891079187393,0.11482307314872742,0.0847652405500412,0.08480754494667053,0.08803026378154755,0.08173757046461105,0.08520881831645966,0.09800838679075241,0.10623965412378311
clip_vit_b_32_linear,translation_32_down,test_05580,5580,6,horse,6,horse,0.18495260179042816,True,0.08163050562143326,0.08398863673210144,0.08749108016490936,0.09993857145309448,0.09677011519670486,0.1192452609539032,0.18495260179042816,0.08497735857963562,0.07551588863134384,0.08548997342586517
clip_vit_b_32_linear,translation_32_down,test_03024,3024,2,car,2,car,0.1709311306476593,True,0.10893961787223816,0.08559223264455795,0.1709311306476593,0.07949208468198776,0.08293503522872925,0.09689408540725708,0.09097526967525482,0.07861901074647903,0.09050706773996353,0.11511444300413132
clip_vit_b_32_linear,translation_32_down,test_02766,2766,5,dog,5,dog,0.14887076616287231,True,0.08603288233280182,0.09201018512248993,0.08767460286617279,0.11789616197347641,0.09706401824951172,0.14887076616287231,0.10126393288373947,0.10321134328842163,0.07990751415491104,0.08606850355863571
clip_vit_b_32_linear,translation_32_down,test_05000,5000,8,ship,8,ship,0.18325868248939514,True,0.12766076624393463,0.08631616085767746,0.0766424611210823,0.07576077431440353,0.09291267395019531,0.07970499992370605,0.08364921063184738,0.08634689450263977,0.18325868248939514,0.10774733126163483
clip_vit_b_32_linear,translation_32_down,test_02610,2610,6,horse,6,horse,0.1504065841436386,True,0.08699382841587067,0.09151262789964676,0.08923161774873734,0.09850239753723145,0.1077909991145134,0.11388543993234634,0.1504065841436386,0.09275974333286285,0.08237729221582413,0.08653947710990906
clip_vit_b_32_linear,translation_32_down,test_02024,2024,0,airplane,0,airplane,0.18978294730186462,True,0.18978294730186462,0.09174732118844986,0.1018499806523323,0.07694064825773239,0.09328966587781906,0.0883963331580162,0.0869118794798851,0.08131492137908936,0.0971691682934761,0.09259714186191559
clip_vit_b_32_linear,translation_32_down,test_06097,6097,4,deer,4,deer,0.18463508784770966,True,0.08218586444854736,0.1021440252661705,0.07878680527210236,0.08979305624961853,0.18463508784770966,0.09019815921783447,0.11293671280145645,0.09670034795999527,0.08304181694984436,0.07957807183265686
clip_vit_b_32_linear,translation_32_down,test_00964,964,6,horse,6,horse,0.160232275724411,True,0.0882970541715622,0.09349452704191208,0.09489205479621887,0.0987464189529419,0.09878332167863846,0.10435902327299118,0.160232275724411,0.08954977244138718,0.08435600996017456,0.08728951960802078
clip_vit_b_32_linear,translation_32_down,test_07634,7634,0,airplane,0,airplane,0.20949232578277588,True,0.20949232578277588,0.09957271069288254,0.09285861253738403,0.07400575280189514,0.08944015204906464,0.08195372670888901,0.08166667819023132,0.0861876830458641,0.09361110627651215,0.09121126681566238
clip_vit_b_32_linear,translation_32_down,test_06434,6434,8,ship,8,ship,0.21335594356060028,True,0.12375935167074203,0.08008503168821335,0.07571357488632202,0.07023879140615463,0.08653353899717331,0.08180522173643112,0.07741177082061768,0.07412274181842804,0.21335594356060028,0.11697395145893097
clip_vit_b_32_linear,translation_32_down,test_05183,5183,2,car,2,car,0.16988030076026917,True,0.11451727151870728,0.09120941162109375,0.16988030076026917,0.0839218720793724,0.08249074965715408,0.09239287674427032,0.09546978026628494,0.07760356366634369,0.08571550995111465,0.10679857432842255
clip_vit_b_32_linear,translation_32_down,test_06986,6986,0,airplane,0,airplane,0.19994322955608368,True,0.19994322955608368,0.09225941449403763,0.094629667699337,0.07263385504484177,0.07831009477376938,0.08167950809001923,0.07749694585800171,0.0823943167924881,0.12360472977161407,0.09704820066690445
clip_vit_b_32_linear,translation_32_down,test_00645,645,5,dog,5,dog,0.18019233644008636,True,0.07553691416978836,0.09214044362306595,0.07991635799407959,0.10429943352937698,0.10701553523540497,0.18019233644008636,0.12430041283369064,0.08983573317527771,0.07121551781892776,0.07554727047681808
clip_vit_b_32_linear,translation_32_down,test_03347,3347,0,airplane,0,airplane,0.19813747704029083,True,0.19813747704029083,0.096500463783741,0.09887739270925522,0.07607852667570114,0.08216971904039383,0.0881776511669159,0.0905572921037674,0.08605358749628067,0.09264031797647476,0.09080769121646881
clip_vit_b_32_linear,translation_32_down,test_05677,5677,2,car,2,car,0.178267702460289,True,0.10373411327600479,0.08403357863426208,0.178267702460289,0.08490464091300964,0.07849481701850891,0.09198848903179169,0.08593657612800598,0.08441665023565292,0.10217700898647308,0.10604633390903473
clip_vit_b_32_linear,translation_32_down,test_03412,3412,8,ship,8,ship,0.19893187284469604,True,0.11779062449932098,0.08423709869384766,0.07884016633033752,0.07277640700340271,0.08664543181657791,0.08063125610351562,0.08104029297828674,0.07655791938304901,0.19893187284469604,0.12254876643419266
clip_vit_b_32_linear,translation_32_down,test_03937,3937,1,bird,1,bird,0.19634373486042023,True,0.08649148046970367,0.19634373486042023,0.07937143743038177,0.09888485819101334,0.11005627363920212,0.08295197784900665,0.08168239891529083,0.11525070667266846,0.07911573350429535,0.06985136866569519
clip_vit_b_32_linear,translation_32_down,test_00873,873,6,horse,4,deer,0.151783749461174,False,0.07553859800100327,0.09778361767530441,0.07232318818569183,0.10537503659725189,0.151783749461174,0.1050906553864479,0.1367710828781128,0.10629964619874954,0.07461528480052948,0.07441919296979904
clip_vit_b_32_linear,translation_32_down,test_02167,2167,9,truck,9,truck,0.18934692442417145,True,0.10788548737764359,0.07466748356819153,0.09725268930196762,0.07365655899047852,0.07851506769657135,0.0815248116850853,0.09389716386795044,0.07349982112646103,0.1297539472579956,0.18934692442417145
clip_vit_b_32_linear,translation_32_down,test_06490,6490,3,cat,3,cat,0.15229351818561554,True,0.0809059888124466,0.11479770392179489,0.08374325186014175,0.15229351818561554,0.1004544198513031,0.09350836277008057,0.08201705664396286,0.13677164912223816,0.08062537014484406,0.07488265633583069
clip_vit_b_32_linear,translation_32_down,test_00738,738,3,cat,3,cat,0.15761980414390564,True,0.07659818232059479,0.09742648154497147,0.08263504505157471,0.15761980414390564,0.0873010903596878,0.13661447167396545,0.09909309446811676,0.10370311141014099,0.0776624009013176,0.08134626597166061
clip_vit_b_32_linear,translation_32_down,test_06616,6616,2,car,2,car,0.1519847810268402,True,0.10433053225278854,0.08802449703216553,0.1519847810268402,0.0838286504149437,0.08355388045310974,0.08729603886604309,0.08864466100931168,0.08988897502422333,0.10045518726110458,0.12199278920888901
clip_vit_b_32_linear,translation_32_down,test_04093,4093,6,horse,6,horse,0.16678601503372192,True,0.09782563149929047,0.08899076282978058,0.09777501225471497,0.08962739259004593,0.09555762261152267,0.10329021513462067,0.16678601503372192,0.08443670719861984,0.08364158868789673,0.09206914156675339
clip_vit_b_32_linear,translation_32_down,test_05788,5788,9,truck,9,truck,0.14857158064842224,True,0.11131132394075394,0.08366461098194122,0.10920737683773041,0.08340588957071304,0.08894150704145432,0.09123362600803375,0.09531709551811218,0.08020015060901642,0.10814684629440308,0.14857158064842224
clip_vit_b_32_linear,translation_32_down,test_07818,7818,8,ship,8,ship,0.1950410157442093,True,0.11483659595251083,0.07621998339891434,0.08854486793279648,0.07700558006763458,0.08046405017375946,0.07970940321683884,0.07992827892303467,0.07493342459201813,0.1950410157442093,0.133316770195961
clip_vit_b_32_linear,translation_32_down,test_00304,304,1,bird,1,bird,0.14487771689891815,True,0.09073223173618317,0.14487771689891815,0.08324753493070602,0.10883386433124542,0.11213942617177963,0.09584671258926392,0.09361454844474792,0.11203933507204056,0.07861334085464478,0.08005528151988983
clip_vit_b_32_linear,translation_32_down,test_02082,2082,2,car,2,car,0.14060500264167786,True,0.1161721721291542,0.0914192944765091,0.14060500264167786,0.07668017596006393,0.0864134356379509,0.09010117501020432,0.09650443494319916,0.08474057167768478,0.0986986979842186,0.11866503953933716
clip_vit_b_32_linear,translation_32_down,test_02746,2746,7,monkey,7,monkey,0.1780526041984558,True,0.07995521277189255,0.11396832019090652,0.07726188749074936,0.11957062780857086,0.10843148082494736,0.09609382599592209,0.09179550409317017,0.1780526041984558,0.0665874108672142,0.06828314065933228
clip_vit_b_32_linear,translation_32_down,test_07944,7944,4,deer,4,deer,0.16649022698402405,True,0.07664355635643005,0.10487311333417892,0.07590452581644058,0.12042625993490219,0.16649022698402405,0.09756272286176682,0.10012244433164597,0.10799576342105865,0.07413996756076813,0.07584145665168762
clip_vit_b_32_linear,translation_32_down,test_06689,6689,8,ship,8,ship,0.19535060226917267,True,0.11251963675022125,0.08252815902233124,0.08608275651931763,0.07410062849521637,0.08470004796981812,0.08270993083715439,0.07973936945199966,0.07356813549995422,0.19535060226917267,0.12870073318481445
clip_vit_b_32_linear,translation_32_down,test_02414,2414,9,truck,9,truck,0.15056592226028442,True,0.11089129745960236,0.08691378682851791,0.09717980027198792,0.08708590269088745,0.10482252389192581,0.08206906169652939,0.08772367238998413,0.08425304293632507,0.10849496722221375,0.15056592226028442
clip_vit_b_32_linear,translation_32_down,test_03779,3779,6,horse,6,horse,0.16418616473674774,True,0.08816111087799072,0.09435401856899261,0.08599787950515747,0.09854720532894135,0.10269933938980103,0.1093057170510292,0.16418616473674774,0.09784931689500809,0.0789441391825676,0.07995502650737762
clip_vit_b_32_linear,translation_32_down,test_02095,2095,1,bird,1,bird,0.14858169853687286,True,0.08581717312335968,0.14858169853687286,0.07811697572469711,0.13350026309490204,0.10453763604164124,0.08821585029363632,0.08240113407373428,0.12706783413887024,0.07609255611896515,0.07566893100738525
clip_vit_b_32_linear,translation_32_down,test_07262,7262,0,airplane,0,airplane,0.20660114288330078,True,0.20660114288330078,0.09847613424062729,0.1008959412574768,0.07416234910488129,0.07442670315504074,0.08346778154373169,0.08705319464206696,0.08390333503484726,0.09618240594863892,0.09483107924461365
clip_vit_b_32_linear,translation_32_down,test_05694,5694,8,ship,8,ship,0.18768729269504547,True,0.11578153073787689,0.07687722146511078,0.10710328072309494,0.07453373819589615,0.08191624283790588,0.07968561351299286,0.08492320030927658,0.08010460436344147,0.18768729269504547,0.11138724535703659
clip_vit_b_32_linear,translation_32_down,test_07413,7413,5,dog,3,cat,0.13095663487911224,False,0.08156025409698486,0.11226776987314224,0.07243925333023071,0.13095663487911224,0.10960911214351654,0.1251184046268463,0.09554069489240646,0.12333407998085022,0.0779002383351326,0.07127352058887482
clip_vit_b_32_linear,translation_32_down,test_06805,6805,1,bird,1,bird,0.15832045674324036,True,0.1035332977771759,0.15832045674324036,0.07506155222654343,0.09642122685909271,0.11807739734649658,0.09143370389938354,0.09318257868289948,0.10496925562620163,0.08034782856702805,0.0786527544260025
clip_vit_b_32_linear,translation_32_down,test_03446,3446,7,monkey,7,monkey,0.18632939457893372,True,0.07650156319141388,0.11603279411792755,0.07263690233230591,0.12786303460597992,0.11671853065490723,0.09011340141296387,0.08139950037002563,0.18632939457893372,0.06574986129999161,0.0666549950838089
clip_vit_b_32_linear,translation_32_down,test_02807,2807,5,dog,7,monkey,0.12518753111362457,False,0.08716194331645966,0.10689157992601395,0.08571932464838028,0.12185477465391159,0.11284230649471283,0.10812588036060333,0.09448037296533585,0.12518753111362457,0.07560142129659653,0.08213485777378082
clip_vit_b_32_linear,translation_32_down,test_07940,7940,4,deer,4,deer,0.17480799555778503,True,0.07806221395730972,0.10229139029979706,0.0748305469751358,0.11066825687885284,0.17480799555778503,0.09526780992746353,0.10057821869850159,0.11040270328521729,0.07758791744709015,0.07550280541181564
clip_vit_b_32_linear,translation_32_down,test_04172,4172,7,monkey,7,monkey,0.1410488784313202,True,0.07886243611574173,0.12880681455135345,0.07227813452482224,0.12171805649995804,0.12428461015224457,0.10298224538564682,0.09262216091156006,0.1410488784313202,0.06723668426275253,0.07015987485647202
clip_vit_b_32_linear,translation_32_down,test_07744,7744,3,cat,3,cat,0.1589638590812683,True,0.07839201390743256,0.09774795919656754,0.08872351795434952,0.1589638590812683,0.08937004953622818,0.13468556106090546,0.09464962035417557,0.09697642922401428,0.08177744597196579,0.07871347665786743
clip_vit_b_32_linear,translation_32_down,test_01586,1586,2,car,2,car,0.19965046644210815,True,0.10166645050048828,0.08184675127267838,0.19965046644210815,0.07918474078178406,0.07808347046375275,0.09111443907022476,0.08392923325300217,0.0890948474407196,0.0935099869966507,0.10191965848207474
clip_vit_b_32_linear,translation_32_down,test_07999,7999,8,ship,8,ship,0.17503497004508972,True,0.11521749198436737,0.08489818125963211,0.08407721668481827,0.07696478813886642,0.09287097305059433,0.08837428689002991,0.0878579318523407,0.07749391347169876,0.17503497004508972,0.117210254073143
clip_vit_b_32_linear,translation_32_down,test_06349,6349,1,bird,1,bird,0.1859525740146637,True,0.08091457188129425,0.1859525740146637,0.07023704797029495,0.11721110343933105,0.12502959370613098,0.08032221347093582,0.07923657447099686,0.11522752046585083,0.0744529739022255,0.0714157372713089
clip_vit_b_32_linear,translation_32_down,test_06594,6594,1,bird,1,bird,0.16518370807170868,True,0.10241809487342834,0.16518370807170868,0.0764242634177208,0.09452977776527405,0.11354042589664459,0.08612458407878876,0.08777529746294022,0.09714821726083755,0.09750081598758698,0.07935485988855362
clip_vit_b_32_linear,translation_32_down,test_02109,2109,8,ship,8,ship,0.20901906490325928,True,0.11453013122081757,0.0782812163233757,0.09238944202661514,0.0728769525885582,0.08154430240392685,0.08059020340442657,0.08492878824472427,0.0738808810710907,0.20901906490325928,0.1119590476155281
clip_vit_b_32_linear,translation_32_down,test_03079,3079,1,bird,1,bird,0.20217005908489227,True,0.0851222425699234,0.20217005908489227,0.07511679083108902,0.09505551308393478,0.11802883446216583,0.08280525356531143,0.07937207072973251,0.11816177517175674,0.07250289618968964,0.07166451960802078
clip_vit_b_32_linear,translation_32_down,test_02070,2070,1,bird,1,bird,0.17828382551670074,True,0.0903409942984581,0.17828382551670074,0.07889752089977264,0.10571236163377762,0.11355780065059662,0.08798815310001373,0.07930419594049454,0.11132686585187912,0.07823494076728821,0.07635343819856644
clip_vit_b_32_linear,translation_32_down,test_00319,319,5,dog,5,dog,0.1773306429386139,True,0.07791551202535629,0.09669514745473862,0.08567333221435547,0.1194833368062973,0.08475076407194138,0.1773306429386139,0.1064055860042572,0.09009228646755219,0.08078201115131378,0.08087139576673508
clip_vit_b_32_linear,translation_32_down,test_02888,2888,0,airplane,0,airplane,0.185106098651886,True,0.185106098651886,0.09309804439544678,0.09402742236852646,0.07493530958890915,0.08733269572257996,0.08078472316265106,0.08289922028779984,0.08624804019927979,0.11113597452640533,0.10443243384361267
clip_vit_b_32_linear,translation_32_down,test_06224,6224,5,dog,5,dog,0.14778971672058105,True,0.07806149870157242,0.09933846443891525,0.07833114266395569,0.11245938390493393,0.1162455752491951,0.14778971672058105,0.1106778159737587,0.1033778116106987,0.07286049425601959,0.08085819333791733
clip_vit_b_32_linear,translation_32_down,test_03353,3353,5,dog,5,dog,0.12195247411727905,True,0.08987617492675781,0.09557406604290009,0.08554280549287796,0.11622979491949081,0.09681741893291473,0.12195247411727905,0.10212057083845139,0.10891374945640564,0.08934716880321503,0.09362583607435226
clip_vit_b_32_linear,translation_32_down,test_06244,6244,2,car,2,car,0.15736041963100433,True,0.10513892769813538,0.0865667536854744,0.15736041963100433,0.08822666108608246,0.08280343562364578,0.09789271652698517,0.08702696114778519,0.09510010480880737,0.0970049649477005,0.1028791144490242
clip_vit_b_32_linear,translation_32_down,test_04704,4704,7,monkey,7,monkey,0.18596376478672028,True,0.08494716882705688,0.12350864708423615,0.0717087984085083,0.113698311150074,0.10857244580984116,0.09083186089992523,0.0830170139670372,0.18596376478672028,0.067540742456913,0.0702112540602684
clip_vit_b_32_linear,translation_32_down,test_02427,2427,5,dog,5,dog,0.1817341148853302,True,0.07345715165138245,0.09554208070039749,0.08741600811481476,0.11018069088459015,0.09294911473989487,0.1817341148853302,0.10961948335170746,0.09316166490316391,0.07661265134811401,0.0793270692229271
clip_vit_b_32_linear,translation_32_down,test_07995,7995,9,truck,9,truck,0.17159438133239746,True,0.09964966773986816,0.08334837108850479,0.12594576179981232,0.07857978343963623,0.08640892803668976,0.08727182447910309,0.08844812959432602,0.07740911841392517,0.101344034075737,0.17159438133239746
clip_vit_b_32_linear,translation_32_down,test_01124,1124,4,deer,4,deer,0.17727817595005035,True,0.07645691931247711,0.11567708104848862,0.0735165998339653,0.11086288094520569,0.17727817595005035,0.0976560115814209,0.090711809694767,0.11101080477237701,0.07671850174665451,0.07011120021343231
clip_vit_b_32_linear,translation_32_down,test_06733,6733,1,bird,1,bird,0.14378750324249268,True,0.07530806213617325,0.14378750324249268,0.07899727672338486,0.1085280328989029,0.10860145837068558,0.1116599440574646,0.11728161573410034,0.1043158695101738,0.07278099656105042,0.0787392407655716
clip_vit_b_32_linear,translation_32_down,test_02062,2062,9,truck,9,truck,0.19434517621994019,True,0.1015908494591713,0.07914376258850098,0.1024937778711319,0.07231950759887695,0.08636923134326935,0.08189775049686432,0.09032753109931946,0.0716564953327179,0.11985582858324051,0.19434517621994019
clip_vit_b_32_linear,translation_32_down,test_00805,805,9,truck,9,truck,0.1505308896303177,True,0.12031528353691101,0.08208747953176498,0.08599639683961868,0.08248427510261536,0.09232044219970703,0.0905974730849266,0.09557598829269409,0.08435454964637756,0.1157371923327446,0.1505308896303177
clip_vit_b_32_linear,translation_32_down,test_02028,2028,3,cat,3,cat,0.18236075341701508,True,0.07409004867076874,0.11277758330106735,0.07176434248685837,0.18236075341701508,0.1120980829000473,0.1070084199309349,0.08219650387763977,0.12922707200050354,0.06461213529109955,0.06386507302522659
clip_vit_b_32_linear,translation_32_down,test_02392,2392,2,car,2,car,0.1689411699771881,True,0.10469483584165573,0.07882005721330643,0.1689411699771881,0.08764864504337311,0.0849202573299408,0.08980102092027664,0.09380423277616501,0.08311647176742554,0.09267475455999374,0.1155785396695137
clip_vit_b_32_linear,translation_32_down,test_03292,3292,6,horse,6,horse,0.1449374407529831,True,0.10196585953235626,0.0905717983841896,0.09492499381303787,0.0881214588880539,0.10243970155715942,0.10512204468250275,0.1449374407529831,0.08261650800704956,0.0940326526761055,0.09526760131120682
clip_vit_b_32_linear,translation_32_down,test_01440,1440,7,monkey,7,monkey,0.1767832636833191,True,0.07758553326129913,0.11077587306499481,0.0715140700340271,0.11872497946023941,0.12738937139511108,0.09363444149494171,0.0896340161561966,0.1767832636833191,0.06842955946922302,0.06552881747484207
clip_vit_b_32_linear,translation_32_down,test_01115,1115,1,bird,1,bird,0.16489282250404358,True,0.08752519637346268,0.16489282250404358,0.07714775204658508,0.10727613419294357,0.10689689964056015,0.09296543151140213,0.08380858600139618,0.12811912596225739,0.07555738836526871,0.0758105143904686
clip_vit_b_32_linear,translation_32_down,test_04242,4242,8,ship,8,ship,0.2000490128993988,True,0.11293226480484009,0.078788161277771,0.08536218851804733,0.07327500730752945,0.08211633563041687,0.07931450754404068,0.07945918291807175,0.07667867839336395,0.2000490128993988,0.13202467560768127
clip_vit_b_32_linear,translation_32_down,test_02230,2230,8,ship,8,ship,0.21265694499015808,True,0.11660224199295044,0.07499513030052185,0.08753450214862823,0.07620538771152496,0.08045872300863266,0.07897129654884338,0.07480484247207642,0.0735883116722107,0.21265694499015808,0.12418251484632492
clip_vit_b_32_linear,translation_32_down,test_03163,3163,2,car,2,car,0.1786171942949295,True,0.10215219855308533,0.09387438744306564,0.1786171942949295,0.07715465873479843,0.0846443697810173,0.09118001163005829,0.09055517613887787,0.09141726791858673,0.09104999899864197,0.09935472160577774
clip_vit_b_32_linear,translation_32_down,test_00545,545,6,horse,6,horse,0.1583864688873291,True,0.09319281578063965,0.08981258422136307,0.09404828399419785,0.08225810527801514,0.09967537969350815,0.09603249281644821,0.1583864688873291,0.10547386109828949,0.08068688213825226,0.10043305903673172
clip_vit_b_32_linear,translation_32_down,test_03863,3863,5,dog,5,dog,0.15898877382278442,True,0.0845295861363411,0.09439872205257416,0.08561399579048157,0.1075432226061821,0.10568569600582123,0.15898877382278442,0.10379349440336227,0.09383711963891983,0.08407195657491684,0.08153735846281052
clip_vit_b_32_linear,translation_32_down,test_04748,4748,7,monkey,7,monkey,0.19262854754924774,True,0.07892686873674393,0.11658879369497299,0.07818634063005447,0.11576725542545319,0.10496021062135696,0.08619425445795059,0.08454692363739014,0.19262854754924774,0.07137729972600937,0.07082352787256241
clip_vit_b_32_linear,translation_32_down,test_02399,2399,4,deer,4,deer,0.1823347508907318,True,0.08482751995325089,0.10306122899055481,0.07245214283466339,0.09244934469461441,0.1823347508907318,0.09223101288080215,0.1045125275850296,0.10168363153934479,0.08985619992017746,0.0765916109085083
clip_vit_b_32_linear,translation_32_down,test_04341,4341,6,horse,6,horse,0.17731375992298126,True,0.07971370220184326,0.09489510208368301,0.07632668316364288,0.08892548084259033,0.11710452288389206,0.10055430233478546,0.17731375992298126,0.08718647807836533,0.08421344310045242,0.09376658499240875
clip_vit_b_32_linear,translation_32_down,test_03078,3078,4,deer,4,deer,0.19537147879600525,True,0.07524865120649338,0.10778074711561203,0.07226743549108505,0.10560478270053864,0.19537147879600525,0.09333731979131699,0.1014958843588829,0.09722787141799927,0.07557488977909088,0.07609093934297562
clip_vit_b_32_linear,translation_32_down,test_03763,3763,4,deer,4,deer,0.19485588371753693,True,0.08085968345403671,0.10667532682418823,0.07687539607286453,0.09203139692544937,0.19485588371753693,0.08814670145511627,0.09796837717294693,0.10277878493070602,0.08152572810649872,0.07828284054994583
clip_vit_b_32_linear,translation_32_down,test_02958,2958,6,horse,6,horse,0.17735567688941956,True,0.07905465364456177,0.08924373984336853,0.08809506148099899,0.09778355807065964,0.10920827090740204,0.11387219280004501,0.17735567688941956,0.08248665183782578,0.08037333190441132,0.08252683281898499
clip_vit_b_32_linear,translation_32_down,test_06381,6381,6,horse,6,horse,0.18281684815883636,True,0.08791105449199677,0.08129753917455673,0.10004720091819763,0.07927573472261429,0.09679986536502838,0.10256623476743698,0.18281684815883636,0.08439937233924866,0.09018193185329437,0.09470424801111221
clip_vit_b_32_linear,translation_32_down,test_01640,1640,8,ship,8,ship,0.19209836423397064,True,0.11049537360668182,0.08852412551641464,0.08853404223918915,0.07639996707439423,0.08422501385211945,0.0841091200709343,0.08139762282371521,0.07783210277557373,0.19209836423397064,0.11638431251049042
clip_vit_b_32_linear,translation_32_down,test_01783,1783,8,ship,8,ship,0.20659726858139038,True,0.11342532932758331,0.0828743726015091,0.08394637703895569,0.07182366400957108,0.0817529708147049,0.08126149326562881,0.08031662553548813,0.0734851211309433,0.20659726858139038,0.12451668828725815
clip_vit_b_32_linear,translation_32_down,test_03914,3914,3,cat,3,cat,0.18045789003372192,True,0.0805174708366394,0.11758647859096527,0.07356804609298706,0.18045789003372192,0.1079677939414978,0.09568165987730026,0.08558924496173859,0.11603447049856186,0.07275386154651642,0.06984314322471619
clip_vit_b_32_linear,translation_32_down,test_01534,1534,6,horse,6,horse,0.14772401750087738,True,0.09096243232488632,0.08467265218496323,0.09164531528949738,0.08731653541326523,0.10329197347164154,0.1020551547408104,0.14772401750087738,0.09435591846704483,0.0925351157784462,0.10544085502624512
clip_vit_b_32_linear,translation_32_down,test_00685,685,5,dog,5,dog,0.1772329956293106,True,0.08079565316438675,0.09360602498054504,0.08395518362522125,0.11283008009195328,0.09161870926618576,0.1772329956293106,0.10687477886676788,0.09411745518445969,0.0790078416466713,0.07996135205030441
clip_vit_b_32_linear,translation_32_down,test_04617,4617,0,airplane,0,airplane,0.2047291249036789,True,0.2047291249036789,0.0957840159535408,0.0993712991476059,0.0736345425248146,0.07980067282915115,0.08471766859292984,0.09396282583475113,0.08580232411623001,0.09195215255022049,0.09024540334939957
clip_vit_b_32_linear,translation_32_down,test_05508,5508,9,truck,9,truck,0.1805339902639389,True,0.10233377665281296,0.0748540610074997,0.11062902212142944,0.07323987782001495,0.07849704474210739,0.0863761231303215,0.08979517221450806,0.07495928555727005,0.12878163158893585,0.1805339902639389
clip_vit_b_32_linear,translation_32_down,test_01022,1022,9,truck,9,truck,0.14860552549362183,True,0.10964006185531616,0.08339039236307144,0.10950228571891785,0.08854236453771591,0.08945432305335999,0.08901841193437576,0.08870618790388107,0.08596443384885788,0.10717600584030151,0.14860552549362183
clip_vit_b_32_linear,translation_32_down,test_01230,1230,1,bird,1,bird,0.1462535709142685,True,0.09161439538002014,0.1462535709142685,0.07878386229276657,0.10829157382249832,0.10009021311998367,0.09178892523050308,0.08647819608449936,0.1431591510772705,0.08043023943901062,0.07310988008975983
clip_vit_b_32_linear,translation_32_down,test_07475,7475,4,deer,4,deer,0.18914325535297394,True,0.08395254611968994,0.10678650438785553,0.0775967389345169,0.09679488092660904,0.18914325535297394,0.09193744510412216,0.10209207236766815,0.09383971244096756,0.07824213802814484,0.0796148031949997
clip_vit_b_32_linear,translation_32_down,test_05756,5756,2,car,2,car,0.1778910905122757,True,0.10273584723472595,0.08643186837434769,0.1778910905122757,0.08308291435241699,0.081619031727314,0.10071640461683273,0.08297906816005707,0.08823090046644211,0.09766028076410294,0.09865263104438782
clip_vit_b_32_linear,translation_32_down,test_03122,3122,4,deer,4,deer,0.17943741381168365,True,0.07548865675926208,0.10552091151475906,0.07100383192300797,0.1083357185125351,0.17943741381168365,0.09234873205423355,0.1020522490143776,0.11570050567388535,0.07915549725294113,0.07095646858215332
clip_vit_b_32_linear,translation_32_down,test_07202,7202,1,bird,1,bird,0.18532222509384155,True,0.08697478473186493,0.18532222509384155,0.07789376378059387,0.10791831463575363,0.10521211475133896,0.09691781550645828,0.08072333037853241,0.11556043475866318,0.06803903728723526,0.0754382386803627
clip_vit_b_32_linear,translation_32_down,test_04723,4723,9,truck,9,truck,0.1534065157175064,True,0.10773088037967682,0.08872374892234802,0.0952540785074234,0.09132744371891022,0.08816634863615036,0.0861143246293068,0.09015537053346634,0.0843912661075592,0.11473008245229721,0.1534065157175064
clip_vit_b_32_linear,translation_32_down,test_01552,1552,5,dog,4,deer,0.13648651540279388,False,0.07657788693904877,0.10584800690412521,0.07311629503965378,0.11017246544361115,0.13648651540279388,0.13025672733783722,0.10025841742753983,0.1338966339826584,0.06447513401508331,0.06891179829835892
clip_vit_b_32_linear,translation_32_down,test_00603,603,9,truck,9,truck,0.1633695513010025,True,0.10709827393293381,0.08082246035337448,0.10782378166913986,0.08048365265130997,0.08519738167524338,0.09230244904756546,0.09174218773841858,0.07995500415563583,0.11120527237653732,0.1633695513010025
clip_vit_b_32_linear,translation_32_down,test_02861,2861,3,cat,3,cat,0.17267480492591858,True,0.0757056400179863,0.08999431878328323,0.08661456406116486,0.17267480492591858,0.08760198950767517,0.13223615288734436,0.09781681001186371,0.10116741806268692,0.0776921808719635,0.0784960463643074
clip_vit_b_32_linear,translation_32_down,test_06426,6426,2,car,2,car,0.19355449080467224,True,0.10564886778593063,0.08312041312456131,0.19355449080467224,0.08195621520280838,0.07623864710330963,0.08752259612083435,0.08412414789199829,0.08240672200918198,0.09777850657701492,0.10764933377504349
clip_vit_b_32_linear,translation_32_down,test_07864,7864,4,deer,4,deer,0.19807890057563782,True,0.08155224472284317,0.10547856986522675,0.07599658519029617,0.09219807386398315,0.19807890057563782,0.09066201001405716,0.10398627072572708,0.09511232376098633,0.0801861584186554,0.07674887031316757
clip_vit_b_32_linear,translation_32_down,test_05729,5729,6,horse,6,horse,0.18028266727924347,True,0.07918420433998108,0.08824407309293747,0.07959350943565369,0.09198679774999619,0.11674132198095322,0.11186935752630234,0.18028266727924347,0.08986646682024002,0.07763189822435379,0.08459965139627457
clip_vit_b_32_linear,translation_32_down,test_07474,7474,5,dog,5,dog,0.18620993196964264,True,0.08523696660995483,0.1040179654955864,0.07724683731794357,0.10442929714918137,0.09455711394548416,0.18620993196964264,0.11020568013191223,0.08618533611297607,0.07589804381132126,0.07601282000541687
clip_vit_b_32_linear,translation_32_down,test_04298,4298,1,bird,1,bird,0.1996764838695526,True,0.08230966329574585,0.1996764838695526,0.0778966024518013,0.10094686597585678,0.11623067408800125,0.08447501808404922,0.08088992536067963,0.11364270001649857,0.07569896429777145,0.06823307275772095
clip_vit_b_32_linear,translation_32_down,test_01175,1175,0,airplane,0,airplane,0.20822851359844208,True,0.20822851359844208,0.09329428523778915,0.09253250062465668,0.07262619584798813,0.08634139597415924,0.08570673316717148,0.07785428315401077,0.08037421852350235,0.10384164750576019,0.0992002859711647
clip_vit_b_32_linear,translation_32_down,test_03454,3454,2,car,2,car,0.18293523788452148,True,0.11055540293455124,0.07968084514141083,0.18293523788452148,0.08756176382303238,0.08130708336830139,0.08934911340475082,0.08384007215499878,0.08275087177753448,0.09449207037687302,0.10752760618925095
clip_vit_b_32_linear,translation_32_down,test_02754,2754,3,cat,3,cat,0.17259545624256134,True,0.07568027079105377,0.10349593311548233,0.07576236128807068,0.17259545624256134,0.11397683620452881,0.10116441547870636,0.09788663685321808,0.11579629778862,0.06771382689476013,0.07592789828777313
clip_vit_b_32_linear,translation_32_down,test_00855,855,4,deer,4,deer,0.18132542073726654,True,0.07427763193845749,0.1068277582526207,0.06946568936109543,0.10147522389888763,0.18132542073726654,0.09301368147134781,0.11281247437000275,0.11586979776620865,0.06990129500627518,0.07503101229667664
clip_vit_b_32_linear,translation_32_down,test_02854,2854,7,monkey,7,monkey,0.1714324653148651,True,0.07648173719644547,0.1195208951830864,0.07008270919322968,0.12365198880434036,0.12375133484601974,0.0947595164179802,0.09146347641944885,0.1714324653148651,0.06424563378095627,0.06461025029420853
clip_vit_b_32_linear,translation_32_down,test_05092,5092,1,bird,1,bird,0.19633428752422333,True,0.08068574965000153,0.19633428752422333,0.07868875563144684,0.10370198637247086,0.11194651573896408,0.08445977419614792,0.08079474419355392,0.11646644026041031,0.07456149160861969,0.07236018776893616
clip_vit_b_32_linear,translation_32_down,test_05590,5590,9,truck,9,truck,0.15294715762138367,True,0.10422106832265854,0.08634094893932343,0.09489918500185013,0.08063457161188126,0.10157123953104019,0.08462163805961609,0.10002310574054718,0.07768166065216064,0.11705942451953888,0.15294715762138367
clip_vit_b_32_linear,translation_32_down,test_04463,4463,3,cat,3,cat,0.16737975180149078,True,0.07857244461774826,0.09990885108709335,0.08436311781406403,0.16737975180149078,0.08958601206541061,0.12470829486846924,0.09662587940692902,0.0988704040646553,0.0787416622042656,0.08124351501464844
clip_vit_b_32_linear,translation_32_down,test_05318,5318,2,car,2,car,0.13109450042247772,True,0.09524191170930862,0.09495756030082703,0.13109450042247772,0.08628403395414352,0.09843111038208008,0.09549784660339355,0.09925651550292969,0.09418059140443802,0.09659608453512192,0.10845981538295746
clip_vit_b_32_linear,translation_32_down,test_03515,3515,6,horse,6,horse,0.1676158308982849,True,0.07553758472204208,0.08906007558107376,0.08202558010816574,0.09914901107549667,0.12033150345087051,0.10825960338115692,0.1676158308982849,0.09903546422719955,0.07983335107564926,0.07915196567773819
clip_vit_b_32_linear,translation_32_down,test_04642,4642,4,deer,4,deer,0.19485662877559662,True,0.07744964957237244,0.11753389984369278,0.06840705126523972,0.10714999586343765,0.19485662877559662,0.08997782319784164,0.10009071975946426,0.10301075875759125,0.07190269976854324,0.0696207731962204
clip_vit_b_32_linear,translation_32_down,test_00852,852,9,truck,9,truck,0.18643096089363098,True,0.1068834736943245,0.07796502858400345,0.09741374850273132,0.07407534867525101,0.08225627988576889,0.08294706046581268,0.09131345897912979,0.07321849465370178,0.12749607861042023,0.18643096089363098
clip_vit_b_32_linear,translation_32_down,test_01247,1247,8,ship,8,ship,0.191038578748703,True,0.11055301129817963,0.07924304902553558,0.08831430226564407,0.07787109166383743,0.08124245703220367,0.08022912591695786,0.08063244819641113,0.07748643308877945,0.191038578748703,0.13338950276374817
clip_vit_b_32_linear,translation_32_down,test_07084,7084,2,car,2,car,0.16555184125900269,True,0.10080268234014511,0.08076992630958557,0.16555184125900269,0.08150805532932281,0.08590377122163773,0.09072866290807724,0.08880099654197693,0.0886627659201622,0.09770041704177856,0.11957084387540817
clip_vit_b_32_linear,translation_32_down,test_05301,5301,9,truck,9,truck,0.1662137806415558,True,0.11374402046203613,0.07973885536193848,0.10511808842420578,0.08149485290050507,0.08438761532306671,0.08916278928518295,0.09618883579969406,0.07998275011777878,0.10396841913461685,0.1662137806415558
clip_vit_b_32_linear,translation_32_down,test_05082,5082,6,horse,6,horse,0.18661515414714813,True,0.07924060523509979,0.08943742513656616,0.08462592959403992,0.10236092656850815,0.09601357579231262,0.12169629335403442,0.18661515414714813,0.08446920663118362,0.07673005759716034,0.07881084084510803
clip_vit_b_32_linear,translation_32_down,test_05077,5077,4,deer,4,deer,0.20540176331996918,True,0.07910595089197159,0.09849981963634491,0.07212388515472412,0.08666263520717621,0.20540176331996918,0.08799227327108383,0.11007092148065567,0.10083439946174622,0.08003129810094833,0.07927712798118591
clip_vit_b_32_linear,translation_32_down,test_01563,1563,3,cat,7,monkey,0.16220207512378693,False,0.076370008289814,0.1106320470571518,0.071349136531353,0.1459522247314453,0.11051324009895325,0.11008574068546295,0.08398593217134476,0.16220207512378693,0.06948864459991455,0.05942095071077347
clip_vit_b_32_linear,translation_32_down,test_00029,29,7,monkey,7,monkey,0.18731176853179932,True,0.07682246714830399,0.1142040267586708,0.07346351444721222,0.120392344892025,0.11811502277851105,0.08641799539327621,0.08876661956310272,0.18731176853179932,0.06708132475614548,0.06742483377456665
clip_vit_b_32_linear,translation_32_down,test_03867,3867,7,monkey,7,monkey,0.18879550695419312,True,0.07705965638160706,0.11378464102745056,0.07142851501703262,0.12061543762683868,0.10592662543058395,0.09497647732496262,0.08483181148767471,0.18879550695419312,0.07269443571567535,0.0698869377374649
clip_vit_b_32_linear,translation_32_down,test_04620,4620,6,horse,6,horse,0.17637330293655396,True,0.09069716930389404,0.08202501386404037,0.09920528531074524,0.08600625395774841,0.09370503574609756,0.11060893535614014,0.17637330293655396,0.07813753932714462,0.08656840771436691,0.09667304158210754
clip_vit_b_32_linear,translation_32_down,test_04065,4065,2,car,2,car,0.1554456502199173,True,0.10499873012304306,0.08362136036157608,0.1554456502199173,0.0817318931221962,0.08763354271650314,0.08678406476974487,0.08926469832658768,0.08921197801828384,0.10166487097740173,0.11964324116706848
clip_vit_b_32_linear,translation_32_down,test_01095,1095,5,dog,5,dog,0.17321185767650604,True,0.07656948268413544,0.08961477130651474,0.08396141231060028,0.11452669650316238,0.09922794997692108,0.17321185767650604,0.11337655782699585,0.09346634149551392,0.07697328180074692,0.07907166332006454
clip_vit_b_32_linear,translation_32_down,test_04229,4229,3,cat,3,cat,0.18705786764621735,True,0.07512044161558151,0.10314770042896271,0.07775609940290451,0.18705786764621735,0.10991204530000687,0.09760351479053497,0.08219964057207108,0.1234588548541069,0.07843385636806488,0.06531001627445221
clip_vit_b_32_linear,translation_32_down,test_03562,3562,3,cat,3,cat,0.1463877260684967,True,0.07045580446720123,0.10067666321992874,0.06831879913806915,0.1463877260684967,0.1382126361131668,0.11181560158729553,0.10024551302194595,0.12088135629892349,0.07298668473958969,0.07001921534538269
clip_vit_b_32_linear,translation_32_down,test_02342,2342,8,ship,8,ship,0.20368485152721405,True,0.11670638620853424,0.08170397579669952,0.08199076354503632,0.07485198974609375,0.08725558966398239,0.08333233743906021,0.08140657097101212,0.07420152425765991,0.20368485152721405,0.11486615240573883
clip_vit_b_32_linear,translation_32_down,test_01667,1667,6,horse,6,horse,0.17640657722949982,True,0.08508208394050598,0.07943733781576157,0.08960985392332077,0.09209715574979782,0.09637483209371567,0.11081244051456451,0.17640657722949982,0.08564303070306778,0.0842236801981926,0.10031305253505707
clip_vit_b_32_linear,translation_32_down,test_07033,7033,1,bird,1,bird,0.1566390097141266,True,0.0862254798412323,0.1566390097141266,0.07422679662704468,0.11347781121730804,0.13208286464214325,0.08912727236747742,0.08527788519859314,0.11549881100654602,0.07320057600736618,0.07424348592758179
clip_vit_b_32_linear,translation_32_down,test_01771,1771,7,monkey,7,monkey,0.12823881208896637,True,0.0860188901424408,0.09593255817890167,0.08160217106342316,0.11322718858718872,0.11842387169599533,0.11581096053123474,0.10435052216053009,0.12823881208896637,0.07271229475736618,0.08368273824453354
clip_vit_b_32_linear,translation_32_down,test_03157,3157,8,ship,8,ship,0.21469268202781677,True,0.11843893676996231,0.079140305519104,0.08553244918584824,0.07011884450912476,0.07912137359380722,0.07631076872348785,0.07747548073530197,0.0716497078537941,0.21469268202781677,0.1275194138288498
clip_vit_b_32_linear,translation_32_down,test_03851,3851,3,cat,3,cat,0.15247730910778046,True,0.08245374262332916,0.10091450065374374,0.08736716210842133,0.15247730910778046,0.08642696589231491,0.13643231987953186,0.10275287181138992,0.09556367248296738,0.07731461524963379,0.07829674333333969
clip_vit_b_32_linear,translation_32_down,test_01287,1287,7,monkey,7,monkey,0.13703246414661407,True,0.07566278427839279,0.12134537845849991,0.07451970875263214,0.1263081282377243,0.12181271612644196,0.11184483766555786,0.08551600575447083,0.13703246414661407,0.06909814476966858,0.07685981690883636
clip_vit_b_32_linear,translation_32_down,test_07320,7320,0,airplane,0,airplane,0.18136951327323914,True,0.18136951327323914,0.09719789773225784,0.10263646394014359,0.08127795159816742,0.0861634761095047,0.08656932413578033,0.08307898044586182,0.08427010476589203,0.09533435851335526,0.10210178792476654
clip_vit_b_32_linear,translation_32_down,test_07600,7600,6,horse,6,horse,0.1578858345746994,True,0.09691542387008667,0.0913100391626358,0.09834258258342743,0.08890467882156372,0.09433766454458237,0.1077389270067215,0.1578858345746994,0.0805334746837616,0.09525588154792786,0.08877557516098022
clip_vit_b_32_linear,translation_32_down,test_03852,3852,5,dog,5,dog,0.17092400789260864,True,0.08326783776283264,0.0936870127916336,0.08785329014062881,0.12537069618701935,0.0932440459728241,0.17092400789260864,0.09640893340110779,0.09957604110240936,0.0716252401471138,0.0780429020524025
clip_vit_b_32_linear,translation_32_down,test_00269,269,7,monkey,7,monkey,0.19142912328243256,True,0.07783164083957672,0.11202283948659897,0.0726679340004921,0.11479367315769196,0.112958624958992,0.09450215846300125,0.09061320871114731,0.19142912328243256,0.0656828060746193,0.06749805063009262
clip_vit_b_32_linear,translation_32_down,test_01703,1703,7,monkey,7,monkey,0.14550815522670746,True,0.07663466781377792,0.1136155053973198,0.07554403692483902,0.13426703214645386,0.1341848522424698,0.10321531444787979,0.08679881691932678,0.14550815522670746,0.06170618161559105,0.06852548569440842
clip_vit_b_32_linear,translation_32_down,test_07776,7776,5,dog,5,dog,0.13619884848594666,True,0.0933874249458313,0.09634511172771454,0.09078308194875717,0.09727045893669128,0.10066928714513779,0.13619884848594666,0.10918761044740677,0.09714759886264801,0.08915146440267563,0.08985903114080429
clip_vit_b_32_linear,translation_32_down,test_03891,3891,4,deer,4,deer,0.19470541179180145,True,0.07213058322668076,0.10821258276700974,0.07063694298267365,0.1161675751209259,0.19470541179180145,0.08947709947824478,0.0993676632642746,0.10836955904960632,0.06913265585899353,0.07179988920688629
clip_vit_b_32_linear,translation_32_down,test_07009,7009,0,airplane,0,airplane,0.16986848413944244,True,0.16986848413944244,0.08738973736763,0.10022643208503723,0.0789068266749382,0.0911419540643692,0.08676055073738098,0.07836253941059113,0.08724097162485123,0.10676861554384232,0.11333391815423965
clip_vit_b_32_linear,translation_32_down,test_04893,4893,0,airplane,0,airplane,0.20944729447364807,True,0.20944729447364807,0.09520793706178665,0.09357920289039612,0.07268758118152618,0.08243615925312042,0.08283668011426926,0.08582412451505661,0.08587886393070221,0.095279261469841,0.0968228131532669
clip_vit_b_32_linear,translation_32_down,test_02351,2351,9,truck,9,truck,0.18738451600074768,True,0.10115580260753632,0.07790006697177887,0.1048300638794899,0.07451438158750534,0.08302193135023117,0.08500986546278,0.09868709743022919,0.07244997471570969,0.11504636704921722,0.18738451600074768
clip_vit_b_32_linear,translation_32_down,test_03550,3550,1,bird,1,bird,0.1653600037097931,True,0.09135117381811142,0.1653600037097931,0.07735541462898254,0.09779834747314453,0.11598856747150421,0.08806243538856506,0.09007147699594498,0.11519543826580048,0.0820118859410286,0.0768052190542221
clip_vit_b_32_linear,translation_32_down,test_05719,5719,7,monkey,7,monkey,0.1879466474056244,True,0.07697948068380356,0.11832158267498016,0.07987764477729797,0.10618238151073456,0.10145185887813568,0.09430436044931412,0.09395661950111389,0.1879466474056244,0.07023835927248001,0.07074099034070969
clip_vit_b_32_linear,translation_32_down,test_01884,1884,7,monkey,7,monkey,0.14528153836727142,True,0.09614045917987823,0.11339828372001648,0.08596200495958328,0.10624927282333374,0.09773404896259308,0.09660351276397705,0.0873924270272255,0.14528153836727142,0.0838799998164177,0.08735844492912292
clip_vit_b_32_linear,translation_32_down,test_02898,2898,4,deer,4,deer,0.19235703349113464,True,0.08265932649374008,0.10806351155042648,0.07974310219287872,0.0885797068476677,0.19235703349113464,0.09443370252847672,0.10103770345449448,0.09498637169599533,0.07558623701334,0.08255328983068466
clip_vit_b_32_linear,translation_32_down,test_04640,4640,1,bird,1,bird,0.1676240712404251,True,0.08851730078458786,0.1676240712404251,0.07108764350414276,0.10640827566385269,0.1176447942852974,0.08285588026046753,0.07694261521100998,0.14379552006721497,0.07202541828155518,0.07309845834970474
clip_vit_b_32_linear,translation_32_down,test_07610,7610,4,deer,4,deer,0.18075460195541382,True,0.08367545902729034,0.11968456208705902,0.07233026623725891,0.09974171966314316,0.18075460195541382,0.08234888315200806,0.0988086611032486,0.11455920338630676,0.07924365252256393,0.06885302811861038
clip_vit_b_32_linear,translation_32_down,test_01833,1833,8,ship,8,ship,0.20084026455879211,True,0.11502175033092499,0.08209121227264404,0.08593691885471344,0.07567814737558365,0.08028557151556015,0.07694142311811447,0.08176679909229279,0.07613412290811539,0.20084026455879211,0.12530378997325897
clip_vit_b_32_linear,translation_32_down,test_06455,6455,0,airplane,0,airplane,0.1691008061170578,True,0.1691008061170578,0.08987102657556534,0.09641669690608978,0.07911394536495209,0.09758131951093674,0.09092804044485092,0.0811695009469986,0.07978996634483337,0.11749356240034103,0.09853512048721313
clip_vit_b_32_linear,translation_32_down,test_03893,3893,9,truck,9,truck,0.15073032677173615,True,0.12027877569198608,0.07693789154291153,0.12120519578456879,0.07632648199796677,0.08555831015110016,0.08854959905147552,0.08650795370340347,0.0804218277335167,0.11348364502191544,0.15073032677173615
clip_vit_b_32_linear,translation_32_down,test_04731,4731,6,horse,6,horse,0.1859671175479889,True,0.07975190132856369,0.08984790742397308,0.08091701567173004,0.10333482176065445,0.09875999391078949,0.1202695369720459,0.1859671175479889,0.08857850730419159,0.07437561452388763,0.07819758355617523
clip_vit_b_32_linear,translation_32_down,test_00929,929,6,horse,6,horse,0.19977669417858124,True,0.08213476091623306,0.07915089279413223,0.0892636850476265,0.09191135317087173,0.09889072179794312,0.11766305565834045,0.19977669417858124,0.08745898306369781,0.0715244859457016,0.08222546428442001
clip_vit_b_32_linear,translation_32_down,test_03962,3962,6,horse,6,horse,0.15434373915195465,True,0.06889704614877701,0.09685644507408142,0.08340678364038467,0.10716020315885544,0.12495668977499008,0.11192984879016876,0.15434373915195465,0.10402175039052963,0.0716869905591011,0.0767405703663826
clip_vit_b_32_linear,translation_32_down,test_03778,3778,3,cat,3,cat,0.16575004160404205,True,0.07674483954906464,0.09749407321214676,0.08423884958028793,0.16575004160404205,0.09068895876407623,0.12220723181962967,0.09702586382627487,0.11386007070541382,0.07261864095926285,0.07937146723270416
clip_vit_b_32_linear,translation_32_down,test_01429,1429,4,deer,4,deer,0.12986987829208374,True,0.08735931664705276,0.09771911054849625,0.08556274324655533,0.10769885033369064,0.12986987829208374,0.09661896526813507,0.10587633401155472,0.1144983246922493,0.0851624608039856,0.08963394910097122
clip_vit_b_32_linear,translation_32_down,test_00049,49,2,car,2,car,0.17740069329738617,True,0.09750312566757202,0.0839376375079155,0.17740069329738617,0.09426558017730713,0.0884925052523613,0.08963356912136078,0.09458091109991074,0.08575813472270966,0.08782250434160233,0.10060548782348633
clip_vit_b_32_linear,translation_32_down,test_00276,276,9,truck,9,truck,0.14239561557769775,True,0.10731732100248337,0.08220469206571579,0.11259090900421143,0.0857144221663475,0.09295562654733658,0.09572118520736694,0.10164035111665726,0.08489865064620972,0.09456115961074829,0.14239561557769775
clip_vit_b_32_linear,translation_32_down,test_06076,6076,1,bird,1,bird,0.2001280039548874,True,0.08654536306858063,0.2001280039548874,0.0775420144200325,0.09774918109178543,0.1258004754781723,0.08179082721471786,0.08195889741182327,0.10762502253055573,0.07336681336164474,0.06749328970909119
clip_vit_b_32_linear,translation_32_down,test_01389,1389,0,airplane,0,airplane,0.18194034695625305,True,0.18194034695625305,0.09309639036655426,0.09411662817001343,0.08203917741775513,0.09244073927402496,0.09300674498081207,0.08529079705476761,0.08422412723302841,0.09508032351732254,0.09876479208469391
clip_vit_b_32_linear,translation_32_down,test_03362,3362,2,car,2,car,0.1745905727148056,True,0.1184004694223404,0.08432478457689285,0.1745905727148056,0.07950609177350998,0.08182297646999359,0.09489165246486664,0.09148731827735901,0.07929017394781113,0.09217744320631027,0.10350847244262695
clip_vit_b_32_linear,translation_32_down,test_00317,317,2,car,2,car,0.1781463474035263,True,0.1034802794456482,0.09043751657009125,0.1781463474035263,0.07951688021421432,0.08694104105234146,0.08623332530260086,0.0968254953622818,0.08735957741737366,0.08467364311218262,0.10638599097728729
clip_vit_b_32_linear,translation_32_down,test_04675,4675,0,airplane,0,airplane,0.17818012833595276,True,0.17818012833595276,0.09653539210557938,0.09088150411844254,0.07922340929508209,0.08946111053228378,0.0904911532998085,0.0829358696937561,0.09097151458263397,0.10307043790817261,0.09824952483177185
clip_vit_b_32_linear,translation_32_down,test_05924,5924,5,dog,5,dog,0.1428922712802887,True,0.08290649950504303,0.10882914811372757,0.0778624638915062,0.1088692769408226,0.10277491807937622,0.1428922712802887,0.11315486580133438,0.12363575398921967,0.06791409850120544,0.0711606964468956
clip_vit_b_32_linear,translation_32_down,test_00198,198,1,bird,1,bird,0.18352220952510834,True,0.08602513372898102,0.18352220952510834,0.07890356332063675,0.11516320705413818,0.10330729931592941,0.08763429522514343,0.08372605592012405,0.10961874574422836,0.07875221222639084,0.07334724813699722
clip_vit_b_32_linear,translation_32_down,test_07779,7779,6,horse,6,horse,0.1831549108028412,True,0.09452534466981888,0.08547967672348022,0.09598999470472336,0.08577871322631836,0.09140349179506302,0.11125938594341278,0.1831549108028412,0.0813993364572525,0.08144896477460861,0.08956016600131989
clip_vit_b_32_linear,translation_32_down,test_04054,4054,4,deer,4,deer,0.18341314792633057,True,0.08623303472995758,0.09989046305418015,0.08315467834472656,0.09451547265052795,0.18341314792633057,0.0906921774148941,0.10462749749422073,0.09604749828577042,0.07940362393856049,0.08202245086431503
clip_vit_b_32_linear,translation_32_down,test_05556,5556,4,deer,4,deer,0.19810260832309723,True,0.07918175309896469,0.10467249155044556,0.07759185880422592,0.08882148563861847,0.19810260832309723,0.09511987119913101,0.10681141167879105,0.09401345252990723,0.07983852922916412,0.07584653049707413
clip_vit_b_32_linear,translation_32_down,test_02687,2687,1,bird,1,bird,0.200261190533638,True,0.08480823040008545,0.200261190533638,0.0739770233631134,0.10565740615129471,0.11639565974473953,0.0827135369181633,0.08196436613798141,0.10431408882141113,0.07865665853023529,0.071251779794693
clip_vit_b_32_linear,translation_32_down,test_01202,1202,2,car,2,car,0.19234119355678558,True,0.10314853489398956,0.0809444859623909,0.19234119355678558,0.08065282553434372,0.07967499643564224,0.09146639704704285,0.08753908425569534,0.081865593791008,0.09131313860416412,0.11105383187532425
clip_vit_b_32_linear,translation_32_down,test_00097,97,5,dog,5,dog,0.1629715859889984,True,0.07512304931879044,0.09345723688602448,0.0844050794839859,0.12183587998151779,0.09876656532287598,0.1629715859889984,0.11118864268064499,0.0971176028251648,0.07642485201358795,0.07870951294898987
clip_vit_b_32_linear,translation_32_down,test_06033,6033,4,deer,4,deer,0.16349008679389954,True,0.08818540722131729,0.11628035455942154,0.0773194283246994,0.0988919734954834,0.16349008679389954,0.0917847603559494,0.09692066162824631,0.09795057028532028,0.08138874173164368,0.0877879187464714
clip_vit_b_32_linear,translation_32_down,test_01711,1711,7,monkey,7,monkey,0.18892337381839752,True,0.07602187991142273,0.10672435164451599,0.07594362646341324,0.12927144765853882,0.10504086315631866,0.09919095784425735,0.09614297747612,0.18892337381839752,0.0615348294377327,0.061205774545669556
clip_vit_b_32_linear,translation_32_down,test_01430,1430,9,truck,9,truck,0.1784215271472931,True,0.11239390820264816,0.08623451739549637,0.09550649672746658,0.07652401179075241,0.08335164934396744,0.08600157499313354,0.09471762180328369,0.07849106192588806,0.10835764557123184,0.1784215271472931
clip_vit_b_32_linear,translation_32_down,test_00739,739,8,ship,8,ship,0.19911563396453857,True,0.11183381080627441,0.0787389725446701,0.08533459901809692,0.07327546179294586,0.08233845233917236,0.07709240168333054,0.08009074628353119,0.07712360471487045,0.19911563396453857,0.13505634665489197
clip_vit_b_32_linear,translation_32_down,test_03491,3491,1,bird,1,bird,0.1688748449087143,True,0.09665966778993607,0.1688748449087143,0.07786407321691513,0.10801584273576736,0.1091482937335968,0.08404702693223953,0.08010774850845337,0.10417099297046661,0.08998128026723862,0.08113019913434982
clip_vit_b_32_linear,translation_32_down,test_01568,1568,1,bird,1,bird,0.1840309351682663,True,0.0818035900592804,0.1840309351682663,0.07210154831409454,0.12429820746183395,0.10376857966184616,0.1025475561618805,0.08701598644256592,0.10447103530168533,0.07016541808843613,0.0697970762848854
clip_vit_b_32_linear,translation_32_down,test_01211,1211,4,deer,4,deer,0.19630016386508942,True,0.07624707370996475,0.11234207451343536,0.06892823427915573,0.088901087641716,0.19630016386508942,0.0914783850312233,0.11099795252084732,0.10976982116699219,0.07393158227205276,0.07110361754894257
clip_vit_b_32_linear,translation_32_down,test_04913,4913,2,car,2,car,0.1643548607826233,True,0.1078832820057869,0.07925407588481903,0.1643548607826233,0.08353185653686523,0.09162314981222153,0.08874877542257309,0.09517860412597656,0.08833858370780945,0.09082235395908356,0.11026449501514435
clip_vit_b_32_linear,translation_32_down,test_02502,2502,2,car,2,car,0.17776966094970703,True,0.11369559913873672,0.08590172231197357,0.17776966094970703,0.08036796748638153,0.07782398909330368,0.08960632979869843,0.09144321084022522,0.08422981947660446,0.09495441615581512,0.10420724004507065
clip_vit_b_32_linear,translation_32_down,test_02539,2539,3,cat,3,cat,0.1847011297941208,True,0.06634674966335297,0.09973856061697006,0.07338668406009674,0.1847011297941208,0.10102693736553192,0.1171056255698204,0.0954304113984108,0.123906210064888,0.06697964668273926,0.07137809693813324
clip_vit_b_32_linear,translation_32_down,test_00979,979,3,cat,3,cat,0.16066665947437286,True,0.07496514916419983,0.10061819851398468,0.08547046780586243,0.16066665947437286,0.09422129392623901,0.13435880839824677,0.09948710352182388,0.09577541053295135,0.07773230224847794,0.07670464366674423
clip_vit_b_32_linear,translation_32_down,test_06354,6354,2,car,2,car,0.14787223935127258,True,0.10190417617559433,0.09314057976007462,0.14787223935127258,0.09048456698656082,0.08161673694849014,0.09561694413423538,0.09478084743022919,0.08789840340614319,0.09213756024837494,0.114547960460186
clip_vit_b_32_linear,translation_32_down,test_04735,4735,2,car,2,car,0.15677577257156372,True,0.11142148822546005,0.09229236096143723,0.15677577257156372,0.08178158849477768,0.08195745199918747,0.09565719217061996,0.08835700154304504,0.08130800724029541,0.09679846465587616,0.11365068703889847
clip_vit_b_32_linear,translation_32_down,test_05912,5912,0,airplane,0,airplane,0.21222727000713348,True,0.21222727000713348,0.09892966598272324,0.09854461997747421,0.07215262204408646,0.07941226661205292,0.08135966956615448,0.08325770497322083,0.08390189707279205,0.0994935855269432,0.09072070568799973
clip_vit_b_32_linear,translation_32_down,test_03844,3844,6,horse,6,horse,0.16575764119625092,True,0.0745399072766304,0.09374681115150452,0.07823669165372849,0.10120707005262375,0.12150236964225769,0.10832644253969193,0.16575764119625092,0.10198552906513214,0.0751858726143837,0.07951175421476364
clip_vit_b_32_linear,translation_32_down,test_01263,1263,3,cat,4,deer,0.15130123496055603,False,0.07234004139900208,0.10639477521181107,0.06766239553689957,0.14618438482284546,0.15130123496055603,0.09757998585700989,0.09328503161668777,0.12552769482135773,0.07242926210165024,0.0672951489686966
clip_vit_b_32_linear,translation_32_down,test_03404,3404,7,monkey,7,monkey,0.1740490049123764,True,0.08219478279352188,0.11395442485809326,0.08033154159784317,0.11515693366527557,0.10523474961519241,0.09428852796554565,0.08348963409662247,0.1740490049123764,0.07513077557086945,0.0761696919798851
clip_vit_b_32_linear,translation_32_down,test_03905,3905,8,ship,8,ship,0.21063779294490814,True,0.12718842923641205,0.07886285334825516,0.09564852714538574,0.07004118710756302,0.08161783218383789,0.07406728714704514,0.08008227497339249,0.08004704862833023,0.21063779294490814,0.10180667042732239
clip_vit_b_32_linear,translation_32_down,test_01596,1596,0,airplane,0,airplane,0.2093912661075592,True,0.2093912661075592,0.09163369238376617,0.08554460108280182,0.0740353912115097,0.09026707708835602,0.08526742458343506,0.07948100566864014,0.08134545385837555,0.10682587325572968,0.09620828926563263
clip_vit_b_32_linear,translation_32_down,test_03083,3083,0,airplane,0,airplane,0.20343086123466492,True,0.20343086123466492,0.092122882604599,0.09356429427862167,0.07349085062742233,0.09043120592832565,0.08387405425310135,0.08831814676523209,0.07661005854606628,0.09958247095346451,0.0985751822590828
clip_vit_b_32_linear,translation_32_down,test_02003,2003,6,horse,6,horse,0.18342910706996918,True,0.08925356715917587,0.08477075397968292,0.08506152778863907,0.09292484819889069,0.10797321051359177,0.11128495633602142,0.18342910706996918,0.09119604527950287,0.06942500919103622,0.08468086272478104
clip_vit_b_32_linear,translation_32_down,test_05030,5030,2,car,2,car,0.18704484403133392,True,0.11200167238712311,0.08211866021156311,0.18704484403133392,0.0761011466383934,0.0779426097869873,0.09595708549022675,0.09259164333343506,0.08426737040281296,0.09337455779314041,0.09860041737556458
clip_vit_b_32_linear,translation_32_down,test_00095,95,1,bird,1,bird,0.18967877328395844,True,0.08616773039102554,0.18967877328395844,0.07627518475055695,0.09765033423900604,0.10928930342197418,0.0929708406329155,0.07716156542301178,0.1276419460773468,0.07240495085716248,0.07075946033000946
clip_vit_b_32_linear,translation_32_down,test_02757,2757,4,deer,4,deer,0.19361285865306854,True,0.07530619204044342,0.099607914686203,0.07575441151857376,0.09111472219228745,0.19361285865306854,0.0959840714931488,0.12082946300506592,0.09889085590839386,0.07288318127393723,0.07601629197597504
clip_vit_b_32_linear,translation_32_down,test_03413,3413,1,bird,1,bird,0.2118910253047943,True,0.07648555189371109,0.2118910253047943,0.07687795162200928,0.10290125012397766,0.11882317066192627,0.08499877899885178,0.08125779777765274,0.10640677064657211,0.07383428514003754,0.06652341783046722
clip_vit_b_32_linear,translation_32_down,test_05488,5488,1,bird,7,monkey,0.12916353344917297,False,0.08653286844491959,0.12586362659931183,0.08730022609233856,0.10989087074995041,0.10175450146198273,0.0989454910159111,0.09899959713220596,0.12916353344917297,0.07577017694711685,0.08577901124954224
clip_vit_b_32_linear,translation_32_down,test_04827,4827,6,horse,6,horse,0.15099573135375977,True,0.09819301217794418,0.09329285472631454,0.09839816391468048,0.08932771533727646,0.09498261660337448,0.10995037108659744,0.15099573135375977,0.08563902229070663,0.09627065807580948,0.08294999599456787
clip_vit_b_32_linear,translation_32_down,test_01877,1877,5,dog,5,dog,0.18584392964839935,True,0.08025414496660233,0.09516409039497375,0.07965424656867981,0.11366822570562363,0.10227492451667786,0.18584392964839935,0.11148133873939514,0.0876845121383667,0.06899228692054749,0.07498227804899216
clip_vit_b_32_linear,translation_32_down,test_02157,2157,1,bird,1,bird,0.17212314903736115,True,0.09604759514331818,0.17212314903736115,0.08166598528623581,0.10173404961824417,0.09811544418334961,0.09221445769071579,0.08573335409164429,0.11656108498573303,0.07827011495828629,0.07753472030162811
clip_vit_b_32_linear,translation_32_down,test_04821,4821,3,cat,3,cat,0.17180617153644562,True,0.07410835474729538,0.10275740176439285,0.08055637031793594,0.17180617153644562,0.08646703511476517,0.134831503033638,0.09619578719139099,0.10814791172742844,0.07140366733074188,0.07372575253248215
clip_vit_b_32_linear,translation_32_down,test_04953,4953,5,dog,5,dog,0.14835390448570251,True,0.08110633492469788,0.10237495601177216,0.0878811702132225,0.11475095897912979,0.096958689391613,0.14835390448570251,0.11042439937591553,0.09796592593193054,0.08171963691711426,0.0784640684723854
clip_vit_b_32_linear,translation_32_down,test_05525,5525,8,ship,8,ship,0.19602328538894653,True,0.11627813428640366,0.07593423873186111,0.09096501022577286,0.08169791847467422,0.08741629868745804,0.0840335488319397,0.08235353976488113,0.07590293139219284,0.19602328538894653,0.10939507931470871
clip_vit_b_32_linear,translation_32_down,test_05381,5381,5,dog,5,dog,0.13578224182128906,True,0.08461996167898178,0.09599865227937698,0.08550941199064255,0.1075824722647667,0.09678564965724945,0.13578224182128906,0.11165209114551544,0.1165001168847084,0.08018907159566879,0.08538036048412323
clip_vit_b_32_linear,translation_32_down,test_00672,672,3,cat,3,cat,0.1864921599626541,True,0.07162165641784668,0.10491105169057846,0.0733395367860794,0.1864921599626541,0.1253860741853714,0.09731961041688919,0.08569777011871338,0.12560109794139862,0.0630648136138916,0.06656622886657715
clip_vit_b_32_linear,translation_32_down,test_00323,323,7,monkey,7,monkey,0.18028032779693604,True,0.07804030925035477,0.1114356517791748,0.07973115146160126,0.12873859703540802,0.11116300523281097,0.09411769360303879,0.08285341411828995,0.18028032779693604,0.06927917152643204,0.06436064839363098
clip_vit_b_32_linear,translation_32_down,test_05436,5436,7,monkey,7,monkey,0.18943177163600922,True,0.07883782684803009,0.12304718047380447,0.07308241724967957,0.1125524714589119,0.1176319345831871,0.08358985185623169,0.08892112225294113,0.18943177163600922,0.06731995195150375,0.06558556109666824
clip_vit_b_32_linear,translation_32_down,test_05450,5450,7,monkey,7,monkey,0.1898842602968216,True,0.07900059968233109,0.13094893097877502,0.07169224321842194,0.11549337953329086,0.09635044634342194,0.09412331879138947,0.08791767060756683,0.1898842602968216,0.07110220193862915,0.06348704546689987
clip_vit_b_32_linear,translation_32_down,test_06358,6358,5,dog,5,dog,0.15367257595062256,True,0.07729830592870712,0.08854366838932037,0.08414912968873978,0.11617262661457062,0.10343679040670395,0.15367257595062256,0.10955186933279037,0.10403291881084442,0.07950939238071442,0.08363276720046997
clip_vit_b_32_linear,translation_32_down,test_00372,372,3,cat,3,cat,0.1797226220369339,True,0.07454267144203186,0.09518774598836899,0.08088714629411697,0.1797226220369339,0.09328004717826843,0.1256992667913437,0.09708873927593231,0.10742633789777756,0.06951666623353958,0.0766487643122673
clip_vit_b_32_linear,translation_32_down,test_00378,378,5,dog,5,dog,0.18217873573303223,True,0.07513943314552307,0.09312085807323456,0.08224494755268097,0.1263919472694397,0.09120884537696838,0.18217873573303223,0.10365989804267883,0.09480925649404526,0.07332243025302887,0.07792361825704575
clip_vit_b_32_linear,translation_32_down,test_07706,7706,5,dog,5,dog,0.1422721892595291,True,0.08253132551908493,0.09505733847618103,0.09532009810209274,0.10718198120594025,0.09267094731330872,0.1422721892595291,0.10944193601608276,0.10808159410953522,0.07850323617458344,0.088939368724823
clip_vit_b_32_linear,translation_32_down,test_02178,2178,1,bird,1,bird,0.152495339512825,True,0.09307724982500076,0.152495339512825,0.0805630013346672,0.10186786949634552,0.1093781515955925,0.1022091656923294,0.09294605255126953,0.09462893754243851,0.09312140941619873,0.07971276342868805
clip_vit_b_32_linear,translation_32_down,test_05237,5237,2,car,2,car,0.15331044793128967,True,0.10991191118955612,0.08253411948680878,0.15331044793128967,0.07911673188209534,0.08981189876794815,0.09118827432394028,0.09328579157590866,0.08696269243955612,0.09173201024532318,0.12214607000350952
clip_vit_b_32_linear,translation_32_down,test_05478,5478,0,airplane,0,airplane,0.1667320281267166,True,0.1667320281267166,0.0900658592581749,0.0949769839644432,0.07673030346632004,0.09391289949417114,0.08577898144721985,0.0856979638338089,0.08716125041246414,0.11466548591852188,0.10427828878164291
clip_vit_b_32_linear,translation_32_down,test_05452,5452,9,truck,9,truck,0.16900567710399628,True,0.09586644917726517,0.08141092211008072,0.09479067474603653,0.08096867799758911,0.08655580133199692,0.08846408873796463,0.09363079816102982,0.08034910261631012,0.1289578527212143,0.16900567710399628
clip_vit_b_32_linear,translation_32_down,test_05623,5623,4,deer,4,deer,0.20262187719345093,True,0.08056482672691345,0.1120513305068016,0.07103589922189713,0.0983288437128067,0.20262187719345093,0.09194689244031906,0.09906241297721863,0.09588392823934555,0.07185650616884232,0.07664753496646881
clip_vit_b_32_linear,translation_32_down,test_06772,6772,7,monkey,7,monkey,0.1375838816165924,True,0.08348168432712555,0.10945506393909454,0.07456298172473907,0.1257869154214859,0.12136298418045044,0.09637593477964401,0.08816833794116974,0.1375838816165924,0.07709082961082458,0.08613131940364838
clip_vit_b_32_linear,translation_32_down,test_01111,1111,4,deer,4,deer,0.21341098845005035,True,0.07926148176193237,0.10598787665367126,0.0707327127456665,0.09021701663732529,0.21341098845005035,0.09058491140604019,0.10400297492742538,0.09162993729114532,0.07982227951288223,0.07434983551502228
clip_vit_b_32_linear,translation_32_down,test_05528,5528,3,cat,3,cat,0.15841791033744812,True,0.08300039172172546,0.08861535042524338,0.08838504552841187,0.15841791033744812,0.087711401283741,0.14110583066940308,0.09894105792045593,0.09855852276086807,0.07994081825017929,0.07532370090484619
clip_vit_b_32_linear,translation_32_down,test_03777,3777,6,horse,6,horse,0.18564681708812714,True,0.07377713918685913,0.08925178647041321,0.08352109044790268,0.0996863842010498,0.11561919748783112,0.11174686998128891,0.18564681708812714,0.09119468927383423,0.07189300656318665,0.07766301929950714
clip_vit_b_32_linear,translation_32_down,test_02458,2458,5,dog,5,dog,0.18055737018585205,True,0.07469597458839417,0.09244243800640106,0.07581450790166855,0.11802484095096588,0.0988786369562149,0.18055737018585205,0.12558838725090027,0.09255369752645493,0.06913673877716064,0.07230744510889053
clip_vit_b_32_linear,translation_32_down,test_04921,4921,2,car,2,car,0.15709474682807922,True,0.1065988689661026,0.08937938511371613,0.15709474682807922,0.08234155923128128,0.08219213038682938,0.08630207926034927,0.0879768431186676,0.10103359818458557,0.0935497134923935,0.11353112012147903
clip_vit_b_32_linear,translation_32_down,test_03015,3015,8,ship,8,ship,0.21092329919338226,True,0.11029884219169617,0.07959648966789246,0.08096909523010254,0.0701499879360199,0.08143188059329987,0.07724891602993011,0.08058908581733704,0.07538289576768875,0.21092329919338226,0.1334095597267151
clip_vit_b_32_linear,translation_32_down,test_07476,7476,8,ship,8,ship,0.15193089842796326,True,0.11675731837749481,0.08939748257398605,0.10535787045955658,0.07944703847169876,0.08773773908615112,0.08880504965782166,0.09629320353269577,0.08170178532600403,0.15193089842796326,0.10257165879011154
clip_vit_b_32_linear,translation_32_down,test_01520,1520,2,car,2,car,0.14187747240066528,True,0.10045164078474045,0.09384976327419281,0.14187747240066528,0.08840005099773407,0.08626612275838852,0.09497426450252533,0.10286154597997665,0.08956130594015121,0.08913751691579819,0.1126202642917633
clip_vit_b_32_linear,translation_32_down,test_06713,6713,6,horse,6,horse,0.18098878860473633,True,0.09266811609268188,0.08201488107442856,0.09469463676214218,0.08024721592664719,0.09800666570663452,0.0987163707613945,0.18098878860473633,0.092713363468647,0.08316846191883087,0.09678149968385696
clip_vit_b_32_linear,translation_32_down,test_01852,1852,1,bird,1,bird,0.20881591737270355,True,0.08605672419071198,0.20881591737270355,0.06959087401628494,0.10288326442241669,0.11949861794710159,0.08692509680986404,0.07922369241714478,0.10271571576595306,0.07553796470165253,0.06875208765268326
clip_vit_b_32_linear,translation_32_down,test_02268,2268,5,dog,5,dog,0.19100460410118103,True,0.07584187388420105,0.09085429459810257,0.0862724706530571,0.11445526778697968,0.08783755451440811,0.19100460410118103,0.10192400217056274,0.09338682889938354,0.07552780956029892,0.08289538323879242
clip_vit_b_32_linear,translation_32_down,test_00151,151,8,ship,8,ship,0.20521007478237152,True,0.12138866633176804,0.08414275199174881,0.08207409083843231,0.07262130826711655,0.07913783937692642,0.07838782668113708,0.07895232737064362,0.07937648892402649,0.20521007478237152,0.11870861798524857
clip_vit_b_32_linear,translation_32_down,test_00890,890,6,horse,6,horse,0.17992724478244781,True,0.07512106746435165,0.08751239627599716,0.07842431962490082,0.09356477111577988,0.11867621541023254,0.10669714212417603,0.17992724478244781,0.09141680598258972,0.0817975103855133,0.0868624895811081
clip_vit_b_32_linear,translation_32_down,test_00825,825,1,bird,1,bird,0.1512192040681839,True,0.11284942924976349,0.1512192040681839,0.07211074978113174,0.0938052162528038,0.11221315711736679,0.09573134779930115,0.08902451395988464,0.10325784981250763,0.08729798346757889,0.08249057084321976
clip_vit_b_32_linear,translation_32_down,test_02536,2536,3,cat,3,cat,0.17278854548931122,True,0.0740601047873497,0.11240046471357346,0.06911252439022064,0.17278854548931122,0.1304900199174881,0.09475421905517578,0.08278828114271164,0.1322571337223053,0.06865333020687103,0.06269542127847672
clip_vit_b_32_linear,translation_32_down,test_00470,470,2,car,2,car,0.1889069378376007,True,0.1118093952536583,0.0886208638548851,0.1889069378376007,0.07803509384393692,0.07750703394412994,0.09451227635145187,0.09380915015935898,0.08176404237747192,0.09215911477804184,0.09287619590759277
clip_vit_b_32_linear,translation_32_down,test_05256,5256,1,bird,1,bird,0.15681524574756622,True,0.08561116456985474,0.15681524574756622,0.0910174548625946,0.10994129627943039,0.1005234569311142,0.10406208783388138,0.09313765168190002,0.106986865401268,0.07160267233848572,0.08030202984809875
clip_vit_b_32_linear,translation_32_down,test_02011,2011,9,truck,9,truck,0.14815977215766907,True,0.1046917736530304,0.08273878693580627,0.10812261700630188,0.08188294619321823,0.08756834268569946,0.08897625654935837,0.09044364094734192,0.08254987746477127,0.12486597895622253,0.14815977215766907
clip_vit_b_32_linear,translation_32_down,test_07150,7150,0,airplane,0,airplane,0.20807622373104095,True,0.20807622373104095,0.09233398735523224,0.0952044278383255,0.07190236449241638,0.08711875975131989,0.08410041034221649,0.07596424221992493,0.08637626469135284,0.10167089849710464,0.0972524881362915
clip_vit_b_32_linear,translation_32_down,test_00449,449,6,horse,6,horse,0.15162606537342072,True,0.08131091296672821,0.09904167056083679,0.08485566079616547,0.0924471989274025,0.11777431517839432,0.1024637222290039,0.15162606537342072,0.09727034717798233,0.08215943723917007,0.0910506397485733
clip_vit_b_32_linear,translation_32_down,test_02704,2704,4,deer,4,deer,0.1983734369277954,True,0.07289490103721619,0.11525168269872665,0.06946396082639694,0.10726860910654068,0.1983734369277954,0.09222640097141266,0.09827602654695511,0.10519866645336151,0.07120661437511444,0.06983960419893265
clip_vit_b_32_linear,translation_32_down,test_03437,3437,0,airplane,0,airplane,0.15115058422088623,True,0.15115058422088623,0.09526534378528595,0.09930581599473953,0.08285097032785416,0.10655127465724945,0.08642997592687607,0.08640377968549728,0.08378499001264572,0.10805564373731613,0.10020153969526291
clip_vit_b_32_linear,translation_32_down,test_03375,3375,3,cat,3,cat,0.16304966807365417,True,0.07548847049474716,0.09893365949392319,0.071566641330719,0.16304966807365417,0.11861486732959747,0.1101335734128952,0.0937265083193779,0.1302279829978943,0.06923039257526398,0.06902828067541122
clip_vit_b_32_linear,translation_32_down,test_04552,4552,8,ship,8,ship,0.20506790280342102,True,0.11166262626647949,0.075437031686306,0.08693989366292953,0.07430694252252579,0.08264758437871933,0.07753400504589081,0.07617804408073425,0.072715625166893,0.20506790280342102,0.137510284781456
clip_vit_b_32_linear,translation_32_down,test_00920,920,6,horse,6,horse,0.1595868468284607,True,0.08143513649702072,0.09912122040987015,0.08091099560260773,0.09749238938093185,0.11416591703891754,0.1094488725066185,0.1595868468284607,0.0968991369009018,0.08438064903020859,0.07655883580446243
clip_vit_b_32_linear,translation_32_down,test_02242,2242,0,airplane,0,airplane,0.19165568053722382,True,0.19165568053722382,0.09595509618520737,0.09744144231081009,0.07833677530288696,0.08753742277622223,0.08586601167917252,0.0876692682504654,0.08277811110019684,0.09548967331647873,0.09727052599191666
clip_vit_b_32_linear,translation_32_down,test_02745,2745,8,ship,8,ship,0.22488926351070404,True,0.11407732963562012,0.07557692378759384,0.08351578563451767,0.07000700384378433,0.07655207067728043,0.07602876424789429,0.0764797031879425,0.07322368770837784,0.22488926351070404,0.12964937090873718
clip_vit_b_32_linear,translation_32_down,test_01032,1032,7,monkey,7,monkey,0.18316876888275146,True,0.08487038314342499,0.11684200167655945,0.07324792444705963,0.12007554620504379,0.10598048567771912,0.08683975040912628,0.08347752690315247,0.18316876888275146,0.07683193683624268,0.06866569817066193
clip_vit_b_32_linear,translation_32_down,test_00365,365,3,cat,3,cat,0.16246137022972107,True,0.07725726813077927,0.09357450902462006,0.08666759729385376,0.16246137022972107,0.08979329466819763,0.14027446508407593,0.10075515508651733,0.0951671227812767,0.07580343633890152,0.07824569195508957
clip_vit_b_32_linear,translation_32_down,test_04850,4850,5,dog,5,dog,0.17519883811473846,True,0.07835772633552551,0.09303002059459686,0.08206792920827866,0.1319672167301178,0.09280615299940109,0.17519883811473846,0.09910998493432999,0.0966801717877388,0.07526945322751999,0.07551252096891403
clip_vit_b_32_linear,translation_32_down,test_04819,4819,0,airplane,0,airplane,0.19479206204414368,True,0.19479206204414368,0.09519457072019577,0.10322117805480957,0.07530678808689117,0.07516929507255554,0.08793247491121292,0.08940181881189346,0.08482242375612259,0.09807685017585754,0.0960824266076088
clip_vit_b_32_linear,translation_32_down,test_07338,7338,6,horse,6,horse,0.15698494017124176,True,0.0912376269698143,0.08955210447311401,0.09231813997030258,0.09548582881689072,0.10921190679073334,0.1048903688788414,0.15698494017124176,0.09207931905984879,0.08076448738574982,0.08747520297765732
clip_vit_b_32_linear,translation_32_down,test_07372,7372,0,airplane,0,airplane,0.19138316810131073,True,0.19138316810131073,0.0927649661898613,0.09569983184337616,0.07606721669435501,0.08316908776760101,0.08543938398361206,0.07598710805177689,0.09131747484207153,0.11144054681062698,0.09673119336366653
clip_vit_b_32_linear,translation_32_down,test_01090,1090,1,bird,1,bird,0.1505439579486847,True,0.11321727931499481,0.1505439579486847,0.07623570412397385,0.09958145767450333,0.10646611452102661,0.08867901563644409,0.09149234741926193,0.10907711088657379,0.08271841704845428,0.08198849856853485
clip_vit_b_32_linear,translation_32_down,test_05062,5062,4,deer,4,deer,0.19777043163776398,True,0.07738810777664185,0.11187750846147537,0.06584176421165466,0.10504385083913803,0.19777043163776398,0.09358909726142883,0.10541915893554688,0.09979348629713058,0.06949829310178757,0.07377832382917404
clip_vit_b_32_linear,translation_32_down,test_00981,981,2,car,2,car,0.16628441214561462,True,0.10270464420318604,0.09104790538549423,0.16628441214561462,0.0890873372554779,0.08769403398036957,0.08936949819326401,0.08864015340805054,0.08950105309486389,0.0893922746181488,0.10627870261669159
clip_vit_b_32_linear,translation_32_down,test_05857,5857,6,horse,6,horse,0.1495908796787262,True,0.0937376618385315,0.09611182659864426,0.08316604048013687,0.0862797349691391,0.11380795389413834,0.10431127995252609,0.1495908796787262,0.09192287176847458,0.08820143342018127,0.09287036955356598
clip_vit_b_32_linear,translation_32_down,test_01986,1986,1,bird,1,bird,0.13954490423202515,True,0.07857010513544083,0.13954490423202515,0.08315898478031158,0.10197880864143372,0.1138492077589035,0.10497543960809708,0.10716898739337921,0.10886599123477936,0.07737462967634201,0.08451296389102936
clip_vit_b_32_linear,translation_32_down,test_05560,5560,1,bird,1,bird,0.15610703825950623,True,0.08130552619695663,0.15610703825950623,0.07750369608402252,0.11719436198472977,0.09091343730688095,0.10730019956827164,0.09904972463846207,0.12685178220272064,0.07292456179857254,0.0708497166633606
clip_vit_b_32_linear,translation_32_down,test_01814,1814,2,car,2,car,0.15776123106479645,True,0.1040583997964859,0.0839918926358223,0.15776123106479645,0.08803855627775192,0.08864490687847137,0.08446419984102249,0.10043319314718246,0.08276917040348053,0.09188195317983627,0.11795646697282791
clip_vit_b_32_linear,translation_32_down,test_00194,194,8,ship,8,ship,0.21375420689582825,True,0.10892673581838608,0.07600060105323792,0.08980131149291992,0.07308032363653183,0.07799685746431351,0.0800953060388565,0.08145181834697723,0.07306873053312302,0.21375420689582825,0.12582407891750336
clip_vit_b_32_linear,translation_32_down,test_01993,1993,1,bird,1,bird,0.19989141821861267,True,0.08862955123186111,0.19989141821861267,0.07430216670036316,0.09528278559446335,0.1139017790555954,0.0886661559343338,0.08208408206701279,0.1089428961277008,0.07397526502609253,0.0743238776922226
clip_vit_b_32_linear,translation_32_down,test_05333,5333,2,car,2,car,0.17925162613391876,True,0.10423222184181213,0.08520510047674179,0.17925162613391876,0.0847635343670845,0.07999314367771149,0.0836670994758606,0.08690148591995239,0.08415957540273666,0.09861472249031067,0.1132114827632904
clip_vit_b_32_linear,translation_32_down,test_04311,4311,8,ship,8,ship,0.2086734175682068,True,0.12396061420440674,0.08160088956356049,0.08312974870204926,0.07008346170186996,0.08117293566465378,0.07804054766893387,0.07911820709705353,0.07494425028562546,0.2086734175682068,0.11927591264247894
clip_vit_b_32_linear,translation_32_down,test_07425,7425,2,car,2,car,0.18168283998966217,True,0.10541272163391113,0.08124883472919464,0.18168283998966217,0.08004900813102722,0.08405306190252304,0.08845483511686325,0.08719971030950546,0.08996858447790146,0.096148282289505,0.10578208416700363
clip_vit_b_32_linear,translation_32_down,test_03889,3889,5,dog,5,dog,0.17967821657657623,True,0.07743099331855774,0.0886993408203125,0.0727006047964096,0.12350425124168396,0.09792858362197876,0.17967821657657623,0.10592791438102722,0.09390038996934891,0.07900786399841309,0.08122190833091736
clip_vit_b_32_linear,translation_32_down,test_04308,4308,7,monkey,7,monkey,0.12293464690446854,True,0.08730127662420273,0.10812315344810486,0.09014801681041718,0.11710415780544281,0.1107238307595253,0.09922614693641663,0.09097692370414734,0.12293464690446854,0.07970722764730453,0.0937545970082283
clip_vit_b_32_linear,translation_32_down,test_01960,1960,4,deer,4,deer,0.1791355311870575,True,0.08073316514492035,0.10703054815530777,0.07134652882814407,0.10741778463125229,0.1791355311870575,0.11181307584047318,0.09837750345468521,0.09951749444007874,0.06832572817802429,0.07630264014005661
clip_vit_b_32_linear,translation_32_down,test_04399,4399,0,airplane,0,airplane,0.16849322617053986,True,0.16849322617053986,0.09027546644210815,0.10854572057723999,0.08463304489850998,0.08791098743677139,0.0899253785610199,0.08632808178663254,0.09275422245264053,0.094650037586689,0.09648387134075165
clip_vit_b_32_linear,translation_32_down,test_03191,3191,6,horse,6,horse,0.16787587106227875,True,0.0893574059009552,0.09023173153400421,0.08974341303110123,0.0832371935248375,0.10586751252412796,0.09942861646413803,0.16787587106227875,0.09944922477006912,0.07975482940673828,0.09505421668291092
clip_vit_b_32_linear,translation_32_down,test_01626,1626,5,dog,5,dog,0.17702507972717285,True,0.0765552818775177,0.09311123937368393,0.082712821662426,0.1178290843963623,0.09381040185689926,0.17702507972717285,0.11418533325195312,0.10083574056625366,0.07037372142076492,0.07356131821870804
clip_vit_b_32_linear,translation_32_down,test_00176,176,3,cat,3,cat,0.18761563301086426,True,0.07154300063848495,0.10995013266801834,0.07534186542034149,0.18761563301086426,0.10547887533903122,0.09567249566316605,0.08392420411109924,0.13561832904815674,0.06896727532148361,0.06588820368051529
clip_vit_b_32_linear,translation_32_down,test_07726,7726,6,horse,6,horse,0.19117258489131927,True,0.07607954740524292,0.09013298153877258,0.08269024640321732,0.09497811645269394,0.10176108777523041,0.11270613223314285,0.19117258489131927,0.0996570736169815,0.07288745045661926,0.07793476432561874
clip_vit_b_32_linear,translation_32_down,test_02334,2334,5,dog,5,dog,0.1874832957983017,True,0.07907989621162415,0.09252303838729858,0.08285629749298096,0.12378466129302979,0.09231290221214294,0.1874832957983017,0.10560299456119537,0.09623377025127411,0.0669783279299736,0.07314472645521164
clip_vit_b_32_linear,translation_32_down,test_01648,1648,0,airplane,0,airplane,0.1841699481010437,True,0.1841699481010437,0.09325634688138962,0.09269297868013382,0.0754411444067955,0.08794833719730377,0.08709440380334854,0.08024872839450836,0.08539266884326935,0.11111731082201004,0.10263819992542267
clip_vit_b_32_linear,translation_32_down,test_06084,6084,7,monkey,7,monkey,0.1927676498889923,True,0.08243149518966675,0.1207570806145668,0.07395359873771667,0.11682290583848953,0.10296399146318436,0.08767159283161163,0.08126511424779892,0.1927676498889923,0.07410477846860886,0.06726174801588058
clip_vit_b_32_linear,translation_32_down,test_03455,3455,0,airplane,0,airplane,0.17966361343860626,True,0.17966361343860626,0.0988880842924118,0.09531795233488083,0.07596015185117722,0.0918230190873146,0.09023399651050568,0.08005958795547485,0.0818578377366066,0.10217112302780151,0.10402455925941467
clip_vit_b_32_linear,translation_32_down,test_01468,1468,9,truck,9,truck,0.14919109642505646,True,0.11195487529039383,0.0780356377363205,0.11351225525140762,0.08597301691770554,0.08437037467956543,0.0949394702911377,0.09844416379928589,0.08150535076856613,0.10207373648881912,0.14919109642505646
clip_vit_b_32_linear,translation_32_down,test_01296,1296,7,monkey,7,monkey,0.15765376389026642,True,0.0808662623167038,0.12527690827846527,0.07217415422201157,0.11883045732975006,0.12270114570856094,0.09278269112110138,0.08523257821798325,0.15765376389026642,0.07163278013467789,0.07284925878047943
clip_vit_b_32_linear,translation_32_down,test_05213,5213,4,deer,4,deer,0.1907891184091568,True,0.08069780468940735,0.10977470129728317,0.07047898322343826,0.09820760786533356,0.1907891184091568,0.08914085477590561,0.10424958914518356,0.10660151392221451,0.07841820269823074,0.07164157927036285
clip_vit_b_32_linear,translation_32_down,test_07047,7047,9,truck,9,truck,0.1731470376253128,True,0.1033373698592186,0.08257904648780823,0.10128153860569,0.07738334685564041,0.0847073420882225,0.08450701832771301,0.09118755161762238,0.07466396689414978,0.12720583379268646,0.1731470376253128
clip_vit_b_32_linear,translation_32_down,test_05360,5360,9,truck,9,truck,0.16024884581565857,True,0.11376114934682846,0.08119223266839981,0.1107550859451294,0.08219129592180252,0.08466333150863647,0.09156172722578049,0.09638559073209763,0.07859592139720917,0.10064481943845749,0.16024884581565857
clip_vit_b_32_linear,translation_32_down,test_05824,5824,2,car,2,car,0.1345662623643875,True,0.10737600922584534,0.09437142312526703,0.1345662623643875,0.08437807857990265,0.09268630295991898,0.09105388075113297,0.09563460201025009,0.09233736246824265,0.09514117985963821,0.11245489120483398
clip_vit_b_32_linear,translation_32_down,test_07460,7460,8,ship,8,ship,0.17719809710979462,True,0.11056049168109894,0.08055545389652252,0.09945495426654816,0.08095820248126984,0.08679863810539246,0.08751688152551651,0.08374536782503128,0.07467392086982727,0.17719809710979462,0.1185380145907402
clip_vit_b_32_linear,translation_32_down,test_04791,4791,7,monkey,7,monkey,0.18282881379127502,True,0.0821034386754036,0.11494971811771393,0.08217954635620117,0.11559656262397766,0.11261836439371109,0.08475524187088013,0.08082964271306992,0.18282881379127502,0.06737926602363586,0.07675940543413162
clip_vit_b_32_linear,translation_32_down,test_06692,6692,2,car,2,car,0.15705345571041107,True,0.1110725924372673,0.09237935394048691,0.15705345571041107,0.08071969449520111,0.08062198013067245,0.09241003543138504,0.0912131518125534,0.08082862943410873,0.09897405654191971,0.1147269755601883
clip_vit_b_32_linear,translation_32_down,test_06931,6931,9,truck,9,truck,0.15208320319652557,True,0.11631319671869278,0.08980858325958252,0.08728265762329102,0.08482207357883453,0.08939692378044128,0.0873873233795166,0.09431642293930054,0.08551976084709167,0.11306978017091751,0.15208320319652557
clip_vit_b_32_linear,translation_32_down,test_00667,667,8,ship,8,ship,0.19549673795700073,True,0.11702222377061844,0.08010667562484741,0.08566971123218536,0.07764387130737305,0.08573182672262192,0.08372949808835983,0.07999593019485474,0.07558366656303406,0.19549673795700073,0.11901983618736267
clip_vit_b_32_linear,translation_32_down,test_07781,7781,6,horse,6,horse,0.18199422955513,True,0.07072652131319046,0.095310278236866,0.08587425947189331,0.09645155817270279,0.10758430510759354,0.11363425105810165,0.18199422955513,0.10839371383190155,0.07101958990097046,0.06901130825281143
clip_vit_b_32_linear,translation_32_down,test_07793,7793,3,cat,3,cat,0.15223196148872375,True,0.08264116197824478,0.0907772108912468,0.08717867732048035,0.15223196148872375,0.09034194052219391,0.14340731501579285,0.10328774899244308,0.09935644268989563,0.07515326142311096,0.07562436908483505
clip_vit_b_32_linear,translation_32_down,test_01411,1411,9,truck,9,truck,0.18148759007453918,True,0.10645250976085663,0.08065655827522278,0.09515703469514847,0.07271555066108704,0.0874175950884819,0.08181688189506531,0.0881466343998909,0.07349836081266403,0.13265129923820496,0.18148759007453918
clip_vit_b_32_linear,translation_32_down,test_01473,1473,7,monkey,7,monkey,0.1955689936876297,True,0.07774370908737183,0.11076028645038605,0.0803031176328659,0.11217042058706284,0.10316924750804901,0.09342792630195618,0.0875634029507637,0.1955689936876297,0.07019395381212234,0.0690990686416626
clip_vit_b_32_linear,translation_32_down,test_07130,7130,5,dog,5,dog,0.1772700548171997,True,0.08008212596178055,0.09879052639007568,0.0849996954202652,0.1154986247420311,0.09836793690919876,0.1772700548171997,0.10532400012016296,0.08814968913793564,0.07370496541261673,0.07781241834163666
clip_vit_b_32_linear,translation_32_down,test_01956,1956,7,monkey,7,monkey,0.1454089730978012,True,0.07423874735832214,0.11366128921508789,0.07461496442556381,0.1368705928325653,0.10808553546667099,0.10518846660852432,0.08997437357902527,0.1454089730978012,0.07311741262674332,0.07883961498737335
clip_vit_b_32_linear,translation_32_down,test_06716,6716,5,dog,5,dog,0.14693662524223328,True,0.07741984724998474,0.09898083657026291,0.09051484614610672,0.11534865200519562,0.09694249927997589,0.14693662524223328,0.10903602093458176,0.10178885608911514,0.08116229623556137,0.08186958730220795
clip_vit_b_32_linear,translation_32_down,test_04106,4106,5,dog,5,dog,0.15770158171653748,True,0.08312229067087173,0.0940212681889534,0.08765532821416855,0.11917157471179962,0.09983060508966446,0.15770158171653748,0.10959172993898392,0.10080520808696747,0.0694299042224884,0.07867047935724258
clip_vit_b_32_linear,translation_32_down,test_03494,3494,6,horse,6,horse,0.18851923942565918,True,0.08926007896661758,0.08251311630010605,0.09691426157951355,0.09075627475976944,0.09777263551950455,0.1124812513589859,0.18851923942565918,0.08357170224189758,0.0750042051076889,0.08320716768503189
clip_vit_b_32_linear,translation_32_down,test_00691,691,4,deer,4,deer,0.18797791004180908,True,0.07699412852525711,0.11252737790346146,0.07538069039583206,0.10439376533031464,0.18797791004180908,0.09407703578472137,0.09696616232395172,0.09592166543006897,0.07996577769517899,0.07579550892114639
clip_vit_b_32_linear,translation_32_down,test_05220,5220,1,bird,7,monkey,0.11633867025375366,False,0.09585873782634735,0.10319993644952774,0.09361221641302109,0.11553767323493958,0.09609783440828323,0.11431585997343063,0.08849578350782394,0.11633867025375366,0.08527468889951706,0.0912686437368393
clip_vit_b_32_linear,translation_32_down,test_04908,4908,3,cat,3,cat,0.19880984723567963,True,0.07156691700220108,0.09650807082653046,0.0792718455195427,0.19880984723567963,0.09339369088411331,0.13021589815616608,0.09269539266824722,0.10305824875831604,0.06500782072544098,0.06947225332260132
clip_vit_b_32_linear,translation_32_down,test_07029,7029,1,bird,1,bird,0.19268108904361725,True,0.08145987242460251,0.19268108904361725,0.0734376460313797,0.10176380723714828,0.10926619172096252,0.08979438245296478,0.07942122966051102,0.13088548183441162,0.0726274773478508,0.06866282969713211
clip_vit_b_32_linear,translation_32_down,test_04130,4130,0,airplane,0,airplane,0.20081280171871185,True,0.20081280171871185,0.09205421060323715,0.09921950846910477,0.07454106956720352,0.07931599020957947,0.08838969469070435,0.08773869276046753,0.08558899909257889,0.09436018019914627,0.09797894209623337
clip_vit_b_32_linear,translation_32_down,test_07938,7938,9,truck,9,truck,0.16568678617477417,True,0.09852451831102371,0.08922314643859863,0.10280166566371918,0.08160633593797684,0.08793366700410843,0.08883783221244812,0.09237496554851532,0.08568864315748215,0.10732245445251465,0.16568678617477417
clip_vit_b_32_linear,translation_32_down,test_05101,5101,5,dog,5,dog,0.163079634308815,True,0.07918895035982132,0.09457246214151382,0.10577942430973053,0.10528911650180817,0.09191837161779404,0.163079634308815,0.10474843531847,0.09906399995088577,0.07108759880065918,0.08527203649282455
clip_vit_b_32_linear,translation_32_down,test_01515,1515,9,truck,9,truck,0.1822696179151535,True,0.10502950102090836,0.08119353652000427,0.10684137791395187,0.0745997354388237,0.08599967509508133,0.08159425109624863,0.09184889495372772,0.07417289167642593,0.1164504811167717,0.1822696179151535
clip_vit_b_32_linear,translation_32_down,test_03287,3287,4,deer,4,deer,0.21086744964122772,True,0.0803697258234024,0.09968257695436478,0.07948405295610428,0.0880296528339386,0.21086744964122772,0.08946030586957932,0.10813698172569275,0.08575297892093658,0.07832548022270203,0.07989083975553513
clip_vit_b_32_linear,translation_32_down,test_00716,716,8,ship,8,ship,0.1982376128435135,True,0.11501439660787582,0.07991669327020645,0.08068302273750305,0.07549136132001877,0.08030208200216293,0.07906541228294373,0.08574693650007248,0.07874415814876556,0.1982376128435135,0.12679830193519592
clip_vit_b_32_linear,translation_32_down,test_04236,4236,7,monkey,7,monkey,0.19198788702487946,True,0.07860605418682098,0.11344604194164276,0.074661023914814,0.11506184935569763,0.1055459976196289,0.08813748508691788,0.08551179617643356,0.19198788702487946,0.07578016072511673,0.07126165181398392
clip_vit_b_32_linear,translation_32_down,test_05408,5408,6,horse,6,horse,0.15721295773983002,True,0.07461171597242355,0.10325203835964203,0.07833801954984665,0.1032257005572319,0.12920229136943817,0.10732477903366089,0.15721295773983002,0.09960632771253586,0.07655228674411774,0.0706738829612732
clip_vit_b_32_linear,translation_32_down,test_05496,5496,5,dog,5,dog,0.1718267947435379,True,0.08232644200325012,0.09932121634483337,0.09367110580205917,0.11652294546365738,0.08542608469724655,0.1718267947435379,0.09994031488895416,0.09916913509368896,0.07639315724372864,0.07540278881788254
clip_vit_b_32_linear,translation_32_down,test_03365,3365,4,deer,4,deer,0.17393070459365845,True,0.08547019958496094,0.09712888300418854,0.07799381762742996,0.09728898853063583,0.17393070459365845,0.1011444702744484,0.1017359271645546,0.10290868580341339,0.0764869675040245,0.08591138571500778
clip_vit_b_32_linear,translation_32_down,test_04323,4323,3,cat,3,cat,0.14567992091178894,True,0.08313357830047607,0.09229429811239243,0.08809438347816467,0.14567992091178894,0.08879218250513077,0.134663388133049,0.10359741747379303,0.09639273583889008,0.08096878975629807,0.08638325333595276
clip_vit_b_32_linear,translation_32_down,test_05467,5467,4,deer,4,deer,0.2020319402217865,True,0.08111494779586792,0.10549527406692505,0.07244958728551865,0.09140536189079285,0.2020319402217865,0.08839531987905502,0.10289740562438965,0.10014811903238297,0.07770748436450958,0.07835446298122406
clip_vit_b_32_linear,translation_32_down,test_01644,1644,5,dog,5,dog,0.18104559183120728,True,0.07881542295217514,0.1021406427025795,0.08527703583240509,0.11845686286687851,0.09353865683078766,0.18104559183120728,0.10012593120336533,0.09220238775014877,0.07147463411092758,0.07692268490791321
clip_vit_b_32_linear,translation_32_down,test_03948,3948,8,ship,8,ship,0.196313738822937,True,0.11805282533168793,0.07923758774995804,0.09466107934713364,0.0753653347492218,0.0820389986038208,0.0819033682346344,0.08103317767381668,0.08184468001127243,0.196313738822937,0.1095491424202919
clip_vit_b_32_linear,translation_32_down,test_06726,6726,7,monkey,7,monkey,0.145436629652977,True,0.08340702950954437,0.10795286297798157,0.07449380308389664,0.13210566341876984,0.11495999991893768,0.11781969666481018,0.0857979878783226,0.145436629652977,0.06962917745113373,0.06839717924594879
clip_vit_b_32_linear,translation_32_down,test_05395,5395,2,car,2,car,0.186698779463768,True,0.09780868142843246,0.08284912258386612,0.186698779463768,0.08568112552165985,0.08171766996383667,0.08713667094707489,0.08871515095233917,0.08847025781869888,0.09308671951293945,0.10783568024635315
clip_vit_b_32_linear,translation_32_down,test_01579,1579,7,monkey,7,monkey,0.17085391283035278,True,0.0810256227850914,0.10774969309568405,0.07966914772987366,0.12776078283786774,0.10229124128818512,0.10119086503982544,0.09732167422771454,0.17085391283035278,0.06319187581539154,0.06894517689943314
clip_vit_b_32_linear,translation_32_down,test_05918,5918,0,airplane,0,airplane,0.20264919102191925,True,0.20264919102191925,0.09167498350143433,0.09888938069343567,0.07484425604343414,0.08263962715864182,0.08428946137428284,0.08084412664175034,0.08485828340053558,0.10167619585990906,0.0976344421505928
clip_vit_b_32_linear,translation_32_down,test_07041,7041,5,dog,5,dog,0.1559935212135315,True,0.08050303906202316,0.09265424311161041,0.08743596076965332,0.12460754811763763,0.09019744396209717,0.1559935212135315,0.10344014316797256,0.10299304872751236,0.08290275186300278,0.07927238941192627
clip_vit_b_32_linear,translation_32_down,test_00506,506,4,deer,4,deer,0.1704028695821762,True,0.08139921724796295,0.10847459733486176,0.07363125681877136,0.114048071205616,0.1704028695821762,0.09823907166719437,0.09159228950738907,0.10498452931642532,0.07699118554592133,0.08023691922426224
clip_vit_b_32_linear,translation_32_down,test_04011,4011,6,horse,6,horse,0.17183706164360046,True,0.09355384856462479,0.08664042502641678,0.094448022544384,0.08991912752389908,0.09738092124462128,0.11172830313444138,0.17183706164360046,0.08723729848861694,0.0802953913807869,0.08695952594280243
clip_vit_b_32_linear,translation_32_down,test_05981,5981,9,truck,9,truck,0.16270719468593597,True,0.09845063835382462,0.08604724705219269,0.10149161517620087,0.08365656435489655,0.08951812982559204,0.08496219664812088,0.09007595479488373,0.08497824519872665,0.1181122362613678,0.16270719468593597
clip_vit_b_32_linear,translation_32_down,test_00409,409,2,car,2,car,0.1857367306947708,True,0.10957832634449005,0.08010458201169968,0.1857367306947708,0.08211781084537506,0.07924599200487137,0.0921262726187706,0.09059369564056396,0.08779501914978027,0.08796048164367676,0.10474107414484024
clip_vit_b_32_linear,translation_32_down,test_06954,6954,1,bird,1,bird,0.15654011070728302,True,0.08768739551305771,0.15654011070728302,0.07750160247087479,0.12822656333446503,0.10197869688272476,0.08886418491601944,0.08349234610795975,0.12022261321544647,0.07607926428318024,0.07940741628408432
clip_vit_b_32_linear,translation_32_down,test_07555,7555,6,horse,6,horse,0.14673501253128052,True,0.08500798791646957,0.09118431806564331,0.08823246508836746,0.09286203235387802,0.11579407006502151,0.10385295748710632,0.14673501253128052,0.0992155447602272,0.08066461980342865,0.09645097702741623
clip_vit_b_32_linear,translation_32_down,test_03965,3965,0,airplane,0,airplane,0.18626759946346283,True,0.18626759946346283,0.09006727486848831,0.09603352844715118,0.0724182054400444,0.08535546809434891,0.08661927282810211,0.08006858080625534,0.08485613763332367,0.11570892482995987,0.10260515660047531
clip_vit_b_32_linear,translation_32_down,test_07266,7266,9,truck,9,truck,0.13735264539718628,True,0.10037203133106232,0.09913498163223267,0.09580086171627045,0.08776488900184631,0.10055297613143921,0.09183716773986816,0.09614960849285126,0.09013600647449493,0.10089893639087677,0.13735264539718628
clip_vit_b_32_linear,translation_32_down,test_04785,4785,0,airplane,0,airplane,0.1812276542186737,True,0.1812276542186737,0.08334711194038391,0.1075964868068695,0.07822491973638535,0.07494965195655823,0.08228550106287003,0.07744137197732925,0.08416607975959778,0.11719536036252975,0.11356588453054428
clip_vit_b_32_linear,translation_32_down,test_06028,6028,2,car,2,car,0.1670270413160324,True,0.10367296636104584,0.08531207591295242,0.1670270413160324,0.08512834459543228,0.08758445829153061,0.08829905837774277,0.0871051475405693,0.08557151257991791,0.09304258972406387,0.11725664138793945
clip_vit_b_32_linear,translation_32_down,test_06503,6503,2,car,2,car,0.149809792637825,True,0.10687132179737091,0.08905288577079773,0.149809792637825,0.08245144039392471,0.08994691073894501,0.09069562703371048,0.09201659262180328,0.08332780748605728,0.09943224489688873,0.11639535427093506
clip_vit_b_32_linear,translation_32_down,test_06414,6414,5,dog,5,dog,0.15969058871269226,True,0.08219866454601288,0.08768674731254578,0.09218153357505798,0.12339622527360916,0.08488097041845322,0.15969058871269226,0.10564769804477692,0.09688293933868408,0.07958270609378815,0.08785191923379898
clip_vit_b_32_linear,translation_32_down,test_05382,5382,6,horse,6,horse,0.16572865843772888,True,0.09234636276960373,0.08617694675922394,0.10341865569353104,0.0828445702791214,0.10149234533309937,0.09499408304691315,0.16572865843772888,0.08714742958545685,0.08798003941774368,0.0978708490729332
clip_vit_b_32_linear,translation_32_down,test_06836,6836,1,bird,1,bird,0.20057009160518646,True,0.0843396708369255,0.20057009160518646,0.07434775680303574,0.09699101001024246,0.12013889849185944,0.08725540339946747,0.0828186497092247,0.1171802505850792,0.06668493896722794,0.0696733146905899
clip_vit_b_32_linear,translation_32_down,test_06508,6508,4,deer,4,deer,0.18728023767471313,True,0.08087718486785889,0.1045990139245987,0.08193312585353851,0.09248324483633041,0.18728023767471313,0.08818775415420532,0.09977495670318604,0.10562150180339813,0.08035124838352203,0.07889167964458466
clip_vit_b_32_linear,translation_32_down,test_03994,3994,4,deer,4,deer,0.16962124407291412,True,0.07072876393795013,0.11548184603452682,0.07116826623678207,0.12395969778299332,0.16962124407291412,0.09526178985834122,0.09164338558912277,0.1247849315404892,0.07126616686582565,0.06608380377292633
clip_vit_b_32_linear,translation_32_down,test_03942,3942,9,truck,9,truck,0.16291242837905884,True,0.12309672683477402,0.08795039355754852,0.10105957835912704,0.07564770430326462,0.07660936564207077,0.08602628856897354,0.08996093273162842,0.0835411325097084,0.11319539695978165,0.16291242837905884
clip_vit_b_32_linear,translation_32_down,test_03542,3542,7,monkey,7,monkey,0.18841280043125153,True,0.0771593526005745,0.11622652411460876,0.072484590113163,0.11678615212440491,0.10728223621845245,0.09582048654556274,0.0903712809085846,0.18841280043125153,0.0662841722369194,0.06917236000299454
clip_vit_b_32_linear,translation_32_down,test_06952,6952,3,cat,3,cat,0.1645408570766449,True,0.07860813289880753,0.10475979745388031,0.08521085977554321,0.1645408570766449,0.09253665059804916,0.13078853487968445,0.09317515790462494,0.10250989347696304,0.07289715111255646,0.07497293502092361
clip_vit_b_32_linear,translation_32_down,test_04290,4290,5,dog,4,deer,0.14383544027805328,False,0.08281292766332626,0.11107034236192703,0.07331372797489166,0.11484570056200027,0.14383544027805328,0.10450403392314911,0.1019282117486,0.1217743530869484,0.07295341789722443,0.07296174019575119
clip_vit_b_32_linear,translation_32_down,test_07446,7446,8,ship,8,ship,0.19959215819835663,True,0.11381730437278748,0.07770167291164398,0.09394495189189911,0.07777087390422821,0.08201014995574951,0.08239875733852386,0.08300382643938065,0.07434077560901642,0.19959215819835663,0.11541950702667236
clip_vit_b_32_linear,translation_32_down,test_06169,6169,1,bird,1,bird,0.12244600057601929,True,0.09748990088701248,0.12244600057601929,0.08710065484046936,0.09401539713144302,0.10525460541248322,0.10347472131252289,0.10742782056331635,0.10004826635122299,0.0871979147195816,0.09554478526115417
clip_vit_b_32_linear,translation_32_down,test_01109,1109,1,bird,1,bird,0.15110018849372864,True,0.1160617545247078,0.15110018849372864,0.08042630553245544,0.09745023399591446,0.09958857297897339,0.09746485948562622,0.0862266793847084,0.10245078057050705,0.0869796946644783,0.08225087821483612
clip_vit_b_32_linear,translation_32_down,test_03179,3179,4,deer,4,deer,0.1948266625404358,True,0.07838822156190872,0.0952473059296608,0.07734212279319763,0.09572296589612961,0.1948266625404358,0.09780849516391754,0.10659775882959366,0.09004166722297668,0.07849187403917313,0.08553291857242584
clip_vit_b_32_linear,translation_32_down,test_07835,7835,7,monkey,7,monkey,0.18681061267852783,True,0.07988525927066803,0.11733708530664444,0.07287602126598358,0.12219230085611343,0.1027442142367363,0.09452944993972778,0.0816124752163887,0.18681061267852783,0.07376740127801895,0.0682452842593193
clip_vit_b_32_linear,translation_32_down,test_07390,7390,1,bird,1,bird,0.1887141615152359,True,0.10073274374008179,0.1887141615152359,0.07840901613235474,0.09294290095567703,0.1033046618103981,0.09364451467990875,0.0848899558186531,0.10226414352655411,0.07655718177556992,0.07854077219963074
clip_vit_b_32_linear,translation_32_down,test_00568,568,5,dog,5,dog,0.15512137115001678,True,0.07261276990175247,0.09395811706781387,0.08714918047189713,0.1479729861021042,0.09584859013557434,0.15512137115001678,0.09559402614831924,0.11085750162601471,0.07185905426740646,0.06902646273374557
clip_vit_b_32_linear,translation_32_down,test_04629,4629,4,deer,4,deer,0.20091307163238525,True,0.08068465441465378,0.10575098544359207,0.07218452543020248,0.09849366545677185,0.20091307163238525,0.09141772985458374,0.10219700634479523,0.09405544400215149,0.07342813163995743,0.08087470382452011
clip_vit_b_32_linear,translation_32_down,test_07138,7138,8,ship,8,ship,0.2004707157611847,True,0.11849465221166611,0.08255644887685776,0.08173327893018723,0.07767403870820999,0.08693811297416687,0.07851886749267578,0.0794086903333664,0.07748326659202576,0.2004707157611847,0.11672193557024002
clip_vit_b_32_linear,translation_32_down,test_05284,5284,9,truck,9,truck,0.1721467822790146,True,0.10302815586328506,0.09072493016719818,0.09894873946905136,0.07872126996517181,0.09195433557033539,0.08805348724126816,0.09293226152658463,0.0791935995221138,0.10429644584655762,0.1721467822790146
clip_vit_b_32_linear,translation_32_down,test_00003,3,0,airplane,0,airplane,0.1818784922361374,True,0.1818784922361374,0.07812557369470596,0.1002848669886589,0.0750361904501915,0.0789940133690834,0.08020235598087311,0.07242147624492645,0.08770827949047089,0.1316404938697815,0.11370829492807388
clip_vit_b_32_linear,translation_32_down,test_02690,2690,1,bird,1,bird,0.1835557073354721,True,0.08956614136695862,0.1835557073354721,0.07908859103918076,0.10512994974851608,0.11357475817203522,0.0881861224770546,0.07712176442146301,0.11216102540493011,0.07829144597053528,0.07332447916269302
clip_vit_b_32_linear,translation_32_down,test_05858,5858,6,horse,6,horse,0.15388956665992737,True,0.07351212203502655,0.10081633925437927,0.08475914597511292,0.09861133992671967,0.13266851007938385,0.10647206008434296,0.15388956665992737,0.09900562465190887,0.07280191779136658,0.07746332138776779
clip_vit_b_32_linear,translation_32_down,test_01266,1266,4,deer,4,deer,0.19000764191150665,True,0.07699719071388245,0.11701209843158722,0.06874807178974152,0.10387986153364182,0.19000764191150665,0.09180895239114761,0.09971053898334503,0.10986777395009995,0.07165057957172394,0.07031730562448502
clip_vit_b_32_linear,translation_32_down,test_03034,3034,4,deer,4,deer,0.1903982013463974,True,0.07747745513916016,0.10853792726993561,0.07199303805828094,0.10344789922237396,0.1903982013463974,0.09879093617200851,0.10546734929084778,0.100374236702919,0.07048872858285904,0.07302427291870117
clip_vit_b_32_linear,translation_32_down,test_02655,2655,9,truck,9,truck,0.15669281780719757,True,0.10645601153373718,0.07747334241867065,0.11087441444396973,0.08005769550800323,0.07927852123975754,0.08459752053022385,0.09742771089076996,0.08276144415140152,0.12438047677278519,0.15669281780719757
clip_vit_b_32_linear,translation_32_down,test_06190,6190,7,monkey,7,monkey,0.1839587390422821,True,0.08211313933134079,0.1332598775625229,0.07382810115814209,0.11054852604866028,0.11068448424339294,0.08843930065631866,0.08517644554376602,0.1839587390422821,0.06642232835292816,0.06556908041238785
clip_vit_b_32_linear,translation_32_down,test_04170,4170,8,ship,8,ship,0.19782525300979614,True,0.11627290397882462,0.07680653035640717,0.08576489239931107,0.07540243864059448,0.0860547199845314,0.0809578076004982,0.08005385100841522,0.07317334413528442,0.19782525300979614,0.1276882141828537
clip_vit_b_32_linear,translation_32_down,test_07380,7380,9,truck,9,truck,0.17902469635009766,True,0.09290711581707001,0.08197150379419327,0.10149664431810379,0.07901826500892639,0.08668921887874603,0.08827947080135345,0.09618915617465973,0.07706505805253983,0.11735891550779343,0.17902469635009766
clip_vit_b_32_linear,translation_32_down,test_07752,7752,9,truck,9,truck,0.15529222786426544,True,0.11210799962282181,0.08174938708543777,0.10898169875144958,0.08127041906118393,0.08898591995239258,0.09021966904401779,0.09155776351690292,0.08046121895313263,0.10937362909317017,0.15529222786426544
clip_vit_b_32_linear,translation_32_down,test_03996,3996,9,truck,9,truck,0.17403453588485718,True,0.09592905640602112,0.08195514231920242,0.10826489329338074,0.07872150838375092,0.08399522304534912,0.09068500250577927,0.09333305060863495,0.07431980222463608,0.11876174807548523,0.17403453588485718
clip_vit_b_32_linear,translation_32_down,test_01204,1204,3,cat,3,cat,0.1699385941028595,True,0.07301190495491028,0.11701962351799011,0.07788616418838501,0.1699385941028595,0.10279162973165512,0.10258708149194717,0.08683951199054718,0.11966371536254883,0.07658547908067703,0.07367639988660812
clip_vit_b_32_linear,translation_32_down,test_01654,1654,9,truck,9,truck,0.1855812668800354,True,0.10119514167308807,0.08113066852092743,0.09654112905263901,0.0794484093785286,0.08498450368642807,0.08768918365240097,0.08889097720384598,0.07808846235275269,0.11645029485225677,0.1855812668800354
clip_vit_b_32_linear,translation_32_down,test_04746,4746,6,horse,6,horse,0.17277349531650543,True,0.07187359035015106,0.0941731259226799,0.08206884562969208,0.09880328178405762,0.12566769123077393,0.10833202302455902,0.17277349531650543,0.10463812947273254,0.06974160671234131,0.07192817330360413
clip_vit_b_32_linear,translation_32_down,test_04590,4590,3,cat,3,cat,0.15721222758293152,True,0.08394674211740494,0.09941849112510681,0.08286651968955994,0.15721222758293152,0.09319344162940979,0.12030141055583954,0.09092378616333008,0.10269183665513992,0.07899592816829681,0.09044961631298065
clip_vit_b_32_linear,translation_32_down,test_00562,562,0,airplane,0,airplane,0.18808533251285553,True,0.18808533251285553,0.09466253221035004,0.10334464907646179,0.08031252771615982,0.07877656817436218,0.08758871257305145,0.08033929765224457,0.08881398290395737,0.10001610964536667,0.098060242831707
clip_vit_b_32_linear,translation_32_down,test_07108,7108,6,horse,6,horse,0.17382243275642395,True,0.08073005080223083,0.08412442356348038,0.08181659877300262,0.08896812051534653,0.12278685718774796,0.10109468549489975,0.17382243275642395,0.09490376710891724,0.0844634473323822,0.08728969842195511
clip_vit_b_32_linear,translation_32_down,test_05999,5999,0,airplane,0,airplane,0.18914738297462463,True,0.18914738297462463,0.08835992217063904,0.10693200677633286,0.0816115215420723,0.08782298862934113,0.08592679351568222,0.07518195360898972,0.08773799240589142,0.09539854526519775,0.10188090801239014
clip_vit_b_32_linear,translation_32_down,test_01403,1403,2,car,2,car,0.1657732129096985,True,0.10133668780326843,0.08714073151350021,0.1657732129096985,0.08135781437158585,0.08025512099266052,0.08744315057992935,0.0913311094045639,0.09036621451377869,0.09894835203886032,0.11604755371809006
clip_vit_b_32_linear,translation_32_down,test_04403,4403,7,monkey,7,monkey,0.18438662588596344,True,0.07874231785535812,0.11040586233139038,0.07055414468050003,0.11169762164354324,0.12613976001739502,0.09431415796279907,0.08916597068309784,0.18438662588596344,0.06439787149429321,0.0701957419514656
clip_vit_b_32_linear,translation_32_down,test_06332,6332,2,car,2,car,0.14806132018566132,True,0.11045290529727936,0.08843688666820526,0.14806132018566132,0.07812429964542389,0.09379184991121292,0.0928545817732811,0.0913272425532341,0.07834011316299438,0.10545192658901215,0.11315890401601791
clip_vit_b_32_linear,translation_32_down,test_06264,6264,2,car,2,car,0.18074437975883484,True,0.09932368993759155,0.08230229467153549,0.18074437975883484,0.08335550129413605,0.08100759238004684,0.08913098275661469,0.08715753257274628,0.08505397289991379,0.10166949033737183,0.11025452613830566
clip_vit_b_32_linear,translation_32_down,test_00303,303,9,truck,9,truck,0.17660976946353912,True,0.10265195369720459,0.08043771982192993,0.09560658782720566,0.07549157738685608,0.0896623283624649,0.08619628101587296,0.09805919229984283,0.07168768346309662,0.12359689921140671,0.17660976946353912
clip_vit_b_32_linear,translation_32_down,test_00791,791,3,cat,3,cat,0.16460980474948883,True,0.07438769936561584,0.09687358140945435,0.0840403214097023,0.16460980474948883,0.0945880264043808,0.1327051967382431,0.09358620643615723,0.1023619994521141,0.07644510269165039,0.08040206134319305
clip_vit_b_32_linear,translation_32_down,test_03067,3067,2,car,2,car,0.16329149901866913,True,0.10938490927219391,0.07937552779912949,0.16329149901866913,0.08562011271715164,0.08570637553930283,0.08771658688783646,0.09937520325183868,0.0828288197517395,0.1006242036819458,0.10607679188251495
clip_vit_b_32_linear,translation_32_down,test_00484,484,0,airplane,0,airplane,0.21468991041183472,True,0.21468991041183472,0.09071077406406403,0.09351025521755219,0.07142319530248642,0.07371826469898224,0.08291520923376083,0.07671204209327698,0.08243046700954437,0.11891652643680573,0.09497341513633728
clip_vit_b_32_linear,translation_32_down,test_01370,1370,3,cat,3,cat,0.16141635179519653,True,0.07927683740854263,0.09361416101455688,0.0859563797712326,0.16141635179519653,0.09134143590927124,0.1379091739654541,0.09511779248714447,0.0980600044131279,0.07643018662929535,0.08087768405675888
clip_vit_b_32_linear,translation_32_down,test_04069,4069,8,ship,8,ship,0.13142146170139313,True,0.1078234314918518,0.10171422362327576,0.09442959725856781,0.08456463366746902,0.09739851951599121,0.0899781882762909,0.09185869991779327,0.0940532386302948,0.13142146170139313,0.10675805062055588
clip_vit_b_32_linear,translation_32_down,test_07373,7373,0,airplane,0,airplane,0.19729040563106537,True,0.19729040563106537,0.08791147172451019,0.10360677540302277,0.0741746723651886,0.08115691691637039,0.0831645131111145,0.07969978451728821,0.0780934989452362,0.10778023302555084,0.10712171345949173
clip_vit_b_32_linear,translation_32_down,test_04330,4330,3,cat,3,cat,0.14677223563194275,True,0.0796540156006813,0.09553667902946472,0.07756811380386353,0.14677223563194275,0.11192142963409424,0.11944727599620819,0.09303204715251923,0.12131313234567642,0.07871647924184799,0.07603860646486282
clip_vit_b_32_linear,translation_32_down,test_05701,5701,5,dog,5,dog,0.17465806007385254,True,0.07752120494842529,0.08900831639766693,0.08682125806808472,0.12950658798217773,0.09559433907270432,0.17465806007385254,0.10398437082767487,0.10406450927257538,0.06776954978704453,0.0710717961192131
clip_vit_b_32_linear,translation_32_down,test_07465,7465,0,airplane,0,airplane,0.19173847138881683,True,0.19173847138881683,0.09046347439289093,0.09432312846183777,0.07572629302740097,0.08470412343740463,0.08454596251249313,0.07664164155721664,0.08729851245880127,0.1110185757279396,0.10353973507881165
clip_vit_b_32_linear,translation_32_down,test_01531,1531,3,cat,3,cat,0.13807842135429382,True,0.08036759495735168,0.0948270633816719,0.07457971572875977,0.13807842135429382,0.12801048159599304,0.1285252422094345,0.10254275798797607,0.10568778216838837,0.07137064635753632,0.07601027935743332
clip_vit_b_32_linear,translation_32_down,test_04676,4676,8,ship,8,ship,0.19697590172290802,True,0.11550992727279663,0.07795720547437668,0.08608974516391754,0.07448038458824158,0.08194954693317413,0.07919328659772873,0.07974520325660706,0.07803531736135483,0.19697590172290802,0.13006354868412018
clip_vit_b_32_linear,translation_32_down,test_04531,4531,3,cat,3,cat,0.17219343781471252,True,0.07517503201961517,0.10727693885564804,0.06814298778772354,0.17219343781471252,0.12796339392662048,0.0933385118842125,0.08604883402585983,0.13653512299060822,0.0653979554772377,0.06792780011892319
clip_vit_b_32_linear,translation_32_down,test_00706,706,8,ship,8,ship,0.18858900666236877,True,0.11322074383497238,0.08512111753225327,0.0965549647808075,0.07639739662408829,0.08070086687803268,0.08617235720157623,0.08341853320598602,0.07604771107435226,0.18858900666236877,0.11377716064453125
clip_vit_b_32_linear,translation_32_down,test_02844,2844,8,ship,8,ship,0.20040234923362732,True,0.12478987872600555,0.07853589206933975,0.09677857905626297,0.07408367842435837,0.08202459663152695,0.07761728018522263,0.08021927624940872,0.08251451700925827,0.20040234923362732,0.10303390771150589
clip_vit_b_32_linear,translation_32_down,test_03755,3755,2,car,2,car,0.16270983219146729,True,0.10872381925582886,0.08928800374269485,0.16270983219146729,0.08237042278051376,0.09078717231750488,0.09047690033912659,0.09635153412818909,0.08581317961215973,0.08893746137619019,0.10454167425632477
clip_vit_b_32_linear,translation_32_down,test_05848,5848,7,monkey,7,monkey,0.17714180052280426,True,0.08128290623426437,0.12326311320066452,0.07684218138456345,0.11966800689697266,0.11249355226755142,0.08461177349090576,0.08205514401197433,0.17714180052280426,0.07451842725276947,0.0681232288479805
clip_vit_b_32_linear,translation_32_down,test_02114,2114,9,truck,9,truck,0.15606394410133362,True,0.10896824300289154,0.08059874922037125,0.11229917407035828,0.08245407044887543,0.087540403008461,0.08966284245252609,0.09490029513835907,0.08097687363624573,0.10653546452522278,0.15606394410133362
clip_vit_b_32_linear,translation_32_down,test_03876,3876,0,airplane,0,airplane,0.17285014688968658,True,0.17285014688968658,0.0846572145819664,0.09668944031000137,0.07692523300647736,0.08527479320764542,0.08266405016183853,0.08290621638298035,0.08503285050392151,0.11568689346313477,0.11731310933828354
clip_vit_b_32_linear,translation_32_down,test_00677,677,3,cat,3,cat,0.1682092398405075,True,0.07006707787513733,0.09747467935085297,0.07829233258962631,0.1682092398405075,0.08979968726634979,0.13796523213386536,0.09906202554702759,0.10133765637874603,0.0781790018081665,0.079613097012043
clip_vit_b_32_linear,translation_32_down,test_02116,2116,1,bird,1,bird,0.14954937994480133,True,0.08380358666181564,0.14954937994480133,0.07665670663118362,0.1334482729434967,0.11743813753128052,0.09128902852535248,0.08425603061914444,0.11160439997911453,0.07195881009101868,0.07999572902917862
clip_vit_b_32_linear,translation_32_down,test_04661,4661,7,monkey,7,monkey,0.18340104818344116,True,0.07622170448303223,0.10749927908182144,0.07481542229652405,0.1311691254377365,0.10829827189445496,0.09963678568601608,0.08786234259605408,0.18340104818344116,0.06420059502124786,0.06689534336328506
clip_vit_b_32_linear,translation_32_down,test_02676,2676,6,horse,6,horse,0.16785836219787598,True,0.0821690484881401,0.0789978876709938,0.10532855242490768,0.0909872055053711,0.09309656172990799,0.12096156179904938,0.16785836219787598,0.09673941880464554,0.07681550085544586,0.08704580366611481
clip_vit_b_32_linear,translation_32_down,test_03025,3025,0,airplane,0,airplane,0.16736285388469696,True,0.16736285388469696,0.08606868982315063,0.11198257654905319,0.08424687385559082,0.08047671616077423,0.08719360828399658,0.08526414632797241,0.08034652471542358,0.1007908433675766,0.1162671372294426
clip_vit_b_32_linear,translation_32_down,test_04449,4449,9,truck,9,truck,0.15273527801036835,True,0.12568429112434387,0.08243173360824585,0.1093076691031456,0.07919879257678986,0.08518435806035995,0.08797288686037064,0.08790574222803116,0.07843434810638428,0.11114491522312164,0.15273527801036835
clip_vit_b_32_linear,translation_32_down,test_00977,977,6,horse,6,horse,0.18606263399124146,True,0.07430974394083023,0.08938603848218918,0.0802987813949585,0.1020638644695282,0.10423544049263,0.11664249002933502,0.18606263399124146,0.08874782919883728,0.07699012011289597,0.08126303553581238
clip_vit_b_32_linear,translation_32_down,test_04990,4990,8,ship,8,ship,0.17106539011001587,True,0.11139785498380661,0.07938531786203384,0.0929347351193428,0.08292824774980545,0.08462318778038025,0.08440341055393219,0.08593094348907471,0.0799306184053421,0.17106539011001587,0.12740030884742737
clip_vit_b_32_linear,translation_32_down,test_07309,7309,0,airplane,0,airplane,0.17621974647045135,True,0.17621974647045135,0.09088669717311859,0.10529310256242752,0.07564354687929153,0.08133303374052048,0.0842948779463768,0.07630959898233414,0.08645448088645935,0.1206284835934639,0.10293649137020111
clip_vit_b_32_linear,translation_32_down,test_01048,1048,7,monkey,7,monkey,0.1505357176065445,True,0.08779149502515793,0.10718204081058502,0.07710646837949753,0.11072465032339096,0.12133333086967468,0.09417472779750824,0.09272713959217072,0.1505357176065445,0.07704988867044449,0.08137456327676773
clip_vit_b_32_linear,translation_32_down,test_03276,3276,3,cat,7,monkey,0.15674827992916107,False,0.07667560875415802,0.10814649611711502,0.0742902085185051,0.14400780200958252,0.11895538866519928,0.09355877339839935,0.09747859835624695,0.15674827992916107,0.06680898368358612,0.06332986056804657
clip_vit_b_32_linear,translation_32_down,test_05512,5512,2,car,9,truck,0.13203874230384827,False,0.1082906648516655,0.08119099587202072,0.12049386650323868,0.08502327650785446,0.08888732641935349,0.09967579692602158,0.10401749610900879,0.08734769374132156,0.09303406625986099,0.13203874230384827
clip_vit_b_32_linear,translation_32_down,test_07692,7692,4,deer,4,deer,0.18260373175144196,True,0.0848870575428009,0.09807316958904266,0.07943830639123917,0.09711578488349915,0.18260373175144196,0.09283377975225449,0.10708216577768326,0.09277911484241486,0.07845650613307953,0.08673033863306046
clip_vit_b_32_linear,translation_32_down,test_01436,1436,1,bird,1,bird,0.1986084282398224,True,0.09079238027334213,0.1986084282398224,0.07158148288726807,0.09335475414991379,0.11435472965240479,0.08844409883022308,0.07921715825796127,0.11253667622804642,0.08012909442186356,0.07098130881786346
clip_vit_b_32_linear,translation_32_down,test_07544,7544,9,truck,9,truck,0.15430080890655518,True,0.1135430559515953,0.07939517498016357,0.10839536041021347,0.08544623106718063,0.08932642638683319,0.09247943013906479,0.09296932071447372,0.0794990286231041,0.10464518517255783,0.15430080890655518
clip_vit_b_32_linear,translation_32_down,test_03383,3383,3,cat,3,cat,0.15795502066612244,True,0.08651091158390045,0.11076266318559647,0.07619782537221909,0.15795502066612244,0.1118832528591156,0.10072790831327438,0.08274949342012405,0.11671894043684006,0.07829771190881729,0.07819630205631256
clip_vit_b_32_linear,translation_32_down,test_01977,1977,0,airplane,0,airplane,0.18638645112514496,True,0.18638645112514496,0.09281609952449799,0.0962187722325325,0.07634631544351578,0.08473596721887589,0.09047308564186096,0.07664959877729416,0.08716796338558197,0.10715793073177338,0.10204774141311646
clip_vit_b_32_linear,translation_32_down,test_02750,2750,0,airplane,0,airplane,0.16625115275382996,True,0.16625115275382996,0.09649113565683365,0.08525258302688599,0.07882777601480484,0.09372914582490921,0.08757764846086502,0.0835590735077858,0.08790354430675507,0.11864521354436874,0.1017627939581871
clip_vit_b_32_linear,translation_32_down,test_07996,7996,6,horse,6,horse,0.17665264010429382,True,0.08493080735206604,0.08557266741991043,0.09227260202169418,0.09723459929227829,0.0984606221318245,0.11664257198572159,0.17665264010429382,0.08433950692415237,0.0787074863910675,0.08518651127815247
clip_vit_b_32_linear,translation_32_down,test_06989,6989,5,dog,5,dog,0.15388180315494537,True,0.0785396546125412,0.10115458816289902,0.079835906624794,0.11749234050512314,0.10649228096008301,0.15388180315494537,0.11869204044342041,0.10199219733476639,0.07169219851493835,0.07022704184055328
clip_vit_b_32_linear,translation_32_down,test_01431,1431,3,cat,3,cat,0.16621099412441254,True,0.07481521368026733,0.09661635756492615,0.08674007654190063,0.16621099412441254,0.08828609436750412,0.1382279098033905,0.09804233908653259,0.09639536589384079,0.0774281769990921,0.07723751664161682
clip_vit_b_32_linear,translation_32_down,test_07416,7416,3,cat,3,cat,0.15788961946964264,True,0.07791979610919952,0.09800852090120316,0.08315521478652954,0.15788961946964264,0.08718026429414749,0.13936878740787506,0.09906212985515594,0.09979643672704697,0.07952329516410828,0.07809591293334961
clip_vit_b_32_linear,translation_32_down,test_04547,4547,5,dog,5,dog,0.18262602388858795,True,0.07748875021934509,0.09154445677995682,0.08964486420154572,0.12308979034423828,0.08676262944936752,0.18262602388858795,0.09836187958717346,0.09703247249126434,0.07365033775568008,0.07979882508516312
clip_vit_b_32_linear,translation_32_down,test_00042,42,0,airplane,0,airplane,0.1876412034034729,True,0.1876412034034729,0.09513133019208908,0.090639129281044,0.07540097832679749,0.09034964442253113,0.085699163377285,0.0807628482580185,0.08892907947301865,0.09984420984983444,0.10560247302055359
clip_vit_b_32_linear,translation_32_down,test_05117,5117,0,airplane,0,airplane,0.17341990768909454,True,0.17341990768909454,0.10361213237047195,0.09687550365924835,0.07385288178920746,0.0914984717965126,0.0892627015709877,0.09004460275173187,0.08396459370851517,0.09818543493747711,0.09928373992443085
clip_vit_b_32_linear,translation_32_down,test_04411,4411,6,horse,6,horse,0.124228335916996,True,0.09572956711053848,0.08930005133152008,0.09968630969524384,0.09892269223928452,0.10294920951128006,0.11276751756668091,0.124228335916996,0.09052871912717819,0.08785504847764969,0.09803250432014465
clip_vit_b_32_linear,translation_32_down,test_05789,5789,4,deer,4,deer,0.19430893659591675,True,0.07993615418672562,0.10340718179941177,0.0789901614189148,0.09661870449781418,0.19430893659591675,0.09297765791416168,0.097793810069561,0.09381591528654099,0.07990748435258865,0.08224410563707352
clip_vit_b_32_linear,translation_32_down,test_00483,483,2,car,2,car,0.1652543991804123,True,0.10075640678405762,0.08267759531736374,0.1652543991804123,0.08598385006189346,0.08694039285182953,0.08797237277030945,0.09565955400466919,0.08582817018032074,0.08869991451501846,0.12022726982831955
clip_vit_b_32_linear,translation_32_down,test_06650,6650,7,monkey,7,monkey,0.18724887073040009,True,0.07983394712209702,0.11153372377157211,0.07333236187696457,0.11803598701953888,0.09954502433538437,0.09134640544652939,0.08669157326221466,0.18724887073040009,0.07766831666231155,0.07476381212472916
clip_vit_b_32_linear,translation_32_down,test_04881,4881,3,cat,3,cat,0.15872251987457275,True,0.08103799819946289,0.1315038949251175,0.06882069259881973,0.15872251987457275,0.11584305018186569,0.08694086223840714,0.08144800364971161,0.14024925231933594,0.07037965208292007,0.06505405902862549
clip_vit_b_32_linear,translation_32_down,test_00391,391,3,cat,3,cat,0.16227233409881592,True,0.07803840935230255,0.11914586275815964,0.0676182433962822,0.16227233409881592,0.1427832990884781,0.09830859303474426,0.08489765226840973,0.11179810762405396,0.06653968244791031,0.06859784573316574
clip_vit_b_32_linear,translation_32_down,test_00370,370,7,monkey,7,monkey,0.17864711582660675,True,0.08314495533704758,0.11264128983020782,0.08129861950874329,0.11247669160366058,0.10158653557300568,0.09450940042734146,0.08663912862539291,0.17864711582660675,0.07451638579368591,0.07453998178243637
clip_vit_b_32_linear,translation_32_down,test_00419,419,9,truck,9,truck,0.17467455565929413,True,0.10550913214683533,0.07580263167619705,0.10691192746162415,0.07364919036626816,0.08551888912916183,0.08643108606338501,0.09900347888469696,0.0754115879535675,0.11708740890026093,0.17467455565929413
clip_vit_b_32_linear,translation_32_down,test_03318,3318,9,truck,9,truck,0.1486862301826477,True,0.10605405271053314,0.08616843074560165,0.11125392466783524,0.0812290832400322,0.0835295245051384,0.0873994529247284,0.09866819530725479,0.09222587943077087,0.10478536039590836,0.1486862301826477
clip_vit_b_32_linear,translation_32_down,test_04355,4355,8,ship,8,ship,0.17640192806720734,True,0.11832763254642487,0.08498157560825348,0.09098726511001587,0.08105412125587463,0.08846724033355713,0.08323945850133896,0.07827582210302353,0.08398875594139099,0.17640192806720734,0.11427616328001022
clip_vit_b_32_linear,translation_32_down,test_05402,5402,4,deer,4,deer,0.20652832090854645,True,0.08245347440242767,0.10057578235864639,0.07691539824008942,0.08841975033283234,0.20652832090854645,0.08543041348457336,0.10648579895496368,0.09260731935501099,0.08233146369457245,0.07825230807065964
clip_vit_b_32_linear,translation_32_down,test_05332,5332,5,dog,5,dog,0.16184617578983307,True,0.07674595713615417,0.08401615917682648,0.07955499738454819,0.10053247958421707,0.10479968041181564,0.16184617578983307,0.13647539913654327,0.09488972276449203,0.07726189494132996,0.08387764543294907
clip_vit_b_32_linear,translation_32_down,test_00239,239,9,truck,9,truck,0.16821101307868958,True,0.09774960577487946,0.081973135471344,0.09926582127809525,0.08316884934902191,0.09282110631465912,0.08793126791715622,0.09727939963340759,0.08303215354681015,0.10856767743825912,0.16821101307868958
clip_vit_b_32_linear,translation_32_down,test_06271,6271,2,car,2,car,0.1751401126384735,True,0.11316023766994476,0.0840110182762146,0.1751401126384735,0.08322512358427048,0.07844623923301697,0.09048987179994583,0.09056983143091202,0.08427167683839798,0.09722869098186493,0.1034572422504425
clip_vit_b_32_linear,translation_32_down,test_01129,1129,8,ship,8,ship,0.1899472326040268,True,0.11000290513038635,0.08107037842273712,0.08428549766540527,0.07645991444587708,0.08493909984827042,0.07950696349143982,0.08204903453588486,0.0767931342124939,0.1899472326040268,0.1349458247423172
clip_vit_b_32_linear,translation_32_down,test_02391,2391,5,dog,5,dog,0.16127842664718628,True,0.08931519091129303,0.11802902817726135,0.07188587635755539,0.11001481860876083,0.11718834191560745,0.16127842664718628,0.09847408533096313,0.09356823563575745,0.07207495719194412,0.06817112863063812
clip_vit_b_32_linear,translation_32_down,test_00191,191,9,truck,2,car,0.15184755623340607,False,0.10917530208826065,0.08089858293533325,0.15184755623340607,0.08205705881118774,0.07876645028591156,0.08726904541254044,0.08811188489198685,0.08253118395805359,0.09595464169979095,0.14338839054107666
clip_vit_b_32_linear,translation_32_down,test_05447,5447,9,truck,9,truck,0.16359204053878784,True,0.0992603674530983,0.07653556764125824,0.09686295688152313,0.07394018769264221,0.09442826360464096,0.0889868512749672,0.11910372972488403,0.07275390625,0.1145360916852951,0.16359204053878784
clip_vit_b_32_linear,translation_32_down,test_06528,6528,4,deer,4,deer,0.1656748205423355,True,0.07379212230443954,0.10584833472967148,0.07969900965690613,0.11409483850002289,0.1656748205423355,0.10339541733264923,0.10323403030633926,0.1110905110836029,0.06578600406646729,0.07738489657640457
