model,condition,identifier,dataset_index,true_class_id,true_class_name,predicted_class_id,predicted_class_name,maximum_confidence,correct,probability_airplane,probability_bird,probability_car,probability_cat,probability_deer,probability_dog,probability_horse,probability_monkey,probability_ship,probability_truck
clip_vit_b_32_linear,translation_16_up,test_00632,632,3,cat,3,cat,0.18095265328884125,True,0.0738922655582428,0.11294344067573547,0.07816921919584274,0.18095265328884125,0.11112157255411148,0.09750904887914658,0.08140640705823898,0.12345896661281586,0.06987641006708145,0.07067010551691055
clip_vit_b_32_linear,translation_16_up,test_00131,131,9,truck,9,truck,0.1699768304824829,True,0.10215237736701965,0.08309084922075272,0.09699378162622452,0.0809282511472702,0.09368905425071716,0.08910965919494629,0.09100168198347092,0.08097824454307556,0.11207926273345947,0.1699768304824829
clip_vit_b_32_linear,translation_16_up,test_07081,7081,7,monkey,7,monkey,0.17549769580364227,True,0.08576416224241257,0.12120174616575241,0.07710624486207962,0.10984214395284653,0.1012166291475296,0.09168217331171036,0.09180077910423279,0.17549769580364227,0.07593817263841629,0.06995025277137756
clip_vit_b_32_linear,translation_16_up,test_01836,1836,9,truck,9,truck,0.17963196337223053,True,0.10586114972829819,0.0785081684589386,0.10760734975337982,0.07638360559940338,0.08519531786441803,0.08406364172697067,0.09332998842000961,0.07561124116182327,0.1138075441122055,0.17963196337223053
clip_vit_b_32_linear,translation_16_up,test_06437,6437,0,airplane,0,airplane,0.19285312294960022,True,0.19285312294960022,0.09288475662469864,0.09330227226018906,0.07281982153654099,0.08604283630847931,0.08544466644525528,0.07830706983804703,0.08096156269311905,0.12023700028657913,0.09714692831039429
clip_vit_b_32_linear,translation_16_up,test_06609,6609,0,airplane,0,airplane,0.20204399526119232,True,0.20204399526119232,0.093007892370224,0.1004689484834671,0.07471717894077301,0.08418407291173935,0.08294321596622467,0.09211526811122894,0.08085259795188904,0.09381552785634995,0.09585132449865341
clip_vit_b_32_linear,translation_16_up,test_03467,3467,7,monkey,7,monkey,0.13068251311779022,True,0.08281370997428894,0.10968834906816483,0.07350296527147293,0.11850830912590027,0.12881122529506683,0.10946323722600937,0.0976223424077034,0.13068251311779022,0.07057011127471924,0.07833728194236755
clip_vit_b_32_linear,translation_16_up,test_01401,1401,3,cat,3,cat,0.1809985637664795,True,0.07753303647041321,0.10011915862560272,0.08056975901126862,0.1809985637664795,0.0925714448094368,0.11803244799375534,0.09179562330245972,0.11470036953687668,0.07102372497320175,0.07265584170818329
clip_vit_b_32_linear,translation_16_up,test_01839,1839,2,car,2,car,0.1834416687488556,True,0.10142800956964493,0.08560006320476532,0.1834416687488556,0.08908108621835709,0.08114317804574966,0.09143449366092682,0.08642097562551498,0.08672792464494705,0.0896904468536377,0.10503219813108444
clip_vit_b_32_linear,translation_16_up,test_04168,4168,3,cat,3,cat,0.1620357185602188,True,0.07758469879627228,0.10307957977056503,0.07989624887704849,0.1620357185602188,0.09924724698066711,0.12735237181186676,0.10178112238645554,0.09535759687423706,0.07752091437578201,0.07614444196224213
clip_vit_b_32_linear,translation_16_up,test_00035,35,2,car,2,car,0.14696992933750153,True,0.11625713855028152,0.08491108566522598,0.14696992933750153,0.07984660565853119,0.08827824890613556,0.08687430620193481,0.0874457135796547,0.07634760439395905,0.09783484786748886,0.13523449003696442
clip_vit_b_32_linear,translation_16_up,test_04177,4177,8,ship,8,ship,0.21511948108673096,True,0.11434271931648254,0.07998564839363098,0.08525486290454865,0.07102890312671661,0.07987309992313385,0.0770164206624031,0.07833906263113022,0.07390684634447098,0.21511948108673096,0.12513305246829987
clip_vit_b_32_linear,translation_16_up,test_07270,7270,7,monkey,7,monkey,0.15748187899589539,True,0.08274701237678528,0.10442350059747696,0.0786890909075737,0.11413552612066269,0.1100538820028305,0.10028944164514542,0.09412243962287903,0.15748187899589539,0.07801513373851776,0.08004210144281387
clip_vit_b_32_linear,translation_16_up,test_02265,2265,5,dog,5,dog,0.18602532148361206,True,0.07576116919517517,0.09056781232357025,0.0788697600364685,0.1060219332575798,0.10450078547000885,0.18602532148361206,0.11623868346214294,0.09409809857606888,0.07310055941343307,0.07481592148542404
clip_vit_b_32_linear,translation_16_up,test_03288,3288,7,monkey,7,monkey,0.19788923859596252,True,0.07473723590373993,0.12208794057369232,0.06994492560625076,0.11583352833986282,0.11548899114131927,0.08964640647172928,0.08355729281902313,0.19788923859596252,0.06495843827724457,0.06585602462291718
clip_vit_b_32_linear,translation_16_up,test_05451,5451,8,ship,8,ship,0.20650237798690796,True,0.11588028073310852,0.0820985659956932,0.08332075923681259,0.07037576287984848,0.08456756919622421,0.08084497600793839,0.07839159667491913,0.07461562007665634,0.20650237798690796,0.12340244650840759
clip_vit_b_32_linear,translation_16_up,test_04023,4023,3,cat,3,cat,0.1577453315258026,True,0.07771175354719162,0.11120451241731644,0.07279063016176224,0.1577453315258026,0.1152857095003128,0.09695585817098618,0.08704479783773422,0.13645410537719727,0.07087794691324234,0.07392934709787369
clip_vit_b_32_linear,translation_16_up,test_00261,261,1,bird,1,bird,0.1538265347480774,True,0.09458373486995697,0.1538265347480774,0.07092466205358505,0.10013027489185333,0.11138670891523361,0.09424444288015366,0.08955207467079163,0.1262577474117279,0.08441495150327682,0.074678935110569
clip_vit_b_32_linear,translation_16_up,test_04570,4570,5,dog,5,dog,0.17777720093727112,True,0.0763871893286705,0.09833763539791107,0.0821290984749794,0.11466192454099655,0.09501133114099503,0.17777720093727112,0.11189202219247818,0.09541624784469604,0.07484354823827744,0.07354385405778885
clip_vit_b_32_linear,translation_16_up,test_04966,4966,5,dog,5,dog,0.16181440651416779,True,0.07669705897569656,0.09357666224241257,0.08565883338451385,0.12453453987836838,0.09537912905216217,0.16181440651416779,0.10519374161958694,0.09964525699615479,0.07622013986110687,0.08128011226654053
clip_vit_b_32_linear,translation_16_up,test_07955,7955,1,bird,1,bird,0.19047926366329193,True,0.09263535588979721,0.19047926366329193,0.07869748771190643,0.1033996194601059,0.1166023388504982,0.09011270105838776,0.07822728157043457,0.10950932651758194,0.0724538266658783,0.06788282841444016
clip_vit_b_32_linear,translation_16_up,test_06288,6288,4,deer,4,deer,0.18615925312042236,True,0.07577235251665115,0.11339015513658524,0.07179538160562515,0.1092868223786354,0.18615925312042236,0.0881194919347763,0.10252654552459717,0.10106547176837921,0.07828599959611893,0.0735984519124031
clip_vit_b_32_linear,translation_16_up,test_07810,7810,8,ship,8,ship,0.21158301830291748,True,0.11956566572189331,0.07826726138591766,0.08127092570066452,0.07217039167881012,0.08414651453495026,0.07944922894239426,0.07692553102970123,0.07634022831916809,0.21158301830291748,0.12028121948242188
clip_vit_b_32_linear,translation_16_up,test_01927,1927,7,monkey,7,monkey,0.19264289736747742,True,0.07214334607124329,0.1072075292468071,0.0716668888926506,0.11961016803979874,0.1115567609667778,0.10058948397636414,0.09005016833543777,0.19264289736747742,0.06581778079271317,0.06871505081653595
clip_vit_b_32_linear,translation_16_up,test_01871,1871,1,bird,1,bird,0.13599780201911926,True,0.0770905390381813,0.13599780201911926,0.08219066262245178,0.10481898486614227,0.10705044120550156,0.10728181898593903,0.11065638065338135,0.10208617895841599,0.08165693283081055,0.09117026627063751
clip_vit_b_32_linear,translation_16_up,test_06922,6922,5,dog,5,dog,0.1862116903066635,True,0.07817059010267258,0.09550420939922333,0.07933632284402847,0.11711861938238144,0.0920662060379982,0.1862116903066635,0.1086583361029625,0.09090151637792587,0.07809378206729889,0.07393882423639297
clip_vit_b_32_linear,translation_16_up,test_03512,3512,4,deer,4,deer,0.191731795668602,True,0.07178117334842682,0.1110248789191246,0.06842655688524246,0.10868234932422638,0.191731795668602,0.09771289676427841,0.10189884901046753,0.10922548919916153,0.07058784365653992,0.06892812997102737
clip_vit_b_32_linear,translation_16_up,test_04754,4754,6,horse,6,horse,0.1781577616930008,True,0.07582864910364151,0.08963031321763992,0.07879167795181274,0.10280118137598038,0.12364110350608826,0.11748585850000381,0.1781577616930008,0.09403753280639648,0.07043018192052841,0.06919583678245544
clip_vit_b_32_linear,translation_16_up,test_00714,714,2,car,2,car,0.1383095532655716,True,0.09836211055517197,0.09133366495370865,0.1383095532655716,0.08667273074388504,0.0829571783542633,0.095782570540905,0.10499376058578491,0.09221138060092926,0.09482313692569733,0.11455393582582474
clip_vit_b_32_linear,translation_16_up,test_02191,2191,8,ship,8,ship,0.1970195770263672,True,0.12505970895290375,0.08556384593248367,0.07393452525138855,0.07183858752250671,0.0877828374505043,0.08054693788290024,0.08035269379615784,0.0807473361492157,0.1970195770263672,0.11715399473905563
clip_vit_b_32_linear,translation_16_up,test_04615,4615,0,airplane,0,airplane,0.21059700846672058,True,0.21059700846672058,0.09357838332653046,0.09870263934135437,0.07299238443374634,0.08610086143016815,0.08445949852466583,0.07809431105852127,0.0803595781326294,0.09886594116687775,0.09624938666820526
clip_vit_b_32_linear,translation_16_up,test_04662,4662,8,ship,8,ship,0.2190437763929367,True,0.11624974012374878,0.08279847353696823,0.0756545215845108,0.06923773884773254,0.08233819901943207,0.07761626690626144,0.08195651322603226,0.07198553532361984,0.2190437763929367,0.12311925739049911
clip_vit_b_32_linear,translation_16_up,test_05915,5915,9,truck,9,truck,0.18359066545963287,True,0.11458825320005417,0.08221061527729034,0.10132317990064621,0.07377327978610992,0.08385396748781204,0.08626215159893036,0.09215705096721649,0.07587935030460358,0.10636142641305923,0.18359066545963287
clip_vit_b_32_linear,translation_16_up,test_00766,766,4,deer,6,horse,0.1648990362882614,False,0.07649156451225281,0.08902110159397125,0.08461631834506989,0.09372465312480927,0.115194171667099,0.10673706978559494,0.1648990362882614,0.09908809512853622,0.0783352330327034,0.091892771422863
clip_vit_b_32_linear,translation_16_up,test_05218,5218,2,car,2,car,0.1852060854434967,True,0.10995426774024963,0.08177490532398224,0.1852060854434967,0.07663080096244812,0.08289013057947159,0.08819982409477234,0.09538092464208603,0.07973606884479523,0.09458454698324203,0.10564249753952026
clip_vit_b_32_linear,translation_16_up,test_02340,2340,8,ship,8,ship,0.21550247073173523,True,0.11064708977937698,0.0827253982424736,0.08310666680335999,0.06925925612449646,0.08343429118394852,0.07805567234754562,0.0810452252626419,0.07352229952812195,0.21550247073173523,0.12270153313875198
clip_vit_b_32_linear,translation_16_up,test_01954,1954,8,ship,8,ship,0.1866091787815094,True,0.12581756711006165,0.0829625204205513,0.08496085554361343,0.07327305525541306,0.08947810530662537,0.08471471071243286,0.08013143390417099,0.0713525116443634,0.1866091787815094,0.12070011347532272
clip_vit_b_32_linear,translation_16_up,test_07875,7875,8,ship,8,ship,0.1818302422761917,True,0.11627452820539474,0.08582697063684464,0.09623077511787415,0.07502374798059464,0.08433516323566437,0.0852140486240387,0.08292795717716217,0.07600297778844833,0.1818302422761917,0.11633362621068954
clip_vit_b_32_linear,translation_16_up,test_03418,3418,6,horse,6,horse,0.17950257658958435,True,0.0801285058259964,0.08920430392026901,0.0871548280119896,0.09770313650369644,0.10229389369487762,0.12172344326972961,0.17950257658958435,0.08007047325372696,0.08018142729997635,0.08203735947608948
clip_vit_b_32_linear,translation_16_up,test_05572,5572,9,truck,9,truck,0.14835776388645172,True,0.09625673294067383,0.08947672694921494,0.09811992943286896,0.09028594940900803,0.0939086526632309,0.08864501118659973,0.096807099878788,0.09563030302524567,0.10251187533140182,0.14835776388645172
clip_vit_b_32_linear,translation_16_up,test_05977,5977,7,monkey,7,monkey,0.1839343011379242,True,0.078546442091465,0.11467739939689636,0.08001915365457535,0.10316866636276245,0.10548336803913116,0.08727380633354187,0.09972208738327026,0.1839343011379242,0.07412470877170563,0.07305008172988892
clip_vit_b_32_linear,translation_16_up,test_05123,5123,1,bird,1,bird,0.15106554329395294,True,0.10015561431646347,0.15106554329395294,0.06891629844903946,0.1024949699640274,0.12015728652477264,0.0930161327123642,0.08882315456867218,0.12306421995162964,0.07659211754798889,0.07571469992399216
clip_vit_b_32_linear,translation_16_up,test_05851,5851,9,truck,9,truck,0.1935853362083435,True,0.1015668734908104,0.07735227793455124,0.10003987699747086,0.06989170610904694,0.08383946865797043,0.08408143371343613,0.09449268132448196,0.07127580046653748,0.12387456744909286,0.1935853362083435
clip_vit_b_32_linear,translation_16_up,test_04094,4094,9,truck,9,truck,0.1810622364282608,True,0.10135394334793091,0.08017606288194656,0.09896992146968842,0.07823732495307922,0.08762667328119278,0.08139319717884064,0.08941873162984848,0.07430990040302277,0.12745201587677002,0.1810622364282608
clip_vit_b_32_linear,translation_16_up,test_04254,4254,6,horse,6,horse,0.1663307398557663,True,0.07461900264024734,0.10232184082269669,0.08146810531616211,0.09902765601873398,0.12191431224346161,0.10880804806947708,0.1663307398557663,0.0974094420671463,0.07484988868236542,0.07325097918510437
clip_vit_b_32_linear,translation_16_up,test_02501,2501,7,monkey,7,monkey,0.18518443405628204,True,0.07672466337680817,0.10558298230171204,0.07113707065582275,0.12099498510360718,0.10934507101774216,0.10389792174100876,0.09032128006219864,0.18518443405628204,0.0662015974521637,0.07060990482568741
clip_vit_b_32_linear,translation_16_up,test_06938,6938,1,bird,1,bird,0.21217332780361176,True,0.08578353375196457,0.21217332780361176,0.07447568327188492,0.09504856169223785,0.11620084196329117,0.0875769853591919,0.07894951850175858,0.10857638716697693,0.07493961602449417,0.06627552956342697
clip_vit_b_32_linear,translation_16_up,test_00171,171,4,deer,4,deer,0.15972797572612762,True,0.08011962473392487,0.11519221216440201,0.07430805265903473,0.10908732563257217,0.15972797572612762,0.09824760258197784,0.10125304758548737,0.1117977499961853,0.0757497027516365,0.07451672852039337
clip_vit_b_32_linear,translation_16_up,test_04215,4215,3,cat,3,cat,0.1590232402086258,True,0.08102322369813919,0.10544385015964508,0.08512390404939651,0.1590232402086258,0.09543950110673904,0.11999911814928055,0.09363436698913574,0.10097135603427887,0.07975349575281143,0.07958792895078659
clip_vit_b_32_linear,translation_16_up,test_05705,5705,8,ship,8,ship,0.21800553798675537,True,0.11732911318540573,0.07821990549564362,0.08066651970148087,0.06816603988409042,0.08345739543437958,0.07596582174301147,0.07860410213470459,0.07160211354494095,0.21800553798675537,0.12798349559307098
clip_vit_b_32_linear,translation_16_up,test_03458,3458,4,deer,4,deer,0.20615099370479584,True,0.07874444127082825,0.10593602806329727,0.07147936522960663,0.09287288039922714,0.20615099370479584,0.09306993335485458,0.10866837203502655,0.0990862101316452,0.0692964568734169,0.0746954083442688
clip_vit_b_32_linear,translation_16_up,test_01220,1220,7,monkey,7,monkey,0.17782239615917206,True,0.07708083838224411,0.11265408992767334,0.07230222970247269,0.13035348057746887,0.11229005455970764,0.09661594033241272,0.08408623933792114,0.17782239615917206,0.06854171305894852,0.06825295090675354
clip_vit_b_32_linear,translation_16_up,test_00962,962,8,ship,8,ship,0.22135892510414124,True,0.1146765872836113,0.08318112045526505,0.08712252974510193,0.06942404061555862,0.08073257654905319,0.07613617181777954,0.08015237748622894,0.0725443959236145,0.22135892510414124,0.11467127501964569
clip_vit_b_32_linear,translation_16_up,test_02950,2950,5,dog,5,dog,0.1812690794467926,True,0.07605930417776108,0.08771229535341263,0.0856647789478302,0.12668122351169586,0.09285957366228104,0.1812690794467926,0.1076824814081192,0.09635182470083237,0.07074356824159622,0.0749758780002594
clip_vit_b_32_linear,translation_16_up,test_02623,2623,5,dog,5,dog,0.16890689730644226,True,0.07916005700826645,0.09286162257194519,0.08305639028549194,0.11514101922512054,0.09594420343637466,0.16890689730644226,0.11203569173812866,0.1040162444114685,0.07455954700708389,0.07431835681200027
clip_vit_b_32_linear,translation_16_up,test_04539,4539,0,airplane,0,airplane,0.17947427928447723,True,0.17947427928447723,0.0956990197300911,0.09314875304698944,0.07727804780006409,0.08028894662857056,0.09078162163496017,0.09297507256269455,0.0886659175157547,0.09899909049272537,0.10268919169902802
clip_vit_b_32_linear,translation_16_up,test_01553,1553,0,airplane,0,airplane,0.18367645144462585,True,0.18367645144462585,0.08732910454273224,0.09937122464179993,0.07249371707439423,0.08142410218715668,0.0835607573390007,0.0763234943151474,0.08456841111183167,0.12853620946407318,0.1027166023850441
clip_vit_b_32_linear,translation_16_up,test_04740,4740,4,deer,4,deer,0.16384218633174896,True,0.07527703791856766,0.0998106300830841,0.07707949727773666,0.10086666792631149,0.16384218633174896,0.10378611087799072,0.12018436938524246,0.11016610264778137,0.06998459249734879,0.07900276780128479
clip_vit_b_32_linear,translation_16_up,test_06844,6844,0,airplane,0,airplane,0.2000124156475067,True,0.2000124156475067,0.10195938497781754,0.0940653532743454,0.07984045147895813,0.08246481418609619,0.08163401484489441,0.08194639533758163,0.09375914186239243,0.09024158865213394,0.09407643228769302
clip_vit_b_32_linear,translation_16_up,test_02668,2668,7,monkey,7,monkey,0.15764085948467255,True,0.07679040729999542,0.125832200050354,0.07102248072624207,0.1316044181585312,0.12026125937700272,0.09890293329954147,0.08538509905338287,0.15764085948467255,0.06425465643405914,0.06830567866563797
clip_vit_b_32_linear,translation_16_up,test_03153,3153,7,monkey,7,monkey,0.1421155333518982,True,0.07933761924505234,0.11815135180950165,0.07250078022480011,0.12789741158485413,0.11778217554092407,0.10471118986606598,0.09318316727876663,0.1421155333518982,0.07087536156177521,0.07344553619623184
clip_vit_b_32_linear,translation_16_up,test_05135,5135,4,deer,4,deer,0.18157821893692017,True,0.0778021514415741,0.10775674879550934,0.06883106380701065,0.11216408014297485,0.18157821893692017,0.10633595287799835,0.10359123349189758,0.10257236659526825,0.06828746944665909,0.07108055800199509
clip_vit_b_32_linear,translation_16_up,test_02291,2291,3,cat,3,cat,0.17648588120937347,True,0.07458707690238953,0.10653144866228104,0.06980305910110474,0.17648588120937347,0.11022757738828659,0.0974220484495163,0.07943913340568542,0.14728988707065582,0.06908459961414337,0.06912925094366074
clip_vit_b_32_linear,translation_16_up,test_00116,116,1,bird,1,bird,0.1639622151851654,True,0.09079612791538239,0.1639622151851654,0.07940127700567245,0.10026182234287262,0.11267686635255814,0.10280966013669968,0.09171336889266968,0.10056861490011215,0.07781336456537247,0.07999660074710846
clip_vit_b_32_linear,translation_16_up,test_07797,7797,3,cat,3,cat,0.17557287216186523,True,0.07270998507738113,0.10977499932050705,0.07691217958927155,0.17557287216186523,0.11133316159248352,0.0942474827170372,0.08586636930704117,0.12790310382843018,0.07143385708332062,0.07424602657556534
clip_vit_b_32_linear,translation_16_up,test_04609,4609,3,cat,7,monkey,0.13888952136039734,False,0.07971177250146866,0.12296539545059204,0.06614358723163605,0.13595077395439148,0.12849484384059906,0.10824771225452423,0.08537288010120392,0.13888952136039734,0.06608986854553223,0.06813361495733261
clip_vit_b_32_linear,translation_16_up,test_00081,81,0,airplane,0,airplane,0.1621781587600708,True,0.1621781587600708,0.09371595829725266,0.11075617372989655,0.0861082598567009,0.0843571275472641,0.08933019638061523,0.08175330609083176,0.08539514988660812,0.09830110520124435,0.10810460150241852
clip_vit_b_32_linear,translation_16_up,test_05580,5580,6,horse,6,horse,0.19064199924468994,True,0.08604341745376587,0.08234225958585739,0.08649994432926178,0.10161968320608139,0.0891881063580513,0.12166772037744522,0.19064199924468994,0.08501375466585159,0.07367715239524841,0.08330588787794113
clip_vit_b_32_linear,translation_16_up,test_03024,3024,2,car,2,car,0.1739221215248108,True,0.10762953758239746,0.08411691337823868,0.1739221215248108,0.07906180620193481,0.0791320726275444,0.09747621417045593,0.09404562413692474,0.07634291052818298,0.08898311108350754,0.11928975582122803
clip_vit_b_32_linear,translation_16_up,test_02766,2766,5,dog,5,dog,0.17710956931114197,True,0.08128094673156738,0.09111257642507553,0.08504512906074524,0.11538989841938019,0.09672381728887558,0.17710956931114197,0.10477202385663986,0.09410403668880463,0.07408492267131805,0.08037694543600082
clip_vit_b_32_linear,translation_16_up,test_05000,5000,8,ship,8,ship,0.18123112618923187,True,0.12785151600837708,0.08834342658519745,0.08058132231235504,0.0728558823466301,0.09407855570316315,0.07873591035604477,0.08272137492895126,0.08214187622070312,0.18123112618923187,0.11145899444818497
clip_vit_b_32_linear,translation_16_up,test_02610,2610,6,horse,6,horse,0.144062340259552,True,0.08865344524383545,0.0907522514462471,0.0884479358792305,0.09974917024374008,0.1099146157503128,0.1142301857471466,0.144062340259552,0.09146276116371155,0.08483032137155533,0.08789686858654022
clip_vit_b_32_linear,translation_16_up,test_02024,2024,0,airplane,0,airplane,0.19205230474472046,True,0.19205230474472046,0.09240344166755676,0.10208577662706375,0.07764172554016113,0.0905565470457077,0.08747456222772598,0.08456917107105255,0.07876448333263397,0.10023517906665802,0.09421682357788086
clip_vit_b_32_linear,translation_16_up,test_06097,6097,4,deer,4,deer,0.20407278835773468,True,0.08118563145399094,0.10500314086675644,0.07391773164272308,0.08869128674268723,0.20407278835773468,0.0880466103553772,0.10769309103488922,0.09154389053583145,0.08117149770259857,0.07867429405450821
clip_vit_b_32_linear,translation_16_up,test_00964,964,6,horse,6,horse,0.16031953692436218,True,0.09191673249006271,0.08804018050432205,0.0999302938580513,0.09701861441135406,0.09850170463323593,0.10215265303850174,0.16031953692436218,0.08356396108865738,0.0854869857430458,0.09306938946247101
clip_vit_b_32_linear,translation_16_up,test_07634,7634,0,airplane,0,airplane,0.2008507400751114,True,0.2008507400751114,0.10224787145853043,0.09192730486392975,0.07470721006393433,0.09081081300973892,0.08308207243680954,0.08239999413490295,0.08764640241861343,0.09463400393724442,0.09169366210699081
clip_vit_b_32_linear,translation_16_up,test_06434,6434,8,ship,8,ship,0.21836350858211517,True,0.11952967196702957,0.07887737452983856,0.07734251022338867,0.06939321756362915,0.08606606721878052,0.08094556629657745,0.07633809745311737,0.07455834001302719,0.21836350858211517,0.11858569830656052
clip_vit_b_32_linear,translation_16_up,test_05183,5183,2,car,2,car,0.1673179566860199,True,0.11376025527715683,0.08882865309715271,0.1673179566860199,0.08770803362131119,0.08156342059373856,0.09033337980508804,0.09886980056762695,0.07687400281429291,0.08662522584199905,0.10811924189329147
clip_vit_b_32_linear,translation_16_up,test_06986,6986,0,airplane,0,airplane,0.19904227554798126,True,0.19904227554798126,0.0882631242275238,0.09598173201084137,0.07349412888288498,0.08271880447864532,0.08075153082609177,0.0737493559718132,0.07919632643461227,0.1298021674156189,0.09700055420398712
clip_vit_b_32_linear,translation_16_up,test_00645,645,5,dog,5,dog,0.1784547120332718,True,0.07543520629405975,0.08896024525165558,0.07913889735937119,0.10229595005512238,0.11085999757051468,0.1784547120332718,0.12392965704202652,0.09087498486042023,0.07388004660606384,0.07617039978504181
clip_vit_b_32_linear,translation_16_up,test_03347,3347,0,airplane,0,airplane,0.19793620705604553,True,0.19793620705604553,0.0959850624203682,0.09735524654388428,0.0751720443367958,0.08233676105737686,0.08636339753866196,0.09546277672052383,0.08337985724210739,0.09054898470640182,0.09545961767435074
clip_vit_b_32_linear,translation_16_up,test_05677,5677,2,car,2,car,0.1783592849969864,True,0.10323577374219894,0.08327209949493408,0.1783592849969864,0.08396811783313751,0.080179862678051,0.09142519533634186,0.08939239382743835,0.08030237257480621,0.102619968354702,0.10724491626024246
clip_vit_b_32_linear,translation_16_up,test_03412,3412,8,ship,8,ship,0.19937436282634735,True,0.12607713043689728,0.08282661437988281,0.07581862807273865,0.07134781777858734,0.08669726550579071,0.07926121354103088,0.08194975554943085,0.07416516542434692,0.19937436282634735,0.12248200923204422
clip_vit_b_32_linear,translation_16_up,test_03937,3937,1,bird,1,bird,0.1908939778804779,True,0.08678801357746124,0.1908939778804779,0.08138595521450043,0.10301601886749268,0.10683742165565491,0.08668391406536102,0.0831122174859047,0.11440957337617874,0.07658934593200684,0.0702834501862526
clip_vit_b_32_linear,translation_16_up,test_00873,873,6,horse,4,deer,0.15069228410720825,False,0.0766364261507988,0.09609080851078033,0.07276658713817596,0.10517553985118866,0.15069228410720825,0.10891053825616837,0.134430393576622,0.10486366599798203,0.07460852712392807,0.07582519203424454
clip_vit_b_32_linear,translation_16_up,test_02167,2167,9,truck,9,truck,0.18526551127433777,True,0.11134836077690125,0.07499120384454727,0.10045260190963745,0.07084889709949493,0.07833626121282578,0.08095806837081909,0.09117969870567322,0.0735103040933609,0.13310907781124115,0.18526551127433777
clip_vit_b_32_linear,translation_16_up,test_06490,6490,3,cat,3,cat,0.15700598061084747,True,0.0805961936712265,0.11202237010002136,0.08024828881025314,0.15700598061084747,0.1009182333946228,0.09727132320404053,0.0843234583735466,0.13704799115657806,0.07852239161729813,0.07204373925924301
clip_vit_b_32_linear,translation_16_up,test_00738,738,3,cat,3,cat,0.16205234825611115,True,0.0756169855594635,0.09914983063936234,0.08515556901693344,0.16205234825611115,0.08373028039932251,0.1348816156387329,0.09791912138462067,0.10493871569633484,0.07363736629486084,0.08291813731193542
clip_vit_b_32_linear,translation_16_up,test_06616,6616,2,car,2,car,0.16157163679599762,True,0.10716259479522705,0.08541864156723022,0.16157163679599762,0.08456993103027344,0.08219936490058899,0.08845541626214981,0.09152551740407944,0.08554114401340485,0.0939207598567009,0.11963491141796112
clip_vit_b_32_linear,translation_16_up,test_04093,4093,6,horse,6,horse,0.18486125767230988,True,0.09105869382619858,0.08304156363010406,0.10277193039655685,0.08987269550561905,0.09278379380702972,0.10319367796182632,0.18486125767230988,0.08339408785104752,0.08232010155916214,0.08670228719711304
clip_vit_b_32_linear,translation_16_up,test_05788,5788,9,truck,9,truck,0.1535431295633316,True,0.11079070717096329,0.08253911137580872,0.10880421847105026,0.0857844427227974,0.08675704151391983,0.09163820743560791,0.0937768742442131,0.07855056971311569,0.10781577974557877,0.1535431295633316
clip_vit_b_32_linear,translation_16_up,test_07818,7818,8,ship,8,ship,0.2074226588010788,True,0.11424027383327484,0.07632831484079361,0.08793506026268005,0.07517853379249573,0.07866518944501877,0.08043449372053146,0.07897957414388657,0.07316900044679642,0.2074226588010788,0.12764690816402435
clip_vit_b_32_linear,translation_16_up,test_00304,304,1,bird,1,bird,0.15101850032806396,True,0.08954310417175293,0.15101850032806396,0.08152258396148682,0.10875020176172256,0.11362455785274506,0.09228946268558502,0.0937863141298294,0.1134776771068573,0.07869304716587067,0.0772944986820221
clip_vit_b_32_linear,translation_16_up,test_02082,2082,2,car,2,car,0.1532132774591446,True,0.11358222365379333,0.0876990556716919,0.1532132774591446,0.07443128526210785,0.08468294143676758,0.0918707624077797,0.0964374914765358,0.08285479247570038,0.09464836865663528,0.12057973444461823
clip_vit_b_32_linear,translation_16_up,test_02746,2746,7,monkey,7,monkey,0.17848646640777588,True,0.07859524339437485,0.12193431705236435,0.0777234360575676,0.11863841861486435,0.10261087864637375,0.09827545285224915,0.09196094423532486,0.17848646640777588,0.06491202116012573,0.06686293333768845
clip_vit_b_32_linear,translation_16_up,test_07944,7944,4,deer,4,deer,0.16150324046611786,True,0.07732751220464706,0.10677690804004669,0.07447877526283264,0.11738245189189911,0.16150324046611786,0.10005488246679306,0.11379997432231903,0.10107050836086273,0.0738534927368164,0.07375229895114899
clip_vit_b_32_linear,translation_16_up,test_06689,6689,8,ship,8,ship,0.18227307498455048,True,0.1175670176744461,0.08361948281526566,0.09854549169540405,0.07710383087396622,0.07990629225969315,0.08263739943504333,0.0792715772986412,0.07498273253440857,0.18227307498455048,0.12409312278032303
clip_vit_b_32_linear,translation_16_up,test_02414,2414,9,truck,9,truck,0.15669949352741241,True,0.11211931705474854,0.08491024374961853,0.09594140201807022,0.08593922108411789,0.0975537821650505,0.08244869858026505,0.0832970067858696,0.08300896733999252,0.11808180063962936,0.15669949352741241
clip_vit_b_32_linear,translation_16_up,test_03779,3779,6,horse,6,horse,0.1746024191379547,True,0.08090849965810776,0.08889520168304443,0.0840359479188919,0.09797874093055725,0.10513278841972351,0.11650325357913971,0.1746024191379547,0.08675629645586014,0.08326178789138794,0.08192507177591324
clip_vit_b_32_linear,translation_16_up,test_02095,2095,1,bird,1,bird,0.16172528266906738,True,0.08431323617696762,0.16172528266906738,0.0740581527352333,0.13238616287708282,0.10495124012231827,0.09006127715110779,0.08190444111824036,0.1255054473876953,0.07281633466482162,0.07227853685617447
clip_vit_b_32_linear,translation_16_up,test_07262,7262,0,airplane,0,airplane,0.20935870707035065,True,0.20935870707035065,0.09361036121845245,0.10016045719385147,0.07438570261001587,0.07525445520877838,0.08319341391324997,0.08612427115440369,0.08295252174139023,0.0978047177195549,0.09715539962053299
clip_vit_b_32_linear,translation_16_up,test_05694,5694,8,ship,8,ship,0.19764208793640137,True,0.11660443246364594,0.07720769941806793,0.10603123158216476,0.07238665968179703,0.08120154589414597,0.07889897376298904,0.0812489315867424,0.07950054109096527,0.19764208793640137,0.10927784442901611
clip_vit_b_32_linear,translation_16_up,test_07413,7413,5,dog,5,dog,0.1423216015100479,True,0.07787711918354034,0.10220766067504883,0.07545848190784454,0.13552212715148926,0.09686041623353958,0.1423216015100479,0.10219094157218933,0.1102830171585083,0.08543965965509415,0.07183901220560074
clip_vit_b_32_linear,translation_16_up,test_06805,6805,1,bird,1,bird,0.15996435284614563,True,0.10715851932764053,0.15996435284614563,0.07267112284898758,0.09840155392885208,0.11752549558877945,0.08926483243703842,0.0914192646741867,0.10190323740243912,0.08264066278934479,0.07905098050832748
clip_vit_b_32_linear,translation_16_up,test_03446,3446,7,monkey,7,monkey,0.18373402953147888,True,0.07595020532608032,0.11560624837875366,0.07360996305942535,0.12171043455600739,0.12017346173524857,0.08832073956727982,0.08305791020393372,0.18373402953147888,0.06734964996576309,0.070487380027771
clip_vit_b_32_linear,translation_16_up,test_02807,2807,5,dog,3,cat,0.127226784825325,False,0.08611898124217987,0.11516514420509338,0.08305111527442932,0.127226784825325,0.11013589054346085,0.11459401994943619,0.08826308697462082,0.11854065954685211,0.07585539668798447,0.08104890584945679
clip_vit_b_32_linear,translation_16_up,test_07940,7940,4,deer,4,deer,0.1896708756685257,True,0.07513481378555298,0.10959158092737198,0.0708932876586914,0.10823886841535568,0.1896708756685257,0.0901438370347023,0.09700194746255875,0.10746940970420837,0.07906296104192734,0.0727924332022667
clip_vit_b_32_linear,translation_16_up,test_04172,4172,7,monkey,7,monkey,0.1544133722782135,True,0.07705655694007874,0.14127720892429352,0.07094781845808029,0.1208997443318367,0.11357898265123367,0.09827527403831482,0.0875425934791565,0.1544133722782135,0.0674394965171814,0.06856892257928848
clip_vit_b_32_linear,translation_16_up,test_07744,7744,3,cat,3,cat,0.15830188989639282,True,0.07875782251358032,0.09404817223548889,0.0899592861533165,0.15830188989639282,0.08548219501972198,0.13815775513648987,0.09487419575452805,0.10108563303947449,0.07959339767694473,0.07973963022232056
clip_vit_b_32_linear,translation_16_up,test_01586,1586,2,car,2,car,0.20193003118038177,True,0.0989924892783165,0.0810326561331749,0.20193003118038177,0.07954922318458557,0.07590516656637192,0.09324053674936295,0.08600039780139923,0.08828821778297424,0.0911233052611351,0.1039380207657814
clip_vit_b_32_linear,translation_16_up,test_07999,7999,8,ship,8,ship,0.1862628310918808,True,0.12268999218940735,0.08182951807975769,0.07771054655313492,0.0750729963183403,0.09129297733306885,0.08582205325365067,0.08766790479421616,0.07164982706308365,0.1862628310918808,0.12000134587287903
clip_vit_b_32_linear,translation_16_up,test_06349,6349,1,bird,1,bird,0.17584222555160522,True,0.0847216248512268,0.17584222555160522,0.07212359458208084,0.11656282842159271,0.12149658799171448,0.08119171112775803,0.07634110748767853,0.12089226394891739,0.07579323649406433,0.07503482699394226
clip_vit_b_32_linear,translation_16_up,test_06594,6594,1,bird,1,bird,0.16978493332862854,True,0.10721056163311005,0.16978493332862854,0.07736074179410934,0.09220869094133377,0.11211743205785751,0.08918851613998413,0.08655404299497604,0.09327095001935959,0.09419215470552444,0.07811201363801956
clip_vit_b_32_linear,translation_16_up,test_02109,2109,8,ship,8,ship,0.2198430895805359,True,0.1171831414103508,0.07685504108667374,0.09018616378307343,0.06829987466335297,0.07912670075893402,0.07724681496620178,0.08367651700973511,0.07411903142929077,0.2198430895805359,0.1134636253118515
clip_vit_b_32_linear,translation_16_up,test_03079,3079,1,bird,1,bird,0.19300726056098938,True,0.08805317431688309,0.19300726056098938,0.0781092643737793,0.09678006172180176,0.115877665579319,0.084476538002491,0.07818412035703659,0.1177271232008934,0.07475592941045761,0.07302887737751007
clip_vit_b_32_linear,translation_16_up,test_02070,2070,1,bird,1,bird,0.18528054654598236,True,0.08931425213813782,0.18528054654598236,0.07691194117069244,0.10279619693756104,0.10999245941638947,0.08639676123857498,0.08042852580547333,0.11565050482749939,0.07714752107858658,0.0760813057422638
clip_vit_b_32_linear,translation_16_up,test_00319,319,5,dog,5,dog,0.17850446701049805,True,0.08023077994585037,0.09688374400138855,0.08648981899023056,0.1130651906132698,0.0857730284333229,0.17850446701049805,0.1083926409482956,0.08851828426122665,0.08106283843517303,0.08107925951480865
clip_vit_b_32_linear,translation_16_up,test_02888,2888,0,airplane,0,airplane,0.19002723693847656,True,0.19002723693847656,0.09164144843816757,0.0963086485862732,0.07455930858850479,0.08469447493553162,0.08034013211727142,0.08154032379388809,0.0860506147146225,0.11065902560949326,0.10417871177196503
clip_vit_b_32_linear,translation_16_up,test_06224,6224,5,dog,5,dog,0.17136356234550476,True,0.07542633265256882,0.09478908032178879,0.07766442745923996,0.11338258534669876,0.10225826501846313,0.17136356234550476,0.12029606848955154,0.09756509214639664,0.07102735340595245,0.07622719556093216
clip_vit_b_32_linear,translation_16_up,test_03353,3353,5,dog,5,dog,0.12295697629451752,True,0.08564280718564987,0.09871917217969894,0.08528745174407959,0.11587478220462799,0.0968133807182312,0.12295697629451752,0.10223304480314255,0.1164187490940094,0.08690713346004486,0.08914653211832047
clip_vit_b_32_linear,translation_16_up,test_06244,6244,2,car,2,car,0.17017292976379395,True,0.10227224230766296,0.08240114897489548,0.17017292976379395,0.08779020607471466,0.07763732224702835,0.09409576654434204,0.09175155311822891,0.09535647928714752,0.09129365533590317,0.10722866654396057
clip_vit_b_32_linear,translation_16_up,test_04704,4704,7,monkey,7,monkey,0.1715603619813919,True,0.09018579125404358,0.11743589490652084,0.06905584037303925,0.11641634255647659,0.11675719916820526,0.09060356765985489,0.08313927799463272,0.1715603619813919,0.07027667760848999,0.07456907629966736
clip_vit_b_32_linear,translation_16_up,test_02427,2427,5,dog,5,dog,0.17655786871910095,True,0.07148534059524536,0.09596249461174011,0.08949221670627594,0.11116447299718857,0.09470466524362564,0.17655786871910095,0.11065026372671127,0.09363822638988495,0.07610460370779037,0.08023997396230698
clip_vit_b_32_linear,translation_16_up,test_07995,7995,9,truck,9,truck,0.1574074774980545,True,0.10397826135158539,0.08255954831838608,0.13387663662433624,0.0783846378326416,0.08226052671670914,0.08811548352241516,0.09624245762825012,0.07863732427358627,0.09853759407997131,0.1574074774980545
clip_vit_b_32_linear,translation_16_up,test_01124,1124,4,deer,4,deer,0.17137865722179413,True,0.07801294326782227,0.11757053434848785,0.07563380897045135,0.10700962692499161,0.17137865722179413,0.0942731648683548,0.09649015218019485,0.10680617392063141,0.08183411508798599,0.07099080085754395
clip_vit_b_32_linear,translation_16_up,test_06733,6733,1,bird,1,bird,0.1441241204738617,True,0.07583171874284744,0.1441241204738617,0.07980432361364365,0.10910477489233017,0.10915908217430115,0.11235219240188599,0.11432870477437973,0.10333584249019623,0.07389681786298752,0.07806253433227539
clip_vit_b_32_linear,translation_16_up,test_02062,2062,9,truck,9,truck,0.19024483859539032,True,0.1009666919708252,0.07729313522577286,0.10001726448535919,0.07257360219955444,0.08499910682439804,0.08358977735042572,0.09244571626186371,0.07058539241552353,0.12728451192378998,0.19024483859539032
clip_vit_b_32_linear,translation_16_up,test_00805,805,9,truck,9,truck,0.1576947122812271,True,0.11674273014068604,0.08484108746051788,0.08790593594312668,0.08002537488937378,0.08866547793149948,0.0879717618227005,0.09569568932056427,0.08691956102848053,0.11353758722543716,0.1576947122812271
clip_vit_b_32_linear,translation_16_up,test_02028,2028,3,cat,3,cat,0.18332511186599731,True,0.07089845091104507,0.10903400927782059,0.07070925086736679,0.18332511186599731,0.11626200377941132,0.11341533064842224,0.08708793669939041,0.12030524760484695,0.06418053060770035,0.06478206068277359
clip_vit_b_32_linear,translation_16_up,test_02392,2392,2,car,2,car,0.17925697565078735,True,0.10427611321210861,0.07595019042491913,0.17925697565078735,0.08444584161043167,0.08714666217565536,0.0882386639714241,0.09348917752504349,0.0815325528383255,0.09017333388328552,0.11549042910337448
clip_vit_b_32_linear,translation_16_up,test_03292,3292,6,horse,6,horse,0.16288313269615173,True,0.09078514575958252,0.08760731667280197,0.09653086215257645,0.09358062595129013,0.09713137149810791,0.10963473469018936,0.16288313269615173,0.08585423976182938,0.08613207191228867,0.08986049145460129
clip_vit_b_32_linear,translation_16_up,test_01440,1440,7,monkey,7,monkey,0.19312940537929535,True,0.07615485787391663,0.11461378633975983,0.07145483046770096,0.11514071375131607,0.11903665214776993,0.09268376976251602,0.08699573576450348,0.19312940537929535,0.06610526889562607,0.06468497961759567
clip_vit_b_32_linear,translation_16_up,test_01115,1115,1,bird,1,bird,0.16170112788677216,True,0.0854438990354538,0.16170112788677216,0.07571837306022644,0.11287141591310501,0.09919523447751999,0.09973032772541046,0.08514022082090378,0.12791967391967773,0.07496011257171631,0.07731959968805313
clip_vit_b_32_linear,translation_16_up,test_04242,4242,8,ship,8,ship,0.21540464460849762,True,0.11241918057203293,0.07771170884370804,0.08342564105987549,0.07107686996459961,0.07891213148832321,0.07767494022846222,0.07695526629686356,0.0734909251332283,0.21540464460849762,0.13292866945266724
clip_vit_b_32_linear,translation_16_up,test_02230,2230,8,ship,8,ship,0.21080274879932404,True,0.1143966093659401,0.07325232774019241,0.09112490713596344,0.07544267922639847,0.0783327966928482,0.07870537787675858,0.07408066838979721,0.07416193187236786,0.21080274879932404,0.12969981133937836
clip_vit_b_32_linear,translation_16_up,test_03163,3163,2,car,2,car,0.18990971148014069,True,0.10092293471097946,0.08839736878871918,0.18990971148014069,0.07851873338222504,0.0787346139550209,0.09427542239427567,0.09266304969787598,0.0853247418999672,0.0939071848988533,0.09734628349542618
clip_vit_b_32_linear,translation_16_up,test_00545,545,6,horse,6,horse,0.17189759016036987,True,0.08333496749401093,0.08968167006969452,0.08729454129934311,0.08077891916036606,0.10514289885759354,0.09921036660671234,0.17189759016036987,0.09846431761980057,0.0809725672006607,0.10322219878435135
clip_vit_b_32_linear,translation_16_up,test_03863,3863,5,dog,5,dog,0.17050988972187042,True,0.08013753592967987,0.09199724346399307,0.08115730434656143,0.1139947921037674,0.09928563237190247,0.17050988972187042,0.11091218888759613,0.0967882052063942,0.07796698808670044,0.07725019752979279
clip_vit_b_32_linear,translation_16_up,test_04748,4748,7,monkey,7,monkey,0.19418220221996307,True,0.07758351415395737,0.11873061954975128,0.07674527913331985,0.11872450262308121,0.10101985931396484,0.08863843232393265,0.08364852517843246,0.19418220221996307,0.07201146334409714,0.06871574372053146
clip_vit_b_32_linear,translation_16_up,test_02399,2399,4,deer,4,deer,0.18220530450344086,True,0.08241545408964157,0.10410860925912857,0.07378808408975601,0.09378702938556671,0.18220530450344086,0.0925099179148674,0.10599049180746078,0.10579680651426315,0.08504725247621536,0.07435116171836853
clip_vit_b_32_linear,translation_16_up,test_04341,4341,6,horse,6,horse,0.17661553621292114,True,0.07979825884103775,0.09064577519893646,0.07714121043682098,0.08999728411436081,0.11639943718910217,0.1016407236456871,0.17661553621292114,0.08793281018733978,0.08528054505586624,0.09454838186502457
clip_vit_b_32_linear,translation_16_up,test_03078,3078,4,deer,4,deer,0.18902535736560822,True,0.07836320251226425,0.10807051509618759,0.07337681949138641,0.10626900941133499,0.18902535736560822,0.09521311521530151,0.101811982691288,0.09704426676034927,0.07490459829568863,0.07592124491930008
clip_vit_b_32_linear,translation_16_up,test_03763,3763,4,deer,4,deer,0.19816355407238007,True,0.07849285006523132,0.10979939997196198,0.07265593111515045,0.09206204116344452,0.19816355407238007,0.08832542598247528,0.09924636781215668,0.10661526024341583,0.08054619282484055,0.07409302145242691
clip_vit_b_32_linear,translation_16_up,test_02958,2958,6,horse,6,horse,0.18829675018787384,True,0.07635723054409027,0.08839824795722961,0.08218681067228317,0.09890451282262802,0.10747899860143661,0.1129993125796318,0.18829675018787384,0.08331277221441269,0.08168890327215195,0.0803765133023262
clip_vit_b_32_linear,translation_16_up,test_06381,6381,6,horse,6,horse,0.18885423243045807,True,0.08867941051721573,0.07928059995174408,0.09793666005134583,0.07903313636779785,0.09927360713481903,0.1034448966383934,0.18885423243045807,0.082487553358078,0.08798974007368088,0.0930202305316925
clip_vit_b_32_linear,translation_16_up,test_01640,1640,8,ship,8,ship,0.22084255516529083,True,0.10567323118448257,0.07998818159103394,0.08348656445741653,0.07299298793077469,0.08174615353345871,0.08112826943397522,0.0800570473074913,0.07539626955986023,0.22084255516529083,0.11868880689144135
clip_vit_b_32_linear,translation_16_up,test_01783,1783,8,ship,8,ship,0.21192796528339386,True,0.10558397322893143,0.08136576414108276,0.0839746743440628,0.07462887465953827,0.08329372853040695,0.08256686478853226,0.08222023397684097,0.07332779467105865,0.21192796528339386,0.12111020088195801
clip_vit_b_32_linear,translation_16_up,test_03914,3914,3,cat,3,cat,0.17322134971618652,True,0.0844588652253151,0.11462114751338959,0.07353400439023972,0.17322134971618652,0.10134712606668472,0.10013215988874435,0.08779880404472351,0.11982135474681854,0.07197756320238113,0.07308764010667801
clip_vit_b_32_linear,translation_16_up,test_01534,1534,6,horse,6,horse,0.13835576176643372,True,0.09449302405118942,0.08436231315135956,0.0961461067199707,0.08575721085071564,0.09866099059581757,0.09885630756616592,0.13835576176643372,0.09748871624469757,0.09362418949604034,0.11225547641515732
clip_vit_b_32_linear,translation_16_up,test_00685,685,5,dog,5,dog,0.18679560720920563,True,0.07778608798980713,0.08914951235055923,0.08317745476961136,0.1175132542848587,0.09180667996406555,0.18679560720920563,0.10705147683620453,0.09084770828485489,0.07765550911426544,0.07821681350469589
clip_vit_b_32_linear,translation_16_up,test_04617,4617,0,airplane,0,airplane,0.20713631808757782,True,0.20713631808757782,0.09922109544277191,0.09661152958869934,0.07306738942861557,0.08237826079130173,0.08274940401315689,0.09299126267433167,0.08465401083230972,0.0898362323641777,0.09135451912879944
clip_vit_b_32_linear,translation_16_up,test_05508,5508,9,truck,9,truck,0.17716220021247864,True,0.10063935816287994,0.07779164612293243,0.11251504719257355,0.07683836668729782,0.08039914816617966,0.08517112582921982,0.08658377826213837,0.07719593495130539,0.1257033497095108,0.17716220021247864
clip_vit_b_32_linear,translation_16_up,test_01022,1022,9,truck,9,truck,0.14697784185409546,True,0.10779543966054916,0.08652391284704208,0.1049884706735611,0.08990789949893951,0.09083686769008636,0.09216269850730896,0.08839245140552521,0.08520867675542831,0.10720580071210861,0.14697784185409546
clip_vit_b_32_linear,translation_16_up,test_01230,1230,1,bird,7,monkey,0.14819057285785675,False,0.0903802141547203,0.1452319473028183,0.07836176455020905,0.10727926343679428,0.10060030966997147,0.08668976277112961,0.08584517985582352,0.14819057285785675,0.08157207816839218,0.0758490338921547
clip_vit_b_32_linear,translation_16_up,test_07475,7475,4,deer,4,deer,0.19907835125923157,True,0.0794578567147255,0.10800569504499435,0.07697496563196182,0.09421542286872864,0.19907835125923157,0.09424623101949692,0.10543151944875717,0.09163526445627213,0.07088375836610794,0.08007092773914337
clip_vit_b_32_linear,translation_16_up,test_05756,5756,2,car,2,car,0.1760667860507965,True,0.1018068715929985,0.08209404349327087,0.1760667860507965,0.08488794416189194,0.07488445937633514,0.10145546495914459,0.08539842069149017,0.09066610038280487,0.09931907802820206,0.10342074185609818
clip_vit_b_32_linear,translation_16_up,test_03122,3122,4,deer,4,deer,0.15984390676021576,True,0.07635408639907837,0.10102426260709763,0.07218964397907257,0.11428921669721603,0.15984390676021576,0.095985546708107,0.10348524153232574,0.12181642651557922,0.0812525749206543,0.07375918328762054
clip_vit_b_32_linear,translation_16_up,test_07202,7202,1,bird,1,bird,0.18240006268024445,True,0.08231967687606812,0.18240006268024445,0.07900945842266083,0.10978966951370239,0.10487828403711319,0.09905340522527695,0.0816318541765213,0.11905231326818466,0.06740877777338028,0.07445640861988068
clip_vit_b_32_linear,translation_16_up,test_04723,4723,9,truck,9,truck,0.16287414729595184,True,0.11291284114122391,0.0836869329214096,0.09069456160068512,0.08608920127153397,0.08567939698696136,0.0837898924946785,0.0920717790722847,0.0806325227022171,0.1215687170624733,0.16287414729595184
clip_vit_b_32_linear,translation_16_up,test_01552,1552,5,dog,5,dog,0.17599081993103027,True,0.07560122758150101,0.09543225914239883,0.07703466713428497,0.11481671035289764,0.1068463996052742,0.17599081993103027,0.11466168612241745,0.10659457743167877,0.0639338344335556,0.06908783316612244
clip_vit_b_32_linear,translation_16_up,test_00603,603,9,truck,9,truck,0.172010600566864,True,0.10530932992696762,0.07780534774065018,0.11730573326349258,0.07906543463468552,0.08078019320964813,0.09096953272819519,0.09322819858789444,0.07367680221796036,0.10984888672828674,0.172010600566864
clip_vit_b_32_linear,translation_16_up,test_02861,2861,3,cat,3,cat,0.171897754073143,True,0.07677127420902252,0.09264292567968369,0.08542855829000473,0.171897754073143,0.08864729851484299,0.12807682156562805,0.09595333784818649,0.10058896243572235,0.08076917380094528,0.07922384142875671
clip_vit_b_32_linear,translation_16_up,test_06426,6426,2,car,2,car,0.19198349118232727,True,0.10284294188022614,0.08403703570365906,0.19198349118232727,0.08516932278871536,0.07635720819234848,0.09135440737009048,0.08453422039747238,0.08316806703805923,0.09477412700653076,0.10577914863824844
clip_vit_b_32_linear,translation_16_up,test_07864,7864,4,deer,4,deer,0.1983196884393692,True,0.08207353204488754,0.10898183286190033,0.07387097179889679,0.09109634160995483,0.1983196884393692,0.08970830589532852,0.10402726382017136,0.09580852091312408,0.0816299319267273,0.07448362559080124
clip_vit_b_32_linear,translation_16_up,test_05729,5729,6,horse,6,horse,0.19720718264579773,True,0.07523117959499359,0.0869881883263588,0.075649194419384,0.09614574909210205,0.11067460477352142,0.11622583866119385,0.19720718264579773,0.08904997259378433,0.07357265055179596,0.07925541698932648
clip_vit_b_32_linear,translation_16_up,test_07474,7474,5,dog,5,dog,0.18752914667129517,True,0.08401937782764435,0.09621325135231018,0.08209320902824402,0.10503629595041275,0.08959499001502991,0.18752914667129517,0.11307206004858017,0.08632928878068924,0.07836684584617615,0.0777454525232315
clip_vit_b_32_linear,translation_16_up,test_04298,4298,1,bird,1,bird,0.21038967370986938,True,0.07788413017988205,0.21038967370986938,0.07492421567440033,0.1030612587928772,0.1136133223772049,0.08570690453052521,0.07976249605417252,0.1132621094584465,0.07548539340496063,0.06591052561998367
clip_vit_b_32_linear,translation_16_up,test_01175,1175,0,airplane,0,airplane,0.20275461673736572,True,0.20275461673736572,0.09487684816122055,0.08891353756189346,0.07371806353330612,0.0901046022772789,0.08698394894599915,0.07825695723295212,0.0817471295595169,0.10101423412561417,0.10163004696369171
clip_vit_b_32_linear,translation_16_up,test_03454,3454,2,car,2,car,0.18198685348033905,True,0.11116839945316315,0.08224745094776154,0.18198685348033905,0.08600301295518875,0.08145900815725327,0.09187284857034683,0.0890650600194931,0.08237982541322708,0.09131406247615814,0.10250354558229446
clip_vit_b_32_linear,translation_16_up,test_02754,2754,3,cat,3,cat,0.171330988407135,True,0.07587678730487823,0.10516037791967392,0.07758086174726486,0.171330988407135,0.11083939671516418,0.10736856609582901,0.09118761122226715,0.1086525246500969,0.07274919003248215,0.07925364375114441
clip_vit_b_32_linear,translation_16_up,test_00855,855,4,deer,4,deer,0.165843665599823,True,0.07173081487417221,0.10705704987049103,0.0692652091383934,0.10553866624832153,0.165843665599823,0.09756932407617569,0.11805395036935806,0.11703333258628845,0.07255668938159943,0.07535131275653839
clip_vit_b_32_linear,translation_16_up,test_02854,2854,7,monkey,7,monkey,0.14736071228981018,True,0.0774838924407959,0.1265978366136551,0.06845766305923462,0.11805738508701324,0.13201378285884857,0.1028733178973198,0.09720403701066971,0.14736071228981018,0.06505017727613449,0.06490124762058258
clip_vit_b_32_linear,translation_16_up,test_05092,5092,1,bird,1,bird,0.18878090381622314,True,0.08088028430938721,0.18878090381622314,0.08094505220651627,0.10844504833221436,0.1070161834359169,0.08895300328731537,0.07978330552577972,0.11252772063016891,0.07717746496200562,0.0754910334944725
clip_vit_b_32_linear,translation_16_up,test_05590,5590,9,truck,9,truck,0.1717594563961029,True,0.09919087588787079,0.0813961774110794,0.09972359240055084,0.0796436071395874,0.09398394078016281,0.08233562856912613,0.10256794840097427,0.07460019737482071,0.11479862034320831,0.1717594563961029
clip_vit_b_32_linear,translation_16_up,test_04463,4463,3,cat,3,cat,0.17146901786327362,True,0.07693324238061905,0.09865441173315048,0.08080101013183594,0.17146901786327362,0.0914800837635994,0.12575998902320862,0.10007327049970627,0.10395431518554688,0.07493030279874802,0.07594440877437592
clip_vit_b_32_linear,translation_16_up,test_05318,5318,2,car,2,car,0.13997387886047363,True,0.09296246618032455,0.09154772758483887,0.13997387886047363,0.08821337670087814,0.09612396359443665,0.0989668071269989,0.09497852623462677,0.0999331995844841,0.09405645728111267,0.10324370861053467
clip_vit_b_32_linear,translation_16_up,test_03515,3515,6,horse,6,horse,0.17517761886119843,True,0.07341719418764114,0.08823655545711517,0.08047107607126236,0.10088014602661133,0.11436504870653152,0.11417403072118759,0.17517761886119843,0.09704147279262543,0.08113545179367065,0.07510151714086533
clip_vit_b_32_linear,translation_16_up,test_04642,4642,4,deer,4,deer,0.19295522570610046,True,0.07749876379966736,0.11816686391830444,0.06744485348463058,0.10740332305431366,0.19295522570610046,0.0887853279709816,0.10158580541610718,0.10527864843606949,0.07389327138662338,0.06698796153068542
clip_vit_b_32_linear,translation_16_up,test_00852,852,9,truck,9,truck,0.1901140660047531,True,0.10463476181030273,0.07734192907810211,0.10239064693450928,0.07443664222955704,0.07985695451498032,0.08102825284004211,0.08725649863481522,0.07260055094957352,0.13033977150917053,0.1901140660047531
clip_vit_b_32_linear,translation_16_up,test_01247,1247,8,ship,8,ship,0.2049940675497055,True,0.11472054570913315,0.07714588195085526,0.08374869078397751,0.07532959431409836,0.08013254404067993,0.07838189601898193,0.08191467076539993,0.07330744713544846,0.2049940675497055,0.13032469153404236
clip_vit_b_32_linear,translation_16_up,test_07084,7084,2,car,2,car,0.16023385524749756,True,0.09875636547803879,0.07842282205820084,0.16023385524749756,0.08632469922304153,0.08773533254861832,0.09391380101442337,0.09448875486850739,0.08841101825237274,0.09564504027366638,0.11606825143098831
clip_vit_b_32_linear,translation_16_up,test_05301,5301,9,truck,9,truck,0.1668853461742401,True,0.11686599254608154,0.07850692421197891,0.11593246459960938,0.07903671264648438,0.0838189646601677,0.08560819923877716,0.09269589930772781,0.0762382447719574,0.10441124439239502,0.1668853461742401
clip_vit_b_32_linear,translation_16_up,test_05082,5082,6,horse,6,horse,0.1925094723701477,True,0.07690175622701645,0.09019658714532852,0.0807044729590416,0.104212686419487,0.09997104853391647,0.11678861081600189,0.1925094723701477,0.0885850042104721,0.07116520404815674,0.07896511256694794
clip_vit_b_32_linear,translation_16_up,test_05077,5077,4,deer,4,deer,0.1963200867176056,True,0.07854409515857697,0.0998946875333786,0.07376176118850708,0.09345041960477829,0.1963200867176056,0.0949891209602356,0.11036597192287445,0.1036992222070694,0.07182399928569794,0.0771506279706955
clip_vit_b_32_linear,translation_16_up,test_01563,1563,3,cat,3,cat,0.15627333521842957,True,0.07380567491054535,0.10646805167198181,0.06925832480192184,0.15627333521842957,0.10674143582582474,0.11153203994035721,0.08670172840356827,0.15379822254180908,0.07139291614294052,0.06402824074029922
clip_vit_b_32_linear,translation_16_up,test_00029,29,7,monkey,7,monkey,0.18091630935668945,True,0.07779092341661453,0.10996048152446747,0.07231569290161133,0.12428177148103714,0.11403146386146545,0.09129015356302261,0.09140558540821075,0.18091630935668945,0.06802043318748474,0.06998713314533234
clip_vit_b_32_linear,translation_16_up,test_03867,3867,7,monkey,7,monkey,0.18493124842643738,True,0.07554887235164642,0.1140681728720665,0.07178553193807602,0.11545445024967194,0.11141137033700943,0.09638793021440506,0.08658639341592789,0.18493124842643738,0.07361523807048798,0.07021086663007736
clip_vit_b_32_linear,translation_16_up,test_04620,4620,6,horse,6,horse,0.18684092164039612,True,0.08715465664863586,0.08952490985393524,0.09370902925729752,0.08930709213018417,0.08977072685956955,0.11619202792644501,0.18684092164039612,0.08254645764827728,0.08105213940143585,0.08390208333730698
clip_vit_b_32_linear,translation_16_up,test_04065,4065,2,car,2,car,0.16653281450271606,True,0.1022653728723526,0.0802384540438652,0.16653281450271606,0.08106041699647903,0.08415958285331726,0.08799225091934204,0.09320733696222305,0.0890713483095169,0.09787588566541672,0.11759655177593231
clip_vit_b_32_linear,translation_16_up,test_01095,1095,5,dog,5,dog,0.17511555552482605,True,0.07604072242975235,0.08976953476667404,0.0843501165509224,0.115106001496315,0.09891249239444733,0.17511555552482605,0.11188634485006332,0.09311255812644958,0.07579465955495834,0.07991206645965576
clip_vit_b_32_linear,translation_16_up,test_04229,4229,3,cat,3,cat,0.18590979278087616,True,0.07499531656503677,0.10174499452114105,0.07796148210763931,0.18590979278087616,0.11415667086839676,0.09969379007816315,0.08216049522161484,0.11687925457954407,0.0803346037864685,0.06616369634866714
clip_vit_b_32_linear,translation_16_up,test_03562,3562,3,cat,3,cat,0.15280629694461823,True,0.07370486855506897,0.10065474361181259,0.06981281191110611,0.15280629694461823,0.13755854964256287,0.10670962929725647,0.0952981486916542,0.12473570555448532,0.07281414419412613,0.06590506434440613
clip_vit_b_32_linear,translation_16_up,test_02342,2342,8,ship,8,ship,0.20981758832931519,True,0.11532194167375565,0.08269352465867996,0.08019234985113144,0.07386838644742966,0.08367534726858139,0.08113935589790344,0.08422344923019409,0.07339679449796677,0.20981758832931519,0.11567126214504242
clip_vit_b_32_linear,translation_16_up,test_01667,1667,6,horse,6,horse,0.186689093708992,True,0.07996255159378052,0.0781327337026596,0.08949197083711624,0.09498889744281769,0.09730397909879684,0.10952820628881454,0.186689093708992,0.08621436357498169,0.0803714394569397,0.09731673449277878
clip_vit_b_32_linear,translation_16_up,test_07033,7033,1,bird,1,bird,0.1605094075202942,True,0.08590009063482285,0.1605094075202942,0.07496830075979233,0.11780218780040741,0.12692013382911682,0.08711685240268707,0.08153321593999863,0.11434023082256317,0.0763663500547409,0.07454323768615723
clip_vit_b_32_linear,translation_16_up,test_01771,1771,7,monkey,7,monkey,0.1309429407119751,True,0.08699647337198257,0.09292108565568924,0.08151852339506149,0.11131750792264938,0.12059876322746277,0.1153554692864418,0.10598991811275482,0.1309429407119751,0.07176967710256577,0.08258969336748123
clip_vit_b_32_linear,translation_16_up,test_03157,3157,8,ship,8,ship,0.22196222841739655,True,0.11736071854829788,0.07938811182975769,0.08565393835306168,0.06921710073947906,0.07808305323123932,0.07662853598594666,0.076345294713974,0.0679704025387764,0.22196222841739655,0.12739062309265137
clip_vit_b_32_linear,translation_16_up,test_03851,3851,3,cat,3,cat,0.15867020189762115,True,0.07881947606801987,0.10055473446846008,0.08309894055128098,0.15867020189762115,0.08939306437969208,0.1377802938222885,0.10554416477680206,0.09558605402708054,0.07453197985887527,0.07602094858884811
clip_vit_b_32_linear,translation_16_up,test_01287,1287,7,monkey,7,monkey,0.1416931301355362,True,0.0741502046585083,0.11294713616371155,0.07348775863647461,0.13287559151649475,0.12224889546632767,0.11222951859235764,0.08985046297311783,0.1416931301355362,0.06916964054107666,0.0713476687669754
clip_vit_b_32_linear,translation_16_up,test_07320,7320,0,airplane,0,airplane,0.17559246718883514,True,0.17559246718883514,0.0969182699918747,0.10191972553730011,0.0845084935426712,0.08867284655570984,0.08982246369123459,0.08623379468917847,0.08712291717529297,0.0910700261592865,0.09813904762268066
clip_vit_b_32_linear,translation_16_up,test_07600,7600,6,horse,6,horse,0.16389256715774536,True,0.09158547967672348,0.09269336611032486,0.0944593995809555,0.09199914336204529,0.09626282751560211,0.1096058189868927,0.16389256715774536,0.08187122642993927,0.08927394449710846,0.08835624903440475
clip_vit_b_32_linear,translation_16_up,test_03852,3852,5,dog,5,dog,0.16476918756961823,True,0.08030122518539429,0.09929303079843521,0.0835992768406868,0.12369782477617264,0.09888321906328201,0.16476918756961823,0.09499948471784592,0.10344794392585754,0.0706482008099556,0.08036066591739655
clip_vit_b_32_linear,translation_16_up,test_00269,269,7,monkey,7,monkey,0.1726822853088379,True,0.08292552828788757,0.11052162945270538,0.07470070570707321,0.11089737713336945,0.1160942018032074,0.0976562425494194,0.09517909586429596,0.1726822853088379,0.06882964074611664,0.07051321119070053
clip_vit_b_32_linear,translation_16_up,test_01703,1703,7,monkey,7,monkey,0.14773371815681458,True,0.08078161627054214,0.09482985734939575,0.0774238109588623,0.13994990289211273,0.11761303246021271,0.11809559911489487,0.0914868488907814,0.14773371815681458,0.06266724318265915,0.06941837817430496
clip_vit_b_32_linear,translation_16_up,test_07776,7776,5,dog,5,dog,0.15241487324237823,True,0.0842222347855568,0.09626927226781845,0.08873876184225082,0.10044892877340317,0.10186949372291565,0.15241487324237823,0.11572518199682236,0.09435761719942093,0.08097900450229645,0.08497466146945953
clip_vit_b_32_linear,translation_16_up,test_03891,3891,4,deer,4,deer,0.18843363225460052,True,0.07316362857818604,0.114504374563694,0.06926390528678894,0.11606539040803909,0.18843363225460052,0.09140919893980026,0.09867130219936371,0.10778062045574188,0.06939451396465302,0.07131344079971313
clip_vit_b_32_linear,translation_16_up,test_07009,7009,0,airplane,0,airplane,0.17105966806411743,True,0.17105966806411743,0.08947398513555527,0.10521796345710754,0.07806326448917389,0.09094895422458649,0.08592796325683594,0.0796290934085846,0.08494706451892853,0.10289189964532852,0.11184019595384598
clip_vit_b_32_linear,translation_16_up,test_04893,4893,0,airplane,0,airplane,0.21373778581619263,True,0.21373778581619263,0.09581926465034485,0.09129559993743896,0.0729917660355568,0.08307906985282898,0.08231225609779358,0.08401340991258621,0.08633612096309662,0.09464726597070694,0.09576742351055145
clip_vit_b_32_linear,translation_16_up,test_02351,2351,9,truck,9,truck,0.17875002324581146,True,0.10083750635385513,0.08153429627418518,0.10538507252931595,0.07782261818647385,0.08405188471078873,0.08752131462097168,0.09593642503023148,0.07579410821199417,0.11236675083637238,0.17875002324581146
clip_vit_b_32_linear,translation_16_up,test_03550,3550,1,bird,1,bird,0.1542081981897354,True,0.10097280144691467,0.1542081981897354,0.07415135204792023,0.10202768445014954,0.11405126005411148,0.0936158075928688,0.09006168693304062,0.11088523268699646,0.07843754440546036,0.08158846944570541
clip_vit_b_32_linear,translation_16_up,test_05719,5719,7,monkey,7,monkey,0.1550672948360443,True,0.07292342185974121,0.11713122576475143,0.08304688334465027,0.10921325534582138,0.10414969176054001,0.11574531346559525,0.10117673873901367,0.1550672948360443,0.07006873935461044,0.07147746533155441
clip_vit_b_32_linear,translation_16_up,test_01884,1884,7,monkey,7,monkey,0.14250469207763672,True,0.09092195332050323,0.12451440840959549,0.07507333159446716,0.111385777592659,0.11367767304182053,0.09514268487691879,0.08865847438573837,0.14250469207763672,0.07702929526567459,0.08109167963266373
clip_vit_b_32_linear,translation_16_up,test_02898,2898,4,deer,4,deer,0.20409677922725677,True,0.07948829978704453,0.10569397360086441,0.07538255304098129,0.09016605466604233,0.20409677922725677,0.09239331632852554,0.10560465604066849,0.09361451119184494,0.07727277278900146,0.07628710567951202
clip_vit_b_32_linear,translation_16_up,test_04640,4640,1,bird,1,bird,0.18435397744178772,True,0.08816075325012207,0.18435397744178772,0.06798197329044342,0.10338607430458069,0.12347806245088577,0.0871613547205925,0.08233711868524551,0.11884348094463348,0.07326184958219528,0.07103542238473892
clip_vit_b_32_linear,translation_16_up,test_07610,7610,4,deer,4,deer,0.17957422137260437,True,0.07665681093931198,0.11664964258670807,0.0734693631529808,0.10563171654939651,0.17957422137260437,0.08481355756521225,0.10475184768438339,0.11471463739871979,0.0756508857011795,0.06808727234601974
clip_vit_b_32_linear,translation_16_up,test_01833,1833,8,ship,8,ship,0.20121264457702637,True,0.11580458283424377,0.08098502457141876,0.0870165303349495,0.0741540789604187,0.0802423283457756,0.07861006259918213,0.08166813105344772,0.07628127187490463,0.20121264457702637,0.1240253895521164
clip_vit_b_32_linear,translation_16_up,test_06455,6455,0,airplane,0,airplane,0.17014320194721222,True,0.17014320194721222,0.0923260971903801,0.09493967145681381,0.08027847856283188,0.1003347635269165,0.08708085864782333,0.0768933966755867,0.08352698385715485,0.11773338168859482,0.0967431589961052
clip_vit_b_32_linear,translation_16_up,test_03893,3893,9,truck,9,truck,0.16099070012569427,True,0.12015518546104431,0.07546085119247437,0.12195255607366562,0.0739658996462822,0.08164587616920471,0.08664746582508087,0.08729977160692215,0.07611341029405594,0.11576814949512482,0.16099070012569427
clip_vit_b_32_linear,translation_16_up,test_04731,4731,6,horse,6,horse,0.18582266569137573,True,0.08039636164903641,0.08641280978918076,0.08176086843013763,0.10365235805511475,0.09547864645719528,0.12343604117631912,0.18582266569137573,0.08497036248445511,0.07853447645902634,0.07953543215990067
clip_vit_b_32_linear,translation_16_up,test_00929,929,6,horse,6,horse,0.19673636555671692,True,0.08065593242645264,0.08110424876213074,0.0888010561466217,0.09521762281656265,0.0931931883096695,0.12316179275512695,0.19673636555671692,0.09083592891693115,0.06906022131443024,0.08123362064361572
clip_vit_b_32_linear,translation_16_up,test_03962,3962,6,horse,6,horse,0.16048595309257507,True,0.06961046159267426,0.09985009580850601,0.08050496876239777,0.10333087295293808,0.11949026584625244,0.11095020920038223,0.16048595309257507,0.10916383564472198,0.07125640660524368,0.0753568783402443
clip_vit_b_32_linear,translation_16_up,test_03778,3778,3,cat,3,cat,0.16212095320224762,True,0.0822192057967186,0.09541703015565872,0.08149480074644089,0.16212095320224762,0.08928924798965454,0.1255841851234436,0.097535140812397,0.10984659940004349,0.07528507709503174,0.08120782673358917
clip_vit_b_32_linear,translation_16_up,test_01429,1429,4,deer,4,deer,0.12979237735271454,True,0.08531202375888824,0.10324542224407196,0.08669838309288025,0.10878542810678482,0.12979237735271454,0.0978340357542038,0.10373050719499588,0.11724533140659332,0.08050230890512466,0.08685419708490372
clip_vit_b_32_linear,translation_16_up,test_00049,49,2,car,2,car,0.18238981068134308,True,0.09799207746982574,0.08333362638950348,0.18238981068134308,0.09098579734563828,0.08523838222026825,0.08624252676963806,0.09814509749412537,0.08535322546958923,0.08615860342979431,0.10416080802679062
clip_vit_b_32_linear,translation_16_up,test_00276,276,9,truck,9,truck,0.14173418283462524,True,0.1017719954252243,0.08450537174940109,0.10703887790441513,0.08667434751987457,0.09310997277498245,0.09851332753896713,0.10517765581607819,0.08611887693405151,0.09535541385412216,0.14173418283462524
clip_vit_b_32_linear,translation_16_up,test_06076,6076,1,bird,1,bird,0.19958339631557465,True,0.0862644761800766,0.19958339631557465,0.07280604541301727,0.10269998759031296,0.12668482959270477,0.08111411333084106,0.08056604862213135,0.10960733145475388,0.07296194136142731,0.0677119717001915
clip_vit_b_32_linear,translation_16_up,test_01389,1389,0,airplane,0,airplane,0.19348391890525818,True,0.19348391890525818,0.09658055752515793,0.09477949142456055,0.07884739339351654,0.08837767690420151,0.09023762494325638,0.07991066575050354,0.08253415673971176,0.09826381504535675,0.09698482602834702
clip_vit_b_32_linear,translation_16_up,test_03362,3362,2,car,2,car,0.17496302723884583,True,0.1160760298371315,0.0852702185511589,0.17496302723884583,0.08299176394939423,0.08492320030927658,0.09562555700540543,0.09628158807754517,0.08209849148988724,0.08483259379863739,0.09693761169910431
clip_vit_b_32_linear,translation_16_up,test_00317,317,2,car,2,car,0.1891605406999588,True,0.10248667746782303,0.08752162754535675,0.1891605406999588,0.08085128664970398,0.08030080795288086,0.0873178169131279,0.0948728621006012,0.08357780426740646,0.08573063462972641,0.10817993432283401
clip_vit_b_32_linear,translation_16_up,test_04675,4675,0,airplane,0,airplane,0.19008830189704895,True,0.19008830189704895,0.09474245458841324,0.09242985397577286,0.0765482485294342,0.08748956769704819,0.08924060314893723,0.08225719630718231,0.08764050900936127,0.10164771229028702,0.09791556000709534
clip_vit_b_32_linear,translation_16_up,test_05924,5924,5,dog,5,dog,0.14217177033424377,True,0.08077695965766907,0.09870997071266174,0.08016873151063919,0.11042306572198868,0.104341521859169,0.14217177033424377,0.11444893479347229,0.12470749020576477,0.06892303377389908,0.07532846182584763
clip_vit_b_32_linear,translation_16_up,test_00198,198,1,bird,1,bird,0.18967093527317047,True,0.08375760167837143,0.18967093527317047,0.07607663422822952,0.11510315537452698,0.10876554995775223,0.08663732558488846,0.08782985061407089,0.10506194084882736,0.07548636198043823,0.07161068916320801
clip_vit_b_32_linear,translation_16_up,test_07779,7779,6,horse,6,horse,0.18389363586902618,True,0.09573689103126526,0.08494161814451218,0.09656675904989243,0.08790642023086548,0.09306826442480087,0.10943358391523361,0.18389363586902618,0.08270338922739029,0.07730146497488022,0.08844806253910065
clip_vit_b_32_linear,translation_16_up,test_04054,4054,4,deer,4,deer,0.183872252702713,True,0.0858074501156807,0.10229363292455673,0.0797910988330841,0.0951232761144638,0.183872252702713,0.09094560146331787,0.10543549060821533,0.09693041443824768,0.07879073917865753,0.0810101181268692
clip_vit_b_32_linear,translation_16_up,test_05556,5556,4,deer,4,deer,0.20842933654785156,True,0.07600168883800507,0.10325521230697632,0.07461260259151459,0.08976718783378601,0.20842933654785156,0.09563785791397095,0.11135997623205185,0.09004990011453629,0.07682664692401886,0.07405965030193329
clip_vit_b_32_linear,translation_16_up,test_02687,2687,1,bird,1,bird,0.20523716509342194,True,0.08693155646324158,0.20523716509342194,0.07329443842172623,0.09923335164785385,0.11414489150047302,0.08362634479999542,0.08371265977621078,0.11085166037082672,0.07466515153646469,0.06830275058746338
clip_vit_b_32_linear,translation_16_up,test_01202,1202,2,car,2,car,0.19545644521713257,True,0.10379830747842789,0.08170057833194733,0.19545644521713257,0.08076772093772888,0.08037411421537399,0.08904791623353958,0.08174038678407669,0.08972758054733276,0.0895112156867981,0.10787566751241684
clip_vit_b_32_linear,translation_16_up,test_00097,97,5,dog,5,dog,0.16772477328777313,True,0.07559327781200409,0.09221059828996658,0.0860414132475853,0.12482929229736328,0.09417299181222916,0.16772477328777313,0.10721316188573837,0.09609831124544144,0.07675981521606445,0.07935634255409241
clip_vit_b_32_linear,translation_16_up,test_06033,6033,4,deer,4,deer,0.1947919726371765,True,0.0789244994521141,0.10160189121961594,0.07815799862146378,0.09841818362474442,0.1947919726371765,0.09531226009130478,0.10089656710624695,0.09073562920093536,0.07882893085479736,0.0823320597410202
clip_vit_b_32_linear,translation_16_up,test_01711,1711,7,monkey,7,monkey,0.19016462564468384,True,0.07761675864458084,0.10375512391328812,0.07950010895729065,0.12648354470729828,0.09992390871047974,0.09785600006580353,0.09402243793010712,0.19016462564468384,0.06532100588083267,0.06535644829273224
clip_vit_b_32_linear,translation_16_up,test_01430,1430,9,truck,9,truck,0.17990589141845703,True,0.11258053779602051,0.08356545120477676,0.0966508537530899,0.07408560812473297,0.0862908884882927,0.0844210758805275,0.09743773937225342,0.07635528594255447,0.10870664566755295,0.17990589141845703
clip_vit_b_32_linear,translation_16_up,test_00739,739,8,ship,8,ship,0.20977085828781128,True,0.11139003187417984,0.07687637209892273,0.08319496363401413,0.0719786137342453,0.08093301206827164,0.07499673962593079,0.0797073021531105,0.07600268721580505,0.20977085828781128,0.13514946401119232
clip_vit_b_32_linear,translation_16_up,test_03491,3491,1,bird,1,bird,0.16661806404590607,True,0.08944116532802582,0.16661806404590607,0.07761042565107346,0.10940127819776535,0.1126101166009903,0.08542881160974503,0.08302347362041473,0.10472773015499115,0.08956963568925858,0.08156935125589371
clip_vit_b_32_linear,translation_16_up,test_01568,1568,1,bird,1,bird,0.18320080637931824,True,0.07936213910579681,0.18320080637931824,0.07258515059947968,0.1308090090751648,0.09818340837955475,0.10643962770700455,0.08622089773416519,0.10520726442337036,0.0686027854681015,0.06938888132572174
clip_vit_b_32_linear,translation_16_up,test_01211,1211,4,deer,4,deer,0.17632350325584412,True,0.0790681317448616,0.11341626942157745,0.06738772988319397,0.09054010361433029,0.17632350325584412,0.09031103551387787,0.12171127647161484,0.1085541620850563,0.07946602255105972,0.07322175800800323
clip_vit_b_32_linear,translation_16_up,test_04913,4913,2,car,2,car,0.168743297457695,True,0.10793407261371613,0.08228610455989838,0.168743297457695,0.0808267593383789,0.0851309597492218,0.09112057089805603,0.10014688968658447,0.0847897157073021,0.09100618213415146,0.10801540315151215
clip_vit_b_32_linear,translation_16_up,test_02502,2502,2,car,2,car,0.17149730026721954,True,0.11298749595880508,0.08339761942625046,0.17149730026721954,0.07974577695131302,0.07939554005861282,0.09228590875864029,0.09873861074447632,0.08175797760486603,0.09570159018039703,0.10449221730232239
clip_vit_b_32_linear,translation_16_up,test_02539,2539,3,cat,3,cat,0.1876378208398819,True,0.0666576474905014,0.09742385149002075,0.07374487817287445,0.1876378208398819,0.09731169790029526,0.12615744769573212,0.09602945297956467,0.1170293465256691,0.06785519421100616,0.07015268504619598
clip_vit_b_32_linear,translation_16_up,test_00979,979,3,cat,3,cat,0.15927930176258087,True,0.07782275229692459,0.10129300504922867,0.08702728897333145,0.15927930176258087,0.0928894579410553,0.13292208313941956,0.09628212451934814,0.09568396210670471,0.08003067225217819,0.07676943391561508
clip_vit_b_32_linear,translation_16_up,test_06354,6354,2,car,2,car,0.16014446318149567,True,0.10546805709600449,0.08935297280550003,0.16014446318149567,0.09100346267223358,0.07815881073474884,0.09646366536617279,0.09566257148981094,0.08485204726457596,0.08654018491506577,0.11235387623310089
clip_vit_b_32_linear,translation_16_up,test_04735,4735,2,car,2,car,0.16329455375671387,True,0.10702214390039444,0.08898717164993286,0.16329455375671387,0.07762569189071655,0.08077718317508698,0.09878487884998322,0.09086272865533829,0.07764583081007004,0.09673212468624115,0.118267722427845
clip_vit_b_32_linear,translation_16_up,test_05912,5912,0,airplane,0,airplane,0.20791172981262207,True,0.20791172981262207,0.10039044916629791,0.09796808660030365,0.0718730017542839,0.07921653985977173,0.08295779675245285,0.08268570154905319,0.0811198353767395,0.09993024915456772,0.09594657272100449
clip_vit_b_32_linear,translation_16_up,test_03844,3844,6,horse,6,horse,0.16853660345077515,True,0.07450056076049805,0.09185013920068741,0.08261384069919586,0.10269609838724136,0.11808816343545914,0.11037202179431915,0.16853660345077515,0.09458568692207336,0.07436004281044006,0.08239687979221344
clip_vit_b_32_linear,translation_16_up,test_01263,1263,3,cat,3,cat,0.16980557143688202,True,0.06979547441005707,0.11380162835121155,0.06616326421499252,0.16980557143688202,0.12503838539123535,0.09899413585662842,0.08715346455574036,0.1377795785665512,0.06761855632066727,0.06384996324777603
clip_vit_b_32_linear,translation_16_up,test_03404,3404,7,monkey,7,monkey,0.17100472748279572,True,0.08169358968734741,0.10913926362991333,0.082731232047081,0.11221730709075928,0.10389630496501923,0.09665924310684204,0.08473265171051025,0.17100472748279572,0.0786810964345932,0.07924456149339676
clip_vit_b_32_linear,translation_16_up,test_03905,3905,8,ship,8,ship,0.21176359057426453,True,0.12080762535333633,0.07832379639148712,0.09397212415933609,0.07217594236135483,0.08177677541971207,0.073236845433712,0.08118517696857452,0.0812918022274971,0.21176359057426453,0.105466328561306
clip_vit_b_32_linear,translation_16_up,test_01596,1596,0,airplane,0,airplane,0.20485220849514008,True,0.20485220849514008,0.09277620911598206,0.08814110606908798,0.0757983848452568,0.08904293179512024,0.0870070829987526,0.0802207961678505,0.08226592093706131,0.10315236449241638,0.09674305468797684
clip_vit_b_32_linear,translation_16_up,test_03083,3083,0,airplane,0,airplane,0.20759044587612152,True,0.20759044587612152,0.09111591428518295,0.08852297067642212,0.07262393087148666,0.090108223259449,0.08562513440847397,0.09058013558387756,0.07993955910205841,0.09646693617105484,0.09742666035890579
clip_vit_b_32_linear,translation_16_up,test_02003,2003,6,horse,6,horse,0.18154138326644897,True,0.08331666141748428,0.08334480226039886,0.07945847511291504,0.09656412154436111,0.11176683008670807,0.11510544270277023,0.18154138326644897,0.09423625469207764,0.07101523876190186,0.08365092426538467
clip_vit_b_32_linear,translation_16_up,test_05030,5030,2,car,2,car,0.1958155632019043,True,0.10992123931646347,0.08252152055501938,0.1958155632019043,0.0760120302438736,0.07695206999778748,0.0946958139538765,0.09264373779296875,0.07973974943161011,0.09423186630010605,0.0974663570523262
clip_vit_b_32_linear,translation_16_up,test_00095,95,1,bird,1,bird,0.19315843284130096,True,0.08411748707294464,0.19315843284130096,0.07484748959541321,0.09902213513851166,0.10693110525608063,0.09143519401550293,0.07766442000865936,0.13112396001815796,0.07282137125730515,0.06887845695018768
clip_vit_b_32_linear,translation_16_up,test_02757,2757,4,deer,4,deer,0.18345141410827637,True,0.07522106915712357,0.09988804906606674,0.07351527363061905,0.10399985313415527,0.18345141410827637,0.10072693228721619,0.11190502345561981,0.10501578450202942,0.07223007827997208,0.07404642552137375
clip_vit_b_32_linear,translation_16_up,test_03413,3413,1,bird,1,bird,0.20932158827781677,True,0.07744371145963669,0.20932158827781677,0.07481666654348373,0.10767503827810287,0.11989149451255798,0.08649946749210358,0.07860633730888367,0.10647708922624588,0.0749225914478302,0.06434592604637146
clip_vit_b_32_linear,translation_16_up,test_05488,5488,1,bird,7,monkey,0.1256469041109085,False,0.08655773848295212,0.12465471774339676,0.08599613606929779,0.11262493580579758,0.10162433981895447,0.10066121816635132,0.0970972403883934,0.1256469041109085,0.07735852897167206,0.08777830004692078
clip_vit_b_32_linear,translation_16_up,test_04827,4827,6,horse,6,horse,0.1476554572582245,True,0.10059058666229248,0.09244127571582794,0.09744864702224731,0.08868317306041718,0.09404522180557251,0.10808414220809937,0.1476554572582245,0.08427397906780243,0.10165834426879883,0.08511918038129807
clip_vit_b_32_linear,translation_16_up,test_01877,1877,5,dog,5,dog,0.18278393149375916,True,0.0788249671459198,0.09699951857328415,0.07814812660217285,0.11291458457708359,0.10628435760736465,0.18278393149375916,0.1098918616771698,0.09012142568826675,0.0697544515132904,0.07427678257226944
clip_vit_b_32_linear,translation_16_up,test_02157,2157,1,bird,1,bird,0.1793672740459442,True,0.09161271154880524,0.1793672740459442,0.07961020618677139,0.1052384003996849,0.101643867790699,0.09002520889043808,0.08132241666316986,0.11659018695354462,0.07804352790117264,0.07654613256454468
clip_vit_b_32_linear,translation_16_up,test_04821,4821,3,cat,3,cat,0.17142075300216675,True,0.07476487010717392,0.10631237924098969,0.07711046934127808,0.17142075300216675,0.08889123052358627,0.13212163746356964,0.09269975870847702,0.11652776598930359,0.0690896213054657,0.07106158137321472
clip_vit_b_32_linear,translation_16_up,test_04953,4953,5,dog,5,dog,0.15679949522018433,True,0.07481797784566879,0.10522889345884323,0.08614218980073929,0.1250048726797104,0.09354426711797714,0.15679949522018433,0.1066213995218277,0.10281411558389664,0.07798867672681808,0.07103808224201202
clip_vit_b_32_linear,translation_16_up,test_05525,5525,8,ship,8,ship,0.19983218610286713,True,0.11438335478305817,0.07692480832338333,0.09172432124614716,0.08053560554981232,0.08386290073394775,0.08279541879892349,0.08288198709487915,0.07733998447656631,0.19983218610286713,0.10971947759389877
clip_vit_b_32_linear,translation_16_up,test_05381,5381,5,dog,5,dog,0.12628906965255737,True,0.08839759975671768,0.09814876317977905,0.09022057801485062,0.1053200364112854,0.09918145090341568,0.12628906965255737,0.1103115975856781,0.11587724089622498,0.08221089094877243,0.08404272794723511
clip_vit_b_32_linear,translation_16_up,test_00672,672,3,cat,3,cat,0.18233662843704224,True,0.07289208471775055,0.10963422060012817,0.07462219148874283,0.18233662843704224,0.12422310560941696,0.09156925231218338,0.08267398178577423,0.12978582084178925,0.06341395527124405,0.06884881108999252
clip_vit_b_32_linear,translation_16_up,test_00323,323,7,monkey,7,monkey,0.1885475218296051,True,0.07502886652946472,0.10978496074676514,0.0785265639424324,0.12769927084445953,0.10775596648454666,0.0960443764925003,0.08551923930644989,0.1885475218296051,0.06791448593139648,0.06317880749702454
clip_vit_b_32_linear,translation_16_up,test_05436,5436,7,monkey,7,monkey,0.18384604156017303,True,0.07834139466285706,0.12068210542201996,0.07140395045280457,0.11337871849536896,0.11685711145401001,0.08677612990140915,0.09281932562589645,0.18384604156017303,0.0676514282822609,0.06824379414319992
clip_vit_b_32_linear,translation_16_up,test_05450,5450,7,monkey,7,monkey,0.20992761850357056,True,0.07435865700244904,0.12377627193927765,0.0688462108373642,0.11712836474180222,0.09832274913787842,0.09358134865760803,0.08576608449220657,0.20992761850357056,0.0676766186952591,0.06061617285013199
clip_vit_b_32_linear,translation_16_up,test_06358,6358,5,dog,5,dog,0.15497320890426636,True,0.07922626286745071,0.09064832329750061,0.08629262447357178,0.1130334734916687,0.10199283063411713,0.15497320890426636,0.10799431800842285,0.10558527708053589,0.07803042232990265,0.08222336322069168
clip_vit_b_32_linear,translation_16_up,test_00372,372,3,cat,3,cat,0.18152467906475067,True,0.0735100656747818,0.09416858851909637,0.08125665038824081,0.18152467906475067,0.09195650368928909,0.13212229311466217,0.09617915004491806,0.10381171852350235,0.0706033855676651,0.07486702501773834
clip_vit_b_32_linear,translation_16_up,test_00378,378,5,dog,5,dog,0.18031680583953857,True,0.07579527050256729,0.09238812327384949,0.08138727396726608,0.12225381284952164,0.09099343419075012,0.18031680583953857,0.10814593732357025,0.09699174761772156,0.07557722926139832,0.07615038007497787
clip_vit_b_32_linear,translation_16_up,test_07706,7706,5,dog,5,dog,0.1472570300102234,True,0.08339761942625046,0.09420278668403625,0.09273193776607513,0.10917976498603821,0.09471425414085388,0.1472570300102234,0.11426098644733429,0.0985255092382431,0.07581217586994171,0.08991796523332596
clip_vit_b_32_linear,translation_16_up,test_02178,2178,1,bird,1,bird,0.15174391865730286,True,0.09303180873394012,0.15174391865730286,0.07985108345746994,0.09808003157377243,0.10910402238368988,0.10340094566345215,0.0956645980477333,0.0921650305390358,0.09624386578798294,0.08071456849575043
clip_vit_b_32_linear,translation_16_up,test_05237,5237,2,car,2,car,0.16175022721290588,True,0.10968367755413055,0.0821487158536911,0.16175022721290588,0.07671666145324707,0.08382228761911392,0.08657296001911163,0.09670712053775787,0.08853539079427719,0.0946369618177414,0.11942604929208755
clip_vit_b_32_linear,translation_16_up,test_05478,5478,0,airplane,0,airplane,0.16349610686302185,True,0.16349610686302185,0.08959592878818512,0.09740932285785675,0.07679107040166855,0.09358582645654678,0.08856958150863647,0.08481615781784058,0.08672936260700226,0.11128026992082596,0.10772644728422165
clip_vit_b_32_linear,translation_16_up,test_05452,5452,9,truck,9,truck,0.15261253714561462,True,0.10426545888185501,0.0813644677400589,0.10404005646705627,0.0817071944475174,0.08506180346012115,0.08999010920524597,0.09517966955900192,0.08747470378875732,0.11830402165651321,0.15261253714561462
clip_vit_b_32_linear,translation_16_up,test_05623,5623,4,deer,4,deer,0.20082172751426697,True,0.08091223984956741,0.11387825757265091,0.07098817825317383,0.0992041528224945,0.20082172751426697,0.09449003636837006,0.09589235484600067,0.09644433856010437,0.07116576284170151,0.07620297372341156
clip_vit_b_32_linear,translation_16_up,test_06772,6772,7,monkey,7,monkey,0.15604524314403534,True,0.083925262093544,0.10663902014493942,0.0739990621805191,0.12680137157440186,0.1154065802693367,0.09460598975419998,0.09231702983379364,0.15604524314403534,0.07156668603420258,0.078693687915802
clip_vit_b_32_linear,translation_16_up,test_01111,1111,4,deer,4,deer,0.2151220738887787,True,0.07807107269763947,0.10377167910337448,0.07067879289388657,0.08940759301185608,0.2151220738887787,0.09095745533704758,0.10778854042291641,0.09249432384967804,0.07771795243024826,0.07399043440818787
clip_vit_b_32_linear,translation_16_up,test_05528,5528,3,cat,3,cat,0.1609301120042801,True,0.0804782435297966,0.09082401543855667,0.08917096257209778,0.1609301120042801,0.08683603256940842,0.13950581848621368,0.10106107592582703,0.09887655824422836,0.07701028883457184,0.07530699670314789
clip_vit_b_32_linear,translation_16_up,test_03777,3777,6,horse,6,horse,0.1910347044467926,True,0.07398153841495514,0.08926664292812347,0.0819334164261818,0.10226109623908997,0.11097755283117294,0.11436251550912857,0.1910347044467926,0.08714207261800766,0.07302632927894592,0.07601408660411835
clip_vit_b_32_linear,translation_16_up,test_02458,2458,5,dog,5,dog,0.17852893471717834,True,0.07308080792427063,0.09615031629800797,0.07530582696199417,0.11840777844190598,0.0998285785317421,0.17852893471717834,0.12354204803705215,0.08992130309343338,0.07139424234628677,0.07384023070335388
clip_vit_b_32_linear,translation_16_up,test_04921,4921,2,car,2,car,0.15312489867210388,True,0.10725606977939606,0.08569744229316711,0.15312489867210388,0.08855926245450974,0.08154254406690598,0.0889768972992897,0.0885351151227951,0.10126810520887375,0.09506352990865707,0.10997618734836578
clip_vit_b_32_linear,translation_16_up,test_03015,3015,8,ship,8,ship,0.21124322712421417,True,0.10835374891757965,0.07796908915042877,0.08367671817541122,0.07049340754747391,0.08066579699516296,0.07891950756311417,0.07961460947990417,0.07512397319078445,0.21124322712421417,0.1339399665594101
clip_vit_b_32_linear,translation_16_up,test_07476,7476,8,ship,8,ship,0.15277011692523956,True,0.1175040751695633,0.09024938941001892,0.10372697561979294,0.0817999467253685,0.08679939806461334,0.08870097249746323,0.09785039722919464,0.08054815232753754,0.15277011692523956,0.10005062073469162
clip_vit_b_32_linear,translation_16_up,test_01520,1520,2,car,2,car,0.1470721811056137,True,0.10707637667655945,0.09301280975341797,0.1470721811056137,0.08658468723297119,0.08330295979976654,0.09208063781261444,0.0987822487950325,0.08509983122348785,0.09079079329967499,0.11619745194911957
clip_vit_b_32_linear,translation_16_up,test_06713,6713,6,horse,6,horse,0.17922097444534302,True,0.08761794865131378,0.08360698074102402,0.08907800912857056,0.08827312290668488,0.0998888611793518,0.10281481593847275,0.17922097444534302,0.09620831161737442,0.07779047638177872,0.09550059586763382
clip_vit_b_32_linear,translation_16_up,test_01852,1852,1,bird,1,bird,0.20086446404457092,True,0.08206743001937866,0.20086446404457092,0.06955310702323914,0.10810750722885132,0.11969319730997086,0.08883589506149292,0.0797395184636116,0.10630930960178375,0.07496529072523117,0.06986422836780548
clip_vit_b_32_linear,translation_16_up,test_02268,2268,5,dog,5,dog,0.18773376941680908,True,0.0781409963965416,0.09078515321016312,0.08607345074415207,0.1194680705666542,0.08728046715259552,0.18773376941680908,0.10098987817764282,0.09232661128044128,0.0766305923461914,0.08057107031345367
clip_vit_b_32_linear,translation_16_up,test_00151,151,8,ship,8,ship,0.2043885886669159,True,0.11520757526159286,0.08456934988498688,0.08394705504179001,0.07364321500062943,0.08024991303682327,0.07913834601640701,0.08054625242948532,0.07799775898456573,0.2043885886669159,0.1203119307756424
clip_vit_b_32_linear,translation_16_up,test_00890,890,6,horse,6,horse,0.15946902334690094,True,0.07493405044078827,0.09118694067001343,0.07561302185058594,0.09303409606218338,0.12458602339029312,0.10604633390903473,0.15946902334690094,0.09470101445913315,0.0874616950750351,0.09296787530183792
clip_vit_b_32_linear,translation_16_up,test_00825,825,1,bird,1,bird,0.14953027665615082,True,0.10960526764392853,0.14953027665615082,0.07322108000516891,0.09415654093027115,0.11371465027332306,0.09530515968799591,0.09125684201717377,0.10245268791913986,0.08812093734741211,0.08263658732175827
clip_vit_b_32_linear,translation_16_up,test_02536,2536,3,cat,3,cat,0.18139001727104187,True,0.07052179425954819,0.11008268594741821,0.0706108808517456,0.18139001727104187,0.1225721463561058,0.09822104871273041,0.08501001447439194,0.12922832369804382,0.06736375391483307,0.06499932706356049
clip_vit_b_32_linear,translation_16_up,test_00470,470,2,car,2,car,0.1884317249059677,True,0.11411450803279877,0.08760671317577362,0.1884317249059677,0.0771510973572731,0.07624837756156921,0.09649871289730072,0.09424866735935211,0.08191604912281036,0.09167911112308502,0.09210503101348877
clip_vit_b_32_linear,translation_16_up,test_05256,5256,1,bird,1,bird,0.16314391791820526,True,0.08463599532842636,0.16314391791820526,0.08194049447774887,0.11463670432567596,0.09727858752012253,0.10457147657871246,0.09276244789361954,0.11317805200815201,0.07181403040885925,0.07603821903467178
clip_vit_b_32_linear,translation_16_up,test_02011,2011,9,truck,9,truck,0.16889236867427826,True,0.09926248341798782,0.07983633875846863,0.1056426540017128,0.0790504664182663,0.0859982892870903,0.08592960238456726,0.08988567441701889,0.08066359162330627,0.12483855336904526,0.16889236867427826
clip_vit_b_32_linear,translation_16_up,test_07150,7150,0,airplane,0,airplane,0.2127068191766739,True,0.2127068191766739,0.09287813305854797,0.09501771628856659,0.07550429552793503,0.08629606664180756,0.08233217149972916,0.07653138041496277,0.08531095832586288,0.09697160124778748,0.09645091742277145
clip_vit_b_32_linear,translation_16_up,test_00449,449,6,horse,6,horse,0.16532137989997864,True,0.07903844118118286,0.09259110689163208,0.08648653328418732,0.09240616858005524,0.1101972758769989,0.10971525311470032,0.16532137989997864,0.08789757639169693,0.08730383962392807,0.08904242515563965
clip_vit_b_32_linear,translation_16_up,test_02704,2704,4,deer,4,deer,0.19559982419013977,True,0.07249589264392853,0.11916183680295944,0.06622529029846191,0.11164125800132751,0.19559982419013977,0.09195082634687424,0.09874138236045837,0.10677026957273483,0.0700579285621643,0.06735555082559586
clip_vit_b_32_linear,translation_16_up,test_03437,3437,0,airplane,0,airplane,0.16630755364894867,True,0.16630755364894867,0.09600775688886642,0.09764139354228973,0.08060072362422943,0.1006491407752037,0.08547959476709366,0.08228699862957001,0.08316245675086975,0.10954879969358444,0.09831561148166656
clip_vit_b_32_linear,translation_16_up,test_03375,3375,3,cat,3,cat,0.16810043156147003,True,0.07495208829641342,0.10253340750932693,0.07200922816991806,0.16810043156147003,0.11683673411607742,0.10478135943412781,0.09176778048276901,0.13177914917469025,0.06754745543003082,0.0696924477815628
clip_vit_b_32_linear,translation_16_up,test_04552,4552,8,ship,8,ship,0.20029282569885254,True,0.11423369497060776,0.07706133276224136,0.09334346652030945,0.07482846081256866,0.08248602598905563,0.0814371183514595,0.07338640838861465,0.06806667149066925,0.20029282569885254,0.13486400246620178
clip_vit_b_32_linear,translation_16_up,test_00920,920,6,horse,6,horse,0.18008655309677124,True,0.07804353535175323,0.09246115386486053,0.08264882862567902,0.09736919403076172,0.10994050651788712,0.11446035653352737,0.18008655309677124,0.0867447629570961,0.08117938786745071,0.07706571370363235
clip_vit_b_32_linear,translation_16_up,test_02242,2242,0,airplane,0,airplane,0.1913823038339615,True,0.1913823038339615,0.09211347997188568,0.09876486659049988,0.07845558226108551,0.08617246150970459,0.08697719126939774,0.08773041516542435,0.08017479628324509,0.09994614869356155,0.09828267991542816
clip_vit_b_32_linear,translation_16_up,test_02745,2745,8,ship,8,ship,0.21822598576545715,True,0.11174178123474121,0.0754321739077568,0.08833714574575424,0.07121807336807251,0.07607713341712952,0.07756714522838593,0.07716010510921478,0.07368796318769455,0.21822598576545715,0.1305525153875351
clip_vit_b_32_linear,translation_16_up,test_01032,1032,7,monkey,7,monkey,0.19068701565265656,True,0.08283906430006027,0.11303509771823883,0.07062682509422302,0.12090539187192917,0.10764080286026001,0.08454985171556473,0.08174248784780502,0.19068701565265656,0.07763951271772385,0.07033391296863556
clip_vit_b_32_linear,translation_16_up,test_00365,365,3,cat,3,cat,0.16536426544189453,True,0.07815255224704742,0.0955204889178276,0.08412501215934753,0.16536426544189453,0.08936562389135361,0.14039380848407745,0.09923072904348373,0.09713810682296753,0.07436207681894302,0.07634732127189636
clip_vit_b_32_linear,translation_16_up,test_04850,4850,5,dog,5,dog,0.18360820412635803,True,0.07437004148960114,0.09592583775520325,0.0762820690870285,0.12517444789409637,0.09827979654073715,0.18360820412635803,0.10732463747262955,0.09823067486286163,0.07080835103988647,0.06999585777521133
clip_vit_b_32_linear,translation_16_up,test_04819,4819,0,airplane,0,airplane,0.19309233129024506,True,0.19309233129024506,0.09677798300981522,0.10025478899478912,0.07678376138210297,0.07638390362262726,0.0847378522157669,0.08889874815940857,0.08522863686084747,0.09837719053030014,0.0994647815823555
clip_vit_b_32_linear,translation_16_up,test_07338,7338,6,horse,6,horse,0.17476119101047516,True,0.09127035737037659,0.08806926757097244,0.09085404872894287,0.0972873643040657,0.10473969578742981,0.10993403941392899,0.17476119101047516,0.08587798476219177,0.07682225853204727,0.08038374781608582
clip_vit_b_32_linear,translation_16_up,test_07372,7372,0,airplane,0,airplane,0.18435406684875488,True,0.18435406684875488,0.0947394073009491,0.09043324738740921,0.07890815287828445,0.08552512526512146,0.08644534647464752,0.07733717560768127,0.09063795208930969,0.11066513508558273,0.10095438361167908
clip_vit_b_32_linear,translation_16_up,test_01090,1090,1,bird,1,bird,0.15095844864845276,True,0.11164094507694244,0.15095844864845276,0.07705355435609818,0.10211867094039917,0.10682014375925064,0.08908908814191818,0.09359705448150635,0.10409043729305267,0.08098163455724716,0.08365000784397125
clip_vit_b_32_linear,translation_16_up,test_05062,5062,4,deer,4,deer,0.18962997198104858,True,0.07598390430212021,0.11919081211090088,0.06818447262048721,0.11077508330345154,0.18962997198104858,0.09197355806827545,0.09933799505233765,0.10446110367774963,0.06904874742031097,0.07141436636447906
clip_vit_b_32_linear,translation_16_up,test_00981,981,2,car,2,car,0.16976548731327057,True,0.10343797504901886,0.09245748072862625,0.16976548731327057,0.0872553288936615,0.08996698260307312,0.08541398495435715,0.0845278650522232,0.09088833630084991,0.08900755643844604,0.10727900266647339
clip_vit_b_32_linear,translation_16_up,test_05857,5857,6,horse,6,horse,0.15364550054073334,True,0.0913044735789299,0.09724452346563339,0.0874684751033783,0.0866241380572319,0.11060889065265656,0.10674908757209778,0.15364550054073334,0.08716428279876709,0.08910433948040009,0.09008623659610748
clip_vit_b_32_linear,translation_16_up,test_01986,1986,1,bird,1,bird,0.14180238544940948,True,0.07629198580980301,0.14180238544940948,0.08171162754297256,0.10306593030691147,0.11329922080039978,0.10751039534807205,0.10973004996776581,0.10644817352294922,0.07678010314702988,0.08336015045642853
clip_vit_b_32_linear,translation_16_up,test_05560,5560,1,bird,1,bird,0.15132489800453186,True,0.0830448716878891,0.15132489800453186,0.07692719250917435,0.12057606130838394,0.08840925991535187,0.10819115489721298,0.09853881597518921,0.12878945469856262,0.07025929540395737,0.07393894344568253
clip_vit_b_32_linear,translation_16_up,test_01814,1814,2,car,2,car,0.1635589897632599,True,0.10783913731575012,0.08432792127132416,0.1635589897632599,0.08602666854858398,0.08478039503097534,0.087739497423172,0.09935324639081955,0.0822218582034111,0.09063878655433655,0.11351349949836731
clip_vit_b_32_linear,translation_16_up,test_00194,194,8,ship,8,ship,0.21758028864860535,True,0.11118263006210327,0.07663267105817795,0.08482123911380768,0.07015120983123779,0.07906527817249298,0.07765939086675644,0.07966562360525131,0.0719345286488533,0.21758028864860535,0.13130709528923035
clip_vit_b_32_linear,translation_16_up,test_01993,1993,1,bird,1,bird,0.2037554383277893,True,0.08892669528722763,0.2037554383277893,0.07260957360267639,0.097202368080616,0.11477632820606232,0.08829201012849808,0.07855705171823502,0.10948273539543152,0.07460043579339981,0.07179734855890274
clip_vit_b_32_linear,translation_16_up,test_05333,5333,2,car,2,car,0.17686830461025238,True,0.1027180552482605,0.08419279754161835,0.17686830461025238,0.0851614773273468,0.0812004879117012,0.0860738679766655,0.09181888401508331,0.08255916088819504,0.09442848712205887,0.11497850716114044
clip_vit_b_32_linear,translation_16_up,test_04311,4311,8,ship,8,ship,0.22017857432365417,True,0.11192312091588974,0.0777701586484909,0.08301237970590591,0.07061005383729935,0.08315453678369522,0.07678524404764175,0.0785694420337677,0.07285545021295547,0.22017857432365417,0.12514100968837738
clip_vit_b_32_linear,translation_16_up,test_07425,7425,2,car,2,car,0.19496510922908783,True,0.10414834320545197,0.0814150869846344,0.19496510922908783,0.08057229220867157,0.07830093055963516,0.08842863887548447,0.08470113575458527,0.0908026397228241,0.09386024624109268,0.10280559211969376
clip_vit_b_32_linear,translation_16_up,test_03889,3889,5,dog,5,dog,0.17625311017036438,True,0.07527825981378555,0.09170356392860413,0.07182551175355911,0.12445400655269623,0.09588196128606796,0.17625311017036438,0.10467728227376938,0.10063987225294113,0.07851298898458481,0.08077345043420792
clip_vit_b_32_linear,translation_16_up,test_04308,4308,7,monkey,7,monkey,0.14639952778816223,True,0.09082768857479095,0.10518348962068558,0.08750152587890625,0.11170191317796707,0.10701202601194382,0.08931467682123184,0.09160198271274567,0.14639952778816223,0.08127197623252869,0.0891851931810379
clip_vit_b_32_linear,translation_16_up,test_01960,1960,4,deer,4,deer,0.19042696058750153,True,0.07962556183338165,0.10783149302005768,0.06876775622367859,0.10643921792507172,0.19042696058750153,0.10669545084238052,0.10199159383773804,0.09754917770624161,0.068232960999012,0.07243981212377548
clip_vit_b_32_linear,translation_16_up,test_04399,4399,0,airplane,0,airplane,0.17907683551311493,True,0.17907683551311493,0.09489640593528748,0.10807419568300247,0.07886245846748352,0.08828461170196533,0.08551200479269028,0.08605770766735077,0.09142289310693741,0.09569691121578217,0.09211587905883789
clip_vit_b_32_linear,translation_16_up,test_03191,3191,6,horse,6,horse,0.1708451360464096,True,0.0836014673113823,0.0898938700556755,0.08371641486883163,0.0891648530960083,0.10884787887334824,0.10716884583234787,0.1708451360464096,0.09588676691055298,0.07586205750703812,0.09501270204782486
clip_vit_b_32_linear,translation_16_up,test_01626,1626,5,dog,5,dog,0.1769806146621704,True,0.07624931633472443,0.09527956694364548,0.08468686789274216,0.11495465040206909,0.093623086810112,0.1769806146621704,0.1152462437748909,0.09667637199163437,0.07182302325963974,0.07448027282953262
clip_vit_b_32_linear,translation_16_up,test_00176,176,3,cat,3,cat,0.19727519154548645,True,0.06885812431573868,0.10594762861728668,0.07448804378509521,0.19727519154548645,0.09977228939533234,0.10318289697170258,0.08607997745275497,0.13113364577293396,0.06946210563182831,0.06380024552345276
clip_vit_b_32_linear,translation_16_up,test_07726,7726,6,horse,6,horse,0.20123504102230072,True,0.07486694306135178,0.0876908004283905,0.0854371190071106,0.09910577535629272,0.09454216808080673,0.12043458223342896,0.20123504102230072,0.09097116440534592,0.06924694776535034,0.07646956294775009
clip_vit_b_32_linear,translation_16_up,test_02334,2334,5,dog,5,dog,0.1892063021659851,True,0.07774724066257477,0.09186730533838272,0.07762125879526138,0.12499876320362091,0.09467114508152008,0.1892063021659851,0.10794328153133392,0.09852134436368942,0.06562622636556625,0.07179717719554901
clip_vit_b_32_linear,translation_16_up,test_01648,1648,0,airplane,0,airplane,0.188007652759552,True,0.188007652759552,0.09262458235025406,0.09061981737613678,0.07360417395830154,0.08661937713623047,0.08818268775939941,0.07899810373783112,0.0847121849656105,0.1099497452378273,0.10668168216943741
clip_vit_b_32_linear,translation_16_up,test_06084,6084,7,monkey,7,monkey,0.189052551984787,True,0.083058662712574,0.11739904433488846,0.07634662091732025,0.11511196196079254,0.10394883155822754,0.08467961102724075,0.0817946195602417,0.189052551984787,0.07831714302301407,0.07029086351394653
clip_vit_b_32_linear,translation_16_up,test_03455,3455,0,airplane,0,airplane,0.19022542238235474,True,0.19022542238235474,0.09853315353393555,0.0952930673956871,0.07096060365438461,0.08922460675239563,0.08739744871854782,0.08020996302366257,0.08076994121074677,0.10261159390211105,0.10477427393198013
clip_vit_b_32_linear,translation_16_up,test_01468,1468,9,truck,9,truck,0.14813624322414398,True,0.1144915521144867,0.07847625017166138,0.11557416617870331,0.08432530611753464,0.08244094997644424,0.09312427043914795,0.09500306844711304,0.08350271731615067,0.10492540895938873,0.14813624322414398
clip_vit_b_32_linear,translation_16_up,test_01296,1296,7,monkey,7,monkey,0.1513994187116623,True,0.08418624103069305,0.13195227086544037,0.07265891134738922,0.12860490381717682,0.10699670016765594,0.09410636126995087,0.08020909130573273,0.1513994187116623,0.07560328394174576,0.07428286224603653
clip_vit_b_32_linear,translation_16_up,test_05213,5213,4,deer,4,deer,0.20000873506069183,True,0.07923424988985062,0.11075582355260849,0.06827456504106522,0.09592906385660172,0.20000873506069183,0.08703659474849701,0.1075056791305542,0.10097698122262955,0.0777677372097969,0.07251059263944626
clip_vit_b_32_linear,translation_16_up,test_07047,7047,9,truck,9,truck,0.18348011374473572,True,0.09865742176771164,0.08060642331838608,0.10122152417898178,0.0754757821559906,0.08299446851015091,0.08518566936254501,0.09367827326059341,0.07293287664651871,0.12576749920845032,0.18348011374473572
clip_vit_b_32_linear,translation_16_up,test_05360,5360,9,truck,9,truck,0.16126810014247894,True,0.11312536150217056,0.07886336743831635,0.11755205690860748,0.07983244210481644,0.07981983572244644,0.09168914705514908,0.09510035067796707,0.07840070873498917,0.1043485552072525,0.16126810014247894
clip_vit_b_32_linear,translation_16_up,test_05824,5824,2,car,2,car,0.14370907843112946,True,0.10582267493009567,0.09376326948404312,0.14370907843112946,0.08281528204679489,0.08776150643825531,0.09021817147731781,0.09105176478624344,0.09132686257362366,0.10071275383234024,0.11281857639551163
clip_vit_b_32_linear,translation_16_up,test_07460,7460,8,ship,8,ship,0.17693045735359192,True,0.1084313914179802,0.08090664446353912,0.09864448755979538,0.0800739973783493,0.08482706546783447,0.08781708776950836,0.08684730529785156,0.07701074331998825,0.17693045735359192,0.11851076036691666
clip_vit_b_32_linear,translation_16_up,test_04791,4791,7,monkey,7,monkey,0.19393157958984375,True,0.076454758644104,0.11562930047512054,0.07931535691022873,0.11813509464263916,0.10745454579591751,0.08922772109508514,0.08028761297464371,0.19393157958984375,0.06655385345220566,0.07301021367311478
clip_vit_b_32_linear,translation_16_up,test_06692,6692,2,car,2,car,0.16620326042175293,True,0.10691890120506287,0.09118840098381042,0.16620326042175293,0.08149037510156631,0.07853269577026367,0.09330449998378754,0.0916164368391037,0.07774214446544647,0.09563988447189331,0.11736340820789337
clip_vit_b_32_linear,translation_16_up,test_06931,6931,9,truck,9,truck,0.15281341969966888,True,0.11885902285575867,0.08889415115118027,0.09272067993879318,0.08603634685277939,0.09022106975317001,0.08892592042684555,0.09415000677108765,0.0822170302271843,0.10516224801540375,0.15281341969966888
clip_vit_b_32_linear,translation_16_up,test_00667,667,8,ship,8,ship,0.19681647419929504,True,0.12120124697685242,0.08462004363536835,0.08049994707107544,0.07702065259218216,0.08865997195243835,0.0829692855477333,0.07927283644676208,0.07394572347402573,0.19681647419929504,0.11499381810426712
clip_vit_b_32_linear,translation_16_up,test_07781,7781,6,horse,6,horse,0.1832529902458191,True,0.07103682309389114,0.09644422680139542,0.08227334916591644,0.09846967458724976,0.10870961844921112,0.10987643897533417,0.1832529902458191,0.10491905361413956,0.07307961583137512,0.07193820923566818
clip_vit_b_32_linear,translation_16_up,test_07793,7793,3,cat,3,cat,0.15034277737140656,True,0.08310416340827942,0.09005986154079437,0.08886008709669113,0.15034277737140656,0.09082736819982529,0.14055371284484863,0.10099352151155472,0.10217637568712234,0.07542847096920013,0.07765376567840576
clip_vit_b_32_linear,translation_16_up,test_01411,1411,9,truck,9,truck,0.18995991349220276,True,0.10458265244960785,0.07660070806741714,0.10175356268882751,0.07282838970422745,0.08391376584768295,0.08183380961418152,0.08863559365272522,0.07125111669301987,0.12864044308662415,0.18995991349220276
clip_vit_b_32_linear,translation_16_up,test_01473,1473,7,monkey,7,monkey,0.19699396193027496,True,0.0749526396393776,0.11679338663816452,0.07941427826881409,0.11321350932121277,0.1009659543633461,0.09250196069478989,0.08498690277338028,0.19699396193027496,0.0734502524137497,0.06672712415456772
clip_vit_b_32_linear,translation_16_up,test_07130,7130,5,dog,5,dog,0.1798313856124878,True,0.0814727395772934,0.10068918764591217,0.08458022773265839,0.1145365759730339,0.09772458672523499,0.1798313856124878,0.10705811530351639,0.08608772605657578,0.07125694304704666,0.07676264643669128
clip_vit_b_32_linear,translation_16_up,test_01956,1956,7,monkey,7,monkey,0.14368243515491486,True,0.07445478439331055,0.1052955910563469,0.07033710926771164,0.13925763964653015,0.11196238547563553,0.1097552701830864,0.09194812178611755,0.14368243515491486,0.0738636702299118,0.07944292575120926
clip_vit_b_32_linear,translation_16_up,test_06716,6716,5,dog,5,dog,0.1325741857290268,True,0.0733967050909996,0.10488739609718323,0.09247186034917831,0.12017444521188736,0.10025843977928162,0.1325741857290268,0.10319894552230835,0.1118364930152893,0.08057147264480591,0.08063008636236191
clip_vit_b_32_linear,translation_16_up,test_04106,4106,5,dog,5,dog,0.1653979867696762,True,0.07993558794260025,0.09602784365415573,0.08337415009737015,0.11748246103525162,0.10354975610971451,0.1653979867696762,0.10953810811042786,0.09578884392976761,0.07182851433753967,0.07707665860652924
clip_vit_b_32_linear,translation_16_up,test_03494,3494,6,horse,6,horse,0.19715598225593567,True,0.0864892229437828,0.08295825868844986,0.09499987959861755,0.09388597309589386,0.09423757344484329,0.11526410281658173,0.19715598225593567,0.08011279255151749,0.07513729482889175,0.07975886762142181
clip_vit_b_32_linear,translation_16_up,test_00691,691,4,deer,4,deer,0.19739104807376862,True,0.07590103894472122,0.11335498094558716,0.07507884502410889,0.1023176982998848,0.19739104807376862,0.09163706004619598,0.09519875794649124,0.09387794882059097,0.07929837703704834,0.0759441927075386
clip_vit_b_32_linear,translation_16_up,test_05220,5220,1,bird,7,monkey,0.11273366957902908,False,0.1039525642991066,0.11098853498697281,0.09717206656932831,0.1058402732014656,0.09276249259710312,0.10167329758405685,0.08959702402353287,0.11273366957902908,0.09086134284734726,0.09441875666379929
clip_vit_b_32_linear,translation_16_up,test_04908,4908,3,cat,3,cat,0.19276441633701324,True,0.07484833151102066,0.09715449810028076,0.07862857729196548,0.19276441633701324,0.09221217036247253,0.13436754047870636,0.09144988656044006,0.10441030561923981,0.0654669851064682,0.06869733333587646
clip_vit_b_32_linear,translation_16_up,test_07029,7029,1,bird,1,bird,0.19437956809997559,True,0.08142837136983871,0.19437956809997559,0.07203125208616257,0.10315585136413574,0.10679904371500015,0.09264040738344193,0.07737427949905396,0.1307670772075653,0.07209743559360504,0.06932661682367325
clip_vit_b_32_linear,translation_16_up,test_04130,4130,0,airplane,0,airplane,0.18259917199611664,True,0.18259917199611664,0.09304561465978622,0.10438544303178787,0.07833477854728699,0.08143337815999985,0.09082185477018356,0.08628420531749725,0.08408936858177185,0.09790398180484772,0.10110222548246384
clip_vit_b_32_linear,translation_16_up,test_07938,7938,9,truck,9,truck,0.17390260100364685,True,0.09910512715578079,0.08573286980390549,0.0985778421163559,0.08092934638261795,0.087432362139225,0.08511432260274887,0.09255701303482056,0.08577974140644073,0.11086879670619965,0.17390260100364685
clip_vit_b_32_linear,translation_16_up,test_05101,5101,5,dog,5,dog,0.16762299835681915,True,0.0823511928319931,0.0964081808924675,0.1061885729432106,0.10641233623027802,0.08953861147165298,0.16762299835681915,0.10612233728170395,0.09129935503005981,0.07035217434167862,0.08370420336723328
clip_vit_b_32_linear,translation_16_up,test_01515,1515,9,truck,9,truck,0.1813327670097351,True,0.10210154950618744,0.08057692646980286,0.11361725628376007,0.07406295090913773,0.08194046467542648,0.0830656886100769,0.09241175651550293,0.0738508477807045,0.1170397624373436,0.1813327670097351
clip_vit_b_32_linear,translation_16_up,test_03287,3287,4,deer,4,deer,0.20451568067073822,True,0.0763070359826088,0.10421650856733322,0.07618784159421921,0.0916140228509903,0.20451568067073822,0.08864782750606537,0.10696331411600113,0.09510989487171173,0.0786774605512619,0.07776044309139252
clip_vit_b_32_linear,translation_16_up,test_00716,716,8,ship,8,ship,0.19803369045257568,True,0.11425529420375824,0.08075183629989624,0.08068643510341644,0.07490650564432144,0.08128954470157623,0.07857783883810043,0.08658561110496521,0.07838055491447449,0.19803369045257568,0.12653277814388275
clip_vit_b_32_linear,translation_16_up,test_04236,4236,7,monkey,7,monkey,0.19594715535640717,True,0.07896991819143295,0.1139935702085495,0.07488447427749634,0.11491784453392029,0.10252782702445984,0.09086652100086212,0.08593994379043579,0.19594715535640717,0.07246309518814087,0.06948971003293991
clip_vit_b_32_linear,translation_16_up,test_05408,5408,6,horse,6,horse,0.1632705181837082,True,0.0737752914428711,0.10390825569629669,0.07683710753917694,0.10384020954370499,0.12491808086633682,0.10713525861501694,0.1632705181837082,0.09746470302343369,0.0762689933180809,0.07258154451847076
clip_vit_b_32_linear,translation_16_up,test_05496,5496,5,dog,5,dog,0.1689610481262207,True,0.07988769561052322,0.09819449484348297,0.09289099276065826,0.11894084513187408,0.08516660332679749,0.1689610481262207,0.10252578556537628,0.10455713421106339,0.07640267163515091,0.0724727213382721
clip_vit_b_32_linear,translation_16_up,test_03365,3365,4,deer,4,deer,0.1649695187807083,True,0.08816362172365189,0.09945610910654068,0.08011149615049362,0.09719494730234146,0.1649695187807083,0.10856878012418747,0.10131915658712387,0.0965985506772995,0.07571300864219666,0.08790482580661774
clip_vit_b_32_linear,translation_16_up,test_04323,4323,3,cat,3,cat,0.15094171464443207,True,0.08424041420221329,0.08930652588605881,0.08825965225696564,0.15094171464443207,0.08426553755998611,0.14130441844463348,0.10466080158948898,0.09829472005367279,0.07723627984523773,0.08148995041847229
clip_vit_b_32_linear,translation_16_up,test_05467,5467,4,deer,4,deer,0.1926063448190689,True,0.07836143672466278,0.10663271695375443,0.07318105548620224,0.09579312056303024,0.1926063448190689,0.0902499184012413,0.10270757973194122,0.10496919602155685,0.07605947554111481,0.07943908125162125
clip_vit_b_32_linear,translation_16_up,test_01644,1644,5,dog,5,dog,0.17999428510665894,True,0.07871279865503311,0.10219673067331314,0.08505727350711823,0.12037915736436844,0.09276784956455231,0.17999428510665894,0.09715094417333603,0.09305333346128464,0.07255594432353973,0.07813168317079544
clip_vit_b_32_linear,translation_16_up,test_03948,3948,8,ship,8,ship,0.1950482875108719,True,0.11454473435878754,0.07925122231245041,0.09192413836717606,0.07572051882743835,0.08934109658002853,0.08149749785661697,0.08065719902515411,0.08300180733203888,0.1950482875108719,0.10901346057653427
clip_vit_b_32_linear,translation_16_up,test_06726,6726,7,monkey,7,monkey,0.16552573442459106,True,0.08083350956439972,0.11454778909683228,0.07604872435331345,0.12465796619653702,0.11710765957832336,0.10152003169059753,0.08236629515886307,0.16552573442459106,0.06806362420320511,0.06932860612869263
clip_vit_b_32_linear,translation_16_up,test_05395,5395,2,car,2,car,0.1861092448234558,True,0.09680807590484619,0.08384668827056885,0.1861092448234558,0.08726561814546585,0.08534669876098633,0.08577392250299454,0.08265767246484756,0.08949042856693268,0.09390723705291748,0.10879435390233994
clip_vit_b_32_linear,translation_16_up,test_01579,1579,7,monkey,7,monkey,0.17103911936283112,True,0.08303607255220413,0.10554926097393036,0.08275146037340164,0.12510816752910614,0.09902852028608322,0.10109386593103409,0.09706123173236847,0.17103911936283112,0.06484641134738922,0.07048580795526505
clip_vit_b_32_linear,translation_16_up,test_05918,5918,0,airplane,0,airplane,0.20559045672416687,True,0.20559045672416687,0.09596482664346695,0.10048463195562363,0.07560798525810242,0.08024221658706665,0.08251210302114487,0.07773743569850922,0.08209313452243805,0.10480249673128128,0.09496469795703888
clip_vit_b_32_linear,translation_16_up,test_07041,7041,5,dog,5,dog,0.14564885199069977,True,0.07634053379297256,0.08963023126125336,0.08339133858680725,0.11507418751716614,0.1030048131942749,0.14564885199069977,0.1157585009932518,0.102047860622406,0.08327652513980865,0.08582709729671478
clip_vit_b_32_linear,translation_16_up,test_00506,506,4,deer,4,deer,0.1755017787218094,True,0.08066779375076294,0.10785708576440811,0.0725678876042366,0.10818013548851013,0.1755017787218094,0.0986863300204277,0.09527169913053513,0.10333923995494843,0.0768696591258049,0.08105848729610443
clip_vit_b_32_linear,translation_16_up,test_04011,4011,6,horse,6,horse,0.1937890648841858,True,0.0894981399178505,0.08416185528039932,0.0930633544921875,0.08949398249387741,0.09335623681545258,0.1111460030078888,0.1937890648841858,0.0821598470211029,0.07807623594999313,0.08525515347719193
clip_vit_b_32_linear,translation_16_up,test_05981,5981,9,truck,9,truck,0.15482668578624725,True,0.0984840989112854,0.08694963157176971,0.10631565004587173,0.08204683661460876,0.09091082960367203,0.08543605357408524,0.09355918318033218,0.08555499464273453,0.11591597646474838,0.15482668578624725
clip_vit_b_32_linear,translation_16_up,test_00409,409,2,car,2,car,0.19242028892040253,True,0.10830058157444,0.08060931414365768,0.19242028892040253,0.08039093017578125,0.08034557849168777,0.09152016788721085,0.09103608876466751,0.08572050929069519,0.08556681126356125,0.10408969968557358
clip_vit_b_32_linear,translation_16_up,test_06954,6954,1,bird,1,bird,0.16524751484394073,True,0.08825547993183136,0.16524751484394073,0.07632383704185486,0.12468035519123077,0.10282985866069794,0.09305884689092636,0.08388359844684601,0.1151043102145195,0.07265733182430267,0.07795891165733337
clip_vit_b_32_linear,translation_16_up,test_07555,7555,6,horse,6,horse,0.16532300412654877,True,0.08857128024101257,0.0902501717209816,0.08568436652421951,0.08762975037097931,0.11092939227819443,0.10182026028633118,0.16532300412654877,0.09319092333316803,0.08047238737344742,0.09612847119569778
clip_vit_b_32_linear,translation_16_up,test_03965,3965,0,airplane,0,airplane,0.19003871083259583,True,0.19003871083259583,0.09174270182847977,0.09465184807777405,0.07290736585855484,0.08625300228595734,0.08746319264173508,0.07912201434373856,0.08341330289840698,0.1134054884314537,0.10100246965885162
clip_vit_b_32_linear,translation_16_up,test_07266,7266,9,truck,9,truck,0.15810629725456238,True,0.09978999942541122,0.09509403258562088,0.0949571281671524,0.08848632872104645,0.09558925777673721,0.08853614330291748,0.09522762149572372,0.08778254687786102,0.09643065929412842,0.15810629725456238
clip_vit_b_32_linear,translation_16_up,test_04785,4785,0,airplane,0,airplane,0.17697545886039734,True,0.17697545886039734,0.08370918035507202,0.10556097328662872,0.07876067608594894,0.07799673080444336,0.0833916962146759,0.07918605208396912,0.08540502935647964,0.11829081922769547,0.1107233315706253
clip_vit_b_32_linear,translation_16_up,test_06028,6028,2,car,2,car,0.1864013522863388,True,0.09935332089662552,0.07964526861906052,0.1864013522863388,0.08324377983808517,0.08634480834007263,0.08795133233070374,0.09189128130674362,0.08396545797586441,0.09171608835458755,0.10948734730482101
clip_vit_b_32_linear,translation_16_up,test_06503,6503,2,car,2,car,0.156036376953125,True,0.11282258480787277,0.08385579288005829,0.156036376953125,0.08182571083307266,0.08640080690383911,0.08948637545108795,0.09070316702127457,0.08162689954042435,0.0955381840467453,0.12170405685901642
clip_vit_b_32_linear,translation_16_up,test_06414,6414,5,dog,5,dog,0.16914288699626923,True,0.07778992503881454,0.09202437847852707,0.08881174027919769,0.12441366165876389,0.08672119677066803,0.16914288699626923,0.10358095914125443,0.09561203420162201,0.0778159648180008,0.0840872973203659
clip_vit_b_32_linear,translation_16_up,test_05382,5382,6,horse,6,horse,0.1784394085407257,True,0.08809914439916611,0.08444082736968994,0.10176615417003632,0.08487820625305176,0.09710656851530075,0.0996675044298172,0.1784394085407257,0.0874684602022171,0.08340058475732803,0.09473318606615067
clip_vit_b_32_linear,translation_16_up,test_06836,6836,1,bird,1,bird,0.1982823610305786,True,0.0866359993815422,0.1982823610305786,0.075444795191288,0.09682592749595642,0.11621501296758652,0.08742065727710724,0.08095210045576096,0.11683189123868942,0.06982608139514923,0.0715651735663414
clip_vit_b_32_linear,translation_16_up,test_06508,6508,4,deer,4,deer,0.1832331269979477,True,0.08139403909444809,0.10476726293563843,0.0811256468296051,0.09481347352266312,0.1832331269979477,0.09158086776733398,0.09845227003097534,0.1038164347410202,0.08059610426425934,0.08022074401378632
clip_vit_b_32_linear,translation_16_up,test_03994,3994,4,deer,4,deer,0.16366228461265564,True,0.06995049118995667,0.11522828787565231,0.07362139225006104,0.12103242427110672,0.16366228461265564,0.09517959505319595,0.09300321340560913,0.1259695142507553,0.07235685735940933,0.06999584287405014
clip_vit_b_32_linear,translation_16_up,test_03942,3942,9,truck,9,truck,0.16807159781455994,True,0.11488474160432816,0.09141014516353607,0.09956371039152145,0.07958298921585083,0.07878786325454712,0.08412095159292221,0.09319625049829483,0.08770164102315903,0.10268015414476395,0.16807159781455994
clip_vit_b_32_linear,translation_16_up,test_03542,3542,7,monkey,7,monkey,0.19407255947589874,True,0.07555360347032547,0.11430252343416214,0.0731973648071289,0.11917278170585632,0.10480885952711105,0.09603212028741837,0.08859747648239136,0.19407255947589874,0.06438712775707245,0.0698755756020546
clip_vit_b_32_linear,translation_16_up,test_06952,6952,3,cat,3,cat,0.16700538992881775,True,0.07722867280244827,0.10315783321857452,0.08384031802415848,0.16700538992881775,0.09457679092884064,0.12967151403427124,0.09554415196180344,0.10492029786109924,0.06985627114772797,0.07419874519109726
clip_vit_b_32_linear,translation_16_up,test_04290,4290,5,dog,4,deer,0.13214759528636932,False,0.08206169307231903,0.10837989300489426,0.07358387857675552,0.12254127115011215,0.13214759528636932,0.10631179064512253,0.11461867392063141,0.11417984217405319,0.07321102917194366,0.07296434789896011
clip_vit_b_32_linear,translation_16_up,test_07446,7446,8,ship,8,ship,0.190567284822464,True,0.11773061752319336,0.07619412243366241,0.0988549292087555,0.07646830379962921,0.08074546605348587,0.0831340104341507,0.08715582638978958,0.07493891566991806,0.190567284822464,0.1142105907201767
clip_vit_b_32_linear,translation_16_up,test_06169,6169,1,bird,1,bird,0.12383770942687988,True,0.10017535835504532,0.12383770942687988,0.08483906090259552,0.09258593618869781,0.10938610136508942,0.10287125408649445,0.10522287338972092,0.09531813859939575,0.09004892408847809,0.09571459144353867
clip_vit_b_32_linear,translation_16_up,test_01109,1109,1,bird,1,bird,0.1489349752664566,True,0.11784844845533371,0.1489349752664566,0.07970278710126877,0.09511306136846542,0.1065329983830452,0.09284699708223343,0.08666657656431198,0.09646563977003098,0.09312959015369415,0.08275897800922394
clip_vit_b_32_linear,translation_16_up,test_03179,3179,4,deer,4,deer,0.18925346434116364,True,0.07808635383844376,0.09506937116384506,0.083341583609581,0.09608800709247589,0.18925346434116364,0.09952965378761292,0.10661300271749496,0.09148344397544861,0.0768006294965744,0.08373448997735977
clip_vit_b_32_linear,translation_16_up,test_07835,7835,7,monkey,7,monkey,0.17148184776306152,True,0.08066724240779877,0.1163254827260971,0.0765589252114296,0.11988136917352676,0.10365691035985947,0.09673497825860977,0.08609575033187866,0.17148184776306152,0.07466711103916168,0.07393036782741547
clip_vit_b_32_linear,translation_16_up,test_07390,7390,1,bird,1,bird,0.1765107959508896,True,0.10561256110668182,0.1765107959508896,0.08016174286603928,0.09405212849378586,0.103340283036232,0.09785766154527664,0.0873575508594513,0.09550371766090393,0.0772462710738182,0.08235720545053482
clip_vit_b_32_linear,translation_16_up,test_00568,568,5,dog,5,dog,0.17073632776737213,True,0.07278556376695633,0.09133106470108032,0.08571407943964005,0.14359411597251892,0.09142249077558517,0.17073632776737213,0.09643716365098953,0.10499205440282822,0.07135964184999466,0.07162752002477646
clip_vit_b_32_linear,translation_16_up,test_04629,4629,4,deer,4,deer,0.19539541006088257,True,0.08266113698482513,0.10399498045444489,0.07222665101289749,0.1031510978937149,0.19539541006088257,0.09329874813556671,0.09789420664310455,0.09640942513942719,0.07383318990468979,0.08113520592451096
clip_vit_b_32_linear,translation_16_up,test_07138,7138,8,ship,8,ship,0.19740603864192963,True,0.13124282658100128,0.08058799058198929,0.08313855528831482,0.07663022726774216,0.08319643884897232,0.07861895114183426,0.07707693427801132,0.07318837195634842,0.19740603864192963,0.11891357600688934
clip_vit_b_32_linear,translation_16_up,test_05284,5284,9,truck,9,truck,0.17816832661628723,True,0.1062706783413887,0.08404387533664703,0.10786125808954239,0.07641357183456421,0.08603586256504059,0.08668931573629379,0.09243427217006683,0.07784861326217651,0.10423427820205688,0.17816832661628723
clip_vit_b_32_linear,translation_16_up,test_00003,3,0,airplane,0,airplane,0.17790459096431732,True,0.17790459096431732,0.07812092453241348,0.09930752217769623,0.07735065370798111,0.07711521536111832,0.07702494412660599,0.0740307942032814,0.09009899199008942,0.13121668994426727,0.11782963573932648
clip_vit_b_32_linear,translation_16_up,test_02690,2690,1,bird,1,bird,0.18118824064731598,True,0.09400554746389389,0.18118824064731598,0.07915475964546204,0.10473072528839111,0.10997102409601212,0.08861320465803146,0.07561212033033371,0.11703751981258392,0.07610636204481125,0.07358045130968094
clip_vit_b_32_linear,translation_16_up,test_05858,5858,6,horse,6,horse,0.164174422621727,True,0.06813835352659225,0.09887731820344925,0.08223814517259598,0.1041942909359932,0.12162932753562927,0.111292265355587,0.164174422621727,0.10499812662601471,0.06948273628950119,0.07497506588697433
clip_vit_b_32_linear,translation_16_up,test_01266,1266,4,deer,4,deer,0.19194068014621735,True,0.07378817349672318,0.11590114235877991,0.06574138253927231,0.11179108172655106,0.19194068014621735,0.0930246114730835,0.09899548441171646,0.11302869021892548,0.06788239628076553,0.06790626794099808
clip_vit_b_32_linear,translation_16_up,test_03034,3034,4,deer,4,deer,0.18235284090042114,True,0.07532137632369995,0.11292558163404465,0.07149450480937958,0.10817204415798187,0.18235284090042114,0.10254683345556259,0.10410920530557632,0.10279746353626251,0.06898444890975952,0.07129563391208649
clip_vit_b_32_linear,translation_16_up,test_02655,2655,9,truck,9,truck,0.16234441101551056,True,0.11105120182037354,0.07617275416851044,0.10992218554019928,0.08085951209068298,0.07657457888126373,0.08333049714565277,0.09631906449794769,0.08471495658159256,0.11871086806058884,0.16234441101551056
clip_vit_b_32_linear,translation_16_up,test_06190,6190,7,monkey,7,monkey,0.1857767552137375,True,0.07962260395288467,0.12840989232063293,0.07127303630113602,0.12098590284585953,0.10495898127555847,0.0909779891371727,0.08542604744434357,0.1857767552137375,0.06562954187393188,0.06693921238183975
clip_vit_b_32_linear,translation_16_up,test_04170,4170,8,ship,8,ship,0.19061033427715302,True,0.1192980408668518,0.08010459691286087,0.08599290996789932,0.07621242851018906,0.08592740446329117,0.08093871921300888,0.07949289679527283,0.07463139295578003,0.19061033427715302,0.12679126858711243
clip_vit_b_32_linear,translation_16_up,test_07380,7380,9,truck,9,truck,0.18566738069057465,True,0.09338261932134628,0.07990448921918869,0.10693111270666122,0.07555857300758362,0.08397849649190903,0.08795052021741867,0.09309788048267365,0.0726705864071846,0.12085837125778198,0.18566738069057465
clip_vit_b_32_linear,translation_16_up,test_07752,7752,9,truck,9,truck,0.16433845460414886,True,0.11161365360021591,0.07996798306703568,0.1094348281621933,0.07786474376916885,0.08460450172424316,0.09051137417554855,0.09554066509008408,0.0791059285402298,0.1070178970694542,0.16433845460414886
clip_vit_b_32_linear,translation_16_up,test_03996,3996,9,truck,9,truck,0.17221742868423462,True,0.09608551859855652,0.08215509355068207,0.10391636192798615,0.08127819001674652,0.08802488446235657,0.09062561392784119,0.09604916721582413,0.07086814194917679,0.11877961456775665,0.17221742868423462
clip_vit_b_32_linear,translation_16_up,test_01204,1204,3,cat,3,cat,0.1784244179725647,True,0.07157096266746521,0.10985162109136581,0.07955393940210342,0.1784244179725647,0.09843364357948303,0.1038169264793396,0.08739809691905975,0.12301880121231079,0.07183162868022919,0.07610005885362625
clip_vit_b_32_linear,translation_16_up,test_01654,1654,9,truck,9,truck,0.18096911907196045,True,0.1010119765996933,0.0830574706196785,0.10373462736606598,0.07879974693059921,0.08406144380569458,0.08655483275651932,0.08737196773290634,0.07881893962621689,0.11561987549066544,0.18096911907196045
clip_vit_b_32_linear,translation_16_up,test_04746,4746,6,horse,6,horse,0.18246398866176605,True,0.07375276833772659,0.09561315178871155,0.08431906253099442,0.10185886174440384,0.1066848635673523,0.11478915810585022,0.18246398866176605,0.09933573752641678,0.06730800122022629,0.07387449592351913
clip_vit_b_32_linear,translation_16_up,test_04590,4590,3,cat,3,cat,0.1618671864271164,True,0.083369180560112,0.10042086988687515,0.08105093240737915,0.1618671864271164,0.09147468954324722,0.12284404784440994,0.0896512120962143,0.10271548479795456,0.07834270596504211,0.08826369792222977
clip_vit_b_32_linear,translation_16_up,test_00562,562,0,airplane,0,airplane,0.19652101397514343,True,0.19652101397514343,0.09427494555711746,0.09971275180578232,0.07666300237178802,0.07950741797685623,0.08432074636220932,0.07997027039527893,0.08899376541376114,0.10206074267625809,0.09797526895999908
clip_vit_b_32_linear,translation_16_up,test_07108,7108,6,horse,6,horse,0.17369461059570312,True,0.0850752666592598,0.08422103524208069,0.08196789771318436,0.0858728215098381,0.12283240258693695,0.10093376040458679,0.17369461059570312,0.08558948338031769,0.08702778071165085,0.0927850529551506
clip_vit_b_32_linear,translation_16_up,test_05999,5999,0,airplane,0,airplane,0.19226641952991486,True,0.19226641952991486,0.08484914153814316,0.10329309105873108,0.08005066215991974,0.08512482047080994,0.08644341677427292,0.07492873817682266,0.0862780213356018,0.10142531245946884,0.10534030944108963
clip_vit_b_32_linear,translation_16_up,test_01403,1403,2,car,2,car,0.15205606818199158,True,0.10179904103279114,0.08682578057050705,0.15205606818199158,0.08393320441246033,0.08331263065338135,0.09084434807300568,0.09725335240364075,0.09060823172330856,0.09284708648920059,0.12052015960216522
clip_vit_b_32_linear,translation_16_up,test_04403,4403,7,monkey,7,monkey,0.16407214105129242,True,0.08108635991811752,0.10748216509819031,0.07453174144029617,0.11455416679382324,0.11952131241559982,0.11039585620164871,0.08919713646173477,0.16407214105129242,0.06605085730552673,0.07310839742422104
clip_vit_b_32_linear,translation_16_up,test_06332,6332,2,car,2,car,0.16121603548526764,True,0.11185690760612488,0.08811985701322556,0.16121603548526764,0.07687234878540039,0.08661948889493942,0.09263237565755844,0.09327075630426407,0.07947994023561478,0.09995440393686295,0.10997787863016129
clip_vit_b_32_linear,translation_16_up,test_06264,6264,2,car,2,car,0.1835610717535019,True,0.10195820033550262,0.07971688359975815,0.1835610717535019,0.08192326873540878,0.07972228527069092,0.09028652310371399,0.09130699187517166,0.08443763852119446,0.10056919604539871,0.10651794821023941
clip_vit_b_32_linear,translation_16_up,test_00303,303,9,truck,9,truck,0.19612643122673035,True,0.09432756900787354,0.07723504304885864,0.09714731574058533,0.07321906834840775,0.08379190415143967,0.08464030921459198,0.09827272593975067,0.06992843002080917,0.12531118094921112,0.19612643122673035
clip_vit_b_32_linear,translation_16_up,test_00791,791,3,cat,3,cat,0.16840766370296478,True,0.074323371052742,0.10011955350637436,0.08162262290716171,0.16840766370296478,0.0904908999800682,0.1335839331150055,0.09427240490913391,0.10398086160421371,0.07447808980941772,0.07872062176465988
clip_vit_b_32_linear,translation_16_up,test_03067,3067,2,car,2,car,0.17328539490699768,True,0.1075795516371727,0.07925444096326828,0.17328539490699768,0.08656483888626099,0.08368560671806335,0.0863136574625969,0.10232947021722794,0.08088365197181702,0.0932101234793663,0.10689330101013184
clip_vit_b_32_linear,translation_16_up,test_00484,484,0,airplane,0,airplane,0.20283931493759155,True,0.20283931493759155,0.08719375729560852,0.09561442583799362,0.07217004150152206,0.07654261589050293,0.07965138554573059,0.07456899434328079,0.07540461421012878,0.12998704612255096,0.10602789372205734
clip_vit_b_32_linear,translation_16_up,test_01370,1370,3,cat,3,cat,0.15606126189231873,True,0.08115040510892868,0.09415392577648163,0.08910977840423584,0.15606126189231873,0.0896446630358696,0.1343119889497757,0.09478139132261276,0.09566005319356918,0.07997843623161316,0.08514805883169174
clip_vit_b_32_linear,translation_16_up,test_04069,4069,8,ship,8,ship,0.13939353823661804,True,0.10908596962690353,0.09439462423324585,0.09290327876806259,0.0848069116473198,0.09199023991823196,0.0889338031411171,0.08877798914909363,0.09257318824529648,0.13939353823661804,0.11714036762714386
clip_vit_b_32_linear,translation_16_up,test_07373,7373,0,airplane,0,airplane,0.20926645398139954,True,0.20926645398139954,0.08895593881607056,0.09961717575788498,0.07226164638996124,0.07527396827936172,0.0796174705028534,0.07375908643007278,0.0775412991642952,0.1181243434548378,0.10558263212442398
clip_vit_b_32_linear,translation_16_up,test_04330,4330,3,cat,3,cat,0.15371207892894745,True,0.07947594672441483,0.10363039374351501,0.07208909839391708,0.15371207892894745,0.12019087374210358,0.10993453115224838,0.08890504390001297,0.13013161718845367,0.07065843790769577,0.07127197086811066
clip_vit_b_32_linear,translation_16_up,test_05701,5701,5,dog,5,dog,0.17855443060398102,True,0.07856468111276627,0.08820192515850067,0.083540178835392,0.13286997377872467,0.09276580810546875,0.17855443060398102,0.10502836853265762,0.10503938794136047,0.06694068014621735,0.0684945359826088
clip_vit_b_32_linear,translation_16_up,test_07465,7465,0,airplane,0,airplane,0.2056685835123062,True,0.2056685835123062,0.09131699800491333,0.09206162393093109,0.07504870742559433,0.08427318930625916,0.08187127858400345,0.07786315679550171,0.08695995062589645,0.10375648736953735,0.1011800542473793
clip_vit_b_32_linear,translation_16_up,test_01531,1531,3,cat,5,dog,0.1496683806180954,False,0.07901358604431152,0.09337048977613449,0.07802347838878632,0.13856618106365204,0.10740174353122711,0.1496683806180954,0.10558245331048965,0.09885220974683762,0.07105428725481033,0.07846731692552567
clip_vit_b_32_linear,translation_16_up,test_04676,4676,8,ship,8,ship,0.20639951527118683,True,0.11169607937335968,0.07669040560722351,0.08410979807376862,0.07331667095422745,0.08122092485427856,0.07952036708593369,0.07821855694055557,0.07821294665336609,0.20639951527118683,0.1306147277355194
clip_vit_b_32_linear,translation_16_up,test_04531,4531,3,cat,3,cat,0.1771020144224167,True,0.07614989578723907,0.10725484788417816,0.0685894563794136,0.1771020144224167,0.11985190212726593,0.0941399484872818,0.0858549177646637,0.1400166004896164,0.06413569301366806,0.06690485030412674
clip_vit_b_32_linear,translation_16_up,test_00706,706,8,ship,8,ship,0.19282163679599762,True,0.11341089010238647,0.08277760446071625,0.1016155481338501,0.07658495754003525,0.07867423444986343,0.08863040059804916,0.08203022181987762,0.07622846961021423,0.19282163679599762,0.10722608864307404
clip_vit_b_32_linear,translation_16_up,test_02844,2844,8,ship,8,ship,0.1909899115562439,True,0.1296539157629013,0.07920560240745544,0.09660035371780396,0.07347513735294342,0.08331922441720963,0.07776482403278351,0.08195272088050842,0.08239630609750748,0.1909899115562439,0.10464203357696533
clip_vit_b_32_linear,translation_16_up,test_03755,3755,2,car,2,car,0.17752496898174286,True,0.10742891579866409,0.0870964452624321,0.17752496898174286,0.08281859010457993,0.08704206347465515,0.09007658809423447,0.09553251415491104,0.0834883525967598,0.08697128295898438,0.10202030092477798
clip_vit_b_32_linear,translation_16_up,test_05848,5848,7,monkey,7,monkey,0.1804603934288025,True,0.08218377828598022,0.12109953165054321,0.07505223900079727,0.12679801881313324,0.10407775640487671,0.08404708653688431,0.07955963909626007,0.1804603934288025,0.07704534381628036,0.0696762278676033
clip_vit_b_32_linear,translation_16_up,test_02114,2114,9,truck,9,truck,0.15919263660907745,True,0.10715799033641815,0.078825943171978,0.11612444370985031,0.08176025748252869,0.08465849608182907,0.08973211795091629,0.09739094227552414,0.07885007560253143,0.10630706697702408,0.15919263660907745
clip_vit_b_32_linear,translation_16_up,test_03876,3876,0,airplane,0,airplane,0.1792643964290619,True,0.1792643964290619,0.08486958593130112,0.09947837144136429,0.07357751578092575,0.08464950323104858,0.08134648203849792,0.08515094220638275,0.08401347696781158,0.10899091511964798,0.11865876615047455
clip_vit_b_32_linear,translation_16_up,test_00677,677,3,cat,3,cat,0.17292380332946777,True,0.07332824915647507,0.0975496843457222,0.07811474800109863,0.17292380332946777,0.08905947953462601,0.13637633621692657,0.09261371195316315,0.10266710072755814,0.07845231890678406,0.07891454547643661
clip_vit_b_32_linear,translation_16_up,test_02116,2116,1,bird,1,bird,0.1452799290418625,True,0.0889754444360733,0.1452799290418625,0.08294384926557541,0.12352806329727173,0.10809113830327988,0.09080066531896591,0.08192148804664612,0.11242314428091049,0.07927455008029938,0.0867617279291153
clip_vit_b_32_linear,translation_16_up,test_04661,4661,7,monkey,7,monkey,0.1950443834066391,True,0.07882217317819595,0.10490256547927856,0.07440929114818573,0.12811289727687836,0.10573253035545349,0.09827613085508347,0.08664059638977051,0.1950443834066391,0.06297390162944794,0.0650855153799057
clip_vit_b_32_linear,translation_16_up,test_02676,2676,6,horse,6,horse,0.16734278202056885,True,0.07767657935619354,0.07986145466566086,0.09969158470630646,0.09190654009580612,0.0897631123661995,0.13752281665802002,0.16734278202056885,0.08848313242197037,0.07536116242408752,0.09239080548286438
clip_vit_b_32_linear,translation_16_up,test_03025,3025,0,airplane,0,airplane,0.1709744781255722,True,0.1709744781255722,0.08963077515363693,0.10981366783380508,0.08478283882141113,0.0793876126408577,0.08697505295276642,0.08751333504915237,0.08211585134267807,0.09539828449487686,0.11340800672769547
clip_vit_b_32_linear,translation_16_up,test_04449,4449,9,truck,9,truck,0.16074852645397186,True,0.11643200367689133,0.08054257929325104,0.1100117638707161,0.08062346279621124,0.08208122104406357,0.08635899424552917,0.09145716577768326,0.07829617708921432,0.11344810575246811,0.16074852645397186
clip_vit_b_32_linear,translation_16_up,test_00977,977,6,horse,6,horse,0.18478891253471375,True,0.07821673899888992,0.08671808242797852,0.0835282951593399,0.10178082436323166,0.10074832290410995,0.11624829471111298,0.18478891253471375,0.08890651911497116,0.0749903991818428,0.08407355844974518
clip_vit_b_32_linear,translation_16_up,test_04990,4990,8,ship,8,ship,0.1727331280708313,True,0.11298924684524536,0.08012975007295609,0.0943000391125679,0.08305343985557556,0.08452727645635605,0.08354426175355911,0.08334182947874069,0.08018278330564499,0.1727331280708313,0.12519824504852295
clip_vit_b_32_linear,translation_16_up,test_07309,7309,0,airplane,0,airplane,0.17340824007987976,True,0.17340824007987976,0.09073097258806229,0.10489930957555771,0.07427382469177246,0.08409244567155838,0.08371677994728088,0.07680909335613251,0.08183979243040085,0.1212993785738945,0.10893010348081589
clip_vit_b_32_linear,translation_16_up,test_01048,1048,7,monkey,7,monkey,0.14200054109096527,True,0.08394456654787064,0.10174095630645752,0.07551995664834976,0.112810879945755,0.11482657492160797,0.11246765404939651,0.09860271215438843,0.14200054109096527,0.07793299108743668,0.08015309274196625
clip_vit_b_32_linear,translation_16_up,test_03276,3276,3,cat,7,monkey,0.15733352303504944,False,0.07778528332710266,0.10566487908363342,0.07133707404136658,0.13145174086093903,0.12778568267822266,0.09729316085577011,0.10041358321905136,0.15733352303504944,0.06838157773017883,0.0625535324215889
clip_vit_b_32_linear,translation_16_up,test_05512,5512,2,car,9,truck,0.12883253395557404,False,0.10348039865493774,0.08251790702342987,0.11762387305498123,0.08474201709032059,0.08723288029432297,0.10123362392187119,0.10458807647228241,0.09204007685184479,0.09770861268043518,0.12883253395557404
clip_vit_b_32_linear,translation_16_up,test_07692,7692,4,deer,4,deer,0.17982274293899536,True,0.08485612273216248,0.09969773888587952,0.0816994458436966,0.10085320472717285,0.17982274293899536,0.09054906666278839,0.1063273698091507,0.09145889431238174,0.07789259403944016,0.08684277534484863
clip_vit_b_32_linear,translation_16_up,test_01436,1436,1,bird,1,bird,0.1956937462091446,True,0.09090246260166168,0.1956937462091446,0.07196097075939178,0.09587224572896957,0.11290769279003143,0.08805258572101593,0.07761109620332718,0.11676830053329468,0.07858479768037796,0.07164619117975235
clip_vit_b_32_linear,translation_16_up,test_07544,7544,9,truck,9,truck,0.15564414858818054,True,0.114582858979702,0.07660722732543945,0.11090526729822159,0.08266908675432205,0.08767203986644745,0.09112939238548279,0.09535076469182968,0.07520551979541779,0.11023375391960144,0.15564414858818054
clip_vit_b_32_linear,translation_16_up,test_03383,3383,3,cat,3,cat,0.18486200273036957,True,0.07538804411888123,0.11512324213981628,0.07096213847398758,0.18486200273036957,0.11752649396657944,0.09093669056892395,0.08405927568674088,0.12174092233181,0.07061886787414551,0.06878231465816498
clip_vit_b_32_linear,translation_16_up,test_01977,1977,0,airplane,0,airplane,0.18637436628341675,True,0.18637436628341675,0.0926852822303772,0.09791193157434464,0.07559296488761902,0.08394104987382889,0.09014049917459488,0.07751807570457458,0.09024673700332642,0.10466331988573074,0.10092576593160629
clip_vit_b_32_linear,translation_16_up,test_02750,2750,0,airplane,0,airplane,0.1900893896818161,True,0.1900893896818161,0.09259065240621567,0.08647264540195465,0.07795892655849457,0.08533861488103867,0.0826232060790062,0.08151109516620636,0.08682738989591599,0.11767073720693588,0.0989173948764801
clip_vit_b_32_linear,translation_16_up,test_07996,7996,6,horse,6,horse,0.18412227928638458,True,0.08255206048488617,0.08558511734008789,0.09220416843891144,0.09492532163858414,0.10136245936155319,0.11448816955089569,0.18412227928638458,0.0873059555888176,0.07366720587015152,0.08378725498914719
clip_vit_b_32_linear,translation_16_up,test_06989,6989,5,dog,5,dog,0.13964645564556122,True,0.06990757584571838,0.10116992145776749,0.07989849895238876,0.12240790575742722,0.11064745485782623,0.13964645564556122,0.1253901720046997,0.10659527778625488,0.07329453527927399,0.07104220986366272
clip_vit_b_32_linear,translation_16_up,test_01431,1431,3,cat,3,cat,0.15827161073684692,True,0.07592203468084335,0.09775027632713318,0.08830626308917999,0.15827161073684692,0.08984504640102386,0.140638530254364,0.10119571536779404,0.09468547999858856,0.07701978832483292,0.07636526972055435
clip_vit_b_32_linear,translation_16_up,test_07416,7416,3,cat,3,cat,0.15173698961734772,True,0.0773700475692749,0.09785714745521545,0.08193585276603699,0.15173698961734772,0.08549734205007553,0.1438675969839096,0.10059911012649536,0.09870428591966629,0.08111085742712021,0.08132076263427734
clip_vit_b_32_linear,translation_16_up,test_04547,4547,5,dog,5,dog,0.19004756212234497,True,0.07731842249631882,0.09297683089971542,0.08994845300912857,0.11996162682771683,0.08406925201416016,0.19004756212234497,0.1020362377166748,0.09307876974344254,0.07205718755722046,0.07850576937198639
clip_vit_b_32_linear,translation_16_up,test_00042,42,0,airplane,0,airplane,0.18374156951904297,True,0.18374156951904297,0.09298155456781387,0.09200491011142731,0.07601892203092575,0.08673740923404694,0.08829478919506073,0.08060436695814133,0.08881551772356033,0.10321899503469467,0.10758200287818909
clip_vit_b_32_linear,translation_16_up,test_05117,5117,0,airplane,0,airplane,0.17831866443157196,True,0.17831866443157196,0.10448076575994492,0.09322089701890945,0.0756775289773941,0.09073388576507568,0.09021361917257309,0.08605577796697617,0.08484582602977753,0.09573179483413696,0.10072126239538193
clip_vit_b_32_linear,translation_16_up,test_04411,4411,6,horse,6,horse,0.12853838503360748,True,0.09951987862586975,0.08688263595104218,0.09760609269142151,0.09536374360322952,0.10364669561386108,0.1182594895362854,0.12853838503360748,0.09173756092786789,0.08300109207630157,0.09544443339109421
clip_vit_b_32_linear,translation_16_up,test_05789,5789,4,deer,4,deer,0.19717353582382202,True,0.08192682266235352,0.10385922342538834,0.07824411243200302,0.09124830365180969,0.19717353582382202,0.0914507806301117,0.10211504250764847,0.09387914836406708,0.0778275728225708,0.08227535337209702
clip_vit_b_32_linear,translation_16_up,test_00483,483,2,car,2,car,0.16897226870059967,True,0.10295989364385605,0.08230923116207123,0.16897226870059967,0.0835881382226944,0.08402740955352783,0.08500125259160995,0.09648076444864273,0.08507765829563141,0.08634426444768906,0.12523913383483887
clip_vit_b_32_linear,translation_16_up,test_06650,6650,7,monkey,7,monkey,0.18323099613189697,True,0.07875805348157883,0.11078912019729614,0.07587215304374695,0.1169627457857132,0.10129119455814362,0.09015558660030365,0.08729219436645508,0.18323099613189697,0.07879514992237091,0.07685285061597824
clip_vit_b_32_linear,translation_16_up,test_04881,4881,3,cat,3,cat,0.15487763285636902,True,0.0839214101433754,0.13325875997543335,0.07125408947467804,0.15487763285636902,0.11072065681219101,0.08687818795442581,0.08044592291116714,0.13841794431209564,0.07245925813913345,0.0677662268280983
clip_vit_b_32_linear,translation_16_up,test_00391,391,3,cat,3,cat,0.16202959418296814,True,0.07679075002670288,0.11666641384363174,0.0669957846403122,0.16202959418296814,0.13164781033992767,0.10551770776510239,0.09042862057685852,0.10985913872718811,0.0685189813375473,0.07154522091150284
clip_vit_b_32_linear,translation_16_up,test_00370,370,7,monkey,7,monkey,0.18081004917621613,True,0.08087019622325897,0.11490393429994583,0.07631979137659073,0.11369550228118896,0.10511580109596252,0.09490757435560226,0.0842459425330162,0.18081004917621613,0.0757426992058754,0.0733884871006012
clip_vit_b_32_linear,translation_16_up,test_00419,419,9,truck,9,truck,0.15688998997211456,True,0.10775106400251389,0.07165679335594177,0.12078806757926941,0.07527533173561096,0.08362524211406708,0.0901632308959961,0.11010254919528961,0.07438382506370544,0.109363853931427,0.15688998997211456
clip_vit_b_32_linear,translation_16_up,test_03318,3318,9,truck,9,truck,0.16219842433929443,True,0.1043114960193634,0.08315039426088333,0.10638377815485,0.0822717621922493,0.08754526823759079,0.09167684614658356,0.10112213343381882,0.08335976302623749,0.09798016399145126,0.16219842433929443
clip_vit_b_32_linear,translation_16_up,test_04355,4355,8,ship,8,ship,0.1586589515209198,True,0.14482225477695465,0.08338036388158798,0.09598357230424881,0.08075503259897232,0.08681420236825943,0.08249881118535995,0.07594282180070877,0.08074704557657242,0.1586589515209198,0.11039698868989944
clip_vit_b_32_linear,translation_16_up,test_05402,5402,4,deer,4,deer,0.19639988243579865,True,0.08062635362148285,0.10388752818107605,0.07928325235843658,0.09174703806638718,0.19639988243579865,0.08700431883335114,0.10736408829689026,0.09466611593961716,0.07994789630174637,0.07907358556985855
clip_vit_b_32_linear,translation_16_up,test_05332,5332,5,dog,5,dog,0.16334815323352814,True,0.07936063408851624,0.09018400311470032,0.08297119289636612,0.10649067908525467,0.09748754650354385,0.16334815323352814,0.11795353144407272,0.09813184291124344,0.07892277091741562,0.08514964580535889
clip_vit_b_32_linear,translation_16_up,test_00239,239,9,truck,9,truck,0.17300444841384888,True,0.09912769496440887,0.08095332235097885,0.10368087142705917,0.07938587665557861,0.09251441806554794,0.08566831797361374,0.09740439802408218,0.08096902817487717,0.107291579246521,0.17300444841384888
clip_vit_b_32_linear,translation_16_up,test_06271,6271,2,car,2,car,0.17980468273162842,True,0.11530343443155289,0.08462056517601013,0.17980468273162842,0.08055615425109863,0.07660340517759323,0.0888032615184784,0.08808724582195282,0.08212459832429886,0.09857548773288727,0.10552118718624115
clip_vit_b_32_linear,translation_16_up,test_01129,1129,8,ship,8,ship,0.1955302506685257,True,0.10562608391046524,0.08335937559604645,0.08643139898777008,0.07761046290397644,0.08705498278141022,0.07945180684328079,0.08546852320432663,0.07596476376056671,0.1955302506685257,0.1235024556517601
clip_vit_b_32_linear,translation_16_up,test_02391,2391,5,dog,5,dog,0.1749323159456253,True,0.08705776929855347,0.10271792113780975,0.07788931578397751,0.11118149757385254,0.10416574031114578,0.1749323159456253,0.10657013207674026,0.09059884399175644,0.07186365127563477,0.07302284985780716
clip_vit_b_32_linear,translation_16_up,test_00191,191,9,truck,2,car,0.15123818814754486,False,0.11034718155860901,0.08089595288038254,0.15123818814754486,0.08372462540864944,0.0765826627612114,0.0877118930220604,0.0885343924164772,0.08020060509443283,0.10156195610761642,0.13920250535011292
clip_vit_b_32_linear,translation_16_up,test_05447,5447,9,truck,9,truck,0.1734151989221573,True,0.10250657796859741,0.0783044844865799,0.10737432539463043,0.07311367243528366,0.08680113404989243,0.08515295386314392,0.09550046175718307,0.07433556765317917,0.12349554151296616,0.1734151989221573
clip_vit_b_32_linear,translation_16_up,test_06528,6528,4,deer,4,deer,0.16095411777496338,True,0.07344446331262589,0.10367584228515625,0.08323394507169724,0.11245375871658325,0.16095411777496338,0.10285057127475739,0.1080242469906807,0.10757207870483398,0.06714026629924774,0.08065066486597061
