model,condition,identifier,dataset_index,true_class_id,true_class_name,predicted_class_id,predicted_class_name,maximum_confidence,correct,probability_airplane,probability_bird,probability_car,probability_cat,probability_deer,probability_dog,probability_horse,probability_monkey,probability_ship,probability_truck
clip_zero_shot,translation_8_down,test_00632,632,3,cat,3,cat,0.9833223819732666,True,1.5041371625557076e-05,0.0021012169308960438,0.0010553961619734764,0.9833223819732666,0.0028404423501342535,0.0015688716666772962,0.0003017704875674099,0.008258062414824963,0.00024436257081106305,0.0002924798463936895
clip_zero_shot,translation_8_down,test_00131,131,9,truck,9,truck,0.9871783256530762,True,0.00011925870785489678,0.0009484048932790756,0.008229396305978298,0.0004443151701707393,0.00057681102771312,0.0007259573903866112,0.0006923884502612054,6.033889076206833e-05,0.0010248171165585518,0.9871783256530762
clip_zero_shot,translation_8_down,test_07081,7081,7,monkey,7,monkey,0.9568939805030823,True,0.00011475151404738426,0.02671971544623375,0.0003334560024086386,0.004141982179135084,0.00037782921572215855,0.009899172931909561,0.0010435004951432347,0.9568939805030823,0.0002509704208932817,0.00022472826822195202
clip_zero_shot,translation_8_down,test_01836,1836,9,truck,9,truck,0.992558479309082,True,5.21757137903478e-05,5.183785469853319e-05,0.006777425762265921,2.356651566515211e-05,4.815369538846426e-05,3.935110362363048e-05,0.0001323286851402372,3.084558920818381e-05,0.0002858700172509998,0.992558479309082
clip_zero_shot,translation_8_down,test_06437,6437,0,airplane,0,airplane,0.9655718207359314,True,0.9655718207359314,0.019227735698223114,0.0015771291218698025,0.00018343997362535447,0.00026863854145631194,0.00046285821008495986,0.001265944680199027,0.00026862931554205716,0.010544998571276665,0.0006286766147240996
clip_zero_shot,translation_8_down,test_06609,6609,0,airplane,0,airplane,0.9668607711791992,True,0.9668607711791992,0.010245944373309612,0.007867218926548958,0.0015005030436441302,0.0008710306137800217,0.00256232894025743,0.0023477894719690084,0.001241557183675468,0.0056209685280919075,0.000881893327459693
clip_zero_shot,translation_8_down,test_03467,3467,7,monkey,7,monkey,0.6662439107894897,True,0.00016062425856944174,0.04415106028318405,0.0003227053675800562,0.09235701709985733,0.09453926980495453,0.07630831003189087,0.024967985227704048,0.6662439107894897,0.00013391944230534136,0.0008151885122060776
clip_zero_shot,translation_8_down,test_01401,1401,3,cat,3,cat,0.9572755098342896,True,6.358125392580405e-05,0.003169734263792634,0.00104532518889755,0.9572755098342896,0.0033415397629141808,0.010969932191073895,0.0005750822019763291,0.0229191891849041,0.000249105243710801,0.0003909225342795253
clip_zero_shot,translation_8_down,test_01839,1839,2,car,2,car,0.9881753921508789,True,0.0005110703641548753,0.0022242311388254166,0.9881753921508789,0.0011156375985592604,0.00045603691251017153,0.001262241043150425,0.001494172727689147,0.00017964774451684207,0.0013971654698252678,0.0031844056211411953
clip_zero_shot,translation_8_down,test_04168,4168,3,cat,3,cat,0.9896962642669678,True,1.076293847290799e-05,0.001277476199902594,0.0002648417721502483,0.9896962642669678,0.00020370128913782537,0.005723210051655769,0.0021067929919809103,0.0005247773951850832,0.0001461111824028194,4.6028304495848715e-05
clip_zero_shot,translation_8_down,test_00035,35,2,car,2,car,0.8304957151412964,True,0.03500250726938248,0.0015767321456223726,0.8304957151412964,0.0006180828786455095,0.00041784741915762424,0.0005770678399130702,0.0006568485987372696,7.627832383150235e-05,0.012506501749157906,0.11807230114936829
clip_zero_shot,translation_8_down,test_04177,4177,8,ship,8,ship,0.9896289706230164,True,0.00022235159121919423,0.001014865469187498,0.0005161109729669988,0.0002170612569898367,0.00024505791952833533,0.0003504813357722014,0.0010557097848504782,0.0010658890241757035,0.9896289706230164,0.005683410447090864
clip_zero_shot,translation_8_down,test_07270,7270,7,monkey,7,monkey,0.9744841456413269,True,3.9840324461692944e-05,0.0029071930330246687,0.00027627829695120454,0.00638690497726202,0.004752586595714092,0.009739164263010025,0.0010740101570263505,0.9744841456413269,0.00023923214757815003,0.0001007002720143646
clip_zero_shot,translation_8_down,test_02265,2265,5,dog,5,dog,0.9679837226867676,True,2.221162139903754e-05,0.000168785045389086,0.0002601559681352228,0.0006139856413938105,0.01954987272620201,0.9679837226867676,0.01048149261623621,0.0003301003307569772,0.00029541560797952116,0.00029427118715830147
clip_zero_shot,translation_8_down,test_03288,3288,7,monkey,7,monkey,0.9993859529495239,True,3.2290253670907987e-07,0.00016133261669892818,2.1477786503965035e-05,0.0001141090615419671,2.4266832042485476e-05,0.0002489862381480634,1.8243927115690894e-05,0.9993859529495239,6.489668066933518e-06,1.887899634311907e-05
clip_zero_shot,translation_8_down,test_05451,5451,8,ship,8,ship,0.9981426000595093,True,4.86743520013988e-05,0.00024266904802061617,0.0001351643877569586,3.420477150939405e-05,9.763976413523778e-05,0.00021894823294132948,0.00019252877973485738,0.00011497076775413007,0.9981426000595093,0.000772642029915005
clip_zero_shot,translation_8_down,test_04023,4023,3,cat,5,dog,0.48351922631263733,False,4.287183401174843e-05,0.002483127871528268,0.0013637491501867771,0.3574528098106384,0.04907465726137161,0.48351922631263733,0.008713078685104847,0.09476905316114426,0.00066345528466627,0.001918036607094109
clip_zero_shot,translation_8_down,test_00261,261,1,bird,1,bird,0.9963130354881287,True,0.00014658586587756872,0.9963130354881287,0.0001172685733763501,7.234801159938797e-05,1.8139015082851984e-05,0.0007199359242804348,0.0003862310550175607,0.0010662106797099113,0.0010446972446516156,0.00011559482663869858
clip_zero_shot,translation_8_down,test_04570,4570,5,dog,5,dog,0.9901543855667114,True,1.476816237300227e-06,0.000455577828688547,2.8627997380681336e-05,0.0009892939124256372,0.00041976201464422047,0.9901543855667114,0.007266410160809755,0.0005897054797969759,3.255326009821147e-05,6.217145710252225e-05
clip_zero_shot,translation_8_down,test_04966,4966,5,dog,5,dog,0.9785455465316772,True,2.5715613446664065e-05,0.0005302776116877794,0.00037226875429041684,0.005196455866098404,0.00221108365803957,0.9785455465316772,0.0036108186468482018,0.008625929243862629,0.0005271091940812767,0.0003547176020219922
clip_zero_shot,translation_8_down,test_07955,7955,1,bird,1,bird,0.999148964881897,True,3.505095446598716e-05,0.999148964881897,9.673615568317473e-05,0.00013472304271999747,4.5341395889408886e-05,0.000328111054841429,1.607175545359496e-05,8.550901839043945e-05,6.854898674646392e-05,4.0896182326832786e-05
clip_zero_shot,translation_8_down,test_06288,6288,4,deer,4,deer,0.9963567852973938,True,5.536943262995919e-06,0.0005173826939426363,0.00010477418982191011,0.00018531002569943666,0.9963567852973938,0.001029727514833212,0.0015630562556907535,0.00012606689415406436,7.961531082401052e-05,3.1722651328891516e-05
clip_zero_shot,translation_8_down,test_07810,7810,8,ship,8,ship,0.9983199238777161,True,5.427988071460277e-05,0.0002195052511524409,9.207589027937502e-05,4.41262818640098e-05,4.855743463849649e-05,0.0001248727203346789,9.971684630727395e-05,0.00020936629152856767,0.9983199238777161,0.0007875642622821033
clip_zero_shot,translation_8_down,test_01927,1927,7,monkey,7,monkey,0.9990577101707458,True,1.9346698820754682e-07,0.00015555170830339193,1.8964992705150507e-05,0.00015965716738719493,4.1553739720257e-06,0.0005263350903987885,5.110060010338202e-05,0.9990577101707458,6.656526238657534e-06,1.9649547539302148e-05
clip_zero_shot,translation_8_down,test_01871,1871,1,bird,1,bird,0.8943918943405151,True,0.0002545946917962283,0.8943918943405151,0.00460610818117857,0.01361161284148693,0.0007272536749951541,0.04284090921282768,0.027276774868369102,0.00039573744288645685,0.0016074437880888581,0.014287665486335754
clip_zero_shot,translation_8_down,test_06922,6922,5,dog,5,dog,0.9860910177230835,True,2.473688800819218e-05,0.0007821095059625804,7.949545397423208e-05,0.002516204956918955,0.0013568006688728929,0.9860910177230835,0.008049982599914074,0.0005830453592352569,0.0003247743006795645,0.00019187084399163723
clip_zero_shot,translation_8_down,test_03512,3512,4,deer,4,deer,0.9985778331756592,True,5.487352723321237e-07,0.00010836626461241394,1.0442667189636268e-05,0.00010297062544850633,0.9985778331756592,0.0009840590646490455,0.00015458458801731467,5.414240149548277e-05,3.7105164665263146e-06,3.2487330372532597e-06
clip_zero_shot,translation_8_down,test_04754,4754,6,horse,6,horse,0.9971605539321899,True,9.37223489927419e-07,0.00016711816715542227,2.551008583395742e-05,6.454935646615922e-05,0.00187216408085078,0.0006524366326630116,0.9971605539321899,2.5435751012992114e-05,7.801401807228103e-06,2.3466460334020667e-05
clip_zero_shot,translation_8_down,test_00714,714,2,car,2,car,0.9130798578262329,True,0.00031667956500314176,0.00013394333655014634,0.9130798578262329,9.349494939669967e-05,0.00012611018610186875,0.0005916646914556623,0.0007378119044005871,8.21549620013684e-05,0.004013903439044952,0.08082433044910431
clip_zero_shot,translation_8_down,test_02191,2191,8,ship,8,ship,0.9973965883255005,True,4.167930455878377e-05,0.0006559016765095294,6.98046205798164e-05,5.7270965044153854e-05,0.00011751955753425136,0.000190665406989865,0.0002175482950406149,0.0003810917551163584,0.9973965883255005,0.0008719402248971164
clip_zero_shot,translation_8_down,test_04615,4615,0,airplane,0,airplane,0.9360009431838989,True,0.9360009431838989,0.04301684349775314,0.0017757915193215013,0.0005960387643426657,0.0016872480046004057,0.0016080528730526567,0.0017039715312421322,0.0027289283461868763,0.009876028634607792,0.0010060769272968173
clip_zero_shot,translation_8_down,test_04662,4662,8,ship,8,ship,0.996105968952179,True,1.3649701941176318e-05,0.0002882630215026438,0.0001645790907787159,4.794926644535735e-05,7.566159183625132e-05,9.301690442953259e-05,0.0004660453414544463,0.00019019510364159942,0.996105968952179,0.0025546494871377945
clip_zero_shot,translation_8_down,test_05915,5915,9,truck,9,truck,0.9345000386238098,True,0.00031967650284059346,0.0002456272777635604,0.062023892998695374,0.00012181912461528555,0.00017676317656878382,0.00034607163979671896,0.0005001934478059411,0.00018278273637406528,0.0015831151977181435,0.9345000386238098
clip_zero_shot,translation_8_down,test_00766,766,4,deer,6,horse,0.9603117108345032,False,1.060082286130637e-05,0.0005319322808645666,0.00020478462101891637,0.0005947753670625389,0.021454062312841415,0.008551090955734253,0.9603117108345032,0.007928947918117046,3.3265048841712996e-05,0.0003786836168728769
clip_zero_shot,translation_8_down,test_05218,5218,2,car,2,car,0.968302845954895,True,0.0004424598882906139,0.0032103725243359804,0.968302845954895,0.0001965250849025324,0.0008250361424870789,0.00038761485484428704,0.0070740533992648125,0.001410437747836113,0.0033933587837964296,0.014757407829165459
clip_zero_shot,translation_8_down,test_02340,2340,8,ship,8,ship,0.9953059554100037,True,6.829405901953578e-05,0.0006415782845579088,0.000366370688425377,6.031149678165093e-05,0.00013023469364270568,0.0001624749565962702,0.00048591717495583,0.00024975399719551206,0.9953059554100037,0.002529165940359235
clip_zero_shot,translation_8_down,test_01954,1954,8,ship,8,ship,0.9917442202568054,True,0.0008185533806681633,0.00036913182702846825,0.0010925558162853122,2.7823847631225362e-05,5.065854929853231e-05,0.00041005242383107543,0.0003925200435332954,7.426304364344105e-05,0.9917442202568054,0.00502019003033638
clip_zero_shot,translation_8_down,test_07875,7875,8,ship,8,ship,0.9970281720161438,True,0.0005264664650894701,0.00016034069994930178,0.00037439024890773,5.0828501116484404e-05,5.636018977384083e-05,0.0001323811011388898,0.00010243559518130496,0.00015260616783052683,0.9970281720161438,0.0014160149730741978
clip_zero_shot,translation_8_down,test_03418,3418,6,horse,6,horse,0.9989919066429138,True,8.254613931057975e-06,0.00014769041445106268,2.7515563488123007e-05,0.00015208708646241575,0.00019627774599939585,0.00039726559771224856,0.9989919066429138,2.5829998776316643e-05,1.7451204257667996e-05,3.558904427336529e-05
clip_zero_shot,translation_8_down,test_05572,5572,9,truck,9,truck,0.895090639591217,True,0.000652461254503578,0.007358834147453308,0.03869441896677017,0.012523386627435684,0.01791970431804657,0.007708462420850992,0.006619316525757313,0.011442717164754868,0.0019900701008737087,0.895090639591217
clip_zero_shot,translation_8_down,test_05977,5977,7,monkey,7,monkey,0.994692862033844,True,1.938121840794338e-06,0.001980339176952839,3.584402656997554e-05,0.000305856199702248,2.0742072592838667e-06,0.0014721264597028494,0.00138189853169024,0.994692862033844,5.282077836454846e-05,7.436814485117793e-05
clip_zero_shot,translation_8_down,test_05123,5123,1,bird,1,bird,0.9923466444015503,True,7.245373853947967e-05,0.9923466444015503,0.0001517908531241119,0.0002593916142359376,7.244793960126117e-05,0.0011323236394673586,0.0005500157130882144,0.004554811865091324,0.0004834441060665995,0.0003767401212826371
clip_zero_shot,translation_8_down,test_05851,5851,9,truck,9,truck,0.996004045009613,True,1.6127985873026773e-05,0.0001292326778639108,0.002772074658423662,0.00011723936768248677,6.768941966583952e-05,0.0001225566229550168,0.0003061793395318091,2.9470640583895147e-05,0.00043534956057555974,0.996004045009613
clip_zero_shot,translation_8_down,test_04094,4094,9,truck,9,truck,0.9887673258781433,True,0.0002604011388029903,0.00015158011228777468,0.009254981763660908,5.0556511268951e-05,4.8335117753595114e-05,0.00011828668357338756,0.0002805218973662704,3.256717536714859e-05,0.0010353937977924943,0.9887673258781433
clip_zero_shot,translation_8_down,test_04254,4254,6,horse,6,horse,0.9993122816085815,True,2.185416406064178e-06,7.615674257976934e-05,1.3025105545239057e-05,8.994311065180227e-05,8.619211439508945e-05,0.0003637888003140688,0.9993122816085815,1.2008334124402609e-05,2.4894306989153847e-05,1.9506289390847087e-05
clip_zero_shot,translation_8_down,test_02501,2501,7,monkey,7,monkey,0.9967617392539978,True,1.271598375751637e-05,0.0004614291829057038,4.243154762662016e-05,0.00021796952933073044,3.0742659873794764e-05,0.0012898666318506002,0.0009835836244747043,0.9967617392539978,6.140764890005812e-05,0.0001380763278575614
clip_zero_shot,translation_8_down,test_06938,6938,1,bird,1,bird,0.9996383190155029,True,8.222936230595224e-06,0.9996383190155029,3.860813012579456e-05,3.6225355870556086e-05,2.672710979823023e-05,0.0001429756812285632,7.717193511780351e-06,2.1537407519645058e-05,6.194429442984983e-05,1.7671605746727437e-05
clip_zero_shot,translation_8_down,test_00171,171,4,deer,4,deer,0.9973015189170837,True,6.503835720650386e-06,0.0004559480003081262,2.397763637418393e-05,8.293979772133753e-05,0.9973015189170837,0.00095880136359483,0.0009503787150606513,0.0001833856076700613,1.1350562999723479e-05,2.518731889722403e-05
clip_zero_shot,translation_8_down,test_04215,4215,3,cat,3,cat,0.9853288531303406,True,9.174311708193272e-05,0.0028617086354643106,0.0005782605148851871,0.9853288531303406,0.00035263437894172966,0.005688994657248259,0.00045241080806590617,0.003500745864585042,0.000959988625254482,0.00018460156570654362
clip_zero_shot,translation_8_down,test_05705,5705,8,ship,8,ship,0.9983445405960083,True,2.201814641011879e-05,0.0001102765163523145,9.934209811035544e-05,2.431406028335914e-05,4.110017835046165e-05,3.742070839507505e-05,0.00015274967881850898,0.00017828942509368062,0.9983445405960083,0.000989999738521874
clip_zero_shot,translation_8_down,test_03458,3458,4,deer,4,deer,0.9911773204803467,True,4.741048178402707e-05,0.0009190038545057178,0.00014115763769950718,3.7716468796133995e-05,0.9911773204803467,0.0017349189147353172,0.005528260953724384,0.00017594547534827143,3.9750233554514125e-05,0.00019865756621584296
clip_zero_shot,translation_8_down,test_01220,1220,7,monkey,7,monkey,0.9806930422782898,True,1.9357480596227106e-06,0.0004111143061891198,8.866077405400574e-05,0.006355477962642908,0.0011179082794114947,0.01033054944127798,0.0009396206005476415,0.9806930422782898,1.8303479009773582e-05,4.3380248825997114e-05
clip_zero_shot,translation_8_down,test_00962,962,8,ship,8,ship,0.996025562286377,True,0.00016515979950781912,0.0007528371061198413,0.0003170377167407423,9.285767009714618e-05,0.00012851502106059343,0.00012480621808208525,0.0005460395477712154,0.0005222783074714243,0.996025562286377,0.0013248537434265018
clip_zero_shot,translation_8_down,test_02950,2950,5,dog,5,dog,0.9719653129577637,True,3.591414861148223e-05,0.0009471819503232837,0.00021987120271660388,0.007278551813215017,0.0024194291327148676,0.9719653129577637,0.01264374703168869,0.0039112805388867855,0.00019696350500453264,0.00038162822602316737
clip_zero_shot,translation_8_down,test_02623,2623,5,dog,5,dog,0.9045931696891785,True,8.681848703417927e-05,0.000903698499314487,0.00023666243941988796,0.009545709937810898,0.00991202425211668,0.9045931696891785,0.05830905959010124,0.016102956607937813,0.00015588136739097536,0.00015404913574457169
clip_zero_shot,translation_8_down,test_04539,4539,0,airplane,0,airplane,0.9765534996986389,True,0.9765534996986389,0.012445802800357342,0.0023112394846975803,0.0004926256369799376,0.00019981204241048545,0.0011095097288489342,0.0020071971230208874,0.001877544797025621,0.0023302556946873665,0.0006724204868078232
clip_zero_shot,translation_8_down,test_01553,1553,0,airplane,0,airplane,0.9604620337486267,True,0.9604620337486267,0.013307367451488972,0.0010753325186669827,0.0002884265559259802,0.00023866385163273662,0.00038109507295303047,0.0006139073520898819,0.0005414201295934618,0.022582389414310455,0.0005093500949442387
clip_zero_shot,translation_8_down,test_04740,4740,4,deer,4,deer,0.9780725240707397,True,7.570145044155652e-06,0.00030747681739740074,8.482855628244579e-05,0.0005673482082784176,0.9780725240707397,0.01023097988218069,0.005496361292898655,0.005110747646540403,2.286223570990842e-05,9.937571303453296e-05
clip_zero_shot,translation_8_down,test_06844,6844,0,airplane,0,airplane,0.7211394309997559,True,0.7211394309997559,0.2132607400417328,0.02958487719297409,0.0020368488039821386,0.0002785549149848521,0.0038607725873589516,0.004561491776257753,0.008177855052053928,0.013273310847580433,0.003826193045824766
clip_zero_shot,translation_8_down,test_02668,2668,7,monkey,7,monkey,0.9704087376594543,True,9.045090223480656e-07,0.004950802307575941,3.4337546821916476e-05,0.002283330773934722,0.013869436457753181,0.008185254409909248,0.00022528231784235686,0.9704087376594543,7.423961505992338e-06,3.4527871321188286e-05
clip_zero_shot,translation_8_down,test_03153,3153,7,monkey,7,monkey,0.7019105553627014,True,7.748156349407509e-06,0.00879700668156147,0.00029428800917230546,0.11113084852695465,0.07601933181285858,0.08407609909772873,0.01733618974685669,0.7019105553627014,0.000131035631056875,0.00029687178903259337
clip_zero_shot,translation_8_down,test_05135,5135,4,deer,4,deer,0.993259072303772,True,2.0961317659384804e-06,0.0004474333254620433,3.531893526087515e-05,0.0002796363551169634,0.993259072303772,0.005569834727793932,0.00027596813743002713,0.00010953851597150788,5.592009983956814e-06,1.5679888747399673e-05
clip_zero_shot,translation_8_down,test_02291,2291,3,cat,3,cat,0.9190365076065063,True,4.910831194138154e-06,0.0004143774858675897,0.0012844023294746876,0.9190365076065063,0.0018270815489813685,0.02874651364982128,0.0005014666239731014,0.04773246496915817,0.00017734126595314592,0.0002748575643636286
clip_zero_shot,translation_8_down,test_00116,116,1,bird,1,bird,0.997011661529541,True,0.00024236590252257884,0.997011661529541,0.00020549132023006678,0.000385596213163808,8.266603981610388e-05,0.001269746571779251,0.00015171730774454772,3.231122900615446e-05,0.00011147847544634715,0.0005069532780908048
clip_zero_shot,translation_8_down,test_07797,7797,3,cat,3,cat,0.9820475578308105,True,9.488046089245472e-06,0.0015325809363275766,0.0013567558489739895,0.9820475578308105,0.0063511962071061134,0.004340352024883032,0.0005599928554147482,0.0029889210127294064,0.0005781129002571106,0.0002350620779907331
clip_zero_shot,translation_8_down,test_04609,4609,3,cat,7,monkey,0.40761858224868774,False,1.503367116129084e-06,0.010572104714810848,0.0001988698058994487,0.26784080266952515,0.025720184668898582,0.286335289478302,0.0016147731803357601,0.40761858224868774,4.2688163375714794e-05,5.5153413995867595e-05
clip_zero_shot,translation_8_down,test_00081,81,0,airplane,0,airplane,0.9220690727233887,True,0.9220690727233887,0.031291548162698746,0.02396196871995926,0.002676848554983735,0.001650130725465715,0.0032694004476070404,0.0034330987837165594,0.0007539791404269636,0.009953251108527184,0.0009407273610122502
clip_zero_shot,translation_8_down,test_05580,5580,6,horse,6,horse,0.997947633266449,True,2.4945189579739235e-05,0.00010018418834079057,0.0001127241484937258,0.00034914002753794193,0.00023260890156961977,0.0010768513893708587,0.997947633266449,5.047926970291883e-05,1.731607881083619e-05,8.814333705231547e-05
clip_zero_shot,translation_8_down,test_03024,3024,2,car,2,car,0.9771866798400879,True,0.0007662863936275244,0.0004923971719108522,0.9771866798400879,0.0004054159508086741,1.7444330296711996e-05,0.0009041641023941338,0.00043935273424722254,4.4585016439668834e-05,0.0007437479216605425,0.018999850377440453
clip_zero_shot,translation_8_down,test_02766,2766,5,dog,5,dog,0.9538683295249939,True,6.955195567570627e-05,0.002515080152079463,0.00018307275604456663,0.0015885846223682165,0.010542793199419975,0.9538683295249939,0.024704372510313988,0.005306065082550049,0.00031883514020591974,0.0009033407550305128
clip_zero_shot,translation_8_down,test_05000,5000,8,ship,8,ship,0.9968457818031311,True,0.000248672382440418,0.00015611137496307492,0.0004165972350165248,2.904717985074967e-05,5.447769945021719e-05,0.00010630895849317312,0.0001851130073191598,0.0005207202048040926,0.9968457818031311,0.0014371569268405437
clip_zero_shot,translation_8_down,test_02610,2610,6,horse,6,horse,0.9827577471733093,True,2.1621843188768253e-05,0.0005531384376809001,0.00018477281264495105,0.0006355216028168797,0.007802767679095268,0.006300376728177071,0.9827577471733093,0.001405308023095131,0.00011272315896349028,0.0002260945038869977
clip_zero_shot,translation_8_down,test_02024,2024,0,airplane,0,airplane,0.9235814809799194,True,0.9235814809799194,0.034130387008190155,0.006984102539718151,0.0024910373613238335,0.004257991909980774,0.0032373638823628426,0.0015651077264919877,0.008702355436980724,0.013886366970837116,0.0011638459982350469
clip_zero_shot,translation_8_down,test_06097,6097,4,deer,4,deer,0.9568303227424622,True,5.439452434075065e-05,0.0010947397677227855,0.0002330119750695303,7.835829455871135e-05,0.9568303227424622,0.003311245469376445,0.037556570023298264,0.0001487821718910709,0.00015026745677459985,0.0005425321869552135
clip_zero_shot,translation_8_down,test_00964,964,6,horse,6,horse,0.991489052772522,True,3.123734495602548e-05,0.0011792657896876335,0.0006678762729279697,0.00210468377918005,0.0010409405222162604,0.0021608835086226463,0.991489052772522,0.00041676018736325204,0.0006444365717470646,0.0002649109228514135
clip_zero_shot,translation_8_down,test_07634,7634,0,airplane,0,airplane,0.9603200554847717,True,0.9603200554847717,0.021639226004481316,0.003074919106438756,0.00022546922264155,0.000957830750849098,0.0014967620372772217,0.0016634899657219648,0.002380926860496402,0.0077517107129096985,0.0004895163583569229
clip_zero_shot,translation_8_down,test_06434,6434,8,ship,8,ship,0.9992486834526062,True,3.311408363515511e-05,5.2472019888227805e-05,5.2180297643644735e-05,1.1706795703503303e-05,1.4122896573098842e-05,4.82303585158661e-05,2.9747432563453913e-05,5.285119914333336e-05,0.9992486834526062,0.0004568373260553926
clip_zero_shot,translation_8_down,test_05183,5183,2,car,2,car,0.9831076860427856,True,0.0010996541241183877,0.0005001142853870988,0.9831076860427856,0.0005003490368835628,0.00012154539581388235,0.00023121909180190414,0.0012787904124706984,0.00019294404773972929,0.0006495716515928507,0.012318250723183155
clip_zero_shot,translation_8_down,test_06986,6986,0,airplane,0,airplane,0.8155023455619812,True,0.8155023455619812,0.00556838046759367,0.0011333562433719635,0.00015558947052340955,0.00017547998868394643,0.0006225080578587949,0.000113718728243839,0.00016981587396003306,0.17630286514759064,0.0002559281711000949
clip_zero_shot,translation_8_down,test_00645,645,5,dog,5,dog,0.883786678314209,True,5.05114185216371e-05,0.00042471991037018597,0.0001363514456897974,0.0004979914519935846,0.005927484482526779,0.883786678314209,0.10611505061388016,0.0009888492058962584,0.0003095846623182297,0.0017628310015425086
clip_zero_shot,translation_8_down,test_03347,3347,0,airplane,0,airplane,0.9796390533447266,True,0.9796390533447266,0.012810661457479,0.0016024149954319,0.00039206602377817035,0.0002272456476930529,0.0005845656851306558,0.0008284426876343787,0.0021263076923787594,0.0014446271816268563,0.0003447178169153631
clip_zero_shot,translation_8_down,test_05677,5677,2,car,2,car,0.948302686214447,True,0.00018152353004552424,0.00019236313528381288,0.948302686214447,0.00010413804557174444,9.413437510374933e-05,0.0004208005266264081,0.0001273198431590572,1.2717367098957766e-05,0.0016136871417984366,0.04895072802901268
clip_zero_shot,translation_8_down,test_03412,3412,8,ship,8,ship,0.9961584210395813,True,4.0587863622931764e-05,0.0002978003758471459,0.00026973697822541,3.5825156373903155e-05,9.90854314295575e-05,9.978945308830589e-05,0.00021013867808505893,8.545853052055463e-05,0.9961584210395813,0.0027031393256038427
clip_zero_shot,translation_8_down,test_03937,3937,1,bird,1,bird,0.9988081455230713,True,5.434362174128182e-05,0.9988081455230713,0.0001141865286626853,0.00018923773313872516,6.903286248416407e-06,0.00014349023695103824,0.000105689097836148,0.00027803180273622274,0.0001795947173377499,0.00012052773672621697
clip_zero_shot,translation_8_down,test_00873,873,6,horse,6,horse,0.9492290019989014,True,2.3539503217762103e-06,0.0005262589547783136,3.6917830584570765e-05,0.0004153984773438424,0.04471445828676224,0.004258177243173122,0.9492290019989014,0.0007829474052414298,6.109596597525524e-06,2.8406913770595565e-05
clip_zero_shot,translation_8_down,test_02167,2167,9,truck,9,truck,0.9946932196617126,True,5.123855953570455e-05,0.00011002523388015106,0.0019369872752577066,7.725149771431461e-05,7.515013567171991e-05,0.00015345049905590713,0.0002463767887093127,0.00013035177835263312,0.002525902818888426,0.9946932196617126
clip_zero_shot,translation_8_down,test_06490,6490,3,cat,3,cat,0.7898815274238586,True,0.0006527599762193859,0.026915594935417175,0.0659257024526596,0.7898815274238586,0.0029305103234946728,0.016870291903614998,0.002117541851475835,0.06991274654865265,0.02121124416589737,0.00358219095505774
clip_zero_shot,translation_8_down,test_00738,738,3,cat,3,cat,0.961973249912262,True,3.451803422649391e-05,0.00585319334641099,0.0017961718840524554,0.961973249912262,0.0005036140792071819,0.01631159707903862,0.0007979788933880627,0.010539335198700428,0.002076819073408842,0.00011340522905811667
clip_zero_shot,translation_8_down,test_06616,6616,2,car,2,car,0.9448607563972473,True,0.0003774050564970821,0.0021567284129559994,0.9448607563972473,0.00043614229070954025,0.0008436820935457945,0.0004448411345947534,0.0007920718053355813,0.0006204249220900238,0.001286606304347515,0.04818148538470268
clip_zero_shot,translation_8_down,test_04093,4093,6,horse,6,horse,0.9974496960639954,True,1.070209782483289e-05,0.0002929336333181709,0.00043332771747373044,0.0002312178839929402,0.0007475444581359625,0.0005034528439864516,0.9974496960639954,0.00010324700269848108,0.00015432191139552742,7.36076690373011e-05
clip_zero_shot,translation_8_down,test_05788,5788,9,truck,9,truck,0.8520520329475403,True,0.002256643259897828,0.00382798258215189,0.1040341705083847,0.002281950553879142,0.0013851955300197005,0.0025905475486069918,0.016978997737169266,0.0023600433487445116,0.012232430279254913,0.8520520329475403
clip_zero_shot,translation_8_down,test_07818,7818,8,ship,8,ship,0.9823452830314636,True,0.0004364681662991643,0.0004564360133372247,0.0007182239787653089,0.0008576951804570854,0.00046878389548510313,0.00029458932112902403,0.000522117072250694,0.0009137521265074611,0.9823452830314636,0.01298672053962946
clip_zero_shot,translation_8_down,test_00304,304,1,bird,1,bird,0.9818068742752075,True,8.453812915831804e-05,0.9818068742752075,0.00035119301173835993,0.0013083667727187276,0.009532447904348373,0.0016607174184173346,0.003799470141530037,0.001015429850667715,0.00038535785279236734,5.5460921430494636e-05
clip_zero_shot,translation_8_down,test_02082,2082,2,car,2,car,0.8971871137619019,True,0.00010737942648120224,0.0011303697247058153,0.8971871137619019,0.0002410210290690884,6.392697832779959e-05,0.0019405381754040718,0.00039224608917720616,0.0007112324819900095,0.0005779765197075903,0.09764816612005234
clip_zero_shot,translation_8_down,test_02746,2746,7,monkey,7,monkey,0.9982530474662781,True,2.2774776198275504e-07,0.0007592284237034619,8.989984053187072e-06,0.0002192796382587403,1.7028522051987238e-05,0.0006851172656752169,4.658770194509998e-05,0.9982530474662781,3.979439952672692e-06,6.5908257056435104e-06
clip_zero_shot,translation_8_down,test_07944,7944,4,deer,4,deer,0.9518014788627625,True,0.0001389235840179026,0.0015284722903743386,0.00597189087420702,0.007397234905511141,0.9518014788627625,0.027269190177321434,0.0021181590855121613,0.00018849136540666223,0.0023789044935256243,0.001207390334457159
clip_zero_shot,translation_8_down,test_06689,6689,8,ship,8,ship,0.9699208736419678,True,0.0006118231685832143,0.0014911044854670763,0.001778576523065567,0.0007621019030921161,0.0005248394445516169,0.0016088493866845965,0.0011966219171881676,0.0007992336177267134,0.9699208736419678,0.02130591683089733
clip_zero_shot,translation_8_down,test_02414,2414,9,truck,9,truck,0.9713030457496643,True,0.00027571222744882107,0.0006652238662354648,0.017208820208907127,0.0006071761017665267,0.0023698408622294664,0.0007660273113287985,0.0009781225817278028,0.00010472763824509457,0.005721317604184151,0.9713030457496643
clip_zero_shot,translation_8_down,test_03779,3779,6,horse,6,horse,0.9988822340965271,True,8.189960681193043e-06,9.238730854121968e-05,0.000131892942590639,9.968151425709948e-05,0.00025887490483000875,0.000320859020575881,0.9988822340965271,3.092020779149607e-05,7.159674714785069e-05,0.00010333673708373681
clip_zero_shot,translation_8_down,test_02095,2095,1,bird,1,bird,0.969754695892334,True,0.0005925280856899917,0.969754695892334,0.002975211711600423,0.009091141633689404,0.00034076813608407974,0.004164427984505892,0.0007774134282954037,0.010266561061143875,0.0005483899731189013,0.001488746260292828
clip_zero_shot,translation_8_down,test_07262,7262,0,airplane,0,airplane,0.9549731016159058,True,0.9549731016159058,0.02046634815633297,0.006245336961001158,0.0013070030836388469,8.036894723773003e-05,0.0014877724461257458,0.0011376705951988697,0.004226281773298979,0.00934169627726078,0.0007343602483160794
clip_zero_shot,translation_8_down,test_05694,5694,8,ship,8,ship,0.9958447813987732,True,0.0003848886117339134,0.0007174650672823191,0.000994429225102067,6.705988926114514e-05,0.00010558839130681008,9.473641694057733e-05,0.0012552051339298487,0.0002087333268718794,0.9958447813987732,0.0003271994646638632
clip_zero_shot,translation_8_down,test_07413,7413,5,dog,5,dog,0.8184619545936584,True,1.4054265875529381e-06,0.0019854456186294556,0.0001486292021581903,0.15632572770118713,0.0017392107984051108,0.8184619545936584,0.005678989924490452,0.015395252965390682,0.00010475057933945209,0.00015856418758630753
clip_zero_shot,translation_8_down,test_06805,6805,1,bird,1,bird,0.9887296557426453,True,0.0066183265298604965,0.9887296557426453,0.00033119507133960724,0.00011262135376455262,0.00018727393762674183,0.0007216132944449782,0.001340320915915072,0.0003633250598795712,0.0010281087597832084,0.0005674161366187036
clip_zero_shot,translation_8_down,test_03446,3446,7,monkey,7,monkey,0.9985836744308472,True,4.4159031631352264e-07,0.0004196286608930677,4.5776400838803966e-06,0.00020522456907201558,0.0002724016085267067,0.00046438470599241555,4.400999750941992e-05,0.9985836744308472,2.2590445496462053e-06,3.4158440485043684e-06
clip_zero_shot,translation_8_down,test_02807,2807,5,dog,5,dog,0.5055312514305115,True,9.485148621024564e-05,0.011753134429454803,0.0009764429996721447,0.29614531993865967,0.1264849454164505,0.5055312514305115,0.0075319549068808556,0.0503813736140728,0.000502276117913425,0.0005983329610899091
clip_zero_shot,translation_8_down,test_07940,7940,4,deer,4,deer,0.9956945180892944,True,2.6393529424240114e-06,0.00043542517232708633,4.8577479901723564e-05,0.0001673154765740037,0.9956945180892944,0.0012389024486765265,0.001770450035110116,0.0005828611319884658,2.3190528736449778e-05,3.601677235565148e-05
clip_zero_shot,translation_8_down,test_04172,4172,7,monkey,7,monkey,0.4885139465332031,True,1.2919934306410141e-05,0.4606238007545471,0.00033053132938221097,0.011716079898178577,0.019224990159273148,0.017164478078484535,0.0014059663517400622,0.4885139465332031,0.00045584054896607995,0.0005513966898433864
clip_zero_shot,translation_8_down,test_07744,7744,3,cat,3,cat,0.9723182916641235,True,5.668799713021144e-05,0.0027450639754533768,0.00030932287336327136,0.9723182916641235,0.00041871421854011714,0.01572076790034771,0.001415522419847548,0.006442493759095669,0.0005219248705543578,5.126307951286435e-05
clip_zero_shot,translation_8_down,test_01586,1586,2,car,2,car,0.9905847907066345,True,3.1697272788733244e-05,0.000728548679035157,0.9905847907066345,0.00021438051771838218,0.00029600539710372686,0.000992699759081006,0.0002805199474096298,0.0019406630890443921,0.000903344654943794,0.004027291666716337
clip_zero_shot,translation_8_down,test_07999,7999,8,ship,8,ship,0.9941051006317139,True,6.359626422636211e-05,0.0004353441181592643,0.0004679388366639614,4.772953252540901e-05,0.00013527758710552007,0.00026494855410419405,0.0002953551011160016,0.0001353232655674219,0.9941051006317139,0.00404931977391243
clip_zero_shot,translation_8_down,test_06349,6349,1,bird,1,bird,0.9881314039230347,True,3.3308446290902793e-05,0.9881314039230347,0.0004025883390568197,0.002166741993278265,0.0009728252189233899,0.0011974789667874575,0.00012408537440933287,0.0061414591036736965,0.0003498421865515411,0.0004802551993634552
clip_zero_shot,translation_8_down,test_06594,6594,1,bird,1,bird,0.9936954379081726,True,0.0030359888914972544,0.9936954379081726,0.00011222906323382631,0.000180044153239578,8.00953566795215e-05,0.0004998131771571934,0.00016594829503446817,1.771479583112523e-05,0.0019906098023056984,0.00022227437875699252
clip_zero_shot,translation_8_down,test_02109,2109,8,ship,8,ship,0.9994180202484131,True,2.8651393222389743e-05,0.000164967990713194,4.051289943163283e-05,2.0857356503256597e-05,1.3509124073607381e-05,3.757530066650361e-05,0.00018649375124368817,2.2248661480261944e-05,0.9994180202484131,6.714741903124377e-05
clip_zero_shot,translation_8_down,test_03079,3079,1,bird,1,bird,0.9991313815116882,True,7.520349026890472e-05,0.9991313815116882,0.0001297693233937025,0.0001443110522814095,1.1530342817422934e-05,0.0001658803375903517,6.525871867779642e-05,7.982514216564596e-05,9.898557618726045e-05,9.772679914021865e-05
clip_zero_shot,translation_8_down,test_02070,2070,1,bird,1,bird,0.9958761930465698,True,3.419656422920525e-05,0.9958761930465698,0.00015815740334801376,0.0010250480845570564,0.0004571541794575751,0.0017045801505446434,7.16049107722938e-05,0.00044445600360631943,0.00010383142216596752,0.00012479248107410967
clip_zero_shot,translation_8_down,test_00319,319,5,dog,5,dog,0.979736328125,True,6.317007500911132e-05,0.0024952543899416924,0.00020641523587983102,0.005208250135183334,0.0016122778179123998,0.979736328125,0.003446266520768404,0.006775551475584507,0.00027593920822255313,0.0001805709325708449
clip_zero_shot,translation_8_down,test_02888,2888,0,airplane,0,airplane,0.9694040417671204,True,0.9694040417671204,0.01825528033077717,0.005458142142742872,0.00020546406449284405,0.00027862723800353706,0.00018074923718813807,0.0016287193866446614,0.0002543470764067024,0.004018682986497879,0.00031594710890203714
clip_zero_shot,translation_8_down,test_06224,6224,5,dog,5,dog,0.9885407090187073,True,6.471258302553906e-07,8.326346869580448e-05,3.438013300183229e-05,0.00108111253939569,0.001747590838931501,0.9885407090187073,0.007933449931442738,0.0004272774385754019,2.075843804050237e-05,0.00013079759082756937
clip_zero_shot,translation_8_down,test_03353,3353,5,dog,5,dog,0.5109443664550781,True,0.00027947992202825844,0.011145702563226223,0.001967014279216528,0.07399124652147293,0.008211775682866573,0.5109443664550781,0.01013605110347271,0.3794648349285126,0.0016785115003585815,0.0021809814497828484
clip_zero_shot,translation_8_down,test_06244,6244,2,car,2,car,0.9769390225410461,True,0.00011149780766572803,0.002347264438867569,0.9769390225410461,0.0009148222743533552,0.0010229882318526506,0.0024616909213364124,0.0006055585108697414,0.003454808844253421,0.006075834855437279,0.006066478788852692
clip_zero_shot,translation_8_down,test_04704,4704,7,monkey,7,monkey,0.998305082321167,True,5.872670499229571e-06,0.0008255242719314992,3.6622343031922355e-05,0.0003354220825713128,2.412840331089683e-05,0.00038748487713746727,3.989164179074578e-05,0.998305082321167,1.6172585674212314e-05,2.379164652666077e-05
clip_zero_shot,translation_8_down,test_02427,2427,5,dog,5,dog,0.9809315800666809,True,4.150042514083907e-06,0.0008782959775999188,7.966585690155625e-05,0.0012150726979598403,0.000697709561791271,0.9809315800666809,0.012140330858528614,0.003737757680937648,4.3691434257198125e-05,0.0002717188326641917
clip_zero_shot,translation_8_down,test_07995,7995,9,truck,9,truck,0.9730759859085083,True,2.1734507754445076e-05,2.7090594812761992e-05,0.026483582332730293,2.5307335818069987e-05,2.4848730390658602e-05,8.252388943219557e-05,0.00017591146752238274,1.6817989489936735e-06,8.12568687251769e-05,0.9730759859085083
clip_zero_shot,translation_8_down,test_01124,1124,4,deer,4,deer,0.9982795715332031,True,4.150934273638995e-06,0.0004019055049866438,2.0389568817336112e-05,9.288142609875649e-05,0.9982795715332031,0.000999893993139267,0.00014081783592700958,3.781215491471812e-05,1.344848806184018e-05,9.166752533928957e-06
clip_zero_shot,translation_8_down,test_06733,6733,1,bird,1,bird,0.964118480682373,True,4.4592434278456494e-05,0.964118480682373,0.0007335091358982027,0.004571626894176006,0.00019113208691123873,0.015811366960406303,0.011600167490541935,0.0003551012196112424,0.00026857975171878934,0.002305318135768175
clip_zero_shot,translation_8_down,test_02062,2062,9,truck,9,truck,0.9933164119720459,True,6.575520819751546e-05,0.00012094718113075942,0.004633358214050531,9.390476770931855e-05,0.00014826645201537758,0.0001417245075572282,0.0006960427854210138,1.8898528651334345e-05,0.0007646853337064385,0.9933164119720459
clip_zero_shot,translation_8_down,test_00805,805,9,truck,9,truck,0.9777906537055969,True,0.0007772735552862287,0.0004310554068069905,0.012745583429932594,0.00010508704872336239,0.00012989284005016088,0.0004438216856215149,0.0024713058955967426,0.0024952676612883806,0.002610074821859598,0.9777906537055969
clip_zero_shot,translation_8_down,test_02028,2028,3,cat,3,cat,0.8355485796928406,True,2.0960599158570403e-06,0.00225400784984231,0.000952179660089314,0.8355485796928406,0.02116706594824791,0.1236264631152153,0.0007706985925324261,0.015388078056275845,0.0001595512731000781,0.00013117997150402516
clip_zero_shot,translation_8_down,test_02392,2392,2,car,2,car,0.9326871633529663,True,0.0009270741138607264,0.0013120478251948953,0.9326871633529663,0.0008181603043340147,0.001532813417725265,0.001057801186107099,0.010571985505521297,0.0013076134491711855,0.003361050272360444,0.04642416164278984
clip_zero_shot,translation_8_down,test_03292,3292,6,horse,6,horse,0.9947602152824402,True,3.913398541044444e-05,0.00033401817199774086,0.0005601716693490744,0.0002384799299761653,0.0012117711594328284,0.0014302547788247466,0.9947602152824402,0.0003811916394624859,0.0008461090619675815,0.0001986529241548851
clip_zero_shot,translation_8_down,test_01440,1440,7,monkey,7,monkey,0.9996416568756104,True,8.898922487787786e-08,5.002621401217766e-05,3.986306182923727e-06,8.04370574769564e-05,6.511590527225053e-06,0.00017781050701159984,3.415827450226061e-05,0.9996416568756104,1.920114300446585e-06,3.4621671147760935e-06
clip_zero_shot,translation_8_down,test_01115,1115,1,bird,1,bird,0.9878755211830139,True,1.1314101357129402e-05,0.9878755211830139,0.0001654651277931407,0.0006518498412333429,0.00012137270095990971,0.000830975768622011,0.0001952212187461555,0.00981434527784586,0.00014213526446837932,0.00019178481306880713
clip_zero_shot,translation_8_down,test_04242,4242,8,ship,8,ship,0.9916670918464661,True,0.00015552801778540015,0.0006947492365725338,0.00017059237870853394,0.0004612992925103754,0.0006605375092476606,0.0001311652158619836,0.0005274094874039292,0.0008887046133168042,0.9916670918464661,0.004642972256988287
clip_zero_shot,translation_8_down,test_02230,2230,8,ship,8,ship,0.9929757118225098,True,0.00016844914352986962,0.00013386512000579387,0.0002742509532254189,8.183775935322046e-05,3.272450703661889e-05,4.6800108975730836e-05,6.148860848043114e-05,0.00011272809933871031,0.9929757118225098,0.0061120931059122086
clip_zero_shot,translation_8_down,test_03163,3163,2,car,2,car,0.9928867220878601,True,6.76853524055332e-05,0.0004091021837666631,0.9928867220878601,3.668768476927653e-05,7.939010538393632e-05,0.0009666088735684752,0.00027866862365044653,0.0002883965789806098,0.0006141667254269123,0.004372525494545698
clip_zero_shot,translation_8_down,test_00545,545,6,horse,6,horse,0.9652220606803894,True,1.945072472153697e-05,0.00017996675160247833,0.01284248847514391,9.878401760943234e-05,0.0004005001683253795,0.0024336930364370346,0.9652220606803894,0.0036504596937447786,0.0002114912203978747,0.014941084198653698
clip_zero_shot,translation_8_down,test_03863,3863,5,dog,5,dog,0.9754526615142822,True,6.384508742485195e-05,0.0006966981454752386,0.00013237629900686443,0.000894989469088614,0.000614681513980031,0.9754526615142822,0.020398791879415512,0.001036016154102981,0.00020139980188105255,0.0005084704607725143
clip_zero_shot,translation_8_down,test_04748,4748,7,monkey,7,monkey,0.9993801116943359,True,3.725776309693174e-07,0.0002631434181239456,9.083968507184181e-06,0.00019429382518865168,7.2954849201778416e-06,0.00012555754801724106,1.1345661732775625e-05,0.9993801116943359,2.427695562801091e-06,6.470089829235803e-06
clip_zero_shot,translation_8_down,test_02399,2399,4,deer,4,deer,0.9385986328125,True,6.660244252998382e-05,0.002513172570616007,0.00038653015508316457,0.0002564734313637018,0.9385986328125,0.004671365022659302,0.05236545577645302,0.00017138078692369163,0.000702869554515928,0.00026741702458821237
clip_zero_shot,translation_8_down,test_04341,4341,6,horse,6,horse,0.9986709356307983,True,5.933878128416836e-06,9.770952601684257e-05,0.0001137734652729705,6.650653085671365e-05,5.9395770222181454e-05,0.0003057427820749581,0.9986709356307983,2.1239055058686063e-05,0.00013928679982200265,0.000519555585924536
clip_zero_shot,translation_8_down,test_03078,3078,4,deer,4,deer,0.9977983832359314,True,4.816024102183292e-06,0.0009815783705562353,2.9846805773559026e-05,7.410567195620388e-05,0.9977983832359314,0.0006059497827664018,0.00041907880222424865,5.2733033953700215e-05,7.159463166317437e-06,2.644870437507052e-05
clip_zero_shot,translation_8_down,test_03763,3763,4,deer,4,deer,0.9757295846939087,True,6.474654219346121e-05,0.0010866757947951555,0.0003953170671593398,8.720879122847691e-05,0.9757295846939087,0.003783182241022587,0.01783726178109646,0.00012625817907974124,0.00018009023915510625,0.0007097821217030287
clip_zero_shot,translation_8_down,test_02958,2958,6,horse,6,horse,0.9971809387207031,True,1.3691746971744578e-05,0.0002363287640037015,0.0001527772401459515,0.00019011329277418554,0.0008808440179564059,0.0010330629302188754,0.9971809387207031,5.29633070982527e-05,0.00010538055357756093,0.0001539422810310498
clip_zero_shot,translation_8_down,test_06381,6381,6,horse,6,horse,0.9974305033683777,True,2.6885340048465878e-05,7.301965524675325e-05,0.0014003816759213805,4.069794886163436e-05,4.657666795537807e-05,0.0003484815242700279,0.9974305033683777,3.8991900510154665e-05,9.258407953893766e-05,0.0005018181982450187
clip_zero_shot,translation_8_down,test_01640,1640,8,ship,8,ship,0.9972220659255981,True,6.257225322769955e-05,0.00019045468070544302,0.00019422330660745502,3.163051951560192e-05,3.816474782070145e-05,5.9141850215382874e-05,0.0005329415434971452,0.00018665201787371188,0.9972220659255981,0.0014821999939158559
clip_zero_shot,translation_8_down,test_01783,1783,8,ship,8,ship,0.9969943761825562,True,6.227058474905789e-05,0.0003546306979842484,0.0001478252961533144,0.00016374509141314775,0.0002995006216224283,0.00012697360944002867,0.000330278038745746,0.00040323971188627183,0.9969943761825562,0.001117162755690515
clip_zero_shot,translation_8_down,test_03914,3914,3,cat,3,cat,0.9658969044685364,True,0.0001826639927458018,0.006738192867487669,0.0024751340970396996,0.9658969044685364,0.008170557208359241,0.003897588001564145,0.002822845010086894,0.007792504504323006,0.0014066487783566117,0.000616926874499768
clip_zero_shot,translation_8_down,test_01534,1534,6,horse,6,horse,0.9229764342308044,True,0.0006574612925760448,0.0003889226936735213,0.03128412365913391,0.0019381002057343721,0.0015003811568021774,0.017488524317741394,0.9229764342308044,0.012206560000777245,0.002265739254653454,0.009293703362345695
clip_zero_shot,translation_8_down,test_00685,685,5,dog,5,dog,0.985114336013794,True,2.0965171643183567e-05,0.00040625754627399147,8.276812150143087e-05,0.0028872182592749596,0.0013801227323710918,0.985114336013794,0.004380068741738796,0.005384053103625774,0.00012383847206365317,0.00022030113905202597
clip_zero_shot,translation_8_down,test_04617,4617,0,airplane,0,airplane,0.9243255853652954,True,0.9243255853652954,0.042849306017160416,0.006394884083420038,0.001376695348881185,0.00022330536739900708,0.0031750821508467197,0.0012423014268279076,0.013177303597331047,0.006969268433749676,0.00026622108998708427
clip_zero_shot,translation_8_down,test_05508,5508,9,truck,9,truck,0.9822703003883362,True,8.379125210922211e-05,0.00012458549463190138,0.014033184386789799,0.00024779621162451804,8.213375986088067e-05,0.00020120038243476301,0.0002424279518891126,9.714523912407458e-05,0.002617430640384555,0.9822703003883362
clip_zero_shot,translation_8_down,test_01022,1022,9,truck,9,truck,0.943133533000946,True,0.0007036422030068934,0.00027533434331417084,0.04741412028670311,0.0016150552546605468,0.0015539242886006832,0.0014882588293403387,0.00044213997898623347,0.0004929841379635036,0.0028809765353798866,0.943133533000946
clip_zero_shot,translation_8_down,test_01230,1230,1,bird,1,bird,0.9724968671798706,True,0.0003606736136134714,0.9724968671798706,0.0002892168704420328,0.0003936452849302441,4.514798638410866e-05,0.0005855851923115551,0.0004460100317373872,0.024693932384252548,0.0005341279902495444,0.00015490736404899508
clip_zero_shot,translation_8_down,test_07475,7475,4,deer,4,deer,0.9966496825218201,True,2.2617256036028266e-05,0.00042998368735425174,0.0001255162787856534,2.974144990730565e-05,0.9966496825218201,0.001099667977541685,0.0014951503835618496,2.2341057047015056e-05,3.510728129185736e-05,9.034789400175214e-05
clip_zero_shot,translation_8_down,test_05756,5756,2,car,2,car,0.9566126465797424,True,0.0002730885171331465,0.0009682308882474899,0.9566126465797424,0.00028401153394952416,0.0001963543618330732,0.0029243421740829945,0.00045708820107392967,0.0008090620394796133,0.0021052362862974405,0.03536985069513321
clip_zero_shot,translation_8_down,test_03122,3122,4,deer,4,deer,0.9790819883346558,True,2.6722254915512167e-05,0.00025328260380774736,0.000325273402268067,0.000605636858381331,0.9790819883346558,0.0026289657689630985,0.015501633286476135,0.0013757799752056599,0.00014502176782116294,5.566321488004178e-05
clip_zero_shot,translation_8_down,test_07202,7202,1,bird,1,bird,0.9987220168113708,True,2.8337355615803972e-05,0.9987220168113708,8.678751328261569e-05,0.0003756856604013592,8.58400289871497e-06,0.0005477236118167639,1.7536200175527483e-05,4.614343197317794e-05,2.8875048883492127e-05,0.0001380734465783462
clip_zero_shot,translation_8_down,test_04723,4723,9,truck,9,truck,0.8547495603561401,True,0.0018303710967302322,0.0026403130032122135,0.07477755844593048,0.03616661578416824,0.00111096422187984,0.002744512166827917,0.008962183259427547,0.0015133352717384696,0.015504593029618263,0.8547495603561401
clip_zero_shot,translation_8_down,test_01552,1552,5,dog,5,dog,0.9302441477775574,True,6.728971493430436e-05,0.002100124256685376,0.00011780847853515297,0.00147166196256876,0.013918229378759861,0.9302441477775574,0.03995300456881523,0.011823630891740322,8.783199155004695e-05,0.0002162721211789176
clip_zero_shot,translation_8_down,test_00603,603,9,truck,9,truck,0.9459333419799805,True,0.001208707457408309,0.000474785192636773,0.019217059016227722,0.0007414826541207731,0.00017344170191790909,0.0016578048234805465,0.004739945754408836,1.3953048437542748e-05,0.025839461013674736,0.9459333419799805
clip_zero_shot,translation_8_down,test_02861,2861,3,cat,3,cat,0.9863311052322388,True,2.173138091166038e-05,0.0010224973084405065,0.00015665199316572398,0.9863311052322388,0.0001467875117668882,0.006339539773762226,0.0011321597266942263,0.0044568004086613655,0.0002287094248458743,0.00016415452410001308
clip_zero_shot,translation_8_down,test_06426,6426,2,car,2,car,0.9873446822166443,True,0.00035313720582053065,0.003864922793582082,0.9873446822166443,0.0020015190821141005,6.474596011685207e-05,0.0024673636071383953,0.0020338839385658503,6.8959518102929e-05,0.000997147406451404,0.0008036786457523704
clip_zero_shot,translation_8_down,test_07864,7864,4,deer,4,deer,0.9854353666305542,True,7.10706299287267e-05,0.001088799093849957,0.0002772179141175002,8.910904580261558e-05,0.9854353666305542,0.003009512322023511,0.009531266987323761,9.20770107768476e-05,0.00015662021178286523,0.0002488769532646984
clip_zero_shot,translation_8_down,test_05729,5729,6,horse,6,horse,0.9985314607620239,True,2.082461833197158e-06,9.588689135853201e-05,4.140177043154836e-05,9.626860992284492e-05,0.0002122463920386508,0.0008675494464114308,0.9985314607620239,7.307626947294921e-05,1.4792808542551938e-05,6.526706420117989e-05
clip_zero_shot,translation_8_down,test_07474,7474,5,dog,5,dog,0.9878732562065125,True,3.8691570807714015e-05,0.0012804314028471708,0.00010221089178230613,0.0003413661033846438,0.0005041947588324547,0.9878732562065125,0.008863273076713085,0.0004911033320240676,0.00021238398039713502,0.00029305549105629325
clip_zero_shot,translation_8_down,test_04298,4298,1,bird,1,bird,0.9995598196983337,True,3.954409748985199e-06,0.9995598196983337,3.568093598005362e-05,5.796859477413818e-05,5.151731784280855e-06,0.00012645864626392722,1.3502307410817593e-05,0.00013771485828328878,5.107384640723467e-05,8.786236321611796e-06
clip_zero_shot,translation_8_down,test_01175,1175,0,airplane,0,airplane,0.9852803349494934,True,0.9852803349494934,0.010128568857908249,0.0006387530011124909,4.892743891105056e-05,0.00018615489534568042,0.0002509684127289802,0.0003766289446502924,0.0007655436638742685,0.001174264121800661,0.001149651245214045
clip_zero_shot,translation_8_down,test_03454,3454,2,car,2,car,0.9547322392463684,True,0.00205987342633307,0.00035765068605542183,0.9547322392463684,0.00042234815191477537,0.0011252288240939379,0.0011635211994871497,0.00030800735112279654,0.00035087898140773177,0.007194260600954294,0.032286010682582855
clip_zero_shot,translation_8_down,test_02754,2754,3,cat,3,cat,0.9937143921852112,True,6.189546184032224e-06,0.0001290426152991131,0.0001815085270209238,0.9937143921852112,0.0006192716537043452,0.004365832544863224,0.0005474390345625579,0.00018676725449040532,6.230448343558237e-05,0.0001871423883130774
clip_zero_shot,translation_8_down,test_00855,855,4,deer,4,deer,0.9572440385818481,True,4.99769885209389e-06,0.0006341690896078944,0.00031728524481877685,0.00011370349966455251,0.9572440385818481,0.0031238184310495853,0.03654707595705986,0.0015498688444495201,2.1784671844216064e-05,0.0004432511341292411
clip_zero_shot,translation_8_down,test_02854,2854,7,monkey,7,monkey,0.9350864291191101,True,1.622089712327579e-06,0.008424381725490093,5.338041592040099e-05,0.032880622893571854,0.003313337219879031,0.01766110025346279,0.00252396403811872,0.9350864291191101,1.6440717445220798e-05,3.876776827382855e-05
clip_zero_shot,translation_8_down,test_05092,5092,1,bird,1,bird,0.9995574355125427,True,6.532860879815416e-06,0.9995574355125427,3.887322236550972e-05,0.00012950711243320256,6.8254012148827314e-06,9.794579091249034e-05,3.970795660279691e-05,5.455030259327032e-05,3.462484528427012e-05,3.3917920518433675e-05
clip_zero_shot,translation_8_down,test_05590,5590,9,truck,9,truck,0.9893071055412292,True,0.00026082771364599466,0.00048347789561375976,0.005068653263151646,0.00028292604838497937,0.0005940406699664891,0.0005473738419823349,0.0017283455235883594,4.36525369877927e-05,0.0016835718415677547,0.9893071055412292
clip_zero_shot,translation_8_down,test_04463,4463,3,cat,3,cat,0.9814910888671875,True,0.0001823367492761463,0.002418571850284934,0.0011480030370876193,0.9814910888671875,0.0005163333844393492,0.007390920538455248,0.0016671897610649467,0.003723064437508583,0.001137692597694695,0.0003247740096412599
clip_zero_shot,translation_8_down,test_05318,5318,2,car,2,car,0.8847161531448364,True,0.00038843139191158116,0.0015744215343147516,0.8847161531448364,0.0008387022535316646,0.009888743981719017,0.007924155332148075,0.00211334484629333,0.007091795094311237,0.0024382933042943478,0.08302610367536545
clip_zero_shot,translation_8_down,test_03515,3515,6,horse,6,horse,0.9990240335464478,True,2.0304250938352197e-06,6.050343654351309e-05,2.563342968642246e-05,7.883117359597236e-05,0.00029379190527834,0.0004242449358571321,0.9990240335464478,5.773245356976986e-05,1.3738262168772053e-05,1.9510929632815532e-05
clip_zero_shot,translation_8_down,test_04642,4642,4,deer,4,deer,0.995598554611206,True,9.852471976046218e-07,0.0011021137470379472,1.5544414054602385e-05,0.00016837335715536028,0.995598554611206,0.001106788171455264,0.001835141214542091,0.00014429011207539588,1.3845015928382054e-05,1.4388384443009272e-05
clip_zero_shot,translation_8_down,test_00852,852,9,truck,9,truck,0.9967908263206482,True,3.2724536140449345e-05,7.144860865082592e-05,0.0016027174424380064,0.00019900681218132377,0.00010674928489606827,0.00018986646318808198,0.00024514980032108724,4.143876503803767e-05,0.0007200366817414761,0.9967908263206482
clip_zero_shot,translation_8_down,test_01247,1247,8,ship,8,ship,0.986629843711853,True,0.000273843586910516,6.618083716602996e-05,0.000582437845878303,0.00010250073682982475,0.00015933231043163687,7.58594906073995e-05,0.0002990263164974749,0.0001539657823741436,0.986629843711853,0.011657035909593105
clip_zero_shot,translation_8_down,test_07084,7084,2,car,2,car,0.9244018793106079,True,0.0004417819727677852,0.003244525520130992,0.9244018793106079,0.000666454725433141,0.001732335425913334,0.001372566563077271,0.0006488134386017919,0.0019808700308203697,0.0016296989051625133,0.06388088315725327
clip_zero_shot,translation_8_down,test_05301,5301,9,truck,9,truck,0.9876898527145386,True,0.000931908842176199,0.00017480083624832332,0.009901938028633595,4.344196349848062e-05,7.615871436428279e-05,0.00016176736971829087,0.00021401364938355982,4.188352249911986e-05,0.0007641877746209502,0.9876898527145386
clip_zero_shot,translation_8_down,test_05082,5082,6,horse,6,horse,0.9981973767280579,True,3.7258716929500224e-06,0.00023062058608047664,3.272592948633246e-05,0.0002431053580949083,0.00022943686053622514,0.0007597293006256223,0.9981973767280579,0.0002386544074397534,1.4958064639358781e-05,4.9638791097095236e-05
clip_zero_shot,translation_8_down,test_05077,5077,4,deer,4,deer,0.9614856839179993,True,5.8009307394968346e-05,0.0006728250882588327,0.0004158784286119044,9.023005259223282e-05,0.9614856839179993,0.0031649181619286537,0.03274959325790405,0.0004845567746087909,0.00020991163910366595,0.0006683918181806803
clip_zero_shot,translation_8_down,test_01563,1563,3,cat,7,monkey,0.4819434881210327,False,2.6478614927327726e-06,0.006373027339577675,0.00018760812235996127,0.2708149254322052,0.0028890599496662617,0.23212146759033203,0.005337910261005163,0.4819434881210327,9.794343350222334e-05,0.00023190781939774752
clip_zero_shot,translation_8_down,test_00029,29,7,monkey,7,monkey,0.9995893836021423,True,2.0128672986174934e-06,0.00011506145528983325,2.6971863917424344e-05,5.2378902182681486e-05,3.528343950165436e-05,0.00014030025340616703,2.2720125343766995e-05,0.9995893836021423,1.4221897117749904e-06,1.4380823813553434e-05
clip_zero_shot,translation_8_down,test_03867,3867,7,monkey,7,monkey,0.999440610408783,True,4.889397473561985e-07,9.505728667136282e-05,8.396983503189404e-06,5.561907164519653e-05,8.820279617793858e-06,0.00032322079641744494,3.099235982517712e-05,0.999440610408783,8.313129001180641e-06,2.853380465239752e-05
clip_zero_shot,translation_8_down,test_04620,4620,6,horse,6,horse,0.9968535304069519,True,2.2701415218762122e-05,0.0005354553577490151,0.00014205674233380705,0.00020794484589714557,0.00023713060363661498,0.0006201979704201221,0.9968535304069519,0.000755931599996984,0.0005699914763681591,5.5000255088089034e-05
clip_zero_shot,translation_8_down,test_04065,4065,2,car,2,car,0.9531611204147339,True,0.00024966354249045253,0.00020620052237063646,0.9531611204147339,0.00011618418648140505,0.00028926972299814224,0.00033702762448228896,0.00027627224335446954,0.0001520317018730566,0.0005717504536733031,0.0446404367685318
clip_zero_shot,translation_8_down,test_01095,1095,5,dog,5,dog,0.9770614504814148,True,0.00013490018318407238,0.000192894964129664,0.0013712814543396235,0.0010055460734292865,0.0004444170626811683,0.9770614504814148,0.015058320015668869,0.0005872742622159421,0.002674596384167671,0.0014693503035232425
clip_zero_shot,translation_8_down,test_04229,4229,3,cat,3,cat,0.9331544637680054,True,3.587013634387404e-05,0.0014744903892278671,0.0025399229489266872,0.9331544637680054,0.048560284078121185,0.0039813523180782795,0.0019422259647399187,0.0062417215667665005,0.0018885151948779821,0.00018108430958818644
clip_zero_shot,translation_8_down,test_03562,3562,3,cat,3,cat,0.45341914892196655,True,1.4997259313531686e-05,0.0044963364489376545,0.0012562436750158668,0.45341914892196655,0.2553050220012665,0.19355718791484833,0.03361916169524193,0.056805774569511414,0.0010290347272530198,0.0004970091977156699
clip_zero_shot,translation_8_down,test_02342,2342,8,ship,8,ship,0.9976204037666321,True,7.590364111820236e-05,0.00041166224400512874,0.0001259927375940606,8.586682088207453e-05,0.00012765501742251217,0.00012665435497183353,0.0002853552286978811,0.00027731794398278,0.9976204037666321,0.0008631153032183647
clip_zero_shot,translation_8_down,test_01667,1667,6,horse,6,horse,0.9870071411132812,True,5.3495758038479835e-05,0.00012103746848879382,0.0026773361023515463,0.0003448319621384144,0.00014728761743754148,0.0017620163271203637,0.9870071411132812,0.0002608255890663713,0.00031213159672915936,0.007313851732760668
clip_zero_shot,translation_8_down,test_07033,7033,1,bird,1,bird,0.963355541229248,True,5.083599535282701e-05,0.963355541229248,0.00039969367207959294,0.004033399745821953,0.02506173588335514,0.0020822244696319103,0.0004817521548829973,0.004114089068025351,0.00025063479552045465,0.00017020887753460556
clip_zero_shot,translation_8_down,test_01771,1771,7,monkey,7,monkey,0.9836955070495605,True,2.6491043172427453e-06,6.84412952978164e-05,2.1258165361359715e-05,0.001644269796088338,0.0017216652631759644,0.010926620103418827,0.0018356593791395426,0.9836955070495605,1.2113855518691707e-05,7.189172902144492e-05
clip_zero_shot,translation_8_down,test_03157,3157,8,ship,8,ship,0.9966616630554199,True,8.935532969189808e-05,0.0006035866681486368,0.0002448461018502712,0.0001319531147601083,0.0001529118890175596,0.00012752017937600613,0.00041270701331086457,0.0003806163731496781,0.9966616630554199,0.001194849843159318
clip_zero_shot,translation_8_down,test_03851,3851,3,cat,3,cat,0.9835626482963562,True,2.1131883841007948e-05,0.002162556629627943,0.00029330336838029325,0.9835626482963562,0.0005796279292553663,0.009555160067975521,0.0029755665455013514,0.0005880969692952931,0.0001834696449805051,7.829508831491694e-05
clip_zero_shot,translation_8_down,test_01287,1287,7,monkey,5,dog,0.4288410246372223,False,5.194184632273391e-05,0.0161456111818552,0.0013543575769290328,0.3444257378578186,0.08561914414167404,0.4288410246372223,0.004419280216097832,0.11562459170818329,0.0016075971070677042,0.0019106934778392315
clip_zero_shot,translation_8_down,test_07320,7320,0,airplane,0,airplane,0.9606263637542725,True,0.9606263637542725,0.014878571033477783,0.00803427491337061,0.0006955986609682441,0.001986431423574686,0.0010842785704880953,0.002004215493798256,0.0009701075032353401,0.006484104320406914,0.003236236749216914
clip_zero_shot,translation_8_down,test_07600,7600,6,horse,6,horse,0.9827227592468262,True,0.0008292201091535389,0.0034286214504390955,0.0023728401865810156,0.0015039456775411963,0.0018840439151972532,0.0013563480461016297,0.9827227592468262,0.0016421017935499549,0.0030000717379152775,0.0012600761838257313
clip_zero_shot,translation_8_down,test_03852,3852,5,dog,5,dog,0.970210075378418,True,0.0013230533804744482,0.0015974388225004077,0.0017691481625661254,0.004595837090164423,0.010336551815271378,0.970210075378418,0.0024487485643476248,0.006747015286237001,0.0004733255482278764,0.0004987922729924321
clip_zero_shot,translation_8_down,test_00269,269,7,monkey,7,monkey,0.9993465542793274,True,7.200671916507417e-07,3.386810567462817e-05,9.294110896007624e-06,5.084321310278028e-05,8.12247071735328e-06,0.0004988247528672218,3.7517474993364885e-05,0.9993465542793274,4.635005552700022e-06,9.694846085039899e-06
clip_zero_shot,translation_8_down,test_01703,1703,7,monkey,7,monkey,0.4989990293979645,True,0.00010637567902449518,0.008412834256887436,0.0019214197527617216,0.1394650936126709,0.030549995601177216,0.3153131902217865,0.0035761126782745123,0.4989990293979645,0.0009269588626921177,0.0007290341891348362
clip_zero_shot,translation_8_down,test_07776,7776,5,dog,5,dog,0.9711161255836487,True,0.00016772883827798069,0.0007028793334029615,0.00038851494900882244,0.0011970801278948784,0.003867554711177945,0.9711161255836487,0.018254553899168968,0.0032017321791499853,0.0005660821916535497,0.0005376841872930527
clip_zero_shot,translation_8_down,test_03891,3891,4,deer,4,deer,0.9991095662117004,True,3.7590686474686663e-07,0.0003128472017124295,7.14979478289024e-06,9.57121083047241e-05,0.9991095662117004,0.00029883760726079345,0.00011340866331011057,5.759682608186267e-05,2.3653778953303117e-06,2.2003298454364995e-06
clip_zero_shot,translation_8_down,test_07009,7009,0,airplane,0,airplane,0.9831261038780212,True,0.9831261038780212,0.0008117096731439233,0.004144441802054644,2.329483686480671e-05,0.00019194594642613083,0.00015478252316825092,0.0007191334734670818,2.7767919164034538e-05,0.009590311907231808,0.0012104569468647242
clip_zero_shot,translation_8_down,test_04893,4893,0,airplane,0,airplane,0.9622279405593872,True,0.9622279405593872,0.027459071949124336,0.0018544923514127731,8.511494525009766e-05,0.0003796289092861116,0.0004972598399035633,0.0009624338708817959,0.002810004400089383,0.0035471548326313496,0.00017697943258099258
clip_zero_shot,translation_8_down,test_02351,2351,9,truck,9,truck,0.9974127411842346,True,1.0531737643759698e-05,0.00010101384395966306,0.0013004600768908858,6.989954999880865e-05,4.961349259247072e-05,0.00015483272727578878,0.0003454391844570637,6.819234840804711e-05,0.00048733133007772267,0.9974127411842346
clip_zero_shot,translation_8_down,test_03550,3550,1,bird,1,bird,0.9956026077270508,True,0.00014387846749741584,0.9956026077270508,0.00030678007169626653,0.0001754018448991701,0.0006360905827023089,0.0005890443571843207,0.0014538640389218926,0.0005709496908821166,0.00022481012274511158,0.0002966367464978248
clip_zero_shot,translation_8_down,test_05719,5719,7,monkey,7,monkey,0.9875352382659912,True,4.080065536982147e-06,0.005262079183012247,0.00016203599807340652,0.0014012012397870421,3.4168813726864755e-05,0.0035592925269156694,0.0017406893894076347,0.9875352382659912,6.958455924177542e-05,0.00023172721557784826
clip_zero_shot,translation_8_down,test_01884,1884,7,monkey,7,monkey,0.9939502477645874,True,3.0242905268096365e-05,0.003390978090465069,0.00014477013610303402,0.0011168511118739843,8.839701331453398e-05,0.0009255966288037598,0.00017751246923580766,0.9939502477645874,4.2026334995171055e-05,0.00013335730182006955
clip_zero_shot,translation_8_down,test_02898,2898,4,deer,4,deer,0.9954512715339661,True,1.6541907825740054e-05,0.00042064301669597626,9.133134881267324e-05,2.23206625378225e-05,0.9954512715339661,0.0013777156127616763,0.0024713531602174044,2.2296366296359338e-05,2.311430398549419e-05,0.00010333320824429393
clip_zero_shot,translation_8_down,test_04640,4640,1,bird,1,bird,0.9773641228675842,True,3.723137342603877e-05,0.9773641228675842,3.5047294659307227e-05,0.00030211693956516683,0.0009268603753298521,0.0005680597387254238,0.00016673632489982992,0.020379595458507538,0.0001258222182514146,9.426327596884221e-05
clip_zero_shot,translation_8_down,test_07610,7610,4,deer,4,deer,0.9911614656448364,True,2.415159087831853e-06,0.0009369984618388116,0.00019523836090229452,0.00019435260037425905,0.9911614656448364,0.0010851204860955477,0.006057952530682087,0.0001314496184932068,0.00017215007392223924,6.273452163441107e-05
clip_zero_shot,translation_8_down,test_01833,1833,8,ship,8,ship,0.991636335849762,True,0.00015221082139760256,0.00023568446340505034,0.0005007602158002555,0.00045407365541905165,0.00021982919133733958,9.323115227743983e-05,0.0004228179750498384,0.000845949281938374,0.991636335849762,0.0054390947334468365
clip_zero_shot,translation_8_down,test_06455,6455,0,airplane,0,airplane,0.9219638705253601,True,0.9219638705253601,0.014230509288609028,0.005878410302102566,0.000302395987091586,0.0020501501858234406,0.0010569122387096286,0.001821070909500122,0.002137629082426429,0.04707464203238487,0.003484544111415744
clip_zero_shot,translation_8_down,test_03893,3893,9,truck,9,truck,0.785316526889801,True,0.0010913279838860035,0.0038617285899817944,0.17435233294963837,0.0014148313784971833,0.003054121509194374,0.003107854863628745,0.006737383082509041,0.001152146840468049,0.01991180330514908,0.785316526889801
clip_zero_shot,translation_8_down,test_04731,4731,6,horse,6,horse,0.9991185069084167,True,1.1028325388906524e-05,0.00015298652579076588,1.4222365280147642e-05,7.87448589107953e-05,0.000241797388298437,0.00021777843357995152,0.9991185069084167,0.00012092746328562498,1.834272734413389e-05,2.5742032448761165e-05
clip_zero_shot,translation_8_down,test_00929,929,6,horse,6,horse,0.9976067543029785,True,5.0870485210907646e-06,0.00012539667659439147,6.169201515149325e-05,0.00026100690593011677,0.00035400758497416973,0.0014618453569710255,0.9976067543029785,6.323587876977399e-05,1.3328810382517986e-05,4.7554105549352244e-05
clip_zero_shot,translation_8_down,test_03962,3962,6,horse,6,horse,0.9878724813461304,True,1.4680912272524438e-06,0.0005771187134087086,3.3972559322137386e-05,0.0007800004677847028,0.00349584617651999,0.0066978768445551395,0.9878724813461304,0.0004958949284628034,1.0927029507001862e-05,3.4415592381265014e-05
clip_zero_shot,translation_8_down,test_03778,3778,3,cat,3,cat,0.956836998462677,True,0.0001450948475394398,0.002256637904793024,0.0006430632201954722,0.956836998462677,0.0017223582835868,0.018460741266608238,0.003007529303431511,0.016500763595104218,0.0001868873805506155,0.00023984596191439778
clip_zero_shot,translation_8_down,test_01429,1429,4,deer,4,deer,0.6414028406143188,True,0.00024584433413110673,0.010103133507072926,0.0004822651972062886,0.003190986579284072,0.6414028406143188,0.009081246331334114,0.13134969770908356,0.2036161869764328,0.00021248840494081378,0.0003154332225676626
clip_zero_shot,translation_8_down,test_00049,49,2,car,2,car,0.9909461736679077,True,0.00011509413161547855,0.00034826723276637495,0.9909461736679077,0.0011064616264775395,0.00012397626414895058,0.00035405473317950964,0.003949624486267567,0.00021302755340002477,0.000777331180870533,0.0020661531016230583
clip_zero_shot,translation_8_down,test_00276,276,9,truck,9,truck,0.8478521108627319,True,0.0012563662603497505,6.258791836444288e-05,0.1483922004699707,6.908650539116934e-05,0.0002463074924889952,0.0005306798266246915,0.0006757851224392653,7.54119610064663e-05,0.000839448010083288,0.8478521108627319
clip_zero_shot,translation_8_down,test_06076,6076,1,bird,1,bird,0.9994133710861206,True,7.959445611049887e-06,0.9994133710861206,3.0658036848763004e-05,6.698477227473632e-05,7.257079414557666e-05,8.764350786805153e-05,3.720336462720297e-05,0.00017666458734311163,3.2368192478315905e-05,7.452593854395673e-05
clip_zero_shot,translation_8_down,test_01389,1389,0,airplane,0,airplane,0.9678196907043457,True,0.9678196907043457,0.010285981930792332,0.0011943622957915068,0.00015878469275776297,0.0008019455708563328,0.0011084816651418805,0.0010092627489939332,0.0007132052560336888,0.015174174681305885,0.0017340783961117268
clip_zero_shot,translation_8_down,test_03362,3362,2,car,2,car,0.9760302305221558,True,0.00028170921723358333,0.002031070413067937,0.9760302305221558,0.0011041959514841437,0.0008086116285994649,0.0008582264999859035,0.0016352515667676926,0.0006525208591483533,0.0017153084045276046,0.0148830097168684
clip_zero_shot,translation_8_down,test_00317,317,2,car,2,car,0.9876983761787415,True,3.422768713789992e-05,0.002376286080107093,0.9876983761787415,0.0002903510467149317,0.0005113939987495542,0.0005322973593138158,0.002226760610938072,0.0024098430294543505,0.0004591053584590554,0.0034613555762916803
clip_zero_shot,translation_8_down,test_04675,4675,0,airplane,0,airplane,0.9802819490432739,True,0.9802819490432739,0.013179629109799862,0.0007442262722179294,7.557438948424533e-05,0.00029060555971227586,0.00021221413044258952,0.0003567738749552518,0.00094698864268139,0.003643197938799858,0.00026860786601901054
clip_zero_shot,translation_8_down,test_05924,5924,5,dog,5,dog,0.8472721576690674,True,0.00024055874382611364,0.001757343183271587,0.0018248852575197816,0.005218304228037596,0.029041925445199013,0.8472721576690674,0.08281705528497696,0.028681304305791855,0.0008981847786344588,0.002248177770525217
clip_zero_shot,translation_8_down,test_00198,198,1,bird,1,bird,0.9989416003227234,True,3.344527385706897e-06,0.9989416003227234,3.768568785744719e-05,0.0006772109773010015,1.6676451195962727e-05,0.00010311526420991868,2.0870569642283954e-05,0.0001471995492465794,3.993177233496681e-05,1.2445543688954785e-05
clip_zero_shot,translation_8_down,test_07779,7779,6,horse,6,horse,0.9809868931770325,True,0.0006877821870148182,0.0012269371654838324,0.001970150275155902,0.0006912989774718881,0.0010958617785945535,0.002362787490710616,0.9809868931770325,0.007640129886567593,0.00039480795385316014,0.002943488070741296
clip_zero_shot,translation_8_down,test_04054,4054,4,deer,4,deer,0.9770410656929016,True,6.836983084212989e-05,0.0005863487021997571,0.0003101892361883074,0.00013826004578731954,0.9770410656929016,0.0018555776914581656,0.01905260980129242,0.00019588031864259392,0.00036253800499252975,0.00038914315518923104
clip_zero_shot,translation_8_down,test_05556,5556,4,deer,4,deer,0.6904761791229248,True,5.243195846560411e-05,0.004110611043870449,0.00041524923290126026,0.0001409589749528095,0.6904761791229248,0.014108742587268353,0.28891685605049133,0.0007879489567130804,0.0001789169618859887,0.0008121351129375398
clip_zero_shot,translation_8_down,test_02687,2687,1,bird,1,bird,0.9996071457862854,True,8.632149729237426e-06,0.9996071457862854,2.0483812477323227e-05,6.6078056988772e-05,1.792384500731714e-05,7.873288996051997e-05,8.853134204400703e-06,0.00014930081670172513,3.30042457790114e-05,9.934860827343073e-06
clip_zero_shot,translation_8_down,test_01202,1202,2,car,2,car,0.9922330379486084,True,0.0002476123336236924,0.000978377414867282,0.9922330379486084,0.00018138179439119995,0.0001521424564998597,0.0009467144845984876,0.0007717417320236564,0.00035149877658113837,0.0009450095822103322,0.0031924962531775236
clip_zero_shot,translation_8_down,test_00097,97,5,dog,5,dog,0.9717455506324768,True,2.262548696307931e-05,0.0014651293167844415,0.0001393751590512693,0.007392939180135727,0.004066983237862587,0.9717455506324768,0.003945255186408758,0.01082134060561657,8.734194125281647e-05,0.00031356123508885503
clip_zero_shot,translation_8_down,test_06033,6033,4,deer,4,deer,0.9947774410247803,True,9.184086593450047e-06,0.0006012666271999478,0.00011899841774720699,0.0001841572520788759,0.9947774410247803,0.0026346284430474043,0.0014349904377013445,6.755334470653906e-05,3.0123112082947046e-05,0.00014158253907226026
clip_zero_shot,translation_8_down,test_01711,1711,7,monkey,7,monkey,0.9993047714233398,True,2.1868177100259345e-06,0.0002072818169835955,1.1470962817838881e-05,9.269703150494024e-05,2.6464142138138413e-05,0.00027649375260807574,6.58193530398421e-05,0.9993047714233398,3.6162587093713228e-06,9.306530046160333e-06
clip_zero_shot,translation_8_down,test_01430,1430,9,truck,9,truck,0.9682483077049255,True,0.00039634128916077316,0.0007345591438934207,0.015646545216441154,0.0011497886152938008,0.0009043869795277715,0.0010941330110654235,0.009651201777160168,0.0005536996759474277,0.0016209856839850545,0.9682483077049255
clip_zero_shot,translation_8_down,test_00739,739,8,ship,8,ship,0.9910897016525269,True,0.0002279783075209707,0.0007263621082529426,0.00017270591342821717,0.0003948680532630533,0.0009430119534954429,0.0001719833817332983,0.000839412328787148,0.000817147723864764,0.9910897016525269,0.004616891499608755
clip_zero_shot,translation_8_down,test_03491,3491,1,bird,1,bird,0.9972368478775024,True,9.221349318977445e-05,0.9972368478775024,0.0002488823956809938,0.0009618254262022674,7.06343271303922e-05,0.00042346501140855253,0.00010470464621903375,0.0002902241831179708,0.000369162589777261,0.0002019274397753179
clip_zero_shot,translation_8_down,test_01568,1568,1,bird,1,bird,0.9960355162620544,True,3.971834757976467e-06,0.9960355162620544,3.552340785972774e-05,0.003284441540017724,1.4581473806174472e-05,0.0004528875870164484,9.184534974338021e-06,0.00011112255742773414,3.563157224562019e-05,1.7259182641282678e-05
clip_zero_shot,translation_8_down,test_01211,1211,4,deer,4,deer,0.968619167804718,True,1.1201464076293632e-05,0.0009451786172576249,0.0002569128409959376,1.5002829968580045e-05,0.968619167804718,0.0005428284057416022,0.028869321569800377,0.0003137080930173397,4.9950565880862996e-05,0.000376601965399459
clip_zero_shot,translation_8_down,test_04913,4913,2,car,2,car,0.9430407881736755,True,0.0006734959315508604,0.00208301842212677,0.9430407881736755,0.002027277136221528,0.017316829413175583,0.001974766841158271,0.0107583561912179,0.003156782127916813,0.001380043220706284,0.017588656395673752
clip_zero_shot,translation_8_down,test_02502,2502,2,car,2,car,0.9609182476997375,True,0.0003763976856134832,0.0025101997889578342,0.9609182476997375,0.0014539010589942336,0.0019095356110483408,0.0014317617751657963,0.007341446820646524,0.0016942961374297738,0.004996243864297867,0.017368067055940628
clip_zero_shot,translation_8_down,test_02539,2539,3,cat,3,cat,0.946101188659668,True,8.634836558485404e-05,0.0036370442248880863,0.002559229265898466,0.946101188659668,0.005535768810659647,0.014404804445803165,0.0031474914867430925,0.023039279505610466,0.0008801160729490221,0.0006086939247325063
clip_zero_shot,translation_8_down,test_00979,979,3,cat,3,cat,0.9907616972923279,True,1.203733427246334e-05,0.0018080988666042686,0.00016417668666690588,0.9907616972923279,0.00019284951849840581,0.005942917428910732,0.0005783519009128213,0.0002989761414937675,0.00019593765318859369,4.486988837015815e-05
clip_zero_shot,translation_8_down,test_06354,6354,2,car,2,car,0.9922532439231873,True,0.0001467840193072334,0.00023408779816236347,0.9922532439231873,0.0004862078058067709,1.6946494724834338e-05,0.00029878158238716424,0.00020373734878376126,4.142366015003063e-05,0.0006730168242938817,0.0056458814069628716
clip_zero_shot,translation_8_down,test_04735,4735,2,car,2,car,0.9643494486808777,True,0.00013216941442806274,0.0032282781321555376,0.9643494486808777,0.00043450738303363323,0.00013762987509835511,0.0009085027850233018,0.00019121651712339371,3.4976783354068175e-05,0.0005123528535477817,0.03007090836763382
clip_zero_shot,translation_8_down,test_05912,5912,0,airplane,0,airplane,0.9520235657691956,True,0.9520235657691956,0.019365737214684486,0.005458524450659752,0.0010577291250228882,0.00010549241414992139,0.0016467925161123276,0.001310400664806366,0.003264504484832287,0.014996482990682125,0.0007707754266448319
clip_zero_shot,translation_8_down,test_03844,3844,6,horse,6,horse,0.9963282942771912,True,1.1627717867668252e-05,5.2068993682041764e-05,0.00011427098797867075,7.462039502570406e-05,0.0017211372032761574,0.0013338887365534902,0.9963282942771912,0.00011133600492030382,3.694414044730365e-05,0.00021586238290183246
clip_zero_shot,translation_8_down,test_01263,1263,3,cat,4,deer,0.6209418177604675,False,3.2073268812382594e-05,0.007375040557235479,0.001135129015892744,0.3006913661956787,0.6209418177604675,0.023858651518821716,0.005373859778046608,0.03995626047253609,0.0003135565493721515,0.0003221822844352573
clip_zero_shot,translation_8_down,test_03404,3404,7,monkey,7,monkey,0.9981092214584351,True,1.6900556829568814e-06,0.000678818381857127,3.0127308491501026e-05,0.00021492376981768757,1.2508870895544533e-05,0.0008054497302509844,9.680963557912037e-05,0.9981092214584351,1.298158986173803e-05,3.743287379620597e-05
clip_zero_shot,translation_8_down,test_03905,3905,8,ship,8,ship,0.9955304265022278,True,0.000201035916688852,0.0007034089067019522,0.0004919688799418509,8.089499169727787e-05,0.0003414300736039877,6.279808440012857e-05,0.0010351152159273624,0.0014002462849020958,0.9955304265022278,0.00015277999045792967
clip_zero_shot,translation_8_down,test_01596,1596,0,airplane,0,airplane,0.9520183801651001,True,0.9520183801651001,0.019103508442640305,0.002783410018309951,0.00038267162744887173,0.000866984948515892,0.002760485513135791,0.00039637478766962886,0.0015100325690582395,0.019811304286122322,0.0003667763085104525
clip_zero_shot,translation_8_down,test_03083,3083,0,airplane,0,airplane,0.9554439783096313,True,0.9554439783096313,0.02868001163005829,0.0018601127667352557,0.0004206580051686615,0.0016703259898349643,0.001147360191680491,0.0017231308156624436,0.003249454079195857,0.00494264904409647,0.0008623278699815273
clip_zero_shot,translation_8_down,test_02003,2003,6,horse,6,horse,0.9947957396507263,True,4.8406331188743934e-05,0.00020014062465634197,0.00022691408230457455,0.0001792533730622381,0.0015220706118270755,0.0014494200004264712,0.9947957396507263,0.0009499221341684461,2.7682601285050623e-05,0.000600548752117902
clip_zero_shot,translation_8_down,test_05030,5030,2,car,2,car,0.9747102856636047,True,0.00036177801666781306,0.0023244291078299284,0.9747102856636047,0.00035863553057424724,0.0004623576533049345,0.0015714261680841446,0.0017223256872966886,0.0015032682567834854,0.00351962773129344,0.013465735130012035
clip_zero_shot,translation_8_down,test_00095,95,1,bird,1,bird,0.9988412261009216,True,7.460337656084448e-06,0.9988412261009216,3.151781493215822e-05,0.00011360245844116434,2.920313818322029e-05,0.00030461320420727134,1.859233816503547e-05,0.0005791368894279003,3.9915652450872585e-05,3.480290251900442e-05
clip_zero_shot,translation_8_down,test_02757,2757,4,deer,4,deer,0.9795408844947815,True,5.3473581829166505e-06,0.0002591197844594717,0.0001927775447256863,9.61115219979547e-05,0.9795408844947815,0.009977247565984726,0.009457247331738472,9.673849126556888e-05,4.1443941881880164e-05,0.00033309482387267053
clip_zero_shot,translation_8_down,test_03413,3413,1,bird,1,bird,0.9992371797561646,True,3.074100050071138e-06,0.9992371797561646,6.286177813308313e-05,8.533879008609802e-05,0.000170073879417032,0.00010488885891390964,3.640361319412477e-05,0.00020845638937316835,5.4199754231376573e-05,3.7392423109849915e-05
clip_zero_shot,translation_8_down,test_05488,5488,1,bird,1,bird,0.9613462090492249,True,0.00033858558163046837,0.9613462090492249,0.0002537538530305028,0.005181115120649338,0.002001781016588211,0.0073805260471999645,0.005599514581263065,0.017054973170161247,0.00014435697812587023,0.000699227093718946
clip_zero_shot,translation_8_down,test_04827,4827,6,horse,6,horse,0.9651129245758057,True,0.0012611097190529108,0.0058984518982470036,0.002159127267077565,0.003518359735608101,0.002418633783236146,0.003984056878834963,0.9651129245758057,0.008775435388088226,0.005735225975513458,0.001136589446105063
clip_zero_shot,translation_8_down,test_01877,1877,5,dog,5,dog,0.9399639964103699,True,4.638245445676148e-05,0.0008803879609331489,0.00016145680274348706,0.0006242147064767778,0.03612488508224487,0.9399639964103699,0.020085826516151428,0.001692976919002831,4.796564098796807e-05,0.00037192675517871976
clip_zero_shot,translation_8_down,test_02157,2157,1,bird,1,bird,0.9951794147491455,True,3.6728732084156945e-05,0.9951794147491455,4.969728979631327e-05,0.00037314329529181123,1.349835019937018e-05,0.0004130808520130813,4.908196206088178e-05,0.003732011653482914,9.419292473467067e-05,5.904390127398074e-05
clip_zero_shot,translation_8_down,test_04821,4821,3,cat,3,cat,0.942767858505249,True,7.417712367896456e-06,0.0015763030387461185,0.00018195214215666056,0.942767858505249,0.002656651195138693,0.012648503296077251,7.970094156917185e-05,0.03977912664413452,0.00024143533664755523,6.100087921367958e-05
clip_zero_shot,translation_8_down,test_04953,4953,5,dog,5,dog,0.9738628268241882,True,9.599531949788798e-06,0.001990295248106122,0.00010538344940869138,0.010562262497842312,0.003559092292562127,0.9738628268241882,0.008929247036576271,0.0006558079039677978,0.00021947716595605016,0.00010600598034216091
clip_zero_shot,translation_8_down,test_05525,5525,8,ship,8,ship,0.9988671541213989,True,6.236566696316004e-05,0.00014940157416276634,0.0001355442509520799,0.00013641102123074234,9.329467138741165e-05,9.503807814326137e-05,0.00024459679843857884,5.3181331168161705e-05,0.9988671541213989,0.0001629567996133119
clip_zero_shot,translation_8_down,test_05381,5381,5,dog,5,dog,0.9682028293609619,True,2.456121364957653e-05,0.0008693745476193726,0.00013830191164743155,0.0026287937071174383,0.002431997563689947,0.9682028293609619,0.021737972274422646,0.003172685159370303,0.00044259478454478085,0.0003509001398924738
clip_zero_shot,translation_8_down,test_00672,672,3,cat,3,cat,0.9488174319267273,True,6.572550773853436e-06,0.0011264696950092912,0.0009645484387874603,0.9488174319267273,0.018311500549316406,0.0036127492785453796,0.00041702002636156976,0.026560168713331223,7.662418647669256e-05,0.00010686433233786374
clip_zero_shot,translation_8_down,test_00323,323,7,monkey,7,monkey,0.9989343285560608,True,8.115392802210408e-07,7.123717659851536e-05,4.245917352818651e-06,0.0006251566810533404,1.683160189713817e-05,0.00029213898233138025,4.940755752613768e-05,0.9989343285560608,1.7577929156686878e-06,4.0757581700745504e-06
clip_zero_shot,translation_8_down,test_05436,5436,7,monkey,7,monkey,0.9994217157363892,True,1.4126376868262014e-07,0.00014049657329451293,9.381388736073859e-06,0.00013315147953107953,4.1225670429412276e-05,0.00021844659931957722,2.776527253445238e-05,0.9994217157363892,1.9445965335762594e-06,5.8246923799742945e-06
clip_zero_shot,translation_8_down,test_05450,5450,7,monkey,7,monkey,0.9924806356430054,True,8.865124527801527e-07,0.007271585986018181,9.756628060131334e-06,8.254281419795007e-05,2.3669069832976675e-06,0.00012355530634522438,1.934981810336467e-05,0.9924806356430054,3.7286779388523428e-06,5.600366876024054e-06
clip_zero_shot,translation_8_down,test_06358,6358,5,dog,5,dog,0.9735482931137085,True,9.997213783208281e-05,0.00031221352401189506,0.0003963035123888403,0.002720388351008296,0.001368755823932588,0.9735482931137085,0.011797821149230003,0.0067434366792440414,0.0007303791935555637,0.0022825186606496572
clip_zero_shot,translation_8_down,test_00372,372,3,cat,3,cat,0.9805444478988647,True,0.00014520280819851905,0.0027053426019847393,0.0006774116773158312,0.9805444478988647,0.0006149589898996055,0.008374244906008244,0.000949311361182481,0.004692090209573507,0.0007339697913266718,0.0005630837986245751
clip_zero_shot,translation_8_down,test_00378,378,5,dog,5,dog,0.9880113005638123,True,8.599979992141016e-06,0.0003043236501980573,0.00010720812133513391,0.0029879361391067505,0.0012518161674961448,0.9880113005638123,0.0021351496689021587,0.004749213345348835,0.00021879302221350372,0.00022567583073396236
clip_zero_shot,translation_8_down,test_07706,7706,5,dog,5,dog,0.9727188944816589,True,4.099188663531095e-05,0.001375681604258716,0.00175636843778193,0.0037540546618402004,0.0003176175814587623,0.9727188944816589,0.013182377442717552,0.0023014352191239595,0.0007003856007941067,0.003852223977446556
clip_zero_shot,translation_8_down,test_02178,2178,1,bird,1,bird,0.9956414699554443,True,0.00010401068720966578,0.9956414699554443,0.00012063540634699166,0.0003364994190633297,3.3103282476076856e-05,0.001527414657175541,0.00022444999194703996,3.10973591695074e-05,0.001820490462705493,0.0001609487080713734
clip_zero_shot,translation_8_down,test_05237,5237,2,car,2,car,0.603135347366333,True,0.0005350665305741131,0.0012583641801029444,0.603135347366333,0.0006483758334070444,0.0020448307041078806,0.0019461805932223797,0.005653425585478544,0.0030745703261345625,0.0014750600093975663,0.38022875785827637
clip_zero_shot,translation_8_down,test_05478,5478,0,airplane,0,airplane,0.6905088424682617,True,0.6905088424682617,0.030696582049131393,0.03795868530869484,0.0028400893788784742,0.005495055578649044,0.008698874153196812,0.005245869979262352,0.030956169590353966,0.09004520624876022,0.09755465388298035
clip_zero_shot,translation_8_down,test_05452,5452,9,truck,9,truck,0.9924091100692749,True,2.7664795197779313e-05,3.639098576968536e-05,0.006462910212576389,8.442892431048676e-05,5.1186856580898166e-05,2.687005871848669e-05,0.00023665583285037428,8.390445145778358e-05,0.0005808116402477026,0.9924091100692749
clip_zero_shot,translation_8_down,test_05623,5623,4,deer,4,deer,0.9954255223274231,True,1.2882615010312293e-05,0.0008051539189182222,0.00010951204603770748,8.613456157036126e-05,0.9954255223274231,0.0019247413147240877,0.0012736452044919133,0.00012942567991558462,1.5289033399312757e-05,0.00021776453650090843
clip_zero_shot,translation_8_down,test_06772,6772,7,monkey,7,monkey,0.9219656586647034,True,2.2933170839678496e-05,0.00160623446572572,0.00020365629461593926,0.0428614616394043,0.01864708960056305,0.013184260576963425,0.0012082640314474702,0.9219656586647034,0.00014509867469314486,0.00015527789946645498
clip_zero_shot,translation_8_down,test_01111,1111,4,deer,4,deer,0.9619272947311401,True,3.7154128222027794e-05,0.0014623621245846152,0.00026664984761737287,7.85415104473941e-05,0.9619272947311401,0.005380942951887846,0.03021368943154812,5.418136788648553e-05,0.00017377301992382854,0.000405618833610788
clip_zero_shot,translation_8_down,test_05528,5528,3,cat,3,cat,0.9852677583694458,True,2.7735624826163985e-05,0.0011297662276774645,9.151809354079887e-05,0.9852677583694458,0.00019939847697969526,0.010169729590415955,0.001981346169486642,0.0009746106807142496,0.00013759366993326694,2.0642644813051447e-05
clip_zero_shot,translation_8_down,test_03777,3777,6,horse,6,horse,0.9986525774002075,True,2.805310259645921e-06,0.00020909997692797333,7.017063035164028e-05,0.0001396627922076732,0.00022524262021761388,0.0005676083383150399,0.9986525774002075,2.3690008674748242e-05,4.2589628719724715e-05,6.65351253701374e-05
clip_zero_shot,translation_8_down,test_02458,2458,5,dog,5,dog,0.965812623500824,True,4.3222160456934944e-05,0.0006300616078078747,0.00019885376968886703,0.0013828985393047333,0.006191625259816647,0.965812623500824,0.02336053177714348,0.0016068271361291409,0.00010867085075005889,0.0006646531401202083
clip_zero_shot,translation_8_down,test_04921,4921,2,car,2,car,0.9737566709518433,True,0.0004864707589149475,0.002178360940888524,0.9737566709518433,0.0020830119028687477,0.0004239772679284215,0.0028000494930893183,0.000991550856269896,0.005318894051015377,0.00150101853068918,0.010459872893989086
clip_zero_shot,translation_8_down,test_03015,3015,8,ship,8,ship,0.9946461319923401,True,0.0001410396653227508,0.0003579672484192997,0.0003012817178387195,0.0001023447621264495,9.539999882690609e-05,0.00015788253222126514,0.0005432807956822217,0.0004510566941462457,0.9946461319923401,0.0032035645563155413
clip_zero_shot,translation_8_down,test_07476,7476,8,ship,8,ship,0.9938581585884094,True,0.000370106368791312,0.0020640473812818527,0.0013361640740185976,0.00036615540739148855,0.000159854389494285,0.0006072427495382726,0.0006093346164561808,0.00045525425230152905,0.9938581585884094,0.0001736298727337271
clip_zero_shot,translation_8_down,test_01520,1520,2,car,2,car,0.9733961224555969,True,0.0005927666206844151,0.0005649317754432559,0.9733961224555969,0.000988996820524335,9.932341527019162e-06,0.001004437217488885,0.0004600341781042516,6.177576869959012e-05,0.00043299130629748106,0.02248796634376049
clip_zero_shot,translation_8_down,test_06713,6713,6,horse,6,horse,0.9943991303443909,True,6.295634648267878e-06,7.554073818027973e-05,0.0018601337214931846,9.413524094270542e-05,8.041177352424711e-05,0.0019057787721976638,0.9943991303443909,0.0005221868632361293,9.514355770079419e-05,0.0009611468412913382
clip_zero_shot,translation_8_down,test_01852,1852,1,bird,1,bird,0.9992664456367493,True,9.860692443908192e-06,0.9992664456367493,8.495363726979122e-05,0.00010167773143621162,4.4712207454722375e-05,0.00018859222473111004,9.903894351737108e-06,8.596635598223656e-05,9.306177526013926e-05,0.00011485064896987751
clip_zero_shot,translation_8_down,test_02268,2268,5,dog,5,dog,0.9923728108406067,True,3.318160088383593e-05,0.00048323097871616483,0.00022591026208829135,0.0019984261598438025,0.000261495792074129,0.9923728108406067,0.001894954009912908,0.002105314750224352,0.00015479966532438993,0.00046985060907900333
clip_zero_shot,translation_8_down,test_00151,151,8,ship,8,ship,0.9951070547103882,True,0.00012310309102758765,0.0005506448796950281,0.00023821751528885216,0.00026762322522699833,0.00037387985503301024,0.00013822439359501004,0.00039071746869012713,0.0012380746193230152,0.9951070547103882,0.0015724966069683433
clip_zero_shot,translation_8_down,test_00890,890,6,horse,6,horse,0.9921201467514038,True,5.126739779370837e-05,0.00021924242901150137,0.00030528046772815287,0.0002405377890681848,0.002498828573152423,0.0028265793807804585,0.9921201467514038,9.247116395272315e-05,0.00046670352458022535,0.001178968115709722
clip_zero_shot,translation_8_down,test_00825,825,1,bird,1,bird,0.9894640445709229,True,0.004164895508438349,0.9894640445709229,0.0001058830093825236,0.00017478546942584217,0.00042249084799550474,0.0008232509717345238,0.0026706471107900143,0.0004717885167337954,0.0009384871809743345,0.0007636573282070458
clip_zero_shot,translation_8_down,test_02536,2536,3,cat,3,cat,0.8971943855285645,True,7.756509148748592e-05,0.006895138882100582,0.005481631029397249,0.8971943855285645,0.05807432532310486,0.01184749510139227,0.0008643242763355374,0.016761844977736473,0.002446762751787901,0.0003564787039067596
clip_zero_shot,translation_8_down,test_00470,470,2,car,2,car,0.983256459236145,True,0.0004281339643057436,0.0025312413927167654,0.983256459236145,0.000999861629679799,0.0006011262303218246,0.0020719491876661777,0.0008871775935404003,0.0007547538843937218,0.0030613422859460115,0.005408016033470631
clip_zero_shot,translation_8_down,test_05256,5256,1,bird,1,bird,0.9983179569244385,True,5.652045729220845e-05,0.9983179569244385,0.00022345196339301765,0.00024141755420714617,1.736123886075802e-05,0.0006145430379547179,5.7988192565971985e-05,6.747269071638584e-05,4.593485937220976e-05,0.0003573116264306009
clip_zero_shot,translation_8_down,test_02011,2011,9,truck,9,truck,0.9836514592170715,True,0.00015377116505987942,0.00021137026487849653,0.012413558550179005,0.00019810661615338176,0.00011199933214811608,0.00033169848029501736,0.00040564496885053813,0.00011189854558324441,0.0024105114862322807,0.9836514592170715
clip_zero_shot,translation_8_down,test_07150,7150,0,airplane,0,airplane,0.9893130660057068,True,0.9893130660057068,0.005663171410560608,0.000929294154047966,5.72788885619957e-05,0.00034885574132204056,0.0005988221964798868,0.0005311740096658468,0.0006569678662344813,0.00146460288669914,0.00043663856922648847
clip_zero_shot,translation_8_down,test_00449,449,6,horse,6,horse,0.9972152709960938,True,2.8311445930739865e-05,0.00016660727851558477,0.0002847707364708185,6.936579302418977e-05,0.0006226458353921771,0.0004980002413503826,0.9972152709960938,3.635975735960528e-05,0.00036734595778398216,0.000711222121026367
clip_zero_shot,translation_8_down,test_02704,2704,4,deer,4,deer,0.9987215399742126,True,4.929833608002809e-07,0.00044024825911037624,1.6036561646615155e-05,6.98836229275912e-05,0.9987215399742126,0.0005274773575365543,0.00017825132817961276,3.4914814023068175e-05,2.7720784601115156e-06,8.509046892868355e-06
clip_zero_shot,translation_8_down,test_03437,3437,0,airplane,0,airplane,0.7218133807182312,True,0.7218133807182312,0.06797134131193161,0.02843526378273964,0.0014405172551050782,0.01684601977467537,0.006436462514102459,0.004329965449869633,0.008512334898114204,0.14123950898647308,0.002975240582600236
clip_zero_shot,translation_8_down,test_03375,3375,3,cat,3,cat,0.8507304191589355,True,9.625370694266167e-06,0.0012420249404385686,0.0002374083996983245,0.8507304191589355,0.03625563532114029,0.029081091284751892,0.004862311761826277,0.07713814079761505,0.0002460989053361118,0.00019711939967237413
clip_zero_shot,translation_8_down,test_04552,4552,8,ship,8,ship,0.9831748604774475,True,0.00011714010906871408,0.00025273158098571,0.00047817532322369516,0.00044308416545391083,0.00030056782998144627,0.00017931644106283784,0.00032836280297487974,5.418526416178793e-05,0.9831748604774475,0.014671506360173225
clip_zero_shot,translation_8_down,test_00920,920,6,horse,6,horse,0.9991908669471741,True,4.359647391538601e-06,6.772594497306272e-05,1.8213871953776106e-05,8.406618871958926e-05,8.612396050011739e-05,0.0004931443254463375,0.9991908669471741,2.0027313439641148e-05,1.2058927495672833e-05,2.3428374333889224e-05
clip_zero_shot,translation_8_down,test_02242,2242,0,airplane,0,airplane,0.9668494462966919,True,0.9668494462966919,0.01163240522146225,0.00707470765337348,0.0005340521456673741,0.0007294073584489524,0.0013766996562480927,0.0006814546068198979,0.00133709202054888,0.009171448647975922,0.0006131959962658584
clip_zero_shot,translation_8_down,test_02745,2745,8,ship,8,ship,0.9932442307472229,True,0.00019406351202633232,0.0003536783915478736,0.0001886317040771246,0.00021490543440449983,0.0001246051979251206,0.00012921253801323473,0.0002760261413641274,0.0007714827079325914,0.9932442307472229,0.004503146279603243
clip_zero_shot,translation_8_down,test_01032,1032,7,monkey,7,monkey,0.9949918389320374,True,8.589704521000385e-06,0.001794680836610496,3.4344240702921525e-05,0.0014906490687280893,4.459530464373529e-05,0.0010577304055914283,0.0004617031663656235,0.9949918389320374,6.399604899343103e-05,5.1880957471439615e-05
clip_zero_shot,translation_8_down,test_00365,365,3,cat,3,cat,0.978981077671051,True,9.552983829053119e-05,0.0019391581881791353,0.00036975962575525045,0.978981077671051,0.0008074136567302048,0.009907977655529976,0.0026277322322130203,0.004581120330840349,0.0004986433777958155,0.00019160352530889213
clip_zero_shot,translation_8_down,test_04850,4850,5,dog,5,dog,0.9448726773262024,True,6.894926627865061e-05,0.001923779840581119,0.00048213390982709825,0.014101659879088402,0.017157914116978645,0.9448726773262024,0.009227425791323185,0.01175736915320158,0.0001863865036284551,0.000221742142457515
clip_zero_shot,translation_8_down,test_04819,4819,0,airplane,0,airplane,0.9505786895751953,True,0.9505786895751953,0.0207303948700428,0.009726079180836678,0.0016799925360828638,0.00021694561291951686,0.002871099626645446,0.0010493551380932331,0.007522342726588249,0.004996968433260918,0.0006282224785536528
clip_zero_shot,translation_8_down,test_07338,7338,6,horse,6,horse,0.9965841770172119,True,3.798121178988367e-05,0.0005783475935459137,0.0003871970693580806,0.00011933579662581906,0.00048367472481913865,0.0007503012311644852,0.9965841770172119,0.00020291148393880576,0.0002666519139893353,0.0005894306232221425
clip_zero_shot,translation_8_down,test_07372,7372,0,airplane,0,airplane,0.928292989730835,True,0.928292989730835,0.04245082661509514,0.002151052001863718,0.0007054517627693713,0.00043641295633278787,0.0007439283072017133,0.0014543007127940655,0.0059529561549425125,0.01677435077726841,0.0010376760037615895
clip_zero_shot,translation_8_down,test_01090,1090,1,bird,1,bird,0.9938554167747498,True,0.0013120824005454779,0.9938554167747498,0.00020771485287696123,0.00034935231087729335,0.00025009835371747613,0.0004987660213373601,0.001999656669795513,0.00027692498406395316,0.00040086303488351405,0.0008490884792990983
clip_zero_shot,translation_8_down,test_05062,5062,4,deer,4,deer,0.9985051155090332,True,1.6870988019945798e-06,0.00044740072917193174,3.3075750252464786e-05,0.0001080951769836247,0.9985051155090332,0.000597225094679743,0.00023076869547367096,4.917671321891248e-05,7.431926860590465e-06,2.0082590708625503e-05
clip_zero_shot,translation_8_down,test_00981,981,2,car,2,car,0.9923101663589478,True,0.0003984687791671604,0.0015866849571466446,0.9923101663589478,0.0001415744482073933,0.0002848885196726769,0.0003259821387473494,0.0003203680389560759,9.540586324874312e-05,0.0008336655446328223,0.003702751360833645
clip_zero_shot,translation_8_down,test_05857,5857,6,horse,6,horse,0.968262255191803,True,4.17639130319003e-05,0.0021689925342798233,0.004203936085104942,0.0017564669251441956,0.0012487804051488638,0.009235161356627941,0.968262255191803,0.0032870937138795853,0.00130433717276901,0.008491131477057934
clip_zero_shot,translation_8_down,test_01986,1986,1,bird,1,bird,0.9618682861328125,True,3.3870597690111026e-05,0.9618682861328125,0.0012274852488189936,0.0058158994652330875,0.00015666504623368382,0.01611439138650894,0.010963832959532738,0.0005582498852163553,0.000854169949889183,0.0024073966778814793
clip_zero_shot,translation_8_down,test_05560,5560,1,bird,1,bird,0.9937520623207092,True,3.38340578309726e-05,0.9937520623207092,0.00010035251034423709,0.0006488944636657834,6.237756224436453e-06,0.0020619661081582308,0.00018602772615849972,0.0029760971665382385,6.750147440470755e-05,0.00016693492943886667
clip_zero_shot,translation_8_down,test_01814,1814,2,car,2,car,0.9853423833847046,True,0.00023928855080157518,0.0005411645979620516,0.9853423833847046,0.0005326314130797982,0.00023643806343898177,0.0004534148029051721,0.003141960361972451,9.97626775642857e-05,0.0001707468181848526,0.009242153726518154
clip_zero_shot,translation_8_down,test_00194,194,8,ship,8,ship,0.9952149391174316,True,5.4692645790055394e-05,0.0006001077708788216,8.63770765135996e-05,9.180948109133169e-05,0.000405245489673689,0.00013221650442574173,0.0011911258334293962,0.0002823705435730517,0.9952149391174316,0.0019412217661738396
clip_zero_shot,translation_8_down,test_01993,1993,1,bird,1,bird,0.9990531802177429,True,3.0591625545639545e-05,0.9990531802177429,0.00010845880024135113,5.8287034335080534e-05,4.647780770028476e-06,0.00039402832044288516,2.7526437406777404e-05,8.304570656036958e-05,8.755745511734858e-05,0.00015283389075193554
clip_zero_shot,translation_8_down,test_05333,5333,2,car,2,car,0.9862732291221619,True,0.00028837297577410936,0.0002627990616019815,0.9862732291221619,0.00026855847681872547,4.8278074245899916e-05,0.00015852310752961785,0.001740601728670299,4.308835559641011e-05,0.0019376450218260288,0.008979099802672863
clip_zero_shot,translation_8_down,test_04311,4311,8,ship,8,ship,0.9983946681022644,True,1.3023897736275103e-05,0.00010374000703450292,0.00011747056123567745,2.149224019376561e-05,2.8547416150104254e-05,5.3479157941183075e-05,0.0002442177792545408,0.00013057657633908093,0.9983946681022644,0.0008927681483328342
clip_zero_shot,translation_8_down,test_07425,7425,2,car,2,car,0.9846320152282715,True,0.00019034580327570438,0.0011971318162977695,0.9846320152282715,0.0005127181066200137,0.0002751809952314943,0.0031402823515236378,0.0010552851017564535,0.000293313292786479,0.001746750553138554,0.006956875324249268
clip_zero_shot,translation_8_down,test_03889,3889,5,dog,5,dog,0.9715749025344849,True,0.00012503661855589598,0.0009742994443513453,0.0002479181857779622,0.0018435571109876037,0.0017646828200668097,0.9715749025344849,0.007170566823333502,0.013252791948616505,0.0003970663237851113,0.0026491328608244658
clip_zero_shot,translation_8_down,test_04308,4308,7,monkey,7,monkey,0.9870427846908569,True,1.3354680049815215e-05,0.0007090310682542622,0.0001627209276193753,0.006543188821524382,0.0002761310897767544,0.003910255152732134,0.0011625952320173383,0.9870427846908569,6.683774699922651e-05,0.0001131276658270508
clip_zero_shot,translation_8_down,test_01960,1960,4,deer,4,deer,0.9871636629104614,True,4.230352260492509e-06,0.0002862124238163233,5.744055306422524e-05,0.00015707724378444254,0.9871636629104614,0.011604384519159794,0.0005654368433170021,7.61412302381359e-05,1.6959003914962523e-05,6.84799742884934e-05
clip_zero_shot,translation_8_down,test_04399,4399,0,airplane,0,airplane,0.8840975165367126,True,0.8840975165367126,0.024119211360812187,0.021758783608675003,0.002085245680063963,0.0035392222926020622,0.004407448228448629,0.008134418167173862,0.01737937517464161,0.03354873135685921,0.0009302380494773388
clip_zero_shot,translation_8_down,test_03191,3191,6,horse,6,horse,0.9850627183914185,True,1.6439895262010396e-05,0.00020228949142619967,0.002946374239400029,0.0001484142558183521,0.00042150859371759,0.00368821551091969,0.9850627183914185,0.002683323575183749,0.00015923466708045453,0.0046714115887880325
clip_zero_shot,translation_8_down,test_01626,1626,5,dog,5,dog,0.9884310960769653,True,1.0977236343023833e-05,0.0006265655974857509,0.0001176772202597931,0.000857047620229423,0.001913044136017561,0.9884310960769653,0.0013797128340229392,0.006316125858575106,8.328504918608814e-05,0.0002643614716362208
clip_zero_shot,translation_8_down,test_00176,176,3,cat,3,cat,0.9874356985092163,True,3.371039383637253e-06,0.001947529031895101,0.0014929716708138585,0.9874356985092163,0.000635263160802424,0.0028327626641839743,0.00046072606346569955,0.004832681734114885,0.0002597049460746348,9.930128726409748e-05
clip_zero_shot,translation_8_down,test_07726,7726,6,horse,6,horse,0.9985528588294983,True,1.485580469307024e-06,0.00013729250349570066,4.1873201553244144e-05,0.0001557010255055502,8.517306559951976e-05,0.0007529155700467527,0.9985528588294983,0.00021726608974859118,1.545723898743745e-05,4.002151399618015e-05
clip_zero_shot,translation_8_down,test_02334,2334,5,dog,5,dog,0.9854135513305664,True,1.6012747437343933e-05,0.0006337941158562899,0.0001282170560443774,0.0014261211035773158,0.002583869732916355,0.9854135513305664,0.007866110652685165,0.0016807147767394781,3.807754546869546e-05,0.00021352774638216943
clip_zero_shot,translation_8_down,test_01648,1648,0,airplane,0,airplane,0.9834203720092773,True,0.9834203720092773,0.01094210147857666,0.0007315274560824037,7.085202378220856e-05,0.00028111113351769745,0.00031583639793097973,0.00027332681929692626,0.0011792611330747604,0.0024117203429341316,0.000374109746189788
clip_zero_shot,translation_8_down,test_06084,6084,7,monkey,7,monkey,0.9979327917098999,True,4.289147454983322e-06,0.001030473504215479,3.388378900126554e-05,0.0004947492270730436,4.147434538026573e-06,0.00037396737025119364,8.357432670891285e-05,0.9979327917098999,1.4873428881401196e-05,2.7278683774056844e-05
clip_zero_shot,translation_8_down,test_03455,3455,0,airplane,0,airplane,0.941413164138794,True,0.941413164138794,0.030235886573791504,0.00469844788312912,0.0004266420437488705,0.0004446829261723906,0.003258358221501112,0.0030223417561501265,0.0015205639647319913,0.008240277878940105,0.006739657372236252
clip_zero_shot,translation_8_down,test_01468,1468,9,truck,9,truck,0.8222353458404541,True,0.00205906480550766,0.0025639852974563837,0.11705298721790314,0.0021835428196936846,0.0007257090182974935,0.004073128569871187,0.0147064458578825,0.0018448821501806378,0.03255482390522957,0.8222353458404541
clip_zero_shot,translation_8_down,test_01296,1296,7,monkey,7,monkey,0.922836422920227,True,2.476191639289027e-06,0.0023716746363788843,0.00013003358617424965,0.06994328647851944,0.0012518937001004815,0.0029263098258525133,0.00019487096869852394,0.922836422920227,0.0002359963400522247,0.0001070398575393483
clip_zero_shot,translation_8_down,test_05213,5213,4,deer,4,deer,0.9859490394592285,True,1.2982165571884252e-05,0.0016360849840566516,0.00019133964087814093,0.00011655114212771878,0.9859490394592285,0.001577746937982738,0.009895313531160355,0.00039418667438440025,9.142168710241094e-05,0.00013527287228498608
clip_zero_shot,translation_8_down,test_07047,7047,9,truck,9,truck,0.9929346442222595,True,0.0001257616822840646,0.0004674716910813004,0.003801063634455204,0.00021202387870289385,0.00019236994558013976,0.00021766172721982002,0.0006059337174519897,0.00011375867325114086,0.0013293124502524734,0.9929346442222595
clip_zero_shot,translation_8_down,test_05360,5360,9,truck,9,truck,0.9311699271202087,True,0.0030180334579199553,0.0010434918804094195,0.04983934015035629,0.00026360320043750107,0.0006523121846839786,0.0012057871790602803,0.0043817670084536076,0.0005682432092726231,0.007857533171772957,0.9311699271202087
clip_zero_shot,translation_8_down,test_05824,5824,2,car,2,car,0.9306347966194153,True,0.00015998671005945653,0.010850927792489529,0.9306347966194153,0.005023496691137552,0.004397982265800238,0.017040327191352844,0.004467751830816269,0.007582107558846474,0.0019293786026537418,0.017913205549120903
clip_zero_shot,translation_8_down,test_07460,7460,8,ship,8,ship,0.991885781288147,True,0.0001856156886788085,0.0007734710234217346,0.0010442371712997556,0.0004659378610085696,0.0001931758743012324,0.001459540450014174,0.0005180432926863432,0.0004325508780311793,0.991885781288147,0.0030416883528232574
clip_zero_shot,translation_8_down,test_04791,4791,7,monkey,7,monkey,0.9996650218963623,True,2.9453335059770325e-07,6.75878327456303e-05,9.141682312474586e-06,7.500837818952277e-05,7.286619165824959e-06,0.00015078275464475155,1.8659526176634245e-05,0.9996650218963623,8.163034976860217e-07,5.369261089072097e-06
clip_zero_shot,translation_8_down,test_06692,6692,2,car,2,car,0.9162776470184326,True,0.0011152266524732113,0.003151083365082741,0.9162776470184326,0.00034840533044189215,2.2216314391698688e-05,0.0007963980897329748,0.00035502566606737673,3.372185892658308e-05,0.002408657455816865,0.0754917562007904
clip_zero_shot,translation_8_down,test_06931,6931,9,truck,9,truck,0.8931924700737,True,0.0007385152275674045,0.003008652478456497,0.05736624076962471,0.028087260201573372,0.000997111084870994,0.0028683310374617577,0.004941929597407579,0.0005409599398262799,0.008258513174951077,0.8931924700737
clip_zero_shot,translation_8_down,test_00667,667,8,ship,8,ship,0.9986296892166138,True,7.723098678980023e-05,0.00019277821411378682,0.00027818631497211754,4.1484021494397894e-05,7.805317727616057e-05,0.0001520902442280203,0.0002100445271935314,7.906940300017595e-05,0.9986296892166138,0.0002614585100673139
clip_zero_shot,translation_8_down,test_07781,7781,6,horse,6,horse,0.9995606541633606,True,7.077252917042642e-07,7.112769526429474e-05,1.687157418928109e-05,2.8454238417907618e-05,1.0543190910539124e-05,0.0002401913225185126,0.9995606541633606,5.424947084975429e-05,4.394360075821169e-06,1.281075947190402e-05
clip_zero_shot,translation_8_down,test_07793,7793,3,cat,3,cat,0.9584642052650452,True,0.00011284014181001112,0.0007900221389718354,0.0003534680581651628,0.9584642052650452,0.0003192440781276673,0.03328092768788338,0.0009776016231626272,0.0053428481332957745,0.0002907704038079828,6.811725324951112e-05
clip_zero_shot,translation_8_down,test_01411,1411,9,truck,9,truck,0.9937082529067993,True,0.00019054056610912085,0.00019086575775872916,0.004272813908755779,3.934742562705651e-05,4.223037831252441e-05,0.00013215791841503233,0.00025607438874430954,1.8337523215450346e-05,0.0011494070058688521,0.9937082529067993
clip_zero_shot,translation_8_down,test_01473,1473,7,monkey,7,monkey,0.9992389678955078,True,6.124656124484318e-07,0.0003613845619838685,5.815857093693921e-06,5.669271922670305e-05,2.9952486784168286e-06,0.0002706299419514835,4.490960418479517e-05,0.9992389678955078,4.739092673844425e-06,1.3258022590889595e-05
clip_zero_shot,translation_8_down,test_07130,7130,5,dog,5,dog,0.993894636631012,True,8.011702448129654e-06,0.0005159751744940877,4.700756835518405e-05,0.0011633581016212702,0.00040039513260126114,0.993894636631012,0.0016376497223973274,0.0022370358929038048,2.3618144041392952e-05,7.23272969480604e-05
clip_zero_shot,translation_8_down,test_01956,1956,7,monkey,7,monkey,0.9833239912986755,True,2.4245921395049663e-06,0.0008929547038860619,0.00011143688607262447,0.0031718919053673744,0.0010897433385252953,0.010698900558054447,0.00042594780097715557,0.9833239912986755,3.84386075893417e-05,0.00024429630138911307
clip_zero_shot,translation_8_down,test_06716,6716,5,dog,5,dog,0.9811073541641235,True,2.118088104907656e-06,0.0006462870514951646,0.00028850152739323676,0.0066503724083304405,0.00036376641946844757,0.9811073541641235,0.005935023073107004,0.0048346188850700855,0.00010414471034891903,6.78773139952682e-05
clip_zero_shot,translation_8_down,test_04106,4106,5,dog,5,dog,0.9761804938316345,True,0.00021537058637477458,0.0014160446589812636,0.0009075658745132387,0.011657895520329475,0.0017783517250791192,0.9761804938316345,0.004659755155444145,0.002498153131455183,0.00027466571191325784,0.0004117601492907852
clip_zero_shot,translation_8_down,test_03494,3494,6,horse,6,horse,0.9985415935516357,True,1.1415468179620802e-05,0.00011242653272347525,0.0002448918530717492,7.68324825912714e-05,0.0001075288892025128,0.00043687684228643775,0.9985415935516357,0.00018360068497713655,7.515737524954602e-05,0.00020976696396246552
clip_zero_shot,translation_8_down,test_00691,691,4,deer,4,deer,0.9973441958427429,True,2.0987038169550942e-06,0.00021112887770868838,3.218985511921346e-05,7.375192944891751e-05,0.9973441958427429,0.0009757325751706958,0.0013106446713209152,2.7384856366552413e-05,9.854647032625508e-06,1.2979014172742609e-05
clip_zero_shot,translation_8_down,test_05220,5220,1,bird,5,dog,0.37364456057548523,False,0.0017882564570754766,0.013905806466937065,0.008385439403355122,0.22477534413337708,0.00759246526286006,0.37364456057548523,0.06481955945491791,0.2888849377632141,0.011497795581817627,0.004705868661403656
clip_zero_shot,translation_8_down,test_04908,4908,3,cat,3,cat,0.9431688785552979,True,0.00038274365942925215,0.0013604192063212395,0.0009047010098583996,0.9431688785552979,0.020413950085639954,0.030233226716518402,0.0002899340761359781,0.00242299004457891,0.0003965635842178017,0.0004267314507160336
clip_zero_shot,translation_8_down,test_07029,7029,1,bird,1,bird,0.9978072047233582,True,1.4788227417739108e-05,0.9978072047233582,6.118920282460749e-05,0.00023730042448733002,1.1434301995905116e-05,0.0006243572570383549,0.0001349232334177941,0.0008691669208928943,4.933467789669521e-05,0.00019041710766032338
clip_zero_shot,translation_8_down,test_04130,4130,0,airplane,0,airplane,0.925345242023468,True,0.925345242023468,0.03614286705851555,0.007158298045396805,0.003199881175532937,0.0013421137118712068,0.005509340204298496,0.0035017223563045263,0.012540437281131744,0.0039914571680128574,0.0012686244444921613
clip_zero_shot,translation_8_down,test_07938,7938,9,truck,9,truck,0.9665167927742004,True,0.0001855668524513021,0.0016792162787169218,0.026549533009529114,0.00038956047501415014,0.000339945952873677,0.0010250657796859741,0.0016527064144611359,0.0006791846244595945,0.0009824868757277727,0.9665167927742004
clip_zero_shot,translation_8_down,test_05101,5101,5,dog,5,dog,0.9585935473442078,True,1.9734323359443806e-05,0.0002033387281699106,0.03518867865204811,0.00032299349550157785,4.7202411224134266e-05,0.9585935473442078,0.0009028047206811607,0.0009653994347900152,9.561811748426408e-05,0.003660702845081687
clip_zero_shot,translation_8_down,test_01515,1515,9,truck,9,truck,0.9951943755149841,True,4.100121441297233e-05,0.0001301957672694698,0.003153969533741474,5.7889283198164776e-05,5.037899609305896e-05,0.00016489204426761717,0.0003428199852351099,4.93830993946176e-05,0.0008151332731358707,0.9951943755149841
clip_zero_shot,translation_8_down,test_03287,3287,4,deer,4,deer,0.9967948794364929,True,7.865389306971338e-06,0.0004419221368152648,0.00010253006621496752,2.818536631821189e-05,0.9967948794364929,0.0009626083774492145,0.0015488748904317617,1.1671791071421467e-05,3.826908505288884e-05,6.323722482193261e-05
clip_zero_shot,translation_8_down,test_00716,716,8,ship,8,ship,0.9843897223472595,True,0.00025913058198057115,0.0008178925490938127,0.0007400749600492418,0.0006907013012096286,0.0005578223499469459,0.00022414550767280161,0.0013908575056120753,0.0018164576031267643,0.9843897223472595,0.009113124571740627
clip_zero_shot,translation_8_down,test_04236,4236,7,monkey,7,monkey,0.9995689988136292,True,3.1264571020983567e-07,0.00022478548635262996,3.73421676158614e-06,4.559631270240061e-05,9.86488248599926e-06,9.707964636618271e-05,4.3274998461129144e-05,0.9995689988136292,1.9722879187611397e-06,4.330238880356774e-06
clip_zero_shot,translation_8_down,test_05408,5408,6,horse,6,horse,0.9980472326278687,True,1.8678515800729656e-07,9.33454793994315e-05,3.107851807726547e-05,0.0001746996131259948,0.0005209640949033201,0.0010695058153942227,0.9980472326278687,2.1293426470947452e-05,1.7248710719286464e-05,2.433539521007333e-05
clip_zero_shot,translation_8_down,test_05496,5496,5,dog,5,dog,0.9892052412033081,True,0.00011628371430560946,0.0008699988247826695,0.0001619068207219243,0.0016258369432762265,0.00012137644807808101,0.9892052412033081,0.0009969868697226048,0.006536806933581829,0.00024170518736355007,0.00012384691217448562
clip_zero_shot,translation_8_down,test_03365,3365,4,deer,4,deer,0.9371970295906067,True,0.00014758948236703873,0.0007067768601700664,0.0018572425469756126,0.00023667424102313817,0.9371970295906067,0.04288908466696739,0.012208615429699421,0.0005237854202277958,0.0003467647184152156,0.003886450082063675
clip_zero_shot,translation_8_down,test_04323,4323,3,cat,3,cat,0.9302729368209839,True,0.0001347218349110335,0.001840194221585989,0.0002753078588284552,0.9302729368209839,0.0015126460930332541,0.05281035974621773,0.002516533248126507,0.007253496441990137,0.0028752980288118124,0.000508564873598516
clip_zero_shot,translation_8_down,test_05467,5467,4,deer,4,deer,0.9956753849983215,True,1.417205567122437e-05,0.00037309364415705204,0.00010782297613332048,3.714886770467274e-05,0.9956753849983215,0.001173875411041081,0.002357669174671173,0.00011438357614679262,3.0543491448042914e-05,0.0001160223109764047
clip_zero_shot,translation_8_down,test_01644,1644,5,dog,5,dog,0.990784764289856,True,2.0989347831346095e-05,0.0017221213784068823,0.00010994108015438542,0.00197027251124382,0.0011494141072034836,0.990784764289856,0.0017952679190784693,0.002134513109922409,0.00010138085053768009,0.00021139862656127661
clip_zero_shot,translation_8_down,test_03948,3948,8,ship,8,ship,0.9951431751251221,True,0.0002412932662991807,0.00045392196625471115,0.000318943610182032,0.00022215244825929403,0.0005566736799664795,0.0003688283613882959,0.0009453763486817479,0.0014424234395846725,0.9951431751251221,0.00030719873029738665
clip_zero_shot,translation_8_down,test_06726,6726,7,monkey,7,monkey,0.9610798954963684,True,1.6894182408577763e-06,0.000696823641192168,7.192789053078741e-05,0.005638232920318842,0.0008648472721688449,0.031387075781822205,0.0001910446007968858,0.9610798954963684,1.2951471035194118e-05,5.556036558118649e-05
clip_zero_shot,translation_8_down,test_05395,5395,2,car,2,car,0.9937326312065125,True,0.00013777439016848803,0.00033113142126239836,0.9937326312065125,0.00015939731383696198,6.931339885341004e-05,0.00033942132722586393,0.00017442427633795887,0.00014105533773545176,0.0008908138843253255,0.004024054389446974
clip_zero_shot,translation_8_down,test_01579,1579,7,monkey,7,monkey,0.9991787075996399,True,9.723637504066573e-07,9.473936370341107e-05,9.527861038804986e-06,4.39616123912856e-05,6.19495631326572e-06,0.0006065242341719568,5.209619121160358e-05,0.9991787075996399,1.0991120689141098e-06,6.250371370697394e-06
clip_zero_shot,translation_8_down,test_05918,5918,0,airplane,0,airplane,0.9743551015853882,True,0.9743551015853882,0.009707702323794365,0.0028350886423140764,0.0005743858637288213,0.000787555065471679,0.0009838946862146258,0.0010972832096740603,0.0015908078057691455,0.0066757421009242535,0.0013925540260970592
clip_zero_shot,translation_8_down,test_07041,7041,5,dog,5,dog,0.9109792709350586,True,0.001220072153955698,0.002392492489889264,0.0024051296059042215,0.03654370829463005,0.002763887168839574,0.9109792709350586,0.012893985956907272,0.022627362981438637,0.005693758837878704,0.0024803313426673412
clip_zero_shot,translation_8_down,test_00506,506,4,deer,4,deer,0.9941256046295166,True,1.3137570249455166e-06,0.0003890692605637014,2.0280185708543286e-05,0.00011572291987249628,0.9941256046295166,0.003271909663453698,0.0018015344394370914,0.0002455331850796938,6.48810964776203e-06,2.2420137611334212e-05
clip_zero_shot,translation_8_down,test_04011,4011,6,horse,6,horse,0.9968574047088623,True,9.905935257847887e-06,0.0004263823211658746,0.0002053791977232322,0.0006190575077198446,0.00048434376367367804,0.0010743177263066173,0.9968574047088623,0.00016910086560528725,8.840496593620628e-05,6.576168379979208e-05
clip_zero_shot,translation_8_down,test_05981,5981,9,truck,9,truck,0.9640960097312927,True,0.0007983710966072977,0.0009831583593040705,0.027142418548464775,0.0003216250042896718,0.00037719792453572154,0.0003171790449414402,0.0006256514461711049,0.000546177732758224,0.004792182706296444,0.9640960097312927
clip_zero_shot,translation_8_down,test_00409,409,2,car,2,car,0.9756150245666504,True,0.0005358129856176674,0.002167277503758669,0.9756150245666504,0.0008780760690569878,0.0001752107054926455,0.0014711065450683236,0.0015987515216693282,0.0034325355663895607,0.0017319100443273783,0.012394276447594166
clip_zero_shot,translation_8_down,test_06954,6954,1,bird,1,bird,0.9738324284553528,True,0.00019697182870004326,0.9738324284553528,0.002097787568345666,0.01177533995360136,9.379340190207586e-05,0.0056312792003154755,0.00039085131720639765,0.0037955748848617077,0.0005692942067980766,0.0016166537534445524
clip_zero_shot,translation_8_down,test_07555,7555,6,horse,6,horse,0.8238667249679565,True,0.00032275469857268035,0.0010051961289718747,0.018670257180929184,0.0009665273246355355,0.058343254029750824,0.06941316276788712,0.8238667249679565,0.008813001215457916,0.0005250810063444078,0.01807410456240177
clip_zero_shot,translation_8_down,test_03965,3965,0,airplane,0,airplane,0.9651544690132141,True,0.9651544690132141,0.024483241140842438,0.001886836253106594,0.00019893443095497787,0.0003568992833606899,0.0006452227826230228,0.0007899270858615637,0.001824015285819769,0.004278196953237057,0.00038234019302763045
clip_zero_shot,translation_8_down,test_07266,7266,9,truck,9,truck,0.9151512980461121,True,0.00012609048280864954,0.006597379222512245,0.054440997540950775,0.0033944142051041126,0.006825210992246866,0.003686710959300399,0.005560331512242556,0.0006761896656826138,0.0035413389559835196,0.9151512980461121
clip_zero_shot,translation_8_down,test_04785,4785,0,airplane,0,airplane,0.9562659859657288,True,0.9562659859657288,0.01149362325668335,0.006096328608691692,0.0016195527277886868,0.00178338133264333,0.0009736030478961766,0.001890846760943532,0.0018122673500329256,0.013130237348377705,0.004934077151119709
clip_zero_shot,translation_8_down,test_06028,6028,2,car,2,car,0.9714099764823914,True,0.000241109577473253,0.000744479475542903,0.9714099764823914,0.0009699791553430259,0.0014068982563912868,0.001261195633560419,0.005600251257419586,0.00041783982305787504,0.0008262702613137662,0.01712208241224289
clip_zero_shot,translation_8_down,test_06503,6503,2,car,2,car,0.9394779205322266,True,0.0005076677189208567,0.0040305182337760925,0.9394779205322266,0.001185095519758761,0.0031936669256538153,0.0024956604465842247,0.0012214349117130041,0.0006626263493672013,0.0009471031953580678,0.046278148889541626
clip_zero_shot,translation_8_down,test_06414,6414,5,dog,5,dog,0.9516627192497253,True,0.0004429038963280618,0.0014780241763219237,0.0013393928529694676,0.021426444873213768,0.00261997920460999,0.9516627192497253,0.0068063195794820786,0.011814269237220287,0.001317272544838488,0.0010927094845101237
clip_zero_shot,translation_8_down,test_05382,5382,6,horse,6,horse,0.9831154942512512,True,7.360231393249705e-05,0.0002940615813713521,0.01316988654434681,0.0001727123453747481,0.0002742492943070829,0.0012080958113074303,0.9831154942512512,0.0001164693821920082,0.00047575117787346244,0.0010996208293363452
clip_zero_shot,translation_8_down,test_06836,6836,1,bird,1,bird,0.9982421398162842,True,4.249999619787559e-05,0.9982421398162842,0.00010603616101434454,0.0002283029753016308,2.9218484996818006e-05,0.0004095693293493241,0.00010064608795801178,0.000502701906953007,0.00020739500178024173,0.00013138096255715936
clip_zero_shot,translation_8_down,test_06508,6508,4,deer,4,deer,0.9887780547142029,True,5.163103196537122e-06,0.0006357276579365134,5.029947715229355e-05,6.753009074600413e-05,0.9887780547142029,0.0022346435580402613,0.007830259390175343,0.0002711369888857007,3.197351179551333e-05,9.539630264043808e-05
clip_zero_shot,translation_8_down,test_03994,3994,4,deer,4,deer,0.9976691603660583,True,3.410436875128653e-07,0.0008094367221929133,2.298877006978728e-05,0.00012556128785945475,0.9976691603660583,0.0006427067564800382,0.00014839021605439484,0.0005690939142368734,5.77579203309142e-06,6.364250111801084e-06
clip_zero_shot,translation_8_down,test_03942,3942,9,truck,9,truck,0.9683585166931152,True,0.0002256763109471649,0.0009763782727532089,0.022905519232153893,0.00043152508442290127,4.268188786227256e-05,0.001075207139365375,0.0012072310782968998,0.0006212586304172873,0.004156006034463644,0.9683585166931152
clip_zero_shot,translation_8_down,test_03542,3542,7,monkey,7,monkey,0.9992595314979553,True,1.4888856014749763e-07,6.998905155342072e-05,1.0729319910751656e-05,0.00012585768126882613,3.46625392921851e-06,0.0004935612087137997,2.4888102416298352e-05,0.9992595314979553,2.368645255046431e-06,9.398419933859259e-06
clip_zero_shot,translation_8_down,test_06952,6952,3,cat,3,cat,0.9753414988517761,True,7.439476758008823e-05,0.00835029873996973,0.0008682914776727557,0.9753414988517761,0.0005635550478473306,0.01059908140450716,0.0014302879571914673,0.0022901364136487246,0.0001946257398230955,0.000287939008558169
clip_zero_shot,translation_8_down,test_04290,4290,5,dog,4,deer,0.6069132089614868,False,0.0007585904677398503,0.022885557264089584,0.0007081814110279083,0.025569137185811996,0.6069132089614868,0.22883343696594238,0.08533968031406403,0.027825212106108665,0.0006263090763241053,0.000540838809683919
clip_zero_shot,translation_8_down,test_07446,7446,8,ship,8,ship,0.9972177743911743,True,0.0005053587956354022,0.0004666340537369251,0.00024343258701264858,0.00013895577285438776,0.00021397830278147012,0.00020184734603390098,0.0005659707239829004,0.00017891860625240952,0.9972177743911743,0.00026711830287240446
clip_zero_shot,translation_8_down,test_06169,6169,1,bird,1,bird,0.9268216490745544,True,0.011043804697692394,0.9268216490745544,0.0022563922684639692,0.0009615977178327739,0.0028988958802074194,0.007728707976639271,0.013471176847815514,0.0018421863205730915,0.024087542667984962,0.008888022974133492
clip_zero_shot,translation_8_down,test_01109,1109,1,bird,1,bird,0.9937340617179871,True,0.0022432070691138506,0.9937340617179871,9.290203161071986e-05,0.0006258194916881621,0.0003541458572726697,0.0013501711655408144,0.0005024104611948133,0.00015399650146719068,0.0007743449532426894,0.00016889481048565358
clip_zero_shot,translation_8_down,test_03179,3179,4,deer,4,deer,0.9890680909156799,True,2.833559483406134e-05,0.00016920093912631273,0.00034215798950754106,9.76890732999891e-05,0.9890680909156799,0.002170331310480833,0.007696092128753662,5.536191747523844e-05,6.199649214977399e-05,0.00031067855888977647
clip_zero_shot,translation_8_down,test_07835,7835,7,monkey,7,monkey,0.9992184638977051,True,3.52106241052752e-07,0.00019269991025794297,4.087615252501564e-06,0.00015858803817536682,1.7871041563921608e-05,0.0003374655789230019,5.847697320859879e-05,0.9992184638977051,3.806953145613079e-06,8.177620657079387e-06
clip_zero_shot,translation_8_down,test_07390,7390,1,bird,1,bird,0.9878321290016174,True,0.008001653477549553,0.9878321290016174,0.0005927026504650712,0.00021030202333349735,1.0414970347483177e-05,0.00034562477958388627,0.0002757158945314586,0.00016370498633477837,0.0006605243543162942,0.0019073756411671638
clip_zero_shot,translation_8_down,test_00568,568,5,dog,5,dog,0.9478464722633362,True,8.722647908143699e-05,0.0010320619912818074,0.0005051182815805078,0.03098626248538494,0.004724504891782999,0.9478464722633362,0.0023398613557219505,0.010954736731946468,0.0006044114124961197,0.0009193875594064593
clip_zero_shot,translation_8_down,test_04629,4629,4,deer,4,deer,0.9978975057601929,True,7.674394510104321e-06,0.0006190725835040212,7.729471690254286e-05,9.14700940484181e-05,0.9978975057601929,0.0006604665541090071,0.0005394149920903146,3.866378028760664e-05,1.5165955119300634e-05,5.337978291208856e-05
clip_zero_shot,translation_8_down,test_07138,7138,8,ship,8,ship,0.9971961975097656,True,4.2936830141115934e-05,0.00028626780840568244,0.0002576180559117347,8.365133544430137e-05,8.363649249076843e-05,0.00013605535787064582,0.00020756886806339025,6.332823977572843e-05,0.9971961975097656,0.0016427451046183705
clip_zero_shot,translation_8_down,test_05284,5284,9,truck,9,truck,0.9816307425498962,True,3.910104715032503e-05,0.00023319385945796967,0.017227906733751297,4.755174450110644e-05,7.707361510256305e-05,0.00010141498205484822,0.0002814099716488272,3.6215777072357014e-05,0.0003253652830608189,0.9816307425498962
clip_zero_shot,translation_8_down,test_00003,3,0,airplane,0,airplane,0.9323239326477051,True,0.9323239326477051,0.011131661012768745,0.009781531989574432,0.0024147299118340015,0.000682503858115524,0.0010031918063759804,0.0011187400668859482,0.0027772863395512104,0.03556455671787262,0.0032017503399401903
clip_zero_shot,translation_8_down,test_02690,2690,1,bird,1,bird,0.9992982149124146,True,9.093055996345356e-05,0.9992982149124146,3.5755794669967145e-05,0.00013877743913326412,0.00012070653610862792,0.00013029824185650796,1.3401212527242023e-05,0.00010609611490508541,4.642357089323923e-05,1.9392906324355863e-05
clip_zero_shot,translation_8_down,test_05858,5858,6,horse,6,horse,0.9968485236167908,True,1.9856388462358154e-06,8.21976937004365e-05,6.49365974823013e-05,0.00030754558974877,0.00027407254674471915,0.0021652295254170895,0.9968485236167908,0.00021276180632412434,1.6682919522281736e-05,2.6103183699888177e-05
clip_zero_shot,translation_8_down,test_01266,1266,4,deer,4,deer,0.9945986270904541,True,2.7987171051790938e-06,0.0007381018367595971,5.3096471674507484e-05,0.00010990780720021576,0.9945986270904541,0.0015082426834851503,0.002747517079114914,0.00019175338093191385,1.2235444955877028e-05,3.7725363654317334e-05
clip_zero_shot,translation_8_down,test_03034,3034,4,deer,4,deer,0.9965655207633972,True,2.9007223929511383e-06,0.000735510082449764,3.870013460982591e-05,0.00011186535266460851,0.9965655207633972,0.0018059044377878308,0.0005655595450662076,0.00012559884635265917,5.359417173167458e-06,4.310383883421309e-05
clip_zero_shot,translation_8_down,test_02655,2655,9,truck,9,truck,0.9635718464851379,True,0.0004858267493546009,0.0005013374611735344,0.02587532438337803,0.00018798612290993333,7.18699666322209e-05,0.0003797148820012808,0.001363504445180297,0.0009289500303566456,0.0066335685551166534,0.9635718464851379
clip_zero_shot,translation_8_down,test_06190,6190,7,monkey,7,monkey,0.9970846772193909,True,1.736565593546402e-07,0.002043187152594328,6.6951397457160056e-06,0.00043150424608029425,7.0037176556070335e-06,0.000389278051443398,2.4680090064066462e-05,0.9970846772193909,2.226323431386845e-06,1.0552599633228965e-05
clip_zero_shot,translation_8_down,test_04170,4170,8,ship,8,ship,0.9956554174423218,True,0.00010457270400365815,0.00036414206260815263,0.0004329592629801482,0.0003878350544255227,0.0006258358480408788,0.0004118973156437278,0.00031890152604319155,0.00015893328236415982,0.9956554174423218,0.0015396038070321083
clip_zero_shot,translation_8_down,test_07380,7380,9,truck,9,truck,0.9873418211936951,True,8.526040619472042e-05,0.0003916013811249286,0.008241378702223301,0.0003580229531507939,0.00015661133511457592,0.0004927414702251554,0.0016378180589526892,0.00010557594214333221,0.0011891642352566123,0.9873418211936951
clip_zero_shot,translation_8_down,test_07752,7752,9,truck,9,truck,0.8608812093734741,True,0.0013941009528934956,0.004624831024557352,0.09007802605628967,0.002338044112548232,0.0015063908649608493,0.0035136041697114706,0.011690889485180378,0.0034451584797352552,0.020527739077806473,0.8608812093734741
clip_zero_shot,translation_8_down,test_03996,3996,9,truck,9,truck,0.9844179153442383,True,0.00013706902973353863,0.0006603955407626927,0.0034983300138264894,0.00022659396927338094,0.0002470517938490957,0.0002795909531414509,0.000504842319060117,5.485818473971449e-05,0.009973383508622646,0.9844179153442383
clip_zero_shot,translation_8_down,test_01204,1204,3,cat,3,cat,0.9393765330314636,True,3.2564134016865864e-05,0.012332676909863949,0.001006401958875358,0.9393765330314636,0.009484367445111275,0.005182572174817324,0.0016387164359912276,0.030508246272802353,0.00021449044288601726,0.00022356503177434206
clip_zero_shot,translation_8_down,test_01654,1654,9,truck,9,truck,0.9887011051177979,True,0.00014028306759428233,0.00047766181523911655,0.005701838061213493,0.00034381140721961856,0.00010499884228920564,0.0006974012940190732,0.0010377978906035423,2.5056800950551406e-05,0.0027699742931872606,0.9887011051177979
clip_zero_shot,translation_8_down,test_04746,4746,6,horse,6,horse,0.9991123080253601,True,7.760187941130425e-07,0.00010368218499934301,1.1390990948711988e-05,8.566961332689971e-05,4.895554229733534e-05,0.0005640514427796006,0.9991123080253601,4.4749245716957375e-05,4.562808044283884e-06,2.3764014258631505e-05
clip_zero_shot,translation_8_down,test_04590,4590,3,cat,3,cat,0.9832143783569336,True,2.0509842215687968e-05,0.0004531109007075429,0.0001570776366861537,0.9832143783569336,0.0003303636913187802,0.010676488280296326,0.001149332383647561,0.0037543175276368856,0.0001447086251573637,9.965740173356608e-05
clip_zero_shot,translation_8_down,test_00562,562,0,airplane,0,airplane,0.9563426971435547,True,0.9563426971435547,0.009940152056515217,0.0036780352238565683,0.0013429690152406693,0.0003980082110501826,0.0013413766864687204,0.0012769780587404966,0.0047087944112718105,0.01995149999856949,0.001019385876134038
clip_zero_shot,translation_8_down,test_07108,7108,6,horse,6,horse,0.997808039188385,True,1.799597157514654e-05,2.192198189732153e-05,0.0004593778867274523,4.312663804739714e-05,6.925455818418413e-05,0.00047290450311265886,0.997808039188385,2.7762296667788178e-05,0.00013787632633466274,0.0009418238187208772
clip_zero_shot,translation_8_down,test_05999,5999,0,airplane,0,airplane,0.9898813366889954,True,0.9898813366889954,0.005107308272272348,0.002560442080721259,5.07645818288438e-05,0.0003238670469727367,0.000179436567123048,0.00012508354848250747,0.0004288561176508665,0.001108724856749177,0.00023417585180141032
clip_zero_shot,translation_8_down,test_01403,1403,2,car,2,car,0.9827057123184204,True,9.460272121941671e-05,0.0005096258246339858,0.9827057123184204,0.00032236368861049414,0.00012319778033997864,0.0009609750122763216,0.0003819236590061337,0.0004365516942925751,0.0008937884122133255,0.013571091927587986
clip_zero_shot,translation_8_down,test_04403,4403,7,monkey,7,monkey,0.998908519744873,True,4.790415459865471e-07,2.7954960387432948e-05,3.880153599311598e-06,4.7953202738426626e-05,0.00011682343028951436,0.0008411271264776587,4.0290709875989705e-05,0.998908519744873,1.6887076981220162e-06,1.1287459528830368e-05
clip_zero_shot,translation_8_down,test_06332,6332,2,car,2,car,0.9788644313812256,True,0.0016841930337250233,0.0013878258178010583,0.9788644313812256,8.189612708520144e-05,9.551061521051452e-05,0.0005006489809602499,0.0005281305056996644,1.2615814739547204e-05,0.0019176102941855788,0.014927195385098457
clip_zero_shot,translation_8_down,test_06264,6264,2,car,2,car,0.986335039138794,True,5.355424218578264e-05,0.0008323015063069761,0.986335039138794,0.00135615817271173,0.00018318212823942304,0.00231005996465683,0.0006120862672105432,0.0003437968553043902,0.0023743687197566032,0.00559929059818387
clip_zero_shot,translation_8_down,test_00303,303,9,truck,9,truck,0.9913097620010376,True,4.689814886660315e-05,0.00011686855577863753,0.00620412640273571,0.0001650936173973605,6.737129297107458e-05,0.00020738008606713265,0.0005736628081649542,4.8672322009224445e-05,0.001260098535567522,0.9913097620010376
clip_zero_shot,translation_8_down,test_00791,791,3,cat,3,cat,0.9864308834075928,True,6.712479807902128e-05,0.0009504999616183341,0.0001451194693800062,0.9864308834075928,0.00032744870986789465,0.007023565471172333,0.0010726804612204432,0.003594278823584318,0.00022145936964079738,0.00016693465295247734
clip_zero_shot,translation_8_down,test_03067,3067,2,car,2,car,0.9107553958892822,True,0.002846878720447421,0.0009797762613743544,0.9107553958892822,0.002099561272189021,0.0003861372824758291,0.001173327793367207,0.03092576563358307,0.0006281125824898481,0.006284628063440323,0.04392043128609657
clip_zero_shot,translation_8_down,test_00484,484,0,airplane,0,airplane,0.9641971588134766,True,0.9641971588134766,0.0072563448920845985,0.0007391560357064009,0.0002521282876841724,0.00012629439879674464,0.0014463390689343214,0.00022210596944205463,0.0005119330016896129,0.0251939594745636,5.447573130368255e-05
clip_zero_shot,translation_8_down,test_01370,1370,3,cat,3,cat,0.970392107963562,True,0.00038458596100099385,0.0027777045033872128,0.000490269681904465,0.970392107963562,0.0009580375626683235,0.018520565703511238,0.002390679670497775,0.003143460024148226,0.0007200994878076017,0.00022242849809117615
clip_zero_shot,translation_8_down,test_04069,4069,8,ship,8,ship,0.9606426358222961,True,0.003658849745988846,0.00821453146636486,0.004302356392145157,0.001264247577637434,0.004090088419616222,0.004472923465073109,0.002071068389341235,0.0065928357653319836,0.9606426358222961,0.004690561909228563
clip_zero_shot,translation_8_down,test_07373,7373,0,airplane,0,airplane,0.9824137687683105,True,0.9824137687683105,0.006287045776844025,0.0029636111576110125,6.642875086981803e-05,0.00019589757721405476,0.0002808624994941056,0.000168607133673504,3.632982770795934e-05,0.007236924953758717,0.00035057662171311677
clip_zero_shot,translation_8_down,test_04330,4330,3,cat,3,cat,0.8600003719329834,True,3.0100993171799928e-05,0.003474970581009984,0.0004894073936156929,0.8600003719329834,0.0882132276892662,0.03567734733223915,0.0038794204592704773,0.007755412254482508,0.000274344754870981,0.00020527848391793668
clip_zero_shot,translation_8_down,test_05701,5701,5,dog,5,dog,0.9820887446403503,True,9.227188274962828e-05,0.0014134881785139441,0.00038852583384141326,0.005277492571622133,0.002253020880743861,0.9820887446403503,0.0018348470330238342,0.005520667880773544,0.0003308501618448645,0.0008000395609997213
clip_zero_shot,translation_8_down,test_07465,7465,0,airplane,0,airplane,0.9843217134475708,True,0.9843217134475708,0.008870421908795834,0.0002789513673633337,5.977219552733004e-05,0.00047192181227728724,0.00035434207529760897,0.0006532444385811687,0.0008246231009252369,0.003951390739530325,0.00021355658827815205
clip_zero_shot,translation_8_down,test_01531,1531,3,cat,5,dog,0.4551447927951813,False,3.703287075040862e-05,0.0011432133615016937,0.0007064916426315904,0.34344467520713806,0.14684149622917175,0.4551447927951813,0.0486377514898777,0.003292185952886939,0.0004858670581597835,0.00026646535843610764
clip_zero_shot,translation_8_down,test_04676,4676,8,ship,8,ship,0.998262345790863,True,3.5770543036051095e-05,0.0001048499034368433,6.436788680730388e-05,5.6159802625188604e-05,7.984673720784485e-05,9.387970203533769e-05,0.00022281985729932785,0.0003790409245993942,0.998262345790863,0.0007009670371189713
clip_zero_shot,translation_8_down,test_04531,4531,3,cat,3,cat,0.8031215071678162,True,3.423662201385014e-05,0.011136220768094063,0.0015003604348748922,0.8031215071678162,0.1034160852432251,0.030852600932121277,0.0055424864403903484,0.04341968894004822,0.0003321342810522765,0.0006446781335398555
clip_zero_shot,translation_8_down,test_00706,706,8,ship,8,ship,0.9987074136734009,True,0.00010184400161961094,0.00023107048764359206,0.0002249625977128744,4.321543747209944e-05,1.4409960385819431e-05,6.784919969504699e-05,0.0002461083931848407,3.307115548523143e-05,0.9987074136734009,0.00033003310090862215
clip_zero_shot,translation_8_down,test_02844,2844,8,ship,8,ship,0.9977328777313232,True,0.0001664214942138642,0.000998098636046052,0.00017282206681557,0.0001225842715939507,0.00014985371672082692,0.00014890579041093588,0.0001870138949016109,0.00029793899739161134,0.9977328777313232,2.3376434910460375e-05
clip_zero_shot,translation_8_down,test_03755,3755,2,car,2,car,0.9892994165420532,True,0.0001438044273527339,0.0018481530714780092,0.9892994165420532,0.00038049352588132024,0.00029798931791447103,0.0015949072549119592,0.0008712789858691394,0.0005243109771981835,0.0009302833932451904,0.004109420347958803
clip_zero_shot,translation_8_down,test_05848,5848,7,monkey,7,monkey,0.9993159770965576,True,9.152719826488465e-07,0.00026077526854351163,1.2911841622553766e-05,0.00018958220607601106,5.6210072216345e-05,0.00011834845645353198,2.5281413400080055e-05,0.9993159770965576,1.0233295142825227e-05,9.713872714200988e-06
clip_zero_shot,translation_8_down,test_02114,2114,9,truck,9,truck,0.7684811353683472,True,0.001220692414790392,0.0029815426096320152,0.19349917769432068,0.0015286692650988698,0.0013262450229376554,0.004311219789087772,0.016249502077698708,0.0012624308001250029,0.009139394387602806,0.7684811353683472
clip_zero_shot,translation_8_down,test_03876,3876,0,airplane,0,airplane,0.9221571087837219,True,0.9221571087837219,0.006652539595961571,0.009807300753891468,0.0006294219638220966,0.0023717284202575684,0.0016392236575484276,0.0019600684754550457,0.0020780146587640047,0.04593076929450035,0.006773767527192831
clip_zero_shot,translation_8_down,test_00677,677,3,cat,3,cat,0.9840810298919678,True,2.915631193900481e-05,0.0007903215009719133,0.00025547618861310184,0.9840810298919678,0.00015656702453270555,0.009283839724957943,0.0012248866260051727,0.003776285797357559,0.0002345110260648653,0.00016799112199805677
clip_zero_shot,translation_8_down,test_02116,2116,1,bird,1,bird,0.9517080783843994,True,0.00029704777989536524,0.9517080783843994,0.0017762492643669248,0.03494725003838539,0.0017113526118919253,0.005936068017035723,0.00037650472950190306,0.0008700398029759526,0.0005060234107077122,0.0018715540645644069
clip_zero_shot,translation_8_down,test_04661,4661,7,monkey,7,monkey,0.9946039319038391,True,1.0135195225302596e-06,0.00022837860160507262,2.170031984860543e-05,0.0006021095905452967,9.009831410367042e-05,0.004316180013120174,9.907016647048295e-05,0.9946039319038391,7.422570433845976e-06,2.998985473823268e-05
clip_zero_shot,translation_8_down,test_02676,2676,6,horse,6,horse,0.9918409585952759,True,1.4938355889171362e-05,0.00015116816211957484,0.0015540975145995617,0.00016842843615449965,0.0010135994525626302,0.0043273125775158405,0.9918409585952759,0.0006671061273664236,9.888355998555198e-05,0.00016347793280147016
clip_zero_shot,translation_8_down,test_03025,3025,0,airplane,0,airplane,0.7525826096534729,True,0.7525826096534729,0.009336976334452629,0.18572063744068146,0.002207799581810832,0.0005320269265212119,0.0025540143251419067,0.004044810310006142,0.004519823007285595,0.0037431290838867426,0.034758102148771286
clip_zero_shot,translation_8_down,test_04449,4449,9,truck,9,truck,0.9264355301856995,True,0.00516123604029417,0.0010561036178842187,0.054837871342897415,0.0002648402005434036,0.0002541478897910565,0.0004815526190213859,0.002639275975525379,3.0890176276443526e-05,0.008838532492518425,0.9264355301856995
clip_zero_shot,translation_8_down,test_00977,977,6,horse,6,horse,0.9981284737586975,True,5.0179928621219005e-06,0.0001450994604965672,2.3194732420961373e-05,0.00014574156375601888,0.00045242527266964316,0.0007265995955094695,0.9981284737586975,0.00028473432757891715,1.8482651285012253e-05,7.026233652140945e-05
clip_zero_shot,translation_8_down,test_04990,4990,8,ship,8,ship,0.982328474521637,True,0.0027762940153479576,0.0021747578866779804,0.001080549438484013,0.0005633395630866289,0.0016946207033470273,0.00047082515084184706,0.0011989164631813765,0.0007225493900477886,0.982328474521637,0.006989594083279371
clip_zero_shot,translation_8_down,test_07309,7309,0,airplane,0,airplane,0.9832028150558472,True,0.9832028150558472,0.007194424048066139,0.005717272404581308,2.8333253794698976e-05,3.917367575922981e-05,0.00016719642735552043,0.00016437807062175125,0.00016745748871471733,0.002509677316993475,0.0008092669886536896
clip_zero_shot,translation_8_down,test_01048,1048,7,monkey,7,monkey,0.9978801012039185,True,6.707600164190808e-07,0.00032907986314967275,2.062535895674955e-05,0.00019987284031230956,3.99933269363828e-05,0.0010796351125463843,0.00040367263136431575,0.9978801012039185,3.947380264435196e-06,4.245169839123264e-05
clip_zero_shot,translation_8_down,test_03276,3276,3,cat,7,monkey,0.7495762705802917,False,5.014314865547931e-06,0.002376762218773365,0.0013752575032413006,0.16288672387599945,0.010266687721014023,0.05703038349747658,0.01580791547894478,0.7495762705802917,0.00033642019843682647,0.0003384611045476049
clip_zero_shot,translation_8_down,test_05512,5512,2,car,9,truck,0.8409734964370728,False,0.00039684047806076705,0.00040979927871376276,0.14770857989788055,0.00019796840206254274,0.0003481339372228831,0.001257742871530354,0.006927118636667728,0.00046699162339791656,0.001313295098952949,0.8409734964370728
clip_zero_shot,translation_8_down,test_07692,7692,4,deer,4,deer,0.994621992111206,True,2.5662253392511047e-05,0.00033066628384403884,0.0005328868865035474,0.0001353796833427623,0.994621992111206,0.001745962887071073,0.0018714664038270712,0.0001553610636619851,3.0661427445011213e-05,0.0005499808466993272
clip_zero_shot,translation_8_down,test_01436,1436,1,bird,1,bird,0.9987573623657227,True,7.721463771304116e-05,0.9987573623657227,0.0001088739008991979,0.00014364722301252186,2.3559288820251822e-05,0.0002777494373731315,3.859986463794485e-05,0.00014481529069598764,0.0002672333794180304,0.00016092789883259684
clip_zero_shot,translation_8_down,test_07544,7544,9,truck,9,truck,0.7517296671867371,True,0.003470617812126875,0.0021043496672064066,0.14216667413711548,0.0015575509751215577,0.0014083408750593662,0.006273279432207346,0.01822185330092907,0.0008117231773212552,0.07225587964057922,0.7517296671867371
clip_zero_shot,translation_8_down,test_03383,3383,3,cat,3,cat,0.8973236680030823,True,0.00010467429819982499,0.0054972474463284016,0.009312954731285572,0.8973236680030823,0.04776786267757416,0.01642512157559395,0.007294347044080496,0.012743388302624226,0.0015720525989308953,0.001958725042641163
clip_zero_shot,translation_8_down,test_01977,1977,0,airplane,0,airplane,0.7105342149734497,True,0.7105342149734497,0.14568200707435608,0.012941758148372173,0.0063212551176548,0.000994182308204472,0.018962780013680458,0.008768179453909397,0.004607182461768389,0.08992583304643631,0.00126253766939044
clip_zero_shot,translation_8_down,test_02750,2750,0,airplane,0,airplane,0.8257907629013062,True,0.8257907629013062,0.07325731962919235,0.014888408593833447,0.0013966071419417858,0.0008394756005145609,0.004119932651519775,0.0011461693793535233,0.008961488492786884,0.06666898727416992,0.0029308011289685965
clip_zero_shot,translation_8_down,test_07996,7996,6,horse,6,horse,0.9953983426094055,True,2.3898488507256843e-05,0.0006324569112621248,0.0002593786921352148,0.0005506799789145589,0.000457090005511418,0.001637105131521821,0.9953983426094055,0.00043124385410919785,0.000130041255033575,0.00047969730803743005
clip_zero_shot,translation_8_down,test_06989,6989,5,dog,5,dog,0.9646835327148438,True,2.6708305540523725e-06,9.928939107339829e-05,0.00013051046698819846,0.005241157487034798,0.00666141789406538,0.9646835327148438,0.021518586203455925,0.0014859155053272843,8.61542794154957e-05,9.086610225494951e-05
clip_zero_shot,translation_8_down,test_01431,1431,3,cat,3,cat,0.9711345434188843,True,7.865730731282383e-05,0.0058153183199465275,0.0004182850243523717,0.9711345434188843,0.00040048928349278867,0.015404189936816692,0.001672787475399673,0.004291506018489599,0.00041840472840704024,0.0003658318310044706
clip_zero_shot,translation_8_down,test_07416,7416,3,cat,3,cat,0.9471081495285034,True,0.0004887941177003086,0.004176846705377102,0.0020994532387703657,0.9471081495285034,0.0004932200536131859,0.02599228546023369,0.0030906943138688803,0.008067499846220016,0.0038977221120148897,0.004585400223731995
clip_zero_shot,translation_8_down,test_04547,4547,5,dog,5,dog,0.983635663986206,True,0.00013337048585526645,0.0005657452857121825,0.00027141597820445895,0.00236741011030972,0.0004909189883619547,0.983635663986206,0.0009804442524909973,0.0105040417984128,0.0007886991370469332,0.0002624164044391364
clip_zero_shot,translation_8_down,test_00042,42,0,airplane,0,airplane,0.9724519848823547,True,0.9724519848823547,0.01923142559826374,0.0020124504808336496,7.334643305512145e-05,0.0002458674134686589,0.0008403218234889209,0.0006797246751375496,0.0011012689210474491,0.002124983351677656,0.0012384994188323617
clip_zero_shot,translation_8_down,test_05117,5117,0,airplane,0,airplane,0.8830041885375977,True,0.8830041885375977,0.07736530154943466,0.01008686888962984,0.0017843306995928288,0.0003310641914140433,0.003647122997790575,0.0025823821779340506,0.0014295120490714908,0.017911581322550774,0.0018578041344881058
clip_zero_shot,translation_8_down,test_04411,4411,6,horse,6,horse,0.9794684052467346,True,0.00012960635649506003,0.0007409186218865216,0.00038512182072736323,0.00041611981578171253,0.0033521943259984255,0.008989538997411728,0.9794684052467346,0.005600992124527693,0.0005095042870379984,0.00040766914025880396
clip_zero_shot,translation_8_down,test_05789,5789,4,deer,4,deer,0.9680883884429932,True,0.00018349305901210755,0.0009186945389956236,0.0006477498100139201,0.00015439909475389868,0.9680883884429932,0.004844276700168848,0.023792123422026634,0.00018586398800835013,0.0002159949654014781,0.0009688960271887481
clip_zero_shot,translation_8_down,test_00483,483,2,car,2,car,0.9865915179252625,True,0.0007492936565540731,0.00041324636549688876,0.9865915179252625,9.587738895788789e-05,1.3088367268210277e-05,0.0003898741560988128,0.005472560878843069,2.470341496518813e-05,0.0008586254552938044,0.005391108337789774
clip_zero_shot,translation_8_down,test_06650,6650,7,monkey,7,monkey,0.9983970522880554,True,2.55192071563215e-06,0.0008136087562888861,5.020025491830893e-05,0.00012838194379583,4.820770755031845e-06,0.0004359953454695642,6.362060958053917e-05,0.9983970522880554,5.817547207698226e-05,4.554945553536527e-05
clip_zero_shot,translation_8_down,test_04881,4881,3,cat,3,cat,0.8467846512794495,True,3.653454768937081e-05,0.048163995146751404,0.002156961476430297,0.8467846512794495,0.0030327890999615192,0.0028589381836354733,0.0006574509898200631,0.09245525300502777,0.003488562535494566,0.0003648637793958187
clip_zero_shot,translation_8_down,test_00391,391,3,cat,3,cat,0.8170738816261292,True,6.486491656687576e-06,0.0036556825507432222,0.0002964856685139239,0.8170738816261292,0.16147828102111816,0.014209145680069923,0.0010936392936855555,0.0020094437059015036,7.440903573296964e-05,0.00010267869220115244
clip_zero_shot,translation_8_down,test_00370,370,7,monkey,7,monkey,0.9993187189102173,True,2.3548598448996927e-07,0.00010872750863200054,8.022443580557592e-06,0.00016234377108048648,2.813587343553081e-06,0.00036089192144572735,2.5840468879323453e-05,0.9993187189102173,5.289844466460636e-06,7.097385605447926e-06
clip_zero_shot,translation_8_down,test_00419,419,9,truck,9,truck,0.9827033281326294,True,0.0002643378102220595,0.0002045548753812909,0.01173409353941679,8.049110329011455e-05,0.0002584519097581506,0.0004302738525439054,0.0035292599350214005,9.032354137161747e-05,0.0007048671832308173,0.9827033281326294
clip_zero_shot,translation_8_down,test_03318,3318,9,truck,9,truck,0.8049798607826233,True,4.4726853957399726e-05,0.005675738677382469,0.05396949499845505,0.0036588681396096945,0.009940771386027336,0.05158790573477745,0.013667505234479904,0.05551786720752716,0.0009572732378728688,0.8049798607826233
clip_zero_shot,translation_8_down,test_04355,4355,8,ship,8,ship,0.9958194494247437,True,0.0013586757704615593,0.00017307329108007252,0.000687049119733274,5.51373086636886e-05,5.210298695601523e-05,6.402227882063016e-05,6.571615085704252e-05,0.00012337112275417894,0.9958194494247437,0.0016013755230233073
clip_zero_shot,translation_8_down,test_05402,5402,4,deer,4,deer,0.9434278011322021,True,9.886509360512719e-05,0.0015954251866787672,0.0006114545394666493,8.270655962405726e-05,0.9434278011322021,0.003031583735719323,0.04974045231938362,0.00016540878277737647,0.00028083313372917473,0.0009654288878664374
clip_zero_shot,translation_8_down,test_05332,5332,5,dog,5,dog,0.8900173902511597,True,7.2883689426817e-05,0.00021797347289975733,0.0003140434855595231,0.0009329298627562821,0.0026743486523628235,0.8900173902511597,0.10348311066627502,0.0010990273440256715,0.00023016879276838154,0.0009580256300978363
clip_zero_shot,translation_8_down,test_00239,239,9,truck,9,truck,0.9848173260688782,True,3.793420546571724e-05,0.0004232409701216966,0.00552015844732523,0.00028420527814887464,0.0017991781933233142,0.0009043902973644435,0.005481275729835033,0.0004439200565684587,0.00028837486752308905,0.9848173260688782
clip_zero_shot,translation_8_down,test_06271,6271,2,car,2,car,0.9629661440849304,True,0.001006335369311273,0.002891362179070711,0.9629661440849304,0.0009873512899503112,0.0009599095792509615,0.0011614728718996048,0.0023116806987673044,0.0009534119162708521,0.010846813209354877,0.015915511175990105
clip_zero_shot,translation_8_down,test_01129,1129,8,ship,8,ship,0.9933253526687622,True,3.787738023675047e-05,0.00023796159075573087,0.0001108650176320225,9.65060098678805e-05,0.00027746762498281896,9.574933937983587e-05,0.0006344250869005919,0.0002598639694042504,0.9933253526687622,0.004923834931105375
clip_zero_shot,translation_8_down,test_02391,2391,5,dog,5,dog,0.9848004579544067,True,0.00017692206893116236,0.001501366961747408,0.00020356886670924723,0.0018242478836327791,0.00741510558873415,0.9848004579544067,0.002184092765673995,0.001257004332728684,0.0001604454155312851,0.00047681661089882255
clip_zero_shot,translation_8_down,test_00191,191,9,truck,2,car,0.6770848035812378,False,0.0001945550466189161,0.000263557507423684,0.6770848035812378,0.0002585343027021736,0.0001985236449399963,0.00014502847625408322,0.0006268143188208342,6.911887612659484e-05,0.0010772221721708775,0.32008183002471924
clip_zero_shot,translation_8_down,test_05447,5447,9,truck,9,truck,0.9910374879837036,True,2.1126941646798514e-05,6.660315557383001e-05,0.0019150618463754654,0.00010029967234004289,0.00014757178723812103,0.0003766121226362884,0.00601757038384676,5.501653504325077e-05,0.00026269908994436264,0.9910374879837036
clip_zero_shot,translation_8_down,test_06528,6528,4,deer,4,deer,0.9928119778633118,True,3.208179623470642e-05,0.001878977520391345,0.0006852890946902335,0.0002592653618194163,0.9928119778633118,0.002656118245795369,0.0011383714154362679,0.00029422971419990063,1.473447173339082e-05,0.00022915814770385623
