model,condition,identifier,dataset_index,true_class_id,true_class_name,predicted_class_id,predicted_class_name,maximum_confidence,correct,probability_airplane,probability_bird,probability_car,probability_cat,probability_deer,probability_dog,probability_horse,probability_monkey,probability_ship,probability_truck
clip_vit_b_32_linear,patch_shuffle_4x4,test_00632,632,3,cat,3,cat,0.16588309407234192,True,0.07816193997859955,0.10454118996858597,0.0828612893819809,0.16588309407234192,0.10977216809988022,0.09959350526332855,0.08687278628349304,0.1285196989774704,0.0689895749092102,0.07480475306510925
clip_vit_b_32_linear,patch_shuffle_4x4,test_00131,131,9,truck,9,truck,0.13894572854042053,True,0.11128447204828262,0.09555243700742722,0.11148560792207718,0.08824435621500015,0.09060551226139069,0.08850058913230896,0.0869888886809349,0.09134122729301453,0.09705113619565964,0.13894572854042053
clip_vit_b_32_linear,patch_shuffle_4x4,test_07081,7081,7,monkey,7,monkey,0.14326037466526031,True,0.09742069244384766,0.13178755342960358,0.08308020979166031,0.10086454451084137,0.108903668820858,0.08637413382530212,0.08380923420190811,0.14326037466526031,0.07789833843708038,0.08660120517015457
clip_vit_b_32_linear,patch_shuffle_4x4,test_01836,1836,9,truck,9,truck,0.13177767395973206,True,0.11851408332586288,0.09737125784158707,0.1173127219080925,0.08117108047008514,0.09163911640644073,0.0855397880077362,0.09068189561367035,0.09424839168787003,0.09174404293298721,0.13177767395973206
clip_vit_b_32_linear,patch_shuffle_4x4,test_06437,6437,0,airplane,0,airplane,0.16927550733089447,True,0.16927550733089447,0.09445895999670029,0.09284499287605286,0.08117366582155228,0.09280328452587128,0.0863281860947609,0.08127963542938232,0.09490075707435608,0.10213327407836914,0.10480178147554398
clip_vit_b_32_linear,patch_shuffle_4x4,test_06609,6609,0,airplane,0,airplane,0.1884218156337738,True,0.1884218156337738,0.09438148140907288,0.09368368238210678,0.07642597705125809,0.09281501919031143,0.08437351137399673,0.08946919441223145,0.08607207983732224,0.09141000360250473,0.1029471606016159
clip_vit_b_32_linear,patch_shuffle_4x4,test_03467,3467,7,monkey,4,deer,0.1190318837761879,False,0.08970415592193604,0.0968293696641922,0.09082643687725067,0.11438444256782532,0.1190318837761879,0.1037384420633316,0.10312047600746155,0.11521462351083755,0.07733621448278427,0.08981392532587051
clip_vit_b_32_linear,patch_shuffle_4x4,test_01401,1401,3,cat,0,airplane,0.10606933385133743,False,0.10606933385133743,0.09813539683818817,0.09658905863761902,0.10533658415079117,0.0945792868733406,0.10394978523254395,0.09675931930541992,0.10488703846931458,0.09020533412694931,0.10348883271217346
clip_vit_b_32_linear,patch_shuffle_4x4,test_01839,1839,2,car,2,car,0.1467558890581131,True,0.10108497738838196,0.09094051271677017,0.1467558890581131,0.0920269787311554,0.08886153995990753,0.08986025303602219,0.09031644463539124,0.10051440447568893,0.0869060531258583,0.11273287981748581
clip_vit_b_32_linear,patch_shuffle_4x4,test_04168,4168,3,cat,3,cat,0.15126778185367584,True,0.08136255294084549,0.10746616870164871,0.08435220271348953,0.15126778185367584,0.10400683432817459,0.11055309325456619,0.0953943282365799,0.10876981168985367,0.07452654838562012,0.08230066299438477
clip_vit_b_32_linear,patch_shuffle_4x4,test_00035,35,2,car,2,car,0.13264304399490356,True,0.11005555838346481,0.09674889594316483,0.13264304399490356,0.08551251143217087,0.09510593861341476,0.08986242115497589,0.0885286033153534,0.0913323163986206,0.08685744553804398,0.12335324287414551
clip_vit_b_32_linear,patch_shuffle_4x4,test_04177,4177,8,ship,8,ship,0.1530768722295761,True,0.12253046035766602,0.09466012567281723,0.09266677498817444,0.08074039220809937,0.08963742107152939,0.08416762948036194,0.08269984275102615,0.085751973092556,0.1530768722295761,0.11406850069761276
clip_vit_b_32_linear,patch_shuffle_4x4,test_07270,7270,7,monkey,7,monkey,0.13161629438400269,True,0.0884784609079361,0.10330548882484436,0.0915750190615654,0.10800109803676605,0.1109205111861229,0.10410814732313156,0.10004006326198578,0.13161629438400269,0.07342543452978134,0.08852934092283249
clip_vit_b_32_linear,patch_shuffle_4x4,test_02265,2265,5,dog,5,dog,0.15439201891422272,True,0.08241313695907593,0.10047347098588943,0.08710448443889618,0.11385862529277802,0.10806620866060257,0.15439201891422272,0.09451323747634888,0.10669029504060745,0.07016649842262268,0.08232206106185913
clip_vit_b_32_linear,patch_shuffle_4x4,test_03288,3288,7,monkey,7,monkey,0.18121176958084106,True,0.07661068439483643,0.11427310854196548,0.07436521351337433,0.11487874388694763,0.12815892696380615,0.08712369948625565,0.08664350211620331,0.18121176958084106,0.06566541641950607,0.07106881588697433
clip_vit_b_32_linear,patch_shuffle_4x4,test_05451,5451,8,ship,8,ship,0.16989581286907196,True,0.11800602078437805,0.09010293334722519,0.08817142993211746,0.07553841173648834,0.08791575580835342,0.08559557050466537,0.07992821931838989,0.07981783896684647,0.16989581286907196,0.12502799928188324
clip_vit_b_32_linear,patch_shuffle_4x4,test_04023,4023,3,cat,3,cat,0.1424504667520523,True,0.08094111829996109,0.11349259316921234,0.07747545093297958,0.1424504667520523,0.11413079500198364,0.10721777379512787,0.07970830798149109,0.1405090093612671,0.06895116716623306,0.07512333989143372
clip_vit_b_32_linear,patch_shuffle_4x4,test_00261,261,1,bird,1,bird,0.17159539461135864,True,0.09238000214099884,0.17159539461135864,0.07502201199531555,0.09587568789720535,0.11926377564668655,0.09415367245674133,0.08793380856513977,0.11020724475383759,0.0771275982260704,0.07644089311361313
clip_vit_b_32_linear,patch_shuffle_4x4,test_04570,4570,5,dog,6,horse,0.13324524462223053,False,0.07627050578594208,0.09751126170158386,0.08959250897169113,0.10001660883426666,0.11556682735681534,0.12439032644033432,0.13324524462223053,0.11041023582220078,0.07057268917560577,0.08242382854223251
clip_vit_b_32_linear,patch_shuffle_4x4,test_04966,4966,5,dog,5,dog,0.1266297847032547,True,0.09193622320890427,0.09605228900909424,0.0980374664068222,0.10686110705137253,0.0954691469669342,0.1266297847032547,0.1036408320069313,0.10396510362625122,0.08460371941328049,0.09280440211296082
clip_vit_b_32_linear,patch_shuffle_4x4,test_07955,7955,1,bird,1,bird,0.14154566824436188,True,0.10525516420602798,0.14154566824436188,0.10171876847743988,0.10127057880163193,0.09724792838096619,0.08661960810422897,0.08245360851287842,0.11293933540582657,0.0781344547867775,0.09281490743160248
clip_vit_b_32_linear,patch_shuffle_4x4,test_06288,6288,4,deer,1,bird,0.11455527693033218,False,0.0959434062242508,0.11455527693033218,0.09055562317371368,0.11057209968566895,0.10931403189897537,0.09866519272327423,0.09366674721240997,0.10702740401029587,0.08684256672859192,0.09285763651132584
clip_vit_b_32_linear,patch_shuffle_4x4,test_07810,7810,8,ship,8,ship,0.15826842188835144,True,0.11572986841201782,0.09361390769481659,0.08970781415700912,0.07795936614274979,0.09674260765314102,0.08301708847284317,0.08559998869895935,0.08430065214633942,0.15826842188835144,0.11506038159132004
clip_vit_b_32_linear,patch_shuffle_4x4,test_01927,1927,7,monkey,7,monkey,0.17864102125167847,True,0.07921444624662399,0.10613052546977997,0.07791519165039062,0.11722605675458908,0.10475342720746994,0.10537218302488327,0.08688661456108093,0.17864102125167847,0.06838967651128769,0.07547077536582947
clip_vit_b_32_linear,patch_shuffle_4x4,test_01871,1871,1,bird,1,bird,0.13341867923736572,True,0.08042919635772705,0.13341867923736572,0.08681805431842804,0.10213980078697205,0.11128975450992584,0.1014036014676094,0.10621826350688934,0.10512342303991318,0.07859901338815689,0.09456023573875427
clip_vit_b_32_linear,patch_shuffle_4x4,test_06922,6922,5,dog,5,dog,0.13582618534564972,True,0.08534272760152817,0.09192588925361633,0.08987807482481003,0.10319028049707413,0.1020907536149025,0.13582618534564972,0.11922205984592438,0.10122013092041016,0.0801716148853302,0.09113232791423798
clip_vit_b_32_linear,patch_shuffle_4x4,test_03512,3512,4,deer,4,deer,0.14082981646060944,True,0.07801640033721924,0.11468994617462158,0.0794922336935997,0.1211942806839943,0.14082981646060944,0.09986411780118942,0.09415580332279205,0.12245262414216995,0.06858355551958084,0.0807211697101593
clip_vit_b_32_linear,patch_shuffle_4x4,test_04754,4754,6,horse,6,horse,0.1819213181734085,True,0.07875192910432816,0.08562445640563965,0.08878502994775772,0.09907069802284241,0.10652037709951401,0.11571071296930313,0.1819213181734085,0.09198480099439621,0.0723140686750412,0.07931673526763916
clip_vit_b_32_linear,patch_shuffle_4x4,test_00714,714,2,car,2,car,0.13364191353321075,True,0.10661257803440094,0.09090150147676468,0.13364191353321075,0.08959662914276123,0.08944055438041687,0.08865459263324738,0.09787856787443161,0.09045467525720596,0.09033089131116867,0.1224880963563919
clip_vit_b_32_linear,patch_shuffle_4x4,test_02191,2191,8,ship,0,airplane,0.15762634575366974,False,0.15762634575366974,0.09982629120349884,0.08420082926750183,0.07502278685569763,0.09092368185520172,0.08643554896116257,0.08060698956251144,0.08682338893413544,0.13041596114635468,0.1081182062625885
clip_vit_b_32_linear,patch_shuffle_4x4,test_04615,4615,0,airplane,0,airplane,0.16146135330200195,True,0.16146135330200195,0.10080569237470627,0.09238619357347488,0.08502799272537231,0.09491205960512161,0.09553433954715729,0.08008446544408798,0.0953880250453949,0.09448210150003433,0.09991776943206787
clip_vit_b_32_linear,patch_shuffle_4x4,test_04662,4662,8,ship,8,ship,0.17228157818317413,True,0.13660259544849396,0.09534356743097305,0.08177255839109421,0.07161311060190201,0.08505848795175552,0.08011851459741592,0.07879173010587692,0.08035073429346085,0.17228157818317413,0.11806698888540268
clip_vit_b_32_linear,patch_shuffle_4x4,test_05915,5915,9,truck,9,truck,0.154361292719841,True,0.11820069700479507,0.08583827316761017,0.10911479592323303,0.07610919326543808,0.09319202601909637,0.08585315942764282,0.09477724134922028,0.08803218603134155,0.09452120959758759,0.154361292719841
clip_vit_b_32_linear,patch_shuffle_4x4,test_00766,766,4,deer,5,dog,0.12223796546459198,False,0.08719045668840408,0.09246803820133209,0.08609478920698166,0.10650821775197983,0.10725148022174835,0.12223796546459198,0.11378523707389832,0.1067747250199318,0.08148098737001419,0.09620806574821472
clip_vit_b_32_linear,patch_shuffle_4x4,test_05218,5218,2,car,2,car,0.1559148132801056,True,0.10826706886291504,0.08778254687786102,0.1559148132801056,0.08190793544054031,0.08659011125564575,0.09005045145750046,0.09370885789394379,0.09314750134944916,0.08792854100465775,0.11470221728086472
clip_vit_b_32_linear,patch_shuffle_4x4,test_02340,2340,8,ship,8,ship,0.17567497491836548,True,0.1221407949924469,0.09110213816165924,0.0879829078912735,0.07236196100711823,0.08654617518186569,0.0797857865691185,0.08498410135507584,0.07683675736188889,0.17567497491836548,0.12258442491292953
clip_vit_b_32_linear,patch_shuffle_4x4,test_01954,1954,8,ship,0,airplane,0.11011946201324463,False,0.11011946201324463,0.09659086912870407,0.10645700246095657,0.08894835412502289,0.10101437568664551,0.09851986169815063,0.09271294623613358,0.09102535992860794,0.10639069974422455,0.10822104662656784
clip_vit_b_32_linear,patch_shuffle_4x4,test_07875,7875,8,ship,8,ship,0.12256287038326263,True,0.11559778451919556,0.09812617301940918,0.09762538969516754,0.08574791997671127,0.09046085923910141,0.09400162100791931,0.09230617433786392,0.09204529225826263,0.12256287038326263,0.11152592301368713
clip_vit_b_32_linear,patch_shuffle_4x4,test_03418,3418,6,horse,6,horse,0.16067291796207428,True,0.08388403803110123,0.09336481988430023,0.09010907262563705,0.0951903760433197,0.11451204866170883,0.10650677233934402,0.16067291796207428,0.08952953666448593,0.07784202694892883,0.08838826417922974
clip_vit_b_32_linear,patch_shuffle_4x4,test_05572,5572,9,truck,9,truck,0.1307155191898346,True,0.10065650194883347,0.10011760145425797,0.10362907499074936,0.08735368400812149,0.09679114818572998,0.0877671092748642,0.09837037324905396,0.09810952842235565,0.09648945182561874,0.1307155191898346
clip_vit_b_32_linear,patch_shuffle_4x4,test_05977,5977,7,monkey,7,monkey,0.16882343590259552,True,0.08684645593166351,0.1135074719786644,0.08486104756593704,0.1091916412115097,0.10626159608364105,0.08892443031072617,0.08891424536705017,0.16882343590259552,0.07354570180177689,0.07912394404411316
clip_vit_b_32_linear,patch_shuffle_4x4,test_05123,5123,1,bird,1,bird,0.15007787942886353,True,0.09528042376041412,0.15007787942886353,0.08126264065504074,0.1074003055691719,0.11068206280469894,0.08400969952344894,0.07944542914628983,0.1401277333498001,0.07199209183454514,0.07972174137830734
clip_vit_b_32_linear,patch_shuffle_4x4,test_05851,5851,9,truck,9,truck,0.14197978377342224,True,0.11084393411874771,0.09440215677022934,0.11653970927000046,0.07839696854352951,0.09297314286231995,0.08747086673974991,0.08808345347642899,0.09023943543434143,0.09907051175832748,0.14197978377342224
clip_vit_b_32_linear,patch_shuffle_4x4,test_04094,4094,9,truck,9,truck,0.11697588115930557,True,0.109662726521492,0.10387635231018066,0.11369206756353378,0.08622296899557114,0.09400635957717896,0.0903787687420845,0.0951971709728241,0.09592725336551666,0.09406039118766785,0.11697588115930557
clip_vit_b_32_linear,patch_shuffle_4x4,test_04254,4254,6,horse,6,horse,0.14856953918933868,True,0.08010496944189072,0.10280362516641617,0.08492386341094971,0.09531992673873901,0.13244414329528809,0.1022380143404007,0.14856953918933868,0.10182775557041168,0.07423704862594604,0.07753121852874756
clip_vit_b_32_linear,patch_shuffle_4x4,test_02501,2501,7,monkey,7,monkey,0.18570321798324585,True,0.07672309875488281,0.1116272360086441,0.07447651773691177,0.1116734966635704,0.11469662934541702,0.09660717844963074,0.0908704325556755,0.18570321798324585,0.0656202957034111,0.07200193405151367
clip_vit_b_32_linear,patch_shuffle_4x4,test_06938,6938,1,bird,1,bird,0.1837485134601593,True,0.09107431769371033,0.1837485134601593,0.08037938177585602,0.09779141843318939,0.11726397275924683,0.08712363988161087,0.0831097662448883,0.11113148927688599,0.07105232775211334,0.07732516527175903
clip_vit_b_32_linear,patch_shuffle_4x4,test_00171,171,4,deer,4,deer,0.15954998135566711,True,0.08419202268123627,0.10854262858629227,0.08397514373064041,0.1057242825627327,0.15954998135566711,0.09649094194173813,0.09758909046649933,0.10888493061065674,0.07276198267936707,0.0822889506816864
clip_vit_b_32_linear,patch_shuffle_4x4,test_04215,4215,3,cat,1,bird,0.10789646953344345,False,0.10152655094861984,0.10789646953344345,0.10576655715703964,0.1067882627248764,0.09802138805389404,0.09306962788105011,0.08910056203603745,0.10757001489400864,0.08847988396883011,0.10178068280220032
clip_vit_b_32_linear,patch_shuffle_4x4,test_05705,5705,8,ship,8,ship,0.1622742861509323,True,0.12393459677696228,0.09206514805555344,0.08890017867088318,0.07976894825696945,0.09020161628723145,0.08225304633378983,0.07924536615610123,0.08086861670017242,0.1622742861509323,0.1204882264137268
clip_vit_b_32_linear,patch_shuffle_4x4,test_03458,3458,4,deer,4,deer,0.17273491621017456,True,0.078178770840168,0.1034151241183281,0.07664170861244202,0.0969201847910881,0.17273491621017456,0.09533210843801498,0.11664636433124542,0.11490233987569809,0.06816788762807846,0.07706060260534286
clip_vit_b_32_linear,patch_shuffle_4x4,test_01220,1220,7,monkey,7,monkey,0.1425289660692215,True,0.07859981060028076,0.11047613620758057,0.0761549100279808,0.1404115855693817,0.1214447170495987,0.10045309364795685,0.0861949697136879,0.1425289660692215,0.06837036460638046,0.0753655806183815
clip_vit_b_32_linear,patch_shuffle_4x4,test_00962,962,8,ship,8,ship,0.1616215705871582,True,0.12590312957763672,0.09308827668428421,0.09301034361124039,0.07801106572151184,0.08530677855014801,0.08212387561798096,0.08203557878732681,0.08368974179029465,0.1616215705871582,0.11520964652299881
clip_vit_b_32_linear,patch_shuffle_4x4,test_02950,2950,5,dog,3,cat,0.135883629322052,False,0.08653272688388824,0.09450312703847885,0.0905059278011322,0.135883629322052,0.09603959321975708,0.13489535450935364,0.0925503522157669,0.10625527054071426,0.07417026162147522,0.088663749396801
clip_vit_b_32_linear,patch_shuffle_4x4,test_02623,2623,5,dog,5,dog,0.11241453140974045,True,0.09484845399856567,0.09547701478004456,0.09928494691848755,0.10589069873094559,0.09754614531993866,0.11241453140974045,0.10763891041278839,0.10555803775787354,0.08398129791021347,0.09735992550849915
clip_vit_b_32_linear,patch_shuffle_4x4,test_04539,4539,0,airplane,0,airplane,0.149947851896286,True,0.149947851896286,0.1117689236998558,0.09061569720506668,0.08337024599313736,0.09116282314062119,0.09343498200178146,0.08200792968273163,0.09618861228227615,0.09810561686754227,0.10339735448360443
clip_vit_b_32_linear,patch_shuffle_4x4,test_01553,1553,0,airplane,0,airplane,0.16421398520469666,True,0.16421398520469666,0.09632103145122528,0.09853260219097137,0.08222239464521408,0.08811552822589874,0.08960390836000443,0.0798163041472435,0.09508776664733887,0.10179045051336288,0.10429605841636658
clip_vit_b_32_linear,patch_shuffle_4x4,test_04740,4740,4,deer,4,deer,0.1283126324415207,True,0.0837143287062645,0.09493409842252731,0.08414702117443085,0.09685816615819931,0.1283126324415207,0.11435890197753906,0.1207466572523117,0.1114918440580368,0.07363757491111755,0.09179876744747162
clip_vit_b_32_linear,patch_shuffle_4x4,test_06844,6844,0,airplane,0,airplane,0.18160949647426605,True,0.18160949647426605,0.10289229452610016,0.0934579074382782,0.08216655254364014,0.08979784697294235,0.085367850959301,0.07910572737455368,0.09514955431222916,0.09162555634975433,0.09882724285125732
clip_vit_b_32_linear,patch_shuffle_4x4,test_02668,2668,7,monkey,7,monkey,0.1544729769229889,True,0.08187045156955719,0.12558704614639282,0.0808558315038681,0.1164020523428917,0.12373228371143341,0.09077692031860352,0.08287328481674194,0.1544729769229889,0.0683010146021843,0.07512808591127396
clip_vit_b_32_linear,patch_shuffle_4x4,test_03153,3153,7,monkey,4,deer,0.12716707587242126,False,0.08274958282709122,0.10413500666618347,0.0814589187502861,0.11260924488306046,0.12716707587242126,0.10731580853462219,0.11443830281496048,0.11118056625127792,0.0740775316953659,0.08486789464950562
clip_vit_b_32_linear,patch_shuffle_4x4,test_05135,5135,4,deer,4,deer,0.12164096534252167,True,0.0872379019856453,0.09788955003023148,0.0843619853258133,0.11044086515903473,0.12164096534252167,0.11889085918664932,0.11638552695512772,0.1017349511384964,0.07666261494159698,0.08475474268198013
clip_vit_b_32_linear,patch_shuffle_4x4,test_02291,2291,3,cat,4,deer,0.13435909152030945,False,0.08303458988666534,0.10907634347677231,0.08621686697006226,0.11611345410346985,0.13435909152030945,0.09352856129407883,0.09668269753456116,0.12128050625324249,0.07473302632570267,0.08497492223978043
clip_vit_b_32_linear,patch_shuffle_4x4,test_00116,116,1,bird,1,bird,0.11174033582210541,True,0.10136982798576355,0.11174033582210541,0.09704919904470444,0.09619247913360596,0.09684372693300247,0.10665187239646912,0.10405298322439194,0.10520024597644806,0.08292967081069946,0.0979696735739708
clip_vit_b_32_linear,patch_shuffle_4x4,test_07797,7797,3,cat,3,cat,0.1506730169057846,True,0.0841352790594101,0.12990984320640564,0.0818571001291275,0.1506730169057846,0.10755419731140137,0.0940932035446167,0.08375987410545349,0.11514808982610703,0.06791666150093079,0.08495282381772995
clip_vit_b_32_linear,patch_shuffle_4x4,test_04609,4609,3,cat,1,bird,0.12148212641477585,False,0.10286203771829605,0.12148212641477585,0.09168437123298645,0.10229076445102692,0.10008262097835541,0.09930386394262314,0.09371258318424225,0.10485147684812546,0.08530090749263763,0.09842926263809204
clip_vit_b_32_linear,patch_shuffle_4x4,test_00081,81,0,airplane,9,truck,0.10842950642108917,False,0.10501852631568909,0.10231772810220718,0.1062791720032692,0.09768656641244888,0.09292720258235931,0.09820295870304108,0.09349682927131653,0.10127425193786621,0.09436719119548798,0.10842950642108917
clip_vit_b_32_linear,patch_shuffle_4x4,test_05580,5580,6,horse,6,horse,0.1294224113225937,True,0.08806318044662476,0.0943354070186615,0.08525624871253967,0.10033931583166122,0.11302464455366135,0.11037594825029373,0.1294224113225937,0.10246913880109787,0.07958459109067917,0.09712919592857361
clip_vit_b_32_linear,patch_shuffle_4x4,test_03024,3024,2,car,2,car,0.1294032782316208,True,0.11525145173072815,0.09310343116521835,0.1294032782316208,0.09168088436126709,0.09356818348169327,0.09346745163202286,0.08997878432273865,0.09428969770669937,0.08503957092761993,0.11421725898981094
clip_vit_b_32_linear,patch_shuffle_4x4,test_02766,2766,5,dog,3,cat,0.12548473477363586,False,0.09017106145620346,0.09740523993968964,0.09535080194473267,0.12548473477363586,0.09411707520484924,0.1135832816362381,0.10068053007125854,0.1063007041811943,0.08281558007001877,0.09409099072217941
clip_vit_b_32_linear,patch_shuffle_4x4,test_05000,5000,8,ship,0,airplane,0.13251718878746033,False,0.13251718878746033,0.09755779057741165,0.08897920697927475,0.09095723927021027,0.09977221488952637,0.09597980976104736,0.08858057111501694,0.09076551347970963,0.11488943547010422,0.10000104457139969
clip_vit_b_32_linear,patch_shuffle_4x4,test_02610,2610,6,horse,1,bird,0.11173004657030106,False,0.09571510553359985,0.11173004657030106,0.09190281480550766,0.10133539885282516,0.10492827743291855,0.10787245631217957,0.10118265450000763,0.10257681459188461,0.08766783028841019,0.09508859366178513
clip_vit_b_32_linear,patch_shuffle_4x4,test_02024,2024,0,airplane,0,airplane,0.12406505644321442,True,0.12406505644321442,0.10045099258422852,0.10555736720561981,0.09112292528152466,0.10015612095594406,0.09541196376085281,0.09679552167654037,0.09581580013036728,0.08981197327375412,0.10081233829259872
clip_vit_b_32_linear,patch_shuffle_4x4,test_06097,6097,4,deer,4,deer,0.17756657302379608,True,0.08551029860973358,0.10158002376556396,0.08223643898963928,0.09015006572008133,0.17756657302379608,0.08851628750562668,0.1126350462436676,0.09750532358884811,0.07709743827581406,0.08720239251852036
clip_vit_b_32_linear,patch_shuffle_4x4,test_00964,964,6,horse,2,car,0.1135038360953331,False,0.10048110783100128,0.0920204371213913,0.1135038360953331,0.10038433223962784,0.0968470424413681,0.10274545848369598,0.10373800992965698,0.10226239264011383,0.08412811905145645,0.10388925671577454
clip_vit_b_32_linear,patch_shuffle_4x4,test_07634,7634,0,airplane,0,airplane,0.16755524277687073,True,0.16755524277687073,0.11230239272117615,0.08524981886148453,0.08065851777791977,0.10001957416534424,0.0897507295012474,0.0752335786819458,0.0923217386007309,0.09691515564918518,0.09999320656061172
clip_vit_b_32_linear,patch_shuffle_4x4,test_06434,6434,8,ship,8,ship,0.13444501161575317,True,0.1309380978345871,0.09008035063743591,0.08880846947431564,0.08320822566747665,0.0857970342040062,0.09436234086751938,0.08467311412096024,0.08763416111469269,0.13444501161575317,0.12005311250686646
clip_vit_b_32_linear,patch_shuffle_4x4,test_05183,5183,2,car,2,car,0.1385313868522644,True,0.1156657338142395,0.09427352249622345,0.1385313868522644,0.08410094678401947,0.08716154843568802,0.09502916038036346,0.09337463229894638,0.0915970727801323,0.08738826960325241,0.11287771910429001
clip_vit_b_32_linear,patch_shuffle_4x4,test_06986,6986,0,airplane,0,airplane,0.17073611915111542,True,0.17073611915111542,0.09836171567440033,0.0905255600810051,0.07770217955112457,0.08791792392730713,0.08524630963802338,0.07944504916667938,0.08235247433185577,0.12258050590753555,0.10513200610876083
clip_vit_b_32_linear,patch_shuffle_4x4,test_00645,645,5,dog,5,dog,0.14460952579975128,True,0.07671553641557693,0.10267242044210434,0.0749918520450592,0.10550284385681152,0.12604673206806183,0.14460952579975128,0.11670035868883133,0.10871709883213043,0.06786312162876129,0.07618039101362228
clip_vit_b_32_linear,patch_shuffle_4x4,test_03347,3347,0,airplane,0,airplane,0.1414147913455963,True,0.1414147913455963,0.11039720475673676,0.09754973649978638,0.08776165544986725,0.09443020820617676,0.09590669721364975,0.0858355164527893,0.09835713356733322,0.08974239230155945,0.09860464185476303
clip_vit_b_32_linear,patch_shuffle_4x4,test_05677,5677,2,car,2,car,0.15018680691719055,True,0.10098672658205032,0.08696866780519485,0.15018680691719055,0.0920405238866806,0.09077634662389755,0.09009061008691788,0.09006886184215546,0.09303299337625504,0.09051252901554108,0.11533582210540771
clip_vit_b_32_linear,patch_shuffle_4x4,test_03412,3412,8,ship,8,ship,0.16991709172725677,True,0.13565663993358612,0.08579259365797043,0.08594172447919846,0.07327577471733093,0.08845814317464828,0.08260221779346466,0.0822223648428917,0.07761496305465698,0.16991709172725677,0.11851849406957626
clip_vit_b_32_linear,patch_shuffle_4x4,test_03937,3937,1,bird,1,bird,0.13360539078712463,True,0.09442757815122604,0.13360539078712463,0.09797918051481247,0.10381485521793365,0.10791874676942825,0.08449903875589371,0.08492738008499146,0.11899144947528839,0.0805133804678917,0.09332308173179626
clip_vit_b_32_linear,patch_shuffle_4x4,test_00873,873,6,horse,4,deer,0.13546061515808105,False,0.08119535446166992,0.09884465485811234,0.0808279886841774,0.10654865205287933,0.13546061515808105,0.11061839014291763,0.1272359937429428,0.10599884390830994,0.07199864089488983,0.08127086609601974
clip_vit_b_32_linear,patch_shuffle_4x4,test_02167,2167,9,truck,9,truck,0.14743515849113464,True,0.11678206920623779,0.08801228553056717,0.11693786084651947,0.07811204344034195,0.08719418197870255,0.08696683496236801,0.09467742592096329,0.08711576461791992,0.09676631540060043,0.14743515849113464
clip_vit_b_32_linear,patch_shuffle_4x4,test_06490,6490,3,cat,1,bird,0.12330859899520874,False,0.09323655068874359,0.12330859899520874,0.08614577353000641,0.11814945936203003,0.10585266351699829,0.09246823936700821,0.08626534044742584,0.12323857098817825,0.07895935326814651,0.09237546473741531
clip_vit_b_32_linear,patch_shuffle_4x4,test_00738,738,3,cat,5,dog,0.11740514636039734,False,0.08863459527492523,0.10189957916736603,0.101541668176651,0.11586807668209076,0.09644824266433716,0.11740514636039734,0.09782198071479797,0.10446076095104218,0.0800485834479332,0.09587132185697556
clip_vit_b_32_linear,patch_shuffle_4x4,test_06616,6616,2,car,2,car,0.13963201642036438,True,0.10689171403646469,0.09623092412948608,0.13963201642036438,0.08712401986122131,0.08987217396497726,0.09103906154632568,0.09161195158958435,0.09754017740488052,0.08664344996213913,0.11341448128223419
clip_vit_b_32_linear,patch_shuffle_4x4,test_04093,4093,6,horse,2,car,0.11130669713020325,False,0.09903956949710846,0.08863934129476547,0.11130669713020325,0.10415337979793549,0.09270250052213669,0.10332442075014114,0.10575230419635773,0.10129690170288086,0.0891246348619461,0.10466022044420242
clip_vit_b_32_linear,patch_shuffle_4x4,test_05788,5788,9,truck,9,truck,0.15277786552906036,True,0.11587478965520859,0.09103068709373474,0.10839743912220001,0.07752526551485062,0.09405515342950821,0.08896399289369583,0.09197407215833664,0.08228708803653717,0.09711354970932007,0.15277786552906036
clip_vit_b_32_linear,patch_shuffle_4x4,test_07818,7818,8,ship,9,truck,0.1120077520608902,False,0.10367672890424728,0.10212349146604538,0.10654538124799728,0.0885680615901947,0.09452900290489197,0.09607572108507156,0.09217578172683716,0.0998983308672905,0.10439971834421158,0.1120077520608902
clip_vit_b_32_linear,patch_shuffle_4x4,test_00304,304,1,bird,1,bird,0.11063265800476074,True,0.09963982552289963,0.11063265800476074,0.0938674733042717,0.10733816027641296,0.10288645327091217,0.10459329187870026,0.09433601796627045,0.10835176706314087,0.08391633629798889,0.09443794935941696
clip_vit_b_32_linear,patch_shuffle_4x4,test_02082,2082,2,car,2,car,0.13058726489543915,True,0.1073937937617302,0.09507172554731369,0.13058726489543915,0.0834074467420578,0.09189388900995255,0.0916217640042305,0.10317756235599518,0.09543102979660034,0.08537771552801132,0.1160377562046051
clip_vit_b_32_linear,patch_shuffle_4x4,test_02746,2746,7,monkey,3,cat,0.11096733808517456,False,0.09364430606365204,0.10330834239721298,0.09105969220399857,0.11096733808517456,0.10742282122373581,0.10816054791212082,0.09894776344299316,0.1107669547200203,0.07945498824119568,0.09626729041337967
clip_vit_b_32_linear,patch_shuffle_4x4,test_07944,7944,4,deer,4,deer,0.15429703891277313,True,0.07919684797525406,0.10990872979164124,0.0809272974729538,0.12764857709407806,0.15429703891277313,0.09984935075044632,0.09714338928461075,0.10550368577241898,0.06885560601949692,0.07666941732168198
clip_vit_b_32_linear,patch_shuffle_4x4,test_06689,6689,8,ship,8,ship,0.14065411686897278,True,0.12735921144485474,0.0961388498544693,0.0968824177980423,0.0773894190788269,0.08871445804834366,0.08696632087230682,0.08505421131849289,0.08679568767547607,0.14065411686897278,0.11404527723789215
clip_vit_b_32_linear,patch_shuffle_4x4,test_02414,2414,9,truck,9,truck,0.1376475691795349,True,0.11064412444829941,0.09759055823087692,0.09784644842147827,0.09080520272254944,0.10486172139644623,0.08519790321588516,0.08450549095869064,0.09388838708400726,0.09701256453990936,0.1376475691795349
clip_vit_b_32_linear,patch_shuffle_4x4,test_03779,3779,6,horse,6,horse,0.1437823325395584,True,0.08414072543382645,0.09161417186260223,0.09063216298818588,0.09671474248170853,0.11397002637386322,0.1132313534617424,0.1437823325395584,0.09941385686397552,0.07770060002803802,0.08880004286766052
clip_vit_b_32_linear,patch_shuffle_4x4,test_02095,2095,1,bird,1,bird,0.16266947984695435,True,0.08952067792415619,0.16266947984695435,0.07534133642911911,0.12372281402349472,0.11052384227514267,0.0852360650897026,0.07747355848550797,0.12268062680959702,0.07213640958070755,0.08069521933794022
clip_vit_b_32_linear,patch_shuffle_4x4,test_07262,7262,0,airplane,0,airplane,0.17670661211013794,True,0.17670661211013794,0.10454754531383514,0.09282731264829636,0.08099235594272614,0.08885351568460464,0.09051363170146942,0.07941262423992157,0.09132489562034607,0.09393620491027832,0.1008852943778038
clip_vit_b_32_linear,patch_shuffle_4x4,test_05694,5694,8,ship,8,ship,0.14127333462238312,True,0.12285704165697098,0.08833146840333939,0.10987205058336258,0.08208881318569183,0.08826947212219238,0.08857452124357224,0.08450475335121155,0.09007416665554047,0.14127333462238312,0.10415428131818771
clip_vit_b_32_linear,patch_shuffle_4x4,test_07413,7413,5,dog,3,cat,0.13161075115203857,False,0.08375303447246552,0.10548500716686249,0.07917986065149307,0.13161075115203857,0.10532613098621368,0.11697438359260559,0.0949164479970932,0.12623941898345947,0.07515467703342438,0.08136039972305298
clip_vit_b_32_linear,patch_shuffle_4x4,test_06805,6805,1,bird,1,bird,0.15102948248386383,True,0.10999036580324173,0.15102948248386383,0.07606171816587448,0.09238792955875397,0.11944084614515305,0.09357308596372604,0.08909197896718979,0.1071283295750618,0.0775647908449173,0.08373142778873444
clip_vit_b_32_linear,patch_shuffle_4x4,test_03446,3446,7,monkey,1,bird,0.13946548104286194,False,0.0893608033657074,0.13946548104286194,0.09178276360034943,0.10760410875082016,0.11557967215776443,0.08948411047458649,0.08493424206972122,0.12758997082710266,0.07154381275177002,0.08265500515699387
clip_vit_b_32_linear,patch_shuffle_4x4,test_02807,2807,5,dog,1,bird,0.13213755190372467,False,0.09142186492681503,0.13213755190372467,0.09347094595432281,0.1110314354300499,0.10925457626581192,0.0950055718421936,0.08352208137512207,0.11409280449151993,0.08046010136604309,0.08960306644439697
clip_vit_b_32_linear,patch_shuffle_4x4,test_07940,7940,4,deer,4,deer,0.15100686252117157,True,0.08142995834350586,0.10625122487545013,0.07994631677865982,0.11829667538404465,0.15100686252117157,0.09267286211252213,0.0927467867732048,0.12120642513036728,0.07317430526018143,0.08326859027147293
clip_vit_b_32_linear,patch_shuffle_4x4,test_04172,4172,7,monkey,7,monkey,0.14673610031604767,True,0.08181144297122955,0.12246917188167572,0.08176860213279724,0.11023858934640884,0.12461286038160324,0.09348082542419434,0.08971048146486282,0.14673610031604767,0.0713137686252594,0.07785814255475998
clip_vit_b_32_linear,patch_shuffle_4x4,test_07744,7744,3,cat,3,cat,0.13899965584278107,True,0.08523990958929062,0.09726892411708832,0.09524837881326675,0.13899965584278107,0.09169632941484451,0.1205245703458786,0.09655798226594925,0.10291250795125961,0.0825900286436081,0.088961660861969
clip_vit_b_32_linear,patch_shuffle_4x4,test_01586,1586,2,car,2,car,0.16362695395946503,True,0.10031986236572266,0.08487236499786377,0.16362695395946503,0.08530878275632858,0.0859636664390564,0.09203504025936127,0.09087951481342316,0.08541860431432724,0.09178365021944046,0.11979158967733383
clip_vit_b_32_linear,patch_shuffle_4x4,test_07999,7999,8,ship,8,ship,0.1620689332485199,True,0.12373950332403183,0.08955960720777512,0.08603905141353607,0.07732705771923065,0.08937785029411316,0.08471328765153885,0.08715697377920151,0.08367305248975754,0.1620689332485199,0.11634469777345657
clip_vit_b_32_linear,patch_shuffle_4x4,test_06349,6349,1,bird,1,bird,0.1824299544095993,True,0.0889739841222763,0.1824299544095993,0.0775773674249649,0.10222715884447098,0.11683248728513718,0.08383607119321823,0.07783214747905731,0.11477208137512207,0.07421080768108368,0.08130801469087601
clip_vit_b_32_linear,patch_shuffle_4x4,test_06594,6594,1,bird,1,bird,0.13147501647472382,True,0.10689105093479156,0.13147501647472382,0.08725523948669434,0.09868260473012924,0.10240955650806427,0.09267569333314896,0.0928615927696228,0.10451693832874298,0.09229567646980286,0.09093671292066574
clip_vit_b_32_linear,patch_shuffle_4x4,test_02109,2109,8,ship,8,ship,0.1523636132478714,True,0.1303832232952118,0.08939793705940247,0.1013723686337471,0.07775884121656418,0.08571285754442215,0.08172639459371567,0.08469179272651672,0.08669278025627136,0.1523636132478714,0.10990019142627716
clip_vit_b_32_linear,patch_shuffle_4x4,test_03079,3079,1,bird,1,bird,0.175714373588562,True,0.09225253760814667,0.175714373588562,0.08342023938894272,0.10059315711259842,0.11581086367368698,0.08455672860145569,0.0786750540137291,0.1211925745010376,0.06869799643754959,0.07908645272254944
clip_vit_b_32_linear,patch_shuffle_4x4,test_02070,2070,1,bird,1,bird,0.16080626845359802,True,0.09213612228631973,0.16080626845359802,0.09304742515087128,0.10469970852136612,0.1095368042588234,0.08435667306184769,0.08265362679958344,0.11296556144952774,0.074473537504673,0.08532431721687317
clip_vit_b_32_linear,patch_shuffle_4x4,test_00319,319,5,dog,5,dog,0.14926576614379883,True,0.08607956022024155,0.09407259523868561,0.09479141235351562,0.12316446006298065,0.08792393654584885,0.14926576614379883,0.1016177162528038,0.10134530812501907,0.0749891847372055,0.08675006031990051
clip_vit_b_32_linear,patch_shuffle_4x4,test_02888,2888,0,airplane,0,airplane,0.18285471200942993,True,0.18285471200942993,0.09722603112459183,0.09322278946638107,0.08223547786474228,0.09060556441545486,0.08430077135562897,0.07995320111513138,0.09262321144342422,0.09800615906715393,0.09897205978631973
clip_vit_b_32_linear,patch_shuffle_4x4,test_06224,6224,5,dog,7,monkey,0.12320800125598907,False,0.080638587474823,0.0969570055603981,0.08160146325826645,0.1101360023021698,0.12307265400886536,0.11696901172399521,0.11242533475160599,0.12320800125598907,0.06999034434556961,0.08500155806541443
clip_vit_b_32_linear,patch_shuffle_4x4,test_03353,3353,5,dog,7,monkey,0.11146082729101181,False,0.09320581704378128,0.11100272089242935,0.09118928015232086,0.10659501701593399,0.09770457446575165,0.0994868054986,0.09839906543493271,0.11146082729101181,0.08989028632640839,0.10106562823057175
clip_vit_b_32_linear,patch_shuffle_4x4,test_06244,6244,2,car,2,car,0.12975645065307617,True,0.10547660291194916,0.09398863464593887,0.12975645065307617,0.08786614239215851,0.08857958763837814,0.09190704673528671,0.09286054223775864,0.09944475442171097,0.09283613413572311,0.11728417873382568
clip_vit_b_32_linear,patch_shuffle_4x4,test_04704,4704,7,monkey,7,monkey,0.14873456954956055,True,0.08984243869781494,0.12428875267505646,0.08192145079374313,0.11138546466827393,0.11150133609771729,0.09391119331121445,0.08700007200241089,0.14873456954956055,0.07028412818908691,0.08113057166337967
clip_vit_b_32_linear,patch_shuffle_4x4,test_02427,2427,5,dog,5,dog,0.1396566927433014,True,0.08289662003517151,0.09739869087934494,0.08639376610517502,0.11057154834270477,0.10379399359226227,0.1396566927433014,0.10337105393409729,0.11757837980985641,0.0719362422823906,0.08640309423208237
clip_vit_b_32_linear,patch_shuffle_4x4,test_07995,7995,9,truck,9,truck,0.13476678729057312,True,0.10422055423259735,0.09342389553785324,0.13309718668460846,0.08681566268205643,0.08918116241693497,0.08804526925086975,0.09030307084321976,0.09203397482633591,0.08811242878437042,0.13476678729057312
clip_vit_b_32_linear,patch_shuffle_4x4,test_01124,1124,4,deer,1,bird,0.12966789305210114,False,0.09072098135948181,0.12966789305210114,0.08683214336633682,0.1092149019241333,0.1210976168513298,0.0895172655582428,0.09334933757781982,0.11110558360815048,0.08068052679300308,0.08781374990940094
clip_vit_b_32_linear,patch_shuffle_4x4,test_06733,6733,1,bird,1,bird,0.1422225832939148,True,0.08100813627243042,0.1422225832939148,0.08436319977045059,0.10788553953170776,0.11448679864406586,0.10176359862089157,0.10135063529014587,0.10651730000972748,0.07313084602355957,0.08727136254310608
clip_vit_b_32_linear,patch_shuffle_4x4,test_02062,2062,9,truck,9,truck,0.16437764465808868,True,0.10108555853366852,0.09427861124277115,0.1052171140909195,0.08066035807132721,0.09287677705287933,0.08814157545566559,0.08948899805545807,0.08364614844322205,0.1002272367477417,0.16437764465808868
clip_vit_b_32_linear,patch_shuffle_4x4,test_00805,805,9,truck,9,truck,0.14926883578300476,True,0.11659913510084152,0.08983290940523148,0.10385087132453918,0.07879592478275299,0.09007088840007782,0.08530619740486145,0.0975828543305397,0.08998029679059982,0.0987120047211647,0.14926883578300476
clip_vit_b_32_linear,patch_shuffle_4x4,test_02028,2028,3,cat,1,bird,0.10867051035165787,False,0.09573370218276978,0.10867051035165787,0.09077252447605133,0.10712441056966782,0.1025022566318512,0.10636847466230392,0.09895668178796768,0.10816770046949387,0.08441464602947235,0.09728909283876419
clip_vit_b_32_linear,patch_shuffle_4x4,test_02392,2392,2,car,2,car,0.1572810858488083,True,0.10410663485527039,0.08837582916021347,0.1572810858488083,0.08866880089044571,0.09055294096469879,0.08629453182220459,0.08829454332590103,0.09034234285354614,0.08776821941137314,0.11831512302160263
clip_vit_b_32_linear,patch_shuffle_4x4,test_03292,3292,6,horse,2,car,0.10931642353534698,False,0.10102064907550812,0.09565859287977219,0.10931642353534698,0.08934621512889862,0.10434217751026154,0.09965834766626358,0.10585376620292664,0.10140995681285858,0.08654771745204926,0.10684613883495331
clip_vit_b_32_linear,patch_shuffle_4x4,test_01440,1440,7,monkey,7,monkey,0.14859959483146667,True,0.08234356343746185,0.1037064790725708,0.08353893458843231,0.11157867312431335,0.1345146894454956,0.09917989373207092,0.08862793445587158,0.14859959483146667,0.06933554261922836,0.07857459783554077
clip_vit_b_32_linear,patch_shuffle_4x4,test_01115,1115,1,bird,4,deer,0.11221736669540405,False,0.09456118941307068,0.10897362977266312,0.09335705637931824,0.09662513434886932,0.11221736669540405,0.09745659679174423,0.11022672802209854,0.10574649274349213,0.08297929167747498,0.09785658121109009
clip_vit_b_32_linear,patch_shuffle_4x4,test_04242,4242,8,ship,8,ship,0.16263225674629211,True,0.11102156341075897,0.08937551826238632,0.08954137563705444,0.0796656385064125,0.08601690083742142,0.08326080441474915,0.08441716432571411,0.08653219044208527,0.16263225674629211,0.1275365948677063
clip_vit_b_32_linear,patch_shuffle_4x4,test_02230,2230,8,ship,0,airplane,0.15319795906543732,False,0.15319795906543732,0.09226001799106598,0.09852413833141327,0.08010660856962204,0.0868198350071907,0.08498481661081314,0.07761939615011215,0.08898071944713593,0.12982559204101562,0.10768085718154907
clip_vit_b_32_linear,patch_shuffle_4x4,test_03163,3163,2,car,2,car,0.1529085487127304,True,0.11008462309837341,0.09353268891572952,0.1529085487127304,0.08338253945112228,0.09446060657501221,0.08868122100830078,0.08878885209560394,0.0959392786026001,0.0821065604686737,0.11011502891778946
clip_vit_b_32_linear,patch_shuffle_4x4,test_00545,545,6,horse,6,horse,0.11611000448465347,True,0.09679724276065826,0.09592582285404205,0.10608452558517456,0.08997366577386856,0.10367539525032043,0.09758344292640686,0.11611000448465347,0.10283926874399185,0.08205464482307434,0.10895593464374542
clip_vit_b_32_linear,patch_shuffle_4x4,test_03863,3863,5,dog,5,dog,0.12081532180309296,True,0.08525457233190536,0.09084679931402206,0.0901300311088562,0.09632264822721481,0.11045995354652405,0.12081532180309296,0.11909216642379761,0.1124291643500328,0.08116491138935089,0.09348451346158981
clip_vit_b_32_linear,patch_shuffle_4x4,test_04748,4748,7,monkey,7,monkey,0.1563895046710968,True,0.08942756056785583,0.13527131080627441,0.08304457366466522,0.10931190103292465,0.10129062086343765,0.08794914931058884,0.08727804571390152,0.1563895046710968,0.06987177580595016,0.08016547560691833
clip_vit_b_32_linear,patch_shuffle_4x4,test_02399,2399,4,deer,4,deer,0.1380905658006668,True,0.0914197638630867,0.10719370096921921,0.07791358232498169,0.10173511505126953,0.1380905658006668,0.10054636746644974,0.10072160512208939,0.1236637681722641,0.07431377470493317,0.08440185338258743
clip_vit_b_32_linear,patch_shuffle_4x4,test_04341,4341,6,horse,6,horse,0.17123129963874817,True,0.07853136956691742,0.09627187997102737,0.07783325016498566,0.09686470031738281,0.1159021258354187,0.10614927113056183,0.17123129963874817,0.09070926904678345,0.07812324911355972,0.08838361501693726
clip_vit_b_32_linear,patch_shuffle_4x4,test_03078,3078,4,deer,3,cat,0.11474882066249847,False,0.09216847270727158,0.10372913628816605,0.08913719654083252,0.11474882066249847,0.10758230090141296,0.10325087606906891,0.10389956086874008,0.10890121012926102,0.08330189436674118,0.09328054636716843
clip_vit_b_32_linear,patch_shuffle_4x4,test_03763,3763,4,deer,4,deer,0.17147734761238098,True,0.08496439456939697,0.11051391065120697,0.08270229399204254,0.09771664440631866,0.17147734761238098,0.09111397713422775,0.09784810990095139,0.10773477703332901,0.07445690780878067,0.08147166669368744
clip_vit_b_32_linear,patch_shuffle_4x4,test_02958,2958,6,horse,6,horse,0.16978509724140167,True,0.08568853884935379,0.09140655398368835,0.08852920681238174,0.08941476047039032,0.11315073072910309,0.10412000864744186,0.16978509724140167,0.08622260391712189,0.0830589011311531,0.08862365037202835
clip_vit_b_32_linear,patch_shuffle_4x4,test_06381,6381,6,horse,6,horse,0.15603207051753998,True,0.09097058326005936,0.0824393555521965,0.10116502642631531,0.08726952970027924,0.10114855319261551,0.1088518351316452,0.15603207051753998,0.09027407318353653,0.08877480030059814,0.09307421743869781
clip_vit_b_32_linear,patch_shuffle_4x4,test_01640,1640,8,ship,0,airplane,0.12013161182403564,False,0.12013161182403564,0.0949825644493103,0.11377418786287308,0.08683965355157852,0.08834666013717651,0.09032821655273438,0.08714108169078827,0.09659720957279205,0.10797955095767975,0.11387927830219269
clip_vit_b_32_linear,patch_shuffle_4x4,test_01783,1783,8,ship,8,ship,0.17131845653057098,True,0.11903780698776245,0.0912993922829628,0.0932646095752716,0.07730140537023544,0.08474399894475937,0.07983780652284622,0.08130057901144028,0.08464673161506653,0.17131845653057098,0.11724918335676193
clip_vit_b_32_linear,patch_shuffle_4x4,test_03914,3914,3,cat,3,cat,0.14801493287086487,True,0.08588217198848724,0.11484667658805847,0.08478478342294693,0.14801493287086487,0.10857095569372177,0.09706621617078781,0.08737931400537491,0.12055703997612,0.07171260565519333,0.08118537813425064
clip_vit_b_32_linear,patch_shuffle_4x4,test_01534,1534,6,horse,3,cat,0.11590097844600677,False,0.08932765573263168,0.09806069731712341,0.0903950110077858,0.11590097844600677,0.10064303129911423,0.10425233840942383,0.10590527206659317,0.11312959343194962,0.0858277752995491,0.09655759483575821
clip_vit_b_32_linear,patch_shuffle_4x4,test_00685,685,5,dog,5,dog,0.16416515409946442,True,0.0799388736486435,0.08833147585391998,0.0935463160276413,0.11787424236536026,0.08975543081760406,0.16416515409946442,0.10178253054618835,0.10028008371591568,0.07942092418670654,0.08490494638681412
clip_vit_b_32_linear,patch_shuffle_4x4,test_04617,4617,0,airplane,0,airplane,0.18828092515468597,True,0.18828092515468597,0.10308349132537842,0.09009331464767456,0.07629014551639557,0.08762794733047485,0.08677533268928528,0.08619677275419235,0.09128746390342712,0.09147912263870239,0.09888545423746109
clip_vit_b_32_linear,patch_shuffle_4x4,test_05508,5508,9,truck,9,truck,0.1655191034078598,True,0.10677074640989304,0.08965733647346497,0.11316787451505661,0.07651965320110321,0.08823489397764206,0.08482017368078232,0.08732292801141739,0.08251401036977768,0.1054733470082283,0.1655191034078598
clip_vit_b_32_linear,patch_shuffle_4x4,test_01022,1022,9,truck,9,truck,0.12422605603933334,True,0.10942147672176361,0.09676383435726166,0.11015893518924713,0.09521376341581345,0.09540068358182907,0.09444821625947952,0.08672316372394562,0.09712130576372147,0.09052259474992752,0.12422605603933334
clip_vit_b_32_linear,patch_shuffle_4x4,test_01230,1230,1,bird,1,bird,0.14493806660175323,True,0.09697823226451874,0.14493806660175323,0.08486397564411163,0.10244990885257721,0.10136584937572479,0.08265850692987442,0.08111187070608139,0.1382828801870346,0.08085329830646515,0.08649742603302002
clip_vit_b_32_linear,patch_shuffle_4x4,test_07475,7475,4,deer,4,deer,0.1701766550540924,True,0.08316308259963989,0.09708631038665771,0.0812276303768158,0.09811138361692429,0.1701766550540924,0.09088598191738129,0.12395326793193817,0.09926468878984451,0.07259038090705872,0.08354055136442184
clip_vit_b_32_linear,patch_shuffle_4x4,test_05756,5756,2,car,2,car,0.16072148084640503,True,0.10376344621181488,0.09163113683462143,0.16072148084640503,0.08494766801595688,0.08536769449710846,0.09024602174758911,0.08809365332126617,0.09595174342393875,0.0859362855553627,0.11334088444709778
clip_vit_b_32_linear,patch_shuffle_4x4,test_03122,3122,4,deer,4,deer,0.15117764472961426,True,0.07546777278184891,0.10915444791316986,0.07240597158670425,0.12653641402721405,0.15117764472961426,0.09608324617147446,0.09340772777795792,0.13382545113563538,0.07159843295812607,0.07034282386302948
clip_vit_b_32_linear,patch_shuffle_4x4,test_07202,7202,1,bird,1,bird,0.14345957338809967,True,0.10012134909629822,0.14345957338809967,0.09353168308734894,0.09943705052137375,0.09892918169498444,0.09875728189945221,0.08677652478218079,0.10726805776357651,0.07666642963886261,0.09505289793014526
clip_vit_b_32_linear,patch_shuffle_4x4,test_04723,4723,9,truck,9,truck,0.14064514636993408,True,0.10580311715602875,0.09866973757743835,0.09457999467849731,0.09331902116537094,0.09668022394180298,0.08541619032621384,0.09079474955797195,0.09199690073728561,0.10209492594003677,0.14064514636993408
clip_vit_b_32_linear,patch_shuffle_4x4,test_01552,1552,5,dog,5,dog,0.13024228811264038,True,0.08005963265895844,0.10393043607473373,0.08085591346025467,0.1130499541759491,0.12069066613912582,0.13024228811264038,0.09991183876991272,0.12838801741600037,0.06693984568119049,0.0759313553571701
clip_vit_b_32_linear,patch_shuffle_4x4,test_00603,603,9,truck,9,truck,0.1266678273677826,True,0.10426323860883713,0.09395372122526169,0.11178531497716904,0.09065715223550797,0.09027127176523209,0.09408716857433319,0.08982609212398529,0.0936795324087143,0.10480866581201553,0.1266678273677826
clip_vit_b_32_linear,patch_shuffle_4x4,test_02861,2861,3,cat,3,cat,0.15840788185596466,True,0.07829060405492783,0.09429744631052017,0.0900551900267601,0.15840788185596466,0.08742212504148483,0.12411221116781235,0.09824755787849426,0.1067032590508461,0.07933607697486877,0.08312767744064331
clip_vit_b_32_linear,patch_shuffle_4x4,test_06426,6426,2,car,2,car,0.1620979607105255,True,0.09891476482152939,0.08640923351049423,0.1620979607105255,0.09163476526737213,0.08705896884202957,0.09093846380710602,0.09121671319007874,0.09616723656654358,0.08157084882259369,0.1139911636710167
clip_vit_b_32_linear,patch_shuffle_4x4,test_07864,7864,4,deer,4,deer,0.1634148359298706,True,0.08364497125148773,0.10425793379545212,0.08059327304363251,0.10751503705978394,0.1634148359298706,0.08927569538354874,0.10369762778282166,0.1130366176366806,0.0745597705245018,0.08000415563583374
clip_vit_b_32_linear,patch_shuffle_4x4,test_05729,5729,6,horse,6,horse,0.18174110352993011,True,0.08135451376438141,0.08648006618022919,0.08756878972053528,0.09160745143890381,0.10810009390115738,0.10721563547849655,0.18174110352993011,0.08740715682506561,0.07694925367832184,0.0915759727358818
clip_vit_b_32_linear,patch_shuffle_4x4,test_07474,7474,5,dog,5,dog,0.15009798109531403,True,0.09133553504943848,0.11132651567459106,0.07804512977600098,0.10051802545785904,0.10098057985305786,0.15009798109531403,0.1122630164027214,0.09187135845422745,0.08149596303701401,0.08206591010093689
clip_vit_b_32_linear,patch_shuffle_4x4,test_04298,4298,1,bird,1,bird,0.15646131336688995,True,0.08740463107824326,0.15646131336688995,0.08590452373027802,0.1124197393655777,0.11525113880634308,0.0836319699883461,0.0851636603474617,0.12103697657585144,0.07208701223134995,0.08063892275094986
clip_vit_b_32_linear,patch_shuffle_4x4,test_01175,1175,0,airplane,1,bird,0.11142589896917343,False,0.11140037328004837,0.11142589896917343,0.09589508175849915,0.09255658090114594,0.10069043189287186,0.09639807045459747,0.09400675445795059,0.10342991352081299,0.09501708298921585,0.09917983412742615
clip_vit_b_32_linear,patch_shuffle_4x4,test_03454,3454,2,car,2,car,0.14367572963237762,True,0.10413354635238647,0.09195131808519363,0.14367572963237762,0.0947750061750412,0.08904743194580078,0.08840621262788773,0.0934448391199112,0.09068349003791809,0.09034954756498337,0.11353284865617752
clip_vit_b_32_linear,patch_shuffle_4x4,test_02754,2754,3,cat,3,cat,0.14424815773963928,True,0.08673854917287827,0.10681428760290146,0.08160358667373657,0.14424815773963928,0.1069912239909172,0.10606826841831207,0.09541597217321396,0.11815713346004486,0.07195797562599182,0.08200479298830032
clip_vit_b_32_linear,patch_shuffle_4x4,test_00855,855,4,deer,4,deer,0.1467587947845459,True,0.07735484838485718,0.09222449362277985,0.07531312853097916,0.10767730325460434,0.1467587947845459,0.10472326725721359,0.13394662737846375,0.105916827917099,0.07553959637880325,0.08054517209529877
clip_vit_b_32_linear,patch_shuffle_4x4,test_02854,2854,7,monkey,4,deer,0.13312047719955444,False,0.0844888910651207,0.12113036215305328,0.0797135978937149,0.1065034344792366,0.13312047719955444,0.10153784602880478,0.0958184078335762,0.13176646828651428,0.07027018070220947,0.07565025985240936
clip_vit_b_32_linear,patch_shuffle_4x4,test_05092,5092,1,bird,1,bird,0.13593845069408417,True,0.09257053583860397,0.13593845069408417,0.09050595015287399,0.10092077404260635,0.10293012857437134,0.102338045835495,0.0884627252817154,0.11963939666748047,0.07731933146715164,0.08937457948923111
clip_vit_b_32_linear,patch_shuffle_4x4,test_05590,5590,9,truck,0,airplane,0.11577530205249786,False,0.11577530205249786,0.09949688613414764,0.1077197715640068,0.09256768226623535,0.10388340055942535,0.09368522465229034,0.09668387472629547,0.095505490899086,0.09373144805431366,0.10095085948705673
clip_vit_b_32_linear,patch_shuffle_4x4,test_04463,4463,3,cat,3,cat,0.11685039848089218,True,0.09792416542768478,0.10567969083786011,0.0974082499742508,0.11685039848089218,0.09389205276966095,0.10565155744552612,0.09166261553764343,0.11036322265863419,0.08406184613704681,0.09650617837905884
clip_vit_b_32_linear,patch_shuffle_4x4,test_05318,5318,2,car,2,car,0.12437006831169128,True,0.09393751621246338,0.09299508482217789,0.12437006831169128,0.08667345345020294,0.10352931916713715,0.0904674232006073,0.09785587340593338,0.09655171632766724,0.09314493834972382,0.12047465145587921
clip_vit_b_32_linear,patch_shuffle_4x4,test_03515,3515,6,horse,6,horse,0.13025683164596558,True,0.08022642880678177,0.0924694687128067,0.0883965790271759,0.10069892555475235,0.12718188762664795,0.10710189491510391,0.13025683164596558,0.114555224776268,0.0738777294754982,0.08523501455783844
clip_vit_b_32_linear,patch_shuffle_4x4,test_04642,4642,4,deer,4,deer,0.1933593600988388,True,0.07528053224086761,0.11200312525033951,0.07105492055416107,0.11774231493473053,0.1933593600988388,0.09057684987783432,0.09131379425525665,0.11190273612737656,0.06668256223201752,0.07008388638496399
clip_vit_b_32_linear,patch_shuffle_4x4,test_00852,852,9,truck,9,truck,0.11490772664546967,True,0.11340701580047607,0.1038886159658432,0.11328279227018356,0.08595754206180573,0.09108957648277283,0.09053732454776764,0.09172090888023376,0.09987502545118332,0.09533347189426422,0.11490772664546967
clip_vit_b_32_linear,patch_shuffle_4x4,test_01247,1247,8,ship,8,ship,0.1575867086648941,True,0.11789848655462265,0.08733934164047241,0.0930149182677269,0.08145718276500702,0.08581125736236572,0.08628801256418228,0.08477523922920227,0.08321032673120499,0.1575867086648941,0.1226184293627739
clip_vit_b_32_linear,patch_shuffle_4x4,test_07084,7084,2,car,2,car,0.14402706921100616,True,0.10008955746889114,0.08710423111915588,0.14402706921100616,0.08885937929153442,0.09382568299770355,0.09370487928390503,0.09222836047410965,0.09446178376674652,0.08639204502105713,0.11930692940950394
clip_vit_b_32_linear,patch_shuffle_4x4,test_05301,5301,9,truck,9,truck,0.11693879216909409,True,0.10829567909240723,0.09401331096887589,0.11365479975938797,0.08462455868721008,0.09596604853868484,0.09249930083751678,0.10216894745826721,0.09420685470104218,0.09763172268867493,0.11693879216909409
clip_vit_b_32_linear,patch_shuffle_4x4,test_05082,5082,6,horse,6,horse,0.16827228665351868,True,0.08649656176567078,0.09224959462881088,0.08449511229991913,0.09909283369779587,0.10215909779071808,0.11091898381710052,0.16827228665351868,0.09068175405263901,0.07839810103178024,0.08723557740449905
clip_vit_b_32_linear,patch_shuffle_4x4,test_05077,5077,4,deer,4,deer,0.1849844604730606,True,0.07710465788841248,0.10398244112730026,0.07890728861093521,0.09656799584627151,0.1849844604730606,0.08849633485078812,0.10411418974399567,0.11440500617027283,0.07284921407699585,0.0785883367061615
clip_vit_b_32_linear,patch_shuffle_4x4,test_01563,1563,3,cat,7,monkey,0.119717538356781,False,0.09778767824172974,0.10886335372924805,0.09850993007421494,0.09728605300188065,0.10706555098295212,0.09139396995306015,0.09665985405445099,0.119717538356781,0.08433645218610764,0.09837967157363892
clip_vit_b_32_linear,patch_shuffle_4x4,test_00029,29,7,monkey,7,monkey,0.11186821013689041,True,0.09754545986652374,0.10797834396362305,0.09674198180437088,0.11139693856239319,0.10180754214525223,0.09926994889974594,0.09323769062757492,0.11186821013689041,0.08503935486078262,0.09511446952819824
clip_vit_b_32_linear,patch_shuffle_4x4,test_03867,3867,7,monkey,7,monkey,0.16265104711055756,True,0.07889823615550995,0.1127307116985321,0.08215497434139252,0.11156787723302841,0.11844868957996368,0.09594106674194336,0.08976583927869797,0.16265104711055756,0.0703141987323761,0.07752736657857895
clip_vit_b_32_linear,patch_shuffle_4x4,test_04620,4620,6,horse,6,horse,0.13481907546520233,True,0.10175168514251709,0.08889181166887283,0.10720838606357574,0.08631642162799835,0.10077349096536636,0.10623102635145187,0.13481907546520233,0.08853062987327576,0.08558882772922516,0.09988875687122345
clip_vit_b_32_linear,patch_shuffle_4x4,test_04065,4065,2,car,2,car,0.1385640799999237,True,0.1032567173242569,0.09296125173568726,0.1385640799999237,0.09216944873332977,0.08823752403259277,0.09228631854057312,0.08997336775064468,0.09848126024007797,0.090184785425663,0.11388520896434784
clip_vit_b_32_linear,patch_shuffle_4x4,test_01095,1095,5,dog,5,dog,0.160082146525383,True,0.07924404740333557,0.09231502562761307,0.08753472566604614,0.11184830218553543,0.09751363843679428,0.160082146525383,0.10944578051567078,0.09871640801429749,0.07547582685947418,0.08782410621643066
clip_vit_b_32_linear,patch_shuffle_4x4,test_04229,4229,3,cat,3,cat,0.1689509153366089,True,0.07849325239658356,0.11165792495012283,0.07973213493824005,0.1689509153366089,0.11317175626754761,0.09340941905975342,0.07744161784648895,0.13032403588294983,0.07305953651666641,0.07375937700271606
clip_vit_b_32_linear,patch_shuffle_4x4,test_03562,3562,3,cat,4,deer,0.1382324993610382,False,0.08015436679124832,0.10205792635679245,0.07843593508005142,0.11319126933813095,0.1382324993610382,0.10647887736558914,0.10674384981393814,0.1237051710486412,0.07174857705831528,0.07925144582986832
clip_vit_b_32_linear,patch_shuffle_4x4,test_02342,2342,8,ship,8,ship,0.1590263545513153,True,0.13329367339611053,0.08229762315750122,0.08930110186338425,0.08347442746162415,0.08964917063713074,0.08671650290489197,0.08293011039495468,0.08344940096139908,0.1590263545513153,0.10986155271530151
clip_vit_b_32_linear,patch_shuffle_4x4,test_01667,1667,6,horse,6,horse,0.12004973739385605,True,0.09185762703418732,0.08993972837924957,0.1002371534705162,0.09709253162145615,0.10425218939781189,0.10913129895925522,0.12004973739385605,0.10292823612689972,0.08273286372423172,0.10177862644195557
clip_vit_b_32_linear,patch_shuffle_4x4,test_07033,7033,1,bird,1,bird,0.13391491770744324,True,0.09296493232250214,0.13391491770744324,0.08646657317876816,0.11036045104265213,0.11493677645921707,0.08913160860538483,0.08455930650234222,0.11964178085327148,0.08095473796129227,0.08706897497177124
clip_vit_b_32_linear,patch_shuffle_4x4,test_01771,1771,7,monkey,1,bird,0.10979969799518585,False,0.09605515748262405,0.10979969799518585,0.09304019808769226,0.10049768537282944,0.10796187818050385,0.10042908787727356,0.10709061473608017,0.1070982962846756,0.08243303000926971,0.09559440612792969
clip_vit_b_32_linear,patch_shuffle_4x4,test_03157,3157,8,ship,0,airplane,0.11773799359798431,False,0.11773799359798431,0.10106461495161057,0.10411430150270462,0.08797505497932434,0.09042581915855408,0.09262807667255402,0.08774704486131668,0.09615741670131683,0.10658852010965347,0.11556120961904526
clip_vit_b_32_linear,patch_shuffle_4x4,test_03851,3851,3,cat,5,dog,0.13393424451351166,False,0.0882677361369133,0.09712597727775574,0.09106487035751343,0.13166697323322296,0.08917351067066193,0.13393424451351166,0.10107941180467606,0.1006186455488205,0.08144091069698334,0.08562764525413513
clip_vit_b_32_linear,patch_shuffle_4x4,test_01287,1287,7,monkey,7,monkey,0.14188604056835175,True,0.08091014623641968,0.11819412559270859,0.08189783245325089,0.11194854974746704,0.12098618596792221,0.10700293630361557,0.08812742680311203,0.14188604056835175,0.06914395093917847,0.07990279048681259
clip_vit_b_32_linear,patch_shuffle_4x4,test_07320,7320,0,airplane,0,airplane,0.12069631367921829,True,0.12069631367921829,0.09840286523103714,0.1086874008178711,0.09376545995473862,0.09693576395511627,0.09425979107618332,0.09954220056533813,0.09453947842121124,0.09013810008764267,0.1030326634645462
clip_vit_b_32_linear,patch_shuffle_4x4,test_07600,7600,6,horse,6,horse,0.16149072349071503,True,0.09444122016429901,0.09106931835412979,0.09122323989868164,0.09504608064889908,0.09832368791103363,0.10910150408744812,0.16149072349071503,0.0824720486998558,0.08606573939323425,0.09076637029647827
clip_vit_b_32_linear,patch_shuffle_4x4,test_03852,3852,5,dog,5,dog,0.10723278671503067,True,0.10065381973981857,0.1037188470363617,0.1043366938829422,0.09768371284008026,0.09968316555023193,0.10723278671503067,0.09066680073738098,0.10225585848093033,0.08974143117666245,0.10402687638998032
clip_vit_b_32_linear,patch_shuffle_4x4,test_00269,269,7,monkey,7,monkey,0.15184392035007477,True,0.0857507735490799,0.1022835448384285,0.08286046981811523,0.1136726588010788,0.10394128412008286,0.11070577800273895,0.09422723203897476,0.15184392035007477,0.07179007679224014,0.08292422443628311
clip_vit_b_32_linear,patch_shuffle_4x4,test_01703,1703,7,monkey,7,monkey,0.13372117280960083,True,0.08268298953771591,0.10043053328990936,0.08328273892402649,0.13004255294799805,0.12032492458820343,0.11240195482969284,0.09444226324558258,0.13372117280960083,0.06772647053003311,0.07494434714317322
clip_vit_b_32_linear,patch_shuffle_4x4,test_07776,7776,5,dog,7,monkey,0.10936292260885239,False,0.09898504614830017,0.09629640728235245,0.10352504998445511,0.09422674030065536,0.10222826898097992,0.09620455652475357,0.10448292642831802,0.10936292260885239,0.08778584003448486,0.10690215229988098
clip_vit_b_32_linear,patch_shuffle_4x4,test_03891,3891,4,deer,4,deer,0.1562853455543518,True,0.07678073644638062,0.10763899981975555,0.07586965709924698,0.12019503861665726,0.1562853455543518,0.08816301077604294,0.1008499264717102,0.12076905369758606,0.0724688470363617,0.08097938448190689
clip_vit_b_32_linear,patch_shuffle_4x4,test_07009,7009,0,airplane,0,airplane,0.13938157260417938,True,0.13938157260417938,0.09384295344352722,0.09956852346658707,0.08146771043539047,0.10201489925384521,0.09233569353818893,0.08578932285308838,0.09273074567317963,0.09837444871664047,0.11449417471885681
clip_vit_b_32_linear,patch_shuffle_4x4,test_04893,4893,0,airplane,0,airplane,0.1737721711397171,True,0.1737721711397171,0.09907970577478409,0.09166114032268524,0.08260059356689453,0.09356816112995148,0.09273137897253036,0.08188125491142273,0.09410510212182999,0.0923168733716011,0.09828361868858337
clip_vit_b_32_linear,patch_shuffle_4x4,test_02351,2351,9,truck,9,truck,0.14861084520816803,True,0.10732103884220123,0.08894318342208862,0.11683081835508347,0.08139032125473022,0.09492775797843933,0.08527003973722458,0.09291251748800278,0.08648189157247543,0.0973115935921669,0.14861084520816803
clip_vit_b_32_linear,patch_shuffle_4x4,test_03550,3550,1,bird,1,bird,0.14636413753032684,True,0.10114052146673203,0.14636413753032684,0.07954269647598267,0.09737143665552139,0.11463741213083267,0.09233205765485764,0.08871813863515854,0.10921727865934372,0.08192860335111618,0.08874770998954773
clip_vit_b_32_linear,patch_shuffle_4x4,test_05719,5719,7,monkey,7,monkey,0.13507439196109772,True,0.08431240171194077,0.1022014245390892,0.08625458925962448,0.10423087328672409,0.11668729037046432,0.09730830043554306,0.10986792296171188,0.13507439196109772,0.0779048502445221,0.08615793287754059
clip_vit_b_32_linear,patch_shuffle_4x4,test_01884,1884,7,monkey,7,monkey,0.1527419090270996,True,0.08732374757528305,0.1210412010550499,0.07442823052406311,0.11265671253204346,0.11395883560180664,0.09660422056913376,0.0904790386557579,0.1527419090270996,0.0737321674823761,0.07703385502099991
clip_vit_b_32_linear,patch_shuffle_4x4,test_02898,2898,4,deer,4,deer,0.15829558670520782,True,0.08225733786821365,0.09678951650857925,0.08455069363117218,0.09080641716718674,0.15829558670520782,0.0997840091586113,0.13030260801315308,0.09959328919649124,0.07280685007572174,0.08481374382972717
clip_vit_b_32_linear,patch_shuffle_4x4,test_04640,4640,1,bird,1,bird,0.1680307388305664,True,0.0965580940246582,0.1680307388305664,0.0772273987531662,0.09971292316913605,0.1176682859659195,0.08704935759305954,0.07988870143890381,0.11693732440471649,0.07429911941289902,0.08262801170349121
clip_vit_b_32_linear,patch_shuffle_4x4,test_07610,7610,4,deer,4,deer,0.16555067896842957,True,0.07892031222581863,0.1105928048491478,0.07925853878259659,0.10668885707855225,0.16555067896842957,0.09775567054748535,0.1085689514875412,0.10693954676389694,0.07151787728071213,0.07420673221349716
clip_vit_b_32_linear,patch_shuffle_4x4,test_01833,1833,8,ship,8,ship,0.13047626614570618,True,0.11742326617240906,0.09364254772663116,0.09653590619564056,0.08619311451911926,0.09019070863723755,0.08927127718925476,0.08820527046918869,0.09205693006515503,0.13047626614570618,0.11600472778081894
clip_vit_b_32_linear,patch_shuffle_4x4,test_06455,6455,0,airplane,0,airplane,0.16458258032798767,True,0.16458258032798767,0.09847848862409592,0.09409934282302856,0.08263048529624939,0.09146155416965485,0.0936671569943428,0.083918496966362,0.09026772528886795,0.0976966992020607,0.10319745540618896
clip_vit_b_32_linear,patch_shuffle_4x4,test_03893,3893,9,truck,9,truck,0.15553174912929535,True,0.1135905385017395,0.0889711007475853,0.10980837792158127,0.08001767098903656,0.09053310006856918,0.08670865744352341,0.09030233323574066,0.08387777209281921,0.10065876692533493,0.15553174912929535
clip_vit_b_32_linear,patch_shuffle_4x4,test_04731,4731,6,horse,6,horse,0.17105039954185486,True,0.08420488238334656,0.08929610252380371,0.08755609393119812,0.09557463228702545,0.1015084758400917,0.10819676518440247,0.17105039954185486,0.08927710354328156,0.08218438923358917,0.09115108102560043
clip_vit_b_32_linear,patch_shuffle_4x4,test_00929,929,6,horse,6,horse,0.15966054797172546,True,0.08188733458518982,0.08552268147468567,0.09020094573497772,0.09327515214681625,0.11455640196800232,0.11245089024305344,0.15966054797172546,0.09592460840940475,0.07601954787969589,0.09050191938877106
clip_vit_b_32_linear,patch_shuffle_4x4,test_03962,3962,6,horse,6,horse,0.13548967242240906,True,0.07789734750986099,0.09782443195581436,0.08868031948804855,0.09975873678922653,0.1276145875453949,0.10563696175813675,0.13548967242240906,0.10821188986301422,0.07445665448904037,0.08442937582731247
clip_vit_b_32_linear,patch_shuffle_4x4,test_03778,3778,3,cat,3,cat,0.15119515359401703,True,0.08499191701412201,0.09924393147230148,0.09105684608221054,0.15119515359401703,0.09182987362146378,0.1129530593752861,0.09391366690397263,0.10965734720230103,0.07787761092185974,0.08728056401014328
clip_vit_b_32_linear,patch_shuffle_4x4,test_01429,1429,4,deer,4,deer,0.13205136358737946,True,0.09507967531681061,0.10990369319915771,0.0827956572175026,0.10777590423822403,0.13205136358737946,0.0942918062210083,0.09443707019090652,0.11585988849401474,0.07844287157058716,0.08936206996440887
clip_vit_b_32_linear,patch_shuffle_4x4,test_00049,49,2,car,2,car,0.14732132852077484,True,0.09740054607391357,0.09476090967655182,0.14732132852077484,0.09132328629493713,0.0969354659318924,0.09063940495252609,0.09594013541936874,0.0929146409034729,0.0852283164858818,0.1075359508395195
clip_vit_b_32_linear,patch_shuffle_4x4,test_00276,276,9,truck,9,truck,0.10840607434511185,True,0.09756266325712204,0.10607389360666275,0.09632459282875061,0.09516092389822006,0.10569067299365997,0.09358084201812744,0.10443393141031265,0.10789759457111359,0.08486873656511307,0.10840607434511185
clip_vit_b_32_linear,patch_shuffle_4x4,test_06076,6076,1,bird,1,bird,0.17161233723163605,True,0.08776569366455078,0.17161233723163605,0.08191918581724167,0.10083435475826263,0.12208208441734314,0.08559270948171616,0.08478980511426926,0.11524633318185806,0.0708155632019043,0.07934188842773438
clip_vit_b_32_linear,patch_shuffle_4x4,test_01389,1389,0,airplane,0,airplane,0.17006073892116547,True,0.17006073892116547,0.09729964286088943,0.09490995109081268,0.08337534219026566,0.09270892292261124,0.09318004548549652,0.08166395872831345,0.09130731225013733,0.09271996468305588,0.10277408361434937
clip_vit_b_32_linear,patch_shuffle_4x4,test_03362,3362,2,car,2,car,0.16074468195438385,True,0.10926943272352219,0.08871493488550186,0.16074468195438385,0.08074816316366196,0.09348489344120026,0.09153598546981812,0.09369473159313202,0.092048779129982,0.07989336550235748,0.10986500978469849
clip_vit_b_32_linear,patch_shuffle_4x4,test_00317,317,2,car,2,car,0.13504603505134583,True,0.1043076142668724,0.099446602165699,0.13504603505134583,0.08705191314220428,0.09750297665596008,0.08657190948724747,0.08476010710000992,0.09561564773321152,0.08733782917261124,0.1223592534661293
clip_vit_b_32_linear,patch_shuffle_4x4,test_04675,4675,0,airplane,0,airplane,0.1453922986984253,True,0.1453922986984253,0.10289102047681808,0.09676050394773483,0.08510325849056244,0.09569846838712692,0.09756527096033096,0.08503620326519012,0.09668060392141342,0.0932416170835495,0.10163077712059021
clip_vit_b_32_linear,patch_shuffle_4x4,test_05924,5924,5,dog,5,dog,0.14506995677947998,True,0.07756485790014267,0.09311595559120178,0.0841805636882782,0.11073324084281921,0.10499656945466995,0.14506995677947998,0.1197453960776329,0.11697261035442352,0.06788279861211777,0.07973803579807281
clip_vit_b_32_linear,patch_shuffle_4x4,test_00198,198,1,bird,1,bird,0.14040738344192505,True,0.09654761105775833,0.14040738344192505,0.09141868352890015,0.11582595854997635,0.10585086047649384,0.08860746771097183,0.0832781046628952,0.11073125153779984,0.07751190662384033,0.08982089906930923
clip_vit_b_32_linear,patch_shuffle_4x4,test_07779,7779,6,horse,6,horse,0.14848677814006805,True,0.09314645826816559,0.0918058529496193,0.09266704320907593,0.08940234780311584,0.1078965812921524,0.10394740849733353,0.14848677814006805,0.0917392373085022,0.08345011621713638,0.09745819866657257
clip_vit_b_32_linear,patch_shuffle_4x4,test_04054,4054,4,deer,4,deer,0.1350497007369995,True,0.09459380060434341,0.10453521460294724,0.0914718359708786,0.09613397717475891,0.1350497007369995,0.09526742249727249,0.10332336276769638,0.10682143270969391,0.07904169708490372,0.09376165270805359
clip_vit_b_32_linear,patch_shuffle_4x4,test_05556,5556,4,deer,6,horse,0.14420482516288757,False,0.07933449000120163,0.09768761694431305,0.08921243995428085,0.09137064218521118,0.13752233982086182,0.09881222248077393,0.14420482516288757,0.09759397804737091,0.07712649554014206,0.08713489770889282
clip_vit_b_32_linear,patch_shuffle_4x4,test_02687,2687,1,bird,1,bird,0.12690964341163635,True,0.09534421563148499,0.12690964341163635,0.09085643291473389,0.10886327177286148,0.109220951795578,0.09200053662061691,0.09457195550203323,0.11025211215019226,0.07911457121372223,0.09286628663539886
clip_vit_b_32_linear,patch_shuffle_4x4,test_01202,1202,2,car,2,car,0.15079094469547272,True,0.11730100959539413,0.08917351067066193,0.15079094469547272,0.07923825085163116,0.08212627470493317,0.08159682154655457,0.09059756249189377,0.09315238147974014,0.09739016741514206,0.11863306909799576
clip_vit_b_32_linear,patch_shuffle_4x4,test_00097,97,5,dog,3,cat,0.14422006905078888,False,0.07953252643346786,0.10625234991312027,0.08328105509281158,0.14422006905078888,0.10531555116176605,0.10927201807498932,0.09129036217927933,0.12821176648139954,0.072605662047863,0.08001869171857834
clip_vit_b_32_linear,patch_shuffle_4x4,test_06033,6033,4,deer,4,deer,0.13126270473003387,True,0.0906345546245575,0.11014100164175034,0.08750582486391068,0.10692945867776871,0.13126270473003387,0.09373434633016586,0.10393728315830231,0.10526884347200394,0.0779811292886734,0.09260491281747818
clip_vit_b_32_linear,patch_shuffle_4x4,test_01711,1711,7,monkey,7,monkey,0.15408432483673096,True,0.08205748349428177,0.10522584617137909,0.08053010702133179,0.1142871081829071,0.11333466321229935,0.09553281217813492,0.10605214536190033,0.15408432483673096,0.07147443294525146,0.07742097228765488
clip_vit_b_32_linear,patch_shuffle_4x4,test_01430,1430,9,truck,9,truck,0.1721576750278473,True,0.11549147963523865,0.08695627748966217,0.09749751538038254,0.07409238815307617,0.0880947932600975,0.07945065945386887,0.09014903753995895,0.08419126272201538,0.11191892623901367,0.1721576750278473
clip_vit_b_32_linear,patch_shuffle_4x4,test_00739,739,8,ship,8,ship,0.1469048708677292,True,0.11748043447732925,0.09467384964227676,0.0955350250005722,0.07850442081689835,0.0872589722275734,0.08376864343881607,0.08422324806451797,0.08979877084493637,0.1469048708677292,0.12185177206993103
clip_vit_b_32_linear,patch_shuffle_4x4,test_03491,3491,1,bird,1,bird,0.16554996371269226,True,0.09388362616300583,0.16554996371269226,0.07482811063528061,0.11530733853578568,0.11229626089334488,0.08761120587587357,0.08350978046655655,0.11312495172023773,0.07454105466604233,0.07934781163930893
clip_vit_b_32_linear,patch_shuffle_4x4,test_01568,1568,1,bird,1,bird,0.13501083850860596,True,0.08986196666955948,0.13501083850860596,0.08666230738162994,0.11643270403146744,0.1051996573805809,0.10350418835878372,0.0884317010641098,0.11127651482820511,0.0738912969827652,0.08972892165184021
clip_vit_b_32_linear,patch_shuffle_4x4,test_01211,1211,4,deer,4,deer,0.18659375607967377,True,0.07796068489551544,0.10983705520629883,0.07417993247509003,0.09772957116365433,0.18659375607967377,0.08913741260766983,0.10300754755735397,0.1140582337975502,0.07173070311546326,0.07576509565114975
clip_vit_b_32_linear,patch_shuffle_4x4,test_04913,4913,2,car,2,car,0.14767761528491974,True,0.10841056704521179,0.09144140034914017,0.14767761528491974,0.08946248888969421,0.09514357149600983,0.09111367911100388,0.08956563472747803,0.09439060091972351,0.08325206488370895,0.10954244434833527
clip_vit_b_32_linear,patch_shuffle_4x4,test_02502,2502,2,car,2,car,0.16001932322978973,True,0.11177294701337814,0.08679501712322235,0.16001932322978973,0.08300106972455978,0.0846736952662468,0.09617772698402405,0.09368345141410828,0.08916310966014862,0.08571827411651611,0.10899530351161957
clip_vit_b_32_linear,patch_shuffle_4x4,test_02539,2539,3,cat,3,cat,0.1180194765329361,True,0.09096622467041016,0.09380147606134415,0.10106822848320007,0.1180194765329361,0.09783219546079636,0.10364023596048355,0.09801220893859863,0.10822229087352753,0.08780228346586227,0.10063548386096954
clip_vit_b_32_linear,patch_shuffle_4x4,test_00979,979,3,cat,3,cat,0.14718979597091675,True,0.08109273761510849,0.10350435227155685,0.0917949303984642,0.14718979597091675,0.0965905487537384,0.10806574672460556,0.09361216425895691,0.11560683697462082,0.07577671110630035,0.08676610887050629
clip_vit_b_32_linear,patch_shuffle_4x4,test_06354,6354,2,car,2,car,0.12906582653522491,True,0.1036737710237503,0.09696202725172043,0.12906582653522491,0.09391054511070251,0.08780062198638916,0.09167925268411636,0.09163617342710495,0.09820739924907684,0.09170593321323395,0.1153583824634552
clip_vit_b_32_linear,patch_shuffle_4x4,test_04735,4735,2,car,2,car,0.13453763723373413,True,0.10744418948888779,0.09514566510915756,0.13453763723373413,0.08740120381116867,0.09262864291667938,0.09288829565048218,0.09798728674650192,0.08983022719621658,0.08343148976564407,0.11870528757572174
clip_vit_b_32_linear,patch_shuffle_4x4,test_05912,5912,0,airplane,0,airplane,0.17389130592346191,True,0.17389130592346191,0.10133965313434601,0.10022803395986557,0.07930513471364975,0.08785811066627502,0.08570116758346558,0.08213594555854797,0.08859257400035858,0.09885566681623459,0.10209237039089203
clip_vit_b_32_linear,patch_shuffle_4x4,test_03844,3844,6,horse,6,horse,0.1536630094051361,True,0.07670103758573532,0.09536320716142654,0.08275236934423447,0.09841319173574448,0.13144172728061676,0.10369402915239334,0.1536630094051361,0.09734590351581573,0.07547733187675476,0.08514821529388428
clip_vit_b_32_linear,patch_shuffle_4x4,test_01263,1263,3,cat,4,deer,0.13312706351280212,False,0.08073438704013824,0.1074519231915474,0.08061427623033524,0.11539141833782196,0.13312706351280212,0.09874482452869415,0.10939472913742065,0.11698603630065918,0.07502738386392593,0.08252795785665512
clip_vit_b_32_linear,patch_shuffle_4x4,test_03404,3404,7,monkey,7,monkey,0.14284178614616394,True,0.08654309809207916,0.11602053791284561,0.0915093794465065,0.1134040504693985,0.10824916511774063,0.09975633770227432,0.08303064852952957,0.14284178614616394,0.07215245813131332,0.08649248629808426
clip_vit_b_32_linear,patch_shuffle_4x4,test_03905,3905,8,ship,8,ship,0.1397470086812973,True,0.1176299899816513,0.09198242425918579,0.10188934206962585,0.08046888560056686,0.08758515119552612,0.08893853425979614,0.08669640868902206,0.09354384243488312,0.1397470086812973,0.11151841282844543
clip_vit_b_32_linear,patch_shuffle_4x4,test_01596,1596,0,airplane,0,airplane,0.16468772292137146,True,0.16468772292137146,0.09988415241241455,0.0917370468378067,0.08128334581851959,0.0970030128955841,0.08724819868803024,0.07985658198595047,0.09117590636014938,0.10367000102996826,0.10345413535833359
clip_vit_b_32_linear,patch_shuffle_4x4,test_03083,3083,0,airplane,0,airplane,0.15661999583244324,True,0.15661999583244324,0.10282248258590698,0.09968330711126328,0.08281455188989639,0.09909635782241821,0.09188529849052429,0.09277555346488953,0.0866292268037796,0.0895630419254303,0.098110131919384
clip_vit_b_32_linear,patch_shuffle_4x4,test_02003,2003,6,horse,6,horse,0.16071085631847382,True,0.08773002028465271,0.09239177405834198,0.08440442383289337,0.09255032986402512,0.1112627163529396,0.10183572769165039,0.16071085631847382,0.09345515072345734,0.08039053529500961,0.09526848793029785
clip_vit_b_32_linear,patch_shuffle_4x4,test_05030,5030,2,car,2,car,0.15900027751922607,True,0.10825669020414352,0.0878039076924324,0.15900027751922607,0.07804179191589355,0.09090602397918701,0.09040582925081253,0.09226232022047043,0.09182465076446533,0.09222067147493362,0.10927791893482208
clip_vit_b_32_linear,patch_shuffle_4x4,test_00095,95,1,bird,1,bird,0.16945235431194305,True,0.08879443258047104,0.16945235431194305,0.07606737315654755,0.09287116676568985,0.11903784424066544,0.0918223112821579,0.08723222464323044,0.12252365797758102,0.07459736615419388,0.07760129868984222
clip_vit_b_32_linear,patch_shuffle_4x4,test_02757,2757,4,deer,4,deer,0.18479162454605103,True,0.0800061970949173,0.10630491375923157,0.07940536737442017,0.09430406242609024,0.18479162454605103,0.08750955015420914,0.10057160258293152,0.10470569133758545,0.07853579521179199,0.0838652029633522
clip_vit_b_32_linear,patch_shuffle_4x4,test_03413,3413,1,bird,1,bird,0.17660723626613617,True,0.08675520867109299,0.17660723626613617,0.08047392964363098,0.10665824264287949,0.11522627621889114,0.08443794399499893,0.07887385040521622,0.11854036152362823,0.07337641716003418,0.0790504515171051
clip_vit_b_32_linear,patch_shuffle_4x4,test_05488,5488,1,bird,7,monkey,0.12905572354793549,False,0.08673763275146484,0.10168743133544922,0.09192723035812378,0.10778407007455826,0.1014786809682846,0.11835089325904846,0.09961792081594467,0.12905572354793549,0.0736660286784172,0.08969439566135406
clip_vit_b_32_linear,patch_shuffle_4x4,test_04827,4827,6,horse,6,horse,0.14787259697914124,True,0.09959041327238083,0.09140879660844803,0.09460780769586563,0.088752381503582,0.09857618808746338,0.10814269632101059,0.14787259697914124,0.08846551924943924,0.09392887353897095,0.08865474164485931
clip_vit_b_32_linear,patch_shuffle_4x4,test_01877,1877,5,dog,5,dog,0.1237679123878479,True,0.0903453528881073,0.10403278470039368,0.08690499514341354,0.10914714634418488,0.11893948912620544,0.1237679123878479,0.09358027577400208,0.11399784684181213,0.07328467071056366,0.08599943667650223
clip_vit_b_32_linear,patch_shuffle_4x4,test_02157,2157,1,bird,1,bird,0.1696036010980606,True,0.09844697266817093,0.1696036010980606,0.08679945021867752,0.0994652733206749,0.10409171879291534,0.08478215336799622,0.08088456839323044,0.11979885399341583,0.07455722242593765,0.08157018572092056
clip_vit_b_32_linear,patch_shuffle_4x4,test_04821,4821,3,cat,3,cat,0.16296929121017456,True,0.07876542210578918,0.10036569833755493,0.08391588181257248,0.16296929121017456,0.08992407470941544,0.12326624244451523,0.09774228930473328,0.11012923717498779,0.07124266028404236,0.08167916536331177
clip_vit_b_32_linear,patch_shuffle_4x4,test_04953,4953,5,dog,5,dog,0.12369454652070999,True,0.08903423696756363,0.10099407285451889,0.09633178263902664,0.12151432782411575,0.09036251902580261,0.12369454652070999,0.09431401640176773,0.10486378520727158,0.0840298980474472,0.09486082196235657
clip_vit_b_32_linear,patch_shuffle_4x4,test_05525,5525,8,ship,8,ship,0.15445923805236816,True,0.13119232654571533,0.0928225889801979,0.09563347697257996,0.08199072629213333,0.09005359560251236,0.085285983979702,0.07862446457147598,0.08401898294687271,0.15445923805236816,0.10591868311166763
clip_vit_b_32_linear,patch_shuffle_4x4,test_05381,5381,5,dog,5,dog,0.1181972473859787,True,0.09195546805858612,0.09496152400970459,0.0927521213889122,0.09991877526044846,0.10432887822389603,0.1181972473859787,0.11217476427555084,0.1110161691904068,0.08412953466176987,0.09056545794010162
clip_vit_b_32_linear,patch_shuffle_4x4,test_00672,672,3,cat,3,cat,0.15678991377353668,True,0.08157119154930115,0.11231286078691483,0.08654525130987167,0.15678991377353668,0.1077638491988182,0.101728156208992,0.08756199479103088,0.11226123571395874,0.07144014537334442,0.0820254310965538
clip_vit_b_32_linear,patch_shuffle_4x4,test_00323,323,7,monkey,7,monkey,0.13217005133628845,True,0.08529539406299591,0.10297565162181854,0.08770856261253357,0.13040120899677277,0.11317175626754761,0.10067460685968399,0.09185268729925156,0.13217005133628845,0.07143519073724747,0.08431491255760193
clip_vit_b_32_linear,patch_shuffle_4x4,test_05436,5436,7,monkey,7,monkey,0.1604728102684021,True,0.08175506442785263,0.1247808113694191,0.07690403610467911,0.11342443525791168,0.11774284392595291,0.09959881007671356,0.08707302808761597,0.1604728102684021,0.06640598177909851,0.07184215635061264
clip_vit_b_32_linear,patch_shuffle_4x4,test_05450,5450,7,monkey,1,bird,0.13871844112873077,False,0.09497677534818649,0.13871844112873077,0.08693195879459381,0.09858895093202591,0.10593689233064651,0.09064003080129623,0.09103508293628693,0.12616612017154694,0.07949017733335495,0.0875154659152031
clip_vit_b_32_linear,patch_shuffle_4x4,test_06358,6358,5,dog,5,dog,0.15062807500362396,True,0.08358261734247208,0.09769824892282486,0.09061422944068909,0.10917265713214874,0.10319589078426361,0.15062807500362396,0.09878729283809662,0.1057993620634079,0.07545031607151031,0.08507136255502701
clip_vit_b_32_linear,patch_shuffle_4x4,test_00372,372,3,cat,3,cat,0.12459007650613785,True,0.09136408567428589,0.09980388730764389,0.09155801683664322,0.12459007650613785,0.1028265506029129,0.11172494292259216,0.09665544331073761,0.10843559354543686,0.08012712746858597,0.09291421622037888
clip_vit_b_32_linear,patch_shuffle_4x4,test_00378,378,5,dog,5,dog,0.15680333971977234,True,0.08084681630134583,0.09411405771970749,0.0909716859459877,0.11837825179100037,0.09590742737054825,0.15680333971977234,0.1019488126039505,0.10214802622795105,0.0739160105586052,0.08496556431055069
clip_vit_b_32_linear,patch_shuffle_4x4,test_07706,7706,5,dog,7,monkey,0.12107864022254944,False,0.08888814598321915,0.10256551951169968,0.09302690625190735,0.10980856418609619,0.09372062981128693,0.11596313863992691,0.09962424635887146,0.12107864022254944,0.0808502584695816,0.0944739580154419
clip_vit_b_32_linear,patch_shuffle_4x4,test_02178,2178,1,bird,1,bird,0.14522115886211395,True,0.09632255136966705,0.14522115886211395,0.08468164503574371,0.09500037878751755,0.11874939501285553,0.09468688815832138,0.09457569569349289,0.10576368123292923,0.07841835916042328,0.08658025413751602
clip_vit_b_32_linear,patch_shuffle_4x4,test_05237,5237,2,car,2,car,0.155073344707489,True,0.10903453826904297,0.09042712301015854,0.155073344707489,0.08413059264421463,0.09538723528385162,0.08647531270980835,0.08863963931798935,0.0875549167394638,0.08365931361913681,0.11961806565523148
clip_vit_b_32_linear,patch_shuffle_4x4,test_05478,5478,0,airplane,0,airplane,0.12526705861091614,True,0.12526705861091614,0.09896598756313324,0.11019183695316315,0.08450151979923248,0.09818670898675919,0.09362811595201492,0.09264449030160904,0.09025409072637558,0.09568487107753754,0.11067532002925873
clip_vit_b_32_linear,patch_shuffle_4x4,test_05452,5452,9,truck,2,car,0.10658223927021027,False,0.10253318399190903,0.10316094011068344,0.10658223927021027,0.10031186044216156,0.0984300896525383,0.09311405569314957,0.09362247586250305,0.09948877990245819,0.09679139405488968,0.10596493631601334
clip_vit_b_32_linear,patch_shuffle_4x4,test_05623,5623,4,deer,4,deer,0.1633129119873047,True,0.08438664674758911,0.11122430115938187,0.07887425273656845,0.10900964587926865,0.1633129119873047,0.09647627919912338,0.09654189646244049,0.10484274476766586,0.0708022266626358,0.08452917635440826
clip_vit_b_32_linear,patch_shuffle_4x4,test_06772,6772,7,monkey,7,monkey,0.1382802426815033,True,0.0889851301908493,0.11760682612657547,0.08165206760168076,0.113666832447052,0.1147158071398735,0.09693732857704163,0.08733907341957092,0.1382802426815033,0.07445205748081207,0.08636469393968582
clip_vit_b_32_linear,patch_shuffle_4x4,test_01111,1111,4,deer,4,deer,0.20048131048679352,True,0.08123905211687088,0.10648827254772186,0.07698933780193329,0.09158613532781601,0.20048131048679352,0.09056953340768814,0.10774780064821243,0.09746570885181427,0.07110146433115005,0.07633136212825775
clip_vit_b_32_linear,patch_shuffle_4x4,test_05528,5528,3,cat,3,cat,0.16139556467533112,True,0.07971224933862686,0.09589488059282303,0.09074059128761292,0.16139556467533112,0.08303505927324295,0.12799666821956635,0.09867136180400848,0.10664891451597214,0.07709407061338425,0.07881073653697968
clip_vit_b_32_linear,patch_shuffle_4x4,test_03777,3777,6,horse,6,horse,0.161135733127594,True,0.07701953500509262,0.09465953707695007,0.0834648534655571,0.101600281894207,0.134440079331398,0.10078784823417664,0.161135733127594,0.09685098379850388,0.07246116548776627,0.07758001983165741
clip_vit_b_32_linear,patch_shuffle_4x4,test_02458,2458,5,dog,5,dog,0.14339201152324677,True,0.07682163268327713,0.09411771595478058,0.08603570610284805,0.11308669298887253,0.10502929240465164,0.14339201152324677,0.11861948668956757,0.10046118497848511,0.07504553347826004,0.08739073574542999
clip_vit_b_32_linear,patch_shuffle_4x4,test_04921,4921,2,car,2,car,0.13615794479846954,True,0.1033315509557724,0.09398354589939117,0.13615794479846954,0.08890216052532196,0.0900455117225647,0.08949366211891174,0.0915084034204483,0.09620428085327148,0.08886939287185669,0.12150362879037857
clip_vit_b_32_linear,patch_shuffle_4x4,test_03015,3015,8,ship,8,ship,0.16079524159431458,True,0.118951216340065,0.09134932607412338,0.09279332309961319,0.0795319676399231,0.08660085499286652,0.08083155006170273,0.08305428922176361,0.08621570467948914,0.16079524159431458,0.119876429438591
clip_vit_b_32_linear,patch_shuffle_4x4,test_07476,7476,8,ship,8,ship,0.1349053680896759,True,0.11664537340402603,0.09805325418710709,0.10276400297880173,0.08703411370515823,0.09227434545755386,0.08959966897964478,0.08558496832847595,0.08612219989299774,0.1349053680896759,0.10701674968004227
clip_vit_b_32_linear,patch_shuffle_4x4,test_01520,1520,2,car,2,car,0.1147308424115181,True,0.10790979862213135,0.10633266717195511,0.1147308424115181,0.08992958813905716,0.09551940113306046,0.0965750440955162,0.09663432836532593,0.10052444785833359,0.0849427878856659,0.10690118372440338
clip_vit_b_32_linear,patch_shuffle_4x4,test_06713,6713,6,horse,6,horse,0.1392270028591156,True,0.0880219042301178,0.09062989056110382,0.09465744346380234,0.09623493254184723,0.1030203178524971,0.11526957899332047,0.1392270028591156,0.1044425219297409,0.07473655045032501,0.09375978261232376
clip_vit_b_32_linear,patch_shuffle_4x4,test_01852,1852,1,bird,1,bird,0.18354861438274384,True,0.09274371713399887,0.18354861438274384,0.07364828139543533,0.10099723935127258,0.11764107644557953,0.08814307302236557,0.08220398426055908,0.10684158653020859,0.07538773864507675,0.07884468138217926
clip_vit_b_32_linear,patch_shuffle_4x4,test_02268,2268,5,dog,5,dog,0.1395459771156311,True,0.082811139523983,0.09370716661214828,0.09667405486106873,0.12821020185947418,0.09502728283405304,0.1395459771156311,0.09682100266218185,0.10222966223955154,0.07768265157938004,0.08729080110788345
clip_vit_b_32_linear,patch_shuffle_4x4,test_00151,151,8,ship,8,ship,0.1417284905910492,True,0.11967527121305466,0.09521819651126862,0.09436699002981186,0.08606790006160736,0.08963533490896225,0.08692780882120132,0.0818682387471199,0.09030809998512268,0.1417284905910492,0.1142035722732544
clip_vit_b_32_linear,patch_shuffle_4x4,test_00890,890,6,horse,6,horse,0.16932854056358337,True,0.08024952560663223,0.08977724611759186,0.08714234828948975,0.09670455753803253,0.1086052656173706,0.11005816608667374,0.16932854056358337,0.09142822027206421,0.07778226584196091,0.0889238491654396
clip_vit_b_32_linear,patch_shuffle_4x4,test_00825,825,1,bird,1,bird,0.14032544195652008,True,0.11590728908777237,0.14032544195652008,0.08138959109783173,0.0919606164097786,0.11192230880260468,0.09522610902786255,0.08355949074029922,0.10393790155649185,0.0854324921965599,0.09033869206905365
clip_vit_b_32_linear,patch_shuffle_4x4,test_02536,2536,3,cat,3,cat,0.15519940853118896,True,0.08161827176809311,0.10693567991256714,0.08036506921052933,0.15519940853118896,0.11985421180725098,0.09219523519277573,0.08593504875898361,0.1359056979417801,0.06867042183876038,0.07332104444503784
clip_vit_b_32_linear,patch_shuffle_4x4,test_00470,470,2,car,2,car,0.14914388954639435,True,0.1136559322476387,0.08910943567752838,0.14914388954639435,0.08451478183269501,0.08971387892961502,0.0966351330280304,0.09591297805309296,0.0900738537311554,0.08490660786628723,0.10633353888988495
clip_vit_b_32_linear,patch_shuffle_4x4,test_05256,5256,1,bird,1,bird,0.1472977101802826,True,0.0952206552028656,0.1472977101802826,0.08398856222629547,0.10676482319831848,0.10082872211933136,0.09590388834476471,0.09584981203079224,0.12060766667127609,0.07372783124446869,0.07981039583683014
clip_vit_b_32_linear,patch_shuffle_4x4,test_02011,2011,9,truck,0,airplane,0.12340610474348068,False,0.12340610474348068,0.09441482275724411,0.10885365307331085,0.08782577514648438,0.08618094027042389,0.08892260491847992,0.08793274313211441,0.09956354647874832,0.10766813904047012,0.11523162573575974
clip_vit_b_32_linear,patch_shuffle_4x4,test_07150,7150,0,airplane,0,airplane,0.17762504518032074,True,0.17762504518032074,0.0966828390955925,0.09103922545909882,0.0792614221572876,0.09577291458845139,0.09248598664999008,0.07807818055152893,0.09357984364032745,0.09366627782583237,0.10180820524692535
clip_vit_b_32_linear,patch_shuffle_4x4,test_00449,449,6,horse,6,horse,0.15490666031837463,True,0.08421333134174347,0.09271813929080963,0.09038718044757843,0.09232711791992188,0.11099792271852493,0.09947078675031662,0.15490666031837463,0.09264659881591797,0.08859846740961075,0.09373383224010468
clip_vit_b_32_linear,patch_shuffle_4x4,test_02704,2704,4,deer,4,deer,0.1715201437473297,True,0.07830099761486053,0.11303576827049255,0.07468385994434357,0.11397206038236618,0.1715201437473297,0.09095942229032516,0.10134485363960266,0.11301527917385101,0.0700993463397026,0.07306820899248123
clip_vit_b_32_linear,patch_shuffle_4x4,test_03437,3437,0,airplane,0,airplane,0.1303841769695282,True,0.1303841769695282,0.10179801285266876,0.09677533805370331,0.0838124081492424,0.10118946433067322,0.08603399991989136,0.08577851951122284,0.09553307294845581,0.11184459924697876,0.10685039311647415
clip_vit_b_32_linear,patch_shuffle_4x4,test_03375,3375,3,cat,3,cat,0.13303612172603607,True,0.08061584830284119,0.10981383919715881,0.08090512454509735,0.13303612172603607,0.12167271226644516,0.10984225571155548,0.09120263159275055,0.12540769577026367,0.06840886175632477,0.07909491658210754
clip_vit_b_32_linear,patch_shuffle_4x4,test_04552,4552,8,ship,8,ship,0.14588485658168793,True,0.11899915337562561,0.09074702858924866,0.09949689358472824,0.08486421406269073,0.0871259793639183,0.08765337616205215,0.08226733654737473,0.08354907482862473,0.14588485658168793,0.11941207200288773
clip_vit_b_32_linear,patch_shuffle_4x4,test_00920,920,6,horse,6,horse,0.147894024848938,True,0.07935795933008194,0.09985407441854477,0.0822150856256485,0.09293966740369797,0.12815620005130768,0.1009715348482132,0.147894024848938,0.10486730933189392,0.07716166973114014,0.0865824967622757
clip_vit_b_32_linear,patch_shuffle_4x4,test_02242,2242,0,airplane,0,airplane,0.1698201298713684,True,0.1698201298713684,0.09525898098945618,0.1039680540561676,0.08499472588300705,0.0913284495472908,0.08837760239839554,0.0840284451842308,0.08798971772193909,0.08967124670743942,0.1045626699924469
clip_vit_b_32_linear,patch_shuffle_4x4,test_02745,2745,8,ship,8,ship,0.16554710268974304,True,0.12373966723680496,0.09287380427122116,0.09574870765209198,0.07438210397958755,0.08341054618358612,0.08451169729232788,0.08235712349414825,0.08566616475582123,0.16554710268974304,0.11176314949989319
clip_vit_b_32_linear,patch_shuffle_4x4,test_01032,1032,7,monkey,7,monkey,0.14675211906433105,True,0.09360674768686295,0.11494174599647522,0.08683812618255615,0.11615919321775436,0.10244224220514297,0.09074714779853821,0.08680829405784607,0.14675211906433105,0.07882305234670639,0.08288122713565826
clip_vit_b_32_linear,patch_shuffle_4x4,test_00365,365,3,cat,3,cat,0.15440329909324646,True,0.08167171478271484,0.09815636277198792,0.08599687367677689,0.15440329909324646,0.09136077761650085,0.12951143085956573,0.0970192551612854,0.1024915874004364,0.07535986602306366,0.08402873575687408
clip_vit_b_32_linear,patch_shuffle_4x4,test_04850,4850,5,dog,5,dog,0.1442425698041916,True,0.08349652588367462,0.09159424901008606,0.09181126952171326,0.12158496677875519,0.09790556132793427,0.1442425698041916,0.10190410912036896,0.10164947807788849,0.07733403146266937,0.08847729861736298
clip_vit_b_32_linear,patch_shuffle_4x4,test_04819,4819,0,airplane,0,airplane,0.1450667828321457,True,0.1450667828321457,0.10700368136167526,0.09251036494970322,0.08500626683235168,0.09080575406551361,0.09020251780748367,0.0877583771944046,0.09426801651716232,0.09732335060834885,0.1100548729300499
clip_vit_b_32_linear,patch_shuffle_4x4,test_07338,7338,6,horse,0,airplane,0.11411815136671066,False,0.11411815136671066,0.10987097769975662,0.09486556798219681,0.08821963518857956,0.10738497227430344,0.0983840823173523,0.10948052257299423,0.09907540678977966,0.08499422669410706,0.09360639750957489
clip_vit_b_32_linear,patch_shuffle_4x4,test_07372,7372,0,airplane,0,airplane,0.17293913662433624,True,0.17293913662433624,0.10312367975711823,0.09261979162693024,0.08325476199388504,0.0907566174864769,0.08609462529420853,0.07591589540243149,0.09900528192520142,0.09633008390665054,0.09996006637811661
clip_vit_b_32_linear,patch_shuffle_4x4,test_01090,1090,1,bird,1,bird,0.12986443936824799,True,0.10987525433301926,0.12986443936824799,0.09583469480276108,0.09585711359977722,0.10285665094852448,0.08982445299625397,0.09084572643041611,0.10196145623922348,0.08355589956045151,0.0995243489742279
clip_vit_b_32_linear,patch_shuffle_4x4,test_05062,5062,4,deer,7,monkey,0.13579010963439941,False,0.08295183628797531,0.10627255588769913,0.07694430649280548,0.11773386597633362,0.11983262747526169,0.11298255622386932,0.09612880647182465,0.13579010963439941,0.07154281437397003,0.07982060313224792
clip_vit_b_32_linear,patch_shuffle_4x4,test_00981,981,2,car,2,car,0.13635706901550293,True,0.10171513259410858,0.09412076324224472,0.13635706901550293,0.09318531304597855,0.09309032559394836,0.08840442448854446,0.09072675555944443,0.1002209335565567,0.08975903689861298,0.11242040246725082
clip_vit_b_32_linear,patch_shuffle_4x4,test_05857,5857,6,horse,5,dog,0.12243711948394775,False,0.08616194128990173,0.10214414447546005,0.08562120050191879,0.10200686752796173,0.10807158052921295,0.12243711948394775,0.10823676735162735,0.1194429099559784,0.07971908152103424,0.08615836501121521
clip_vit_b_32_linear,patch_shuffle_4x4,test_01986,1986,1,bird,1,bird,0.14681757986545563,True,0.08134022355079651,0.14681757986545563,0.08460342884063721,0.09813278168439865,0.11972928792238235,0.09274618327617645,0.09628644585609436,0.125052347779274,0.07253720611333847,0.08275449275970459
clip_vit_b_32_linear,patch_shuffle_4x4,test_05560,5560,1,bird,1,bird,0.1373475342988968,True,0.09600981324911118,0.1373475342988968,0.08823219686746597,0.105724036693573,0.10127042233943939,0.09715061634778976,0.09108105301856995,0.11266552656888962,0.07807670533657074,0.0924421027302742
clip_vit_b_32_linear,patch_shuffle_4x4,test_01814,1814,2,car,2,car,0.1451965719461441,True,0.10435216873884201,0.09343963116407394,0.1451965719461441,0.09106647968292236,0.09441019594669342,0.08575978875160217,0.0966029167175293,0.09443847090005875,0.08161161094903946,0.11312218755483627
clip_vit_b_32_linear,patch_shuffle_4x4,test_00194,194,8,ship,8,ship,0.1669401228427887,True,0.12128885090351105,0.08788013458251953,0.0958540216088295,0.0780024379491806,0.08444947004318237,0.08457743376493454,0.08000323921442032,0.07897140830755234,0.1669401228427887,0.12203288078308105
clip_vit_b_32_linear,patch_shuffle_4x4,test_01993,1993,1,bird,1,bird,0.18440653383731842,True,0.09648244827985764,0.18440653383731842,0.07897640764713287,0.09351202100515366,0.11779238283634186,0.08606614917516708,0.07940546423196793,0.10814295709133148,0.07481428235769272,0.08040142059326172
clip_vit_b_32_linear,patch_shuffle_4x4,test_05333,5333,2,car,2,car,0.15213917195796967,True,0.10099005699157715,0.09106183797121048,0.15213917195796967,0.09220415353775024,0.08959243446588516,0.09010543674230576,0.09066122025251389,0.09174428135156631,0.08702649176120758,0.11447488516569138
clip_vit_b_32_linear,patch_shuffle_4x4,test_04311,4311,8,ship,8,ship,0.16868411004543304,True,0.1155029907822609,0.09257879853248596,0.09035290032625198,0.07899928838014603,0.08518562465906143,0.0830870270729065,0.0819874256849289,0.08635349571704865,0.16868411004543304,0.11726842075586319
clip_vit_b_32_linear,patch_shuffle_4x4,test_07425,7425,2,car,2,car,0.14519067108631134,True,0.10899733006954193,0.09406385570764542,0.14519067108631134,0.08000427484512329,0.09112535417079926,0.08998984843492508,0.09264453500509262,0.09878354519605637,0.08605340123176575,0.11314718425273895
clip_vit_b_32_linear,patch_shuffle_4x4,test_03889,3889,5,dog,7,monkey,0.11916109174489975,False,0.08424220979213715,0.10356064140796661,0.08829417079687119,0.10800861567258835,0.1102004125714302,0.11059481650590897,0.10110949724912643,0.11916109174489975,0.08102511614561081,0.09380348771810532
clip_vit_b_32_linear,patch_shuffle_4x4,test_04308,4308,7,monkey,7,monkey,0.13445018231868744,True,0.09200393408536911,0.10147189348936081,0.08822095394134521,0.11456366628408432,0.09957373887300491,0.10245934128761292,0.09353483468294144,0.13445018231868744,0.07751188427209854,0.09620960801839828
clip_vit_b_32_linear,patch_shuffle_4x4,test_01960,1960,4,deer,5,dog,0.14873617887496948,False,0.08390091359615326,0.09391570836305618,0.08058550208806992,0.11327866464853287,0.12386609613895416,0.14873617887496948,0.10695646703243256,0.10628380626440048,0.06636220961809158,0.07611437141895294
clip_vit_b_32_linear,patch_shuffle_4x4,test_04399,4399,0,airplane,0,airplane,0.11201940476894379,True,0.11201940476894379,0.10041143000125885,0.1063414216041565,0.09395419806241989,0.09966760873794556,0.09770920127630234,0.09377055615186691,0.09898006170988083,0.0899205431342125,0.10722558945417404
clip_vit_b_32_linear,patch_shuffle_4x4,test_03191,3191,6,horse,6,horse,0.10960007458925247,True,0.09547524899244308,0.09543126821517944,0.1025553047657013,0.10050023347139359,0.09278499335050583,0.1061684787273407,0.10960007458925247,0.09830574691295624,0.09254009276628494,0.10663852840662003
clip_vit_b_32_linear,patch_shuffle_4x4,test_01626,1626,5,dog,5,dog,0.14028944075107574,True,0.07865909487009048,0.09848727285861969,0.09117642790079117,0.11826159805059433,0.1035543829202652,0.14028944075107574,0.10316493362188339,0.11386452615261078,0.07262040674686432,0.07992198318243027
clip_vit_b_32_linear,patch_shuffle_4x4,test_00176,176,3,cat,3,cat,0.15470702946186066,True,0.07744085788726807,0.10647649317979813,0.0793580487370491,0.15470702946186066,0.10458549112081528,0.11131630837917328,0.09381452947854996,0.12309631705284119,0.07253897190093994,0.07666599005460739
clip_vit_b_32_linear,patch_shuffle_4x4,test_07726,7726,6,horse,6,horse,0.16865287721157074,True,0.08133012801408768,0.08680018782615662,0.08564149588346481,0.09656070917844772,0.11143596470355988,0.1109347715973854,0.16865287721157074,0.09507349133491516,0.07597287744283676,0.08759745210409164
clip_vit_b_32_linear,patch_shuffle_4x4,test_02334,2334,5,dog,7,monkey,0.13600097596645355,False,0.08534745872020721,0.10419473797082901,0.08817411959171295,0.11108625680208206,0.11369546502828598,0.11272694170475006,0.09757271409034729,0.13600097596645355,0.06796889007091522,0.08323244750499725
clip_vit_b_32_linear,patch_shuffle_4x4,test_01648,1648,0,airplane,0,airplane,0.16802801191806793,True,0.16802801191806793,0.10009108483791351,0.0891701877117157,0.08466852456331253,0.0926753357052803,0.09637279808521271,0.07961088418960571,0.09588226675987244,0.09288723766803741,0.1006137803196907
clip_vit_b_32_linear,patch_shuffle_4x4,test_06084,6084,7,monkey,7,monkey,0.15586677193641663,True,0.08620338886976242,0.11623544245958328,0.08366576582193375,0.12463374435901642,0.10062885284423828,0.09504812955856323,0.08255941420793533,0.15586677193641663,0.07778195291757584,0.07737647742033005
clip_vit_b_32_linear,patch_shuffle_4x4,test_03455,3455,0,airplane,0,airplane,0.14912664890289307,True,0.14912664890289307,0.0992593839764595,0.09840875118970871,0.07989127188920975,0.09071086347103119,0.09254861623048782,0.08192812651395798,0.09257381409406662,0.10346315801143646,0.11208938807249069
clip_vit_b_32_linear,patch_shuffle_4x4,test_01468,1468,9,truck,9,truck,0.146804079413414,True,0.11280463635921478,0.08509804308414459,0.11866526305675507,0.0808146595954895,0.0897408053278923,0.09100355207920074,0.09277583658695221,0.08546185493469238,0.09683128446340561,0.146804079413414
clip_vit_b_32_linear,patch_shuffle_4x4,test_01296,1296,7,monkey,7,monkey,0.13547495007514954,True,0.09242413938045502,0.13510331511497498,0.08706578612327576,0.11127032339572906,0.10383479297161102,0.08825486898422241,0.08387567102909088,0.13547495007514954,0.07645264267921448,0.08624356240034103
clip_vit_b_32_linear,patch_shuffle_4x4,test_05213,5213,4,deer,4,deer,0.15347011387348175,True,0.08635184913873672,0.10688986629247665,0.08149519562721252,0.10041102766990662,0.15347011387348175,0.08972107619047165,0.11111270636320114,0.10895382612943649,0.07613372802734375,0.08546050637960434
clip_vit_b_32_linear,patch_shuffle_4x4,test_07047,7047,9,truck,9,truck,0.1615103781223297,True,0.10863468050956726,0.09237831085920334,0.10848017036914825,0.076680026948452,0.08847947418689728,0.08335232734680176,0.0913667157292366,0.08305720239877701,0.10606071352958679,0.1615103781223297
clip_vit_b_32_linear,patch_shuffle_4x4,test_05360,5360,9,truck,9,truck,0.13459253311157227,True,0.11119077354669571,0.09802936762571335,0.11534099280834198,0.08624506741762161,0.09730827063322067,0.09103560447692871,0.08861657977104187,0.08943329751491547,0.08820749074220657,0.13459253311157227
clip_vit_b_32_linear,patch_shuffle_4x4,test_05824,5824,2,car,2,car,0.1266893446445465,True,0.10863479226827621,0.09915719926357269,0.1266893446445465,0.0837620198726654,0.0976564809679985,0.08966478705406189,0.09104865044355392,0.09515085071325302,0.09219371527433395,0.11604206264019012
clip_vit_b_32_linear,patch_shuffle_4x4,test_07460,7460,8,ship,2,car,0.11713419109582901,False,0.10976213961839676,0.09940745681524277,0.11713419109582901,0.08220463246107101,0.09486275911331177,0.09160391241312027,0.09319323301315308,0.08918862789869308,0.10814604163169861,0.11449698358774185
clip_vit_b_32_linear,patch_shuffle_4x4,test_04791,4791,7,monkey,7,monkey,0.13028313219547272,True,0.08637531101703644,0.11245311051607132,0.08964268863201141,0.11496970802545547,0.11601688712835312,0.09939100593328476,0.09170113503932953,0.13028313219547272,0.07138035446405411,0.08778665214776993
clip_vit_b_32_linear,patch_shuffle_4x4,test_06692,6692,2,car,2,car,0.14366593956947327,True,0.11129758507013321,0.09428190439939499,0.14366593956947327,0.08691690862178802,0.08632487058639526,0.0891561508178711,0.085322804749012,0.09104255586862564,0.0915607213973999,0.12043055891990662
clip_vit_b_32_linear,patch_shuffle_4x4,test_06931,6931,9,truck,9,truck,0.13621389865875244,True,0.11447875201702118,0.0978638231754303,0.09423799067735672,0.08662072569131851,0.09328863769769669,0.09198878705501556,0.09335213899612427,0.09184527397155762,0.10010986030101776,0.13621389865875244
clip_vit_b_32_linear,patch_shuffle_4x4,test_00667,667,8,ship,8,ship,0.17475205659866333,True,0.12706780433654785,0.09009350091218948,0.08142556995153427,0.07845968753099442,0.09180473536252975,0.08111722767353058,0.08118782937526703,0.07944650202989578,0.17475205659866333,0.1146451011300087
clip_vit_b_32_linear,patch_shuffle_4x4,test_07781,7781,6,horse,6,horse,0.1607740819454193,True,0.07823862880468369,0.09598832577466965,0.08663300424814224,0.09591387212276459,0.11652343720197678,0.10612869262695312,0.1607740819454193,0.1049412414431572,0.07239425182342529,0.08246441930532455
clip_vit_b_32_linear,patch_shuffle_4x4,test_07793,7793,3,cat,3,cat,0.12705732882022858,True,0.09130090475082397,0.10023212432861328,0.09496203064918518,0.12705732882022858,0.0926472544670105,0.10982756316661835,0.09853055328130722,0.11843535304069519,0.07641784101724625,0.09058903902769089
clip_vit_b_32_linear,patch_shuffle_4x4,test_01411,1411,9,truck,9,truck,0.1282045990228653,True,0.1256101131439209,0.09385022521018982,0.11284404993057251,0.08087922632694244,0.0975337028503418,0.08548343181610107,0.0925055667757988,0.08751901239156723,0.09557021409273148,0.1282045990228653
clip_vit_b_32_linear,patch_shuffle_4x4,test_01473,1473,7,monkey,7,monkey,0.1646711379289627,True,0.08147493749856949,0.11275584995746613,0.0846162810921669,0.11335732042789459,0.11539628356695175,0.09037210792303085,0.0906824991106987,0.1646711379289627,0.07111448794603348,0.0755591168999672
clip_vit_b_32_linear,patch_shuffle_4x4,test_07130,7130,5,dog,4,deer,0.11696398258209229,False,0.09700311720371246,0.10158491879701614,0.09116288274526596,0.09811694920063019,0.11696398258209229,0.10716623812913895,0.10459763556718826,0.1149359866976738,0.07447564601898193,0.09399260580539703
clip_vit_b_32_linear,patch_shuffle_4x4,test_01956,1956,7,monkey,7,monkey,0.1143939346075058,True,0.08953679352998734,0.10054304450750351,0.08913731575012207,0.11369415372610092,0.10894843935966492,0.1051088497042656,0.10357467830181122,0.1143939346075058,0.07951759546995163,0.0955452099442482
clip_vit_b_32_linear,patch_shuffle_4x4,test_06716,6716,5,dog,5,dog,0.12176136672496796,True,0.0938839390873909,0.09850997477769852,0.0983118861913681,0.1028916984796524,0.09352410584688187,0.12176136672496796,0.09587693214416504,0.10963689535856247,0.08552587777376175,0.10007729381322861
clip_vit_b_32_linear,patch_shuffle_4x4,test_04106,4106,5,dog,3,cat,0.13286885619163513,False,0.08278965204954147,0.10399344563484192,0.08673930913209915,0.13286885619163513,0.10570186376571655,0.12779054045677185,0.09842085838317871,0.1149880439043045,0.06951277703046799,0.07719462364912033
clip_vit_b_32_linear,patch_shuffle_4x4,test_03494,3494,6,horse,6,horse,0.1861056238412857,True,0.08116810768842697,0.0891961008310318,0.09051956236362457,0.08961973339319229,0.11035022884607315,0.10366550832986832,0.1861056238412857,0.09086436778306961,0.07166271656751633,0.08684810996055603
clip_vit_b_32_linear,patch_shuffle_4x4,test_00691,691,4,deer,4,deer,0.1787347048521042,True,0.07631213963031769,0.11264004558324814,0.076841801404953,0.10621832311153412,0.1787347048521042,0.09030060470104218,0.10298023372888565,0.10784709453582764,0.07104703038930893,0.0770779699087143
clip_vit_b_32_linear,patch_shuffle_4x4,test_05220,5220,1,bird,3,cat,0.11414521932601929,False,0.09339116513729095,0.11344720423221588,0.09706926345825195,0.11414521932601929,0.09215109795331955,0.11040965467691422,0.09394217282533646,0.1114809438586235,0.08272171765565872,0.0912415087223053
clip_vit_b_32_linear,patch_shuffle_4x4,test_04908,4908,3,cat,3,cat,0.1589156687259674,True,0.08303309977054596,0.09960316866636276,0.08981820195913315,0.1589156687259674,0.09944945573806763,0.10982414335012436,0.09109753370285034,0.11261221766471863,0.071664959192276,0.08398158103227615
clip_vit_b_32_linear,patch_shuffle_4x4,test_07029,7029,1,bird,1,bird,0.17631776630878448,True,0.08569614589214325,0.17631776630878448,0.08373844623565674,0.09735839813947678,0.11407224833965302,0.09167768061161041,0.0819237232208252,0.12080314755439758,0.0688336119055748,0.07957888394594193
clip_vit_b_32_linear,patch_shuffle_4x4,test_04130,4130,0,airplane,0,airplane,0.1581166684627533,True,0.1581166684627533,0.09808111935853958,0.09724006801843643,0.08893607556819916,0.09074249118566513,0.09651321172714233,0.08527695387601852,0.09221318364143372,0.09069249033927917,0.10218772292137146
clip_vit_b_32_linear,patch_shuffle_4x4,test_07938,7938,9,truck,9,truck,0.1311158835887909,True,0.10335099697113037,0.09688078612089157,0.10544135421514511,0.08956567198038101,0.09249947965145111,0.08983482420444489,0.09276548773050308,0.09759891033172607,0.1009465828537941,0.1311158835887909
clip_vit_b_32_linear,patch_shuffle_4x4,test_05101,5101,5,dog,5,dog,0.13306957483291626,True,0.08485416322946548,0.09217022359371185,0.11763061583042145,0.11007828265428543,0.088912233710289,0.13306957483291626,0.10003840178251266,0.10550405830144882,0.07438811659812927,0.09335435926914215
clip_vit_b_32_linear,patch_shuffle_4x4,test_01515,1515,9,truck,9,truck,0.1309162825345993,True,0.10607339441776276,0.09496543556451797,0.1209365725517273,0.0845373347401619,0.09347802400588989,0.089658722281456,0.08668825030326843,0.09320161491632462,0.09954435378313065,0.1309162825345993
clip_vit_b_32_linear,patch_shuffle_4x4,test_03287,3287,4,deer,4,deer,0.18415571749210358,True,0.0820593312382698,0.10403737425804138,0.08007455617189407,0.09412840008735657,0.18415571749210358,0.08902952820062637,0.10665877908468246,0.10030438005924225,0.07462691515684128,0.08492498844861984
clip_vit_b_32_linear,patch_shuffle_4x4,test_00716,716,8,ship,8,ship,0.15887385606765747,True,0.1250976324081421,0.09060545265674591,0.09021596610546112,0.07812649011611938,0.08367756754159927,0.0832410603761673,0.0828525573015213,0.0895286351442337,0.15887385606765747,0.11778080463409424
clip_vit_b_32_linear,patch_shuffle_4x4,test_04236,4236,7,monkey,7,monkey,0.16547875106334686,True,0.08485515415668488,0.115727499127388,0.08283105492591858,0.11008225381374359,0.1083962544798851,0.08927472680807114,0.09397303313016891,0.16547875106334686,0.06953445822000504,0.07984673231840134
clip_vit_b_32_linear,patch_shuffle_4x4,test_05408,5408,6,horse,4,deer,0.1351250410079956,False,0.07981012016534805,0.09714791923761368,0.08145264536142349,0.1133897602558136,0.1351250410079956,0.1200222373008728,0.11581309884786606,0.10463066399097443,0.07378336042165756,0.07882513850927353
clip_vit_b_32_linear,patch_shuffle_4x4,test_05496,5496,5,dog,5,dog,0.147474005818367,True,0.08735115826129913,0.09811423718929291,0.09834430366754532,0.11068703979253769,0.09027224779129028,0.147474005818367,0.10211855173110962,0.10149610042572021,0.07790517061948776,0.08623729646205902
clip_vit_b_32_linear,patch_shuffle_4x4,test_03365,3365,4,deer,4,deer,0.13240206241607666,True,0.08624318987131119,0.09887479245662689,0.08180329203605652,0.1025327667593956,0.13240206241607666,0.12308645248413086,0.10893002897500992,0.09910198301076889,0.07805516570806503,0.08897018432617188
clip_vit_b_32_linear,patch_shuffle_4x4,test_04323,4323,3,cat,3,cat,0.12579981982707977,True,0.0923261046409607,0.09551843255758286,0.10491909086704254,0.12579981982707977,0.09151022881269455,0.10826602578163147,0.09415510296821594,0.11096798628568649,0.08144636452198029,0.09509087353944778
clip_vit_b_32_linear,patch_shuffle_4x4,test_05467,5467,4,deer,4,deer,0.16218657791614532,True,0.08514125645160675,0.10649443417787552,0.07494591921567917,0.10179131478071213,0.16218657791614532,0.09331357479095459,0.10675248503684998,0.11824250966310501,0.07079581916332245,0.08033601939678192
clip_vit_b_32_linear,patch_shuffle_4x4,test_01644,1644,5,dog,5,dog,0.14409621059894562,True,0.08623883873224258,0.10086561739444733,0.09267988055944443,0.1209527775645256,0.10361601412296295,0.14409621059894562,0.09103592485189438,0.10813803225755692,0.06994971632957458,0.0824270024895668
clip_vit_b_32_linear,patch_shuffle_4x4,test_03948,3948,8,ship,8,ship,0.13357999920845032,True,0.12043216079473495,0.09315100312232971,0.10142345726490021,0.08402343839406967,0.09001250565052032,0.08884341269731522,0.08822012692689896,0.09224294871091843,0.13357999920845032,0.10807085037231445
clip_vit_b_32_linear,patch_shuffle_4x4,test_06726,6726,7,monkey,7,monkey,0.13925610482692719,True,0.08343473821878433,0.12041070312261581,0.0821387767791748,0.12121640145778656,0.11503983289003372,0.09722959250211716,0.08771441131830215,0.13925610482692719,0.07059565931558609,0.08296377211809158
clip_vit_b_32_linear,patch_shuffle_4x4,test_05395,5395,2,car,2,car,0.15076781809329987,True,0.10245613008737564,0.0948726162314415,0.15076781809329987,0.08586961776018143,0.09355320781469345,0.08911622315645218,0.09236297011375427,0.09691466391086578,0.08398149162530899,0.11010530591011047
clip_vit_b_32_linear,patch_shuffle_4x4,test_01579,1579,7,monkey,7,monkey,0.1448829621076584,True,0.08250483125448227,0.10071530938148499,0.08788171410560608,0.1272161304950714,0.09267786145210266,0.1157347559928894,0.10159896314144135,0.1448829621076584,0.07261645793914795,0.07417097687721252
clip_vit_b_32_linear,patch_shuffle_4x4,test_05918,5918,0,airplane,0,airplane,0.15921549499034882,True,0.15921549499034882,0.0950264111161232,0.09936913847923279,0.08163373917341232,0.08637364953756332,0.08870363235473633,0.07934504747390747,0.09387294948101044,0.10287526249885559,0.11358463764190674
clip_vit_b_32_linear,patch_shuffle_4x4,test_07041,7041,5,dog,5,dog,0.14378762245178223,True,0.08405956625938416,0.09248580038547516,0.09371598064899445,0.11684321612119675,0.09371239691972733,0.14378762245178223,0.10557936131954193,0.10125507414340973,0.08055917918682098,0.08800175786018372
clip_vit_b_32_linear,patch_shuffle_4x4,test_00506,506,4,deer,7,monkey,0.11724180728197098,False,0.09134971350431442,0.10837744921445847,0.09157196432352066,0.10762674361467361,0.10887698829174042,0.10622183978557587,0.09441208094358444,0.11724180728197098,0.07882923632860184,0.09549225866794586
clip_vit_b_32_linear,patch_shuffle_4x4,test_04011,4011,6,horse,6,horse,0.16187088191509247,True,0.09692065417766571,0.08840546011924744,0.091602623462677,0.09151918441057205,0.10124928504228592,0.11351732909679413,0.16187088191509247,0.08923863619565964,0.07729614526033401,0.08837977796792984
clip_vit_b_32_linear,patch_shuffle_4x4,test_05981,5981,9,truck,9,truck,0.12568455934524536,True,0.10505110770463943,0.0969555452466011,0.11448927968740463,0.09405680745840073,0.0909481793642044,0.09164728224277496,0.09393830597400665,0.09502442926168442,0.0922045037150383,0.12568455934524536
clip_vit_b_32_linear,patch_shuffle_4x4,test_00409,409,2,car,2,car,0.1346384584903717,True,0.10400699079036713,0.09389377385377884,0.1346384584903717,0.091274693608284,0.09813934564590454,0.08914230763912201,0.08881829679012299,0.09497769176959991,0.08699491620063782,0.11811349540948868
clip_vit_b_32_linear,patch_shuffle_4x4,test_06954,6954,1,bird,1,bird,0.1681768298149109,True,0.09031909704208374,0.1681768298149109,0.0750800371170044,0.12172001600265503,0.10361547768115997,0.09002479910850525,0.08056187629699707,0.11799821257591248,0.07160720974206924,0.08089639991521835
clip_vit_b_32_linear,patch_shuffle_4x4,test_07555,7555,6,horse,6,horse,0.15628184378147125,True,0.08630531281232834,0.09533323347568512,0.08594336360692978,0.09743623435497284,0.10789418965578079,0.10961967706680298,0.15628184378147125,0.0948408916592598,0.07870335876941681,0.08764195442199707
clip_vit_b_32_linear,patch_shuffle_4x4,test_03965,3965,0,airplane,0,airplane,0.1768108457326889,True,0.1768108457326889,0.09776901453733444,0.09093045443296432,0.07587757706642151,0.09226369112730026,0.08992614597082138,0.07731159031391144,0.09112223982810974,0.10386814922094345,0.10412028431892395
clip_vit_b_32_linear,patch_shuffle_4x4,test_07266,7266,9,truck,9,truck,0.13889358937740326,True,0.10504427552223206,0.10110671073198318,0.10888617485761642,0.0867626965045929,0.10018250346183777,0.08276890218257904,0.09159357845783234,0.09563513845205307,0.08912649005651474,0.13889358937740326
clip_vit_b_32_linear,patch_shuffle_4x4,test_04785,4785,0,airplane,0,airplane,0.18166354298591614,True,0.18166354298591614,0.08863251656293869,0.09821213781833649,0.08125603199005127,0.08460523933172226,0.0836581215262413,0.080520398914814,0.08926408737897873,0.10342413187026978,0.10876374691724777
clip_vit_b_32_linear,patch_shuffle_4x4,test_06028,6028,2,car,2,car,0.13490265607833862,True,0.1084902361035347,0.0919840931892395,0.13490265607833862,0.09011063724756241,0.09064614027738571,0.09249167889356613,0.08681319653987885,0.0968603640794754,0.09006983786821365,0.11763106286525726
clip_vit_b_32_linear,patch_shuffle_4x4,test_06503,6503,2,car,2,car,0.1419987976551056,True,0.10860256850719452,0.0929349809885025,0.1419987976551056,0.08874369412660599,0.09370758384466171,0.08946792781352997,0.08873726427555084,0.094134122133255,0.08638333529233932,0.11528980731964111
clip_vit_b_32_linear,patch_shuffle_4x4,test_06414,6414,5,dog,3,cat,0.13392019271850586,False,0.08579407632350922,0.09579793363809586,0.09370632469654083,0.13392019271850586,0.08708209544420242,0.12834365665912628,0.09899219870567322,0.1081777960062027,0.07758402079343796,0.09060164541006088
clip_vit_b_32_linear,patch_shuffle_4x4,test_05382,5382,6,horse,6,horse,0.1346677839756012,True,0.09332548081874847,0.09380075335502625,0.10157950222492218,0.08937839418649673,0.10507211089134216,0.09604394435882568,0.1346677839756012,0.09983810782432556,0.08571292459964752,0.10058102756738663
clip_vit_b_32_linear,patch_shuffle_4x4,test_06836,6836,1,bird,1,bird,0.1728687435388565,True,0.09387136995792389,0.1728687435388565,0.08571445941925049,0.09607014060020447,0.10489150881767273,0.09067615121603012,0.08276587724685669,0.11476155370473862,0.0755276158452034,0.08285262435674667
clip_vit_b_32_linear,patch_shuffle_4x4,test_06508,6508,4,deer,4,deer,0.13562975823879242,True,0.08601132780313492,0.09789850562810898,0.086148202419281,0.09631699323654175,0.13562975823879242,0.09402333945035934,0.1263689398765564,0.10788314044475555,0.07885616272687912,0.09086370468139648
clip_vit_b_32_linear,patch_shuffle_4x4,test_03994,3994,4,deer,4,deer,0.14543017745018005,True,0.07979130744934082,0.11308117210865021,0.08346374332904816,0.11867208778858185,0.14543017745018005,0.09392867237329483,0.09454367309808731,0.1220574751496315,0.07045396417379379,0.0785776749253273
clip_vit_b_32_linear,patch_shuffle_4x4,test_03942,3942,9,truck,9,truck,0.14810512959957123,True,0.11116288602352142,0.09853290766477585,0.11742328107357025,0.0775444358587265,0.08912870287895203,0.08432386815547943,0.08969536423683167,0.0938611626625061,0.09022223204374313,0.14810512959957123
clip_vit_b_32_linear,patch_shuffle_4x4,test_03542,3542,7,monkey,7,monkey,0.15764303505420685,True,0.07947319746017456,0.11627836525440216,0.08085643500089645,0.1268591731786728,0.10768065601587296,0.10033392161130905,0.08563827723264694,0.15764303505420685,0.06499437242746353,0.08024252951145172
clip_vit_b_32_linear,patch_shuffle_4x4,test_06952,6952,3,cat,3,cat,0.15437766909599304,True,0.08318944275379181,0.10518171638250351,0.09047999233007431,0.15437766909599304,0.09186813235282898,0.11854831874370575,0.0906444862484932,0.10700051486492157,0.07474011182785034,0.08396969735622406
clip_vit_b_32_linear,patch_shuffle_4x4,test_04290,4290,5,dog,5,dog,0.12388059496879578,True,0.08324325084686279,0.10488396883010864,0.0761384516954422,0.10698046535253525,0.11965681612491608,0.12388059496879578,0.11854712665081024,0.10683035850524902,0.07507849484682083,0.08476053923368454
clip_vit_b_32_linear,patch_shuffle_4x4,test_07446,7446,8,ship,8,ship,0.1587817370891571,True,0.11473920941352844,0.08763433247804642,0.09741444140672684,0.08231392502784729,0.08691945672035217,0.08389054983854294,0.08577445149421692,0.08711478859186172,0.1587817370891571,0.11541707813739777
clip_vit_b_32_linear,patch_shuffle_4x4,test_06169,6169,1,bird,1,bird,0.1173316165804863,True,0.10885453224182129,0.1173316165804863,0.09066938608884811,0.09293486922979355,0.09700068831443787,0.09870700538158417,0.09598550200462341,0.1010952815413475,0.09467127174139023,0.10274991393089294
clip_vit_b_32_linear,patch_shuffle_4x4,test_01109,1109,1,bird,1,bird,0.14167001843452454,True,0.10009054094552994,0.14167001843452454,0.08457886427640915,0.09787596762180328,0.10808761417865753,0.09735572338104248,0.09300646930932999,0.10927822440862656,0.07784577459096909,0.09021076560020447
clip_vit_b_32_linear,patch_shuffle_4x4,test_03179,3179,4,deer,4,deer,0.17951174080371857,True,0.07800229638814926,0.09683670848608017,0.08406762778759003,0.10765533894300461,0.17951174080371857,0.09611845761537552,0.09975965321063995,0.09617394208908081,0.07492893189191818,0.08694534003734589
clip_vit_b_32_linear,patch_shuffle_4x4,test_07835,7835,7,monkey,7,monkey,0.13865220546722412,True,0.09049121290445328,0.12713803350925446,0.08396344631910324,0.1097361147403717,0.11261914670467377,0.09117049723863602,0.0866485983133316,0.13865220546722412,0.07651146501302719,0.08306930214166641
clip_vit_b_32_linear,patch_shuffle_4x4,test_07390,7390,1,bird,1,bird,0.1656273603439331,True,0.09909851104021072,0.1656273603439331,0.07593990117311478,0.09787894040346146,0.1126331239938736,0.09295552968978882,0.08571340888738632,0.10999444127082825,0.07718880474567413,0.08296991884708405
clip_vit_b_32_linear,patch_shuffle_4x4,test_00568,568,5,dog,3,cat,0.14401359856128693,False,0.08219491690397263,0.09780248254537582,0.09336764365434647,0.14401359856128693,0.09267491102218628,0.12401412427425385,0.09874705225229263,0.10882235318422318,0.07421629130840302,0.0841466560959816
clip_vit_b_32_linear,patch_shuffle_4x4,test_04629,4629,4,deer,4,deer,0.16270674765110016,True,0.08259869366884232,0.11120731383562088,0.07761441916227341,0.1194959208369255,0.16270674765110016,0.08736385405063629,0.08888298273086548,0.1146620661020279,0.07318412512540817,0.0822838842868805
clip_vit_b_32_linear,patch_shuffle_4x4,test_07138,7138,8,ship,8,ship,0.1462506651878357,True,0.1432468444108963,0.08992935717105865,0.08954004943370819,0.08045997470617294,0.08891433477401733,0.08364981412887573,0.0850398987531662,0.08298470079898834,0.1462506651878357,0.1099843755364418
clip_vit_b_32_linear,patch_shuffle_4x4,test_05284,5284,9,truck,9,truck,0.1693066954612732,True,0.10322937369346619,0.09576230496168137,0.10302547365427017,0.07757540792226791,0.09567692130804062,0.08216609060764313,0.08875499665737152,0.08467832207679749,0.09982448071241379,0.1693066954612732
clip_vit_b_32_linear,patch_shuffle_4x4,test_00003,3,0,airplane,0,airplane,0.17002585530281067,True,0.17002585530281067,0.08931216597557068,0.09731065481901169,0.0783490464091301,0.08226713538169861,0.08442230522632599,0.07968016713857651,0.0895528718829155,0.11097804456949234,0.11810173094272614
clip_vit_b_32_linear,patch_shuffle_4x4,test_02690,2690,1,bird,1,bird,0.14949172735214233,True,0.0991697758436203,0.14949172735214233,0.08854848146438599,0.09626197069883347,0.1101115345954895,0.08887820690870285,0.08410604298114777,0.11283255368471146,0.07927291095256805,0.09132678061723709
clip_vit_b_32_linear,patch_shuffle_4x4,test_05858,5858,6,horse,4,deer,0.12210357189178467,False,0.08607711642980576,0.10066504776477814,0.08935132622718811,0.10146404057741165,0.12210357189178467,0.10199902951717377,0.11952892690896988,0.11142034083604813,0.0766604095697403,0.09073026478290558
clip_vit_b_32_linear,patch_shuffle_4x4,test_01266,1266,4,deer,4,deer,0.17676706612110138,True,0.07601825892925262,0.10930255055427551,0.07234860211610794,0.11329366266727448,0.17676706612110138,0.09529061615467072,0.0998646467924118,0.1162993460893631,0.06751631200313568,0.07329889386892319
clip_vit_b_32_linear,patch_shuffle_4x4,test_03034,3034,4,deer,4,deer,0.17361293733119965,True,0.07192571461200714,0.11353874206542969,0.07303895801305771,0.11614682525396347,0.17361293733119965,0.09558652341365814,0.10375820845365524,0.11510458588600159,0.06410474330186844,0.07318273931741714
clip_vit_b_32_linear,patch_shuffle_4x4,test_02655,2655,9,truck,9,truck,0.15014392137527466,True,0.11146549135446548,0.09112996608018875,0.10858958959579468,0.08248128741979599,0.09042012691497803,0.08669527620077133,0.09016511589288712,0.08615808933973312,0.10275112837553024,0.15014392137527466
clip_vit_b_32_linear,patch_shuffle_4x4,test_06190,6190,7,monkey,7,monkey,0.14627768099308014,True,0.08300969749689102,0.11906135827302933,0.0814412385225296,0.1113172173500061,0.12266211211681366,0.09545191377401352,0.09290860593318939,0.14627768099308014,0.06862886995077133,0.0792413055896759
clip_vit_b_32_linear,patch_shuffle_4x4,test_04170,4170,8,ship,8,ship,0.15319830179214478,True,0.11984118819236755,0.09373322129249573,0.08870173245668411,0.08012588322162628,0.08991381525993347,0.08601638674736023,0.07996989786624908,0.0844142809510231,0.15319830179214478,0.1240851953625679
clip_vit_b_32_linear,patch_shuffle_4x4,test_07380,7380,9,truck,9,truck,0.15026186406612396,True,0.10191553831100464,0.09240058809518814,0.12622307240962982,0.07695658504962921,0.08804541081190109,0.08379517495632172,0.09474547952413559,0.08481450378894806,0.10084179788827896,0.15026186406612396
clip_vit_b_32_linear,patch_shuffle_4x4,test_07752,7752,9,truck,9,truck,0.14523224532604218,True,0.11175741255283356,0.08752577006816864,0.11595966666936874,0.08100572228431702,0.0937962457537651,0.08679809421300888,0.0935518741607666,0.0886143147945404,0.0957585871219635,0.14523224532604218
clip_vit_b_32_linear,patch_shuffle_4x4,test_03996,3996,9,truck,9,truck,0.11158385127782822,True,0.09763700515031815,0.09755001217126846,0.10572118312120438,0.10111170262098312,0.09558029472827911,0.10293420404195786,0.09706833958625793,0.09742923080921173,0.09338413923978806,0.11158385127782822
clip_vit_b_32_linear,patch_shuffle_4x4,test_01204,1204,3,cat,1,bird,0.12719805538654327,False,0.09301819652318954,0.12719805538654327,0.09591406583786011,0.11457595974206924,0.10203343629837036,0.09711060672998428,0.08620035648345947,0.10990025103092194,0.07779446244239807,0.09625458717346191
clip_vit_b_32_linear,patch_shuffle_4x4,test_01654,1654,9,truck,9,truck,0.16390861570835114,True,0.10340196639299393,0.0856446772813797,0.10999003052711487,0.07917619496583939,0.08804609626531601,0.08607055991888046,0.09297151118516922,0.08566005527973175,0.10513030737638474,0.16390861570835114
clip_vit_b_32_linear,patch_shuffle_4x4,test_04746,4746,6,horse,6,horse,0.14286941289901733,True,0.07540667802095413,0.09511487185955048,0.08554309606552124,0.09947778284549713,0.1306055188179016,0.11408358812332153,0.14286941289901733,0.10894258320331573,0.06962142139673233,0.07833503931760788
clip_vit_b_32_linear,patch_shuffle_4x4,test_04590,4590,3,cat,3,cat,0.15641407668590546,True,0.08279287815093994,0.09777402877807617,0.08594638109207153,0.15641407668590546,0.09284317493438721,0.11687730252742767,0.09650736302137375,0.10402673482894897,0.07682955265045166,0.08998855948448181
clip_vit_b_32_linear,patch_shuffle_4x4,test_00562,562,0,airplane,0,airplane,0.14122964441776276,True,0.14122964441776276,0.10063621401786804,0.10460366308689117,0.08380961418151855,0.0903545394539833,0.09112174063920975,0.08504538983106613,0.09723937511444092,0.09901292622089386,0.10694693773984909
clip_vit_b_32_linear,patch_shuffle_4x4,test_07108,7108,6,horse,6,horse,0.14915218949317932,True,0.0844460055232048,0.09556856006383896,0.08588181436061859,0.09433519095182419,0.11047332733869553,0.11566215008497238,0.14915218949317932,0.0994037613272667,0.07704039663076401,0.08803658187389374
clip_vit_b_32_linear,patch_shuffle_4x4,test_05999,5999,0,airplane,0,airplane,0.11656908690929413,True,0.11656908690929413,0.10450079292058945,0.10184799879789352,0.10045234858989716,0.09722495079040527,0.10077668726444244,0.0883151963353157,0.10645907372236252,0.08618776500225067,0.09766607731580734
clip_vit_b_32_linear,patch_shuffle_4x4,test_01403,1403,2,car,2,car,0.1434078961610794,True,0.10637764632701874,0.09160061925649643,0.1434078961610794,0.09111770987510681,0.09032034128904343,0.0891285389661789,0.08920536190271378,0.09140101820230484,0.09088226407766342,0.11655859649181366
clip_vit_b_32_linear,patch_shuffle_4x4,test_04403,4403,7,monkey,7,monkey,0.13896173238754272,True,0.08435175567865372,0.10608766227960587,0.07906483113765717,0.10432180762290955,0.13600917160511017,0.09505746513605118,0.10293058305978775,0.13896173238754272,0.0698099285364151,0.08340508490800858
clip_vit_b_32_linear,patch_shuffle_4x4,test_06332,6332,2,car,2,car,0.1331566572189331,True,0.11366941034793854,0.09049788117408752,0.1331566572189331,0.08472815155982971,0.0950343906879425,0.09031064808368683,0.09136109799146652,0.0860505998134613,0.09129917621612549,0.12389214336872101
clip_vit_b_32_linear,patch_shuffle_4x4,test_06264,6264,2,car,2,car,0.1480993777513504,True,0.10148271918296814,0.08780672401189804,0.1480993777513504,0.08707281947135925,0.09246493875980377,0.09012522548437119,0.09141439199447632,0.09554536640644073,0.08968790620565414,0.11630044132471085
clip_vit_b_32_linear,patch_shuffle_4x4,test_00303,303,9,truck,9,truck,0.16686271131038666,True,0.1042696014046669,0.09174875169992447,0.10319926589727402,0.07534490525722504,0.09408393502235413,0.08468388766050339,0.09407515078783035,0.08016274869441986,0.10556907206773758,0.16686271131038666
clip_vit_b_32_linear,patch_shuffle_4x4,test_00791,791,3,cat,3,cat,0.15612949430942535,True,0.0829629898071289,0.09856712073087692,0.08728794753551483,0.15612949430942535,0.09068574011325836,0.1174410805106163,0.09871827811002731,0.10585953295230865,0.07483210414648056,0.08751563727855682
clip_vit_b_32_linear,patch_shuffle_4x4,test_03067,3067,2,car,2,car,0.14195986092090607,True,0.11167755722999573,0.09523685276508331,0.14195986092090607,0.0873982161283493,0.0940251275897026,0.09084014594554901,0.09014677256345749,0.09123755246400833,0.08707146346569061,0.11040647327899933
clip_vit_b_32_linear,patch_shuffle_4x4,test_00484,484,0,airplane,0,airplane,0.1887887865304947,True,0.1887887865304947,0.09470847994089127,0.09302089363336563,0.07732531428337097,0.08071177452802658,0.08402988314628601,0.07278396189212799,0.08841316401958466,0.11963795125484467,0.10057976096868515
clip_vit_b_32_linear,patch_shuffle_4x4,test_01370,1370,3,cat,3,cat,0.15371765196323395,True,0.08328323811292648,0.09270236641168594,0.09257672727108002,0.15371765196323395,0.0858820304274559,0.12423590570688248,0.09852530807256699,0.10297401994466782,0.07857565581798553,0.08752727508544922
clip_vit_b_32_linear,patch_shuffle_4x4,test_04069,4069,8,ship,9,truck,0.11935822665691376,False,0.11916877329349518,0.09924615174531937,0.10216262191534042,0.08802169561386108,0.09543490409851074,0.09082143008708954,0.08543567359447479,0.09556479007005692,0.10478565841913223,0.11935822665691376
clip_vit_b_32_linear,patch_shuffle_4x4,test_07373,7373,0,airplane,0,airplane,0.14521647989749908,True,0.14521647989749908,0.09468285739421844,0.1102316752076149,0.0820813700556755,0.08838397264480591,0.08724483102560043,0.08807415515184402,0.09320352971553802,0.09959947317838669,0.11128167062997818
clip_vit_b_32_linear,patch_shuffle_4x4,test_04330,4330,3,cat,4,deer,0.13689041137695312,False,0.08381696045398712,0.1106867641210556,0.08268457651138306,0.11605191230773926,0.13689041137695312,0.10429216176271439,0.09342250972986221,0.11936352401971817,0.0714184120297432,0.08137287199497223
clip_vit_b_32_linear,patch_shuffle_4x4,test_05701,5701,5,dog,3,cat,0.14566175639629364,False,0.08324902504682541,0.09420657157897949,0.09239782392978668,0.14566175639629364,0.0961572602391243,0.12404970824718475,0.092746302485466,0.12159851938486099,0.06920716911554337,0.08072590827941895
clip_vit_b_32_linear,patch_shuffle_4x4,test_07465,7465,0,airplane,0,airplane,0.1688898801803589,True,0.1688898801803589,0.09928347915410995,0.0923958569765091,0.0837259292602539,0.09158051013946533,0.09063524007797241,0.07853705435991287,0.09738883376121521,0.09807814657688141,0.09948505461215973
clip_vit_b_32_linear,patch_shuffle_4x4,test_01531,1531,3,cat,4,deer,0.13390995562076569,False,0.07751110941171646,0.10091596841812134,0.07746875286102295,0.12397509813308716,0.13390995562076569,0.11808766424655914,0.11023309081792831,0.11393264681100845,0.06739824265241623,0.07656744867563248
clip_vit_b_32_linear,patch_shuffle_4x4,test_04676,4676,8,ship,8,ship,0.14389702677726746,True,0.11697062849998474,0.09492143988609314,0.10081727802753448,0.0798669159412384,0.0894230529665947,0.0842791274189949,0.08547397702932358,0.08933587372303009,0.14389702677726746,0.11501467227935791
clip_vit_b_32_linear,patch_shuffle_4x4,test_04531,4531,3,cat,4,deer,0.15050849318504333,False,0.0822184681892395,0.10837873816490173,0.07679639011621475,0.11622012406587601,0.15050849318504333,0.09628282487392426,0.09585560113191605,0.12552085518836975,0.06917796283960342,0.07904050499200821
clip_vit_b_32_linear,patch_shuffle_4x4,test_00706,706,8,ship,8,ship,0.11679111421108246,True,0.1144750788807869,0.10110535472631454,0.10795735567808151,0.08856195211410522,0.08554990589618683,0.09013112634420395,0.08943476527929306,0.09908928722143173,0.11679111421108246,0.10690411925315857
clip_vit_b_32_linear,patch_shuffle_4x4,test_02844,2844,8,ship,0,airplane,0.1368815004825592,False,0.1368815004825592,0.0952083170413971,0.09611303359270096,0.08036055415868759,0.08810071647167206,0.08525975048542023,0.08291000127792358,0.09060747921466827,0.13566596806049347,0.10889266431331635
clip_vit_b_32_linear,patch_shuffle_4x4,test_03755,3755,2,car,2,car,0.1446554809808731,True,0.10572432726621628,0.09462196379899979,0.1446554809808731,0.08469659835100174,0.0980912446975708,0.08680582046508789,0.09084721654653549,0.09367084503173828,0.08548463135957718,0.11540196090936661
clip_vit_b_32_linear,patch_shuffle_4x4,test_05848,5848,7,monkey,7,monkey,0.15471436083316803,True,0.08775896579027176,0.14416608214378357,0.08134395629167557,0.10682655870914459,0.11204870790243149,0.08187198638916016,0.07871473580598831,0.15471436083316803,0.07438705116510391,0.07816759496927261
clip_vit_b_32_linear,patch_shuffle_4x4,test_02114,2114,9,truck,9,truck,0.15431205928325653,True,0.1115298792719841,0.08629626035690308,0.11195190995931625,0.08108788728713989,0.09159132093191147,0.08732300251722336,0.09415771067142487,0.08320193737745285,0.09854807704687119,0.15431205928325653
clip_vit_b_32_linear,patch_shuffle_4x4,test_03876,3876,0,airplane,0,airplane,0.16681261360645294,True,0.16681261360645294,0.08776590973138809,0.10287551581859589,0.07596559077501297,0.08616653829813004,0.0808679461479187,0.08790644258260727,0.0872645303606987,0.1002640649676323,0.1241108626127243
clip_vit_b_32_linear,patch_shuffle_4x4,test_00677,677,3,cat,3,cat,0.16378822922706604,True,0.07706628739833832,0.095308817923069,0.08862408995628357,0.16378822922706604,0.08483310043811798,0.1254054605960846,0.09874372184276581,0.10523717850446701,0.07730860263109207,0.08368449658155441
clip_vit_b_32_linear,patch_shuffle_4x4,test_02116,2116,1,bird,1,bird,0.14262786507606506,True,0.09291224181652069,0.14262786507606506,0.0838683694601059,0.12660303711891174,0.10142049938440323,0.09402596205472946,0.08184774219989777,0.11782648414373398,0.06998208910226822,0.08888562768697739
clip_vit_b_32_linear,patch_shuffle_4x4,test_04661,4661,7,monkey,7,monkey,0.1390203833580017,True,0.08143392950296402,0.12050922214984894,0.08649163693189621,0.13480766117572784,0.10518055409193039,0.10217034071683884,0.08215852826833725,0.1390203833580017,0.067792609333992,0.0804351270198822
clip_vit_b_32_linear,patch_shuffle_4x4,test_02676,2676,6,horse,6,horse,0.11332257091999054,True,0.0906125158071518,0.0912432074546814,0.1029677614569664,0.10026459395885468,0.10095053166151047,0.11216625571250916,0.11332257091999054,0.1036636084318161,0.08500368893146515,0.09980522841215134
clip_vit_b_32_linear,patch_shuffle_4x4,test_03025,3025,0,airplane,2,car,0.11336144059896469,False,0.1048966497182846,0.1021222248673439,0.11336144059896469,0.09370271116495132,0.09537924081087112,0.09830374270677567,0.09946809709072113,0.09806723147630692,0.08746194839477539,0.10723669826984406
clip_vit_b_32_linear,patch_shuffle_4x4,test_04449,4449,9,truck,9,truck,0.1283724009990692,True,0.11301281303167343,0.09192962944507599,0.1183818131685257,0.08450239896774292,0.09462876617908478,0.09050174057483673,0.09367402642965317,0.08898314088582993,0.09601334482431412,0.1283724009990692
clip_vit_b_32_linear,patch_shuffle_4x4,test_00977,977,6,horse,6,horse,0.15460924804210663,True,0.07813506573438644,0.09094830602407455,0.08460772037506104,0.10551124066114426,0.10339457541704178,0.11841282248497009,0.15460924804210663,0.09635163843631744,0.07943956553936005,0.08858981728553772
clip_vit_b_32_linear,patch_shuffle_4x4,test_04990,4990,8,ship,8,ship,0.12156219035387039,True,0.11306462436914444,0.09248513728380203,0.10612296313047409,0.08600190281867981,0.09043322503566742,0.08780311793088913,0.09336298704147339,0.0933123305439949,0.12156219035387039,0.11585155874490738
clip_vit_b_32_linear,patch_shuffle_4x4,test_07309,7309,0,airplane,0,airplane,0.1580783873796463,True,0.1580783873796463,0.09805483371019363,0.10710488259792328,0.08084970712661743,0.08753959089517593,0.08683173358440399,0.07756781578063965,0.09343745559453964,0.1045488640666008,0.10598666220903397
clip_vit_b_32_linear,patch_shuffle_4x4,test_01048,1048,7,monkey,1,bird,0.1141316369175911,False,0.10016033053398132,0.1141316369175911,0.0904688835144043,0.1033770889043808,0.11072639375925064,0.09460677206516266,0.09062709659337997,0.11378262937068939,0.0823005810379982,0.09981857240200043
clip_vit_b_32_linear,patch_shuffle_4x4,test_03276,3276,3,cat,3,cat,0.12099532783031464,True,0.079466313123703,0.10246424376964569,0.08132671564817429,0.12099532783031464,0.11788742244243622,0.11700601875782013,0.10856390744447708,0.11963365972042084,0.07235239446163177,0.08030407875776291
clip_vit_b_32_linear,patch_shuffle_4x4,test_05512,5512,2,car,9,truck,0.11106692999601364,False,0.10664509981870651,0.09654074907302856,0.11009470373392105,0.08881575614213943,0.09580888599157333,0.09493160992860794,0.09776381403207779,0.09990335255861282,0.0984291210770607,0.11106692999601364
clip_vit_b_32_linear,patch_shuffle_4x4,test_07692,7692,4,deer,4,deer,0.14521424472332,True,0.09066476672887802,0.10688939690589905,0.08701880276203156,0.10003190487623215,0.14521424472332,0.09685846418142319,0.09584766626358032,0.10441012680530548,0.0796276330947876,0.09343696385622025
clip_vit_b_32_linear,patch_shuffle_4x4,test_01436,1436,1,bird,1,bird,0.17860166728496552,True,0.09130169451236725,0.17860166728496552,0.07954547554254532,0.09299002587795258,0.11268699169158936,0.08958087116479874,0.08607087284326553,0.11582199484109879,0.07426990568637848,0.07913046330213547
clip_vit_b_32_linear,patch_shuffle_4x4,test_07544,7544,9,truck,9,truck,0.15557928383350372,True,0.1224813461303711,0.08303357660770416,0.10955561697483063,0.08137738704681396,0.08902309089899063,0.08943156152963638,0.09004479646682739,0.0781777948141098,0.10129551589488983,0.15557928383350372
clip_vit_b_32_linear,patch_shuffle_4x4,test_03383,3383,3,cat,3,cat,0.1434837430715561,True,0.08301305770874023,0.11323051899671555,0.08562418073415756,0.1434837430715561,0.11108487099409103,0.09605054557323456,0.08814578503370285,0.11703316122293472,0.07511775195598602,0.08721624314785004
clip_vit_b_32_linear,patch_shuffle_4x4,test_01977,1977,0,airplane,0,airplane,0.16484245657920837,True,0.16484245657920837,0.0975208431482315,0.09738036245107651,0.08358126133680344,0.0930735170841217,0.09389469027519226,0.07934970408678055,0.09511048346757889,0.09392417967319489,0.10132250189781189
clip_vit_b_32_linear,patch_shuffle_4x4,test_02750,2750,0,airplane,0,airplane,0.1285029798746109,True,0.1285029798746109,0.09707695990800858,0.09246698021888733,0.0805380791425705,0.099017433822155,0.09058532118797302,0.09336744993925095,0.09155409038066864,0.11498047411441803,0.11191026866436005
clip_vit_b_32_linear,patch_shuffle_4x4,test_07996,7996,6,horse,6,horse,0.15801088511943817,True,0.08875632286071777,0.0845990926027298,0.09201100468635559,0.09097611159086227,0.1063942164182663,0.11079426109790802,0.15801088511943817,0.09103026986122131,0.08528312295675278,0.092144675552845
clip_vit_b_32_linear,patch_shuffle_4x4,test_06989,6989,5,dog,7,monkey,0.1231185719370842,False,0.08193692564964294,0.09864825755357742,0.08834787458181381,0.12305593490600586,0.10890258103609085,0.11685187369585037,0.10112998634576797,0.1231185719370842,0.07378310710191727,0.0842248722910881
clip_vit_b_32_linear,patch_shuffle_4x4,test_01431,1431,3,cat,3,cat,0.14621660113334656,True,0.08451055735349655,0.09774801880121231,0.09098266065120697,0.14621660113334656,0.08662121742963791,0.1235886737704277,0.09949325770139694,0.10648560523986816,0.07916352897882462,0.08518978953361511
clip_vit_b_32_linear,patch_shuffle_4x4,test_07416,7416,3,cat,3,cat,0.12903931736946106,True,0.08756682276725769,0.10190518200397491,0.09427977353334427,0.12903931736946106,0.09560544788837433,0.11310779303312302,0.09797259420156479,0.10398992151021957,0.07954846322536469,0.09698470681905746
clip_vit_b_32_linear,patch_shuffle_4x4,test_04547,4547,5,dog,5,dog,0.15486179292201996,True,0.08287101984024048,0.09201795607805252,0.09379759430885315,0.12328267097473145,0.08284672349691391,0.15486179292201996,0.097408227622509,0.10484112799167633,0.07861629128456116,0.08945654332637787
clip_vit_b_32_linear,patch_shuffle_4x4,test_00042,42,0,airplane,0,airplane,0.1109289675951004,True,0.1109289675951004,0.10599294304847717,0.09886502474546432,0.09336358308792114,0.09708014875650406,0.09725957363843918,0.09234792739152908,0.10469111055135727,0.0960320383310318,0.10343872010707855
clip_vit_b_32_linear,patch_shuffle_4x4,test_05117,5117,0,airplane,0,airplane,0.14758887887001038,True,0.14758887887001038,0.12029668688774109,0.09150081127882004,0.08463816344738007,0.09603484719991684,0.09464534372091293,0.08037643134593964,0.0951099544763565,0.09484782069921494,0.09496116638183594
clip_vit_b_32_linear,patch_shuffle_4x4,test_04411,4411,6,horse,6,horse,0.1165848970413208,True,0.09978985041379929,0.09092272073030472,0.1013062596321106,0.09663425385951996,0.10391779989004135,0.10733320564031601,0.1165848970413208,0.09598151594400406,0.08437196910381317,0.10315753519535065
clip_vit_b_32_linear,patch_shuffle_4x4,test_05789,5789,4,deer,4,deer,0.12757514417171478,True,0.08909919112920761,0.10742557048797607,0.08751974254846573,0.10974553972482681,0.12757514417171478,0.09752979129552841,0.09262443333864212,0.11813636869192123,0.07791928946971893,0.09242500364780426
clip_vit_b_32_linear,patch_shuffle_4x4,test_00483,483,2,car,2,car,0.13871808350086212,True,0.10316850990056992,0.09583928436040878,0.13871808350086212,0.08486538380384445,0.0894337147474289,0.08930220454931259,0.0931515172123909,0.09442058205604553,0.08879642188549042,0.1223042830824852
clip_vit_b_32_linear,patch_shuffle_4x4,test_06650,6650,7,monkey,7,monkey,0.1426534652709961,True,0.09149901568889618,0.11509820818901062,0.08119691908359528,0.10721741616725922,0.10381083190441132,0.09452799707651138,0.09424059838056564,0.1426534652709961,0.07938329875469208,0.09037227183580399
clip_vit_b_32_linear,patch_shuffle_4x4,test_04881,4881,3,cat,1,bird,0.1537104994058609,False,0.08951041847467422,0.1537104994058609,0.07780710607767105,0.126856729388237,0.11068955808877945,0.08431986719369888,0.0743938684463501,0.13470491766929626,0.07150423526763916,0.07650282979011536
clip_vit_b_32_linear,patch_shuffle_4x4,test_00391,391,3,cat,3,cat,0.1438828408718109,True,0.08250820636749268,0.11219896376132965,0.07596604526042938,0.1438828408718109,0.11875701695680618,0.11608723551034927,0.09264316409826279,0.10345315933227539,0.07434216886758804,0.08016122877597809
clip_vit_b_32_linear,patch_shuffle_4x4,test_00370,370,7,monkey,7,monkey,0.15255235135555267,True,0.0866369903087616,0.12282691150903702,0.08470072597265244,0.11336132884025574,0.10740320384502411,0.0889778584241867,0.08562185615301132,0.15255235135555267,0.07390443980693817,0.08401428908109665
clip_vit_b_32_linear,patch_shuffle_4x4,test_00419,419,9,truck,9,truck,0.13375556468963623,True,0.11337985843420029,0.0960647240281105,0.12172242999076843,0.0788334384560585,0.0924634039402008,0.08929666131734848,0.09677096456289291,0.08798523247241974,0.08972776681184769,0.13375556468963623
clip_vit_b_32_linear,patch_shuffle_4x4,test_03318,3318,9,truck,9,truck,0.12209948897361755,True,0.10094273835420609,0.09962131083011627,0.11110102385282516,0.09108399599790573,0.09341279417276382,0.09500357508659363,0.09623336791992188,0.09656219184398651,0.09393958747386932,0.12209948897361755
clip_vit_b_32_linear,patch_shuffle_4x4,test_04355,4355,8,ship,0,airplane,0.1340147852897644,False,0.1340147852897644,0.10211816430091858,0.09667394310235977,0.09447409212589264,0.09191809594631195,0.09718615561723709,0.08576960116624832,0.09707328677177429,0.09910592436790466,0.10166606307029724
clip_vit_b_32_linear,patch_shuffle_4x4,test_05402,5402,4,deer,4,deer,0.19778406620025635,True,0.08373275399208069,0.10637889802455902,0.08019492030143738,0.09197934716939926,0.19778406620025635,0.08382577449083328,0.10538589954376221,0.10397572815418243,0.07010060548782349,0.0766419917345047
clip_vit_b_32_linear,patch_shuffle_4x4,test_05332,5332,5,dog,5,dog,0.13616015017032623,True,0.08837135136127472,0.09814279526472092,0.0930163562297821,0.10786358267068863,0.10260046273469925,0.13616015017032623,0.10088232159614563,0.10931054502725601,0.07406756281852722,0.08958490937948227
clip_vit_b_32_linear,patch_shuffle_4x4,test_00239,239,9,truck,2,car,0.13238166272640228,False,0.10431736707687378,0.09113459289073944,0.13238166272640228,0.08667521178722382,0.09065935015678406,0.08682795614004135,0.09301207959651947,0.09688323736190796,0.09442050755023956,0.12368801236152649
clip_vit_b_32_linear,patch_shuffle_4x4,test_06271,6271,2,car,2,car,0.14724794030189514,True,0.10809697210788727,0.09087078273296356,0.14724794030189514,0.09015711396932602,0.08916649967432022,0.09263037145137787,0.09210601449012756,0.0951039120554924,0.08719398081302643,0.10742649435997009
clip_vit_b_32_linear,patch_shuffle_4x4,test_01129,1129,8,ship,0,airplane,0.119236059486866,False,0.119236059486866,0.10105423629283905,0.1009044423699379,0.08441601693630219,0.0923376977443695,0.09356483817100525,0.08891846239566803,0.09526987373828888,0.10643773525953293,0.11786060035228729
clip_vit_b_32_linear,patch_shuffle_4x4,test_02391,2391,5,dog,5,dog,0.12782862782478333,True,0.09157638996839523,0.11013863235712051,0.08793383836746216,0.10863111168146133,0.10009945183992386,0.12782862782478333,0.10054650902748108,0.10582134127616882,0.0778830349445343,0.08954110741615295
clip_vit_b_32_linear,patch_shuffle_4x4,test_00191,191,9,truck,9,truck,0.14487919211387634,True,0.10575570166110992,0.09136531502008438,0.12289676815271378,0.08668624609708786,0.08881139010190964,0.08646032214164734,0.09018358588218689,0.08729460090398788,0.09566692262887955,0.14487919211387634
clip_vit_b_32_linear,patch_shuffle_4x4,test_05447,5447,9,truck,9,truck,0.16627942025661469,True,0.11216598004102707,0.08974149078130722,0.10621599107980728,0.07786115258932114,0.08562131971120834,0.08784276992082596,0.08629096299409866,0.08291671425104141,0.10506416857242584,0.16627942025661469
clip_vit_b_32_linear,patch_shuffle_4x4,test_06528,6528,4,deer,4,deer,0.1559920459985733,True,0.08402834087610245,0.10535863786935806,0.08503692597150803,0.10638780891895294,0.1559920459985733,0.10191580653190613,0.09752675145864487,0.10552283376455307,0.07259385287761688,0.0856369212269783
