model,condition,identifier,dataset_index,true_class_id,true_class_name,predicted_class_id,predicted_class_name,maximum_confidence,correct,probability_airplane,probability_bird,probability_car,probability_cat,probability_deer,probability_dog,probability_horse,probability_monkey,probability_ship,probability_truck
clip_zero_shot,patch_shuffle_4x4,test_00632,632,3,cat,3,cat,0.9404345154762268,True,0.00015992569387890399,0.0020882494281977415,0.004293686244636774,0.9404345154762268,0.008620000444352627,0.009185712784528732,0.000500531168654561,0.03354877978563309,0.0004975320189259946,0.0006709573208354414
clip_zero_shot,patch_shuffle_4x4,test_00131,131,9,truck,9,truck,0.8055479526519775,True,0.004324442241340876,0.0016922003123909235,0.17964470386505127,0.000724305456969887,0.00046831800136715174,0.0015394911170005798,0.0004400153993628919,0.00019359430007170886,0.005425017327070236,0.8055479526519775
clip_zero_shot,patch_shuffle_4x4,test_07081,7081,7,monkey,7,monkey,0.7968177199363708,True,0.003123547649011016,0.18457603454589844,0.0012342206900939345,0.0029838092159479856,0.0025628507137298584,0.005504576489329338,0.001151678035967052,0.7968177199363708,0.0006518515292555094,0.0013937166659161448
clip_zero_shot,patch_shuffle_4x4,test_01836,1836,9,truck,9,truck,0.5475768446922302,True,0.07297690212726593,0.0024842910934239626,0.37127164006233215,0.00027238516486249864,0.00011544187873369083,0.0014312115963548422,0.0008279647445306182,0.000146896782098338,0.002896397840231657,0.5475768446922302
clip_zero_shot,patch_shuffle_4x4,test_06437,6437,0,airplane,0,airplane,0.9802004098892212,True,0.9802004098892212,0.007182434666901827,0.005395836662501097,0.00019223958952352405,0.0002166410122299567,0.0005850390298292041,0.0001928267884068191,0.0003673293103929609,0.004011398181319237,0.0016557405469939113
clip_zero_shot,patch_shuffle_4x4,test_06609,6609,0,airplane,0,airplane,0.9850156307220459,True,0.9850156307220459,0.003346297424286604,0.004829912446439266,0.00018005901074502617,0.00026952577172778547,0.0005362205556593835,0.0004168497980572283,0.0004993522306904197,0.0019238099921494722,0.0029821908101439476
clip_zero_shot,patch_shuffle_4x4,test_03467,3467,7,monkey,4,deer,0.32824647426605225,False,0.0007463362999260426,0.04835009574890137,0.004531555343419313,0.25331124663352966,0.32824647426605225,0.22796329855918884,0.049144670367240906,0.08570712804794312,0.0004552795726340264,0.001543929218314588
clip_zero_shot,patch_shuffle_4x4,test_01401,1401,3,cat,3,cat,0.3328671157360077,True,0.04309508204460144,0.02921760454773903,0.16712918877601624,0.3328671157360077,0.017834695056080818,0.26245760917663574,0.03232533857226372,0.043801963329315186,0.03749554231762886,0.03377588465809822
clip_zero_shot,patch_shuffle_4x4,test_01839,1839,2,car,2,car,0.9805106520652771,True,0.0019239260582253337,0.0007869765977375209,0.9805106520652771,0.0008911985205486417,0.0002522068389225751,0.001034007640555501,0.0003832880174741149,0.00031722584390081465,0.0006697340286336839,0.01323068980127573
clip_zero_shot,patch_shuffle_4x4,test_04168,4168,3,cat,3,cat,0.9747052788734436,True,5.358126145438291e-05,0.0030833962373435497,0.0010731951333582401,0.9747052788734436,0.0007380219176411629,0.015766577795147896,0.002832658588886261,0.001280298107303679,0.00019699239055626094,0.0002699560427572578
clip_zero_shot,patch_shuffle_4x4,test_00035,35,2,car,2,car,0.8944994807243347,True,0.002509993501007557,0.0006731541361659765,0.8944994807243347,0.00019629925373010337,0.0004351684474386275,0.0013825669884681702,0.00031877768924459815,0.00011529277253430337,0.0012511075474321842,0.09861810505390167
clip_zero_shot,patch_shuffle_4x4,test_04177,4177,8,ship,8,ship,0.9523863792419434,True,0.018770087510347366,0.003989086486399174,0.008928337134420872,0.002031415468081832,0.00041480231448076665,0.0021831307094544172,0.0008742593345232308,0.0004003360809292644,0.9523863792419434,0.010022175498306751
clip_zero_shot,patch_shuffle_4x4,test_07270,7270,7,monkey,7,monkey,0.43024685978889465,True,0.002196788089349866,0.01891346462070942,0.010537977330386639,0.05035199597477913,0.06496933102607727,0.3861735463142395,0.03210613131523132,0.43024685978889465,0.0017592229414731264,0.0027446995954960585
clip_zero_shot,patch_shuffle_4x4,test_02265,2265,5,dog,5,dog,0.9757049679756165,True,4.7090568841667846e-05,0.0013614450581371784,0.00016300511197187006,0.0020499981474131346,0.016652140766382217,0.9757049679756165,0.0026241939049214125,0.000943387218285352,7.516903860960156e-05,0.00037862829049117863
clip_zero_shot,patch_shuffle_4x4,test_03288,3288,7,monkey,7,monkey,0.9936814308166504,True,1.4251803804654628e-05,0.0006128473323769867,0.00021702794765587896,0.000496016931720078,0.0033417583908885717,0.0013689459301531315,0.00012381479609757662,0.9936814308166504,4.134709888603538e-05,0.00010264215961797163
clip_zero_shot,patch_shuffle_4x4,test_05451,5451,8,ship,8,ship,0.994201123714447,True,0.0008636685088276863,0.0005561732104979455,0.0011454500490799546,0.0001372799597447738,5.0979895604541525e-05,0.0005041271215304732,0.00022171832097228616,9.161909110844135e-05,0.994201123714447,0.0022277776151895523
clip_zero_shot,patch_shuffle_4x4,test_04023,4023,3,cat,3,cat,0.41780394315719604,True,0.00011675056884996593,0.0025943841319531202,0.002867151517421007,0.41780394315719604,0.03258199617266655,0.3304887115955353,0.001079523703083396,0.21047726273536682,0.0005359433125704527,0.0014543297002092004
clip_zero_shot,patch_shuffle_4x4,test_00261,261,1,bird,1,bird,0.9967808723449707,True,0.0010855430737137794,0.9967808723449707,0.00019914038421120495,6.234423926798627e-05,9.501846943749115e-05,0.0007760882144793868,0.0002808838617056608,6.353180651785806e-05,0.0003778674581553787,0.00027848492027260363
clip_zero_shot,patch_shuffle_4x4,test_04570,4570,5,dog,5,dog,0.7617754340171814,True,3.887214552378282e-05,0.002777608809992671,0.0006478994037024677,0.006951877381652594,0.012372773140668869,0.7617754340171814,0.20592617988586426,0.009099875576794147,0.00013164858683012426,0.0002778243215288967
clip_zero_shot,patch_shuffle_4x4,test_04966,4966,5,dog,5,dog,0.9130420088768005,True,0.0003283265104983002,0.009232224896550179,0.0034610871225595474,0.04097980260848999,0.00313367391936481,0.9130420088768005,0.010445689782500267,0.017152270302176476,0.001064275042153895,0.0011607151245698333
clip_zero_shot,patch_shuffle_4x4,test_07955,7955,1,bird,1,bird,0.9653695821762085,True,0.005930177867412567,0.9653695821762085,0.013295089825987816,0.0033442392013967037,0.0002887546725105494,0.0020252407994121313,0.0008838715730234981,0.003153003752231598,0.0009302892140112817,0.004779878072440624
clip_zero_shot,patch_shuffle_4x4,test_06288,6288,4,deer,1,bird,0.2987668812274933,False,0.0020784197840839624,0.2987668812274933,0.012991574592888355,0.08920633047819138,0.2984752655029297,0.12359444051980972,0.07673363387584686,0.089138463139534,0.005584334954619408,0.003430573968216777
clip_zero_shot,patch_shuffle_4x4,test_07810,7810,8,ship,8,ship,0.9907900094985962,True,0.0008203904726542532,0.0008900193497538567,0.001343626412563026,0.0002410993620287627,0.00020081883121747524,0.0003309143357910216,0.00047873036237433553,0.0002034031494986266,0.9907900094985962,0.004700902849435806
clip_zero_shot,patch_shuffle_4x4,test_01927,1927,7,monkey,7,monkey,0.9864121675491333,True,1.3131460718796006e-06,0.000641757040284574,2.2569538487005048e-05,0.0009745765710249543,4.5811735617462546e-05,0.011710772290825844,0.00014235795242711902,0.9864121675491333,6.743918220308842e-06,4.1997300286311656e-05
clip_zero_shot,patch_shuffle_4x4,test_01871,1871,1,bird,1,bird,0.8431707620620728,True,0.0006421044236049056,0.8431707620620728,0.009043977595865726,0.02625100314617157,0.0006622936925850809,0.05624154210090637,0.023239143192768097,0.000729778956156224,0.002340415958315134,0.037679001688957214
clip_zero_shot,patch_shuffle_4x4,test_06922,6922,5,dog,5,dog,0.7499997019767761,True,0.0007010463741607964,0.0013501867651939392,0.0013630700996145606,0.004927618429064751,0.007252993527799845,0.7499997019767761,0.22837035357952118,0.002838477026671171,0.0004461505450308323,0.002750416984781623
clip_zero_shot,patch_shuffle_4x4,test_03512,3512,4,deer,4,deer,0.8174641728401184,True,0.00016777528799138963,0.016889795660972595,0.001451526302844286,0.040295325219631195,0.8174641728401184,0.08120959997177124,0.014182946644723415,0.026494957506656647,0.0002292131830472499,0.0016147269634529948
clip_zero_shot,patch_shuffle_4x4,test_04754,4754,6,horse,6,horse,0.9968986511230469,True,2.5074492441490293e-05,0.0002051430055871606,0.00012710873852483928,0.0002210084057878703,0.0005942863062955439,0.0017810704885050654,0.9968986511230469,3.611395004554652e-05,2.1358317098929547e-05,9.023594611790031e-05
clip_zero_shot,patch_shuffle_4x4,test_00714,714,2,car,2,car,0.8270272612571716,True,0.0005245839129202068,0.00013732517254538834,0.8270272612571716,0.00012464715109672397,4.107597123947926e-05,0.00047943444224074483,0.00022313895169645548,7.685676246182993e-05,0.0013733493397012353,0.16999226808547974
clip_zero_shot,patch_shuffle_4x4,test_02191,2191,8,ship,0,airplane,0.6291131377220154,False,0.6291131377220154,0.0807524174451828,0.006050323136150837,0.0006898582214489579,0.0009667554986663163,0.0023527101147919893,0.0011786723043769598,0.0020985789597034454,0.27013006806373596,0.006667566020041704
clip_zero_shot,patch_shuffle_4x4,test_04615,4615,0,airplane,0,airplane,0.9587517380714417,True,0.9587517380714417,0.027710748836398125,0.0015284972032532096,0.0007908140541985631,0.0006930518429726362,0.0013821364846080542,0.00030197142041288316,0.00143553433008492,0.006392946001142263,0.0010126575361937284
clip_zero_shot,patch_shuffle_4x4,test_04662,4662,8,ship,8,ship,0.9890402555465698,True,0.006009499542415142,0.0011289642425253987,0.0008058991516008973,5.502307249116711e-05,2.7917172701563686e-05,0.00010413819109089673,9.838191181188449e-05,9.546401997795328e-05,0.9890402555465698,0.002634520409628749
clip_zero_shot,patch_shuffle_4x4,test_05915,5915,9,truck,9,truck,0.8338479399681091,True,0.001088925520889461,0.0005884910351596773,0.1597835123538971,7.18587325536646e-05,0.000612323812674731,0.0008248585509136319,0.0008169781067408621,0.0007764156325720251,0.0015887197805568576,0.8338479399681091
clip_zero_shot,patch_shuffle_4x4,test_00766,766,4,deer,5,dog,0.8816371560096741,False,0.00015226582763716578,0.0018078885041177273,0.002409091917797923,0.02373906970024109,0.01893741451203823,0.8816371560096741,0.04107451066374779,0.02648789994418621,0.0006340055260807276,0.0031207676511257887
clip_zero_shot,patch_shuffle_4x4,test_05218,5218,2,car,2,car,0.9356123805046082,True,0.0015077597927302122,0.0011231121607124805,0.9356123805046082,0.00043908783118240535,0.00042376251076348126,0.0012736411299556494,0.0010017481399700046,0.0024136018473654985,0.001551395864225924,0.05465355142951012
clip_zero_shot,patch_shuffle_4x4,test_02340,2340,8,ship,8,ship,0.985847532749176,True,0.00233855121769011,0.0018388893222436309,0.0015520661836490035,0.00020876002963632345,0.0003612902364693582,0.0006173928268253803,0.0008344279485754669,0.00024645280791446567,0.985847532749176,0.006154684349894524
clip_zero_shot,patch_shuffle_4x4,test_01954,1954,8,ship,2,car,0.5190553665161133,False,0.013919881545007229,0.03646461293101311,0.5190553665161133,0.00924881175160408,0.009551342576742172,0.059474896639585495,0.018882552161812782,0.005816610064357519,0.09472626447677612,0.23285964131355286
clip_zero_shot,patch_shuffle_4x4,test_07875,7875,8,ship,8,ship,0.957770586013794,True,0.02126895822584629,0.002022286644205451,0.00504384795203805,0.0010925201931968331,0.00016030522237997502,0.0019202691037207842,0.0009213569574058056,0.0012133968994021416,0.957770586013794,0.00858642254024744
clip_zero_shot,patch_shuffle_4x4,test_03418,3418,6,horse,6,horse,0.9948746562004089,True,0.0006040832377038896,0.0004188266466371715,0.0008244941127486527,0.0002985721221193671,0.0007575917989015579,0.0017580504063516855,0.9948746562004089,5.391220111050643e-05,9.908842912409455e-05,0.0003106791409663856
clip_zero_shot,patch_shuffle_4x4,test_05572,5572,9,truck,9,truck,0.7256692051887512,True,0.006911854725331068,0.01022365503013134,0.2101735770702362,0.0038023595698177814,0.003176396479830146,0.014182474464178085,0.010148351080715656,0.0029280814342200756,0.012784043326973915,0.7256692051887512
clip_zero_shot,patch_shuffle_4x4,test_05977,5977,7,monkey,7,monkey,0.96908038854599,True,0.0003855111717712134,0.00845547579228878,0.0023126481100916862,0.005986654199659824,6.749919702997431e-05,0.009442377835512161,0.002845864975824952,0.96908038854599,0.0003391427453607321,0.0010844167554751039
clip_zero_shot,patch_shuffle_4x4,test_05123,5123,1,bird,1,bird,0.9520103931427002,True,0.0011591844959184527,0.9520103931427002,0.0003509453381411731,0.0020431894809007645,0.0003791050403378904,0.0013922767248004675,0.0002871657197829336,0.041634440422058105,0.0002200252201873809,0.0005233850097283721
clip_zero_shot,patch_shuffle_4x4,test_05851,5851,9,truck,9,truck,0.9092518091201782,True,0.0034445575438439846,0.0010448654647916555,0.08215059340000153,0.00029160609119571745,0.0001729126670397818,0.0014617423294112086,0.0003291981411166489,5.4949618061073124e-05,0.0017977372044697404,0.9092518091201782
clip_zero_shot,patch_shuffle_4x4,test_04094,4094,9,truck,9,truck,0.512579083442688,True,0.087844617664814,0.011155075393617153,0.3714351952075958,0.0018747440772131085,0.00020298740128055215,0.004296335857361555,0.0023257455322891474,0.0005476699443534017,0.007738605607300997,0.512579083442688
clip_zero_shot,patch_shuffle_4x4,test_04254,4254,6,horse,6,horse,0.9815995097160339,True,6.623490480706096e-05,0.0010324405739083886,0.00032086842111311853,0.0013982008676975965,0.008595540188252926,0.006575638893991709,0.9815995097160339,0.00016184301057364792,0.00014319691399578005,0.0001064518655766733
clip_zero_shot,patch_shuffle_4x4,test_02501,2501,7,monkey,7,monkey,0.9983600974082947,True,5.277648597257212e-06,0.00010663853026926517,4.497429836192168e-05,0.00012571657134685665,1.3933476111560594e-05,0.001021741540171206,0.00025160214863717556,0.9983600974082947,1.2864453310612589e-05,5.70812335354276e-05
clip_zero_shot,patch_shuffle_4x4,test_06938,6938,1,bird,1,bird,0.9977693557739258,True,0.000303004082525149,0.9977693557739258,0.0008674413547851145,0.00014090219337958843,7.812528201611713e-05,0.0003497414290904999,4.9535428843228146e-05,3.279573502368294e-05,0.00022723712027072906,0.00018199872283730656
clip_zero_shot,patch_shuffle_4x4,test_00171,171,4,deer,4,deer,0.9906076192855835,True,0.00010864350042538717,0.0008616390405222774,0.00039568450301885605,0.00033153058029711246,0.9906076192855835,0.0034491042606532574,0.0031604852993041277,0.000773575680796057,8.156616240739822e-05,0.00023008779680822045
clip_zero_shot,patch_shuffle_4x4,test_04215,4215,3,cat,3,cat,0.5396386981010437,True,0.01474074274301529,0.10983496904373169,0.10110118240118027,0.5396386981010437,0.009168093092739582,0.11248940229415894,0.012934855185449123,0.06497795134782791,0.02343093417584896,0.01168306078761816
clip_zero_shot,patch_shuffle_4x4,test_05705,5705,8,ship,8,ship,0.9861017465591431,True,0.005602527409791946,0.0005387422279454768,0.0012611981946974993,0.00040283871931023896,0.00010660917905624956,0.0002449257008265704,0.00018010874919127673,0.00016004391363821924,0.9861017465591431,0.005401181057095528
clip_zero_shot,patch_shuffle_4x4,test_03458,3458,4,deer,4,deer,0.962962806224823,True,4.7982448450056836e-05,0.0008922514389269054,0.00020426398259587586,0.00021421875862870365,0.962962806224823,0.004612539894878864,0.029130583629012108,0.0016842092154547572,2.3019245418254286e-05,0.0002279555337736383
clip_zero_shot,patch_shuffle_4x4,test_01220,1220,7,monkey,3,cat,0.4784366190433502,False,0.0002392223832430318,0.011696266010403633,0.005028582643717527,0.4784366190433502,0.04528103023767471,0.22415663301944733,0.0047552576288580894,0.2278364598751068,0.0006157385651022196,0.001954232109710574
clip_zero_shot,patch_shuffle_4x4,test_00962,962,8,ship,8,ship,0.982772707939148,True,0.007429720833897591,0.001548870000988245,0.0030543666798621416,0.0005675922147929668,8.525782322976738e-05,0.0005807465058751404,0.00032064405968412757,0.0001544491242384538,0.982772707939148,0.0034855958074331284
clip_zero_shot,patch_shuffle_4x4,test_02950,2950,5,dog,5,dog,0.6660839915275574,True,0.0004004767397418618,0.0029211968649178743,0.0016067526303231716,0.31437185406684875,0.006647684145718813,0.6660839915275574,0.004182194825261831,0.002009749412536621,0.0009867566404864192,0.000789338257163763
clip_zero_shot,patch_shuffle_4x4,test_02623,2623,5,dog,5,dog,0.6591804623603821,True,0.0019608985166996717,0.031954213976860046,0.017010517418384552,0.12735703587532043,0.023311322554945946,0.6591804623603821,0.09005044400691986,0.03665728121995926,0.005353035405278206,0.007164711132645607
clip_zero_shot,patch_shuffle_4x4,test_04539,4539,0,airplane,0,airplane,0.864564836025238,True,0.864564836025238,0.11740001291036606,0.001950194127857685,0.0010525144170969725,0.0003311902692075819,0.00288786250166595,0.00043196589103899896,0.0043878694996237755,0.003933366388082504,0.0030604118946939707
clip_zero_shot,patch_shuffle_4x4,test_01553,1553,0,airplane,0,airplane,0.9820137619972229,True,0.9820137619972229,0.006492181681096554,0.0029881796799600124,0.00032788809039629996,5.220729872235097e-05,0.0007089322316460311,0.00011494399950606748,0.0008254653657786548,0.005538681522011757,0.0009377238457091153
clip_zero_shot,patch_shuffle_4x4,test_04740,4740,4,deer,4,deer,0.5802633762359619,True,9.76443916442804e-05,0.0017610176000744104,0.000262283137999475,0.0012729966547340155,0.5802633762359619,0.103289894759655,0.2918766140937805,0.02039274573326111,8.374443132197484e-05,0.0006997085874900222
clip_zero_shot,patch_shuffle_4x4,test_06844,6844,0,airplane,0,airplane,0.9465853571891785,True,0.9465853571891785,0.03750832751393318,0.0027290242724120617,0.0005218219012022018,0.00017781984934117645,0.000872526434250176,0.0005199947045184672,0.0012204090598970652,0.009277199395000935,0.0005875769420526922
clip_zero_shot,patch_shuffle_4x4,test_02668,2668,7,monkey,7,monkey,0.9490282535552979,True,5.6201894039986655e-05,0.02299022674560547,0.0006335315993055701,0.008900894783437252,0.004897890146821737,0.012600680813193321,0.000517747481353581,0.9490282535552979,0.00010011812264565378,0.00027442973805591464
clip_zero_shot,patch_shuffle_4x4,test_03153,3153,7,monkey,5,dog,0.3739973306655884,False,0.00015962567704264075,0.012840394861996174,0.0021050714422017336,0.12150625884532928,0.17580366134643555,0.3739973306655884,0.2887299954891205,0.02279449813067913,0.00028700169059447944,0.0017761236522346735
clip_zero_shot,patch_shuffle_4x4,test_05135,5135,4,deer,4,deer,0.6265243887901306,True,0.0002930771152023226,0.0069663263857364655,0.0008912169141694903,0.022441085427999496,0.6265243887901306,0.2362128645181656,0.09617047011852264,0.009998596273362637,0.00015629168774466962,0.0003456356644164771
clip_zero_shot,patch_shuffle_4x4,test_02291,2291,3,cat,4,deer,0.9296092391014099,False,0.00012884281750302762,0.004061661660671234,0.0023682424798607826,0.01269848644733429,0.9296092391014099,0.029756885021924973,0.011717621237039566,0.009046096354722977,0.00010843425843631849,0.000504713854752481
clip_zero_shot,patch_shuffle_4x4,test_00116,116,1,bird,5,dog,0.31008443236351013,False,0.05262100324034691,0.25991976261138916,0.09043924510478973,0.0653574988245964,0.004426357336342335,0.31008443236351013,0.16161610186100006,0.01147380843758583,0.00922806654125452,0.03483373671770096
clip_zero_shot,patch_shuffle_4x4,test_07797,7797,3,cat,3,cat,0.8804223537445068,True,0.00023980702098924667,0.09224190562963486,0.0028772575315088034,0.8804223537445068,0.004936513025313616,0.015088322572410107,0.0008995066746138036,0.001672537298873067,0.0003396060783416033,0.0012820780975744128
clip_zero_shot,patch_shuffle_4x4,test_04609,4609,3,cat,1,bird,0.4033889174461365,False,0.0026510932948440313,0.4033889174461365,0.026543885469436646,0.10641041398048401,0.06588196009397507,0.19185848534107208,0.03137737885117531,0.14647194743156433,0.0108200553804636,0.01459584478288889
clip_zero_shot,patch_shuffle_4x4,test_00081,81,0,airplane,5,dog,0.2142333984375,False,0.11235303431749344,0.2010173350572586,0.15524707734584808,0.07732898741960526,0.00845534447580576,0.2142333984375,0.03868468850851059,0.013200418092310429,0.11646513640880585,0.06301460415124893
clip_zero_shot,patch_shuffle_4x4,test_05580,5580,6,horse,6,horse,0.7900910377502441,True,0.0013212424237281084,0.0043647075071930885,0.00416706595569849,0.011372266337275505,0.031773295253515244,0.144715815782547,0.7900910377502441,0.0027233895380049944,0.0004045078530907631,0.009066760540008545
clip_zero_shot,patch_shuffle_4x4,test_03024,3024,2,car,2,car,0.897437334060669,True,0.016255155205726624,0.005421902518719435,0.897437334060669,0.0023208644706755877,0.00156230921857059,0.004475427325814962,0.0015137367881834507,0.0018002042779698968,0.001933368039317429,0.06727969646453857
clip_zero_shot,patch_shuffle_4x4,test_02766,2766,5,dog,3,cat,0.8599870800971985,False,0.001275495975278318,0.00946936197578907,0.010140963830053806,0.8599870800971985,0.0011526443995535374,0.08333416283130646,0.01145154982805252,0.01795985735952854,0.0029739155434072018,0.002255046973004937
clip_zero_shot,patch_shuffle_4x4,test_05000,5000,8,ship,8,ship,0.788737416267395,True,0.1642574667930603,0.006416249088943005,0.016348911449313164,0.004050345625728369,0.0019363360479474068,0.00732002966105938,0.0026682245079427958,0.0016323259333148599,0.788737416267395,0.006632687523961067
clip_zero_shot,patch_shuffle_4x4,test_02610,2610,6,horse,1,bird,0.4287340044975281,False,0.0008977012475952506,0.4287340044975281,0.004710424225777388,0.03661402314901352,0.025156939402222633,0.19641156494617462,0.20112532377243042,0.08680704981088638,0.00975128449499607,0.009791671298444271
clip_zero_shot,patch_shuffle_4x4,test_02024,2024,0,airplane,0,airplane,0.5331520438194275,True,0.5331520438194275,0.10246353596448898,0.17829188704490662,0.009288976900279522,0.011770126409828663,0.023850025609135628,0.017696337774395943,0.020574677735567093,0.07331739366054535,0.02959495037794113
clip_zero_shot,patch_shuffle_4x4,test_06097,6097,4,deer,4,deer,0.9538056254386902,True,0.0002168090286431834,0.0010612423066049814,0.0007038211333565414,0.00010421616025269032,0.9538056254386902,0.0023944585118442774,0.03999119624495506,0.0003147947136312723,8.03221482783556e-05,0.00132742989808321
clip_zero_shot,patch_shuffle_4x4,test_00964,964,6,horse,5,dog,0.34143704175949097,False,0.027034413069486618,0.01320117898285389,0.32393452525138855,0.08826451003551483,0.023645859211683273,0.34143704175949097,0.07400675117969513,0.020324645563960075,0.02899722196161747,0.05915387347340584
clip_zero_shot,patch_shuffle_4x4,test_07634,7634,0,airplane,0,airplane,0.8196320533752441,True,0.8196320533752441,0.1691393405199051,0.0016496694879606366,0.00023026771668810397,0.000918766250833869,0.0009837313555181026,0.00017865192785393447,0.002111529465764761,0.004044673405587673,0.0011112535139545798
clip_zero_shot,patch_shuffle_4x4,test_06434,6434,8,ship,8,ship,0.9601154327392578,True,0.008293486200273037,0.0019200455863028765,0.007308652624487877,0.000491211365442723,0.00012872082879766822,0.0015221931971609592,0.0005230524111539125,0.002450918545946479,0.9601154327392578,0.017246315255761147
clip_zero_shot,patch_shuffle_4x4,test_05183,5183,2,car,2,car,0.9406420588493347,True,0.004113552160561085,0.0014519187388941646,0.9406420588493347,0.0006290589808486402,0.00013450527330860496,0.001927813864313066,0.0014592844527214766,0.00037070937105454504,0.0007972278981469572,0.048473767936229706
clip_zero_shot,patch_shuffle_4x4,test_06986,6986,0,airplane,0,airplane,0.8545069694519043,True,0.8545069694519043,0.02349572628736496,0.012080361135303974,0.0003502853214740753,0.000323658314300701,0.0020922967232763767,0.0003100640024058521,0.0004434461297933012,0.10353797674179077,0.002859121421352029
clip_zero_shot,patch_shuffle_4x4,test_00645,645,5,dog,5,dog,0.8147562146186829,True,4.723269012174569e-05,0.00323908100835979,0.00011127690231660381,0.0007587401778437197,0.08972679078578949,0.8147562146186829,0.08782950788736343,0.003027944127097726,4.6223984099924564e-05,0.00045696378219872713
clip_zero_shot,patch_shuffle_4x4,test_03347,3347,0,airplane,0,airplane,0.7946336269378662,True,0.7946336269378662,0.14299266040325165,0.015079165808856487,0.0023003583773970604,0.0010640457039698958,0.006659660488367081,0.0012224850943312049,0.009303799830377102,0.021624723449349403,0.005119577050209045
clip_zero_shot,patch_shuffle_4x4,test_05677,5677,2,car,2,car,0.967003583908081,True,0.0011889430461451411,0.00024831967311911285,0.967003583908081,0.001227901317179203,0.0005915891379117966,0.0015599860344082117,0.0005326549871824682,0.0001416443701600656,0.000718527240678668,0.026786768808960915
clip_zero_shot,patch_shuffle_4x4,test_03412,3412,8,ship,8,ship,0.9925869107246399,True,0.0023086625151336193,0.00024368512094952166,0.001690400647930801,4.357075158623047e-05,8.30679782666266e-05,0.00024167441006284207,0.00016449765826109797,5.240041355136782e-05,0.9925869107246399,0.002585145179182291
clip_zero_shot,patch_shuffle_4x4,test_03937,3937,1,bird,1,bird,0.7656051516532898,True,0.014378511346876621,0.7656051516532898,0.07082753628492355,0.03654103726148605,0.013680613599717617,0.02721073105931282,0.008847605437040329,0.009019630029797554,0.015928499400615692,0.03796066716313362
clip_zero_shot,patch_shuffle_4x4,test_00873,873,6,horse,6,horse,0.5670568346977234,True,2.5102734070969746e-05,0.0022973280865699053,0.00036089535569772124,0.014480261132121086,0.34486424922943115,0.06657731533050537,0.5670568346977234,0.004146259743720293,3.15161632897798e-05,0.0001602160045877099
clip_zero_shot,patch_shuffle_4x4,test_02167,2167,9,truck,9,truck,0.8628703355789185,True,0.00636725639924407,0.0015953262336552143,0.1216435581445694,0.00038861262146383524,0.00048551522195339203,0.0026163433212786913,0.00036100391298532486,0.0009809922194108367,0.0026910670567303896,0.8628703355789185
clip_zero_shot,patch_shuffle_4x4,test_06490,6490,3,cat,1,bird,0.399932324886322,False,0.01788044162094593,0.399932324886322,0.10665853321552277,0.09767377376556396,0.018412631005048752,0.09514094144105911,0.025302473455667496,0.1809370517730713,0.010862881317734718,0.04719889909029007
clip_zero_shot,patch_shuffle_4x4,test_00738,738,3,cat,5,dog,0.5285071134567261,False,0.0044252811931073666,0.07358571887016296,0.059368718415498734,0.23267146944999695,0.01599457673728466,0.5285071134567261,0.053750891238451004,0.019679369404911995,0.0023224956821650267,0.0096943574026227
clip_zero_shot,patch_shuffle_4x4,test_06616,6616,2,car,2,car,0.9631810784339905,True,0.005387339740991592,0.004867650102823973,0.9631810784339905,0.0009264786494895816,0.0007074622553773224,0.0018583700293675065,0.0009818749967962503,0.0007442336063832045,0.0010409449459984899,0.020304597914218903
clip_zero_shot,patch_shuffle_4x4,test_04093,4093,6,horse,2,car,0.3343241512775421,False,0.021019695326685905,0.020986204966902733,0.3343241512775421,0.15638644993305206,0.011167884804308414,0.24241478741168976,0.11105441302061081,0.024002451449632645,0.028466293588280678,0.05017763748764992
clip_zero_shot,patch_shuffle_4x4,test_05788,5788,9,truck,9,truck,0.9065539240837097,True,0.004728337749838829,0.0017354351002722979,0.07688245177268982,0.0001798751763999462,0.00021264444512780756,0.0013890141854062676,0.0016660923138260841,0.0001096727282856591,0.006542521994560957,0.9065539240837097
clip_zero_shot,patch_shuffle_4x4,test_07818,7818,8,ship,2,car,0.28195860981941223,False,0.04505038633942604,0.06420806795358658,0.28195860981941223,0.03393862396478653,0.0034477992448955774,0.08613467216491699,0.027970021590590477,0.02260873094201088,0.2013503760099411,0.23333272337913513
clip_zero_shot,patch_shuffle_4x4,test_00304,304,1,bird,1,bird,0.522434651851654,True,0.0025815151166170835,0.522434651851654,0.008643170818686485,0.11747915297746658,0.10685037076473236,0.10105782002210617,0.022272534668445587,0.11264615505933762,0.00335092656314373,0.002683746861293912
clip_zero_shot,patch_shuffle_4x4,test_02082,2082,2,car,2,car,0.9019555449485779,True,0.0006117121665738523,0.002518794033676386,0.9019555449485779,0.0006785723380744457,0.00027744637918658555,0.0041025374084711075,0.0010428483365103602,0.0024328064173460007,0.0007182780536822975,0.08566146343946457
clip_zero_shot,patch_shuffle_4x4,test_02746,2746,7,monkey,5,dog,0.436551958322525,False,0.003059262642636895,0.06787844002246857,0.021201295778155327,0.14569485187530518,0.15426117181777954,0.436551958322525,0.058956947177648544,0.09137476235628128,0.00600639171898365,0.015014941804111004
clip_zero_shot,patch_shuffle_4x4,test_07944,7944,4,deer,4,deer,0.9675546884536743,True,6.6223437897861e-05,0.003730884985998273,0.00048699069884605706,0.016231345012784004,0.9675546884536743,0.010596725158393383,0.0005727797979488969,0.0004650879418477416,0.00015192937280517071,0.0001433954166714102
clip_zero_shot,patch_shuffle_4x4,test_06689,6689,8,ship,8,ship,0.6905510425567627,True,0.24253061413764954,0.021296508610248566,0.009540806524455547,0.0024840261321514845,0.0009433138184249401,0.007942608557641506,0.004305433947592974,0.0017961487174034119,0.6905510425567627,0.018609508872032166
clip_zero_shot,patch_shuffle_4x4,test_02414,2414,9,truck,9,truck,0.8277143836021423,True,0.007060552015900612,0.007669713348150253,0.124280646443367,0.006126222666352987,0.008059759624302387,0.007331331260502338,0.002324302913621068,0.0017461865209043026,0.007686892058700323,0.8277143836021423
clip_zero_shot,patch_shuffle_4x4,test_03779,3779,6,horse,6,horse,0.9788179397583008,True,8.885877468856052e-05,0.000428633124101907,0.0005542811122722924,0.0010018621105700731,0.005696553271263838,0.012126307934522629,0.9788179397583008,0.0007250094204209745,6.202431541169062e-05,0.0004984737024642527
clip_zero_shot,patch_shuffle_4x4,test_02095,2095,1,bird,1,bird,0.9717822670936584,True,0.004335692152380943,0.9717822670936584,0.004266023635864258,0.008634073659777641,0.0004011708952020854,0.003965691663324833,0.0003737056686077267,0.0019023132044821978,0.0005989652127027512,0.003740074811503291
clip_zero_shot,patch_shuffle_4x4,test_07262,7262,0,airplane,0,airplane,0.9564483761787415,True,0.9564483761787415,0.027145342901349068,0.0028127252589911222,0.001091565703973174,0.00034289315226487815,0.0011815071338787675,0.00027903824229724705,0.0031715473160147667,0.005961243994534016,0.0015657533658668399
clip_zero_shot,patch_shuffle_4x4,test_05694,5694,8,ship,8,ship,0.9648941159248352,True,0.021758558228611946,0.0020593348890542984,0.00691487779840827,0.0005080167902633548,0.0002070045447908342,0.0010946164838969707,0.0005419385270215571,0.00063030218007043,0.9648941159248352,0.0013912406284362078
clip_zero_shot,patch_shuffle_4x4,test_07413,7413,5,dog,3,cat,0.6071540713310242,False,1.2797253475582693e-05,0.006617771461606026,0.00036510417703539133,0.6071540713310242,0.0014770468696951866,0.2602938115596771,0.005813856143504381,0.11796266585588455,9.532798867439851e-05,0.00020747612870763987
clip_zero_shot,patch_shuffle_4x4,test_06805,6805,1,bird,1,bird,0.9726804494857788,True,0.021863218396902084,0.9726804494857788,0.00044239903218112886,0.0001768797228578478,0.0003313396591693163,0.0016908664256334305,0.0007902772631496191,0.0003818747936747968,0.0008649172959849238,0.0007779034785926342
clip_zero_shot,patch_shuffle_4x4,test_03446,3446,7,monkey,1,bird,0.4167952835559845,False,0.001453929697163403,0.4167952835559845,0.014992020092904568,0.057142600417137146,0.02820047363638878,0.05819244310259819,0.006735365372151136,0.4121241569519043,0.002705697901546955,0.0016579998191446066
clip_zero_shot,patch_shuffle_4x4,test_02807,2807,5,dog,1,bird,0.6595039367675781,False,0.002351019997149706,0.6595039367675781,0.044835228472948074,0.06933456659317017,0.05838611349463463,0.12340458482503891,0.004331451840698719,0.02721402235329151,0.004336932674050331,0.006302212830632925
clip_zero_shot,patch_shuffle_4x4,test_07940,7940,4,deer,4,deer,0.9827658534049988,True,6.387457688106224e-05,0.0029101939871907234,0.00034371312358416617,0.00231881532818079,0.9827658534049988,0.002889766823500395,0.0017019846709445119,0.006723819766193628,4.905211244476959e-05,0.0002328560221940279
clip_zero_shot,patch_shuffle_4x4,test_04172,4172,7,monkey,7,monkey,0.7714483737945557,True,0.00030580817838199437,0.035700030624866486,0.007918430492281914,0.03161725774407387,0.032167937606573105,0.10851265490055084,0.00854983739554882,0.7714483737945557,0.0013258238323032856,0.0024537781719118357
clip_zero_shot,patch_shuffle_4x4,test_07744,7744,3,cat,3,cat,0.9270159602165222,True,0.0020915751811116934,0.006173143163323402,0.004996837582439184,0.9270159602165222,0.000760599272325635,0.0468938983976841,0.004644444677978754,0.00316053768619895,0.0031504984945058823,0.001112532103434205
clip_zero_shot,patch_shuffle_4x4,test_01586,1586,2,car,2,car,0.9594893455505371,True,0.0001516798947704956,0.00010827199002960697,0.9594893455505371,0.0001537661300972104,2.8925542210345156e-05,0.00024584788479842246,6.886730261612684e-05,3.9365942939184606e-05,0.0004882997018285096,0.03922569751739502
clip_zero_shot,patch_shuffle_4x4,test_07999,7999,8,ship,8,ship,0.9846431016921997,True,0.0027342208195477724,0.0019297072431072593,0.0021642304491251707,0.0002802954404614866,0.00016537321789655834,0.0007880386547185481,0.0005184017354622483,0.0005645279888994992,0.9846431016921997,0.0062119909562170506
clip_zero_shot,patch_shuffle_4x4,test_06349,6349,1,bird,1,bird,0.9947007894515991,True,0.0004079956852365285,0.9947007894515991,0.0007308311178348958,0.00047279425780288875,0.0005102957366034389,0.0010166344000026584,0.00014710539835505188,0.0011730889091268182,0.00021048779308330268,0.0006299713277257979
clip_zero_shot,patch_shuffle_4x4,test_06594,6594,1,bird,1,bird,0.9116044640541077,True,0.03541942313313484,0.9116044640541077,0.002861105604097247,0.0056044235825538635,0.0005103924195282161,0.0072587658651173115,0.007858513854444027,0.001050915103405714,0.02517935074865818,0.0026526341680437326
clip_zero_shot,patch_shuffle_4x4,test_02109,2109,8,ship,8,ship,0.8653605580329895,True,0.1196199581027031,0.0026581475976854563,0.006064539775252342,0.0002518483088351786,3.561804260243662e-05,0.0004273083177395165,0.0011862784158438444,9.000213321996853e-05,0.8653605580329895,0.0043058027513325214
clip_zero_shot,patch_shuffle_4x4,test_03079,3079,1,bird,1,bird,0.9927817583084106,True,0.003204269567504525,0.9927817583084106,0.001293540932238102,0.0004910608404316008,5.775885801995173e-05,0.00045645920909009874,0.00013829728413838893,0.00023499285452999175,0.0004956472548656166,0.0008461287943646312
clip_zero_shot,patch_shuffle_4x4,test_02070,2070,1,bird,1,bird,0.9847410321235657,True,0.0010659744730219245,0.9847410321235657,0.0026060533709824085,0.00460014445707202,0.0008764186059124768,0.002861436689272523,0.0005501744453795254,0.0011388675775378942,0.00046762480633333325,0.0010921403300017118
clip_zero_shot,patch_shuffle_4x4,test_00319,319,5,dog,5,dog,0.9618089199066162,True,0.0003175457241013646,0.0007137614884413779,0.001073035062290728,0.03090880624949932,0.000712851295247674,0.9618089199066162,0.002858045045286417,0.0009434005478397012,0.00036583186010830104,0.0002977114636451006
clip_zero_shot,patch_shuffle_4x4,test_02888,2888,0,airplane,0,airplane,0.9862598180770874,True,0.9862598180770874,0.005461243446916342,0.004108422435820103,9.517404396319762e-05,0.0001190123803098686,0.0003061124589294195,0.0002561360888648778,0.00030631572008132935,0.0026403358206152916,0.0004474575398489833
clip_zero_shot,patch_shuffle_4x4,test_06224,6224,5,dog,5,dog,0.6841769814491272,True,9.727879660204053e-05,0.0011961510172113776,0.0007140473462641239,0.011022974736988544,0.09815043956041336,0.6841769814491272,0.1537894904613495,0.04949973151087761,0.00013367457722779363,0.001219201018102467
clip_zero_shot,patch_shuffle_4x4,test_03353,3353,5,dog,1,bird,0.6230343580245972,False,0.005391640122979879,0.6230343580245972,0.007802083622664213,0.13308019936084747,0.00479291845113039,0.12628218531608582,0.011512228287756443,0.06422585994005203,0.008938532322645187,0.014940072782337666
clip_zero_shot,patch_shuffle_4x4,test_06244,6244,2,car,2,car,0.6821089386940002,True,0.003109445096924901,0.0021637356840074062,0.6821089386940002,0.001165594905614853,0.0006774880457669497,0.0066749658435583115,0.0016405824571847916,0.0011116012465208769,0.008058920502662659,0.29328858852386475
clip_zero_shot,patch_shuffle_4x4,test_04704,4704,7,monkey,7,monkey,0.9295360445976257,True,0.0002308284747414291,0.04009528458118439,0.00036296548205427825,0.014365513809025288,0.0030278137419372797,0.009121214970946312,0.002777836751192808,0.9295360445976257,0.00011086810991400853,0.00037169986171647906
clip_zero_shot,patch_shuffle_4x4,test_02427,2427,5,dog,5,dog,0.9694204926490784,True,7.425378862535581e-05,0.0008588199852965772,0.0004611325275618583,0.0016689912881702185,0.0036700041964650154,0.9694204926490784,0.01040775515139103,0.01234253030270338,3.522061524563469e-05,0.001060598180629313
clip_zero_shot,patch_shuffle_4x4,test_07995,7995,9,truck,2,car,0.626686692237854,False,0.00034911197144538164,0.0005285462830215693,0.626686692237854,0.00031466089421883225,0.00015982901095412672,0.0006608826224692166,0.00031230333843268454,4.6923410991439596e-05,0.00040771832573227584,0.37053340673446655
clip_zero_shot,patch_shuffle_4x4,test_01124,1124,4,deer,1,bird,0.8185260891914368,False,0.0010510367574170232,0.8185260891914368,0.003638459136709571,0.029995683580636978,0.08924245834350586,0.02053322270512581,0.02615252137184143,0.005615816451609135,0.0013153066392987967,0.003929529804736376
clip_zero_shot,patch_shuffle_4x4,test_06733,6733,1,bird,1,bird,0.9341962933540344,True,0.0003831259673461318,0.9341962933540344,0.005113630089908838,0.01179657131433487,0.0005547085893340409,0.03272019326686859,0.004938757512718439,0.00028928249957971275,0.000938293116632849,0.009069154039025307
clip_zero_shot,patch_shuffle_4x4,test_02062,2062,9,truck,9,truck,0.9855888485908508,True,0.00020264707563910633,0.0004920674255117774,0.012401290237903595,8.701224578544497e-05,8.548876940039918e-05,0.0004622007836587727,0.00015896125114522874,1.2632123798539396e-05,0.0005088807083666325,0.9855888485908508
clip_zero_shot,patch_shuffle_4x4,test_00805,805,9,truck,9,truck,0.9673081040382385,True,0.0005672960542142391,0.00032001803629100323,0.0302004124969244,3.817443939624354e-05,4.143558908253908e-05,0.00020459249208215624,0.0005775941535830498,0.0001500998914707452,0.0005923242424614727,0.9673081040382385
clip_zero_shot,patch_shuffle_4x4,test_02028,2028,3,cat,5,dog,0.5700165033340454,False,0.00218279380351305,0.049799222499132156,0.02550802193582058,0.15566925704479218,0.04217619448900223,0.5700165033340454,0.054096873849630356,0.07949989289045334,0.01105391513556242,0.00999728124588728
clip_zero_shot,patch_shuffle_4x4,test_02392,2392,2,car,2,car,0.9667103886604309,True,0.0012031277874484658,0.0011863447725772858,0.9667103886604309,0.0007123062969185412,0.0006776719819754362,0.0010553097818046808,0.0008281468180939555,0.00037144479574635625,0.0007251551141962409,0.026530195027589798
clip_zero_shot,patch_shuffle_4x4,test_03292,3292,6,horse,5,dog,0.3804374039173126,False,0.003597819712013006,0.06567200273275375,0.09925135225057602,0.027302270755171776,0.03918246924877167,0.3804374039173126,0.28234630823135376,0.06618833541870117,0.013305608183145523,0.022716380655765533
clip_zero_shot,patch_shuffle_4x4,test_01440,1440,7,monkey,7,monkey,0.9251086711883545,True,2.1864181690034457e-05,0.0019246389856562018,0.00025404448388144374,0.001562453922815621,0.03568658232688904,0.033498235046863556,0.0017861012602224946,0.9251086711883545,1.634524596738629e-05,0.00014102912973612547
clip_zero_shot,patch_shuffle_4x4,test_01115,1115,1,bird,6,horse,0.5444574952125549,False,0.016901245340704918,0.09331035614013672,0.01988253928720951,0.03528768941760063,0.06644783914089203,0.13406099379062653,0.5444574952125549,0.05129591003060341,0.00793616846203804,0.03041977621614933
clip_zero_shot,patch_shuffle_4x4,test_04242,4242,8,ship,8,ship,0.9393689632415771,True,0.005069298669695854,0.006203054916113615,0.005461828783154488,0.003660469315946102,0.0011638799915090203,0.003185194218531251,0.0019348606001585722,0.0013831887627020478,0.9393689632415771,0.03256926313042641
clip_zero_shot,patch_shuffle_4x4,test_02230,2230,8,ship,0,airplane,0.8598996996879578,False,0.8598996996879578,0.0022836695425212383,0.012457423843443394,5.784544919151813e-05,1.6026928278733976e-05,0.0003105744253844023,9.704432886792347e-05,0.00026604742743074894,0.11698521673679352,0.007626452017575502
clip_zero_shot,patch_shuffle_4x4,test_03163,3163,2,car,2,car,0.9820268750190735,True,0.000381574674975127,0.00042881874833256006,0.9820268750190735,0.00014520225522574037,0.00027164220227859914,0.0011082413839176297,0.00014545118028763682,0.00033939312561415136,0.0003210644645150751,0.014831839129328728
clip_zero_shot,patch_shuffle_4x4,test_00545,545,6,horse,2,car,0.6625679135322571,False,0.0005195609992370009,0.0051055001094937325,0.6625679135322571,0.006079861428588629,0.008058211766183376,0.06572020798921585,0.09663055837154388,0.012428824789822102,0.0007408984238281846,0.14214842021465302
clip_zero_shot,patch_shuffle_4x4,test_03863,3863,5,dog,5,dog,0.48062220215797424,True,0.00018211253336630762,0.0025026521179825068,0.001271217712201178,0.0020027460996061563,0.012385252863168716,0.48062220215797424,0.42817845940589905,0.06845688819885254,0.00026671949308365583,0.00413178326562047
clip_zero_shot,patch_shuffle_4x4,test_04748,4748,7,monkey,1,bird,0.6431059837341309,False,0.0007257414981722832,0.6431059837341309,0.001270125387236476,0.003130696015432477,0.0003915380220860243,0.005156577564775944,0.0014409739524126053,0.3431881368160248,0.0002497983805369586,0.0013406476937234402
clip_zero_shot,patch_shuffle_4x4,test_02399,2399,4,deer,4,deer,0.4369596838951111,True,0.004172421991825104,0.038814935833215714,0.004055257886648178,0.017705678939819336,0.4369596838951111,0.18267203867435455,0.18405911326408386,0.12344517558813095,0.0024696982000023127,0.005645997356623411
clip_zero_shot,patch_shuffle_4x4,test_04341,4341,6,horse,6,horse,0.9966967105865479,True,6.392584327841178e-05,0.0005749020492658019,0.00014538656978402287,0.00030234656878747046,0.00040874339174479246,0.00125701236538589,0.9966967105865479,8.962252468336374e-05,5.10069694428239e-05,0.00041037448681890965
clip_zero_shot,patch_shuffle_4x4,test_03078,3078,4,deer,3,cat,0.3154996335506439,False,0.0017114836955443025,0.07994063198566437,0.007147291209548712,0.3154996335506439,0.2475256323814392,0.16765297949314117,0.11054059118032455,0.06187037378549576,0.005049469415098429,0.003061927855014801
clip_zero_shot,patch_shuffle_4x4,test_03763,3763,4,deer,4,deer,0.9903361797332764,True,0.00014932068006601185,0.0008045837166719139,0.0007890111301094294,0.00016656462685205042,0.9903361797332764,0.004168304149061441,0.0026495654601603746,0.00032395098241977394,5.319766569300555e-05,0.0005593464593403041
clip_zero_shot,patch_shuffle_4x4,test_02958,2958,6,horse,6,horse,0.9940614104270935,True,0.00023950125614646822,0.00066628388594836,0.00035072476021014154,0.000287166447378695,0.0023689856752753258,0.0013439191970974207,0.9940614104270935,0.00013577388017438352,0.00017332917195744812,0.00037285848520696163
clip_zero_shot,patch_shuffle_4x4,test_06381,6381,6,horse,6,horse,0.9755856990814209,True,0.00010728412598837167,0.0005403670365922153,0.0023579043336212635,0.0013389501255005598,0.0006191203719936311,0.017422622069716454,0.9755856990814209,0.001141746761277318,0.000240376204601489,0.0006458939169533551
clip_zero_shot,patch_shuffle_4x4,test_01640,1640,8,ship,2,car,0.6099332571029663,False,0.1682598739862442,0.006918683182448149,0.6099332571029663,0.0016389833763241768,0.0005134058883413672,0.0038940650410950184,0.0025202708784490824,0.0014591356739401817,0.13544555008411407,0.06941686570644379
clip_zero_shot,patch_shuffle_4x4,test_01783,1783,8,ship,8,ship,0.9923033714294434,True,0.0017764315707609057,0.0006373921642079949,0.000912818475626409,0.00032604645821265876,6.01860047027003e-05,0.0002266959781991318,0.00016384859918616712,0.00018051351071335375,0.9923033714294434,0.0034127510152757168
clip_zero_shot,patch_shuffle_4x4,test_03914,3914,3,cat,3,cat,0.9142493605613708,True,0.0012826345628127456,0.012501277029514313,0.012200556695461273,0.9142493605613708,0.015674104914069176,0.026125013828277588,0.0030300964135676622,0.011396988295018673,0.001970067387446761,0.0015699766809120774
clip_zero_shot,patch_shuffle_4x4,test_01534,1534,6,horse,3,cat,0.35701239109039307,False,0.002486325101926923,0.008203007280826569,0.011704053729772568,0.35701239109039307,0.02514152228832245,0.16169464588165283,0.11009509861469269,0.3013682961463928,0.009656751528382301,0.012637973763048649
clip_zero_shot,patch_shuffle_4x4,test_00685,685,5,dog,5,dog,0.9896531701087952,True,5.3132796892896295e-05,0.0002750759304035455,0.00010456428572069854,0.00556151382625103,0.0007814839482307434,0.9896531701087952,0.0016890279948711395,0.0016032685525715351,0.00011606841144384816,0.0001625393924769014
clip_zero_shot,patch_shuffle_4x4,test_04617,4617,0,airplane,0,airplane,0.9227789640426636,True,0.9227789640426636,0.048267461359500885,0.005407366901636124,0.0003999509790446609,0.0002418558142380789,0.0017423519166186452,0.00040525326039642096,0.01109377946704626,0.008600597269833088,0.0010623617563396692
clip_zero_shot,patch_shuffle_4x4,test_05508,5508,9,truck,9,truck,0.9642668962478638,True,0.0001727039780234918,0.00010584784467937425,0.03423050045967102,7.679070404265076e-05,2.511810998839792e-05,0.00025106387329287827,3.709073280333541e-05,1.8839382391888648e-05,0.0008151212241500616,0.9642668962478638
clip_zero_shot,patch_shuffle_4x4,test_01022,1022,9,truck,9,truck,0.6662076115608215,True,0.001487875822931528,0.0023516628425568342,0.28101012110710144,0.007790382485836744,0.00631406856700778,0.020213615149259567,0.0011203006142750382,0.0044731879606842995,0.00903122965246439,0.6662076115608215
clip_zero_shot,patch_shuffle_4x4,test_01230,1230,1,bird,1,bird,0.9539241790771484,True,0.003322355216369033,0.9539241790771484,0.002885708585381508,0.0026835347525775433,9.538076119497418e-05,0.0021559395827353,0.0008166651241481304,0.03092474490404129,0.0010307617485523224,0.002160747768357396
clip_zero_shot,patch_shuffle_4x4,test_07475,7475,4,deer,4,deer,0.774987518787384,True,0.00011810589785454795,0.0008052344783209264,0.0006624070229008794,0.00032872430165298283,0.774987518787384,0.003155583282932639,0.218979611992836,0.00025992182781919837,5.681415132130496e-05,0.0006460437434725463
clip_zero_shot,patch_shuffle_4x4,test_05756,5756,2,car,2,car,0.9761126041412354,True,0.0005714026046916842,0.0001508413697592914,0.9761126041412354,0.00010732078226283193,3.64136285497807e-05,0.000548618147149682,0.00014866914716549218,9.966867946786806e-05,0.0004568392178043723,0.021767545491456985
clip_zero_shot,patch_shuffle_4x4,test_03122,3122,4,deer,4,deer,0.8849717378616333,True,2.075886914099101e-05,0.0019233213970437646,0.00017993054643739015,0.004537705797702074,0.8849717378616333,0.009164598770439625,0.007984667085111141,0.09101560711860657,8.765485836192966e-05,0.00011404842371121049
clip_zero_shot,patch_shuffle_4x4,test_07202,7202,1,bird,1,bird,0.9507689476013184,True,0.00202752067707479,0.9507689476013184,0.00835536327213049,0.009908056817948818,0.0001422218483639881,0.021606745198369026,0.0014793649315834045,0.0006877953419461846,0.0005471505573950708,0.00447684433311224
clip_zero_shot,patch_shuffle_4x4,test_04723,4723,9,truck,9,truck,0.6252507567405701,True,0.009404950775206089,0.07003448158502579,0.08571446686983109,0.13083739578723907,0.014535476453602314,0.023213321343064308,0.01674051024019718,0.01161473710089922,0.012653909623622894,0.6252507567405701
clip_zero_shot,patch_shuffle_4x4,test_01552,1552,5,dog,5,dog,0.6811825633049011,True,0.00018493518291506916,0.022827280685305595,0.00039492399082519114,0.013106103986501694,0.12959450483322144,0.6811825633049011,0.039877183735370636,0.11238810420036316,7.333517714869231e-05,0.00037107037496753037
clip_zero_shot,patch_shuffle_4x4,test_00603,603,9,truck,9,truck,0.4589281380176544,True,0.05768731236457825,0.012898813933134079,0.2423848956823349,0.007762361317873001,0.0025726526509970427,0.014935712330043316,0.0055197724141180515,0.0010004718787968159,0.1963098645210266,0.4589281380176544
clip_zero_shot,patch_shuffle_4x4,test_02861,2861,3,cat,3,cat,0.9881840944290161,True,0.00014100568660069257,0.0006665494875051081,0.0005626587080769241,0.9881840944290161,9.012460213853046e-05,0.00813085213303566,0.0004468587867449969,0.001310638152062893,0.0003329766041133553,0.00013423353084363043
clip_zero_shot,patch_shuffle_4x4,test_06426,6426,2,car,2,car,0.975560188293457,True,0.001137415412813425,0.0006858612759970129,0.975560188293457,0.0013740380527451634,0.0005656987777911127,0.0015194050502032042,0.0004888026742264628,0.00023492898617405444,0.0005102714640088379,0.01792340725660324
clip_zero_shot,patch_shuffle_4x4,test_07864,7864,4,deer,4,deer,0.9142544269561768,True,0.00020111878984607756,0.0012254538014531136,0.0025175632908940315,0.002457823371514678,0.9142544269561768,0.02130517177283764,0.05426785722374916,0.002405668841674924,0.00019269637414254248,0.0011722951894626021
clip_zero_shot,patch_shuffle_4x4,test_05729,5729,6,horse,6,horse,0.9961050748825073,True,0.00012066902127116919,0.00010415502038085833,0.0006775212823413312,0.0002366765693295747,0.00020902216783724725,0.0015305089764297009,0.9961050748825073,2.4373568521696143e-05,4.876213279203512e-05,0.0009432988008484244
clip_zero_shot,patch_shuffle_4x4,test_07474,7474,5,dog,5,dog,0.9554111957550049,True,0.00018055526015814394,0.006552419625222683,0.00041391284321434796,0.0011365372920408845,0.0008991812937892973,0.9554111957550049,0.033778686076402664,0.00027321153902448714,0.001023988937959075,0.000330248789396137
clip_zero_shot,patch_shuffle_4x4,test_04298,4298,1,bird,1,bird,0.972714364528656,True,0.0013594432966783643,0.972714364528656,0.003302176482975483,0.006190435495227575,0.0036387040745466948,0.003202972933650017,0.002248360775411129,0.005518293473869562,0.0005801348015666008,0.001244975603185594
clip_zero_shot,patch_shuffle_4x4,test_01175,1175,0,airplane,1,bird,0.5805082321166992,False,0.1501280963420868,0.5805082321166992,0.011577143333852291,0.03215152770280838,0.020177403464913368,0.06061317026615143,0.04193061962723732,0.06688350439071655,0.023033343255519867,0.012996958568692207
clip_zero_shot,patch_shuffle_4x4,test_03454,3454,2,car,2,car,0.9239744544029236,True,0.0014204717008396983,0.00042733512236736715,0.9239744544029236,0.001144572626799345,0.0002554456877987832,0.0010217251256108284,0.000601270527113229,0.00021439205738715827,0.001034236396662891,0.06990610063076019
clip_zero_shot,patch_shuffle_4x4,test_02754,2754,3,cat,3,cat,0.8740437626838684,True,0.0004048982518725097,0.005990772042423487,0.0023675067350268364,0.8740437626838684,0.018037831410765648,0.08416790515184402,0.005347851663827896,0.008687442168593407,0.0003882255114149302,0.0005637884023599327
clip_zero_shot,patch_shuffle_4x4,test_00855,855,4,deer,4,deer,0.6403321027755737,True,6.514388223877177e-05,0.001120690954849124,0.0007237794925458729,0.0027332925237715244,0.6403321027755737,0.009892539121210575,0.3425411581993103,0.0016720076091587543,6.149057298898697e-05,0.0008577701519243419
clip_zero_shot,patch_shuffle_4x4,test_02854,2854,7,monkey,4,deer,0.36218714714050293,False,0.000487274955958128,0.1439746916294098,0.003068766323849559,0.021166309714317322,0.36218714714050293,0.2861013114452362,0.048428360372781754,0.13284052908420563,0.0003659083740785718,0.001379699446260929
clip_zero_shot,patch_shuffle_4x4,test_05092,5092,1,bird,1,bird,0.8470370769500732,True,0.003397302934899926,0.8470370769500732,0.008106221444904804,0.007566052954643965,0.0013904181541875005,0.06905220448970795,0.018007468432188034,0.03549421578645706,0.0019966913387179375,0.007952389307320118
clip_zero_shot,patch_shuffle_4x4,test_05590,5590,9,truck,2,car,0.44208192825317383,False,0.20714233815670013,0.027494067326188087,0.44208192825317383,0.011989112943410873,0.013239413499832153,0.04222647473216057,0.029524747282266617,0.0054398528300225735,0.06403373926877975,0.15682846307754517
clip_zero_shot,patch_shuffle_4x4,test_04463,4463,3,cat,3,cat,0.6351123452186584,True,0.01607368141412735,0.078179731965065,0.03057355061173439,0.6351123452186584,0.006940500810742378,0.11426424980163574,0.013423251919448376,0.08685175329446793,0.010426062159240246,0.008154964074492455
clip_zero_shot,patch_shuffle_4x4,test_05318,5318,2,car,2,car,0.638633668422699,True,0.00041098802466876805,0.0020029013976454735,0.638633668422699,0.00045293784933164716,0.002427308587357402,0.006456977687776089,0.0019398126751184464,0.002210464794188738,0.0009965873323380947,0.3444684147834778
clip_zero_shot,patch_shuffle_4x4,test_03515,3515,6,horse,6,horse,0.8750406503677368,True,0.00016939808847382665,0.0013497488107532263,0.0015678368508815765,0.0020417424384504557,0.07278703898191452,0.04336243495345116,0.8750406503677368,0.002748481696471572,8.339763735421002e-05,0.0008492875494994223
clip_zero_shot,patch_shuffle_4x4,test_04642,4642,4,deer,4,deer,0.9983616471290588,True,5.434593731479254e-06,0.00014103477587923408,8.475748472847044e-05,0.00015802890993654728,0.9983616471290588,0.001029142295010388,0.00014918504166416824,2.871170909202192e-05,8.378005077247508e-06,3.373027720954269e-05
clip_zero_shot,patch_shuffle_4x4,test_00852,852,9,truck,2,car,0.5251954197883606,False,0.09405770152807236,0.007390221115201712,0.5251954197883606,0.002992995548993349,0.00014931774057913572,0.0074216509237885475,0.002198154106736183,0.00039357473724521697,0.02083502896130085,0.33936595916748047
clip_zero_shot,patch_shuffle_4x4,test_01247,1247,8,ship,8,ship,0.9025689959526062,True,0.0035018548369407654,0.0010503791272640228,0.015277513302862644,0.0010417478624731302,0.00025683315470814705,0.0021167027298361063,0.00080520921619609,0.0005735208978876472,0.9025689959526062,0.07280726730823517
clip_zero_shot,patch_shuffle_4x4,test_07084,7084,2,car,2,car,0.9457307457923889,True,0.0008781402721069753,0.001685825758613646,0.9457307457923889,0.0013608037261292338,0.0015510335797443986,0.005153163801878691,0.0005121423746459186,0.00023252161918208003,0.0004489509155973792,0.0424467995762825
clip_zero_shot,patch_shuffle_4x4,test_05301,5301,9,truck,2,car,0.68104088306427,False,0.051398321986198425,0.010683533735573292,0.68104088306427,0.002257522428408265,0.001325707184150815,0.014483549632132053,0.021899834275245667,0.001066998578608036,0.038587234914302826,0.17725633084774017
clip_zero_shot,patch_shuffle_4x4,test_05082,5082,6,horse,6,horse,0.9919453263282776,True,0.00042584358016029,0.0016724859597161412,0.00044133252231404185,0.0006893453537486494,0.001460120896808803,0.0018733955221250653,0.9919453263282776,0.0006327973096631467,0.00013661808043252677,0.0007228536996990442
clip_zero_shot,patch_shuffle_4x4,test_05077,5077,4,deer,4,deer,0.9840790629386902,True,2.9670634830836207e-05,0.0006507904618047178,0.00022724080190528184,8.322177018271759e-05,0.9840790629386902,0.002079112222418189,0.011313887313008308,0.0013843139167875051,3.146391100017354e-05,0.00012125752255087718
clip_zero_shot,patch_shuffle_4x4,test_01563,1563,3,cat,1,bird,0.3251488506793976,False,0.005902937613427639,0.3251488506793976,0.057714588940143585,0.04879915341734886,0.037233851850032806,0.11276349425315857,0.08706792443990707,0.3001570999622345,0.01058225892484188,0.01462984923273325
clip_zero_shot,patch_shuffle_4x4,test_00029,29,7,monkey,7,monkey,0.5220924615859985,True,0.00183098204433918,0.13954441249370575,0.0213234331458807,0.09903884679079056,0.05192846432328224,0.13492591679096222,0.01643986441195011,0.5220924615859985,0.0038373558782041073,0.009038264863193035
clip_zero_shot,patch_shuffle_4x4,test_03867,3867,7,monkey,7,monkey,0.9877358078956604,True,1.28344490804011e-05,0.0008660032763145864,0.00037162532680667937,0.0008634155383333564,0.0005873580230399966,0.00869713257998228,0.0006008740747347474,0.9877358078956604,3.459582512732595e-05,0.00023034813057165593
clip_zero_shot,patch_shuffle_4x4,test_04620,4620,6,horse,6,horse,0.9191112518310547,True,0.0014737058663740754,0.004602154716849327,0.004206003621220589,0.0023471680469810963,0.004776509944349527,0.04723530635237694,0.9191112518310547,0.008303264155983925,0.005928474944084883,0.0020161352586001158
clip_zero_shot,patch_shuffle_4x4,test_04065,4065,2,car,2,car,0.9117584228515625,True,0.0031994651071727276,0.0005875584320165217,0.9117584228515625,0.0013145487755537033,0.00013989316357765347,0.0018474890384823084,0.0006547627854160964,0.0003334850771352649,0.0023352710995823145,0.07782912999391556
clip_zero_shot,patch_shuffle_4x4,test_01095,1095,5,dog,5,dog,0.9844324588775635,True,4.0687071305001155e-05,0.00028648521401919425,0.00029269780497998,0.0012052439851686358,0.0012387159513309598,0.9844324588775635,0.011535982601344585,0.0005109187331981957,6.531443796120584e-05,0.0003914145636372268
clip_zero_shot,patch_shuffle_4x4,test_04229,4229,3,cat,3,cat,0.926582396030426,True,0.00017748953541740775,0.0028971247375011444,0.0034160574432462454,0.926582396030426,0.011334171518683434,0.009187554009258747,0.0003694327315315604,0.044240742921829224,0.0007349555962719023,0.00106007547583431
clip_zero_shot,patch_shuffle_4x4,test_03562,3562,3,cat,4,deer,0.6931746006011963,False,7.270283822435886e-05,0.0034788488410413265,0.0007027571555227041,0.0127739068120718,0.6931746006011963,0.12241070717573166,0.08382850885391235,0.08275332301855087,0.00011875709606101736,0.0006857331609353423
clip_zero_shot,patch_shuffle_4x4,test_02342,2342,8,ship,8,ship,0.9906595945358276,True,0.005442419089376926,0.0003667795390356332,0.0017944899154826999,0.00010329856013413519,8.205543417716399e-05,0.0002306020469404757,0.00012982886983081698,0.00020573328947648406,0.9906595945358276,0.0009852705989032984
clip_zero_shot,patch_shuffle_4x4,test_01667,1667,6,horse,6,horse,0.4668382406234741,True,0.0016499734483659267,0.011905054561793804,0.009752383455634117,0.0234446469694376,0.017984824255108833,0.42765599489212036,0.4668382406234741,0.018812771886587143,0.00821754802018404,0.01373856607824564
clip_zero_shot,patch_shuffle_4x4,test_07033,7033,1,bird,1,bird,0.48232322931289673,True,0.0023019141517579556,0.48232322931289673,0.02451086789369583,0.06347069889307022,0.20981226861476898,0.04469377174973488,0.005916714668273926,0.15434305369853973,0.0038614419754594564,0.008766096085309982
clip_zero_shot,patch_shuffle_4x4,test_01771,1771,7,monkey,6,horse,0.23292969167232513,False,0.008736209012567997,0.1795106828212738,0.07374007254838943,0.06100872531533241,0.06623166799545288,0.14291982352733612,0.23292969167232513,0.18613220751285553,0.01679476909339428,0.03199616074562073
clip_zero_shot,patch_shuffle_4x4,test_03157,3157,8,ship,2,car,0.39630240201950073,False,0.07875023782253265,0.02573009952902794,0.39630240201950073,0.017824145033955574,0.004038016777485609,0.04572664946317673,0.007466692477464676,0.003973571117967367,0.2580516040325165,0.16213668882846832
clip_zero_shot,patch_shuffle_4x4,test_03851,3851,3,cat,3,cat,0.8099743723869324,True,0.00014472383190877736,0.0065623689442873,0.0011824104003608227,0.8099743723869324,0.0015113195404410362,0.17386309802532196,0.0030795654747635126,0.0030923555605113506,0.0003725917194969952,0.0002172640961362049
clip_zero_shot,patch_shuffle_4x4,test_01287,1287,7,monkey,5,dog,0.7887334823608398,False,0.0002023129927692935,0.032526738941669464,0.0038416527677327394,0.029536113142967224,0.049138039350509644,0.7887334823608398,0.005411267746239901,0.08664438873529434,0.00036008658935315907,0.0036058160476386547
clip_zero_shot,patch_shuffle_4x4,test_07320,7320,0,airplane,0,airplane,0.5107452273368835,True,0.5107452273368835,0.029478799551725388,0.34353575110435486,0.005352783016860485,0.003018107730895281,0.011958564631640911,0.014500283636152744,0.0022631112951785326,0.020217226818203926,0.05893030762672424
clip_zero_shot,patch_shuffle_4x4,test_07600,7600,6,horse,6,horse,0.9671784043312073,True,0.004858267027884722,0.004001800902187824,0.004091843497008085,0.003651814768090844,0.0025179467629641294,0.008283806964755058,0.9671784043312073,0.0011897069634869695,0.0012384403962641954,0.0029879864305257797
clip_zero_shot,patch_shuffle_4x4,test_03852,3852,5,dog,5,dog,0.4695321023464203,True,0.028780627995729446,0.10401672124862671,0.08009171485900879,0.05813469737768173,0.06365173310041428,0.4695321023464203,0.026699287816882133,0.109296515583992,0.036019694060087204,0.023776840418577194
clip_zero_shot,patch_shuffle_4x4,test_00269,269,7,monkey,7,monkey,0.9798579216003418,True,8.315781997225713e-06,0.0004019612679257989,0.00010684016888262704,0.0018465722678229213,8.42484223539941e-05,0.01718505658209324,0.0004148941661696881,0.9798579216003418,1.0332314559491351e-05,8.381983207073063e-05
clip_zero_shot,patch_shuffle_4x4,test_01703,1703,7,monkey,5,dog,0.741296648979187,False,7.155229104682803e-05,0.0044674561358988285,0.0012889434583485126,0.09422804415225983,0.09536296129226685,0.741296648979187,0.005494194570928812,0.05716058984398842,0.0001626603479962796,0.0004668136825785041
clip_zero_shot,patch_shuffle_4x4,test_07776,7776,5,dog,6,horse,0.29584068059921265,False,0.013024067506194115,0.019876116886734962,0.070033498108387,0.02384297363460064,0.01562586985528469,0.24470309913158417,0.29584068059921265,0.25105756521224976,0.005346453282982111,0.06064964458346367
clip_zero_shot,patch_shuffle_4x4,test_03891,3891,4,deer,4,deer,0.986745297908783,True,2.537028194637969e-06,0.003002731828019023,4.4308188080322e-05,0.0024423773866146803,0.986745297908783,0.002337308134883642,0.0015711411833763123,0.003809974528849125,9.212729310092982e-06,3.508376903482713e-05
clip_zero_shot,patch_shuffle_4x4,test_07009,7009,0,airplane,0,airplane,0.9315087795257568,True,0.9315087795257568,0.010268362239003181,0.0161226037889719,0.0007571801543235779,0.0022062459029257298,0.004692249000072479,0.004362076986581087,0.0008538866532035172,0.014648526906967163,0.014580038376152515
clip_zero_shot,patch_shuffle_4x4,test_04893,4893,0,airplane,0,airplane,0.9584972858428955,True,0.9584972858428955,0.019693981856107712,0.00367307779379189,0.00043814053060486913,0.00034389979555271566,0.001302019809372723,0.0006414669915102422,0.0021868827752768993,0.011660155840218067,0.0015631093410775065
clip_zero_shot,patch_shuffle_4x4,test_02351,2351,9,truck,9,truck,0.9620925188064575,True,0.0004252535873092711,0.00019876605074387044,0.035714685916900635,6.409992784028873e-05,6.169923290144652e-05,0.0005692171980626881,0.0002342420630156994,3.311585896881297e-05,0.0006063366308808327,0.9620925188064575
clip_zero_shot,patch_shuffle_4x4,test_03550,3550,1,bird,1,bird,0.9862288236618042,True,0.002122996374964714,0.9862288236618042,0.0011653447290882468,0.0010508270934224129,0.0012553938431665301,0.0026586626190692186,0.002173325279727578,0.0018136556027457118,0.000883502303622663,0.0006473971297964454
clip_zero_shot,patch_shuffle_4x4,test_05719,5719,7,monkey,6,horse,0.765579879283905,False,0.00035299253067933023,0.017936913296580315,0.004157731309533119,0.02473488822579384,0.011629152111709118,0.0754629522562027,0.765579879283905,0.09534280002117157,0.0005830395384691656,0.0042196959257125854
clip_zero_shot,patch_shuffle_4x4,test_01884,1884,7,monkey,7,monkey,0.9333220720291138,True,3.774026845348999e-05,0.0547187440097332,0.00010403284250060096,0.004211785737425089,0.0022537701297551394,0.003049751976504922,0.002182650612667203,0.9333220720291138,4.344110129750334e-05,7.605023711221293e-05
clip_zero_shot,patch_shuffle_4x4,test_02898,2898,4,deer,4,deer,0.7100449204444885,True,0.00017273954290430993,0.0012120901374146342,0.0006844880990684032,0.0002908239548560232,0.7100449204444885,0.00854957289993763,0.27765002846717834,0.0006447351770475507,0.00010072292207041755,0.0006499170558527112
clip_zero_shot,patch_shuffle_4x4,test_04640,4640,1,bird,1,bird,0.99037104845047,True,0.0011817571939900517,0.99037104845047,0.0003442502347752452,0.0006052275421097875,0.0006726094288751483,0.0011916961520910263,0.00014847902639303356,0.005099631380289793,0.00013001133629586548,0.00025521681527607143
clip_zero_shot,patch_shuffle_4x4,test_07610,7610,4,deer,4,deer,0.989250659942627,True,6.913036941114115e-06,0.00043454483966343105,6.790951738366857e-05,0.00015382688434328884,0.989250659942627,0.0021171614062041044,0.007751761935651302,0.0001790498645277694,1.595185858604964e-05,2.2319813069771044e-05
clip_zero_shot,patch_shuffle_4x4,test_01833,1833,8,ship,8,ship,0.8459010720252991,True,0.028145872056484222,0.0034301867708563805,0.028436392545700073,0.0046516237780451775,0.0009924963815137744,0.004233655519783497,0.0025167108979076147,0.0038859990891069174,0.8459010720252991,0.07780593633651733
clip_zero_shot,patch_shuffle_4x4,test_06455,6455,0,airplane,0,airplane,0.9788413643836975,True,0.9788413643836975,0.006085031200200319,0.004172718618065119,0.00031768158078193665,0.0001456114841857925,0.001455432502552867,0.00021918532729614526,0.0005020753596909344,0.0065777176059782505,0.0016830615932121873
clip_zero_shot,patch_shuffle_4x4,test_03893,3893,9,truck,9,truck,0.9438436627388,True,0.0005585523904301226,0.0005059998948127031,0.051637906581163406,0.0002569560310803354,0.00021643647050950676,0.0009061049204319715,0.000796573527622968,0.0001233163638971746,0.001154440687969327,0.9438436627388
clip_zero_shot,patch_shuffle_4x4,test_04731,4731,6,horse,6,horse,0.9968661665916443,True,0.00019188469741493464,0.00034283698187209666,0.0002715454320423305,0.00029851257568225265,0.00033785347477532923,0.0008412040770053864,0.9968661665916443,0.00012025302567053586,0.00017780892085283995,0.0005519972182810307
clip_zero_shot,patch_shuffle_4x4,test_00929,929,6,horse,6,horse,0.937590479850769,True,0.00012515966955106705,0.0006003511953167617,0.00107620470225811,0.0009507205104455352,0.006075696088373661,0.05237530171871185,0.937590479850769,0.00019552692538127303,4.556299973046407e-05,0.0009650440188124776
clip_zero_shot,patch_shuffle_4x4,test_03962,3962,6,horse,6,horse,0.899037778377533,True,3.5276523703942075e-05,0.0015237105544656515,0.0008581889560446143,0.0038175007794052362,0.02982843853533268,0.06322333216667175,0.899037778377533,0.0010531148873269558,0.00013994246546644717,0.00048275478184223175
clip_zero_shot,patch_shuffle_4x4,test_03778,3778,3,cat,3,cat,0.9712561368942261,True,0.0005259531317278743,0.003544823033735156,0.0011879581725224853,0.9712561368942261,0.0004939920618198812,0.015194745734333992,0.001767916837707162,0.003533098381012678,0.0012002639705315232,0.0012949783122166991
clip_zero_shot,patch_shuffle_4x4,test_01429,1429,4,deer,4,deer,0.8120918869972229,True,0.0004517206980381161,0.016246693208813667,0.001604078453965485,0.014356127008795738,0.8120918869972229,0.09174949675798416,0.015028371475636959,0.04720238596200943,0.00040729163447394967,0.0008620471926406026
clip_zero_shot,patch_shuffle_4x4,test_00049,49,2,car,2,car,0.9875167012214661,True,0.0004129622539039701,0.0005932936328463256,0.9875167012214661,0.00029842922231182456,0.0006086910725571215,0.0004854935687035322,0.0008272665436379611,0.0001226831809617579,0.0003809513000305742,0.00875354465097189
clip_zero_shot,patch_shuffle_4x4,test_00276,276,9,truck,9,truck,0.4056742787361145,True,0.009271189570426941,0.06153922900557518,0.18388451635837555,0.0316220223903656,0.013629651628434658,0.11699898540973663,0.1200035810470581,0.04975269362330437,0.007623916957527399,0.4056742787361145
clip_zero_shot,patch_shuffle_4x4,test_06076,6076,1,bird,1,bird,0.9951190948486328,True,0.0010834872955456376,0.9951190948486328,0.0006638084887526929,0.00024236350145656615,0.00044396144221536815,0.00047819266910664737,0.00043723604176193476,0.0004350283124949783,0.0003631942381616682,0.0007336039561778307
clip_zero_shot,patch_shuffle_4x4,test_01389,1389,0,airplane,0,airplane,0.9529160857200623,True,0.9529160857200623,0.016856377944350243,0.003984520211815834,0.0007013391004875302,0.000741317227948457,0.0018068524077534676,0.0011970775667577982,0.0017102856654673815,0.015415620058774948,0.004670511465519667
clip_zero_shot,patch_shuffle_4x4,test_03362,3362,2,car,2,car,0.9712400436401367,True,0.00044065917609259486,0.0002609669172670692,0.9712400436401367,0.00011297545279376209,0.0001362453040201217,0.0007061915821395814,0.00016039633192121983,7.318841380765662e-05,0.00015345551946666092,0.026715992018580437
clip_zero_shot,patch_shuffle_4x4,test_00317,317,2,car,2,car,0.8010112047195435,True,0.0011338143376633525,0.002261565299704671,0.8010112047195435,0.0004250214551575482,0.000612845120485872,0.001077180029824376,0.0003082031034864485,0.00032359655597247183,0.0006628634873777628,0.19218365848064423
clip_zero_shot,patch_shuffle_4x4,test_04675,4675,0,airplane,0,airplane,0.9484274983406067,True,0.9484274983406067,0.015521882101893425,0.0030751870945096016,0.0003946056531276554,0.001002664677798748,0.0015686340630054474,0.00043047970393672585,0.0021604641806334257,0.024167375639081,0.0032514045014977455
clip_zero_shot,patch_shuffle_4x4,test_05924,5924,5,dog,5,dog,0.871209979057312,True,6.0989390476606786e-05,0.001101115602068603,0.0003953003906644881,0.007530545815825462,0.005267607048153877,0.871209979057312,0.08329709619283676,0.030170569196343422,0.0001082359958672896,0.0008586184703744948
clip_zero_shot,patch_shuffle_4x4,test_00198,198,1,bird,1,bird,0.7134984731674194,True,0.017152590677142143,0.7134984731674194,0.07603554427623749,0.0946710929274559,0.008725482039153576,0.03330057114362717,0.00938692968338728,0.025798490270972252,0.010725118219852448,0.010705702006816864
clip_zero_shot,patch_shuffle_4x4,test_07779,7779,6,horse,6,horse,0.9227911233901978,True,0.001249754219315946,0.0018522454192861915,0.016559183597564697,0.0024090148508548737,0.0023310258984565735,0.040645964443683624,0.9227911233901978,0.0014098855899646878,0.0007462367066182196,0.010005469433963299
clip_zero_shot,patch_shuffle_4x4,test_04054,4054,4,deer,4,deer,0.8244999647140503,True,0.0012365510920062661,0.008869810961186886,0.004373773001134396,0.003148454474285245,0.8244999647140503,0.05919061601161957,0.08740133792161942,0.006667440291494131,0.0006405618041753769,0.003971435595303774
clip_zero_shot,patch_shuffle_4x4,test_05556,5556,4,deer,6,horse,0.9601984620094299,False,0.0001754431432345882,0.0003834626404568553,0.0012599446345120668,0.00010531162843108177,0.03396665304899216,0.0025579966604709625,0.9601984620094299,0.00015919531870167702,5.676089131156914e-05,0.0011367377592250705
clip_zero_shot,patch_shuffle_4x4,test_02687,2687,1,bird,1,bird,0.4761940538883209,True,0.017551837489008904,0.4761940538883209,0.08589958399534225,0.06395336240530014,0.05283506587147713,0.09862007200717926,0.03732416406273842,0.10904301702976227,0.02750038541853428,0.031078387051820755
clip_zero_shot,patch_shuffle_4x4,test_01202,1202,2,car,2,car,0.9551939964294434,True,0.005448570940643549,0.0014548427425324917,0.9551939964294434,0.00024978071451187134,1.3331226000445895e-05,0.00035960396053269506,0.0007511262083426118,0.00012384254659991711,0.0026471936143934727,0.03375774249434471
clip_zero_shot,patch_shuffle_4x4,test_00097,97,5,dog,3,cat,0.8464499711990356,False,9.446037438465282e-05,0.008471743203699589,0.0010555865010246634,0.8464499711990356,0.0014865954872220755,0.034008994698524475,0.002532563405111432,0.10527907311916351,0.0002436758513795212,0.0003771959454752505
clip_zero_shot,patch_shuffle_4x4,test_06033,6033,4,deer,4,deer,0.839348316192627,True,0.000508975179400295,0.03369491919875145,0.0042969542555511,0.018280379474163055,0.839348316192627,0.03417159616947174,0.0582958348095417,0.0085366852581501,0.00033123750472441316,0.0025351669173687696
clip_zero_shot,patch_shuffle_4x4,test_01711,1711,7,monkey,7,monkey,0.9581826329231262,True,6.137083255453035e-05,0.004868356976658106,0.0003003193123731762,0.004261575173586607,0.004198043141514063,0.011281054466962814,0.016473429277539253,0.9581826329231262,6.829026096966118e-05,0.0003049823280889541
clip_zero_shot,patch_shuffle_4x4,test_01430,1430,9,truck,9,truck,0.9771333932876587,True,0.0003949106903746724,0.0014739976031705737,0.016803467646241188,0.0004530861333478242,0.00017810717690736055,0.0003358141693752259,0.0007553787436336279,0.000864728819578886,0.0016070989659056067,0.9771333932876587
clip_zero_shot,patch_shuffle_4x4,test_00739,739,8,ship,8,ship,0.917496383190155,True,0.02809702791273594,0.00592127675190568,0.011477370746433735,0.0010513575980439782,0.00021858980471733958,0.0024099163711071014,0.0009857582626864314,0.0008380170911550522,0.917496383190155,0.031504351645708084
clip_zero_shot,patch_shuffle_4x4,test_03491,3491,1,bird,1,bird,0.981923520565033,True,0.0019298576517030597,0.981923520565033,0.0012506956700235605,0.007646768353879452,0.000454087887192145,0.0026214069221168756,0.0009238178026862442,0.0015969054074957967,0.0007298236014321446,0.0009230886353179812
clip_zero_shot,patch_shuffle_4x4,test_01568,1568,1,bird,1,bird,0.6144360899925232,True,0.0030759989749640226,0.6144360899925232,0.009796763770282269,0.1121351420879364,0.0424085408449173,0.137336865067482,0.018793854862451553,0.04998863860964775,0.006693248171359301,0.005334826651960611
clip_zero_shot,patch_shuffle_4x4,test_01211,1211,4,deer,4,deer,0.9925053119659424,True,1.5606548913638107e-05,0.0010455213487148285,0.00018279353389516473,9.039586439030245e-05,0.9925053119659424,0.001368434401229024,0.004191480576992035,0.0004986017011106014,2.222584589617327e-05,7.96480308054015e-05
clip_zero_shot,patch_shuffle_4x4,test_04913,4913,2,car,2,car,0.918910801410675,True,0.0008014442282728851,0.0013792647514492273,0.918910801410675,0.0005189853254705667,0.001251117791980505,0.002520462963730097,0.0008929269970394671,0.0013545238180086017,0.0009332181653007865,0.07143743336200714
clip_zero_shot,patch_shuffle_4x4,test_02502,2502,2,car,2,car,0.9701903462409973,True,0.0008242701296694577,0.0009746309369802475,0.9701903462409973,0.0005607177736237645,0.0003489500377327204,0.0018682091031223536,0.000690734654199332,0.00027179677272215486,0.0016578049398958683,0.02261263132095337
clip_zero_shot,patch_shuffle_4x4,test_02539,2539,3,cat,3,cat,0.40459495782852173,True,0.011369318701326847,0.05495057627558708,0.08060044050216675,0.40459495782852173,0.048304375261068344,0.2318209856748581,0.11222966760396957,0.020324327051639557,0.015705423429608345,0.020099997520446777
clip_zero_shot,patch_shuffle_4x4,test_00979,979,3,cat,3,cat,0.9781008958816528,True,0.00022170440934132785,0.003974725492298603,0.003309536725282669,0.9781008958816528,0.0002477361122146249,0.007878494448959827,0.002039257436990738,0.0029781979974359274,0.00047285258187912405,0.0007766368216834962
clip_zero_shot,patch_shuffle_4x4,test_06354,6354,2,car,2,car,0.8319713473320007,True,0.0073384311981499195,0.0022164254914969206,0.8319713473320007,0.003788251895457506,0.0004195794172119349,0.004961227998137474,0.0024752344470471144,0.0008233696571551263,0.009117753244936466,0.13688836991786957
clip_zero_shot,patch_shuffle_4x4,test_04735,4735,2,car,2,car,0.7202227115631104,True,0.0014931837795302272,0.0009467188501730561,0.7202227115631104,0.0002640617312863469,0.00022624425764661282,0.0019133404130116105,0.00036766802077181637,0.0001818183809518814,0.0007713376544415951,0.27361294627189636
clip_zero_shot,patch_shuffle_4x4,test_05912,5912,0,airplane,0,airplane,0.7798599004745483,True,0.7798599004745483,0.030309531837701797,0.04444615915417671,0.0009473132668063045,0.0005220028688199818,0.0035634678788483143,0.003161281580105424,0.010608278214931488,0.09903579950332642,0.02754613198339939
clip_zero_shot,patch_shuffle_4x4,test_03844,3844,6,horse,6,horse,0.9835150241851807,True,0.00019182787218596786,0.00023645914916414768,0.00037815552786923945,0.0005309878615662456,0.010980349965393543,0.0035745680797845125,0.9835150241851807,8.753921429160982e-05,9.678496280685067e-05,0.000408335734391585
clip_zero_shot,patch_shuffle_4x4,test_01263,1263,3,cat,4,deer,0.7157105803489685,False,0.00021046737674623728,0.003395851468667388,0.002925838576629758,0.01543592382222414,0.7157105803489685,0.06525558978319168,0.18559223413467407,0.009367987513542175,0.00040217561763711274,0.001703354879282415
clip_zero_shot,patch_shuffle_4x4,test_03404,3404,7,monkey,7,monkey,0.6641983985900879,True,0.00029929386801086366,0.025785470381379128,0.010811572894454002,0.0427214689552784,0.006078952923417091,0.24471807479858398,0.0024915682151913643,0.6641983985900879,0.0009132148115895689,0.001981989247724414
clip_zero_shot,patch_shuffle_4x4,test_03905,3905,8,ship,8,ship,0.9570533633232117,True,0.01592504233121872,0.00222377828322351,0.012024842202663422,0.0006847259937785566,0.0003036610723938793,0.0019094882300123572,0.0016037847381085157,0.0010148859582841396,0.9570533633232117,0.007256442215293646
clip_zero_shot,patch_shuffle_4x4,test_01596,1596,0,airplane,0,airplane,0.9004815816879272,True,0.9004815816879272,0.010356840677559376,0.013955751433968544,0.0002304988302057609,0.0004256204701960087,0.0017861350206658244,0.0003111086261924356,0.001390380202792585,0.0691482424736023,0.0019139783689752221
clip_zero_shot,patch_shuffle_4x4,test_03083,3083,0,airplane,0,airplane,0.8333254456520081,True,0.8333254456520081,0.08062994480133057,0.025559941306710243,0.0009298105724155903,0.004161728546023369,0.006811302155256271,0.00841672532260418,0.006565087474882603,0.025838209316134453,0.007761929649859667
clip_zero_shot,patch_shuffle_4x4,test_02003,2003,6,horse,6,horse,0.9842513799667358,True,0.00029018224449828267,0.001209475565701723,0.0011587436310946941,0.0008450185996480286,0.0023652303498238325,0.0053399489261209965,0.9842513799667358,0.0003808913752436638,0.00011268042726442218,0.00404650392010808
clip_zero_shot,patch_shuffle_4x4,test_05030,5030,2,car,2,car,0.9566213488578796,True,0.001093949656933546,0.0013230330077931285,0.9566213488578796,0.00021125469356775284,0.00023347529349848628,0.0009771561017259955,0.000919882848393172,0.000285645539406687,0.0017195182153955102,0.03661481291055679
clip_zero_shot,patch_shuffle_4x4,test_00095,95,1,bird,1,bird,0.9905877113342285,True,0.0016367118805646896,0.9905877113342285,0.0013510247226804495,0.00038776526344008744,0.0003501383471302688,0.002600262174382806,0.0007648819009773433,0.00043874909169971943,0.0009141421178355813,0.0009687103447504342
clip_zero_shot,patch_shuffle_4x4,test_02757,2757,4,deer,4,deer,0.9937191009521484,True,2.534980194468517e-05,0.00044980505481362343,0.0008642349275760353,0.00012815652007702738,0.9937191009521484,0.0019104349194094539,0.0018238330958411098,0.00047917585470713675,6.298127846093848e-05,0.000536964857019484
clip_zero_shot,patch_shuffle_4x4,test_03413,3413,1,bird,1,bird,0.994666337966919,True,0.0005021562101319432,0.994666337966919,0.000733705295715481,0.0007555545307695866,0.0007974859909154475,0.0006747076404280961,0.00012849688937421888,0.0009376504458487034,0.00025434306007809937,0.0005494444048963487
clip_zero_shot,patch_shuffle_4x4,test_05488,5488,1,bird,5,dog,0.7291963696479797,False,0.0003039332223124802,0.013422093354165554,0.0035302378237247467,0.033549971878528595,0.0059811086393892765,0.7291963696479797,0.014145980589091778,0.1976267248392105,0.00030337084899656475,0.0019402081379666924
clip_zero_shot,patch_shuffle_4x4,test_04827,4827,6,horse,6,horse,0.9572030901908875,True,0.004885843023657799,0.006446496583521366,0.0035506743006408215,0.0033423895947635174,0.0041788117960095406,0.010003591887652874,0.9572030901908875,0.004537736065685749,0.002736368915066123,0.003115009982138872
clip_zero_shot,patch_shuffle_4x4,test_01877,1877,5,dog,5,dog,0.6607570052146912,True,0.00021075893891975284,0.008101455867290497,0.0008377628982998431,0.013440021313726902,0.23669151961803436,0.6607570052146912,0.020458552986383438,0.058272432535886765,0.0002815863990690559,0.0009488173527643085
clip_zero_shot,patch_shuffle_4x4,test_02157,2157,1,bird,1,bird,0.9948658347129822,True,0.0017535706283524632,0.9948658347129822,0.0009963607881218195,0.0005518927937373519,1.749436341924593e-05,0.00035323697375133634,8.39802305563353e-05,0.0008721630438230932,0.0002736228925641626,0.00023189808416645974
clip_zero_shot,patch_shuffle_4x4,test_04821,4821,3,cat,3,cat,0.9817096590995789,True,0.0001353476836811751,0.0012238780036568642,0.0007907015969976783,0.9817096590995789,0.0002274555154144764,0.013510768301784992,0.0008927513845264912,0.0011383084347471595,0.000240919558564201,0.00013008664245717227
clip_zero_shot,patch_shuffle_4x4,test_04953,4953,5,dog,5,dog,0.499458372592926,True,0.0007261550636030734,0.01013933029025793,0.0029303429182618856,0.47263962030410767,0.0011781805660575628,0.499458372592926,0.006150940433144569,0.003691872116178274,0.0023947618901729584,0.0006903704488649964
clip_zero_shot,patch_shuffle_4x4,test_05525,5525,8,ship,8,ship,0.9560182690620422,True,0.037630487233400345,0.0028823954053223133,0.0016565468395128846,0.0002849405282177031,7.497491606045514e-05,0.00029724108753725886,0.00015030038775876164,0.00014251939137466252,0.9560182690620422,0.0008624134352430701
clip_zero_shot,patch_shuffle_4x4,test_05381,5381,5,dog,5,dog,0.7515038251876831,True,0.0007810159586369991,0.0060644899494946,0.0015084282495081425,0.01204235851764679,0.01427675224840641,0.7515038251876831,0.1452949494123459,0.0628400668501854,0.0010451487032696605,0.004642964340746403
clip_zero_shot,patch_shuffle_4x4,test_00672,672,3,cat,3,cat,0.9636224508285522,True,3.511958129820414e-05,0.002666734391823411,0.002613315125927329,0.9636224508285522,0.00862164981663227,0.01664271019399166,0.0006669182330369949,0.00453286012634635,0.00019776695990003645,0.00040033855475485325
clip_zero_shot,patch_shuffle_4x4,test_00323,323,7,monkey,3,cat,0.3577900826931,False,0.0007202693377621472,0.01442984864115715,0.004125918261706829,0.3577900826931,0.11233589798212051,0.20658975839614868,0.016990553587675095,0.28413110971450806,0.0002760252100415528,0.00261056050658226
clip_zero_shot,patch_shuffle_4x4,test_05436,5436,7,monkey,7,monkey,0.8654876351356506,True,3.51573180523701e-05,0.039992235600948334,0.00029688398353755474,0.008568339981138706,0.01144237257540226,0.07085112482309341,0.003056120593100786,0.8654876351356506,6.83899997966364e-05,0.00020178726117592305
clip_zero_shot,patch_shuffle_4x4,test_05450,5450,7,monkey,1,bird,0.9505687952041626,False,0.0057441359385848045,0.9505687952041626,0.007450511679053307,0.0038522989489138126,0.0005433210171759129,0.013307585380971432,0.008017097599804401,0.004579834174364805,0.0020177934784442186,0.003918565344065428
clip_zero_shot,patch_shuffle_4x4,test_06358,6358,5,dog,5,dog,0.993980884552002,True,8.19978304207325e-05,0.00041883927769958973,0.0005358619964681566,0.001278419280424714,0.000871420546900481,0.993980884552002,0.001145696616731584,0.0007979493821039796,0.00019451846310403198,0.0006944973138161004
clip_zero_shot,patch_shuffle_4x4,test_00372,372,3,cat,3,cat,0.6482318043708801,True,0.00045505849993787706,0.011958734132349491,0.021852757781744003,0.6482318043708801,0.00824368093162775,0.277243047952652,0.007378180045634508,0.01754974201321602,0.0017785924719646573,0.005308488849550486
clip_zero_shot,patch_shuffle_4x4,test_00378,378,5,dog,5,dog,0.9891918301582336,True,4.851421545026824e-05,0.0003117045562248677,0.00022760426509194076,0.0047400644980371,0.0009264055988751352,0.9891918301582336,0.002610268536955118,0.0013859991449862719,0.00020205738837830722,0.00035540724638849497
clip_zero_shot,patch_shuffle_4x4,test_07706,7706,5,dog,5,dog,0.8126339316368103,True,0.0001603654818609357,0.007341738790273666,0.004649882670491934,0.12689337134361267,0.000312650139676407,0.8126339316368103,0.01150696724653244,0.03001687303185463,0.0009629108244553208,0.005521418992429972
clip_zero_shot,patch_shuffle_4x4,test_02178,2178,1,bird,1,bird,0.9727218151092529,True,0.006410006899386644,0.9727218151092529,0.003938987385481596,0.0007907949038781226,0.0008450335008092225,0.004193134605884552,0.0029223370365798473,0.000203719871933572,0.0037774164229631424,0.004196783062070608
clip_zero_shot,patch_shuffle_4x4,test_05237,5237,2,car,2,car,0.9574080109596252,True,0.0007034607115201652,0.00038687887717969716,0.9574080109596252,0.0001322560419794172,0.0002555124228820205,0.0005024942802265286,0.0004136765201110393,7.133957115001976e-05,0.00030242427601478994,0.03982384875416756
clip_zero_shot,patch_shuffle_4x4,test_05478,5478,0,airplane,2,car,0.3731932044029236,False,0.19832241535186768,0.11980778723955154,0.3731932044029236,0.009623699821531773,0.007101907394826412,0.03996940329670906,0.012845037505030632,0.008328650146722794,0.043579284101724625,0.18722860515117645
clip_zero_shot,patch_shuffle_4x4,test_05452,5452,9,truck,2,car,0.4286380708217621,False,0.029542027041316032,0.0724080428481102,0.4286380708217621,0.2335907369852066,0.012771908193826675,0.04737254977226257,0.03386034816503525,0.012704414315521717,0.07801003754138947,0.051101814955472946
clip_zero_shot,patch_shuffle_4x4,test_05623,5623,4,deer,4,deer,0.9916610717773438,True,2.7887925170944072e-05,0.0005389359430409968,0.0001528141729068011,0.000490790989715606,0.9916610717773438,0.005809776950627565,0.0009504790650680661,0.0002479189133737236,8.370567229576409e-06,0.00011193331010872498
clip_zero_shot,patch_shuffle_4x4,test_06772,6772,7,monkey,7,monkey,0.8783432841300964,True,0.000420120864873752,0.025097738951444626,0.0014502998674288392,0.015084968879818916,0.009352028369903564,0.06716810911893845,0.0018028527265414596,0.8783432841300964,0.0002518037799745798,0.0010287422919645905
clip_zero_shot,patch_shuffle_4x4,test_01111,1111,4,deer,4,deer,0.9943248629570007,True,3.28947753587272e-05,0.0007727508782409132,0.00012354501814115793,3.084148556808941e-05,0.9943248629570007,0.0012883413583040237,0.0032686851918697357,6.682982348138466e-05,2.1308658688212745e-05,6.998109893174842e-05
clip_zero_shot,patch_shuffle_4x4,test_05528,5528,3,cat,3,cat,0.9898731708526611,True,4.918289414490573e-05,0.0016711166827008128,0.0001858984469436109,0.9898731708526611,3.471356103545986e-05,0.006782775279134512,0.00046022419701330364,0.0007485094829462469,0.00016428246453870088,3.0176181098795496e-05
clip_zero_shot,patch_shuffle_4x4,test_03777,3777,6,horse,6,horse,0.9918755292892456,True,1.4930615179764573e-05,0.00031446851789951324,0.00019454270659480244,0.00015475192049052566,0.005894375964999199,0.001275105751119554,0.9918755292892456,0.00014786681276746094,1.9221706679672934e-05,0.00010901539644692093
clip_zero_shot,patch_shuffle_4x4,test_02458,2458,5,dog,5,dog,0.9593573212623596,True,0.0001503124221926555,0.0005162746529094875,0.0009310942841693759,0.004729073494672775,0.005189978983253241,0.9593573212623596,0.02564126066863537,0.0013499546330422163,0.0002159599680453539,0.001918829744681716
clip_zero_shot,patch_shuffle_4x4,test_04921,4921,2,car,2,car,0.9397313594818115,True,0.0016417510341852903,0.0027949027717113495,0.9397313594818115,0.001054523279890418,0.000294269499136135,0.002483871066942811,0.0004882615467067808,0.0005135347601026297,0.0004792827821802348,0.050518233329057693
clip_zero_shot,patch_shuffle_4x4,test_03015,3015,8,ship,8,ship,0.9816222190856934,True,0.007386622950434685,0.0010087419068440795,0.0040545049123466015,0.00041743513429537416,5.175795013201423e-05,0.00050062604714185,0.00035094216582365334,0.00033543966128490865,0.9816222190856934,0.004271650221198797
clip_zero_shot,patch_shuffle_4x4,test_07476,7476,8,ship,8,ship,0.9371743202209473,True,0.013546332716941833,0.006968467030674219,0.02693064510822296,0.002825473202392459,0.00029827450634911656,0.0026614137459546328,0.0005710506229661405,0.0008416272467002273,0.9371743202209473,0.008182392455637455
clip_zero_shot,patch_shuffle_4x4,test_01520,1520,2,car,2,car,0.9009408354759216,True,0.013267166912555695,0.002924678148701787,0.9009408354759216,0.0010455965530127287,0.0001578539377078414,0.00509491004049778,0.0019205731805413961,0.0006466156337410212,0.005976206157356501,0.0680256113409996
clip_zero_shot,patch_shuffle_4x4,test_06713,6713,6,horse,6,horse,0.5078321099281311,True,0.0002949452318716794,0.0008437683572992682,0.015756189823150635,0.007761221379041672,0.0015455586835741997,0.46103549003601074,0.5078321099281311,0.002288788789883256,0.00018265284597873688,0.0024593693669885397
clip_zero_shot,patch_shuffle_4x4,test_01852,1852,1,bird,1,bird,0.9958270192146301,True,0.0010262299329042435,0.9958270192146301,0.00035713938996195793,0.0006665627588517964,0.00027234063600189984,0.0006551305996254086,0.00011560456186998636,0.00037363619776442647,0.0004281644360162318,0.0002781536604743451
clip_zero_shot,patch_shuffle_4x4,test_02268,2268,5,dog,5,dog,0.8332425951957703,True,0.00041841226629912853,0.0012387536698952317,0.0026027930434793234,0.15569864213466644,0.000882428081240505,0.8332425951957703,0.0035571756307035685,0.001273331232368946,0.0005672519910149276,0.0005185716436244547
clip_zero_shot,patch_shuffle_4x4,test_00151,151,8,ship,8,ship,0.9522089958190918,True,0.008303500711917877,0.004722383338958025,0.009729054756462574,0.003060092916712165,0.0013490068959072232,0.0025661494582891464,0.001183282001875341,0.002916115103289485,0.9522089958190918,0.013961476273834705
clip_zero_shot,patch_shuffle_4x4,test_00890,890,6,horse,6,horse,0.9954728484153748,True,3.5128217859892175e-05,0.0002217040309915319,0.00011699706374201924,0.0003809281042777002,0.0008189383079297841,0.002510598860681057,0.9954728484153748,0.00010489989654161036,4.199264367343858e-05,0.0002959979174192995
clip_zero_shot,patch_shuffle_4x4,test_00825,825,1,bird,1,bird,0.9579662680625916,True,0.03231194242835045,0.9579662680625916,0.0005269256071187556,0.0004751667729578912,0.0006153890280984342,0.0025107404217123985,0.0013893077848479152,0.0008651206735521555,0.0015340649988502264,0.0018049690406769514
clip_zero_shot,patch_shuffle_4x4,test_02536,2536,3,cat,3,cat,0.8811830282211304,True,0.0002911187766585499,0.013698218390345573,0.009253275580704212,0.8811830282211304,0.028396446257829666,0.021290848031640053,0.0016787530621513724,0.04236137121915817,0.0007786181522533298,0.0010682573774829507
clip_zero_shot,patch_shuffle_4x4,test_00470,470,2,car,2,car,0.9682202339172363,True,0.0012584361247718334,0.0005788427661173046,0.9682202339172363,0.0005780020728707314,0.00020187409245409071,0.0018221888458356261,0.0005167074268683791,0.000333370961016044,0.0005533257499337196,0.025936996564269066
clip_zero_shot,patch_shuffle_4x4,test_05256,5256,1,bird,1,bird,0.9904374480247498,True,0.0008205428603105247,0.9904374480247498,0.0013675825903192163,0.0010950921569019556,2.356069308007136e-05,0.0016402603359892964,0.0005098123219795525,0.002214642008766532,0.0005426188581623137,0.001348382094874978
clip_zero_shot,patch_shuffle_4x4,test_02011,2011,9,truck,0,airplane,0.5086392164230347,False,0.5086392164230347,0.005763411521911621,0.09057842195034027,0.002081072423607111,0.00023727222287561744,0.0029803107026964426,0.0038103852421045303,0.003012636210769415,0.3321534991264343,0.05074383690953255
clip_zero_shot,patch_shuffle_4x4,test_07150,7150,0,airplane,0,airplane,0.9772971868515015,True,0.9772971868515015,0.012144912965595722,0.001713886158540845,0.00015744814299978316,0.0005379021167755127,0.0016488130204379559,0.00046677622594870627,0.001936298911459744,0.002963284496217966,0.0011334731243550777
clip_zero_shot,patch_shuffle_4x4,test_00449,449,6,horse,6,horse,0.9941089153289795,True,0.0002195164852309972,0.00025789745268411934,0.0004863010544795543,0.0003355011867824942,0.0007035898161120713,0.00212669069878757,0.9941089153289795,5.966982280369848e-05,0.0003345407312735915,0.0013672771165147424
clip_zero_shot,patch_shuffle_4x4,test_02704,2704,4,deer,4,deer,0.9953978657722473,True,1.7456875866628252e-05,0.0006577938329428434,0.00038164047873578966,0.0006308350129984319,0.9953978657722473,0.0016386975767090917,0.0007748902426101267,0.0003912918909918517,3.874942194670439e-05,7.071052823448554e-05
clip_zero_shot,patch_shuffle_4x4,test_03437,3437,0,airplane,0,airplane,0.49222010374069214,True,0.49222010374069214,0.07288384437561035,0.1420183777809143,0.0014643417671322823,0.00356847932562232,0.005022227298468351,0.003389405319467187,0.004379770718514919,0.23559793829917908,0.039455510675907135
clip_zero_shot,patch_shuffle_4x4,test_03375,3375,3,cat,4,deer,0.3697981834411621,False,6.169797416077927e-05,0.013807407580316067,0.0009673708118498325,0.3056323230266571,0.3697981834411621,0.2244771122932434,0.005560807418078184,0.07918684184551239,0.00013319405843503773,0.0003750748292077333
clip_zero_shot,patch_shuffle_4x4,test_04552,4552,8,ship,8,ship,0.9483846426010132,True,0.006409549620002508,0.003179518273100257,0.014593209140002728,0.0032503027468919754,0.0006060466985218227,0.003744501853361726,0.000854224432259798,0.0003858341369777918,0.9483846426010132,0.018592195585370064
clip_zero_shot,patch_shuffle_4x4,test_00920,920,6,horse,6,horse,0.9830800294876099,True,0.0002688238164409995,0.0015841037966310978,0.000311909505398944,0.0007425040821544826,0.007968158461153507,0.004522230010479689,0.9830800294876099,0.0009108514059334993,0.00013336967094801366,0.00047807174269109964
clip_zero_shot,patch_shuffle_4x4,test_02242,2242,0,airplane,0,airplane,0.9662632942199707,True,0.9662632942199707,0.0022480147890746593,0.023026742041110992,0.00037196549237705767,0.0004214696236886084,0.0009007890475913882,0.0002222141483798623,0.00031716105877421796,0.0036066663451492786,0.002621866762638092
clip_zero_shot,patch_shuffle_4x4,test_02745,2745,8,ship,8,ship,0.9535133242607117,True,0.03406832739710808,0.005411469377577305,0.001014330773614347,0.000549617107026279,0.00025351185468025506,0.0008183665340766311,0.000552325218450278,0.0013633908238261938,0.9535133242607117,0.0024553746916353703
clip_zero_shot,patch_shuffle_4x4,test_01032,1032,7,monkey,7,monkey,0.8711382746696472,True,8.56890037539415e-05,0.03857401758432388,0.0004387283406686038,0.08053527027368546,0.0007123682298697531,0.00725574092939496,0.0008854800835251808,0.8711382746696472,0.0002733604342211038,0.00010107981506735086
clip_zero_shot,patch_shuffle_4x4,test_00365,365,3,cat,3,cat,0.9689705967903137,True,0.00022476617596112192,0.0011351150460541248,0.0011190695222467184,0.9689705967903137,0.0004742697055917233,0.024021919816732407,0.0020246305502951145,0.0010092956945300102,0.000612948031630367,0.00040738965617492795
clip_zero_shot,patch_shuffle_4x4,test_04850,4850,5,dog,5,dog,0.9439091086387634,True,0.000671681365929544,0.0014365995302796364,0.002216826658695936,0.028844747692346573,0.0071750967763364315,0.9439091086387634,0.012047788128256798,0.001772712217643857,0.0004329271032474935,0.0014926394214853644
clip_zero_shot,patch_shuffle_4x4,test_04819,4819,0,airplane,0,airplane,0.8993498086929321,True,0.8993498086929321,0.037582170218229294,0.008631040342152119,0.0013279268750920892,0.000752951658796519,0.0022697935346513987,0.0013731826329603791,0.004120559897273779,0.031732406467199326,0.012860359624028206
clip_zero_shot,patch_shuffle_4x4,test_07338,7338,6,horse,1,bird,0.3836285471916199,False,0.24491702020168304,0.3836285471916199,0.018308544531464577,0.0051040854305028915,0.008350491523742676,0.03540431335568428,0.26598477363586426,0.007900086231529713,0.011149303987622261,0.01925281062722206
clip_zero_shot,patch_shuffle_4x4,test_07372,7372,0,airplane,0,airplane,0.9653053879737854,True,0.9653053879737854,0.026696104556322098,0.0029233198147267103,0.0003494465781841427,0.000118653078970965,0.00046594097511842847,0.00015191598504316062,0.0007769672083668411,0.002386176260188222,0.0008260903414338827
clip_zero_shot,patch_shuffle_4x4,test_01090,1090,1,bird,1,bird,0.942424476146698,True,0.03058062680065632,0.942424476146698,0.00403152359649539,0.0042578126303851604,0.0008321487111970782,0.0033559720031917095,0.003190700663253665,0.0007788367220200598,0.004831419326364994,0.005716447718441486
clip_zero_shot,patch_shuffle_4x4,test_05062,5062,4,deer,5,dog,0.5189602971076965,False,5.1946630264865234e-05,0.006083047948777676,0.0007207953021861613,0.04972461238503456,0.028033945709466934,0.5189602971076965,0.01292824000120163,0.38236987590789795,0.00010782341996673495,0.0010193947236984968
clip_zero_shot,patch_shuffle_4x4,test_00981,981,2,car,2,car,0.9266882538795471,True,0.005498457700014114,0.00027232361026108265,0.9266882538795471,0.00016835647693369538,0.00017908810696098953,0.00022723607253283262,0.0002917173260357231,7.18505252734758e-05,0.002003398723900318,0.06459939479827881
clip_zero_shot,patch_shuffle_4x4,test_05857,5857,6,horse,5,dog,0.7199634313583374,False,5.163287642062642e-05,0.002980986377224326,0.00045126507757231593,0.008406708016991615,0.007128722034394741,0.7199634313583374,0.08915676176548004,0.17134912312030792,0.00014125884626992047,0.0003702063695527613
clip_zero_shot,patch_shuffle_4x4,test_01986,1986,1,bird,1,bird,0.9803017973899841,True,7.040111813694239e-05,0.9803017973899841,0.0010740915313363075,0.0020283085759729147,0.00029828547849319875,0.007349623832851648,0.001680170651525259,0.004487819038331509,0.0003682540263980627,0.002341333543881774
clip_zero_shot,patch_shuffle_4x4,test_05560,5560,1,bird,1,bird,0.9718993306159973,True,0.001579234842211008,0.9718993306159973,0.0023803450167179108,0.0036729308776557446,0.0008411315502598882,0.007387286052107811,0.003079731483012438,0.005470605101436377,0.0013197241351008415,0.002369464607909322
clip_zero_shot,patch_shuffle_4x4,test_01814,1814,2,car,2,car,0.9396109580993652,True,0.00123529601842165,0.0006229919963516295,0.9396109580993652,0.0003426311013754457,0.0002089621702907607,0.0006145935039967299,0.0011376955080777407,0.00026547524612396955,0.00040124772931449115,0.05556018278002739
clip_zero_shot,patch_shuffle_4x4,test_00194,194,8,ship,8,ship,0.9860164523124695,True,0.0009102065814658999,0.0006588991964235902,0.0035747094079852104,0.00033542222809046507,0.00011015259224222973,0.0008169285138137639,0.0004308780189603567,0.000220233021536842,0.9860164523124695,0.006926008965820074
clip_zero_shot,patch_shuffle_4x4,test_01993,1993,1,bird,1,bird,0.9977292418479919,True,0.0013792625395581126,0.9977292418479919,0.000139911295264028,6.800483242841437e-05,3.8803751522209495e-05,0.00020327717356849462,4.6583067160099745e-05,5.3001727792434394e-05,0.00019381201127544045,0.00014803899102844298
clip_zero_shot,patch_shuffle_4x4,test_05333,5333,2,car,2,car,0.9786307215690613,True,0.00074665347347036,0.0002579159918241203,0.9786307215690613,0.000358072662493214,0.00015781039837747812,0.0005387121345847845,0.00036301842192187905,8.731806883588433e-05,0.0008029895834624767,0.01805676706135273
clip_zero_shot,patch_shuffle_4x4,test_04311,4311,8,ship,8,ship,0.9954116940498352,True,0.0007404698990285397,0.00032588522299192846,0.000765005883295089,9.845374006545171e-05,2.6481993700144812e-05,0.0001786497450666502,8.983108273241669e-05,0.00011333036673022434,0.9954116940498352,0.0022501463536173105
clip_zero_shot,patch_shuffle_4x4,test_07425,7425,2,car,2,car,0.9430438280105591,True,0.001872022170573473,0.0006092340336181223,0.9430438280105591,0.0002198031434090808,0.0001862856443040073,0.003085183212533593,0.000677076168358326,0.0002531419740989804,0.0009196466417051852,0.049133919179439545
clip_zero_shot,patch_shuffle_4x4,test_03889,3889,5,dog,5,dog,0.48455917835235596,True,0.0024984318297356367,0.04674262925982475,0.00890166126191616,0.09067423641681671,0.023611553013324738,0.48455917835235596,0.11419984698295593,0.21780391037464142,0.003851973917335272,0.007156657055020332
clip_zero_shot,patch_shuffle_4x4,test_04308,4308,7,monkey,7,monkey,0.8564183115959167,True,0.001702558365650475,0.011087284423410892,0.0037387856282293797,0.051990658044815063,0.0031824123580008745,0.05286310613155365,0.012297764420509338,0.8564183115959167,0.001534382812678814,0.0051847342401742935
clip_zero_shot,patch_shuffle_4x4,test_01960,1960,4,deer,5,dog,0.8416653275489807,False,5.141543078934774e-05,0.002369960770010948,7.124669355107471e-05,0.0040390510112047195,0.13000230491161346,0.8416653275489807,0.010503011755645275,0.011108467355370522,2.4884133381419815e-05,0.00016433712153229862
clip_zero_shot,patch_shuffle_4x4,test_04399,4399,0,airplane,0,airplane,0.40507617592811584,True,0.40507617592811584,0.039701614528894424,0.2735273838043213,0.009710018523037434,0.009596838615834713,0.031408537179231644,0.03125859051942825,0.005136523395776749,0.09354634582996368,0.10103800892829895
clip_zero_shot,patch_shuffle_4x4,test_03191,3191,6,horse,2,car,0.35700273513793945,False,0.00407905550673604,0.031137485057115555,0.35700273513793945,0.07766615599393845,0.007940713316202164,0.18890640139579773,0.12701579928398132,0.03074638545513153,0.020464442670345306,0.15504083037376404
clip_zero_shot,patch_shuffle_4x4,test_01626,1626,5,dog,5,dog,0.9799690842628479,True,9.132816921919584e-05,0.002470065373927355,0.0013181146932765841,0.0045301662757992744,0.0029960565734654665,0.9799690842628479,0.001233365386724472,0.004551671911031008,0.0004347236535977572,0.002405407140031457
clip_zero_shot,patch_shuffle_4x4,test_00176,176,3,cat,3,cat,0.8132194876670837,True,4.6234141336753964e-05,0.014481298625469208,0.00506184808909893,0.8132194876670837,0.005200937390327454,0.15126140415668488,0.004260763991624117,0.005328205414116383,0.00033375556813552976,0.0008060529362410307
clip_zero_shot,patch_shuffle_4x4,test_07726,7726,6,horse,6,horse,0.9937704205513,True,0.00016066095849964768,0.0005261845071800053,0.00030390493338927627,0.0005817525670863688,0.0012379477266222239,0.002919300924986601,0.9937704205513,0.0002695773437153548,3.3537140552653e-05,0.00019669203902594745
clip_zero_shot,patch_shuffle_4x4,test_02334,2334,5,dog,5,dog,0.7998659014701843,True,0.0004646989982575178,0.010099927894771099,0.0027763759717345238,0.019889313727617264,0.07309480011463165,0.7998659014701843,0.0208513755351305,0.07075894623994827,0.0004723835445474833,0.0017263818299397826
clip_zero_shot,patch_shuffle_4x4,test_01648,1648,0,airplane,0,airplane,0.9732273817062378,True,0.9732273817062378,0.015620489604771137,0.0015344027196988463,0.0003807813918683678,0.00045460707042366266,0.0014537994284182787,0.0002725248923525214,0.002763856202363968,0.002838204149156809,0.0014537827810272574
clip_zero_shot,patch_shuffle_4x4,test_06084,6084,7,monkey,7,monkey,0.902952253818512,True,4.301329317968339e-05,0.012584415264427662,0.000246610667090863,0.07706786692142487,0.00010609871242195368,0.006427416577935219,0.0003802977444138378,0.902952253818512,6.940719322301447e-05,0.00012260944640729576
clip_zero_shot,patch_shuffle_4x4,test_03455,3455,0,airplane,0,airplane,0.8047816753387451,True,0.8047816753387451,0.01425737701356411,0.03441618010401726,0.0008670720271766186,0.00032637108233757317,0.004772554151713848,0.0014514382928609848,0.0029120557010173798,0.07366222888231277,0.06255293637514114
clip_zero_shot,patch_shuffle_4x4,test_01468,1468,9,truck,9,truck,0.8161572813987732,True,0.0011722735362127423,0.0005208813236095011,0.1722680628299713,0.0002881143009290099,0.00015862728469073772,0.0007572781760245562,0.001418700092472136,0.00015675471513532102,0.00710207037627697,0.8161572813987732
clip_zero_shot,patch_shuffle_4x4,test_01296,1296,7,monkey,1,bird,0.7702997326850891,False,0.0002254728169646114,0.7702997326850891,0.0018330576131120324,0.02351275086402893,0.0020820964127779007,0.01404240820556879,0.0019154774490743876,0.18479402363300323,0.00034569413401186466,0.0009493375546298921
clip_zero_shot,patch_shuffle_4x4,test_05213,5213,4,deer,4,deer,0.6987576484680176,True,0.0010182878468185663,0.007888332940638065,0.0014372108271345496,0.0030110192019492388,0.6987576484680176,0.011572419665753841,0.26683661341667175,0.007130906917154789,0.0004473611479625106,0.0019002108601853251
clip_zero_shot,patch_shuffle_4x4,test_07047,7047,9,truck,9,truck,0.9738414883613586,True,0.0008716501179151237,0.0009431312792003155,0.020150501281023026,0.00023658896679989994,8.523451106157154e-05,0.0005804481916129589,0.0005960031412541866,8.523141877958551e-05,0.0026097372174263,0.9738414883613586
clip_zero_shot,patch_shuffle_4x4,test_05360,5360,9,truck,9,truck,0.794376790523529,True,0.007060948293656111,0.0015644518425688148,0.19105593860149384,0.00034768827026709914,0.0002314371959073469,0.0019505637465044856,0.0007655699155293405,0.00017204236064571887,0.002474549226462841,0.794376790523529
clip_zero_shot,patch_shuffle_4x4,test_05824,5824,2,car,2,car,0.8824713826179504,True,0.0018905785400420427,0.001052175066433847,0.8824713826179504,0.0002051114570349455,0.00026529678143560886,0.0017167713958770037,0.0004030259733553976,0.00011579219426494092,0.0018595467554405332,0.11002026498317719
clip_zero_shot,patch_shuffle_4x4,test_07460,7460,8,ship,9,truck,0.3023805320262909,False,0.0916111096739769,0.013718600384891033,0.2926906943321228,0.014218799769878387,0.0011721563059836626,0.04407142102718353,0.009819363243877888,0.0009495344711467624,0.22936777770519257,0.3023805320262909
clip_zero_shot,patch_shuffle_4x4,test_04791,4791,7,monkey,5,dog,0.3878037631511688,False,0.0020992569625377655,0.026414399966597557,0.0274968221783638,0.10234289616346359,0.1683465838432312,0.3878037631511688,0.038716502487659454,0.22994017601013184,0.002615200122818351,0.014224354177713394
clip_zero_shot,patch_shuffle_4x4,test_06692,6692,2,car,2,car,0.8168646097183228,True,0.002016072627156973,0.00046604053932242095,0.8168646097183228,0.0002975210372824222,4.675164382206276e-05,0.0005710145924240351,0.00014024309348315,5.457966108224355e-05,0.002002597553655505,0.17754065990447998
clip_zero_shot,patch_shuffle_4x4,test_06931,6931,9,truck,9,truck,0.7035496234893799,True,0.020687250420451164,0.01870923861861229,0.18767935037612915,0.021409617736935616,0.001150024589151144,0.01595829799771309,0.01105626579374075,0.001268003135919571,0.018532367423176765,0.7035496234893799
clip_zero_shot,patch_shuffle_4x4,test_00667,667,8,ship,8,ship,0.995758593082428,True,0.0005382332019507885,0.0007415111176669598,0.0008185096085071564,0.00010748721251729876,9.982990741264075e-05,0.0004000640765298158,0.00035533198388293386,0.00014089475735090673,0.995758593082428,0.0010394700802862644
clip_zero_shot,patch_shuffle_4x4,test_07781,7781,6,horse,6,horse,0.9952710270881653,True,3.9093672967283055e-05,0.0005198589060455561,0.00030106533085927367,0.0003519937745295465,0.0006719356752000749,0.0024112977553159,0.9952710270881653,0.00017366724205203354,2.714129186642822e-05,0.00023284989583771676
clip_zero_shot,patch_shuffle_4x4,test_07793,7793,3,cat,3,cat,0.763979434967041,True,0.0005645344499498606,0.003415902843698859,0.006279476452618837,0.763979434967041,0.0019444935023784637,0.16810497641563416,0.0044923210516572,0.04813799262046814,0.0022521696519106627,0.0008287324453704059
clip_zero_shot,patch_shuffle_4x4,test_01411,1411,9,truck,9,truck,0.6142129302024841,True,0.21160052716732025,0.0025008958764374256,0.16485784947872162,0.00034112573484890163,0.0004423665232025087,0.002045423723757267,0.0014137866673991084,0.00010272620420437306,0.002482361625880003,0.6142129302024841
clip_zero_shot,patch_shuffle_4x4,test_01473,1473,7,monkey,7,monkey,0.9783942103385925,True,2.9665005058632232e-05,0.005329780746251345,0.0004581700195558369,0.0038055148907005787,0.00047152076149359345,0.009331994690001011,0.0016847588121891022,0.9783942103385925,8.881251415004954e-05,0.0004056885954923928
clip_zero_shot,patch_shuffle_4x4,test_07130,7130,5,dog,5,dog,0.6970674395561218,True,0.0013497156323865056,0.010513164103031158,0.009809575974941254,0.00799274817109108,0.08755095303058624,0.6970674395561218,0.0700543150305748,0.10762195289134979,0.0008752247667871416,0.007164789829403162
clip_zero_shot,patch_shuffle_4x4,test_01956,1956,7,monkey,5,dog,0.5171591639518738,False,0.0014121163403615355,0.011219535954296589,0.010514900088310242,0.2507763206958771,0.0637582466006279,0.5171591639518738,0.07665406167507172,0.05706004798412323,0.0051821316592395306,0.006263459101319313
clip_zero_shot,patch_shuffle_4x4,test_06716,6716,5,dog,5,dog,0.9288856983184814,True,0.0002170717198168859,0.0036140172742307186,0.009525064378976822,0.02035568840801716,0.001249807421118021,0.9288856983184814,0.015580358915030956,0.016741003841161728,0.0017433863831683993,0.0020878820214420557
clip_zero_shot,patch_shuffle_4x4,test_04106,4106,5,dog,5,dog,0.49493408203125,True,0.0002431040193187073,0.0033187035005539656,0.0012680119834840298,0.48967668414115906,0.0030206709634512663,0.49493408203125,0.0015035112155601382,0.005380318500101566,0.00045817522914148867,0.00019681418780237436
clip_zero_shot,patch_shuffle_4x4,test_03494,3494,6,horse,6,horse,0.9979342222213745,True,3.4394201065879315e-05,0.00022165232803672552,0.0003120640176348388,9.203277295455337e-05,0.00011444186384323984,0.0008487246232107282,0.9979342222213745,7.441336492775008e-05,1.6847143342602067e-05,0.0003511568938847631
clip_zero_shot,patch_shuffle_4x4,test_00691,691,4,deer,4,deer,0.9957764744758606,True,1.007100672723027e-05,0.00023394419986288995,8.030979370232671e-05,5.142788359080441e-05,0.9957764744758606,0.0009571544942446053,0.002620292128995061,0.0002319550112588331,8.965543202066328e-06,2.9463513783412054e-05
clip_zero_shot,patch_shuffle_4x4,test_05220,5220,1,bird,1,bird,0.5141966342926025,True,0.0021102807950228453,0.5141966342926025,0.032917916774749756,0.1060030609369278,0.002983406651765108,0.26795443892478943,0.007123780436813831,0.059619273990392685,0.001856963848695159,0.005234264302998781
clip_zero_shot,patch_shuffle_4x4,test_04908,4908,3,cat,3,cat,0.9335049390792847,True,0.0013432736741378903,0.002965010469779372,0.012725993990898132,0.9335049390792847,0.006753093563020229,0.033438608050346375,0.0023975782096385956,0.002637965139001608,0.0015269642462953925,0.0027065712492913008
clip_zero_shot,patch_shuffle_4x4,test_07029,7029,1,bird,1,bird,0.9883739948272705,True,0.0009191810386255383,0.9883739948272705,0.003022208344191313,0.0007686757016927004,0.00025550354621373117,0.0035056155174970627,0.0006285234121605754,0.00025705015286803246,0.0003975685976911336,0.0018717239145189524
clip_zero_shot,patch_shuffle_4x4,test_04130,4130,0,airplane,0,airplane,0.9097948670387268,True,0.9097948670387268,0.016778895631432533,0.014869898557662964,0.002608159789815545,0.0019601695239543915,0.006598830223083496,0.0017047309083864093,0.008473793044686317,0.0280673298984766,0.009143448434770107
clip_zero_shot,patch_shuffle_4x4,test_07938,7938,9,truck,9,truck,0.47144269943237305,True,0.009011531248688698,0.02662494406104088,0.3847091495990753,0.013190161436796188,0.004421792458742857,0.03813396021723747,0.014466815628111362,0.012551522813737392,0.025447405874729156,0.47144269943237305
clip_zero_shot,patch_shuffle_4x4,test_05101,5101,5,dog,5,dog,0.8097814917564392,True,0.00012913222599308938,0.000714033143594861,0.17008651793003082,0.010491600260138512,0.0004988416330888867,0.8097814917564392,0.001167358597740531,0.002088621025905013,7.644441939191893e-05,0.0049659679643809795
clip_zero_shot,patch_shuffle_4x4,test_01515,1515,9,truck,9,truck,0.7353917956352234,True,0.002294483594596386,0.00303463963791728,0.23675602674484253,0.0016635940410196781,0.0009211383294314146,0.006731718312948942,0.0009775885846465826,0.0006694620242342353,0.011559641920030117,0.7353917956352234
clip_zero_shot,patch_shuffle_4x4,test_03287,3287,4,deer,4,deer,0.9900956153869629,True,6.925678462721407e-05,0.0005846911808475852,0.0004226919845677912,8.434415940428153e-05,0.9900956153869629,0.001578106195665896,0.006575091741979122,0.00020252571266610175,6.0392212617443874e-05,0.0003271816240157932
clip_zero_shot,patch_shuffle_4x4,test_00716,716,8,ship,8,ship,0.9568208456039429,True,0.02222810871899128,0.0015470340149477124,0.0055706375278532505,0.001040527131408453,0.00023920736566651613,0.0008447444997727871,0.00046743053826503456,0.0012473255628719926,0.9568208456039429,0.009994086809456348
clip_zero_shot,patch_shuffle_4x4,test_04236,4236,7,monkey,7,monkey,0.9530858397483826,True,0.0002248377277282998,0.011433332227170467,0.001414565951563418,0.005643115844577551,0.0012683594832196832,0.01820095255970955,0.007829327136278152,0.9530858397483826,0.00017118689720518887,0.0007284256280399859
clip_zero_shot,patch_shuffle_4x4,test_05408,5408,6,horse,4,deer,0.5898979902267456,False,1.8549608284956776e-05,0.0015657072653993964,0.00032833972363732755,0.009895781986415386,0.5898979902267456,0.2615894675254822,0.13480427861213684,0.0016841922188177705,7.877792813815176e-05,0.00013694311201106757
clip_zero_shot,patch_shuffle_4x4,test_05496,5496,5,dog,5,dog,0.9905778169631958,True,0.00016601588868070394,0.0010711603099480271,0.0007580178207717836,0.004419870674610138,0.00023468102153856307,0.9905778169631958,0.0014229380758479238,0.0006204853998497128,0.00027113305986858904,0.0004578463267534971
clip_zero_shot,patch_shuffle_4x4,test_03365,3365,4,deer,4,deer,0.5542946457862854,True,8.714823343325406e-05,0.004304743371903896,0.0004402952326927334,0.004821681883186102,0.5542946457862854,0.38618287444114685,0.04601085186004639,0.002556973835453391,0.00014255603309720755,0.0011582921724766493
clip_zero_shot,patch_shuffle_4x4,test_04323,4323,3,cat,3,cat,0.8622874021530151,True,0.002578173065558076,0.007126959506422281,0.051239680498838425,0.8622874021530151,0.0007470282725989819,0.05676575377583504,0.0016558758215978742,0.008749089203774929,0.003338434500619769,0.005511595867574215
clip_zero_shot,patch_shuffle_4x4,test_05467,5467,4,deer,4,deer,0.9501231908798218,True,7.70869737607427e-05,0.005973470862954855,4.896321115666069e-05,0.0004491670988500118,0.9501231908798218,0.0025122344959527254,0.01754569262266159,0.023182014003396034,1.425073787686415e-05,7.406301301671192e-05
clip_zero_shot,patch_shuffle_4x4,test_01644,1644,5,dog,5,dog,0.9802077412605286,True,8.154775423463434e-05,0.0015511756064370275,0.0005567529588006437,0.012972880154848099,0.0025089902337640524,0.9802077412605286,0.0006720899255014956,0.0010691200150176883,0.00011975307279499248,0.000259855150943622
clip_zero_shot,patch_shuffle_4x4,test_03948,3948,8,ship,8,ship,0.8739228248596191,True,0.0697333961725235,0.00685932207852602,0.02081710658967495,0.0013545530382543802,0.0005196264828555286,0.008260533213615417,0.002215550048276782,0.0032123373821377754,0.8739228248596191,0.013104641810059547
clip_zero_shot,patch_shuffle_4x4,test_06726,6726,7,monkey,7,monkey,0.791265070438385,True,8.346065442310646e-05,0.037715423852205276,0.0010360318701714277,0.059039149433374405,0.02385251596570015,0.08279154449701309,0.003143046284094453,0.791265070438385,0.00017650365771260113,0.0008972660289146006
clip_zero_shot,patch_shuffle_4x4,test_05395,5395,2,car,2,car,0.9430943131446838,True,0.0001852920395322144,0.00020385235256981105,0.9430943131446838,0.00014394106983672827,0.00013896936434321105,0.0004116422787774354,0.0001295423280680552,0.0001433189318049699,0.00039388868026435375,0.05515537038445473
clip_zero_shot,patch_shuffle_4x4,test_01579,1579,7,monkey,7,monkey,0.9861118793487549,True,2.0545345250866376e-05,0.0010912144789472222,5.004792183171958e-05,0.0044252099469304085,0.00019209092715755105,0.007609602529555559,0.0004711911897175014,0.9861118793487549,1.3737254448642489e-05,1.4440824088524096e-05
clip_zero_shot,patch_shuffle_4x4,test_05918,5918,0,airplane,0,airplane,0.9677846431732178,True,0.9677846431732178,0.00480264239013195,0.009414692409336567,0.0004018799227196723,0.00029502547113224864,0.0016388451913371682,0.0002656806318555027,0.0008654675330035388,0.00827456172555685,0.006256602704524994
clip_zero_shot,patch_shuffle_4x4,test_07041,7041,5,dog,5,dog,0.9411429166793823,True,0.0003443686873652041,0.001010302221402526,0.0031521841883659363,0.040044695138931274,0.0014134864322841167,0.9411429166793823,0.007791395764797926,0.0035829602275043726,0.0008923661662265658,0.0006253255414776504
clip_zero_shot,patch_shuffle_4x4,test_00506,506,4,deer,5,dog,0.48981773853302,False,0.0005638221628032625,0.021254707127809525,0.00549207953736186,0.026166634634137154,0.2156720608472824,0.48981773853302,0.012896746397018433,0.22140100598335266,0.0008569315541535616,0.005878289230167866
clip_zero_shot,patch_shuffle_4x4,test_04011,4011,6,horse,6,horse,0.9729123711585999,True,0.0011384226381778717,0.0015058079734444618,0.001189178554341197,0.0027489266358315945,0.0030899588018655777,0.01618485525250435,0.9729123711585999,0.00033569009974598885,0.0003849645727314055,0.0005098833353258669
clip_zero_shot,patch_shuffle_4x4,test_05981,5981,9,truck,2,car,0.5307590961456299,False,0.006563125178217888,0.0017287269001826644,0.5307590961456299,0.003389431396499276,0.0009054957772605121,0.005778586026281118,0.0019527340773493052,0.0009324963903054595,0.01512198057025671,0.4328683614730835
clip_zero_shot,patch_shuffle_4x4,test_00409,409,2,car,2,car,0.9447818994522095,True,0.0025295934174209833,0.001259452081285417,0.9447818994522095,0.0009276596829295158,0.0007369727827608585,0.0021353138145059347,0.00043763243593275547,0.00030078465351834893,0.0005607684142887592,0.046329956501722336
clip_zero_shot,patch_shuffle_4x4,test_06954,6954,1,bird,1,bird,0.9880437254905701,True,0.0006235725013539195,0.9880437254905701,0.001006786129437387,0.004518269095569849,8.287138916784897e-05,0.003088252153247595,0.0002279244945384562,0.0009063862962648273,0.00021667552937287837,0.001285387552343309
clip_zero_shot,patch_shuffle_4x4,test_07555,7555,6,horse,6,horse,0.9793064594268799,True,0.0007849044632166624,0.0006939929444342852,0.003451758995652199,0.0006280990783125162,0.001428178045898676,0.010728050954639912,0.9793064594268799,0.00012610401608981192,0.00021480249415617436,0.0026377111207693815
clip_zero_shot,patch_shuffle_4x4,test_03965,3965,0,airplane,0,airplane,0.98419189453125,True,0.98419189453125,0.010619418695569038,0.000636213575489819,9.563379717292264e-05,0.00021994042617734522,0.0003714825143106282,0.00013477809261530638,0.0008355487952940166,0.002032430376857519,0.0008626229828223586
clip_zero_shot,patch_shuffle_4x4,test_07266,7266,9,truck,9,truck,0.888031005859375,True,0.0002693177084438503,0.003668920835480094,0.1015147790312767,0.0007698328117839992,0.0018172803102061152,0.0021918576676398516,0.00084069580771029,0.0005423903930932283,0.0003538892779033631,0.888031005859375
clip_zero_shot,patch_shuffle_4x4,test_04785,4785,0,airplane,0,airplane,0.9796095490455627,True,0.9796095490455627,0.004995226394385099,0.004981791600584984,0.0004395725845824927,0.00036474462831392884,0.0008873600163497031,0.00032441242365166545,0.0005284266080707312,0.004582907538861036,0.0032861691433936357
clip_zero_shot,patch_shuffle_4x4,test_06028,6028,2,car,2,car,0.8466308116912842,True,0.006518060807138681,0.0008974552038125694,0.8466308116912842,0.0006717988871969283,0.00022909225663170218,0.0012223992962390184,0.0009270691662095487,0.00024710610159672797,0.006879548542201519,0.13577663898468018
clip_zero_shot,patch_shuffle_4x4,test_06503,6503,2,car,2,car,0.9645306468009949,True,0.0017521054251119494,0.0014239844167605042,0.9645306468009949,0.0004822091432288289,0.0005775284953415394,0.0009379435796290636,0.00024512188974767923,0.00021783883858006448,0.0005002813995815814,0.02933218702673912
clip_zero_shot,patch_shuffle_4x4,test_06414,6414,5,dog,3,cat,0.5929294228553772,False,0.0004453060100786388,0.0025265866424888372,0.002133699133992195,0.5929294228553772,0.000871427939273417,0.390635222196579,0.004911447875201702,0.004193930886685848,0.0005692987469956279,0.0007835290161892772
clip_zero_shot,patch_shuffle_4x4,test_05382,5382,6,horse,6,horse,0.822533369064331,True,0.0032744614873081446,0.013038387522101402,0.07745766639709473,0.006448341533541679,0.004802624229341745,0.03821997717022896,0.822533369064331,0.008515172637999058,0.0064028846099972725,0.019307158887386322
clip_zero_shot,patch_shuffle_4x4,test_06836,6836,1,bird,1,bird,0.9954507946968079,True,0.0010875883745029569,0.9954507946968079,0.0006622918299399316,0.0007012548740021884,1.083661391021451e-05,0.0008668216178193688,0.00019600623636506498,0.000151388521771878,0.000356779113644734,0.000516194966621697
clip_zero_shot,patch_shuffle_4x4,test_06508,6508,4,deer,6,horse,0.8254921436309814,False,0.00011757831816794351,0.0017544107977300882,0.0014119339175522327,0.0009736682986840606,0.1505008339881897,0.012053675018250942,0.8254921436309814,0.006142526865005493,0.00016986265836749226,0.0013833920238539577
clip_zero_shot,patch_shuffle_4x4,test_03994,3994,4,deer,4,deer,0.968221127986908,True,5.8307810832047835e-05,0.003448925446718931,0.0008219101000577211,0.0037263690028339624,0.968221127986908,0.013189146295189857,0.0032970444299280643,0.007044750731438398,4.9013455281965435e-05,0.00014350486162584275
clip_zero_shot,patch_shuffle_4x4,test_03942,3942,9,truck,9,truck,0.9175423383712769,True,0.00038305085035972297,0.0013140183873474598,0.07847867161035538,0.00027532028616406024,4.572944453684613e-05,0.0010060430504381657,0.00015712701133452356,0.00014125641610007733,0.000656423915643245,0.9175423383712769
clip_zero_shot,patch_shuffle_4x4,test_03542,3542,7,monkey,7,monkey,0.9642743468284607,True,5.663034608005546e-05,0.0038606058806180954,0.0006491639651358128,0.011701628565788269,0.002554558450356126,0.016011567786335945,0.0003868166240863502,0.9642743468284607,5.037277878727764e-05,0.000454382156021893
clip_zero_shot,patch_shuffle_4x4,test_06952,6952,3,cat,3,cat,0.9733870625495911,True,0.0006380198174156249,0.004741715732961893,0.003138665109872818,0.9733870625495911,0.0002913516655098647,0.013753307983279228,0.0005523865693248808,0.0017238958971574903,0.0009256841731257737,0.000847972696647048
clip_zero_shot,patch_shuffle_4x4,test_04290,4290,5,dog,5,dog,0.569865882396698,True,0.0001833416026784107,0.009392300620675087,0.0007772005628794432,0.006588989868760109,0.17959178984165192,0.569865882396698,0.21966013312339783,0.011387924663722515,0.00014801563520450145,0.002404287923127413
clip_zero_shot,patch_shuffle_4x4,test_07446,7446,8,ship,8,ship,0.9774513840675354,True,0.006349227391183376,0.0019790311343967915,0.004949888214468956,0.0008657480357214808,0.00021864251175429672,0.001236916403286159,0.0007108204299584031,0.000356708507752046,0.9774513840675354,0.005881625693291426
clip_zero_shot,patch_shuffle_4x4,test_06169,6169,1,bird,1,bird,0.584169864654541,True,0.07025361061096191,0.584169864654541,0.04507272690534592,0.03188791498541832,0.00393150607123971,0.056727971881628036,0.05421079695224762,0.012253761291503906,0.1211169958114624,0.020374855026602745
clip_zero_shot,patch_shuffle_4x4,test_01109,1109,1,bird,1,bird,0.9756877422332764,True,0.002290420699864626,0.9756877422332764,0.0014817261835560203,0.002060455735772848,0.0008474370697513223,0.012016796506941319,0.0016440425533801317,0.0003445252659730613,0.0010557635687291622,0.0025712137576192617
clip_zero_shot,patch_shuffle_4x4,test_03179,3179,4,deer,4,deer,0.9940240979194641,True,2.7641455744742416e-05,0.00023800728376954794,0.0006390847265720367,0.0008474139031022787,0.9940240979194641,0.0022925781086087227,0.0013538614148274064,4.2531537474133074e-05,3.4784345189109445e-05,0.0005000443197786808
clip_zero_shot,patch_shuffle_4x4,test_07835,7835,7,monkey,7,monkey,0.8328090310096741,True,0.00026262449682690203,0.11220866441726685,0.0014554305234923959,0.024140426889061928,0.005188837181776762,0.019612370058894157,0.0030178886372596025,0.8328090310096741,0.0003806782478932291,0.0009241244988515973
clip_zero_shot,patch_shuffle_4x4,test_07390,7390,1,bird,1,bird,0.9909987449645996,True,0.0034381942823529243,0.9909987449645996,0.0003097421722486615,0.00031418033177033067,0.0002775192551780492,0.0009047638741321862,0.0007829496753402054,0.002019795821979642,0.0004113047325517982,0.0005426996503956616
clip_zero_shot,patch_shuffle_4x4,test_00568,568,5,dog,3,cat,0.9203827977180481,False,0.00035882831434719265,0.001290439278818667,0.0022720384877175093,0.9203827977180481,0.0007594338385388255,0.0693536251783371,0.0025144664105027914,0.0018183746142312884,0.0010002944618463516,0.0002497339737601578
clip_zero_shot,patch_shuffle_4x4,test_04629,4629,4,deer,4,deer,0.9910181760787964,True,1.745441295497585e-05,0.0016133136814460158,0.0003189461713191122,0.0028798466082662344,0.9910181760787964,0.002834717510268092,0.00039393611950799823,0.0007973270840011537,2.5245533834095113e-05,0.00010098897473653778
clip_zero_shot,patch_shuffle_4x4,test_07138,7138,8,ship,8,ship,0.9764128923416138,True,0.013976214453577995,0.0005368611309677362,0.003972954582422972,0.00010581569222267717,3.801928323809989e-05,0.0003090110549237579,0.00025497705792076886,0.00015823310241103172,0.9764128923416138,0.004235048312693834
clip_zero_shot,patch_shuffle_4x4,test_05284,5284,9,truck,9,truck,0.9875968098640442,True,6.789524195482954e-05,0.0001049243874149397,0.011867707595229149,3.215449396520853e-05,2.5919338440871798e-05,8.441000682068989e-05,4.735559195978567e-05,4.734815775009338e-06,0.00016809201042633504,0.9875968098640442
clip_zero_shot,patch_shuffle_4x4,test_00003,3,0,airplane,0,airplane,0.9580246210098267,True,0.9580246210098267,0.006851258687674999,0.01567622646689415,0.0008459396194666624,0.00010015299631049857,0.001661217538639903,0.0002364345855312422,0.0006668971618637443,0.009235250763595104,0.006702180486172438
clip_zero_shot,patch_shuffle_4x4,test_02690,2690,1,bird,1,bird,0.952095091342926,True,0.007891572080552578,0.952095091342926,0.011759708635509014,0.002814642386510968,0.0019103579688817263,0.007293320260941982,0.002143984893336892,0.0021181500051170588,0.005263813305646181,0.0067093041725456715
clip_zero_shot,patch_shuffle_4x4,test_05858,5858,6,horse,6,horse,0.8527794480323792,True,0.0001547391730127856,0.004275740589946508,0.0014535021036863327,0.010168008506298065,0.01853223890066147,0.06680236756801605,0.8527794480323792,0.044508203864097595,0.00018602909403853118,0.001139720669016242
clip_zero_shot,patch_shuffle_4x4,test_01266,1266,4,deer,4,deer,0.995316743850708,True,7.617581559316022e-06,0.0003453575191088021,9.248413698514923e-05,0.00017054261115845293,0.995316743850708,0.0026368109975010157,0.0011573219671845436,0.0002138879499398172,1.5977562725311145e-05,4.316213744459674e-05
clip_zero_shot,patch_shuffle_4x4,test_03034,3034,4,deer,4,deer,0.9941908717155457,True,1.2232831068104133e-05,0.0007616058574058115,0.0001761861058184877,0.0004443475045263767,0.9941908717155457,0.0029880786314606667,0.0011051411274820566,0.00017080389079637825,1.2933216567034833e-05,0.0001378673769067973
clip_zero_shot,patch_shuffle_4x4,test_02655,2655,9,truck,9,truck,0.9004818797111511,True,0.0026312570553272963,0.0006102457991801202,0.08743160218000412,0.00015467646881006658,9.731627505971119e-05,0.0008280360489152372,0.0002869289310183376,5.616293492494151e-05,0.0074218763038516045,0.9004818797111511
clip_zero_shot,patch_shuffle_4x4,test_06190,6190,7,monkey,7,monkey,0.9323748350143433,True,6.892361852806062e-05,0.01333011407405138,0.0008878241060301661,0.008820436894893646,0.011800593696534634,0.027257561683654785,0.00490583898499608,0.9323748350143433,9.310241148341447e-05,0.0004606893053278327
clip_zero_shot,patch_shuffle_4x4,test_04170,4170,8,ship,8,ship,0.9341790080070496,True,0.013209826312959194,0.014307741075754166,0.005762586835771799,0.0022605943959206343,0.001314427237957716,0.0042847925797104836,0.0019075878662988544,0.0011662140022963285,0.9341790080070496,0.021607156842947006
clip_zero_shot,patch_shuffle_4x4,test_07380,7380,9,truck,9,truck,0.8435721397399902,True,0.0015844854060560465,0.0003359091642778367,0.15326912701129913,6.321534601738676e-05,2.52368572546402e-05,0.0002123200538335368,0.00026240741135552526,1.985777635127306e-05,0.0006553029525093734,0.8435721397399902
clip_zero_shot,patch_shuffle_4x4,test_07752,7752,9,truck,9,truck,0.7563208341598511,True,0.0010615058708935976,0.0038943011313676834,0.22256775200366974,0.0011443166295066476,0.0007688206969760358,0.004163076169788837,0.0043504186905920506,0.001017677248455584,0.004711260087788105,0.7563208341598511
clip_zero_shot,patch_shuffle_4x4,test_03996,3996,9,truck,2,car,0.5342546105384827,False,0.011809909716248512,0.009360958822071552,0.5342546105384827,0.019431736320257187,0.005802713800221682,0.039382848888635635,0.021283822134137154,0.005572172813117504,0.053800106048583984,0.29930123686790466
clip_zero_shot,patch_shuffle_4x4,test_01204,1204,3,cat,1,bird,0.4592406451702118,False,0.003914365079253912,0.4592406451702118,0.06297025829553604,0.16817326843738556,0.03777680546045303,0.16852326691150665,0.017152052372694016,0.06500039249658585,0.004938142374157906,0.012310807593166828
clip_zero_shot,patch_shuffle_4x4,test_01654,1654,9,truck,9,truck,0.9156639575958252,True,0.0015518711879849434,0.004207077901810408,0.05958438664674759,0.002069934271275997,0.0008376509067602456,0.004459147807210684,0.0033738408237695694,0.0004033784498460591,0.007848755456507206,0.9156639575958252
clip_zero_shot,patch_shuffle_4x4,test_04746,4746,6,horse,6,horse,0.9453395009040833,True,1.4342350368679035e-05,0.00033319959766231477,0.00015095046546775848,0.00040431355591863394,0.0221843458712101,0.03095291554927826,0.9453395009040833,0.0004863687208853662,2.0490853785304353e-05,0.00011354203161317855
clip_zero_shot,patch_shuffle_4x4,test_04590,4590,3,cat,3,cat,0.982084333896637,True,0.00015150562103372067,0.0005298363976180553,0.0015735781053081155,0.982084333896637,0.00038205436430871487,0.010731777176260948,0.0015229607233777642,0.0019701174460351467,0.000599019811488688,0.0004547022108454257
clip_zero_shot,patch_shuffle_4x4,test_00562,562,0,airplane,0,airplane,0.9176300764083862,True,0.9176300764083862,0.003013084176927805,0.04225170239806175,0.0004236608510836959,0.00010248956095892936,0.0010706150205805898,0.00034423809847794473,0.0001605212892172858,0.025127924978733063,0.00987588707357645
clip_zero_shot,patch_shuffle_4x4,test_07108,7108,6,horse,6,horse,0.9061216711997986,True,0.00019785173935815692,0.0007944097160361707,0.000875138386618346,0.0029797255992889404,0.008848502300679684,0.07806859165430069,0.9061216711997986,0.0010927374241873622,0.0001100146328099072,0.0009114121785387397
clip_zero_shot,patch_shuffle_4x4,test_05999,5999,0,airplane,0,airplane,0.4760039448738098,True,0.4760039448738098,0.13336874544620514,0.1352095603942871,0.03415850177407265,0.006260242313146591,0.0843411237001419,0.007048171479254961,0.05700920894742012,0.04848489165306091,0.018115544691681862
clip_zero_shot,patch_shuffle_4x4,test_01403,1403,2,car,2,car,0.9293888211250305,True,0.0005861908430233598,0.00023580128618050367,0.9293888211250305,0.0003368805628269911,0.0001916710752993822,0.0005435439525172114,0.00019356126722414047,0.00010678688704501837,0.0009740677196532488,0.06744255870580673
clip_zero_shot,patch_shuffle_4x4,test_04403,4403,7,monkey,7,monkey,0.8973233699798584,True,0.00011238180741202086,0.0034643462859094143,0.00035090273013338447,0.0029045187402516603,0.05567408353090286,0.013000872917473316,0.026310166344046593,0.8973233699798584,0.00012913176033180207,0.0007301537552848458
clip_zero_shot,patch_shuffle_4x4,test_06332,6332,2,car,9,truck,0.5766658186912537,False,0.004483712371438742,0.0009832853684201837,0.4139269292354584,0.00019344946485944092,0.0005380842485465109,0.00106892513576895,0.000611809897236526,6.379712431225926e-05,0.0014641298912465572,0.5766658186912537
clip_zero_shot,patch_shuffle_4x4,test_06264,6264,2,car,2,car,0.9780296087265015,True,0.0001226433669216931,0.0012279486982151866,0.9780296087265015,0.0015215059975162148,0.0009711540187709033,0.0036632728297263384,0.0006978461751714349,0.0010697355028241873,0.0002643895277287811,0.012431920506060123
clip_zero_shot,patch_shuffle_4x4,test_00303,303,9,truck,9,truck,0.9578519463539124,True,0.003238593228161335,0.0005484705907292664,0.036264799535274506,0.0001524030085420236,9.094585402635857e-05,0.0004429028194863349,0.00030341517413035035,2.527258220652584e-05,0.0010812212713062763,0.9578519463539124
clip_zero_shot,patch_shuffle_4x4,test_00791,791,3,cat,3,cat,0.9866222739219666,True,0.00018885088502429426,0.000331871269736439,0.0008702066843397915,0.9866222739219666,0.00022327025362756103,0.00896509364247322,0.0015012037474662066,0.0004170831816736609,0.0004932508454658091,0.0003869392676278949
clip_zero_shot,patch_shuffle_4x4,test_03067,3067,2,car,2,car,0.9307768940925598,True,0.002324741566553712,0.0011940911645069718,0.9307768940925598,0.0006549697718583047,0.00136723427567631,0.002405376872047782,0.001232696115039289,0.0009459182620048523,0.0015690017025917768,0.05752916261553764
clip_zero_shot,patch_shuffle_4x4,test_00484,484,0,airplane,0,airplane,0.9539241790771484,True,0.9539241790771484,0.013637552969157696,0.0015818200772628188,0.0002226854267064482,8.901289402274415e-05,0.0013370838714763522,0.00012896822590846568,0.0015320242382586002,0.02733391523361206,0.00021271216974128038
clip_zero_shot,patch_shuffle_4x4,test_01370,1370,3,cat,3,cat,0.979640543460846,True,0.0009512443793937564,0.0017120324773713946,0.00290094455704093,0.979640543460846,0.00016055464220698923,0.01147617306560278,0.0013064388185739517,0.0008341981447301805,0.0005149708013050258,0.0005028611049056053
clip_zero_shot,patch_shuffle_4x4,test_04069,4069,8,ship,8,ship,0.4128413796424866,True,0.10520413517951965,0.021375352516770363,0.22451448440551758,0.0039055917877703905,0.004457349888980389,0.009945525787770748,0.0036758496426045895,0.009233702905476093,0.4128413796424866,0.20484663546085358
clip_zero_shot,patch_shuffle_4x4,test_07373,7373,0,airplane,0,airplane,0.7320559024810791,True,0.7320559024810791,0.015336056239902973,0.1810583621263504,0.0012452600058168173,0.0006143531645648181,0.0036994880065321922,0.0015757362125441432,0.00142527068965137,0.018360143527388573,0.04462955519556999
clip_zero_shot,patch_shuffle_4x4,test_04330,4330,3,cat,5,dog,0.5286136865615845,False,0.00021410301269497722,0.02003801241517067,0.002448475919663906,0.042318884283304214,0.34888818860054016,0.5286136865615845,0.022126732394099236,0.03349979966878891,0.0003523793420754373,0.0014996437821537256
clip_zero_shot,patch_shuffle_4x4,test_05701,5701,5,dog,3,cat,0.589286208152771,False,0.0003343746066093445,0.0013162088580429554,0.005608970299363136,0.589286208152771,0.0023266489151865244,0.39320942759513855,0.000585180358029902,0.005566828418523073,0.000703540921676904,0.001062652445398271
clip_zero_shot,patch_shuffle_4x4,test_07465,7465,0,airplane,0,airplane,0.9760011434555054,True,0.9760011434555054,0.010535419918596745,0.0020284277852624655,0.0002425390121061355,0.00017972852219827473,0.0005264239734970033,0.0002305300731677562,0.0013823312474414706,0.007884722203016281,0.000988601241260767
clip_zero_shot,patch_shuffle_4x4,test_01531,1531,3,cat,4,deer,0.8027353286743164,False,4.3747801100835204e-05,0.002535671927034855,0.000310959032503888,0.016868654638528824,0.8027353286743164,0.12981995940208435,0.0461406446993351,0.0013780661392956972,4.88818041048944e-05,0.00011815986363217235
clip_zero_shot,patch_shuffle_4x4,test_04676,4676,8,ship,8,ship,0.9366861581802368,True,0.03649933636188507,0.00427729869261384,0.006150071043521166,0.0011028004810214043,0.00029820954659953713,0.0031477943994104862,0.0013858044985681772,0.000791106023825705,0.9366861581802368,0.00966144260019064
clip_zero_shot,patch_shuffle_4x4,test_04531,4531,3,cat,4,deer,0.9678322672843933,False,8.322477515321225e-05,0.002483449410647154,0.0005331948050297797,0.0033620879985392094,0.9678322672843933,0.01063157431781292,0.00559914531186223,0.009026927873492241,4.782598261954263e-05,0.00040029388037510216
clip_zero_shot,patch_shuffle_4x4,test_00706,706,8,ship,8,ship,0.6401899456977844,True,0.19612140953540802,0.015868881717324257,0.08436717838048935,0.004109240137040615,0.00018198881298303604,0.00516333244740963,0.0035047107376158237,0.0024265407118946314,0.6401899456977844,0.048066750168800354
clip_zero_shot,patch_shuffle_4x4,test_02844,2844,8,ship,8,ship,0.7406045198440552,True,0.22729432582855225,0.0044114370830357075,0.01645638607442379,0.0008847055723890662,0.000178673435584642,0.0025232352782040834,0.0005166715709492564,0.0004666323366109282,0.7406045198440552,0.0066634672693908215
clip_zero_shot,patch_shuffle_4x4,test_03755,3755,2,car,2,car,0.9491877555847168,True,0.000858302169945091,0.002718397183343768,0.9491877555847168,0.00044999251258559525,0.00037137645995244384,0.0014238839503377676,0.00033819436794146895,0.00012523567420430481,0.0005051331245340407,0.044021666049957275
clip_zero_shot,patch_shuffle_4x4,test_05848,5848,7,monkey,7,monkey,0.6291522979736328,True,0.00016669864999130368,0.3597089350223541,0.0006719224620610476,0.00495543098077178,0.0010241607669740915,0.002605239162221551,0.0006773435743525624,0.6291522979736328,0.00042447916348464787,0.0006135299918241799
clip_zero_shot,patch_shuffle_4x4,test_02114,2114,9,truck,9,truck,0.8272805213928223,True,0.0010749412467703223,0.0026315664872527122,0.15400540828704834,0.000880474632140249,0.0009121777256950736,0.0028913626447319984,0.0039925049059093,0.001054552267305553,0.005276513751596212,0.8272805213928223
clip_zero_shot,patch_shuffle_4x4,test_03876,3876,0,airplane,0,airplane,0.8578078150749207,True,0.8578078150749207,0.00871119275689125,0.08020953834056854,0.00044354714918881655,0.0007214518846012652,0.0015150002436712384,0.0007248145411722362,0.0003617944894358516,0.009807268157601357,0.03969766944646835
clip_zero_shot,patch_shuffle_4x4,test_00677,677,3,cat,3,cat,0.9894819259643555,True,0.00016939964552875608,0.00118217000272125,0.000511377293150872,0.9894819259643555,8.54186582728289e-05,0.005557953380048275,0.0007672539795748889,0.0016583800315856934,0.00035553518682718277,0.0002305929665453732
clip_zero_shot,patch_shuffle_4x4,test_02116,2116,1,bird,1,bird,0.8570831418037415,True,0.0028901007026433945,0.8570831418037415,0.007399341557174921,0.08457283675670624,0.00191588478628546,0.035026244819164276,0.0011638705618679523,0.003687052521854639,0.0008474197238683701,0.005413990467786789
clip_zero_shot,patch_shuffle_4x4,test_04661,4661,7,monkey,7,monkey,0.3598195016384125,True,0.0008074414217844605,0.2082662135362625,0.005276167299598455,0.19499194622039795,0.047873686999082565,0.17464770376682281,0.0028796375263482332,0.3598195016384125,0.000874132034368813,0.004563573747873306
clip_zero_shot,patch_shuffle_4x4,test_02676,2676,6,horse,5,dog,0.7316348552703857,False,0.0002789222926367074,0.013593767769634724,0.04517212137579918,0.06413166970014572,0.009059686213731766,0.7316348552703857,0.10247369855642319,0.020356321707367897,0.0011769559932872653,0.012121996842324734
clip_zero_shot,patch_shuffle_4x4,test_03025,3025,0,airplane,2,car,0.6589730978012085,False,0.03660432621836662,0.026691975072026253,0.6589730978012085,0.019127482548356056,0.0023629821371287107,0.0669253021478653,0.021993394941091537,0.0036590558011084795,0.013153738342225552,0.15050871670246124
clip_zero_shot,patch_shuffle_4x4,test_04449,4449,9,truck,2,car,0.46348825097084045,False,0.04336116090416908,0.013033393770456314,0.46348825097084045,0.004734647925943136,0.0021504084579646587,0.04123314842581749,0.010701527819037437,0.0016228451859205961,0.024005617946386337,0.39566898345947266
clip_zero_shot,patch_shuffle_4x4,test_00977,977,6,horse,6,horse,0.9712314009666443,True,5.5343101848848164e-05,0.0021492838859558105,0.00046806249883957207,0.003162965876981616,0.002254975028336048,0.0160025916993618,0.9712314009666443,0.003944393713027239,0.00011787885159719735,0.0006131618865765631
clip_zero_shot,patch_shuffle_4x4,test_04990,4990,8,ship,8,ship,0.5108311176300049,True,0.14778365194797516,0.03373289853334427,0.14644268155097961,0.0053938208147883415,0.003548693610355258,0.017397558316588402,0.00985354371368885,0.005484553519636393,0.5108311176300049,0.11953147500753403
clip_zero_shot,patch_shuffle_4x4,test_07309,7309,0,airplane,0,airplane,0.9382639527320862,True,0.9382639527320862,0.0029834022279828787,0.0443817600607872,0.00011732023267541081,4.173419074504636e-05,0.0006076312274672091,0.00010697134712245315,0.00025942589854821563,0.00963070522993803,0.0036071978975087404
clip_zero_shot,patch_shuffle_4x4,test_01048,1048,7,monkey,1,bird,0.3069063127040863,False,0.0013820098247379065,0.3069063127040863,0.011358464136719704,0.08630625158548355,0.10929523408412933,0.19148243963718414,0.019699357450008392,0.25547346472740173,0.002665596315637231,0.015431003645062447
clip_zero_shot,patch_shuffle_4x4,test_03276,3276,3,cat,5,dog,0.4354231357574463,False,9.029690409079194e-05,0.011023272760212421,0.0008441408281214535,0.03126384690403938,0.3441348075866699,0.4354231357574463,0.11415943503379822,0.06215958297252655,0.0001444515655748546,0.0007570452871732414
clip_zero_shot,patch_shuffle_4x4,test_05512,5512,2,car,9,truck,0.4121147096157074,False,0.019252339377999306,0.03138193115592003,0.362714558839798,0.012753058224916458,0.005338416434824467,0.04158072918653488,0.027204731479287148,0.02282942645251751,0.06483001261949539,0.4121147096157074
clip_zero_shot,patch_shuffle_4x4,test_07692,7692,4,deer,4,deer,0.9582710266113281,True,0.00023014705220703036,0.007519883569329977,0.000647887063678354,0.0008858032524585724,0.9582710266113281,0.02213292196393013,0.0034710809122771025,0.0026160695124417543,7.628818275406957e-05,0.004148891661316156
clip_zero_shot,patch_shuffle_4x4,test_01436,1436,1,bird,1,bird,0.9947172999382019,True,0.0016839904710650444,0.9947172999382019,0.0005863368860445917,0.00015749169688206166,3.040383307961747e-05,0.0006091092363931239,0.0006304301787167788,0.00021906339679844677,0.0005323233199305832,0.0008336659520864487
clip_zero_shot,patch_shuffle_4x4,test_07544,7544,9,truck,9,truck,0.9225367307662964,True,0.003723267698660493,0.0006522729527205229,0.06053707003593445,0.0004499741189647466,0.00016448157839477062,0.0014460437232628465,0.0015555088175460696,9.092306572711095e-05,0.008843725547194481,0.9225367307662964
clip_zero_shot,patch_shuffle_4x4,test_03383,3383,3,cat,3,cat,0.8673301935195923,True,0.0005130409263074398,0.02330862730741501,0.01736827939748764,0.8673301935195923,0.01734745502471924,0.046020328998565674,0.008294112980365753,0.014462887309491634,0.0011871610768139362,0.004167862236499786
clip_zero_shot,patch_shuffle_4x4,test_01977,1977,0,airplane,0,airplane,0.9339289665222168,True,0.9339289665222168,0.04045702517032623,0.006289392244070768,0.0018966010538861156,0.0004228903562761843,0.003952305763959885,0.001811825088225305,0.0030320552177727222,0.007183779962360859,0.0010251711355522275
clip_zero_shot,patch_shuffle_4x4,test_02750,2750,0,airplane,0,airplane,0.3569381535053253,True,0.3569381535053253,0.07970597594976425,0.16237394511699677,0.005202108528465033,0.010555454529821873,0.05206260457634926,0.012525854632258415,0.005259646102786064,0.20640863478183746,0.10896758735179901
clip_zero_shot,patch_shuffle_4x4,test_07996,7996,6,horse,6,horse,0.984157145023346,True,4.4126358261564746e-05,0.0008619363070465624,0.00028151876176707447,0.0006780103431083262,0.002758164657279849,0.010244267992675304,0.984157145023346,0.00032498856307938695,0.00018877434195019305,0.0004610164323821664
clip_zero_shot,patch_shuffle_4x4,test_06989,6989,5,dog,5,dog,0.7751529216766357,True,0.00011528351024026051,0.0029335555154830217,0.001456081634387374,0.09622084349393845,0.06836862117052078,0.7751529216766357,0.019399873912334442,0.03515732288360596,0.0002441841352265328,0.0009513021796010435
clip_zero_shot,patch_shuffle_4x4,test_01431,1431,3,cat,3,cat,0.9739704728126526,True,0.00035153786302544177,0.004129241220653057,0.0005476293154060841,0.9739704728126526,0.00014730812108609825,0.013695277273654938,0.0023189731873571873,0.004012241028249264,0.0005638125585392118,0.000263383612036705
clip_zero_shot,patch_shuffle_4x4,test_07416,7416,3,cat,3,cat,0.8818316459655762,True,0.0012194805312901735,0.018400678411126137,0.00554830813780427,0.8818316459655762,0.004816611763089895,0.050191204994916916,0.017722003161907196,0.013958051800727844,0.004276595078408718,0.0020354907028377056
clip_zero_shot,patch_shuffle_4x4,test_04547,4547,5,dog,5,dog,0.9551823139190674,True,0.00025215043569914997,0.0006913664401508868,0.00037460538442246616,0.0335347056388855,0.0006312553305178881,0.9551823139190674,0.0010457566240802407,0.007885723374783993,0.00021610147086903453,0.00018597372400108725
clip_zero_shot,patch_shuffle_4x4,test_00042,42,0,airplane,0,airplane,0.1967473030090332,True,0.1967473030090332,0.16232404112815857,0.07817623019218445,0.04025610536336899,0.017319485545158386,0.15489274263381958,0.05983082577586174,0.03067164681851864,0.1510748267173767,0.10870682448148727
clip_zero_shot,patch_shuffle_4x4,test_05117,5117,0,airplane,0,airplane,0.725817084312439,True,0.725817084312439,0.25007182359695435,0.0037496748846024275,0.0011540206614881754,6.096669676480815e-05,0.002036296296864748,0.00046573049621656537,0.0008200794109143317,0.014617105945944786,0.001207128632813692
clip_zero_shot,patch_shuffle_4x4,test_04411,4411,6,horse,6,horse,0.4290948212146759,True,0.009419882670044899,0.03608958423137665,0.07147844135761261,0.024729769676923752,0.036983422935009,0.29410168528556824,0.4290948212146759,0.027454249560832977,0.021081121638417244,0.04956694319844246
clip_zero_shot,patch_shuffle_4x4,test_05789,5789,4,deer,4,deer,0.5652292966842651,True,0.0008715327130630612,0.02041544020175934,0.007019427604973316,0.08175768703222275,0.5652292966842651,0.14258942008018494,0.09517508745193481,0.07731558382511139,0.001345630269497633,0.008280867710709572
clip_zero_shot,patch_shuffle_4x4,test_00483,483,2,car,2,car,0.9343652725219727,True,0.0009493114775978029,0.0037680657114833593,0.9343652725219727,0.0010127982823178172,0.0003008542989846319,0.0023534749634563923,0.001688944874331355,0.0008205004851333797,0.0010779270669445395,0.053663015365600586
clip_zero_shot,patch_shuffle_4x4,test_06650,6650,7,monkey,7,monkey,0.9431903958320618,True,0.00017708174709696323,0.027478668838739395,0.0007727962802164257,0.0052061742171645164,0.0006296957726590335,0.013809132389724255,0.006826153490692377,0.9431903958320618,0.0005075473454780877,0.001402265508659184
clip_zero_shot,patch_shuffle_4x4,test_04881,4881,3,cat,1,bird,0.758706271648407,False,0.0003875833353959024,0.758706271648407,0.0014480451354756951,0.09963380545377731,0.004777772352099419,0.008777215145528316,0.00028587269480340183,0.12493613362312317,0.0005385815748013556,0.0005087675526738167
clip_zero_shot,patch_shuffle_4x4,test_00391,391,3,cat,3,cat,0.837433397769928,True,5.5497584980912507e-05,0.019536511972546577,0.0005152808153070509,0.837433397769928,0.055544473230838776,0.0766238197684288,0.00304668047465384,0.006878541316837072,0.00015942695608828217,0.0002062902058241889
clip_zero_shot,patch_shuffle_4x4,test_00370,370,7,monkey,7,monkey,0.9578235149383545,True,0.0002779786300379783,0.020831972360610962,0.0017264637863263488,0.007128122262656689,0.0004653313080780208,0.009396638721227646,0.0005509601905941963,0.9578235149383545,0.0003362598945386708,0.0014627958880737424
clip_zero_shot,patch_shuffle_4x4,test_00419,419,9,truck,9,truck,0.7272793650627136,True,0.005210778210312128,0.0006223838427104056,0.2619841694831848,0.0001545640843687579,0.00016577467613387853,0.0021669117268174887,0.0005480702966451645,3.8266563933575526e-05,0.001829765853472054,0.7272793650627136
clip_zero_shot,patch_shuffle_4x4,test_03318,3318,9,truck,9,truck,0.5483960509300232,True,0.005095254629850388,0.006296518258750439,0.4050249457359314,0.004541479051113129,0.0008897259249351919,0.01139428187161684,0.004766378551721573,0.001875651883892715,0.011719661764800549,0.5483960509300232
clip_zero_shot,patch_shuffle_4x4,test_04355,4355,8,ship,8,ship,0.474919855594635,True,0.37558218836784363,0.02887970767915249,0.04892545938491821,0.003220711834728718,0.0018188122194260359,0.007874202914536,0.003009963082149625,0.010449247434735298,0.474919855594635,0.04531991109251976
clip_zero_shot,patch_shuffle_4x4,test_05402,5402,4,deer,4,deer,0.9910238981246948,True,0.00012153676652815193,0.0008616887498646975,0.00024813367053866386,5.053261702414602e-05,0.9910238981246948,0.0009553664713166654,0.006252186838537455,0.0001888493716251105,5.062214040663093e-05,0.00024716960615478456
clip_zero_shot,patch_shuffle_4x4,test_05332,5332,5,dog,5,dog,0.9642564654350281,True,0.0002053111238637939,0.0020935183856636286,0.0013921522768214345,0.004348760470747948,0.003694344311952591,0.9642564654350281,0.01614060439169407,0.006078073754906654,0.0003322145785205066,0.0014586040051653981
clip_zero_shot,patch_shuffle_4x4,test_00239,239,9,truck,2,car,0.7665101289749146,False,0.0023075707722455263,0.00026796828024089336,0.7665101289749146,0.0001829219254432246,0.00011368306149961427,0.00042481653508730233,0.0003138596366625279,9.737320215208456e-05,0.0008533656946383417,0.228928342461586
clip_zero_shot,patch_shuffle_4x4,test_06271,6271,2,car,2,car,0.9684653878211975,True,0.0009239983628503978,0.00040843573515303433,0.9684653878211975,0.0007521803490817547,0.00025244380231015384,0.0024649687111377716,0.0005256134900264442,0.0003326086443848908,0.0019261820707470179,0.023948200047016144
clip_zero_shot,patch_shuffle_4x4,test_01129,1129,8,ship,8,ship,0.41080015897750854,True,0.34998074173927307,0.021599752828478813,0.06872037053108215,0.003143780864775181,0.0010674959048628807,0.016747279092669487,0.006926460657268763,0.0028778226114809513,0.41080015897750854,0.11813613772392273
clip_zero_shot,patch_shuffle_4x4,test_02391,2391,5,dog,5,dog,0.9356691837310791,True,0.0011183811584487557,0.01870691403746605,0.0021313324104994535,0.018306326121091843,0.005963462870568037,0.9356691837310791,0.010069973766803741,0.006294384598731995,0.000499909685458988,0.0012402655556797981
clip_zero_shot,patch_shuffle_4x4,test_00191,191,9,truck,9,truck,0.8147591352462769,True,0.0004673097573686391,0.0003630378341767937,0.18240272998809814,0.00046348656178452075,0.00010864360228879377,0.0007802133914083242,0.0002165306214010343,4.375805292511359e-05,0.00039509814814664423,0.8147591352462769
clip_zero_shot,patch_shuffle_4x4,test_05447,5447,9,truck,9,truck,0.9897848963737488,True,0.00048097988474182785,0.00013435255095828325,0.008227239362895489,5.2075683925068006e-05,1.1000912309100386e-05,0.0002613257383927703,9.443745511816815e-05,3.21964907925576e-05,0.0009214681340381503,0.9897848963737488
clip_zero_shot,patch_shuffle_4x4,test_06528,6528,4,deer,4,deer,0.9889212846755981,True,5.1287530368426815e-05,0.0010996063938364387,0.00024601188488304615,0.0006484690238721669,0.9889212846755981,0.006612807046622038,0.0012936010025441647,0.0009859384736046195,2.3575741579406895e-05,0.0001174500648630783
