model,condition,identifier,dataset_index,true_class_id,true_class_name,predicted_class_id,predicted_class_name,maximum_confidence,correct,probability_airplane,probability_bird,probability_car,probability_cat,probability_deer,probability_dog,probability_horse,probability_monkey,probability_ship,probability_truck
clip_zero_shot,translation_8_right,test_00632,632,3,cat,3,cat,0.9856234788894653,True,8.580578651162796e-06,0.0015994288260117173,0.0007932711741887033,0.9856234788894653,0.000972963753156364,0.0013020264450460672,0.00013410192332230508,0.009205990470945835,0.00023781231720931828,0.00012236813199706376
clip_zero_shot,translation_8_right,test_00131,131,9,truck,9,truck,0.9896200299263,True,0.00021373608615249395,0.000664094346575439,0.006476057227700949,0.00016111443983390927,0.00036448342143557966,0.00042726777610369027,0.0006310659227892756,6.174059672048315e-05,0.0013804611517116427,0.9896200299263
clip_zero_shot,translation_8_right,test_07081,7081,7,monkey,7,monkey,0.9906243681907654,True,3.323451892356388e-05,0.005727527663111687,8.963604341261089e-05,0.0011026562424376607,4.321571395848878e-05,0.002058933023363352,0.00018260830256622285,0.9906243681907654,6.642623338848352e-05,7.13887347956188e-05
clip_zero_shot,translation_8_right,test_01836,1836,9,truck,9,truck,0.9918613433837891,True,4.26436381530948e-05,4.197738235234283e-05,0.007571467198431492,1.7776748791220598e-05,4.926842302666046e-05,3.458304126979783e-05,0.00010461725469212979,3.815950913121924e-05,0.00023812762810848653,0.9918613433837891
clip_zero_shot,translation_8_right,test_06437,6437,0,airplane,0,airplane,0.9720948338508606,True,0.9720948338508606,0.013112402521073818,0.0012601123889908195,0.00031382773886434734,0.0002350232534809038,0.00041617866372689605,0.001346776494756341,0.0002287113748025149,0.010678581893444061,0.0003135806182399392
clip_zero_shot,translation_8_right,test_06609,6609,0,airplane,0,airplane,0.9505137801170349,True,0.9505137801170349,0.01599186100065708,0.013245358131825924,0.003901298623532057,0.0008534943335689604,0.002973027992993593,0.0028600110672414303,0.001923085656017065,0.006668789777904749,0.0010693279327824712
clip_zero_shot,translation_8_right,test_03467,3467,7,monkey,7,monkey,0.6567694544792175,True,0.00024796099751256406,0.022012190893292427,0.0006108109373599291,0.05189529061317444,0.042295798659324646,0.17973478138446808,0.04536015912890434,0.6567694544792175,0.00017631528316996992,0.0008973280200734735
clip_zero_shot,translation_8_right,test_01401,1401,3,cat,3,cat,0.9673753380775452,True,5.864898776053451e-05,0.0023808847181499004,0.0008507086895406246,0.9673753380775452,0.0026764972135424614,0.01833500526845455,0.0002591339871287346,0.007427663542330265,0.0002885631693061441,0.0003477444697637111
clip_zero_shot,translation_8_right,test_01839,1839,2,car,2,car,0.9857369661331177,True,0.0006605442613363266,0.0035854121670126915,0.9857369661331177,0.0009672597516328096,0.00040197910857386887,0.0011208816431462765,0.0018922934541478753,0.0001916999026434496,0.0018138544401153922,0.0036291638389229774
clip_zero_shot,translation_8_right,test_04168,4168,3,cat,3,cat,0.9843831658363342,True,1.2658419109357055e-05,0.0010761406738311052,0.0003337812959216535,0.9843831658363342,0.0005242510815151036,0.008843776769936085,0.004085334949195385,0.0004963149549439549,0.00015843796427361667,8.61060616443865e-05
clip_zero_shot,translation_8_right,test_00035,35,2,car,2,car,0.6563169360160828,True,0.10670497268438339,0.0010222246637567878,0.6563169360160828,0.0006535103893838823,0.0006054493715055287,0.0008911818731576204,0.0015558935701847076,5.025384234613739e-05,0.026936259120702744,0.2052634209394455
clip_zero_shot,translation_8_right,test_04177,4177,8,ship,8,ship,0.9887219667434692,True,0.00027900110580958426,0.002390606328845024,0.000489084399305284,0.0005254822317510843,0.0005777945043519139,0.0005119112320244312,0.0014859333168715239,0.0011772155994549394,0.9887219667434692,0.003840986406430602
clip_zero_shot,translation_8_right,test_07270,7270,7,monkey,7,monkey,0.983467161655426,True,4.723724123323336e-05,0.0016476516611874104,0.00014140628627501428,0.0018599750474095345,0.0017839709762483835,0.008833793923258781,0.0019830965902656317,0.983467161655426,0.00012804364087060094,0.00010776187991723418
clip_zero_shot,translation_8_right,test_02265,2265,5,dog,5,dog,0.8598304986953735,True,2.7662948923534714e-05,0.00031265156576409936,0.0002491439809091389,0.0003380505077075213,0.13134796917438507,0.8598304986953735,0.006749768275767565,0.0003717023937497288,0.0003815745294559747,0.0003909035585820675
clip_zero_shot,translation_8_right,test_03288,3288,7,monkey,7,monkey,0.9995490908622742,True,1.4428418637635332e-07,0.0001425803202437237,7.973168976604939e-06,0.00010591002501314506,1.6052175851655193e-05,0.00015867743059061468,1.0154652954952326e-05,0.9995490908622742,3.1147958452493185e-06,6.360270162986126e-06
clip_zero_shot,translation_8_right,test_05451,5451,8,ship,8,ship,0.9986249208450317,True,3.592715074773878e-05,0.00010635051148710772,0.00013420189497992396,2.3450367734767497e-05,4.232050196151249e-05,0.00011161925067426637,0.00011288760288152844,8.148517372319475e-05,0.9986249208450317,0.0007268667104654014
clip_zero_shot,translation_8_right,test_04023,4023,3,cat,3,cat,0.460339218378067,True,4.55057634098921e-05,0.004021208267658949,0.002235664753243327,0.460339218378067,0.029010409489274025,0.4501955211162567,0.009356939233839512,0.040718093514442444,0.0009551115799695253,0.003122427500784397
clip_zero_shot,translation_8_right,test_00261,261,1,bird,1,bird,0.9949588179588318,True,0.0004754121182486415,0.9949588179588318,0.0002102253638440743,8.954120130511001e-05,4.9217589548788965e-05,0.0008678867015987635,0.0004592602781485766,0.0003886711783707142,0.002415945054963231,8.521491690771654e-05
clip_zero_shot,translation_8_right,test_04570,4570,5,dog,5,dog,0.9862820506095886,True,5.686425538442563e-06,0.0010702217696234584,4.152051405981183e-05,0.0011601049918681383,0.0008092120988294482,0.9862820506095886,0.008883986622095108,0.0015969662927091122,8.860184607328847e-05,6.149796536192298e-05
clip_zero_shot,translation_8_right,test_04966,4966,5,dog,5,dog,0.9712068438529968,True,5.019978198106401e-05,0.0008271033293567598,0.0011784265516325831,0.00861580390483141,0.0014775567688047886,0.9712068438529968,0.005317872390151024,0.009738733060657978,0.001193516654893756,0.00039402543916366994
clip_zero_shot,translation_8_right,test_07955,7955,1,bird,1,bird,0.9990377426147461,True,8.913445344660431e-05,0.9990377426147461,0.00013725257304031402,0.00023404920648317784,2.2772863303544e-05,0.0002606042253319174,1.3832582226314116e-05,5.126299220137298e-05,9.94241563603282e-05,5.422833055490628e-05
clip_zero_shot,translation_8_right,test_06288,6288,4,deer,4,deer,0.9972153902053833,True,2.6865895961236674e-06,0.000350316142430529,5.777474871138111e-05,0.00010422320337966084,0.9972153902053833,0.0010890779085457325,0.0010499341879040003,6.772987399017438e-05,4.6831344661768526e-05,1.6048057659645565e-05
clip_zero_shot,translation_8_right,test_07810,7810,8,ship,8,ship,0.998736560344696,True,1.2816711205232423e-05,0.00020620520808734,3.921154348063283e-05,3.651593942777254e-05,4.521674054558389e-05,8.865123527357355e-05,9.876374679151922e-05,0.00025176280178129673,0.998736560344696,0.0004843709175474942
clip_zero_shot,translation_8_right,test_01927,1927,7,monkey,7,monkey,0.9983929991722107,True,4.540471536529367e-07,0.00039148612995631993,4.2444200516911224e-05,0.00012627875548787415,7.087578978826059e-06,0.0008863379480317235,7.938928320072591e-05,0.9983929991722107,8.9972827481688e-06,6.456395203713328e-05
clip_zero_shot,translation_8_right,test_01871,1871,1,bird,1,bird,0.9113580584526062,True,0.0001931432489072904,0.9113580584526062,0.0038048233836889267,0.011207254603505135,0.00045330202556215227,0.036565739661455154,0.019416844472289085,0.00023568145115859807,0.0013885216321796179,0.015376579016447067
clip_zero_shot,translation_8_right,test_06922,6922,5,dog,5,dog,0.9925643801689148,True,4.854140115639893e-06,0.00034435521229170263,8.083308057393879e-05,0.0015397529350593686,0.0012976954458281398,0.9925643801689148,0.0030143908224999905,0.0007782027241773903,0.00022856197028886527,0.00014696062135044485
clip_zero_shot,translation_8_right,test_03512,3512,4,deer,4,deer,0.9987205266952515,True,4.493483061196457e-07,5.959322152193636e-05,1.255378174391808e-05,5.068784594186582e-05,0.9987205266952515,0.0009411885403096676,0.00014235022536013275,6.165273225633428e-05,4.908645223622443e-06,6.034835678292438e-06
clip_zero_shot,translation_8_right,test_04754,4754,6,horse,6,horse,0.9978721141815186,True,1.1633252370302216e-06,0.00013300766295287758,2.398133437964134e-05,0.00012506860366556793,0.0009491231176070869,0.000841227825731039,0.9978721141815186,2.9995971999596804e-05,8.902905392460525e-06,1.5451356375706382e-05
clip_zero_shot,translation_8_right,test_00714,714,2,car,2,car,0.8890453577041626,True,0.00032789111719466746,0.00032363992067985237,0.8890453577041626,0.00020441011292859912,0.0001973276084754616,0.0010846562217921019,0.0015578466700389981,0.00016292549844365567,0.005641923751682043,0.10145390778779984
clip_zero_shot,translation_8_right,test_02191,2191,8,ship,8,ship,0.9980400204658508,True,2.466640216880478e-05,0.0004255979147274047,5.851248715771362e-05,5.112142753205262e-05,9.543164196657017e-05,0.00012816626986023039,0.00021503229800146073,0.0002963952429126948,0.9980400204658508,0.0006651325384154916
clip_zero_shot,translation_8_right,test_04615,4615,0,airplane,0,airplane,0.9319252967834473,True,0.9319252967834473,0.035681478679180145,0.003770453156903386,0.0009092929540202022,0.0016788025386631489,0.0019024122739210725,0.0036115904804319143,0.0025104945525527,0.016155581921339035,0.001854720525443554
clip_zero_shot,translation_8_right,test_04662,4662,8,ship,8,ship,0.9971074461936951,True,1.4377219486050308e-05,0.0003057011344935745,0.00013015848526265472,4.011853889096528e-05,7.21168180461973e-05,7.199806714197621e-05,0.00037506830994971097,0.00010729379573604092,0.9971074461936951,0.001775703625753522
clip_zero_shot,translation_8_right,test_05915,5915,9,truck,9,truck,0.8725082874298096,True,0.001100835739634931,0.0001066128970705904,0.12458778917789459,1.636075285205152e-05,8.260158210759982e-05,6.153304275358096e-05,0.0004924434470012784,8.883755799615756e-05,0.0009546620422042906,0.8725082874298096
clip_zero_shot,translation_8_right,test_00766,766,4,deer,6,horse,0.8076505064964294,False,0.00011075399379478768,0.003668487071990967,0.001079396577551961,0.0018300841329619288,0.14261426031589508,0.021425101906061172,0.8076505064964294,0.019551508128643036,0.00022676533262711018,0.0018431998323649168
clip_zero_shot,translation_8_right,test_05218,5218,2,car,2,car,0.9657074213027954,True,0.0006196346366778016,0.002819036366418004,0.9657074213027954,0.00020775954180862755,0.0009422007715329528,0.0003133125719614327,0.0074624293483793736,0.0010112387826666236,0.004345986060798168,0.016571033746004105
clip_zero_shot,translation_8_right,test_02340,2340,8,ship,8,ship,0.9959154725074768,True,7.6565112976823e-05,0.0006291089812293649,0.0003545125655364245,5.02747279824689e-05,0.00012654792226385325,0.00020409032003954053,0.0005832117749378085,0.0002051272167591378,0.9959154725074768,0.0018550241366028786
clip_zero_shot,translation_8_right,test_01954,1954,8,ship,8,ship,0.9723019599914551,True,0.0005171655211597681,0.00040948321111500263,0.004750851541757584,4.954073665430769e-05,5.923462231294252e-05,0.0006567079108208418,0.0003062363248318434,9.306924766860902e-05,0.9723019599914551,0.020855780690908432
clip_zero_shot,translation_8_right,test_07875,7875,8,ship,8,ship,0.9972518086433411,True,0.0003563762875273824,0.00017100687546189874,0.0006002645241096616,7.226923480629921e-05,5.621574746328406e-05,0.0001589975436218083,0.00012112934200558811,7.662340794922784e-05,0.9972518086433411,0.0011353450827300549
clip_zero_shot,translation_8_right,test_03418,3418,6,horse,6,horse,0.9990585446357727,True,1.76447574631311e-05,0.00018472906958777457,2.8421723982319236e-05,0.00016279166447930038,0.00014332075079437345,0.00030151032842695713,0.9990585446357727,3.122242196695879e-05,3.239405850763433e-05,3.938198642572388e-05
clip_zero_shot,translation_8_right,test_05572,5572,9,truck,9,truck,0.9694604873657227,True,0.0001934300671564415,0.0008222467731684446,0.02283024787902832,0.0009275766205973923,0.0012122595217078924,0.0010487210238352418,0.0015674105379730463,0.0009062103927135468,0.0010314208921045065,0.9694604873657227
clip_zero_shot,translation_8_right,test_05977,5977,7,monkey,7,monkey,0.9831134080886841,True,2.2515525415656157e-05,0.007652034517377615,0.0001245733437826857,0.0011840331135317683,1.4820103388046846e-05,0.004116075113415718,0.0033297918271273375,0.9831134080886841,0.00015745744167361408,0.000285282323602587
clip_zero_shot,translation_8_right,test_05123,5123,1,bird,1,bird,0.9905673861503601,True,0.00013406823563855141,0.9905673861503601,0.00022784816974308342,0.0003499716112855822,0.00010982558887917548,0.0015288901049643755,0.0010053631849586964,0.0051134321838617325,0.00046779061085544527,0.0004954376490786672
clip_zero_shot,translation_8_right,test_05851,5851,9,truck,9,truck,0.9942507743835449,True,2.822782153089065e-05,0.0002569487551227212,0.0036999862641096115,0.00016463706560898572,0.00011523108696565032,0.00023606167815160006,0.0004384179483167827,5.52269266336225e-05,0.0007545146509073675,0.9942507743835449
clip_zero_shot,translation_8_right,test_04094,4094,9,truck,9,truck,0.9909157156944275,True,0.0001473014272050932,0.00013609000598080456,0.0076734391041100025,8.012199396034703e-05,5.062627315055579e-05,9.175332525046542e-05,0.00024449123884551227,3.274012487963773e-05,0.0006277632783167064,0.9909157156944275
clip_zero_shot,translation_8_right,test_04254,4254,6,horse,6,horse,0.9985924363136292,True,3.894671863235999e-06,0.00016594017506577075,2.3257047359948047e-05,0.0001850981207098812,0.00031169858993962407,0.0006224540993571281,0.9985924363136292,2.3409162167808972e-05,4.632234777091071e-05,2.5494877263554372e-05
clip_zero_shot,translation_8_right,test_02501,2501,7,monkey,7,monkey,0.9966160655021667,True,8.589633580413647e-06,0.0003084966156166047,7.608262967551127e-05,0.00030930203502066433,2.6945286663249135e-05,0.0017472290201112628,0.000637124408967793,0.9966160655021667,9.655590838519856e-05,0.00017355797172058374
clip_zero_shot,translation_8_right,test_06938,6938,1,bird,1,bird,0.9996500015258789,True,8.331063327204902e-06,0.9996500015258789,6.321824184851721e-05,3.666168049676344e-05,2.4202005079132505e-05,9.178833715850487e-05,8.576048458053265e-06,3.3903921575983986e-05,6.142838537925854e-05,2.194105582020711e-05
clip_zero_shot,translation_8_right,test_00171,171,4,deer,4,deer,0.9983055591583252,True,3.7778515888930997e-06,0.0003256640338804573,1.4683945664728526e-05,7.250086491694674e-05,0.9983055591583252,0.00070759846130386,0.0004201428091619164,0.00011802939116023481,7.752698365948163e-06,2.427071740385145e-05
clip_zero_shot,translation_8_right,test_04215,4215,3,cat,3,cat,0.9885330200195312,True,8.144037565216422e-05,0.0018765437416732311,0.0004761989403050393,0.9885330200195312,0.0005005307029932737,0.005014607682824135,0.000344876607414335,0.002212049439549446,0.0008321015629917383,0.00012872455408796668
clip_zero_shot,translation_8_right,test_05705,5705,8,ship,8,ship,0.9965830445289612,True,5.732179852202535e-05,0.00011528811592143029,0.0001612337218830362,2.8746675525326282e-05,8.542731666238979e-05,4.258933404344134e-05,0.0002235675201518461,0.00013102033699396998,0.9965830445289612,0.0025718689430505037
clip_zero_shot,translation_8_right,test_03458,3458,4,deer,4,deer,0.9878233671188354,True,7.722577720414847e-05,0.0011942299315705895,0.0003011991211678833,3.372187711647712e-05,0.9878233671188354,0.0017864878755062819,0.00822504237294197,0.00015890889335423708,3.291383109171875e-05,0.0003669305588118732
clip_zero_shot,translation_8_right,test_01220,1220,7,monkey,7,monkey,0.9971302151679993,True,4.351757922904653e-07,5.8750556490849704e-05,1.3985575606056955e-05,0.00046627636766061187,0.00011588530469452962,0.002058187033981085,0.00014152303629089147,0.9971302151679993,5.160740784049267e-06,9.576488992024679e-06
clip_zero_shot,translation_8_right,test_00962,962,8,ship,8,ship,0.9968546032905579,True,0.0001666534662945196,0.00045962221338413656,0.0003516860888339579,0.00010411636321805418,7.47210651752539e-05,7.269338675541803e-05,0.00031289513572119176,0.00014465606363955885,0.9968546032905579,0.0014583490556105971
clip_zero_shot,translation_8_right,test_02950,2950,5,dog,5,dog,0.9822421073913574,True,1.4692972399643622e-05,0.0009434717940166593,0.00015072862152010202,0.0031456409487873316,0.00213881628587842,0.9822421073913574,0.009136619046330452,0.0018892420921474695,0.00011187769268872216,0.0002267638483317569
clip_zero_shot,translation_8_right,test_02623,2623,5,dog,5,dog,0.9663681387901306,True,0.00047649297630414367,0.001116574858315289,0.00035273583489470184,0.005608062259852886,0.0037075087893754244,0.9663681387901306,0.011346090584993362,0.010548039339482784,0.00025863765040412545,0.00021769340673927218
clip_zero_shot,translation_8_right,test_04539,4539,0,airplane,0,airplane,0.9838265776634216,True,0.9838265776634216,0.00981259997934103,0.0011020231759175658,0.00024354118795599788,7.175430073402822e-05,0.0006155175506137311,0.0005538995610550046,0.0014586017932742834,0.001985187642276287,0.0003302700351923704
clip_zero_shot,translation_8_right,test_01553,1553,0,airplane,0,airplane,0.9751212000846863,True,0.9751212000846863,0.010979747399687767,0.00046206056140363216,0.00012813690409529954,9.583767678122967e-05,0.00017506658332422376,0.00020335210138000548,0.00041367521043866873,0.012047813273966312,0.00037310406332835555
clip_zero_shot,translation_8_right,test_04740,4740,4,deer,4,deer,0.988534152507782,True,1.1112918400613125e-05,0.0003030923253390938,6.832124927313998e-05,5.076980960438959e-05,0.988534152507782,0.001784547115676105,0.00855623185634613,0.0005075860535725951,1.9343291569384746e-05,0.00016500733909197152
clip_zero_shot,translation_8_right,test_06844,6844,0,airplane,0,airplane,0.7680034041404724,True,0.7680034041404724,0.1524123251438141,0.03411322832107544,0.002284188522025943,0.0003145736700389534,0.007482512388378382,0.0065187495201826096,0.007873047143220901,0.01646530255675316,0.004532645922154188
clip_zero_shot,translation_8_right,test_02668,2668,7,monkey,7,monkey,0.9608474969863892,True,1.004813498184376e-06,0.008830401115119457,4.51132764283102e-05,0.010694450698792934,0.0076040104031562805,0.011668809689581394,0.00026434482424519956,0.9608474969863892,1.471729228796903e-05,2.9629773052874953e-05
clip_zero_shot,translation_8_right,test_03153,3153,7,monkey,7,monkey,0.9633679389953613,True,6.492495572274493e-07,0.001734487945213914,5.588566273218021e-05,0.023304646834731102,0.0026389381382614374,0.007164148613810539,0.001673534861765802,0.9633679389953613,1.812992741179187e-05,4.170493775745854e-05
clip_zero_shot,translation_8_right,test_05135,5135,4,deer,4,deer,0.95064377784729,True,1.1454682862677146e-05,0.0004170559986960143,7.306598126888275e-05,0.0006191200227476656,0.95064377784729,0.023991459980607033,0.023839108645915985,0.0003178112383466214,4.077764242538251e-05,4.6472010581055656e-05
clip_zero_shot,translation_8_right,test_02291,2291,3,cat,3,cat,0.9369297027587891,True,5.369551217881963e-06,0.00040585268288850784,0.0005209700902923942,0.9369297027587891,0.0014041077811270952,0.016737384721636772,0.0004449672414921224,0.04327698051929474,0.0001512230810476467,0.00012345481081865728
clip_zero_shot,translation_8_right,test_00116,116,1,bird,1,bird,0.9957206845283508,True,0.00043705417192541063,0.9957206845283508,0.00024352004402317107,0.0003521876933518797,0.0002184461336582899,0.0016021239571273327,0.0002840165689121932,7.099282811395824e-05,0.00012806197628378868,0.0009429707424715161
clip_zero_shot,translation_8_right,test_07797,7797,3,cat,3,cat,0.9578048586845398,True,3.353043211973272e-05,0.015235207043588161,0.003335934830829501,0.9578048586845398,0.010207735933363438,0.00777387572452426,0.0004769261577166617,0.0029519700910896063,0.0015220212517306209,0.0006579302717000246
clip_zero_shot,translation_8_right,test_04609,4609,3,cat,3,cat,0.45602381229400635,True,2.0216555185470497e-06,0.005524401552975178,0.00020622312149498612,0.45602381229400635,0.0782344788312912,0.2932462990283966,0.008768847212195396,0.1578424870967865,6.300929089775309e-05,8.8347980636172e-05
clip_zero_shot,translation_8_right,test_00081,81,0,airplane,0,airplane,0.9193541407585144,True,0.9193541407585144,0.030615223571658134,0.027290266007184982,0.0028069240506738424,0.001941401744261384,0.003202173626050353,0.0027879080735147,0.001166792819276452,0.009492135606706142,0.001343057374469936
clip_zero_shot,translation_8_right,test_05580,5580,6,horse,6,horse,0.9969152212142944,True,1.612932283023838e-05,9.251860319636762e-05,0.0002531606878619641,0.0002517474349588156,0.0004917594487778842,0.001753968303091824,0.9969152212142944,3.317636947031133e-05,2.2807287678006105e-05,0.00016948718985076994
clip_zero_shot,translation_8_right,test_03024,3024,2,car,2,car,0.9619739651679993,True,0.0005457265651784837,0.0005533908843062818,0.9619739651679993,0.0006860301946289837,3.9768936403561383e-05,0.0011099724797531962,0.00041700887959450483,6.901238521095365e-05,0.0009093243861570954,0.03369593247771263
clip_zero_shot,translation_8_right,test_02766,2766,5,dog,5,dog,0.9710330367088318,True,4.4282198359724134e-05,0.0016705148154869676,0.00024210290575865656,0.003518421668559313,0.004001536872237921,0.9710330367088318,0.014461466111242771,0.004280447028577328,0.00010073598969029263,0.0006475253612734377
clip_zero_shot,translation_8_right,test_05000,5000,8,ship,8,ship,0.9957518577575684,True,0.000604563916567713,0.0003176156897097826,0.0004304600297473371,7.109696161933243e-05,0.00013848475646227598,0.0002686325751710683,0.00035349963582120836,0.0010455755982547998,0.9957518577575684,0.0010181959951296449
clip_zero_shot,translation_8_right,test_02610,2610,6,horse,6,horse,0.9815624952316284,True,7.073988672345877e-05,0.0017133868532255292,0.00018913614621851593,0.0007426019292324781,0.006586600095033646,0.006977752782404423,0.9815624952316284,0.0014280456816777587,0.00029054039623588324,0.00043871253728866577
clip_zero_shot,translation_8_right,test_02024,2024,0,airplane,0,airplane,0.8401023745536804,True,0.8401023745536804,0.08452774584293365,0.00997730903327465,0.00457659550011158,0.007710352074354887,0.005366189405322075,0.0044073848985135555,0.01694965362548828,0.02505851723253727,0.0013237762032076716
clip_zero_shot,translation_8_right,test_06097,6097,4,deer,4,deer,0.8962455987930298,True,0.0001191502160509117,0.0014377887127920985,0.00040052717668004334,0.00010349126387154683,0.8962455987930298,0.003545221872627735,0.09683588892221451,0.00030444530420936644,0.00018595076107885689,0.0008219600422307849
clip_zero_shot,translation_8_right,test_00964,964,6,horse,6,horse,0.9939112663269043,True,1.564146441523917e-05,0.001037462498061359,0.0003817274118773639,0.0013297520345076919,0.0006611716817133129,0.0014100410044193268,0.9939112663269043,0.00025662154075689614,0.0006315120845101774,0.0003647745179478079
clip_zero_shot,translation_8_right,test_07634,7634,0,airplane,0,airplane,0.9654836058616638,True,0.9654836058616638,0.01952572911977768,0.001451878109946847,0.0002706113154999912,0.0008466614526696503,0.0014050843892619014,0.0009682742529548705,0.002321422565728426,0.007502625230699778,0.0002240487519884482
clip_zero_shot,translation_8_right,test_06434,6434,8,ship,8,ship,0.9994862079620361,True,1.4342907888931222e-05,3.884836405632086e-05,1.965996307262685e-05,7.39817960493383e-06,1.3589671652880497e-05,2.956307253043633e-05,2.172924178012181e-05,3.123435817542486e-05,0.9994862079620361,0.00033741697552613914
clip_zero_shot,translation_8_right,test_05183,5183,2,car,2,car,0.9624443054199219,True,0.0022573117166757584,0.0003332978521939367,0.9624443054199219,7.433774590026587e-05,9.187596151605248e-05,0.00020901729294564575,0.0010743769817054272,0.0001193063726532273,0.0008050826145336032,0.03259097412228584
clip_zero_shot,translation_8_right,test_06986,6986,0,airplane,0,airplane,0.8673684000968933,True,0.8673684000968933,0.006194635760039091,0.0009308081935159862,0.00011398862261557952,0.00024168517848011106,0.0008816514746285975,0.00018510545487515628,0.00022604191326536238,0.12348823249340057,0.0003695472260005772
clip_zero_shot,translation_8_right,test_00645,645,5,dog,5,dog,0.950230062007904,True,7.531087612733245e-05,0.000428362051025033,0.00011484347487566993,0.0006007883348502219,0.0057520316913723946,0.950230062007904,0.039448682218790054,0.0012228972045704722,0.0003556078881956637,0.001771469134837389
clip_zero_shot,translation_8_right,test_03347,3347,0,airplane,0,airplane,0.9672266840934753,True,0.9672266840934753,0.024004770442843437,0.002044637920334935,0.0005933518987149,0.000203544637770392,0.0008877755608409643,0.0010639437241479754,0.0023810137063264847,0.0013663157587870955,0.00022797439305577427
clip_zero_shot,translation_8_right,test_05677,5677,2,car,2,car,0.9866253137588501,True,0.00023896161292213947,0.00020085237338207662,0.9866253137588501,0.0003104223869740963,0.00014714474673382938,0.000317725061904639,0.00017978499818127602,3.080265014432371e-05,0.0013403771445155144,0.010608763433992863
clip_zero_shot,translation_8_right,test_03412,3412,8,ship,8,ship,0.9936675429344177,True,0.00014807775733061135,0.0004202385898679495,0.000473652733489871,3.433047095313668e-05,0.00013086124090477824,0.00015010098286438733,0.0002323324588360265,0.00011301360063953325,0.9936675429344177,0.004629818722605705
clip_zero_shot,translation_8_right,test_03937,3937,1,bird,1,bird,0.9992246627807617,True,4.66597375634592e-05,0.9992246627807617,8.630430966150016e-05,0.00014287373051047325,2.991557494169683e-06,8.973492367658764e-05,4.9803737056208774e-05,0.00014843630196992308,0.0001251872454304248,8.337121835211292e-05
clip_zero_shot,translation_8_right,test_00873,873,6,horse,6,horse,0.8112508654594421,True,6.8915610427211504e-06,0.0005566546460613608,7.164494309108704e-05,0.0008938208338804543,0.1795065551996231,0.006378563586622477,0.8112508654594421,0.001261333585716784,1.2983440683456138e-05,6.073368786019273e-05
clip_zero_shot,translation_8_right,test_02167,2167,9,truck,9,truck,0.9892127513885498,True,0.00013935241440776736,0.0002581225417088717,0.0044563631527125835,0.0001189171671285294,0.00011953753710258752,0.00028579248464666307,0.0006197934271767735,0.0002837014908436686,0.004505746532231569,0.9892127513885498
clip_zero_shot,translation_8_right,test_06490,6490,3,cat,3,cat,0.791067898273468,True,0.0008792912121862173,0.017444495111703873,0.065503790974617,0.791067898273468,0.002579874126240611,0.007006955798715353,0.0020099515095353127,0.09513727575540543,0.014147475361824036,0.004222961142659187
clip_zero_shot,translation_8_right,test_00738,738,3,cat,3,cat,0.9849836230278015,True,2.955423951789271e-05,0.002321380889043212,0.0010461907368153334,0.9849836230278015,0.00018378168169874698,0.0073457276448607445,0.00090456020552665,0.0019855257123708725,0.0011415755143389106,5.797193443868309e-05
clip_zero_shot,translation_8_right,test_06616,6616,2,car,2,car,0.9598913788795471,True,0.0003577561001293361,0.0011808964191004634,0.9598913788795471,0.0006728083244524896,0.0002684682549443096,0.0002137555566150695,0.0005580586148425937,0.0004905490786768496,0.0019936952739953995,0.03437270224094391
clip_zero_shot,translation_8_right,test_04093,4093,6,horse,6,horse,0.9972334504127502,True,2.524364936107304e-05,0.00028154251049272716,0.00041529760346747935,0.00024839452817104757,0.0004862809437327087,0.000917042198125273,0.9972334504127502,0.0001083800452761352,0.00021244201343506575,7.197188097052276e-05
clip_zero_shot,translation_8_right,test_05788,5788,9,truck,9,truck,0.8283791542053223,True,0.0014360201312229037,0.004803952295333147,0.11471062153577805,0.0035790891852229834,0.0008631348609924316,0.003687570570036769,0.02265019901096821,0.0023009597789496183,0.01758936420083046,0.8283791542053223
clip_zero_shot,translation_8_right,test_07818,7818,8,ship,8,ship,0.989059567451477,True,0.0002461955591570586,0.0003478880680631846,0.0003173864388372749,0.0006810914492234588,0.0003598614130169153,0.00018887883925344795,0.0003813689691014588,0.0004314673424232751,0.989059567451477,0.00798631552606821
clip_zero_shot,translation_8_right,test_00304,304,1,bird,1,bird,0.9853506088256836,True,0.00017071863112505525,0.9853506088256836,0.0004451408749446273,0.002453323220834136,0.005060307681560516,0.0009926283964887261,0.0018792746122926474,0.0029276148416101933,0.0006432956433854997,7.689550693612546e-05
clip_zero_shot,translation_8_right,test_02082,2082,2,car,2,car,0.8317520618438721,True,0.00019016163423657417,0.001320897601544857,0.8317520618438721,0.00021080151782371104,0.00013354021939449012,0.0013374905101954937,0.0003729267918970436,0.0011504034046083689,0.0006248863064683974,0.16290684044361115
clip_zero_shot,translation_8_right,test_02746,2746,7,monkey,7,monkey,0.9979003667831421,True,1.2421544397511752e-06,0.0004917686455883086,4.773178807226941e-05,0.00031505085644312203,2.18935474549653e-05,0.0010727415792644024,9.491566743236035e-05,0.9979003667831421,3.647305493359454e-05,1.770269955159165e-05
clip_zero_shot,translation_8_right,test_07944,7944,4,deer,4,deer,0.9281118512153625,True,0.00033023059950210154,0.0032372556161135435,0.009661324322223663,0.006464457605034113,0.9281118512153625,0.04437035322189331,0.0018809415632858872,0.0002277975290780887,0.0034468097146600485,0.002268831245601177
clip_zero_shot,translation_8_right,test_06689,6689,8,ship,8,ship,0.9814094305038452,True,0.000755014771129936,0.0013854067074134946,0.001411562436260283,0.0007806607754901052,0.0004314121906645596,0.000938078504987061,0.0009245765977539122,0.0006141974590718746,0.9814094305038452,0.01134960912168026
clip_zero_shot,translation_8_right,test_02414,2414,9,truck,9,truck,0.9535174369812012,True,0.0005659069283865392,0.0012048330390825868,0.021670322865247726,0.0015962267061695457,0.004759711679071188,0.0015394978690892458,0.0022063101641833782,0.0002736609603744,0.012666082940995693,0.9535174369812012
clip_zero_shot,translation_8_right,test_03779,3779,6,horse,6,horse,0.9977391958236694,True,2.1502928575500846e-05,0.00012663367670029402,0.0005908175953663886,0.00016055761079769582,0.0001839450851548463,0.00046258256770670414,0.9977391958236694,3.6181852919980884e-05,0.00025291365454904735,0.000425691221607849
clip_zero_shot,translation_8_right,test_02095,2095,1,bird,1,bird,0.9795698523521423,True,0.00039700017077848315,0.9795698523521423,0.0018950188532471657,0.004532676190137863,0.00017801571812015027,0.0026096473447978497,0.0004444122314453125,0.008940979838371277,0.0003808283945545554,0.0010515791364014149
clip_zero_shot,translation_8_right,test_07262,7262,0,airplane,0,airplane,0.9279629588127136,True,0.9279629588127136,0.03738987818360329,0.009299607016146183,0.0026604258455336094,0.0002037007361650467,0.0017284073401242495,0.0018293126486241817,0.003714477177709341,0.013524449430406094,0.00168688187841326
clip_zero_shot,translation_8_right,test_05694,5694,8,ship,8,ship,0.9963504076004028,True,0.00039646538789384067,0.0007981706876307726,0.0009383104625158012,6.08916743658483e-05,0.00012272743333596736,7.843418279662728e-05,0.0007357638096436858,0.00019014273129869252,0.9963504076004028,0.0003285891725681722
clip_zero_shot,translation_8_right,test_07413,7413,5,dog,3,cat,0.6318714618682861,False,2.1778521386295324e-06,0.0036413760390132666,0.0001604704011697322,0.6318714618682861,0.000977365649305284,0.337382048368454,0.0031182062812149525,0.022516483440995216,0.0001784841006156057,0.00015182545757852495
clip_zero_shot,translation_8_right,test_06805,6805,1,bird,1,bird,0.9881486296653748,True,0.006917236838489771,0.9881486296653748,0.00031388443312607706,0.0001091371668735519,0.00018610520055517554,0.0008704265346750617,0.001584802521392703,0.0002537297550588846,0.0010810960084199905,0.0005348761915229261
clip_zero_shot,translation_8_right,test_03446,3446,7,monkey,7,monkey,0.9996787309646606,True,1.6518536938292527e-07,1.3744460375164635e-05,6.421363650588319e-06,6.189730629557744e-05,2.0739013052661903e-05,0.00020306768419686705,1.146241538663162e-05,0.9996787309646606,1.3857669500794145e-06,2.438274350424763e-06
clip_zero_shot,translation_8_right,test_02807,2807,5,dog,5,dog,0.4822337329387665,True,7.545846165157855e-05,0.020219381898641586,0.0021054234821349382,0.39125320315361023,0.04039561375975609,0.4822337329387665,0.0032242683228105307,0.05861853063106537,0.0009499774896539748,0.0009243799140676856
clip_zero_shot,translation_8_right,test_07940,7940,4,deer,4,deer,0.9926090836524963,True,4.202110631013056e-06,0.0003538697783369571,5.9141861129319295e-05,0.00017466777353547513,0.9926090836524963,0.0008770664571784437,0.005157997366040945,0.0006398325203917921,7.46725345379673e-05,4.946240005665459e-05
clip_zero_shot,translation_8_right,test_04172,4172,7,monkey,7,monkey,0.6916729807853699,True,7.208984243334271e-06,0.2997894585132599,0.00016134783800225705,0.0020568533800542355,0.0024774069897830486,0.0031557148322463036,0.0003990222467109561,0.6916729807853699,0.00010220937110716477,0.00017778009350877255
clip_zero_shot,translation_8_right,test_07744,7744,3,cat,3,cat,0.9721705913543701,True,9.245973342331126e-05,0.003178131068125367,0.00029610373894684017,0.9721705913543701,0.000280523527180776,0.014456579461693764,0.0014221833553165197,0.007103298790752888,0.0009418309782631695,5.82007305638399e-05
clip_zero_shot,translation_8_right,test_01586,1586,2,car,2,car,0.9936406016349792,True,1.4821693184785545e-05,0.00025686281151138246,0.9936406016349792,6.095623757573776e-05,2.608561953820754e-05,0.0005633695982396603,0.00017454090993851423,0.0006731137982569635,0.0003796045493800193,0.004209927283227444
clip_zero_shot,translation_8_right,test_07999,7999,8,ship,8,ship,0.9940862655639648,True,5.4545449529541656e-05,0.000496844993904233,0.00032191071659326553,4.587855073623359e-05,0.00014506166917271912,0.00021071030641905963,0.00035433421726338565,0.00013309702626429498,0.9940862655639648,0.004151361063122749
clip_zero_shot,translation_8_right,test_06349,6349,1,bird,1,bird,0.9884915351867676,True,2.9244729375932366e-05,0.9884915351867676,0.00036340593942441046,0.003273371374234557,0.0016808593645691872,0.0009655419271439314,0.00018704893591348082,0.004306739661842585,0.0003937548026442528,0.0003084868658334017
clip_zero_shot,translation_8_right,test_06594,6594,1,bird,1,bird,0.9948719143867493,True,0.0025718151591718197,0.9948719143867493,6.840360583737493e-05,8.042883564485237e-05,3.0957788112573326e-05,0.0002863139961846173,0.0001141000393545255,7.869044566177763e-06,0.001823498634621501,0.00014483417908195406
clip_zero_shot,translation_8_right,test_02109,2109,8,ship,8,ship,0.9992375373840332,True,3.8912919990252703e-05,0.000173144435393624,5.98766200710088e-05,2.0135230442974716e-05,2.118610791512765e-05,3.267335341661237e-05,0.00020237694843672216,2.0589775886037387e-05,0.9992375373840332,0.00019354306277818978
clip_zero_shot,translation_8_right,test_03079,3079,1,bird,1,bird,0.9989584684371948,True,0.00011467978038126603,0.9989584684371948,0.00016453868011012673,0.00015587839880026877,4.604617970471736e-06,0.0002517495595384389,4.546176933217794e-05,5.234863419900648e-05,0.0001210539267049171,0.0001309911604039371
clip_zero_shot,translation_8_right,test_02070,2070,1,bird,1,bird,0.9980248212814331,True,2.314155426574871e-05,0.9980248212814331,0.0001459712366340682,0.00041467617847956717,0.0002659805759321898,0.0007489077397622168,3.809288682532497e-05,0.00018475066462997347,8.361089567188174e-05,7.001224730629474e-05
clip_zero_shot,translation_8_right,test_00319,319,5,dog,5,dog,0.9883115887641907,True,4.2086718167411163e-05,0.0011013499461114407,0.00012775365030393004,0.003018768271431327,0.001339953625574708,0.9883115887641907,0.002531736623495817,0.0031922333873808384,0.00018000247655436397,0.00015440098650287837
clip_zero_shot,translation_8_right,test_02888,2888,0,airplane,0,airplane,0.96920245885849,True,0.96920245885849,0.01538923755288124,0.004374503158032894,0.00012636948667932302,0.0002924324362538755,0.0001791228132788092,0.0014628847129642963,0.00026807482936419547,0.007384893484413624,0.0013201272813603282
clip_zero_shot,translation_8_right,test_06224,6224,5,dog,5,dog,0.9581352472305298,True,1.5729718825241434e-06,0.00014877892681397498,6.294987542787567e-05,0.001885117031633854,0.0033441197592765093,0.9581352472305298,0.03527255728840828,0.0009113848791457713,3.4372384106973186e-05,0.0002039614919340238
clip_zero_shot,translation_8_right,test_03353,3353,5,dog,5,dog,0.3763055205345154,True,0.0009349946631118655,0.1309080272912979,0.006985833868384361,0.16765283048152924,0.011668740771710873,0.3763055205345154,0.021260419860482216,0.2727254629135132,0.005539958830922842,0.006018169689923525
clip_zero_shot,translation_8_right,test_06244,6244,2,car,2,car,0.9711625576019287,True,0.00022070642444305122,0.0012044847244396806,0.9711625576019287,0.0004748360370285809,0.0009620388154871762,0.0012911469675600529,0.00015239267668221146,0.0014970197807997465,0.007479790132492781,0.015555034391582012
clip_zero_shot,translation_8_right,test_04704,4704,7,monkey,7,monkey,0.9981666803359985,True,5.643054464599118e-06,0.0008550111670047045,1.7329097317997366e-05,0.00022372555395122617,2.669285277079325e-05,0.0005679633468389511,0.00011428374273236841,0.9981666803359985,5.521319508261513e-06,1.7190635844599456e-05
clip_zero_shot,translation_8_right,test_02427,2427,5,dog,5,dog,0.9863339066505432,True,5.402424449130194e-06,0.0005059233517386019,8.562226867070422e-05,0.0007246035966090858,0.0005816248594783247,0.9863339066505432,0.010238297283649445,0.0011674400884658098,3.10993600578513e-05,0.00032621718128211796
clip_zero_shot,translation_8_right,test_07995,7995,9,truck,9,truck,0.9806146025657654,True,4.223164796712808e-05,4.5549259084509686e-05,0.01861882396042347,5.286175655783154e-05,8.11418067314662e-05,0.0001247192412847653,0.00023401636281050742,8.073837307165377e-06,0.00017800582281779498,0.9806146025657654
clip_zero_shot,translation_8_right,test_01124,1124,4,deer,4,deer,0.9983609318733215,True,2.884456307583605e-06,0.00027251752908341587,1.323346805293113e-05,5.441593748400919e-05,0.9983609318733215,0.0008826470002532005,0.0003579846234060824,3.812192881014198e-05,8.936518497648649e-06,8.485734724672511e-06
clip_zero_shot,translation_8_right,test_06733,6733,1,bird,1,bird,0.9575792551040649,True,4.608522431226447e-05,0.9575792551040649,0.0007598071242682636,0.0038719556760042906,0.00014046308933757246,0.017387257888913155,0.016998322680592537,0.00035113614285364747,0.00029096443904563785,0.0025748449843376875
clip_zero_shot,translation_8_right,test_02062,2062,9,truck,9,truck,0.9910703897476196,True,0.00010611196921672672,0.0001670487254159525,0.006322684232145548,0.00012619458721019328,0.00020119236432947218,0.00017040422244463116,0.000614487798884511,2.632488940434996e-05,0.0011951472843065858,0.9910703897476196
clip_zero_shot,translation_8_right,test_00805,805,9,truck,9,truck,0.9713667631149292,True,0.0010235776426270604,0.0008582706213928759,0.01644689403474331,0.00016321173461619765,0.00023249156947713345,0.000707999337464571,0.0030586200300604105,0.0026044512633234262,0.003537688637152314,0.9713667631149292
clip_zero_shot,translation_8_right,test_02028,2028,3,cat,3,cat,0.8178938627243042,True,6.351725460262969e-06,0.0012831204803660512,0.0011803357629105449,0.8178938627243042,0.012022031471133232,0.10655851662158966,0.0010571564780548215,0.059521690011024475,0.0001223404542542994,0.0003546059306245297
clip_zero_shot,translation_8_right,test_02392,2392,2,car,2,car,0.8930152058601379,True,0.0017096090596169233,0.0013427732046693563,0.8930152058601379,0.0017191374208778143,0.00250071007758379,0.0016199997626245022,0.017878971993923187,0.0036556313280016184,0.005393776576966047,0.0711640864610672
clip_zero_shot,translation_8_right,test_03292,3292,6,horse,6,horse,0.9944851994514465,True,1.7255590137210675e-05,0.00032099493546411395,0.00016591238090768456,0.00015441537834703922,0.0025381811428815126,0.0009444216266274452,0.9944851994514465,0.0007554083131253719,0.0005476254737004638,7.06653663655743e-05
clip_zero_shot,translation_8_right,test_01440,1440,7,monkey,7,monkey,0.9995850920677185,True,5.5050829672609325e-08,2.3813927327864803e-05,1.5163631132963928e-06,0.00014499144162982702,1.036607864079997e-05,0.0001947462878888473,3.624747841968201e-05,0.9995850920677185,1.6482365481351735e-06,1.4897110531819635e-06
clip_zero_shot,translation_8_right,test_01115,1115,1,bird,1,bird,0.9426500797271729,True,5.067409438197501e-05,0.9426500797271729,0.00043465651106089354,0.0014340075431391597,0.0008601038716733456,0.0030559413135051727,0.0022238362580537796,0.04842783883213997,0.0002654788549989462,0.0005973262595944107
clip_zero_shot,translation_8_right,test_04242,4242,8,ship,8,ship,0.9923291802406311,True,0.00022827606881037354,0.0006103405030444264,0.0002165495534427464,0.0004224521399009973,0.0006460771546699107,0.00011165932664880529,0.0005601152079179883,0.0005789068527519703,0.9923291802406311,0.004296512808650732
clip_zero_shot,translation_8_right,test_02230,2230,8,ship,8,ship,0.9984843134880066,True,8.040141983656213e-05,5.0113034376408905e-05,0.0001310819061473012,2.715467599045951e-05,2.5283727154601365e-05,3.840109275188297e-05,3.560506957001053e-05,7.540937076555565e-05,0.9984843134880066,0.001052257139235735
clip_zero_shot,translation_8_right,test_03163,3163,2,car,2,car,0.9945244789123535,True,8.398232603212819e-05,0.00022443008492700756,0.9945244789123535,6.463992758654058e-05,6.65288171148859e-05,0.0010166947031393647,0.00020302890334278345,0.00020602328004315495,0.001000085030682385,0.0026100734248757362
clip_zero_shot,translation_8_right,test_00545,545,6,horse,6,horse,0.9605604410171509,True,3.4066040825564414e-05,0.0003422157315071672,0.01829376444220543,0.00021756083879154176,0.00026869226712733507,0.003911375533789396,0.9605604410171509,0.0036603445187211037,0.00037697693915106356,0.012334580533206463
clip_zero_shot,translation_8_right,test_03863,3863,5,dog,5,dog,0.9670526385307312,True,6.909208605065942e-05,0.0010004813084378839,0.0001532679161755368,0.0014178514247760177,0.0010530067374929786,0.9670526385307312,0.026752181351184845,0.001974930055439472,0.00017547837342135608,0.0003511417016852647
clip_zero_shot,translation_8_right,test_04748,4748,7,monkey,7,monkey,0.9997032284736633,True,1.9486672897528479e-07,0.00014167511835694313,3.4812794638128253e-06,7.959875802043825e-05,2.2107687982497737e-06,5.5088516091927886e-05,1.08221938717179e-05,0.9997032284736633,1.2537686870928155e-06,2.361079623369733e-06
clip_zero_shot,translation_8_right,test_02399,2399,4,deer,4,deer,0.9429694414138794,True,0.00017970276530832052,0.002290906384587288,0.0008198338327929378,0.00038941155071370304,0.9429694414138794,0.0061626373790204525,0.04537836089730263,0.0002828998549375683,0.0009475275874137878,0.0005791689036414027
clip_zero_shot,translation_8_right,test_04341,4341,6,horse,6,horse,0.9964383840560913,True,2.806934753607493e-05,0.0001991129684029147,0.00018900746363215148,0.00011980567069258541,0.0005485106375999749,0.0010381757747381926,0.9964383840560913,3.124692011624575e-05,0.0002097603864967823,0.0011980001581832767
clip_zero_shot,translation_8_right,test_03078,3078,4,deer,4,deer,0.9981683492660522,True,1.3914886949351057e-06,0.0007264027372002602,3.2256361009785905e-05,0.0002581994340289384,0.9981683492660522,0.0005662930198013783,0.00017493222549092025,5.372187661123462e-05,4.5295232666831e-06,1.408934076607693e-05
clip_zero_shot,translation_8_right,test_03763,3763,4,deer,4,deer,0.9561262130737305,True,7.509731221944094e-05,0.0012496050912886858,0.0007640868425369263,9.275049524148926e-05,0.9561262130737305,0.007481945212930441,0.03254872187972069,0.0001222873543156311,0.00039330770960077643,0.0011460024397820234
clip_zero_shot,translation_8_right,test_02958,2958,6,horse,6,horse,0.9977436065673828,True,7.2963584898388945e-06,0.00023077310470398515,0.00012353384227026254,0.00022672042541671544,0.0005631358944810927,0.0008097333484329283,0.9977436065673828,5.651973333442584e-05,7.350951636908576e-05,0.0001652579812798649
clip_zero_shot,translation_8_right,test_06381,6381,6,horse,6,horse,0.9955278038978577,True,1.3253703400550876e-05,6.717870564898476e-05,0.0030457903631031513,6.093111005611718e-05,3.667059718281962e-05,0.0005215565324760973,0.9955278038978577,3.257727075833827e-05,0.00012834841618314385,0.0005657340516336262
clip_zero_shot,translation_8_right,test_01640,1640,8,ship,8,ship,0.9989235997200012,True,3.019724135810975e-05,0.00010225030564470217,5.62276691198349e-05,1.905595308926422e-05,1.751767376845237e-05,3.0081466320552863e-05,0.00029815349262207747,9.595546725904569e-05,0.9989235997200012,0.0004269117198418826
clip_zero_shot,translation_8_right,test_01783,1783,8,ship,8,ship,0.9967132806777954,True,6.155757728265598e-05,0.00037452837568707764,0.00010111663141287863,0.00013660061813425273,0.00028138599009253085,0.00010896694584516808,0.0004837198357563466,0.00045599901932291687,0.9967132806777954,0.001282828743569553
clip_zero_shot,translation_8_right,test_03914,3914,3,cat,3,cat,0.992610514163971,True,3.10138966597151e-05,0.0008786081452853978,0.0010465559316799045,0.992610514163971,0.0007970925071276724,0.0021205302327871323,0.001053819083608687,0.0004891142016276717,0.0005423457478173077,0.0004303487075958401
clip_zero_shot,translation_8_right,test_01534,1534,6,horse,6,horse,0.9492039680480957,True,0.00018195563461631536,0.000807636184617877,0.010626737959682941,0.002139211632311344,0.0021810962352901697,0.015572264790534973,0.9492039680480957,0.014165220782160759,0.0015111815882846713,0.0036107897758483887
clip_zero_shot,translation_8_right,test_00685,685,5,dog,5,dog,0.9839752912521362,True,2.9937911676825024e-05,0.0004190219915471971,6.7926048359368e-05,0.002968678018078208,0.0013228420866653323,0.9839752912521362,0.0045859008096158504,0.006284428294748068,0.00014378794003278017,0.00020216370467096567
clip_zero_shot,translation_8_right,test_04617,4617,0,airplane,0,airplane,0.9324832558631897,True,0.9324832558631897,0.03266667574644089,0.0074226511642336845,0.0012432539369910955,0.00020489963935688138,0.003337187459692359,0.001499089994467795,0.01556914858520031,0.005256585776805878,0.000317348720273003
clip_zero_shot,translation_8_right,test_05508,5508,9,truck,9,truck,0.9782269597053528,True,0.00015609287947881967,0.000299984123557806,0.015487386845052242,0.00026302228798158467,9.721000969875604e-05,0.00021500815637409687,0.00032645551254972816,0.0001018787152133882,0.004826054908335209,0.9782269597053528
clip_zero_shot,translation_8_right,test_01022,1022,9,truck,9,truck,0.9300051927566528,True,0.0009432844817638397,0.00011993454245384783,0.06706435233354568,0.00022181437816470861,0.00011427895515225828,0.0005392251769080758,0.0001717930572340265,0.00041217770194634795,0.0004079448408447206,0.9300051927566528
clip_zero_shot,translation_8_right,test_01230,1230,1,bird,1,bird,0.9613044261932373,True,0.0009554534335620701,0.9613044261932373,0.0003532606642693281,0.000635274569503963,4.035800520796329e-05,0.00048126588808372617,0.00038678839337080717,0.034564822912216187,0.000953494687564671,0.00032476865453645587
clip_zero_shot,translation_8_right,test_07475,7475,4,deer,4,deer,0.9947132468223572,True,1.6510328350705095e-05,0.00048786430852487683,0.00012710035662166774,3.540007310220972e-05,0.9947132468223572,0.0012083766050636768,0.0032538543455302715,3.243335959268734e-05,2.3588054318679497e-05,0.000101604571682401
clip_zero_shot,translation_8_right,test_05756,5756,2,car,2,car,0.9581032395362854,True,0.00021152223052922636,0.00032464833930134773,0.9581032395362854,0.00020512173068709671,8.098084799712524e-05,0.00295405020006001,0.0001551839231979102,0.0003618537448346615,0.0015816718805581331,0.03602176159620285
clip_zero_shot,translation_8_right,test_03122,3122,4,deer,4,deer,0.9829348921775818,True,1.9468448954285122e-05,0.00018650013953447342,0.00038819588371552527,0.0003210109134670347,0.9829348921775818,0.002258931053802371,0.012648135423660278,0.0010862683411687613,0.00010410930553916842,5.2705461712321267e-05
clip_zero_shot,translation_8_right,test_07202,7202,1,bird,1,bird,0.9984499216079712,True,2.0979681721655652e-05,0.9984499216079712,5.438623338704929e-05,0.0005023195408284664,1.6891732229851186e-05,0.0006775945657864213,2.2005817299941555e-05,0.0001347721554338932,2.1816042135469615e-05,9.942822362063453e-05
clip_zero_shot,translation_8_right,test_04723,4723,9,truck,9,truck,0.8366832733154297,True,0.0020571474451571703,0.004188815597444773,0.08358550071716309,0.026119673624634743,0.0010843259515240788,0.005087867844849825,0.012145593762397766,0.0028895619325339794,0.02615821175277233,0.8366832733154297
clip_zero_shot,translation_8_right,test_01552,1552,5,dog,5,dog,0.8284130096435547,True,0.00012511656677816063,0.0009583039209246635,0.00014966326125431806,0.0016199757810682058,0.0328165628015995,0.8284130096435547,0.03150801360607147,0.10395597666501999,0.00017442394164390862,0.0002789222344290465
clip_zero_shot,translation_8_right,test_00603,603,9,truck,9,truck,0.8242809772491455,True,0.011924024671316147,0.0007938095950521529,0.05683959275484085,0.0009842556901276112,0.0009976582368835807,0.005040107760578394,0.007899780757725239,7.61067567509599e-05,0.09116369485855103,0.8242809772491455
clip_zero_shot,translation_8_right,test_02861,2861,3,cat,3,cat,0.9883551597595215,True,1.683914706518408e-05,0.0008368791895918548,0.0002394773910054937,0.9883551597595215,0.0001753722463035956,0.005908095743507147,0.0009196983883157372,0.003010994289070368,0.0003166502283420414,0.0002207393990829587
clip_zero_shot,translation_8_right,test_06426,6426,2,car,2,car,0.9854463338851929,True,0.0006590830162167549,0.0033838716335594654,0.9854463338851929,0.001841668039560318,6.948532973183319e-05,0.001898547518067062,0.002909028436988592,9.370277257403359e-05,0.001978344051167369,0.0017199990106746554
clip_zero_shot,translation_8_right,test_07864,7864,4,deer,4,deer,0.9838963747024536,True,4.4336175051284954e-05,0.0012173093855381012,0.00018207827815786004,8.546494063921273e-05,0.9838963747024536,0.0023685209453105927,0.011829263530671597,0.00012731931929010898,9.677116031525657e-05,0.0001525034022051841
clip_zero_shot,translation_8_right,test_05729,5729,6,horse,6,horse,0.9969798922538757,True,4.644810360332485e-06,8.273059211205691e-05,5.2912550017936155e-05,0.00020033230248373002,0.0004653505457099527,0.002020138083025813,0.9969798922538757,6.689423025818542e-05,2.923758620454464e-05,9.777355444384739e-05
clip_zero_shot,translation_8_right,test_07474,7474,5,dog,5,dog,0.9883702993392944,True,4.088856803718954e-05,0.0008583281305618584,0.00012124880595365539,0.0002901465049944818,0.0008734576986171305,0.9883702993392944,0.008654055185616016,0.00030522551969625056,0.0002186230121878907,0.00026760718901641667
clip_zero_shot,translation_8_right,test_04298,4298,1,bird,1,bird,0.9995731711387634,True,3.169630645061261e-06,0.9995731711387634,3.062191535718739e-05,4.062412335770205e-05,8.11613517726073e-06,8.942665590438992e-05,1.3283367479743902e-05,0.00019000572501681745,3.9091170037863776e-05,1.2459162462619133e-05
clip_zero_shot,translation_8_right,test_01175,1175,0,airplane,0,airplane,0.9616803526878357,True,0.9616803526878357,0.019172942265868187,0.0022953299339860678,0.00012279613292776048,0.000971119967289269,0.0012974118581041694,0.0019537999760359526,0.0016411712858825922,0.004103333223611116,0.0067616538144648075
clip_zero_shot,translation_8_right,test_03454,3454,2,car,2,car,0.9340396523475647,True,0.0033425979781895876,0.000920067832339555,0.9340396523475647,0.0005017161602154374,0.0031833178363740444,0.0010715012904256582,0.0003182763757649809,0.0004607072041835636,0.015148891136050224,0.04101333022117615
clip_zero_shot,translation_8_right,test_02754,2754,3,cat,3,cat,0.9864326119422913,True,2.1945475964457728e-05,0.0003130633558612317,0.0005197185091674328,0.9864326119422913,0.002047383924946189,0.007574248127639294,0.0019127227133139968,0.0008276408188976347,0.00017155993555206805,0.00017913775809574872
clip_zero_shot,translation_8_right,test_00855,855,4,deer,4,deer,0.8839321732521057,True,5.804112333862577e-06,0.0006074142293073237,0.0003749493625946343,0.00016644656716380268,0.8839321732521057,0.006268393713980913,0.10467658191919327,0.0029989241156727076,2.9454973628162406e-05,0.0009397951071150601
clip_zero_shot,translation_8_right,test_02854,2854,7,monkey,7,monkey,0.9354128837585449,True,8.433002221863717e-06,0.020248474553227425,0.00013064558152109385,0.006755586247891188,0.012684566900134087,0.021066932007670403,0.003559224074706435,0.9354128837585449,3.439170177443884e-05,9.890109504340217e-05
clip_zero_shot,translation_8_right,test_05092,5092,1,bird,1,bird,0.9994459748268127,True,1.0790021406137384e-05,0.9994459748268127,5.261367914499715e-05,0.00012236267502885312,2.9712684863625327e-06,0.0001669452467467636,3.505441782181151e-05,6.0435893828980625e-05,5.447632429422811e-05,4.836942025576718e-05
clip_zero_shot,translation_8_right,test_05590,5590,9,truck,9,truck,0.94281405210495,True,0.004906265065073967,0.0016517866170033813,0.02352486364543438,0.0007286895415745676,0.0012091046664863825,0.0020731722470372915,0.003515564138069749,0.00019384437473490834,0.01938268356025219,0.94281405210495
clip_zero_shot,translation_8_right,test_04463,4463,3,cat,3,cat,0.9881635308265686,True,7.180729880928993e-05,0.0027193576097488403,0.000699083146173507,0.9881635308265686,0.00023444060934707522,0.002580230589956045,0.0005247648223303258,0.00401013670489192,0.0007167145959101617,0.0002799509384203702
clip_zero_shot,translation_8_right,test_05318,5318,2,car,2,car,0.942326009273529,True,0.00037889275699853897,0.0008353773155249655,0.942326009273529,0.00041284668259322643,0.006118892692029476,0.0031233772169798613,0.001998252235352993,0.0041699218563735485,0.0018148786621168256,0.03882158175110817
clip_zero_shot,translation_8_right,test_03515,3515,6,horse,6,horse,0.9978078007698059,True,5.463195520860609e-06,6.586180825252086e-05,5.7681198086356744e-05,0.00011312380229355767,0.0009943448239937425,0.00079229666152969,0.9978078007698059,7.065940735628828e-05,4.792988329427317e-05,4.488387639867142e-05
clip_zero_shot,translation_8_right,test_04642,4642,4,deer,4,deer,0.9986701011657715,True,5.104556066726218e-07,0.000191442682989873,1.3557820238929708e-05,9.155226143775508e-05,0.9986701011657715,0.0005236211000010371,0.00046485295752063394,2.6713041734183207e-05,6.081198989704717e-06,1.160757165052928e-05
clip_zero_shot,translation_8_right,test_00852,852,9,truck,9,truck,0.9982399940490723,True,1.2263083590369206e-05,4.865756636718288e-05,0.0010712334187701344,8.8266417151317e-05,4.911173527943902e-05,0.00010793114051921293,0.00010555506742093712,2.7670464987750165e-05,0.0002493219799362123,0.9982399940490723
clip_zero_shot,translation_8_right,test_01247,1247,8,ship,8,ship,0.9801194071769714,True,0.0002880703250411898,0.0001412516285199672,0.0009451337391510606,0.0003021802695002407,0.0003192749572917819,0.00015074911061674356,0.00045358826173469424,0.0003042594180442393,0.9801194071769714,0.016976000741124153
clip_zero_shot,translation_8_right,test_07084,7084,2,car,2,car,0.8707849979400635,True,0.00023891052114777267,0.0018517198041081429,0.8707849979400635,0.0005470312316901982,0.000764961470849812,0.0012839216506108642,0.0003786039596889168,0.001251794514246285,0.0014077445957809687,0.12149030715227127
clip_zero_shot,translation_8_right,test_05301,5301,9,truck,9,truck,0.979961633682251,True,0.00041259260615333915,0.00019863656780216843,0.0176269318908453,3.3679112675599754e-05,4.478143455344252e-05,0.0001393369457218796,0.00016065382806118578,1.6359128494514152e-05,0.0014054105849936604,0.979961633682251
clip_zero_shot,translation_8_right,test_05082,5082,6,horse,6,horse,0.9979046583175659,True,6.031619705026969e-06,0.00023372180294245481,4.180015457677655e-05,0.0003442391171120107,0.0003513354167807847,0.0008248533122241497,0.9979046583175659,0.00019703319412656128,2.0809651687159203e-05,7.558887591585517e-05
clip_zero_shot,translation_8_right,test_05077,5077,4,deer,4,deer,0.9610090851783752,True,2.7370526368031278e-05,0.0008119118283502758,0.00021591463882941753,7.777204882586375e-05,0.9610090851783752,0.0017153393710032105,0.03528757765889168,0.0004925302346237004,0.00010761188605101779,0.0002549536875449121
clip_zero_shot,translation_8_right,test_01563,1563,3,cat,3,cat,0.5231497883796692,True,5.925414825469488e-06,0.006867662072181702,0.0003549897810444236,0.5231497883796692,0.0007750362274236977,0.036721982061862946,0.005891536362469196,0.42573413252830505,0.0001757306745275855,0.00032310414826497436
clip_zero_shot,translation_8_right,test_00029,29,7,monkey,7,monkey,0.9997978806495667,True,9.659341912993114e-07,6.895292608533055e-05,1.3076900359010324e-05,1.913482992677018e-05,6.553117145813303e-06,7.208418537629768e-05,1.1286482731520664e-05,0.9997978806495667,1.1481521369205439e-06,8.96867368282983e-06
clip_zero_shot,translation_8_right,test_03867,3867,7,monkey,7,monkey,0.9993807077407837,True,6.427654852814157e-07,0.00011756931780837476,1.0085812391480431e-05,8.34501042845659e-05,1.2904011782666203e-05,0.00029451068257912993,5.851559035363607e-05,0.9993807077407837,3.923224994650809e-06,3.760444087674841e-05
clip_zero_shot,translation_8_right,test_04620,4620,6,horse,6,horse,0.9959104061126709,True,1.732174860080704e-05,0.001239319914020598,0.00017871096497401595,0.00017518119420856237,0.0004868015239480883,0.0006948852678760886,0.9959104061126709,0.0009995055152103305,0.00020259761367924511,9.530178795102984e-05
clip_zero_shot,translation_8_right,test_04065,4065,2,car,2,car,0.9225088357925415,True,0.00032875954639166594,8.50977303343825e-05,0.9225088357925415,5.967791730654426e-05,0.00017495991778559983,0.0001668282347964123,0.00020632270025089383,7.992895552888513e-05,0.0005899735842831433,0.07579956948757172
clip_zero_shot,translation_8_right,test_01095,1095,5,dog,5,dog,0.9663605690002441,True,0.00011284868378425017,0.00024157525331247598,0.0010385509813204408,0.0011471618199720979,0.001096292631700635,0.9663605690002441,0.025493226945400238,0.001690126140601933,0.0018824139842763543,0.0009372331551276147
clip_zero_shot,translation_8_right,test_04229,4229,3,cat,3,cat,0.96028071641922,True,4.525320400716737e-05,0.0005030406755395234,0.0011882137041538954,0.96028071641922,0.017931219190359116,0.0036637692246586084,0.0014062909176573157,0.013776587322354317,0.0010264926822856069,0.0001784819905878976
clip_zero_shot,translation_8_right,test_03562,3562,3,cat,4,deer,0.6097574234008789,False,9.381971722177695e-06,0.0020421333611011505,0.0004433699941728264,0.018461572006344795,0.6097574234008789,0.3242495059967041,0.04169929027557373,0.002692851470783353,0.00038075505290180445,0.0002637131547089666
clip_zero_shot,translation_8_right,test_02342,2342,8,ship,8,ship,0.9987995624542236,True,0.00010832687257789075,0.0002055675140582025,9.19635349418968e-05,3.641078728833236e-05,6.559926259797066e-05,8.06984753580764e-05,0.00014393083984032273,0.0001427742827218026,0.9987995624542236,0.00032519191154278815
clip_zero_shot,translation_8_right,test_01667,1667,6,horse,6,horse,0.9854772686958313,True,7.406648364849389e-05,0.00010077105253003538,0.0033720452338457108,0.00041164117283187807,0.00018893922970164567,0.0026354696601629257,0.9854772686958313,0.00017335129086859524,0.0002775826142169535,0.007288794498890638
clip_zero_shot,translation_8_right,test_07033,7033,1,bird,1,bird,0.9781520962715149,True,2.7677855541696772e-05,0.9781520962715149,0.00032551036565564573,0.002022725995630026,0.012948044575750828,0.0015107935760170221,0.0004078502824995667,0.0041853501461446285,0.0002711825945880264,0.00014865193224977702
clip_zero_shot,translation_8_right,test_01771,1771,7,monkey,7,monkey,0.894698977470398,True,8.102652827801649e-06,0.0002506178861949593,0.0001083707538782619,0.013527651317417622,0.010888656601309776,0.07316062599420547,0.006989972200244665,0.894698977470398,4.256773536326364e-05,0.00032449999707750976
clip_zero_shot,translation_8_right,test_03157,3157,8,ship,8,ship,0.993046224117279,True,0.00013547363050747663,0.0012172957649454474,0.00036558910505846143,0.0001856273738667369,0.00043510031537152827,0.00021050713257864118,0.0010016983142122626,0.0006129838293418288,0.993046224117279,0.00278946990147233
clip_zero_shot,translation_8_right,test_03851,3851,3,cat,3,cat,0.9857600331306458,True,3.076430584769696e-05,0.0015859398990869522,0.00020337660680525005,0.9857600331306458,0.0003086359065491706,0.008784528821706772,0.002133643254637718,0.0008863357361406088,0.0002638146106619388,4.3004740291507915e-05
clip_zero_shot,translation_8_right,test_01287,1287,7,monkey,7,monkey,0.8743304014205933,True,3.032375025213696e-05,0.0024709952995181084,0.00044979486847296357,0.07765424251556396,0.00808480754494667,0.03543761000037193,0.0005657952860929072,0.8743304014205933,0.0006583362119272351,0.00031776883406564593
clip_zero_shot,translation_8_right,test_07320,7320,0,airplane,0,airplane,0.9466835856437683,True,0.9466835856437683,0.022060122340917587,0.012857863679528236,0.0020880873780697584,0.001175446785055101,0.0030171580146998167,0.0030866111628711224,0.0022443777415901423,0.0045698583126068115,0.0022167200222611427
clip_zero_shot,translation_8_right,test_07600,7600,6,horse,6,horse,0.9889922142028809,True,0.0005751000135205686,0.0023868123535066843,0.001331487437710166,0.0011058796662837267,0.0011404663091525435,0.0011282204650342464,0.9889922142028809,0.0009382275748066604,0.0015722038224339485,0.000829407072160393
clip_zero_shot,translation_8_right,test_03852,3852,5,dog,5,dog,0.9747375845909119,True,0.000598277838435024,0.0016768750501796603,0.0008937348029576242,0.0063603827729821205,0.004756189417093992,0.9747375845909119,0.0014919728273525834,0.008845385164022446,0.00020859605865553021,0.000430972664617002
clip_zero_shot,translation_8_right,test_00269,269,7,monkey,7,monkey,0.9987053871154785,True,6.970064987399383e-07,1.9646702639875002e-05,8.309580152854323e-06,6.995223520789295e-05,1.4037089385965373e-05,0.0011013562325388193,6.802671123296022e-05,0.9987053871154785,3.485231900413055e-06,9.218557352141943e-06
clip_zero_shot,translation_8_right,test_01703,1703,7,monkey,7,monkey,0.8601822257041931,True,3.6870296753477305e-05,0.001998325577005744,0.001206503133289516,0.06599420309066772,0.003067808225750923,0.06524749845266342,0.001323054195381701,0.8601822257041931,0.0004390827671159059,0.0005044008139520884
clip_zero_shot,translation_8_right,test_07776,7776,5,dog,5,dog,0.9506825804710388,True,0.0004177290538791567,0.0005408393335528672,0.001526975422166288,0.0007251932984218001,0.002483110874891281,0.9506825804710388,0.038105640560388565,0.003128074575215578,0.001056692679412663,0.00133319606538862
clip_zero_shot,translation_8_right,test_03891,3891,4,deer,4,deer,0.9983676075935364,True,2.2097391649822384e-07,0.0008023519767448306,1.1187515156052541e-05,0.00011696747242240235,0.9983676075935364,0.0003854039532598108,0.0001951438025571406,0.00011510926560731605,2.739627007031231e-06,3.3595947570574936e-06
clip_zero_shot,translation_8_right,test_07009,7009,0,airplane,0,airplane,0.9828814268112183,True,0.9828814268112183,0.0008559025009162724,0.0046165636740624905,4.2450552427908406e-05,0.00037825157050974667,0.00013071975263301283,0.0006438560085371137,2.885334106395021e-05,0.007827108725905418,0.002594938036054373
clip_zero_shot,translation_8_right,test_04893,4893,0,airplane,0,airplane,0.9439864158630371,True,0.9439864158630371,0.0450085811316967,0.0021351687610149384,0.0001456607860745862,0.00036737346090376377,0.0004444227379281074,0.0019165686098858714,0.0012598686153069139,0.0044421786442399025,0.00029367991373874247
clip_zero_shot,translation_8_right,test_02351,2351,9,truck,9,truck,0.9950186014175415,True,2.559755557740573e-05,0.00025618812651373446,0.00209028203971684,0.00015019989223219454,0.00013585409033112228,0.0004266076139174402,0.001041957875713706,0.00012119003076804802,0.0007334445253945887,0.9950186014175415
clip_zero_shot,translation_8_right,test_03550,3550,1,bird,1,bird,0.9967513084411621,True,8.518967661075294e-05,0.9967513084411621,0.00021745731646660715,9.320098615717143e-05,0.00047792025725357234,0.00047464261297136545,0.001395150669850409,0.0001964544499060139,8.861924288794398e-05,0.0002200949238613248
clip_zero_shot,translation_8_right,test_05719,5719,7,monkey,7,monkey,0.9545369148254395,True,7.706398719165009e-06,0.006859284825623035,0.00018589734099805355,0.007768393028527498,7.191039912868291e-05,0.024549756199121475,0.005646147765219212,0.9545369148254395,0.00011471779725980014,0.0002593102108221501
clip_zero_shot,translation_8_right,test_01884,1884,7,monkey,7,monkey,0.9862233996391296,True,2.69324955297634e-05,0.012208455242216587,0.00016004472854547203,0.0006511768442578614,1.8773102056002244e-05,0.00033010737388394773,0.00016109857824631035,0.9862233996391296,8.171416993718594e-05,0.0001383492781314999
clip_zero_shot,translation_8_right,test_02898,2898,4,deer,4,deer,0.9924877882003784,True,4.151627581450157e-05,0.0006516336579807103,0.00018065694894175977,4.948730202158913e-05,0.9924877882003784,0.002707843203097582,0.0035171194467693567,7.85089359851554e-05,4.7067351260920987e-05,0.0002383116661803797
clip_zero_shot,translation_8_right,test_04640,4640,1,bird,1,bird,0.9700058698654175,True,8.382923988392577e-05,0.9700058698654175,6.238411151571199e-05,0.0003028871142305434,0.0009594406583346426,0.0004126566054765135,0.00016186486755032092,0.027782373130321503,0.0001597281516296789,6.897735875099897e-05
clip_zero_shot,translation_8_right,test_07610,7610,4,deer,4,deer,0.9819605350494385,True,7.1739636950951535e-06,0.001156831975094974,0.0004453906149137765,0.0001654147490626201,0.9819605350494385,0.001742759020999074,0.013801256194710732,0.00018535929848439991,0.0003957874432671815,0.00013957935152575374
clip_zero_shot,translation_8_right,test_01833,1833,8,ship,8,ship,0.9884957075119019,True,0.0001261893630726263,0.00038977223448455334,0.0006071865791454911,0.0004569676530081779,0.0001986380957532674,0.000118844116514083,0.00041234007221646607,0.001110804732888937,0.9884957075119019,0.008083554916083813
clip_zero_shot,translation_8_right,test_06455,6455,0,airplane,0,airplane,0.9317421913146973,True,0.9317421913146973,0.008679981343448162,0.007166794966906309,0.0003572972782421857,0.0015812002820894122,0.0006401727441698313,0.0010394478449597955,0.0006351629854179919,0.04585981369018555,0.0022980058565735817
clip_zero_shot,translation_8_right,test_03893,3893,9,truck,9,truck,0.8783199191093445,True,0.000643990351818502,0.001633056323044002,0.09858743846416473,0.0008149874047376215,0.0012271077139303088,0.0020927623845636845,0.004538166802376509,0.0008159657008945942,0.011326580308377743,0.8783199191093445
clip_zero_shot,translation_8_right,test_04731,4731,6,horse,6,horse,0.9989067316055298,True,5.710472123610089e-06,0.00020755286095663905,1.2825621524825692e-05,7.984007970662788e-05,0.00029527919832617044,0.00028363594901748,0.9989067316055298,0.0001543446705909446,1.7258595107705332e-05,3.67913453374058e-05
clip_zero_shot,translation_8_right,test_00929,929,6,horse,6,horse,0.9975695013999939,True,3.553557689883746e-06,7.375817222055048e-05,3.730489333975129e-05,0.00019453272398095578,0.00017215819389093667,0.0018468055641278625,0.9975695013999939,6.748977466486394e-05,8.247186087828595e-06,2.6613304726197384e-05
clip_zero_shot,translation_8_right,test_03962,3962,6,horse,6,horse,0.9894753694534302,True,2.055588993243873e-06,0.0005761617794632912,4.050679854117334e-05,0.000861355394590646,0.0018100927118211985,0.006991322617977858,0.9894753694534302,0.00018290060688741505,2.03063045773888e-05,3.991563062299974e-05
clip_zero_shot,translation_8_right,test_03778,3778,3,cat,3,cat,0.9765902161598206,True,0.00014569702034350485,0.001738823833875358,0.0004581747343763709,0.9765902161598206,0.0008402454550378025,0.01084417849779129,0.0012915459228679538,0.007664225529879332,0.00021471228683367372,0.0002123302547261119
clip_zero_shot,translation_8_right,test_01429,1429,4,deer,4,deer,0.7404287457466125,True,8.662384061608464e-05,0.005334272515028715,0.0005718155298382044,0.010813121683895588,0.7404287457466125,0.04282435402274132,0.15807755291461945,0.04091132432222366,0.0003416883700992912,0.0006105630309320986
clip_zero_shot,translation_8_right,test_00049,49,2,car,2,car,0.9929856657981873,True,6.93929978297092e-05,0.0004975450574420393,0.9929856657981873,0.001537582604214549,0.00019873949349857867,0.0004254486702848226,0.001671763719059527,0.0003400957793928683,0.000681613979395479,0.0015922231832519174
clip_zero_shot,translation_8_right,test_00276,276,9,truck,9,truck,0.9382889270782471,True,0.0015549053205177188,0.00034459648304618895,0.052131958305835724,0.00013316734111867845,0.0006982236518524587,0.0011529186740517616,0.0005314815207384527,0.000495871645398438,0.004667989443987608,0.9382889270782471
clip_zero_shot,translation_8_right,test_06076,6076,1,bird,1,bird,0.9992889165878296,True,3.2782278140075505e-05,0.9992889165878296,4.577556319418363e-05,7.101063238224015e-05,0.0001556646020617336,7.4533571023494e-05,4.564948540064506e-05,0.00012955507554579526,9.851989307207987e-05,5.756081372965127e-05
clip_zero_shot,translation_8_right,test_01389,1389,0,airplane,0,airplane,0.9680565595626831,True,0.9680565595626831,0.010211413726210594,0.0011543441796675324,0.00030725070973858237,0.0012165845837444067,0.0015734018525108695,0.001499827834777534,0.001161752501502633,0.012680198065936565,0.0021387471351772547
clip_zero_shot,translation_8_right,test_03362,3362,2,car,2,car,0.9818066358566284,True,0.00023881539527792484,0.0013336908305063844,0.9818066358566284,0.0011142765870317817,0.0011021291138604283,0.001586642232723534,0.0031354008242487907,0.0005036933580413461,0.0015382400015369058,0.007640376221388578
clip_zero_shot,translation_8_right,test_00317,317,2,car,2,car,0.9863601922988892,True,6.87503707013093e-05,0.0013161279493942857,0.9863601922988892,0.0001537546922918409,0.00021397965610958636,0.0003819761623162776,0.0018096673302352428,0.0014989111805334687,0.0007188618183135986,0.007477521896362305
clip_zero_shot,translation_8_right,test_04675,4675,0,airplane,0,airplane,0.9833789467811584,True,0.9833789467811584,0.010955757461488247,0.0008124095038510859,8.430173329543322e-05,0.000272966775810346,0.0002544242888689041,0.0004921257495880127,0.0010057148756459355,0.0024873458314687014,0.0002560087596066296
clip_zero_shot,translation_8_right,test_05924,5924,5,dog,5,dog,0.9714206457138062,True,0.00019176414934918284,0.00026839436031877995,0.0006350135081447661,0.0008924092981033027,0.0032431725412607193,0.9714206457138062,0.018039211630821228,0.003489498281851411,0.0002768148260656744,0.0015430807834491134
clip_zero_shot,translation_8_right,test_00198,198,1,bird,1,bird,0.9977794289588928,True,4.777388767251978e-06,0.9977794289588928,4.382525366963819e-05,0.0009500056621618569,1.4487942280538846e-05,9.845554450294003e-05,4.026282476843335e-05,0.0009647765546105802,8.616830746177584e-05,1.7893769836518914e-05
clip_zero_shot,translation_8_right,test_07779,7779,6,horse,6,horse,0.9877164959907532,True,0.0005447755684144795,0.0013973291497677565,0.002727662678807974,0.0010608464945107698,0.0010049028787761927,0.002717313589528203,0.9877164959907532,0.0015698793577030301,0.0005240734317339957,0.000736722897272557
clip_zero_shot,translation_8_right,test_04054,4054,4,deer,4,deer,0.9563079476356506,True,0.0001512052258476615,0.0013306891778483987,0.0007156627834774554,0.00020000209042336792,0.9563079476356506,0.002566056791692972,0.03692685812711716,0.00026443766546435654,0.0007819182355888188,0.0007551052840426564
clip_zero_shot,translation_8_right,test_05556,5556,4,deer,4,deer,0.9112401604652405,True,0.00018820908735506237,0.0015614968724548817,0.0006112274131737649,8.895286737242714e-05,0.9112401604652405,0.008339113555848598,0.07680875808000565,0.00019429907843004912,0.0001413398131262511,0.0008264576899819076
clip_zero_shot,translation_8_right,test_02687,2687,1,bird,1,bird,0.9989504814147949,True,4.893230652669445e-05,0.9989504814147949,3.83090773539152e-05,6.947086512809619e-05,3.571711204131134e-05,0.00016030184633564204,2.2100239220890217e-05,0.0005414528422988951,9.651938307797536e-05,3.655407635960728e-05
clip_zero_shot,translation_8_right,test_01202,1202,2,car,2,car,0.987794041633606,True,0.00042827846482396126,0.0008568743360228837,0.987794041633606,0.00028462480986490846,0.0002472325577400625,0.001456491881981492,0.0010466972598806024,0.0020758728496730328,0.0012237107148393989,0.004586074035614729
clip_zero_shot,translation_8_right,test_00097,97,5,dog,5,dog,0.9535563588142395,True,2.434539419482462e-05,0.002529201563447714,0.00018386308511253446,0.005144408438354731,0.005823599640280008,0.9535563588142395,0.004793296568095684,0.02759651467204094,7.838386227376759e-05,0.0002700136392377317
clip_zero_shot,translation_8_right,test_06033,6033,4,deer,4,deer,0.9941818118095398,True,9.743403097672854e-06,0.0014050332829356194,0.00015443572192452848,0.0002284724760102108,0.9941818118095398,0.0014672057004645467,0.0020439215004444122,0.00019181198149453849,0.00010498568008188158,0.00021256408945191652
clip_zero_shot,translation_8_right,test_01711,1711,7,monkey,7,monkey,0.9995232820510864,True,3.519505753502017e-06,0.00017019009101204574,7.874636139604263e-06,7.018641190370545e-05,1.1771326171583496e-05,0.00015222809452097863,5.03735791426152e-05,0.9995232820510864,3.351310169819044e-06,7.319766609725775e-06
clip_zero_shot,translation_8_right,test_01430,1430,9,truck,9,truck,0.9671693444252014,True,0.0010700917337089777,0.0017468443838879466,0.018811609596014023,0.0006998557946644723,0.0004386599757708609,0.0008467431762255728,0.002830566605553031,0.0006672175950370729,0.005719080101698637,0.9671693444252014
clip_zero_shot,translation_8_right,test_00739,739,8,ship,8,ship,0.9950986504554749,True,0.0001189830363728106,0.0004354742995928973,0.00011558348342077807,0.0001640377304283902,0.0003516288415994495,8.680330938659608e-05,0.000418296578573063,0.00031181718804873526,0.9950986504554749,0.0028986732941120863
clip_zero_shot,translation_8_right,test_03491,3491,1,bird,1,bird,0.9901955723762512,True,0.00011704353528330103,0.9901955723762512,0.00042284029768779874,0.0038201112765818834,0.0005442534456960857,0.0011842146050184965,0.00023858851636759937,0.002258127788081765,0.0006893129902891815,0.0005298954201862216
clip_zero_shot,translation_8_right,test_01568,1568,1,bird,1,bird,0.9926398992538452,True,8.414174772042315e-06,0.9926398992538452,5.9679121477529407e-05,0.0060788849368691444,3.0846535082673654e-05,0.000775918597355485,2.2159774744068272e-05,0.00025576393818482757,9.150069672614336e-05,3.717326035257429e-05
clip_zero_shot,translation_8_right,test_01211,1211,4,deer,4,deer,0.988926887512207,True,4.987336978956591e-06,0.0010277039837092161,0.0001446723035769537,1.0193980415351689e-05,0.988926887512207,0.0004276205145288259,0.009054371155798435,0.0002739769115578383,1.5568592061754316e-05,0.00011403338430682197
clip_zero_shot,translation_8_right,test_04913,4913,2,car,2,car,0.8916560411453247,True,0.0008281434420496225,0.00209860154427588,0.8916560411453247,0.0016037406167015433,0.009711815044283867,0.0032545276917517185,0.01036656741052866,0.002564985305070877,0.004046780522912741,0.07386869192123413
clip_zero_shot,translation_8_right,test_02502,2502,2,car,2,car,0.910609245300293,True,0.0005001982790417969,0.001749657210893929,0.910609245300293,0.0007769701187498868,0.0007488256087526679,0.0014268442755565047,0.007399396039545536,0.0014866236597299576,0.007632923312485218,0.06766927987337112
clip_zero_shot,translation_8_right,test_02539,2539,3,cat,3,cat,0.8776001930236816,True,0.0002278302126796916,0.008969915099442005,0.011157258413732052,0.8776001930236816,0.01814012974500656,0.02847074158489704,0.014337302185595036,0.03684675693511963,0.001971519086509943,0.0022782597225159407
clip_zero_shot,translation_8_right,test_00979,979,3,cat,3,cat,0.9917528033256531,True,1.2183158105472103e-05,0.0016172773903235793,0.0001564122358104214,0.9917528033256531,0.00011706427176250145,0.005045874509960413,0.0005204258486628532,0.0004963760147802532,0.00022664800053462386,5.484892244567163e-05
clip_zero_shot,translation_8_right,test_06354,6354,2,car,2,car,0.9847857356071472,True,0.0002374710893491283,0.00023089259047992527,0.9847857356071472,0.0007751141092739999,3.6036031815456226e-05,0.0005468608578667045,0.00017969006148632616,7.131671736715361e-05,0.003464992856606841,0.009671787731349468
clip_zero_shot,translation_8_right,test_04735,4735,2,car,2,car,0.9093905687332153,True,0.00029970804462209344,0.0008495068177580833,0.9093905687332153,0.00023309519747272134,8.764342055656016e-05,0.0008410860318690538,0.0002118473348673433,2.208356818300672e-05,0.0013728473568335176,0.08669156581163406
clip_zero_shot,translation_8_right,test_05912,5912,0,airplane,0,airplane,0.9421035647392273,True,0.9421035647392273,0.012865280732512474,0.005020226817578077,0.0008407950517721474,0.00010835109424078837,0.0013541891239583492,0.0010680853156372905,0.003250731388106942,0.03161361441016197,0.0017750641563907266
clip_zero_shot,translation_8_right,test_03844,3844,6,horse,6,horse,0.99836665391922,True,9.958385817299131e-06,4.359253216534853e-05,0.00012968930241186172,3.476056735962629e-05,0.0005092881037853658,0.0005275232833810151,0.99836665391922,5.350540959625505e-05,6.216238398337737e-05,0.00026288157096132636
clip_zero_shot,translation_8_right,test_01263,1263,3,cat,3,cat,0.39880847930908203,True,1.237481501448201e-05,0.002049539005383849,0.0006133384304121137,0.39880847930908203,0.31940144300460815,0.22124291956424713,0.005733697209507227,0.05167916789650917,0.0001733809185680002,0.000285747810266912
clip_zero_shot,translation_8_right,test_03404,3404,7,monkey,7,monkey,0.9953727126121521,True,8.52160246722633e-06,0.001348266378045082,8.586804324295372e-05,0.0004387821245472878,4.649662514566444e-05,0.0022434587590396404,0.00028686324367299676,0.9953727126121521,3.485247361822985e-05,0.00013415013381745666
clip_zero_shot,translation_8_right,test_03905,3905,8,ship,8,ship,0.9952510595321655,True,0.0003620754578150809,0.000820441055111587,0.0005362070514820516,8.412948955083266e-05,0.000291606382234022,5.373801468522288e-05,0.0007085565594024956,0.0016928149852901697,0.9952510595321655,0.00019926641834899783
clip_zero_shot,translation_8_right,test_01596,1596,0,airplane,0,airplane,0.9579938650131226,True,0.9579938650131226,0.007491957396268845,0.0033108105417340994,9.973250416805968e-05,0.0005796636105515063,0.0016218448290601373,0.000313002266921103,0.0006616584141738713,0.02731405943632126,0.0006132940761744976
clip_zero_shot,translation_8_right,test_03083,3083,0,airplane,0,airplane,0.9453840255737305,True,0.9453840255737305,0.018106773495674133,0.0028553118463605642,0.00034054194111377,0.0045775678008794785,0.0016783751780167222,0.004465553909540176,0.0028499688487499952,0.016052547842264175,0.0036892383359372616
clip_zero_shot,translation_8_right,test_02003,2003,6,horse,6,horse,0.9957973957061768,True,9.003368177218363e-05,0.00024019836564548314,0.00026963456184603274,0.00015601888298988342,0.0009079821757040918,0.001253893948160112,0.9957973957061768,0.0006349796894937754,3.859543721773662e-05,0.000611310126259923
clip_zero_shot,translation_8_right,test_05030,5030,2,car,2,car,0.9762973189353943,True,0.00028474433929659426,0.0022777451667934656,0.9762973189353943,0.0002673109993338585,0.00034712572232820094,0.0011339257471263409,0.0009358640527352691,0.0011885298881679773,0.003081477480009198,0.014185857959091663
clip_zero_shot,translation_8_right,test_00095,95,1,bird,1,bird,0.9987555742263794,True,4.8858014451980125e-06,0.9987555742263794,2.948916153400205e-05,0.00010411236144136637,1.7329733964288607e-05,0.00023517549561802298,1.751719719322864e-05,0.0007742794114165008,3.396318788873032e-05,2.7752481400966644e-05
clip_zero_shot,translation_8_right,test_02757,2757,4,deer,4,deer,0.9502884745597839,True,7.221553460112773e-06,0.00019381887977942824,0.00022740256099496037,8.12379876151681e-05,0.9502884745597839,0.005576328374445438,0.04309695586562157,0.00015956888091750443,4.2183186451438814e-05,0.00032669297070242465
clip_zero_shot,translation_8_right,test_03413,3413,1,bird,1,bird,0.9996154308319092,True,5.255828000372276e-06,0.9996154308319092,6.584145739907399e-05,4.4025648094248027e-05,4.470854764804244e-05,5.1229373639216647e-05,1.4581029063265305e-05,9.256099292542785e-05,3.5026205296162516e-05,3.12900374410674e-05
clip_zero_shot,translation_8_right,test_05488,5488,1,bird,1,bird,0.955230176448822,True,0.0003498367441352457,0.955230176448822,0.000284616049611941,0.0057382420636713505,0.0024765220005065203,0.009436125867068768,0.009076537564396858,0.01634189672768116,0.00023990949557628483,0.0008260951726697385
clip_zero_shot,translation_8_right,test_04827,4827,6,horse,6,horse,0.9520093202590942,True,0.0018011366482824087,0.008260881528258324,0.0024016518145799637,0.006080627907067537,0.005174321588128805,0.005084229167550802,0.9520093202590942,0.013418659567832947,0.004653695039451122,0.001115432707592845
clip_zero_shot,translation_8_right,test_01877,1877,5,dog,5,dog,0.9114860892295837,True,4.247762626619078e-05,0.0006646368419751525,0.00018863512377720326,0.0003986077499575913,0.0633149966597557,0.9114860892295837,0.02256782352924347,0.0007624125573784113,0.00011654970148811117,0.0004577187355607748
clip_zero_shot,translation_8_right,test_02157,2157,1,bird,1,bird,0.9983240962028503,True,5.856610368937254e-05,0.9983240962028503,0.0001023153163259849,0.00021675693278666586,8.765086931816768e-06,0.0002606913913041353,2.1150155589566566e-05,0.0007836282020434737,0.00012611574493348598,9.767689334694296e-05
clip_zero_shot,translation_8_right,test_04821,4821,3,cat,3,cat,0.9578586220741272,True,9.375861736771185e-06,0.0012806548038497567,0.0001801907055778429,0.9578586220741272,0.0006020389846526086,0.02287984825670719,0.00021815430955030024,0.016740085557103157,0.00017460950766690075,5.646393037750386e-05
clip_zero_shot,translation_8_right,test_04953,4953,5,dog,5,dog,0.9631752371788025,True,7.476023256458575e-06,0.0012971257092431188,0.0001412179262842983,0.015200186520814896,0.006843907758593559,0.9631752371788025,0.011853642761707306,0.001157798687927425,0.00026447727577760816,5.898539529880509e-05
clip_zero_shot,translation_8_right,test_05525,5525,8,ship,8,ship,0.9980576634407043,True,5.806758053950034e-05,0.00024309774744324386,0.000231518191867508,0.0003261854872107506,0.00011449029989307746,0.00020859511278104037,0.00039616573485545814,8.894583879737183e-05,0.9980576634407043,0.0002752274158410728
clip_zero_shot,translation_8_right,test_05381,5381,5,dog,5,dog,0.9705579280853271,True,2.0130679331487045e-05,0.0006368112517520785,0.00011897285003215075,0.0014354294398799539,0.0033329634461551905,0.9705579280853271,0.01793854869902134,0.005534044466912746,0.00015425861056428403,0.00027093064272776246
clip_zero_shot,translation_8_right,test_00672,672,3,cat,3,cat,0.955003559589386,True,3.5604914501163876e-06,0.0012273888569325209,0.0003527053922880441,0.955003559589386,0.01556177344173193,0.0024936834815889597,0.0002619065053295344,0.024983977898955345,3.6359255318529904e-05,7.497695332858711e-05
clip_zero_shot,translation_8_right,test_00323,323,7,monkey,7,monkey,0.9996545314788818,True,3.854889314425236e-07,2.353524905629456e-05,2.6484756290301448e-06,0.0001584782003192231,4.160252046858659e-06,0.00012917208368889987,2.2326416001305915e-05,0.9996545314788818,8.147052312779124e-07,3.984593604400288e-06
clip_zero_shot,translation_8_right,test_05436,5436,7,monkey,7,monkey,0.9994962215423584,True,7.100399557202763e-08,0.00023859922657720745,4.0531199374527205e-06,0.00011085909500252455,1.8463691958459094e-05,0.00012172657443443313,5.688299552275566e-06,0.9994962215423584,7.303025881810754e-07,3.5832024423143594e-06
clip_zero_shot,translation_8_right,test_05450,5450,7,monkey,7,monkey,0.960162341594696,True,7.747617019049358e-06,0.03892538323998451,4.4337935833027586e-05,0.0002885643334593624,1.052714742399985e-05,0.00041287578642368317,9.08127476577647e-05,0.960162341594696,3.1648236472392455e-05,2.584882349765394e-05
clip_zero_shot,translation_8_right,test_06358,6358,5,dog,5,dog,0.9773560762405396,True,0.00011739473120542243,0.00017595913959667087,0.00022102110960986465,0.0021195646841078997,0.001579495146870613,0.9773560762405396,0.01147411484271288,0.004623183980584145,0.0008427508873865008,0.0014904469717293978
clip_zero_shot,translation_8_right,test_00372,372,3,cat,3,cat,0.9846908450126648,True,0.0002671332040335983,0.001561530982144177,0.0011495838407427073,0.9846908450126648,0.0004915074678137898,0.007176565006375313,0.0005277814343571663,0.0021365184802562,0.001184219610877335,0.000814409286249429
clip_zero_shot,translation_8_right,test_00378,378,5,dog,5,dog,0.9866254329681396,True,1.5185610209300648e-05,0.00023938133381307125,0.00013468782708514482,0.006451106630265713,0.001306406338699162,0.9866254329681396,0.001962667563930154,0.0026963758282363415,0.0003097871958743781,0.00025911894044838846
clip_zero_shot,translation_8_right,test_07706,7706,5,dog,5,dog,0.9798436164855957,True,1.5143041309784167e-05,0.0003360551781952381,0.0007476287428289652,0.0015835786471143365,0.00021015321544837207,0.9798436164855957,0.013652062974870205,0.002299685264006257,0.0001656447711866349,0.001146382070146501
clip_zero_shot,translation_8_right,test_02178,2178,1,bird,1,bird,0.9920988082885742,True,0.0001427194947609678,0.9920988082885742,0.00016340009460691363,0.0004343636392150074,2.2207846996025182e-05,0.0016598887741565704,0.00022636928770225495,1.9776909539359622e-05,0.005054879933595657,0.00017750789993442595
clip_zero_shot,translation_8_right,test_05237,5237,2,car,2,car,0.8446205854415894,True,0.0013711930951103568,0.002492451574653387,0.8446205854415894,0.0012459757272154093,0.002881192835047841,0.0011272201081737876,0.012502280063927174,0.003758508013561368,0.0017305886140093207,0.1282699704170227
clip_zero_shot,translation_8_right,test_05478,5478,0,airplane,0,airplane,0.8998976945877075,True,0.8998976945877075,0.013398809358477592,0.005961606744676828,0.0008649432566016912,0.0012702002422884107,0.002718496136367321,0.0011002798564732075,0.012617832981050014,0.05462516471743584,0.007544993422925472
clip_zero_shot,translation_8_right,test_05452,5452,9,truck,9,truck,0.9809783697128296,True,9.370384941576049e-05,0.00015009402704890817,0.014298122376203537,0.0003884175675921142,0.0003933290718123317,0.00015270679432433099,0.001166829140856862,0.00011589345376705751,0.0022625720594078302,0.9809783697128296
clip_zero_shot,translation_8_right,test_05623,5623,4,deer,4,deer,0.993598222732544,True,3.661453229142353e-05,0.0012398456456139684,0.00020982099522370845,7.737500709481537e-05,0.993598222732544,0.0018404677975922823,0.0023821513168513775,6.0176444094395265e-05,3.219956124667078e-05,0.0005232142866589129
clip_zero_shot,translation_8_right,test_06772,6772,7,monkey,7,monkey,0.9942671656608582,True,5.6377161854470614e-06,0.00042012822814285755,2.467690865159966e-05,0.002180595649406314,0.0017159393755719066,0.000881539483089,0.000461209419881925,0.9942671656608582,1.3058623153483495e-05,3.0161056201905012e-05
clip_zero_shot,translation_8_right,test_01111,1111,4,deer,4,deer,0.9227757453918457,True,6.99004449415952e-05,0.0021490163635462523,0.0003981252375524491,0.00013635710638482124,0.9227757453918457,0.009869573637843132,0.06342063099145889,0.00013452349230647087,0.0002872586192097515,0.0007588884327560663
clip_zero_shot,translation_8_right,test_05528,5528,3,cat,3,cat,0.97369384765625,True,4.939581049256958e-05,0.001656913198530674,0.00015087077917996794,0.97369384765625,0.0004128239525016397,0.019075801596045494,0.0022124801762402058,0.002506394637748599,0.00020743052300531417,3.4041284379782155e-05
clip_zero_shot,translation_8_right,test_03777,3777,6,horse,6,horse,0.9988381266593933,True,2.8657975690293824e-06,0.0001126772040151991,5.810478251078166e-05,9.660982323111966e-05,0.00022985358373261988,0.000548815238289535,0.9988381266593933,1.695686842140276e-05,2.8751448553521186e-05,6.744529673596844e-05
clip_zero_shot,translation_8_right,test_02458,2458,5,dog,5,dog,0.9715868234634399,True,6.0119626141386107e-05,0.0008210880332626402,0.0002329279959667474,0.0012502081226557493,0.004797348286956549,0.9715868234634399,0.01817014440894127,0.0019115647301077843,0.0001685517781879753,0.001001182827167213
clip_zero_shot,translation_8_right,test_04921,4921,2,car,2,car,0.9564948678016663,True,0.00030652229906991124,0.0037150464486330748,0.9564948678016663,0.004054262302815914,0.0010763297323137522,0.007793954573571682,0.0014395329635590315,0.009157600812613964,0.002173204906284809,0.013788573443889618
clip_zero_shot,translation_8_right,test_03015,3015,8,ship,8,ship,0.990498960018158,True,0.00024228547408711165,0.000384443235816434,0.0006883730529807508,9.358003444503993e-05,0.00013183867849875242,0.00014137293328531086,0.0006781935226172209,0.00033528986386954784,0.990498960018158,0.006805742625147104
clip_zero_shot,translation_8_right,test_07476,7476,8,ship,8,ship,0.9881934523582458,True,0.00043036488932557404,0.004260958172380924,0.001470302464440465,0.0008592556114308536,0.0003870191576424986,0.0013488471740856767,0.0013531685108318925,0.0015554034616798162,0.9881934523582458,0.0001412005367456004
clip_zero_shot,translation_8_right,test_01520,1520,2,car,2,car,0.8410579562187195,True,0.0009029573993757367,0.00038081512320786715,0.8410579562187195,0.0005351784639060497,3.07945410895627e-05,0.0008396317134611309,0.00048899493413046,7.218070095404983e-05,0.0005204450571909547,0.15517111122608185
clip_zero_shot,translation_8_right,test_06713,6713,6,horse,6,horse,0.9908624887466431,True,1.1817494851129595e-05,6.379710248438641e-05,0.0030383069533854723,8.366654219571501e-05,0.0001465861132601276,0.003029441926628351,0.9908624887466431,0.001135477563366294,7.050175190670416e-05,0.0015578592428937554
clip_zero_shot,translation_8_right,test_01852,1852,1,bird,1,bird,0.9989640712738037,True,3.440888394834474e-05,0.9989640712738037,9.694412437966093e-05,0.00023333707940764725,5.014270936953835e-05,0.00011966482270509005,1.72269265021896e-05,5.4495252697961405e-05,0.00033356359926983714,9.609599510440603e-05
clip_zero_shot,translation_8_right,test_02268,2268,5,dog,5,dog,0.9924546480178833,True,6.940736784599721e-05,0.0005011075409129262,0.00029694620752707124,0.0015421630814671516,0.0003558233438525349,0.9924546480178833,0.0020549108739942312,0.0019478192552924156,0.0003088340745307505,0.00046822617878206074
clip_zero_shot,translation_8_right,test_00151,151,8,ship,8,ship,0.9948126077651978,True,8.702366176294163e-05,0.0006407333421520889,0.00027447124011814594,0.0002811581362038851,0.0005038563976995647,0.00013006837980356067,0.000737942464184016,0.0013646951410919428,0.9948126077651978,0.0011673636035993695
clip_zero_shot,translation_8_right,test_00890,890,6,horse,6,horse,0.9932215213775635,True,3.318183371447958e-05,0.0002912315831054002,0.0002378686476731673,0.00027926283655688167,0.002105170860886574,0.0026322491466999054,0.9932215213775635,0.0001586261496413499,0.0003535569994710386,0.0006873210077174008
clip_zero_shot,translation_8_right,test_00825,825,1,bird,1,bird,0.9901595711708069,True,0.005286388099193573,0.9901595711708069,0.00010480032506166026,0.00013898890756536275,0.00019622608670033514,0.0005562192527577281,0.0015658249612897635,0.0005257867742329836,0.0007205649162642658,0.0007455766317434609
clip_zero_shot,translation_8_right,test_02536,2536,3,cat,3,cat,0.933856189250946,True,7.513138552894816e-05,0.006071579642593861,0.005532518960535526,0.933856189250946,0.03965258598327637,0.007679032627493143,0.0008324877126142383,0.004516474902629852,0.0013699533883482218,0.0004139997181482613
clip_zero_shot,translation_8_right,test_00470,470,2,car,2,car,0.9829463958740234,True,0.0004198456008452922,0.002301600994542241,0.9829463958740234,0.000686989224050194,0.00014319553156383336,0.0014907974982634187,0.000535984814632684,0.0005179893923923373,0.0032438465859740973,0.007713417522609234
clip_zero_shot,translation_8_right,test_05256,5256,1,bird,1,bird,0.9967909455299377,True,9.159235196420923e-05,0.9967909455299377,0.00018572737462818623,0.0005892504705116153,6.207670230651274e-05,0.001336051500402391,0.00018562146578915417,0.0002865102724172175,0.00011061999975936487,0.0003616051690187305
clip_zero_shot,translation_8_right,test_02011,2011,9,truck,9,truck,0.9702064990997314,True,0.0002250953548355028,0.0008958855760283768,0.021270280703902245,0.00032922980608418584,0.00018164048378821462,0.0009815553203225136,0.0008354713791050017,0.0003290628083050251,0.004745335318148136,0.9702064990997314
clip_zero_shot,translation_8_right,test_07150,7150,0,airplane,0,airplane,0.991129994392395,True,0.991129994392395,0.005231726448982954,0.0006526303477585316,5.2518866141326725e-05,0.00033853561035357416,0.00048000665265135467,0.0006482101744040847,0.00047352846013382077,0.000928024179302156,6.45873587927781e-05
clip_zero_shot,translation_8_right,test_00449,449,6,horse,6,horse,0.9966296553611755,True,1.6520285498700105e-05,0.0002626550558488816,0.00014853787433821708,0.00014859680959489197,0.0009180072811432183,0.0009423781302757561,0.9966296553611755,0.00014608474157284945,0.00026233462267555296,0.0005251520778983831
clip_zero_shot,translation_8_right,test_02704,2704,4,deer,4,deer,0.9989542961120605,True,4.0801620571073727e-07,0.0002988042833749205,1.2075081031071022e-05,5.3091102017788216e-05,0.9989542961120605,0.000454557070042938,0.0001879283518064767,2.9879158319090493e-05,2.2556671410711715e-06,6.724128525092965e-06
clip_zero_shot,translation_8_right,test_03437,3437,0,airplane,0,airplane,0.9198313355445862,True,0.9198313355445862,0.02110542729496956,0.006443006917834282,0.0005687915836460888,0.002464655786752701,0.0018797162920236588,0.0006890508811920881,0.004581604152917862,0.041825469583272934,0.0006109568639658391
clip_zero_shot,translation_8_right,test_03375,3375,3,cat,3,cat,0.940494179725647,True,5.884577149117831e-06,0.0008487103623338044,0.0001621043775230646,0.940494179725647,0.01426807139068842,0.02484206110239029,0.0014855865156278014,0.01763767935335636,0.0001087574491975829,0.0001471230061724782
clip_zero_shot,translation_8_right,test_04552,4552,8,ship,8,ship,0.9950317144393921,True,7.413935963995755e-05,0.00017782868235372007,0.0004171196196693927,0.00015166633238550276,0.00016883913485798985,7.556976925116032e-05,8.224749763030559e-05,1.773317126207985e-05,0.9950317144393921,0.003803080413490534
clip_zero_shot,translation_8_right,test_00920,920,6,horse,6,horse,0.9992305040359497,True,5.865123512194259e-06,8.197009447030723e-05,2.0246036001481116e-05,8.92358657438308e-05,0.00015356617223005742,0.00035042199306190014,0.9992305040359497,2.2498201360576786e-05,1.4530753105646e-05,3.10876639559865e-05
clip_zero_shot,translation_8_right,test_02242,2242,0,airplane,0,airplane,0.9027343988418579,True,0.9027343988418579,0.010969049297273159,0.01027585193514824,0.0005104310112074018,0.0011502389097586274,0.0016607032157480717,0.0013232731726020575,0.0014298581518232822,0.06402429193258286,0.005921953357756138
clip_zero_shot,translation_8_right,test_02745,2745,8,ship,8,ship,0.9951220154762268,True,0.00020974794460926205,0.000592498981859535,0.00017552895587868989,0.000260005472227931,0.0002319609047845006,0.00016015539586078376,0.0005004056729376316,0.000957388780079782,0.9951220154762268,0.0017903578700497746
clip_zero_shot,translation_8_right,test_01032,1032,7,monkey,7,monkey,0.9885896444320679,True,2.34158960665809e-05,0.0030285578686743975,7.006125815678388e-05,0.005761450622230768,4.048173286719248e-05,0.0016198833473026752,0.00035317501169629395,0.9885896444320679,0.00043169851414859295,8.167543273884803e-05
clip_zero_shot,translation_8_right,test_00365,365,3,cat,3,cat,0.9855377078056335,True,7.652906060684472e-05,0.0017104449216276407,0.0001744389155646786,0.9855377078056335,0.0007187338196672499,0.007450410630553961,0.0023965586442500353,0.0010261392453685403,0.0008200216689147055,8.892964979168028e-05
clip_zero_shot,translation_8_right,test_04850,4850,5,dog,5,dog,0.9546294808387756,True,7.10974054527469e-05,0.0011026057181879878,0.00026697362773120403,0.013764570467174053,0.009802370332181454,0.9546294808387756,0.008358798921108246,0.011619728058576584,0.0001869012921815738,0.00019759545102715492
clip_zero_shot,translation_8_right,test_04819,4819,0,airplane,0,airplane,0.9708113670349121,True,0.9708113670349121,0.013300774618983269,0.003601228818297386,0.001331350882537663,0.0002805135736707598,0.0019952121656388044,0.0008116202661767602,0.004631307441741228,0.002922628540545702,0.0003139793989248574
clip_zero_shot,translation_8_right,test_07338,7338,6,horse,6,horse,0.9954571723937988,True,8.978156984085217e-05,0.0009709818405099213,0.0005471913027577102,0.00021840956469532102,0.00047762482427060604,0.0008299198816530406,0.9954571723937988,0.0002975419338326901,0.0003661448135972023,0.0007453983416780829
clip_zero_shot,translation_8_right,test_07372,7372,0,airplane,0,airplane,0.9695978760719299,True,0.9695978760719299,0.01835586503148079,0.0017083027632907033,0.00013545597903430462,0.00014282028132583946,0.0001802908955141902,0.00045254293945617974,0.0009338970412500203,0.00798000767827034,0.0005127983749844134
clip_zero_shot,translation_8_right,test_01090,1090,1,bird,1,bird,0.9964991807937622,True,0.0009054284309968352,0.9964991807937622,0.00011059437383664772,0.000146190490340814,8.376091864192858e-05,0.00027075258549302816,0.000995023874565959,0.0001195411168737337,0.00036611026735045016,0.0005034193745814264
clip_zero_shot,translation_8_right,test_05062,5062,4,deer,4,deer,0.9967212080955505,True,2.6917348350252723e-06,0.0006193035515025258,4.6944303903728724e-05,0.00015604602231178433,0.9967212080955505,0.0010756922420114279,0.0010609317105263472,0.00027401873376220465,7.156141236919211e-06,3.6134530091658235e-05
clip_zero_shot,translation_8_right,test_00981,981,2,car,2,car,0.9865650534629822,True,0.0006444326136261225,0.0019246028969064355,0.9865650534629822,0.0004331519303377718,0.0007426702068187296,0.0005748825496993959,0.000923485669773072,0.00027978766593150795,0.0014748169342055917,0.006437105592340231
clip_zero_shot,translation_8_right,test_05857,5857,6,horse,6,horse,0.9772536754608154,True,3.042667049157899e-05,0.0016024145297706127,0.0023066848516464233,0.0010145895648747683,0.001598808914422989,0.00640234537422657,0.9772536754608154,0.0027250449638813734,0.001223473809659481,0.005842569749802351
clip_zero_shot,translation_8_right,test_01986,1986,1,bird,1,bird,0.9671403765678406,True,2.4149125238182023e-05,0.9671403765678406,0.0012380493571981788,0.004455717280507088,0.00013910996494814754,0.014159105718135834,0.008806861937046051,0.000518470536917448,0.0010553605388849974,0.0024628264363855124
clip_zero_shot,translation_8_right,test_05560,5560,1,bird,1,bird,0.9928230047225952,True,3.8877278711879626e-05,0.9928230047225952,0.00011658151925075799,0.000574230682104826,7.395105058094487e-06,0.00222601811401546,0.00020376648171804845,0.003736684797331691,7.292925147339702e-05,0.00020062040130142123
clip_zero_shot,translation_8_right,test_01814,1814,2,car,2,car,0.9806615114212036,True,0.0002626929781399667,0.0004249111807439476,0.9806615114212036,0.0003372157225385308,0.0001408061507390812,0.00025654947967268527,0.0025057222228497267,6.876920815557241e-05,0.00045602230238728225,0.01488575991243124
clip_zero_shot,translation_8_right,test_00194,194,8,ship,8,ship,0.9925504922866821,True,0.0001619522226974368,0.0003542696067597717,0.0002632206305861473,0.00019664665160235018,0.0005356657784432173,0.00014090929471421987,0.0009767565643414855,0.00024007960746530443,0.9925504922866821,0.004579924512654543
clip_zero_shot,translation_8_right,test_01993,1993,1,bird,1,bird,0.9986825585365295,True,3.7896021240158007e-05,0.9986825585365295,0.00011952070781262591,6.893856334500015e-05,1.2271842933841981e-05,0.0006617644685320556,5.146633702679537e-05,0.00011921903205802664,0.00010784849291667342,0.00013852962001692504
clip_zero_shot,translation_8_right,test_05333,5333,2,car,2,car,0.9895616173744202,True,0.0002893046475946903,0.0001797697477741167,0.9895616173744202,0.00021021223801653832,3.9333819586317986e-05,0.00014441269740927964,0.0014347736723721027,2.7208116080146283e-05,0.002140817930921912,0.0059725940227508545
clip_zero_shot,translation_8_right,test_04311,4311,8,ship,8,ship,0.9987558126449585,True,2.303884321008809e-05,0.00011169096251251176,9.909189975587651e-05,1.7000516891130246e-05,2.1949168512946926e-05,3.760337131097913e-05,0.00016222818521782756,0.00011470201570773497,0.9987558126449585,0.0006568719400092959
clip_zero_shot,translation_8_right,test_07425,7425,2,car,2,car,0.9861191511154175,True,0.0001894962479127571,0.0008935710648074746,0.9861191511154175,0.0009926564525812864,0.0003555915900506079,0.0032398495823144913,0.0014085127040743828,0.00020107485761400312,0.0013889760011807084,0.005211206618696451
clip_zero_shot,translation_8_right,test_03889,3889,5,dog,5,dog,0.9763941168785095,True,9.993254934670404e-05,0.000947936496231705,0.00025953183649107814,0.0017027663998305798,0.0009593098657205701,0.9763941168785095,0.0033594579435884953,0.013080843724310398,0.0004325259942561388,0.002763567492365837
clip_zero_shot,translation_8_right,test_04308,4308,7,monkey,7,monkey,0.9706958532333374,True,1.2521315511548892e-05,0.0006679754587821662,0.00024654241860844195,0.02307160757482052,0.00018463024753145874,0.004101550672203302,0.0007590217865072191,0.9706958532333374,0.00013803737238049507,0.00012220480130054057
clip_zero_shot,translation_8_right,test_01960,1960,4,deer,4,deer,0.9697238802909851,True,1.5497225831495598e-05,0.0004123265971429646,0.0001321799645666033,0.0002994563546963036,0.9697238802909851,0.02801627665758133,0.0010347459465265274,0.00011995567183475941,4.220795017317869e-05,0.00020342542848084122
clip_zero_shot,translation_8_right,test_04399,4399,0,airplane,0,airplane,0.8800402879714966,True,0.8800402879714966,0.028420593589544296,0.017381412908434868,0.0040492527186870575,0.003769555827602744,0.00746142165735364,0.012624774128198624,0.01404813677072525,0.030762065201997757,0.0014425419503822923
clip_zero_shot,translation_8_right,test_03191,3191,6,horse,6,horse,0.917962372303009,True,5.5250158766284585e-05,0.00030324188992381096,0.02739706262946129,0.00043513186392374337,0.0005243478808552027,0.00548637704923749,0.917962372303009,0.0033458515536040068,0.0007109978469088674,0.04377954453229904
clip_zero_shot,translation_8_right,test_01626,1626,5,dog,5,dog,0.986769437789917,True,1.3981318261357956e-05,0.0009638414485380054,0.0001274944661417976,0.0009058616124093533,0.0017756487941369414,0.986769437789917,0.0012603802606463432,0.00785282626748085,8.759584306972101e-05,0.00024277869670186192
clip_zero_shot,translation_8_right,test_00176,176,3,cat,3,cat,0.9746310114860535,True,7.178534815466264e-06,0.006334422156214714,0.0022574965842068195,0.9746310114860535,0.0010010264813899994,0.00667802756652236,0.0007869325345382094,0.0070601459592580795,0.0010437179589644074,0.00020010526350233704
clip_zero_shot,translation_8_right,test_07726,7726,6,horse,6,horse,0.9989736080169678,True,1.9110805169475498e-06,0.0001405710499966517,4.425914085004479e-05,8.460682875011116e-05,6.466067134169862e-05,0.00048467997112311423,0.9989736080169678,0.00015191876445896924,1.5183642062766012e-05,3.841130092041567e-05
clip_zero_shot,translation_8_right,test_02334,2334,5,dog,5,dog,0.9727276563644409,True,3.59097721229773e-05,0.0010403930209577084,0.00016454722208436579,0.0017359118210151792,0.005646916572004557,0.9727276563644409,0.014682202599942684,0.0036594392731785774,5.914853682043031e-05,0.00024795919307507575
clip_zero_shot,translation_8_right,test_01648,1648,0,airplane,0,airplane,0.9889922142028809,True,0.9889922142028809,0.007345059886574745,0.0002837843494489789,4.1336061258334666e-05,0.00012600903573911637,0.0002489025646355003,0.00024255544121842831,0.0007296172552742064,0.0018902824958786368,0.00010019486944656819
clip_zero_shot,translation_8_right,test_06084,6084,7,monkey,7,monkey,0.9980639815330505,True,7.066686066536931e-06,0.0009071200620383024,3.936184657504782e-05,0.00045383936958387494,3.103788458247436e-06,0.00040510387043468654,7.467799878213555e-05,0.9980639815330505,2.0564848455251195e-05,2.5122293664026074e-05
clip_zero_shot,translation_8_right,test_03455,3455,0,airplane,0,airplane,0.9613760709762573,True,0.9613760709762573,0.015953579917550087,0.004716319032013416,0.00031655156635679305,9.545259672449902e-05,0.001908547943457961,0.0018446029862388968,0.00042908001341857016,0.005759145598858595,0.007600737735629082
clip_zero_shot,translation_8_right,test_01468,1468,9,truck,9,truck,0.8409028649330139,True,0.0014093010686337948,0.0019783375319093466,0.10401737689971924,0.0012995329452678561,0.0003882799646817148,0.002795362612232566,0.011864999309182167,0.0031482623890042305,0.032195743173360825,0.8409028649330139
clip_zero_shot,translation_8_right,test_01296,1296,7,monkey,7,monkey,0.9979183077812195,True,1.911648951136158e-06,0.0012147397501394153,3.094273051829077e-05,0.00023881350352894515,3.0864335712976754e-05,0.00047100684605538845,2.4477669285261072e-05,0.9979183077812195,4.331533637014218e-05,2.5745803213794716e-05
clip_zero_shot,translation_8_right,test_05213,5213,4,deer,4,deer,0.9828745126724243,True,1.951504236785695e-05,0.0007884737569838762,0.00013956864131614566,9.80627301032655e-05,0.9828745126724243,0.001850572763942182,0.013572465628385544,0.0004362679028417915,6.460482836700976e-05,0.00015607768727932125
clip_zero_shot,translation_8_right,test_07047,7047,9,truck,9,truck,0.99481201171875,True,4.908040500595234e-05,0.00038611507625319064,0.002579849911853671,0.00021611388365272433,0.00017256774299312383,0.0001701277360552922,0.00043608935084193945,8.731074194656685e-05,0.00109072623308748,0.99481201171875
clip_zero_shot,translation_8_right,test_05360,5360,9,truck,9,truck,0.8357750177383423,True,0.0016921747010201216,0.0015025646425783634,0.1465672254562378,0.0005336834583431482,0.00018685555551201105,0.0015266342088580132,0.00584777956828475,0.0010066330432891846,0.005361354444175959,0.8357750177383423
clip_zero_shot,translation_8_right,test_05824,5824,2,car,2,car,0.9549953937530518,True,0.00013295795361045748,0.009405401535332203,0.9549953937530518,0.002696769777685404,0.0017488173907622695,0.014889264479279518,0.0027941062580794096,0.003622517455369234,0.0016960499342530966,0.008018838241696358
clip_zero_shot,translation_8_right,test_07460,7460,8,ship,8,ship,0.986728847026825,True,0.00033415574580430984,0.000628434238024056,0.0011532293865457177,0.0007112527964636683,0.00021208534599281847,0.0014899038942530751,0.0007876079762354493,0.00015280100342351943,0.986728847026825,0.007801700383424759
clip_zero_shot,translation_8_right,test_04791,4791,7,monkey,7,monkey,0.9993127584457397,True,1.0098518714585225e-06,0.00022401746537070721,2.5313514925073832e-05,0.00010135115007869899,1.5818059182493016e-05,0.00023930781753733754,4.7751869715284556e-05,0.9993127584457397,2.9843495212844573e-06,2.9650149372173473e-05
clip_zero_shot,translation_8_right,test_06692,6692,2,car,2,car,0.9408435225486755,True,0.0009636643808335066,0.001893215929158032,0.9408435225486755,0.0006174419540911913,4.969901783624664e-05,0.0007440969930030406,0.0009153806604444981,7.176231883931905e-05,0.0013381220633164048,0.05256303399801254
clip_zero_shot,translation_8_right,test_06931,6931,9,truck,9,truck,0.8599852323532104,True,0.004975233692675829,0.004425950814038515,0.0737086683511734,0.014185371808707714,0.0009518046863377094,0.004176999442279339,0.009028163738548756,0.0012626595562323928,0.027299925684928894,0.8599852323532104
clip_zero_shot,translation_8_right,test_00667,667,8,ship,8,ship,0.9982227683067322,True,6.106926593929529e-05,0.00020390714053064585,0.00027189264073967934,3.8022477383492514e-05,8.879967936081812e-05,0.0001538884243927896,0.00022271541820373386,8.273393905255944e-05,0.9982227683067322,0.0006542287883348763
clip_zero_shot,translation_8_right,test_07781,7781,6,horse,6,horse,0.9996015429496765,True,7.011610136942181e-07,4.270382851245813e-05,1.8382810594630428e-05,3.312318949610926e-05,8.410823284066282e-06,0.00023156958923209459,0.9996015429496765,4.762666503665969e-05,4.949950380250812e-06,1.0963443855871446e-05
clip_zero_shot,translation_8_right,test_07793,7793,3,cat,3,cat,0.8973603248596191,True,7.762865425320342e-05,0.0006484450423158705,0.0003098469751421362,0.8973603248596191,0.00045515422243624926,0.09467511624097824,0.0004632000927813351,0.005407588556408882,0.000532441888935864,7.02223987900652e-05
clip_zero_shot,translation_8_right,test_01411,1411,9,truck,9,truck,0.9877739548683167,True,0.001015373389236629,0.00040575850289314985,0.007170626427978277,6.500058952951804e-05,5.45884613529779e-05,0.00017751245468389243,0.00037477025762200356,3.0337479984154925e-05,0.00293206749483943,0.9877739548683167
clip_zero_shot,translation_8_right,test_01473,1473,7,monkey,7,monkey,0.9996065497398376,True,2.7090831622444966e-07,0.0001436997263226658,2.712642071855953e-06,3.427951378398575e-05,2.200475819336134e-06,0.0001839441538322717,2.0407211195561104e-05,0.9996065497398376,1.3654545227836934e-06,4.62630941910902e-06
clip_zero_shot,translation_8_right,test_07130,7130,5,dog,5,dog,0.9933370351791382,True,1.375889860355528e-05,0.0007801778265275061,6.779500836273655e-05,0.001045749057084322,0.00047945594997145236,0.9933370351791382,0.002109608380123973,0.002056184923276305,3.236903285142034e-05,7.803099288139492e-05
clip_zero_shot,translation_8_right,test_01956,1956,7,monkey,7,monkey,0.9882006645202637,True,3.059599293919746e-06,0.001567572238855064,0.00013057938485872,0.004563124384731054,0.00036090449430048466,0.004798321519047022,7.890201231930405e-05,0.9882006645202637,5.776945181423798e-05,0.00023909677111078054
clip_zero_shot,translation_8_right,test_06716,6716,5,dog,5,dog,0.8471379280090332,True,1.0924323760264087e-05,0.001110142795369029,0.0010336602572351694,0.015905315056443214,0.0027092245873063803,0.8471379280090332,0.12301023304462433,0.008420641534030437,0.00040146626997739077,0.0002605717454571277
clip_zero_shot,translation_8_right,test_04106,4106,5,dog,5,dog,0.9783108830451965,True,0.00022950314451009035,0.0011210277443751693,0.0010754467220976949,0.00807606615126133,0.002877973485738039,0.9783108830451965,0.004545269999653101,0.0028153941966593266,0.0004722158773802221,0.0004761183517985046
clip_zero_shot,translation_8_right,test_03494,3494,6,horse,6,horse,0.9987568855285645,True,6.906158887431957e-06,0.00010930225835181773,0.0001514567993581295,7.34965069568716e-05,6.0305937950033695e-05,0.0004776230489369482,0.9987568855285645,0.00018160573381464928,4.796476423507556e-05,0.00013443331408780068
clip_zero_shot,translation_8_right,test_00691,691,4,deer,4,deer,0.9983859062194824,True,1.0898077107412973e-06,0.0001834604045143351,1.7102533092838712e-05,5.262247213977389e-05,0.9983859062194824,0.0007289194036275148,0.0005952183855697513,2.1005444068578072e-05,5.8083987823920324e-06,8.950799383455887e-06
clip_zero_shot,translation_8_right,test_05220,5220,1,bird,1,bird,0.7282872796058655,True,0.006076293531805277,0.7282872796058655,0.0063959588296711445,0.03722010925412178,0.0014458666555583477,0.1260925680398941,0.016938725486397743,0.05175904557108879,0.019291535019874573,0.0064926170744001865
clip_zero_shot,translation_8_right,test_04908,4908,3,cat,3,cat,0.9799637198448181,True,0.00029606197495013475,0.0012663766974583268,0.0005283072823658586,0.9799637198448181,0.006777537055313587,0.008585014380514622,0.000219171037315391,0.0018007495673373342,0.0003599129559006542,0.0002030057366937399
clip_zero_shot,translation_8_right,test_07029,7029,1,bird,1,bird,0.9975956082344055,True,1.7759850379661657e-05,0.9975956082344055,7.277254917426035e-05,0.00022459132014773786,1.4826886399532668e-05,0.001002744771540165,0.00010251461935695261,0.0007255679229274392,4.657069803215563e-05,0.00019692635396495461
clip_zero_shot,translation_8_right,test_04130,4130,0,airplane,0,airplane,0.9240227341651917,True,0.9240227341651917,0.04328138008713722,0.004948470275849104,0.0028654246125370264,0.0007785033085383475,0.004651504568755627,0.0025685601867735386,0.012686085887253284,0.0029801558703184128,0.001217154203914106
clip_zero_shot,translation_8_right,test_07938,7938,9,truck,9,truck,0.9595710039138794,True,0.0004439906042534858,0.0023456683848053217,0.030995039269328117,0.0004113524337299168,0.000781525915954262,0.0011265248758718371,0.0017113910289481282,0.0005580001161433756,0.0020555700175464153,0.9595710039138794
clip_zero_shot,translation_8_right,test_05101,5101,5,dog,5,dog,0.9623223543167114,True,1.668216282268986e-05,0.00023752693959977478,0.03166894614696503,0.00042178912553936243,8.66733244038187e-05,0.9623223543167114,0.0008275638101622462,0.00061045988695696,7.651578926015645e-05,0.0037315404042601585
clip_zero_shot,translation_8_right,test_01515,1515,9,truck,9,truck,0.9964005947113037,True,1.4128217117104214e-05,0.00013622140977531672,0.002227848395705223,6.933161057531834e-05,6.151268462417647e-05,0.00012994867574889213,0.00027882770518772304,3.487409048830159e-05,0.0006466488703154027,0.9964005947113037
clip_zero_shot,translation_8_right,test_03287,3287,4,deer,4,deer,0.995819091796875,True,1.3261627827887423e-05,0.0004491010622587055,0.00015808740863576531,4.4622844143304974e-05,0.995819091796875,0.0013201551046222448,0.002036891644820571,2.6741900001070462e-05,5.73858997086063e-05,7.480379281332716e-05
clip_zero_shot,translation_8_right,test_00716,716,8,ship,8,ship,0.9824251532554626,True,0.00019274464284535497,0.0008676889119669795,0.0005619718576781452,0.0007456144085153937,0.0009710262529551983,0.00028154265601187944,0.001963009126484394,0.0019391403766348958,0.9824251532554626,0.010052096098661423
clip_zero_shot,translation_8_right,test_04236,4236,7,monkey,7,monkey,0.9993470311164856,True,8.432190270468709e-07,0.00032794958679005504,6.932443739060545e-06,8.878717198967934e-05,7.920754796941765e-06,0.00015921129670459777,4.787845318787731e-05,0.9993470311164856,3.0318606150103733e-06,1.0480153832759243e-05
clip_zero_shot,translation_8_right,test_05408,5408,6,horse,6,horse,0.9977021813392639,True,3.7884859693804174e-07,0.00010736639524111524,3.09567476506345e-05,0.00015849816554691643,0.001037836424075067,0.0008866306743584573,0.9977021813392639,2.18163422687212e-05,2.427483741485048e-05,3.0141110983095132e-05
clip_zero_shot,translation_8_right,test_05496,5496,5,dog,5,dog,0.985619306564331,True,0.00016168000001925975,0.0008119665435515344,0.00016563633107580245,0.0018650018610060215,9.659086936153471e-05,0.985619306564331,0.001078341156244278,0.00971339549869299,0.0003120561596006155,0.0001758430735208094
clip_zero_shot,translation_8_right,test_03365,3365,4,deer,4,deer,0.9817811250686646,True,5.0338709115749225e-05,0.0006526056095026433,0.0008532127249054611,0.00014982484572101384,0.9817811250686646,0.008109166286885738,0.006695478223264217,0.00012596174201462418,0.00018077116692438722,0.0014014930929988623
clip_zero_shot,translation_8_right,test_04323,4323,3,cat,3,cat,0.951099693775177,True,0.0001575376809341833,0.0017325255321338773,0.0003759885730687529,0.951099693775177,0.0013094936730340123,0.036056578159332275,0.0029575990047305822,0.003667015116661787,0.001879147021099925,0.0007642886484973133
clip_zero_shot,translation_8_right,test_05467,5467,4,deer,4,deer,0.9910736680030823,True,2.0148825569776818e-05,0.0005536290118470788,0.00014363240916281939,4.712694862973876e-05,0.9910736680030823,0.001732759876176715,0.005976929794996977,0.0001747955393511802,4.099383295397274e-05,0.0002363698440603912
clip_zero_shot,translation_8_right,test_01644,1644,5,dog,5,dog,0.99078768491745,True,1.8411008568364196e-05,0.001581110991537571,8.051958866417408e-05,0.001503857085481286,0.0012033483944833279,0.99078768491745,0.001686561037786305,0.0028978539630770683,7.058966730255634e-05,0.00017003716493491083
clip_zero_shot,translation_8_right,test_03948,3948,8,ship,8,ship,0.9971268773078918,True,0.00043867010390385985,0.0006172662251628935,0.00018812490452546626,9.607636457076296e-05,0.00026393792359158397,0.00018679267668630928,0.00043543073115870357,0.0005191165255382657,0.9971268773078918,0.00012766661529894918
clip_zero_shot,translation_8_right,test_06726,6726,7,monkey,7,monkey,0.9888337254524231,True,4.965168614035065e-07,0.0003562319034244865,2.130067878169939e-05,0.001714254729449749,0.00022330426145344973,0.00869712419807911,0.00013029546244069934,0.9888337254524231,5.095749202155275e-06,1.815875839383807e-05
clip_zero_shot,translation_8_right,test_05395,5395,2,car,2,car,0.9913884997367859,True,0.0001600348623469472,0.0004968831199221313,0.9913884997367859,0.00017007943824864924,8.943030115915462e-05,0.0004200151306577027,8.423623512499034e-05,0.00012076021812390536,0.0011581449070945382,0.0059118675999343395
clip_zero_shot,translation_8_right,test_01579,1579,7,monkey,7,monkey,0.9993731379508972,True,2.492949988663895e-06,6.974326242925599e-05,1.9271015844424255e-05,3.763106360565871e-05,7.697287401242647e-06,0.00043992759310640395,4.225006341584958e-05,0.9993731379508972,1.3067275403955136e-06,6.603899691981496e-06
clip_zero_shot,translation_8_right,test_05918,5918,0,airplane,0,airplane,0.9537630081176758,True,0.9537630081176758,0.020354976877570152,0.00415398133918643,0.0013806341448798776,0.0019901427440345287,0.0016916495515033603,0.001678036991506815,0.0021071035880595446,0.010615842416882515,0.002264553913846612
clip_zero_shot,translation_8_right,test_07041,7041,5,dog,5,dog,0.9534886479377747,True,0.0005717778694815934,0.0008888088050298393,0.0009578162571415305,0.011672240681946278,0.0018051333026960492,0.9534886479377747,0.02126476913690567,0.005968093406409025,0.0018657837063074112,0.0015169784892350435
clip_zero_shot,translation_8_right,test_00506,506,4,deer,4,deer,0.9946379065513611,True,3.247235781600466e-06,0.00039702767389826477,3.684532202896662e-05,0.0001341406168648973,0.9946379065513611,0.0025429516099393368,0.001792014460079372,0.00039433117490261793,6.353051503538154e-06,5.504836735781282e-05
clip_zero_shot,translation_8_right,test_04011,4011,6,horse,6,horse,0.9974572062492371,True,1.3015614968026057e-05,0.0003978008753620088,0.0001877000613603741,0.0006203202647157013,0.00032868076232261956,0.0007365249330177903,0.9974572062492371,0.00013009838585276157,6.352472701109946e-05,6.51835507596843e-05
clip_zero_shot,translation_8_right,test_05981,5981,9,truck,9,truck,0.9768745303153992,True,0.0003833268419839442,0.0005340829375199974,0.019168326631188393,0.00014297646703198552,0.00011813464516308159,0.00014307902893051505,0.0004014894366264343,0.00022077489120420069,0.0020132565405219793,0.9768745303153992
clip_zero_shot,translation_8_right,test_00409,409,2,car,2,car,0.9711039066314697,True,0.0007902599754743278,0.0012141871266067028,0.9711039066314697,0.0006903427420184016,0.0001706578186713159,0.0013289102353155613,0.0013960422948002815,0.0022150289732962847,0.0022670465987175703,0.018823759630322456
clip_zero_shot,translation_8_right,test_06954,6954,1,bird,1,bird,0.9779816269874573,True,0.00014254973211791366,0.9779816269874573,0.0015030751237645745,0.008306016214191914,8.604046161053702e-05,0.004039837513118982,0.00033808016451075673,0.005973955616354942,0.0003893142566084862,0.0012393707875162363
clip_zero_shot,translation_8_right,test_07555,7555,6,horse,6,horse,0.9043854475021362,True,0.0008093543583527207,0.0006605606758967042,0.03830714523792267,0.0006310488097369671,0.0037934635765850544,0.004284012597054243,0.9043854475021362,0.002190573373809457,0.0013447296805679798,0.04359370470046997
clip_zero_shot,translation_8_right,test_03965,3965,0,airplane,0,airplane,0.966058075428009,True,0.966058075428009,0.023022552952170372,0.0017323092324659228,0.00017810429562814534,0.00042063332512043417,0.000610333401709795,0.0007781250169500709,0.0018741629319265485,0.004902149084955454,0.00042330942233093083
clip_zero_shot,translation_8_right,test_07266,7266,9,truck,9,truck,0.9701528549194336,True,0.00011854070908157155,0.0017788457917049527,0.020229268819093704,0.0006795119843445718,0.0025687054730951786,0.0010037500178441405,0.001585745601914823,0.0001870971027528867,0.0016957266489043832,0.9701528549194336
clip_zero_shot,translation_8_right,test_04785,4785,0,airplane,0,airplane,0.9361437559127808,True,0.9361437559127808,0.025689322501420975,0.0042355479672551155,0.0012032486265525222,0.00029929980519227684,0.0008741631754674017,0.0031716497614979744,0.0023422392550855875,0.01769881695508957,0.008342011831700802
clip_zero_shot,translation_8_right,test_06028,6028,2,car,2,car,0.9821106791496277,True,0.00016394638805650175,0.0012089484371244907,0.9821106791496277,0.0006417786935344338,0.0009683225653134286,0.0014711575349792838,0.004978143144398928,0.0002478589885868132,0.000964001112151891,0.007245173212140799
clip_zero_shot,translation_8_right,test_06503,6503,2,car,2,car,0.942307710647583,True,0.0005494893412105739,0.002797342138364911,0.942307710647583,0.0004407437227200717,0.00225081667304039,0.0010332622332498431,0.0005269310204312205,0.00037021443131379783,0.0019465972436591983,0.047776855528354645
clip_zero_shot,translation_8_right,test_06414,6414,5,dog,5,dog,0.9438183903694153,True,0.00043591632856987417,0.0013001353945583105,0.0018366279546171427,0.029571596533060074,0.002412116853520274,0.9438183903694153,0.007980048656463623,0.010962913744151592,0.0006403981242328882,0.0010419063037261367
clip_zero_shot,translation_8_right,test_05382,5382,6,horse,6,horse,0.9836641550064087,True,7.154390186769888e-05,0.0006149313994683325,0.012278248555958271,0.00019026407971978188,0.0005886099534109235,0.0013331922236829996,0.9836641550064087,0.0003601904318202287,0.0003826930478680879,0.0005160277360118926
clip_zero_shot,translation_8_right,test_06836,6836,1,bird,1,bird,0.998596727848053,True,9.80870972853154e-05,0.998596727848053,0.00011212008394068107,0.00020159551058895886,1.8187807654612698e-05,0.00031913002021610737,3.997543899458833e-05,0.00038914920878596604,9.713776671560481e-05,0.0001278601703234017
clip_zero_shot,translation_8_right,test_06508,6508,4,deer,4,deer,0.9918900728225708,True,4.271013494872022e-06,0.0005655136774294078,4.773712862515822e-05,6.898498395457864e-05,0.9918900728225708,0.0023072264157235622,0.004778409376740456,0.00020322469936218113,3.943366391467862e-05,9.50174216995947e-05
clip_zero_shot,translation_8_right,test_03994,3994,4,deer,4,deer,0.9957122802734375,True,1.4928476730347029e-06,0.000419847434386611,5.2669474825961515e-05,0.0002830510202329606,0.9957122802734375,0.0011838257778435946,0.0001583785779075697,0.0021618707105517387,1.3986988051328808e-05,1.2723035979433917e-05
clip_zero_shot,translation_8_right,test_03942,3942,9,truck,9,truck,0.9823723435401917,True,0.00011134347732877359,0.0007784708286635578,0.01108238659799099,0.00028902949998155236,3.6913726944476366e-05,0.0007815429707989097,0.0008069118484854698,0.00019709310436155647,0.0035439610946923494,0.9823723435401917
clip_zero_shot,translation_8_right,test_03542,3542,7,monkey,7,monkey,0.9981107711791992,True,9.365272717332118e-07,0.00010105870751431212,4.424470535013825e-05,0.00028407128411345184,1.3072100955469068e-05,0.0013461393536999822,4.8921676352620125e-05,0.9981107711791992,2.3467458959203213e-05,2.738646617217455e-05
clip_zero_shot,translation_8_right,test_06952,6952,3,cat,3,cat,0.9832062721252441,True,6.412272341549397e-05,0.0051585957407951355,0.0004413127899169922,0.9832062721252441,0.0002176272391807288,0.008204198442399502,0.0007773711695335805,0.0015309805748984218,0.0002635384735185653,0.00013606794527731836
clip_zero_shot,translation_8_right,test_04290,4290,5,dog,5,dog,0.47263282537460327,True,0.0002790836151689291,0.0022655357606709003,0.0006907701608724892,0.06648162007331848,0.2644129693508148,0.47263282537460327,0.1831129938364029,0.008196690119802952,0.0009014721726998687,0.0010261357529088855
clip_zero_shot,translation_8_right,test_07446,7446,8,ship,8,ship,0.9978209733963013,True,0.00024554645642638206,0.00031790800858289003,0.0002726482052821666,0.0001263701997231692,0.00016920750204008073,0.0001448551338398829,0.000600271625444293,5.58741157874465e-05,0.9978209733963013,0.0002463627024553716
clip_zero_shot,translation_8_right,test_06169,6169,1,bird,1,bird,0.9010440111160278,True,0.00671048229560256,0.9010440111160278,0.0018391788471490145,0.0015925574116408825,0.007354927249252796,0.007919407449662685,0.04727363586425781,0.003781041596084833,0.01645039953291416,0.006034243851900101
clip_zero_shot,translation_8_right,test_01109,1109,1,bird,1,bird,0.9955560564994812,True,0.001832174020819366,0.9955560564994812,5.082067582407035e-05,0.000263597525190562,0.00020534478244371712,0.0006984229548834264,0.000553131743799895,0.0001601574185770005,0.0005122095462866127,0.00016822748875711113
clip_zero_shot,translation_8_right,test_03179,3179,4,deer,4,deer,0.9855990409851074,True,6.557169399457052e-05,0.00034269934985786676,0.001074321917258203,0.00022565791732631624,0.9855990409851074,0.0032407050020992756,0.00833774171769619,9.421598952030763e-05,9.342914563603699e-05,0.0009266746928915381
clip_zero_shot,translation_8_right,test_07835,7835,7,monkey,7,monkey,0.9987952709197998,True,3.824260375040467e-07,0.00024119552108459175,4.776618425239576e-06,0.00034699906245805323,5.6871002016123384e-05,0.0004735069232992828,7.268766785273328e-05,0.9987952709197998,3.1929605484037893e-06,5.0943822316185106e-06
clip_zero_shot,translation_8_right,test_07390,7390,1,bird,1,bird,0.9872788190841675,True,0.007809518836438656,0.9872788190841675,0.0010125016560778022,0.00015689914289396256,7.249083864735439e-06,0.000255041872151196,0.00024586013751104474,0.0002055053337244317,0.0008959256228990853,0.0021327161230146885
clip_zero_shot,translation_8_right,test_00568,568,5,dog,5,dog,0.9450582265853882,True,4.456558235688135e-05,0.0007185499998740852,0.0002852797042578459,0.027467990294098854,0.0023584356531500816,0.9450582265853882,0.0012338142842054367,0.021963980048894882,0.0002351907460251823,0.0006337904487736523
clip_zero_shot,translation_8_right,test_04629,4629,4,deer,4,deer,0.9980369210243225,True,1.0228681276203133e-05,0.0005806739791296422,0.00015106094360817224,4.605016147252172e-05,0.9980369210243225,0.0005017393850721419,0.0005016705254092813,2.2069627448217943e-05,5.260076795821078e-05,9.703795512905344e-05
clip_zero_shot,translation_8_right,test_07138,7138,8,ship,8,ship,0.9974029660224915,True,7.472139986930415e-05,0.00024169363314285874,0.0002576036495156586,6.952881085453555e-05,7.916062895674258e-05,0.0001391436526319012,0.0002222300972789526,4.638345126295462e-05,0.9974029660224915,0.001466483692638576
clip_zero_shot,translation_8_right,test_05284,5284,9,truck,9,truck,0.9903420209884644,True,4.8785841499920934e-05,0.0002816710330080241,0.007169495802372694,9.393122309120372e-05,0.0001359948655590415,0.0001951610465766862,0.0003903096367139369,3.43943975167349e-05,0.0013082596706226468,0.9903420209884644
clip_zero_shot,translation_8_right,test_00003,3,0,airplane,0,airplane,0.8815692067146301,True,0.8815692067146301,0.021548092365264893,0.011129983700811863,0.002085577929392457,0.0019922181963920593,0.0033000665716826916,0.0020438586361706257,0.005010776687413454,0.06269384920597076,0.008626394905149937
clip_zero_shot,translation_8_right,test_02690,2690,1,bird,1,bird,0.9985988736152649,True,7.822513725841418e-05,0.9985988736152649,3.111883779638447e-05,0.00017698619922157377,0.00016838125884532928,0.0001391931000398472,2.365324689890258e-05,0.0006343537243083119,0.00011176460975548252,3.750549512915313e-05
clip_zero_shot,translation_8_right,test_05858,5858,6,horse,6,horse,0.9969727993011475,True,1.1705193401212455e-06,5.606287231785245e-05,4.7633511712774634e-05,0.0002071940980385989,0.0002194069093093276,0.002336431061848998,0.9969727993011475,0.0001187740926980041,1.1798062587331515e-05,2.8746073439833708e-05
clip_zero_shot,translation_8_right,test_01266,1266,4,deer,4,deer,0.9954589605331421,True,3.1355405099020572e-06,0.000572550983633846,5.795119432150386e-05,8.344286470673978e-05,0.9954589605331421,0.0010653556091710925,0.0025646109133958817,0.00015644733502995223,1.39304011099739e-05,2.3603935915161856e-05
clip_zero_shot,translation_8_right,test_03034,3034,4,deer,4,deer,0.9961208701133728,True,3.727308921952499e-06,0.0005149104981683195,6.383239815477282e-05,0.00010047935211332515,0.9961208701133728,0.002147786086425185,0.0008398540085181594,0.00011599344725254923,6.662820396741154e-06,8.588981290813535e-05
clip_zero_shot,translation_8_right,test_02655,2655,9,truck,9,truck,0.9460393786430359,True,0.0006790274055674672,0.0006570296827703714,0.038525570183992386,0.00034219594090245664,0.0003187002148479223,0.000663115584757179,0.0041360193863511086,0.001534578506834805,0.007104323711246252,0.9460393786430359
clip_zero_shot,translation_8_right,test_06190,6190,7,monkey,7,monkey,0.9975346326828003,True,2.3784598113252287e-07,0.0013158072251826525,1.042933035932947e-05,0.00024711075820960104,7.495205863961019e-06,0.0008472140179947019,2.321929787285626e-05,0.9975346326828003,2.2395029191102367e-06,1.1539527804416139e-05
clip_zero_shot,translation_8_right,test_04170,4170,8,ship,8,ship,0.9926049709320068,True,0.0003042284515686333,0.000885060231667012,0.0008226241334341466,0.0004840008623432368,0.0008268682286143303,0.00046068610390648246,0.0005805540713481605,0.00012818754476029426,0.9926049709320068,0.0029028423596173525
clip_zero_shot,translation_8_right,test_07380,7380,9,truck,9,truck,0.9878368973731995,True,9.50406538322568e-05,0.000516079249791801,0.008718469180166721,0.0002519802947062999,0.00010158501390833408,0.0004606785951182246,0.0008778686169534922,9.076578135136515e-05,0.0010506210383027792,0.9878368973731995
clip_zero_shot,translation_8_right,test_07752,7752,9,truck,9,truck,0.7649248242378235,True,0.0013856341829523444,0.004573707468807697,0.18981850147247314,0.002985549159348011,0.001831725356169045,0.004599313251674175,0.008397010155022144,0.002761655719950795,0.018722089007496834,0.7649248242378235
clip_zero_shot,translation_8_right,test_03996,3996,9,truck,9,truck,0.9947104454040527,True,0.00010468249092809856,0.00011632868699962273,0.002569862874224782,3.548877066350542e-05,8.145577157847583e-05,6.722758553223684e-05,0.00012704376422334462,2.9430513677652925e-05,0.0021580031607300043,0.9947104454040527
clip_zero_shot,translation_8_right,test_01204,1204,3,cat,3,cat,0.5235990881919861,True,0.00025149897555820644,0.0931759849190712,0.007068078499287367,0.5235990881919861,0.04872506484389305,0.026903610676527023,0.01373645942658186,0.2831990420818329,0.0019089264096692204,0.0014323127688840032
clip_zero_shot,translation_8_right,test_01654,1654,9,truck,9,truck,0.9906941056251526,True,5.97011239733547e-05,0.0008162453304976225,0.0046434709802269936,0.0005603817407973111,9.68052918324247e-05,0.0005964936572127044,0.0007258756086230278,4.0282506233779714e-05,0.0017666362691670656,0.9906941056251526
clip_zero_shot,translation_8_right,test_04746,4746,6,horse,6,horse,0.998958945274353,True,1.216547389049083e-06,0.00012420036364346743,1.246234114660183e-05,0.00010155827476410195,6.100750033510849e-05,0.0006644826498813927,0.998958945274353,5.224143751547672e-05,6.386446784745203e-06,1.7435855625080876e-05
clip_zero_shot,translation_8_right,test_04590,4590,3,cat,3,cat,0.9845082759857178,True,1.4904872841725592e-05,0.0003602060314733535,0.00013204211427364498,0.9845082759857178,0.00026632167282514274,0.00938850175589323,0.0009773559868335724,0.004129414446651936,0.00012595654698088765,9.703842079034075e-05
clip_zero_shot,translation_8_right,test_00562,562,0,airplane,0,airplane,0.911099910736084,True,0.911099910736084,0.016262616962194443,0.0027390087489038706,0.0013134615728631616,0.0005620110896416008,0.0022404056508094072,0.001365968957543373,0.004296419210731983,0.0586157850921154,0.0015042807208374143
clip_zero_shot,translation_8_right,test_07108,7108,6,horse,6,horse,0.9925065636634827,True,5.525141750695184e-05,6.964027852518484e-05,0.0015433208318427205,0.00014439754886552691,0.000234545354032889,0.0011802869848906994,0.9925065636634827,3.568511237972416e-05,0.0004451432323548943,0.0037851319648325443
clip_zero_shot,translation_8_right,test_05999,5999,0,airplane,0,airplane,0.9843206405639648,True,0.9843206405639648,0.005923265591263771,0.00533809419721365,0.0001869216503109783,0.00046888957149349153,0.00036364037077873945,0.00028459832537919283,0.0010434823343530297,0.0018186111701652408,0.000251905556069687
clip_zero_shot,translation_8_right,test_01403,1403,2,car,2,car,0.9749998450279236,True,0.00012073904508724809,0.00030616551521234214,0.9749998450279236,0.000446393562015146,0.00012680595682468265,0.0008531982894055545,0.0006194524466991425,0.0004342104075476527,0.0010341437300667167,0.02105899155139923
clip_zero_shot,translation_8_right,test_04403,4403,7,monkey,7,monkey,0.999639630317688,True,6.545681685565796e-07,3.693516555358656e-05,5.881878678337671e-06,3.0660536140203476e-05,7.232612915686332e-06,0.00024255973403342068,2.7264637537882663e-05,0.999639630317688,1.2201217032270506e-06,7.92720038589323e-06
clip_zero_shot,translation_8_right,test_06332,6332,2,car,2,car,0.9626129865646362,True,0.0012382522691041231,0.001875843619927764,0.9626129865646362,0.00017815592582337558,0.00021781830582767725,0.0007569053559564054,0.000594540499150753,2.281468186993152e-05,0.002392271999269724,0.03011028654873371
clip_zero_shot,translation_8_right,test_06264,6264,2,car,2,car,0.9893261194229126,True,3.52116439898964e-05,0.001117256353609264,0.9893261194229126,0.0013173187617212534,0.00018383788119535893,0.0024088749196380377,0.0006936804857105017,0.00029779737815260887,0.0012150323018431664,0.0034048748202621937
clip_zero_shot,translation_8_right,test_00303,303,9,truck,9,truck,0.995681643486023,True,2.2788626665715128e-05,9.801607666304335e-05,0.0027271737344563007,9.091029642149806e-05,5.5928358051460236e-05,0.00015302692190743983,0.00045195710845291615,2.9742956030531786e-05,0.0006887501804158092,0.995681643486023
clip_zero_shot,translation_8_right,test_00791,791,3,cat,3,cat,0.9883842468261719,True,4.583648478728719e-05,0.0010387760121375322,0.00012539826275315136,0.9883842468261719,0.00018503628962207586,0.005756529979407787,0.0009574035066179931,0.003144958522170782,0.0001901305076899007,0.0001715875114314258
clip_zero_shot,translation_8_right,test_03067,3067,2,car,2,car,0.8613086342811584,True,0.0024624501820653677,0.0013158215442672372,0.8613086342811584,0.002307036193087697,0.0007439761538989842,0.0014019705122336745,0.020473087206482887,0.0013496563769876957,0.006170288193970919,0.10246701538562775
clip_zero_shot,translation_8_right,test_00484,484,0,airplane,0,airplane,0.9680852890014648,True,0.9680852890014648,0.00891278125345707,0.0006176774622872472,0.000373748189304024,0.00024086573102977127,0.001523933606222272,0.00022977170010562986,0.0005821643280796707,0.019376730546355247,5.6956723710754886e-05
clip_zero_shot,translation_8_right,test_01370,1370,3,cat,3,cat,0.9528174996376038,True,0.0003041186137124896,0.0008372404263354838,0.0005832741153426468,0.9528174996376038,0.0034542905632406473,0.035606615245342255,0.002292209304869175,0.0032869912683963776,0.0005677047302015126,0.0002499279216863215
clip_zero_shot,translation_8_right,test_04069,4069,8,ship,8,ship,0.9208375215530396,True,0.0039396220818161964,0.014189830049872398,0.007701100781559944,0.0018457135884091258,0.0026527629233896732,0.004314005840569735,0.0021500191651284695,0.03210898116230965,0.9208375215530396,0.010260396637022495
clip_zero_shot,translation_8_right,test_07373,7373,0,airplane,0,airplane,0.9873340129852295,True,0.9873340129852295,0.0029978028032928705,0.003961820155382156,4.5876244257669896e-05,0.00026269559748470783,0.00015978579176589847,0.0003806346212513745,2.2471807824331336e-05,0.004347972571849823,0.00048688927199691534
clip_zero_shot,translation_8_right,test_04330,4330,3,cat,5,dog,0.7064576745033264,False,9.475163096794859e-05,0.010956688784062862,0.00047540562809444964,0.1499406099319458,0.08402840048074722,0.7064576745033264,0.011193202808499336,0.03581230342388153,0.00045895276707597077,0.000581898377276957
clip_zero_shot,translation_8_right,test_05701,5701,5,dog,5,dog,0.9776207804679871,True,0.00044741432066075504,0.0016344242030754685,0.0011078829411417246,0.0033796720672398806,0.00317651336081326,0.9776207804679871,0.0019237553933635354,0.0046801078133285046,0.0013501506764441729,0.004679429344832897
clip_zero_shot,translation_8_right,test_07465,7465,0,airplane,0,airplane,0.9785950779914856,True,0.9785950779914856,0.011224602349102497,0.0004332538228482008,5.407840944826603e-05,0.00034667146974243224,0.0002502115676179528,0.0008464935817755759,0.0007854436407797039,0.007178457919508219,0.0002857352956198156
clip_zero_shot,translation_8_right,test_01531,1531,3,cat,4,deer,0.44090697169303894,False,3.862978701363318e-05,0.0010501851793378592,0.0005612151580862701,0.3205950856208801,0.44090697169303894,0.21412359178066254,0.019474497064948082,0.002463769633322954,0.0004721364239230752,0.0003139347245451063
clip_zero_shot,translation_8_right,test_04676,4676,8,ship,8,ship,0.9967958331108093,True,0.0001439127663616091,0.00024501176085323095,0.00010854344873223454,7.64762589824386e-05,0.00014807379920966923,0.00015407490718644112,0.0003277368959970772,0.0002858501102309674,0.9967958331108093,0.0017144433222711086
clip_zero_shot,translation_8_right,test_04531,4531,3,cat,3,cat,0.7842028141021729,True,1.567603976582177e-05,0.007346648257225752,0.0009417224791832268,0.7842028141021729,0.15153944492340088,0.036521632224321365,0.005469018593430519,0.013295781798660755,0.00019028678070753813,0.00047706879558973014
clip_zero_shot,translation_8_right,test_00706,706,8,ship,8,ship,0.9986603260040283,True,0.00014304819342214614,0.00018719951913226396,0.0003316898364573717,5.858281292603351e-05,1.3837145161232911e-05,5.8493267715675756e-05,0.00018791964976117015,3.977141750510782e-05,0.9986603260040283,0.00031921002664603293
clip_zero_shot,translation_8_right,test_02844,2844,8,ship,8,ship,0.9970231652259827,True,0.0002875510836020112,0.001172761432826519,0.00036604085471481085,0.0001450648851459846,0.00020166480680927634,0.00019034298020415008,0.0002094843512168154,0.0003558891185093671,0.9970231652259827,4.8066798626678064e-05
clip_zero_shot,translation_8_right,test_03755,3755,2,car,2,car,0.982944905757904,True,0.00014979744446463883,0.00268555898219347,0.982944905757904,0.0004921918734908104,0.0007293880917131901,0.003084292635321617,0.0011463795090094209,0.0005878240335732698,0.001031791209243238,0.007148034870624542
clip_zero_shot,translation_8_right,test_05848,5848,7,monkey,7,monkey,0.9989714622497559,True,7.390276550722774e-07,0.0003835713432636112,2.168187711504288e-05,0.00032925131381489336,3.5288609069539234e-05,0.0002139204298146069,2.3393226001644507e-05,0.9989714622497559,9.105297067435458e-06,1.1632465430011507e-05
clip_zero_shot,translation_8_right,test_02114,2114,9,truck,9,truck,0.8032522201538086,True,0.0010673280339688063,0.0028947594109922647,0.15718001127243042,0.002184891374781728,0.0019706948660314083,0.003933761268854141,0.012971061281859875,0.0017795870080590248,0.012765702791512012,0.8032522201538086
clip_zero_shot,translation_8_right,test_03876,3876,0,airplane,0,airplane,0.8153400421142578,True,0.8153400421142578,0.011810984462499619,0.03551135212182999,0.0009754197089932859,0.02391182817518711,0.0027516295667737722,0.006261673755943775,0.004246366210281849,0.05684621259570122,0.04234446957707405
clip_zero_shot,translation_8_right,test_00677,677,3,cat,3,cat,0.9889281988143921,True,2.241337097075302e-05,0.0007661068229936063,0.00013332252274267375,0.9889281988143921,0.0001123116526287049,0.006410351023077965,0.0007925920654088259,0.0025752184446901083,0.0001403838105034083,0.00011908607848454267
clip_zero_shot,translation_8_right,test_02116,2116,1,bird,1,bird,0.8971715569496155,True,0.0009029710781760514,0.8971715569496155,0.006854877341538668,0.07426242530345917,0.0025627559516578913,0.011077585630118847,0.0004976029158569872,0.0011832780437543988,0.0010202147532254457,0.0044665648601949215
clip_zero_shot,translation_8_right,test_04661,4661,7,monkey,7,monkey,0.991928219795227,True,1.4351310255733551e-06,0.000542122928891331,1.281296499655582e-05,0.0008689560345374048,0.00012672829325310886,0.0063050007447600365,0.00018821009143721312,0.991928219795227,4.691526100941701e-06,2.1700470824725926e-05
clip_zero_shot,translation_8_right,test_02676,2676,6,horse,6,horse,0.9957186579704285,True,9.130228136200458e-06,0.00010365433263359591,0.0013618641532957554,0.00012482679449021816,0.0005248652305454016,0.0014502196572721004,0.9957186579704285,0.00042234399006702006,0.00011176964471815154,0.00017254226258955896
clip_zero_shot,translation_8_right,test_03025,3025,0,airplane,0,airplane,0.6985055208206177,True,0.6985055208206177,0.00853582751005888,0.17048504948616028,0.0022249885369092226,0.00039823882980272174,0.0018674274906516075,0.0025760105345398188,0.0026051083113998175,0.0022082801442593336,0.11059343069791794
clip_zero_shot,translation_8_right,test_04449,4449,9,truck,9,truck,0.910063624382019,True,0.004250426776707172,0.0024731168523430824,0.07252059131860733,0.0004187705635558814,0.0003681819071061909,0.0008907747105695307,0.002531977603211999,0.00017225297051481903,0.006310292053967714,0.910063624382019
clip_zero_shot,translation_8_right,test_00977,977,6,horse,6,horse,0.9982360601425171,True,2.8124266009399435e-06,0.00014326313976198435,1.8012382497545332e-05,0.00015240279026329517,0.0004243131843395531,0.0007531448500230908,0.9982360601425171,0.00019905867520719767,1.2311453247093596e-05,5.8621735661290586e-05
clip_zero_shot,translation_8_right,test_04990,4990,8,ship,8,ship,0.9603552222251892,True,0.007561955135315657,0.00749308243393898,0.002032281830906868,0.0010243660071864724,0.0027894857339560986,0.0012103779008612037,0.0031650883611291647,0.0027770688757300377,0.9603552222251892,0.011591067537665367
clip_zero_shot,translation_8_right,test_07309,7309,0,airplane,0,airplane,0.9713054895401001,True,0.9713054895401001,0.008697356097400188,0.007935211062431335,9.112673433264717e-05,7.385807111859322e-05,0.00021268091222736984,0.00042376029887236655,0.0004337606660556048,0.008770888671278954,0.002055846620351076
clip_zero_shot,translation_8_right,test_01048,1048,7,monkey,7,monkey,0.9910334944725037,True,2.6595155304676155e-06,0.0008015234488993883,3.7002981116529554e-05,0.0036042232532054186,0.0001599805982550606,0.003674616338685155,0.000611351802945137,0.9910334944725037,1.296132722927723e-05,6.21561921434477e-05
clip_zero_shot,translation_8_right,test_03276,3276,3,cat,7,monkey,0.7968623042106628,False,5.241874987405026e-06,0.001018173061311245,0.001218001008965075,0.10377845168113708,0.008583289571106434,0.07542724162340164,0.012228247709572315,0.7968623042106628,0.0005242354818619788,0.00035475610638968647
clip_zero_shot,translation_8_right,test_05512,5512,2,car,9,truck,0.789509654045105,False,0.0007409392856061459,0.0004922172520309687,0.19220319390296936,0.0003266177955083549,0.00031499320175498724,0.001791904796846211,0.011899068020284176,0.0006183462683111429,0.002103012055158615,0.789509654045105
clip_zero_shot,translation_8_right,test_07692,7692,4,deer,4,deer,0.9949482679367065,True,1.4282226402428932e-05,0.0002449493040330708,0.0004966710694134235,0.00015406179591082036,0.9949482679367065,0.0020167753100395203,0.001659093308262527,0.00015385975711978972,2.6267283828929067e-05,0.00028585572727024555
clip_zero_shot,translation_8_right,test_01436,1436,1,bird,1,bird,0.9984227418899536,True,3.141837805742398e-05,0.9984227418899536,8.992271614260972e-05,9.935499110724777e-05,9.604277693142649e-06,0.00042735005263239145,5.340543430065736e-05,0.0006064607878215611,0.00015018547128420323,0.00010942816152237356
clip_zero_shot,translation_8_right,test_07544,7544,9,truck,9,truck,0.8278854489326477,True,0.0027878463733941317,0.0010843317722901702,0.1165260300040245,0.001070224097929895,0.0008798470953479409,0.0034754984080791473,0.0077651613391935825,0.00039398990338668227,0.03813160955905914,0.8278854489326477
clip_zero_shot,translation_8_right,test_03383,3383,3,cat,3,cat,0.879149854183197,True,0.0002223569026682526,0.03103257715702057,0.00639262143522501,0.879149854183197,0.0481477826833725,0.006882025394588709,0.0027739310171455145,0.02294846624135971,0.0008654245175421238,0.0015849609626457095
clip_zero_shot,translation_8_right,test_01977,1977,0,airplane,0,airplane,0.7508405447006226,True,0.7508405447006226,0.17533473670482635,0.011731178499758244,0.004629099741578102,0.000358177931047976,0.01165774930268526,0.00753172067925334,0.00322359218262136,0.03338773548603058,0.001305441022850573
clip_zero_shot,translation_8_right,test_02750,2750,0,airplane,8,ship,0.4767475724220276,False,0.3397965133190155,0.04941216856241226,0.0832294300198555,0.0012849009362980723,0.0014013838954269886,0.007552279159426689,0.003016306785866618,0.009820482693612576,0.4767475724220276,0.027738923206925392
clip_zero_shot,translation_8_right,test_07996,7996,6,horse,6,horse,0.9941132664680481,True,2.619097904243972e-05,0.0005535978707484901,0.000684108177665621,0.0003106480580754578,0.0008250000537373126,0.0020099428948014975,0.9941132664680481,0.0003916517598554492,0.000207593257073313,0.0008779249037615955
clip_zero_shot,translation_8_right,test_06989,6989,5,dog,5,dog,0.9437546730041504,True,8.101701496343594e-06,0.00010485776874702424,0.00019702088320627809,0.021327532827854156,0.0021862126886844635,0.9437546730041504,0.03087940253317356,0.0012922134483233094,0.0001547390565974638,9.529924136586487e-05
clip_zero_shot,translation_8_right,test_01431,1431,3,cat,3,cat,0.9676836729049683,True,0.000139512907480821,0.006854441482573748,0.0006439074641093612,0.9676836729049683,0.000695608789101243,0.014153582975268364,0.0040335627272725105,0.005013611633330584,0.00039274885784834623,0.00038921184022910893
clip_zero_shot,translation_8_right,test_07416,7416,3,cat,3,cat,0.9711602926254272,True,0.00015635920863132924,0.0047926632687449455,0.00153486302588135,0.9711602926254272,0.0007359775481745601,0.012016923166811466,0.0031254522036761045,0.0032798154279589653,0.0022591317538172007,0.0009384273434989154
clip_zero_shot,translation_8_right,test_04547,4547,5,dog,5,dog,0.9860566854476929,True,0.00024121173191815615,0.00040365560562349856,0.0006458412390202284,0.002422451041638851,0.00031612603925168514,0.9860566854476929,0.0008848016150295734,0.006086870562285185,0.0024278212804347277,0.000514642451889813
clip_zero_shot,translation_8_right,test_00042,42,0,airplane,0,airplane,0.9567376971244812,True,0.9567376971244812,0.028841368854045868,0.0036393648479133844,0.00022467912640422583,0.00020880575175397098,0.0012416773242875934,0.0012217789189890027,0.0018896880792453885,0.004020978696644306,0.0019739160779863596
clip_zero_shot,translation_8_right,test_05117,5117,0,airplane,0,airplane,0.9238157272338867,True,0.9238157272338867,0.04369541257619858,0.010663934983313084,0.0011554673546925187,0.0002542091242503375,0.0020819271448999643,0.0015776748768985271,0.0009895043913275003,0.014595456421375275,0.00117079250048846
clip_zero_shot,translation_8_right,test_04411,4411,6,horse,6,horse,0.981661319732666,True,0.0006860976573079824,0.00042697167373262346,0.0021764831617474556,0.00030860674451105297,0.0034084958024322987,0.005248078610748053,0.981661319732666,0.0025185649283230305,0.0011579913552850485,0.002407378749921918
clip_zero_shot,translation_8_right,test_05789,5789,4,deer,4,deer,0.9881396293640137,True,0.00010825981735251844,0.0004766517668031156,0.0006669900612905622,0.00010322601156076416,0.9881396293640137,0.0030590619426220655,0.006334396544843912,0.00011278731108177453,9.733617480378598e-05,0.0009017664706334472
clip_zero_shot,translation_8_right,test_00483,483,2,car,2,car,0.9816521406173706,True,0.00045096001122146845,0.00042476237285882235,0.9816521406173706,0.00017621961887925863,4.021359927719459e-05,0.0006227231351658702,0.009640184231102467,6.637896149186417e-05,0.0005673885461874306,0.006359085440635681
clip_zero_shot,translation_8_right,test_06650,6650,7,monkey,7,monkey,0.978059709072113,True,2.6452866222825833e-05,0.019449129700660706,0.00014065508730709553,0.0006118991295807064,3.05643625324592e-05,0.0007439397159032524,0.0003593466244637966,0.978059709072113,0.00032567212474532425,0.0002526419993955642
clip_zero_shot,translation_8_right,test_04881,4881,3,cat,3,cat,0.7260962128639221,True,7.205637666629627e-05,0.049631454050540924,0.0021811320912092924,0.7260962128639221,0.011544297449290752,0.00874714832752943,0.0019461170304566622,0.19708140194416046,0.0019043594365939498,0.0007956454064697027
clip_zero_shot,translation_8_right,test_00391,391,3,cat,3,cat,0.9610700011253357,True,1.0234941328235436e-05,0.006133959162980318,0.0003446275950409472,0.9610700011253357,0.017724808305501938,0.009572217240929604,0.0013237434905022383,0.0036307794507592916,8.095736848190427e-05,0.00010877042223000899
clip_zero_shot,translation_8_right,test_00370,370,7,monkey,7,monkey,0.9992330074310303,True,1.7731952084432123e-07,9.205118840327486e-05,4.9385553211322986e-06,0.00018732759053818882,3.589098014344927e-06,0.0004366026842035353,3.0903174774721265e-05,0.9992330074310303,2.961346353913541e-06,8.411571798205841e-06
clip_zero_shot,translation_8_right,test_00419,419,9,truck,9,truck,0.9924424886703491,True,0.0002290645643370226,0.00016904890071600676,0.004355340730398893,9.538983431411907e-05,0.0003410722129046917,0.00027149065863341093,0.0012357395607978106,4.195738074486144e-05,0.0008183926693163812,0.9924424886703491
clip_zero_shot,translation_8_right,test_03318,3318,9,truck,9,truck,0.8627806901931763,True,0.00014355430903378874,0.0036632034461945295,0.08785142749547958,0.0015374282374978065,0.0011254202108830214,0.012725135311484337,0.005198345053941011,0.022227831184864044,0.0027469166088849306,0.8627806901931763
clip_zero_shot,translation_8_right,test_04355,4355,8,ship,8,ship,0.9959250688552856,True,0.0005945025477558374,0.0001284981262870133,0.0008640101295895875,4.9476890126243234e-05,6.077374564483762e-05,6.52286980766803e-05,4.489533603191376e-05,5.924771539866924e-05,0.9959250688552856,0.0022082719951868057
clip_zero_shot,translation_8_right,test_05402,5402,4,deer,4,deer,0.9521811008453369,True,4.134072150918655e-05,0.0008764732046984136,0.00043599866330623627,6.534209387609735e-05,0.9521811008453369,0.0023061095271259546,0.04304094612598419,9.916158887790516e-05,0.00020766587113030255,0.0007456770981661975
clip_zero_shot,translation_8_right,test_05332,5332,5,dog,5,dog,0.860046923160553,True,0.0001580275857122615,0.00034845751360990107,0.0005046621081419289,0.002089031273499131,0.004885741975158453,0.860046923160553,0.12849704921245575,0.001556138857267797,0.000609672861173749,0.0013041940983384848
clip_zero_shot,translation_8_right,test_00239,239,9,truck,9,truck,0.980847179889679,True,9.035935363499448e-05,0.0007582656107842922,0.009619556367397308,0.0003348304016981274,0.0012412846554070711,0.0006570533150807023,0.005033204331994057,0.0005563335726037621,0.0008619095315225422,0.980847179889679
clip_zero_shot,translation_8_right,test_06271,6271,2,car,2,car,0.9681315422058105,True,0.0015821398701518774,0.002029501600190997,0.9681315422058105,0.0009221976506523788,0.0009488960495218635,0.00152574572712183,0.0022539645433425903,0.000622941879555583,0.006199794355779886,0.015783188864588737
clip_zero_shot,translation_8_right,test_01129,1129,8,ship,8,ship,0.9912152290344238,True,4.038414772367105e-05,0.0003862594021484256,9.296962525695562e-05,8.737370808376e-05,0.00025048665702342987,8.756306488066912e-05,0.00068231689510867,0.0003542981285136193,0.9912152290344238,0.006803056225180626
clip_zero_shot,translation_8_right,test_02391,2391,5,dog,5,dog,0.9479286074638367,True,0.0005391996237449348,0.008905312977731228,0.0004081411170773208,0.0013464207295328379,0.03430445119738579,0.9479286074638367,0.002223245333880186,0.002687480766326189,0.0003871779190376401,0.0012700475053861737
clip_zero_shot,translation_8_right,test_00191,191,9,truck,9,truck,0.6478216052055359,True,8.957747922977433e-05,6.936905992915854e-05,0.3505697548389435,0.00019359089492354542,5.862031321157701e-05,8.623229223303497e-05,0.00023991434136405587,1.4214975635695737e-05,0.0008570892387069762,0.6478216052055359
clip_zero_shot,translation_8_right,test_05447,5447,9,truck,9,truck,0.9923111200332642,True,2.4508492060704157e-05,8.517655805917457e-05,0.0014991160714998841,0.00016305800818372518,0.00018623938376549631,0.000445387588115409,0.004805183969438076,4.746987542603165e-05,0.00043273885967209935,0.9923111200332642
clip_zero_shot,translation_8_right,test_06528,6528,4,deer,4,deer,0.9953612685203552,True,1.0235834452032577e-05,0.0010752883972600102,0.0001827654632506892,0.00019366390188224614,0.9953612685203552,0.0016927151009440422,0.0009267603745684028,0.0004952979506924748,6.7407045207801275e-06,5.527564280782826e-05
