model,condition,identifier,dataset_index,true_class_id,true_class_name,predicted_class_id,predicted_class_name,maximum_confidence,correct,probability_airplane,probability_bird,probability_car,probability_cat,probability_deer,probability_dog,probability_horse,probability_monkey,probability_ship,probability_truck
resnet50_linear,translation_16_left,test_00632,632,3,cat,3,cat,0.990537703037262,True,0.00019192077161278576,0.001720415079034865,0.00036437148810364306,0.990537703037262,0.004817877896130085,0.0012847777688875794,0.00017914504860527813,0.0003502850013319403,0.00022243800049182028,0.00033116244594566524
resnet50_linear,translation_16_left,test_00131,131,9,truck,9,truck,0.9974867105484009,True,8.835311746224761e-05,3.477589780231938e-05,0.0005362813826650381,0.0004273618687875569,7.775978883728385e-05,0.000152471344335936,4.387595254229382e-05,1.2889582649222575e-05,0.0011395354522392154,0.9974867105484009
resnet50_linear,translation_16_left,test_07081,7081,7,monkey,7,monkey,0.989453911781311,True,0.0008655882556922734,0.0009685428231023252,0.0004820835602004081,0.0018707211129367352,0.0023970832116901875,0.0016329842619597912,0.000706345890648663,0.989453911781311,0.0009804220171645284,0.0006423567538149655
resnet50_linear,translation_16_left,test_01836,1836,9,truck,9,truck,0.9825478196144104,True,0.004936613608151674,0.0004661807615775615,0.006291346624493599,0.0009346668957732618,0.0003593886794988066,0.0014015310443937778,0.0010534926550462842,0.0010394862620159984,0.0009695253102108836,0.9825478196144104
resnet50_linear,translation_16_left,test_06437,6437,0,airplane,0,airplane,0.9854031801223755,True,0.9854031801223755,0.003682245733216405,0.0009021906880661845,0.0013644907157868147,0.001082740374840796,0.0014987806789577007,0.0008990788483060896,0.002287941984832287,0.0014422163367271423,0.001437184284441173
resnet50_linear,translation_16_left,test_06609,6609,0,airplane,0,airplane,0.9955384135246277,True,0.9955384135246277,0.0001496381009928882,0.0004185728612355888,6.734369526384398e-05,0.0010872796410694718,0.00010049015691038221,0.0010656194062903523,0.00010495143942534924,0.00042362420936115086,0.0010440462501719594
resnet50_linear,translation_16_left,test_03467,3467,7,monkey,7,monkey,0.953176736831665,True,0.0001015965171973221,0.0011308877728879452,4.850641926168464e-05,0.009153707884252071,0.013422910124063492,0.002292085438966751,0.020593667402863503,0.953176736831665,5.118195622344501e-05,2.8789687348762527e-05
resnet50_linear,translation_16_left,test_01401,1401,3,cat,3,cat,0.9996861219406128,True,5.533100647880929e-06,5.9257006796542555e-05,6.983403181948233e-06,0.9996861219406128,4.3078867747681215e-05,8.335580059792846e-05,1.061591046891408e-05,8.721245831111446e-05,1.6363825125154108e-05,1.6825123339003767e-06
resnet50_linear,translation_16_left,test_01839,1839,2,car,2,car,0.9985551238059998,True,7.796402496751398e-05,0.0002549807250034064,0.9985551238059998,9.4906150479801e-05,0.0001330135710304603,0.00011779191117966548,0.00012897343549411744,0.00011679524322971702,0.00024570341338403523,0.0002748846891336143
resnet50_linear,translation_16_left,test_04168,4168,3,cat,3,cat,0.9971729516983032,True,4.536015239864355e-06,0.00046291478793136775,3.666616976261139e-05,0.9971729516983032,0.0012625586241483688,0.0008140092832036316,0.00016102526569738984,3.714167542057112e-05,2.3948769012349658e-05,2.4271519578178413e-05
resnet50_linear,translation_16_left,test_00035,35,2,car,2,car,0.9788766503334045,True,0.01558315847069025,7.328810897888616e-05,0.9788766503334045,0.00020522133854683489,5.786458496004343e-05,6.25115426373668e-05,0.00024450276396237314,5.327985854819417e-05,0.0009303757105953991,0.003912984859198332
resnet50_linear,translation_16_left,test_04177,4177,8,ship,8,ship,0.9984215497970581,True,0.0012033991515636444,2.706302984734066e-05,3.952486076741479e-05,1.9793937099166214e-05,4.7861449274932966e-05,3.648437632364221e-05,2.6197112674708478e-05,6.313786798273213e-06,0.9984215497970581,0.00017187131743412465
resnet50_linear,translation_16_left,test_07270,7270,7,monkey,7,monkey,0.9976116418838501,True,0.00016358042194042355,0.00033472286304458976,3.004227255587466e-05,0.0006469250074587762,0.00015896833792794496,0.0007185125723481178,0.000288168404949829,0.9976116418838501,3.092546830885112e-05,1.6543661331525072e-05
resnet50_linear,translation_16_left,test_02265,2265,5,dog,5,dog,0.9793517589569092,True,0.00014952068158891052,0.0009422196308150887,0.00020773844153154641,0.0014585820026695728,0.014034044928848743,0.9793517589569092,0.0029038756620138884,0.0007193860365077853,0.000142828153911978,9.009811037685722e-05
resnet50_linear,translation_16_left,test_03288,3288,7,monkey,7,monkey,0.9644949436187744,True,0.001433163066394627,0.006135360803455114,0.0027021141722798347,0.005214333068579435,0.006762133911252022,0.004647632595151663,0.004445619415491819,0.9644949436187744,0.0014934421051293612,0.0026712040416896343
resnet50_linear,translation_16_left,test_05451,5451,8,ship,8,ship,0.995962917804718,True,0.0013696278911083937,0.0002804609830491245,0.00019525778770912439,0.0002755924651864916,0.00031613983446732163,0.0002701669291127473,0.00012189880362711847,8.630196680314839e-05,0.995962917804718,0.00112167710904032
resnet50_linear,translation_16_left,test_04023,4023,3,cat,3,cat,0.9941458702087402,True,7.527299749199301e-05,0.00031306492746807635,7.658812683075666e-05,0.9941458702087402,0.000971582776401192,0.003377417800948024,0.0005586041952483356,0.00033872155472636223,8.764909580349922e-05,5.5067328503355384e-05
resnet50_linear,translation_16_left,test_00261,261,1,bird,1,bird,0.8206232786178589,True,0.03675895184278488,0.8206232786178589,0.006168268620967865,0.0064866854809224606,0.028442876413464546,0.015337768010795116,0.007650803774595261,0.04849081113934517,0.018123386427760124,0.011917143128812313
resnet50_linear,translation_16_left,test_04570,4570,5,dog,5,dog,0.9619768261909485,True,0.0001543446705909446,0.0006093239062465727,0.0005819255020469427,0.0021442987490445375,0.0018406430026516318,0.9619768261909485,0.02030317671597004,0.011882537975907326,0.0003111820842605084,0.00019570403674151748
resnet50_linear,translation_16_left,test_04966,4966,5,dog,5,dog,0.9983458518981934,True,4.490489118325058e-06,8.210555097321048e-05,2.4094379114103504e-06,0.0014882608084008098,8.630866432213224e-06,0.9983458518981934,4.395438372739591e-05,2.2026659280527383e-05,7.36261029032903e-07,1.521385343039583e-06
resnet50_linear,translation_16_left,test_07955,7955,1,bird,1,bird,0.9994638562202454,True,8.131081813189667e-06,0.9994638562202454,2.771821164060384e-05,0.0001699010463198647,0.0001960450754268095,1.8108145013684407e-05,2.538090939196991e-06,0.00010645224392646924,5.588491148955654e-06,1.77925244315702e-06
resnet50_linear,translation_16_left,test_06288,6288,4,deer,4,deer,0.994606077671051,True,4.401681508170441e-06,0.0002457137161400169,2.5331846700282767e-06,0.00015597140009049326,0.994606077671051,3.2294286938849837e-05,0.004918110091239214,9.726927601150237e-06,2.2475640435004607e-05,2.769927732515498e-06
resnet50_linear,translation_16_left,test_07810,7810,8,ship,8,ship,0.9974732995033264,True,0.0010746027110144496,0.00023677079298067838,0.00011404893302824348,0.00024339326773770154,0.00012156921002315357,0.00014384395035449415,4.83763542433735e-05,4.43779063061811e-05,0.9974732995033264,0.000499592802952975
resnet50_linear,translation_16_left,test_01927,1927,7,monkey,7,monkey,0.9961512684822083,True,0.00011900296522071585,0.0013712181244045496,0.00012211757712066174,0.0005818072822876275,0.00024107353237923235,0.0010673539945855737,0.00012619591143447906,0.9961512684822083,0.0001602880220161751,5.965367017779499e-05
resnet50_linear,translation_16_left,test_01871,1871,1,bird,1,bird,0.8331966400146484,True,0.0001633449282962829,0.8331966400146484,9.12370378500782e-05,0.06372883915901184,0.03535706549882889,0.012833905406296253,0.05346137657761574,0.000946324085816741,0.00016453940770588815,5.654511187458411e-05
resnet50_linear,translation_16_left,test_06922,6922,5,dog,5,dog,0.9992458820343018,True,7.48603156353056e-07,5.523010258912109e-06,7.276457267835212e-07,6.309867603704333e-05,2.216643224528525e-05,0.9992458820343018,0.0006486367201432586,1.1694867680489551e-05,7.996138720045565e-07,7.175735277087369e-07
resnet50_linear,translation_16_left,test_03512,3512,4,deer,4,deer,0.9979052543640137,True,0.00010154920892091468,0.00029445276595652103,7.030251435935497e-05,0.0005149338976480067,0.9979052543640137,0.0002161384909413755,0.0005497153615579009,0.0002659411111380905,6.189171108417213e-05,1.9713115761987865e-05
resnet50_linear,translation_16_left,test_04754,4754,6,horse,6,horse,0.9903326630592346,True,0.000261282897554338,0.0004953519091941416,0.000742840813472867,0.00021110316447447985,0.005590520333498716,0.0011224544141441584,0.9903326630592346,0.0007454146980307996,0.0002923242573160678,0.00020597789261955768
resnet50_linear,translation_16_left,test_00714,714,2,car,2,car,0.9836714863777161,True,0.00012850738130509853,3.9575570554006845e-05,0.9836714863777161,9.747317380970344e-05,0.0005240254104137421,0.006855295971035957,0.007395097054541111,1.4379392268892843e-05,0.0004236327949911356,0.0008505415171384811
resnet50_linear,translation_16_left,test_02191,2191,8,ship,8,ship,0.9813234210014343,True,0.013402199372649193,0.0006914359400980175,0.0002569548669271171,0.0002591791853774339,0.0004376858123578131,0.0005142006557434797,0.00021451535576488823,0.00014664448099210858,0.9813234210014343,0.002753807697445154
resnet50_linear,translation_16_left,test_04615,4615,0,airplane,0,airplane,0.9814994931221008,True,0.9814994931221008,0.005585776641964912,0.0008891754550859332,0.0019271598430350423,0.0014674768317490816,0.0016889128601178527,0.0008434077608399093,0.0018912464147433639,0.0016215071082115173,0.002585736336186528
resnet50_linear,translation_16_left,test_04662,4662,8,ship,8,ship,0.9955973029136658,True,0.001035958994179964,0.0009569940739311278,0.00012326175055932254,0.00021437060786411166,0.0004447826649993658,0.0006669965223409235,0.0002181259769713506,0.0003879711148329079,0.9955973029136658,0.00035424120142124593
resnet50_linear,translation_16_left,test_05915,5915,9,truck,9,truck,0.9877448678016663,True,0.0011791462311521173,7.656364323338494e-05,0.00810257438570261,9.969719394575804e-05,0.00024424452567473054,0.00012725128908641636,0.00018841239216271788,4.704684761236422e-05,0.0021901926957070827,0.9877448678016663
resnet50_linear,translation_16_left,test_00766,766,4,deer,6,horse,0.8725865483283997,False,8.467550651403144e-05,2.2068921680329368e-05,2.5254146748920903e-05,0.0007245374144986272,0.012175981886684895,0.11373379826545715,0.8725865483283997,0.0001759659789968282,0.00039302563527598977,7.816273864591494e-05
resnet50_linear,translation_16_left,test_05218,5218,2,car,2,car,0.9871691465377808,True,0.0011558315018191934,0.0017387187108397484,0.9871691465377808,0.0017355437157675624,0.00026279332814738154,0.0011812900193035603,0.0007257983670569956,0.000525059353094548,0.000996444490738213,0.004509325604885817
resnet50_linear,translation_16_left,test_02340,2340,8,ship,8,ship,0.994305431842804,True,0.000671390735078603,0.0007081155781634152,0.0006425661849789321,0.0007060170755721629,0.000578362843953073,0.0007251811912283301,0.0003020201111212373,0.00048475421499460936,0.994305431842804,0.0008761690114624798
resnet50_linear,translation_16_left,test_01954,1954,8,ship,8,ship,0.9867014288902283,True,0.010884018614888191,9.205403330270201e-05,0.0006357291713356972,0.00017168837075587362,0.0004562203830573708,0.0002523549774195999,0.0002243614144390449,4.27808627136983e-05,0.9867014288902283,0.0005392524180933833
resnet50_linear,translation_16_left,test_07875,7875,8,ship,8,ship,0.9933755993843079,True,0.0044660307466983795,0.00014766539970878512,9.640841744840145e-05,6.490344821941108e-05,4.998703661840409e-05,6.76257477607578e-05,6.353638309519738e-05,3.1010789825813845e-05,0.9933755993843079,0.0016372152604162693
resnet50_linear,translation_16_left,test_03418,3418,6,horse,6,horse,0.9829709529876709,True,0.0010538061615079641,0.0031987547408789396,0.0009125143988057971,0.0014776651514694095,0.0035745245404541492,0.004767160397022963,0.9829709529876709,0.0004995738272555172,0.0010232696076855063,0.0005218475707806647
resnet50_linear,translation_16_left,test_05572,5572,9,truck,9,truck,0.9789552688598633,True,0.0026722950860857964,0.00047236401587724686,0.0017698445590212941,0.0005571243818849325,0.0017831668956205249,0.0017253296682611108,0.004858991596847773,0.0007114230538718402,0.006494188215583563,0.9789552688598633
resnet50_linear,translation_16_left,test_05977,5977,7,monkey,7,monkey,0.9949408769607544,True,0.0003226105181965977,0.0004954236792400479,0.00021052613737992942,0.0005800962098874152,0.0005392548046074808,0.001300678588449955,0.001203071093186736,0.9949408769607544,0.00026144913863390684,0.00014606867625843734
resnet50_linear,translation_16_left,test_05123,5123,1,bird,1,bird,0.9990283250808716,True,1.928370511450339e-05,0.9990283250808716,1.7851920347311534e-05,4.952410745318048e-05,0.0003309335152152926,5.2282644901424646e-05,5.105233140056953e-05,0.0004333112738095224,1.2159540347056463e-05,5.249170044407947e-06
resnet50_linear,translation_16_left,test_05851,5851,9,truck,9,truck,0.997931718826294,True,0.00017483971896581352,0.0002874268975574523,0.0001962828973773867,0.0005112143699079752,8.71366573846899e-05,0.0002650505630299449,0.0001252226356882602,0.0002455179637763649,0.00017558530089445412,0.997931718826294
resnet50_linear,translation_16_left,test_04094,4094,9,truck,9,truck,0.9991118311882019,True,0.00012600574700627476,4.094570977031253e-05,0.00018011748034041375,4.772196552949026e-05,6.617477993131615e-06,8.580967914895155e-06,3.391777499928139e-05,4.0617514969198965e-06,0.00044019732740707695,0.9991118311882019
resnet50_linear,translation_16_left,test_04254,4254,6,horse,6,horse,0.9861100912094116,True,6.303819100139663e-05,0.00014036649372428656,8.035625069169328e-05,0.000405533064622432,0.0118499044328928,0.0012192514259368181,0.9861100912094116,6.690213922411203e-05,3.5436401958577335e-05,2.9113598429830745e-05
resnet50_linear,translation_16_left,test_02501,2501,7,monkey,7,monkey,0.9965205192565918,True,6.596240564249456e-05,0.00047786656068637967,7.680988346692175e-05,0.0005823563551530242,0.0002207872603321448,0.0012410907074809074,0.0005533529911190271,0.9965205192565918,0.0001873178844107315,7.389130041701719e-05
resnet50_linear,translation_16_left,test_06938,6938,1,bird,1,bird,0.999022364616394,True,4.692774746217765e-05,0.999022364616394,4.530535443336703e-05,0.00038292311364784837,0.00019385675841476768,9.553651761962101e-05,2.2232858100323938e-05,0.00011863388499477878,5.2076022257097065e-05,2.0254987248335965e-05
resnet50_linear,translation_16_left,test_00171,171,4,deer,4,deer,0.9995425939559937,True,2.1220281269052066e-05,0.00011523505963850766,7.973893843882252e-06,0.00013022549683228135,0.9995425939559937,1.6202428014366888e-05,0.00012668436102103442,2.2696409359923564e-05,1.3531181139114778e-05,3.6824928884016117e-06
resnet50_linear,translation_16_left,test_04215,4215,3,cat,1,bird,0.5173578262329102,False,0.0002258829481434077,0.5173578262329102,6.829240010119975e-05,0.39485618472099304,0.013641196303069592,0.0016157613135874271,0.0004534680920187384,0.07162413001060486,0.00010808379738591611,4.914701639791019e-05
resnet50_linear,translation_16_left,test_05705,5705,8,ship,8,ship,0.9878658652305603,True,0.0017737980233505368,0.002275181235745549,0.0005736706661991775,0.0010845584329217672,0.000912334828171879,0.0020318275783210993,0.0008893853519111872,0.0009744748822413385,0.9878658652305603,0.0016189119778573513
resnet50_linear,translation_16_left,test_03458,3458,4,deer,4,deer,0.9849398732185364,True,0.00017723100609146059,0.0003381190763320774,0.00023277454602066427,0.001470664283260703,0.9849398732185364,0.0005583380116149783,0.011541961692273617,0.0004223667783662677,0.00020839583885390311,0.00011040242679882795
resnet50_linear,translation_16_left,test_01220,1220,7,monkey,7,monkey,0.9722486734390259,True,0.0007549839792773128,0.0029142405837774277,0.0006408853223547339,0.003483843756839633,0.004537674132734537,0.012423579581081867,0.0016246719751507044,0.9722486734390259,0.000552937388420105,0.0008185120532289147
resnet50_linear,translation_16_left,test_00962,962,8,ship,8,ship,0.9996284246444702,True,9.311510802945122e-05,2.5731675123097375e-05,2.53840353252599e-05,2.947094435512554e-05,1.917912049975712e-05,1.7377098629367538e-05,7.537790224887431e-06,6.836550710431766e-06,0.9996284246444702,0.0001469518174417317
resnet50_linear,translation_16_left,test_02950,2950,5,dog,5,dog,0.9655892848968506,True,0.0012909735087305307,0.00044819334289059043,0.0003145975642837584,0.022508634254336357,0.0020488169975578785,0.9655892848968506,0.0006291996105574071,0.006235837936401367,0.0007320194854401052,0.00020260618475731462
resnet50_linear,translation_16_left,test_02623,2623,5,dog,5,dog,0.9796277284622192,True,6.283976836130023e-05,0.00043506399379111826,0.0001461709471186623,0.007939931005239487,0.005221507512032986,0.9796277284622192,0.0057266103103756905,0.0005755504826083779,0.0001875134912552312,7.719464338151738e-05
resnet50_linear,translation_16_left,test_04539,4539,0,airplane,0,airplane,0.9991401433944702,True,0.9991401433944702,0.00012197808246128261,1.4304043816082412e-07,1.2545151548692957e-06,4.615552825271152e-05,1.1176399539181148e-06,3.5696903069037944e-06,3.05009052681271e-06,0.0006803300348110497,2.0893946839350974e-06
resnet50_linear,translation_16_left,test_01553,1553,0,airplane,0,airplane,0.9778268933296204,True,0.9778268933296204,0.002477492904290557,0.002161758951842785,0.001243370003066957,0.0008071697084233165,0.0011702926130965352,0.0009791813790798187,0.001384214498102665,0.0032531125470995903,0.008696391247212887
resnet50_linear,translation_16_left,test_04740,4740,4,deer,4,deer,0.9373125433921814,True,4.6859342546667904e-05,4.6837001718813553e-05,1.7312198906438425e-05,9.778189269127324e-05,0.9373125433921814,0.0003620296192821115,0.062034204602241516,5.575085378950462e-05,1.9800700101768598e-05,6.7909631980000995e-06
resnet50_linear,translation_16_left,test_06844,6844,0,airplane,0,airplane,0.9894757270812988,True,0.9894757270812988,0.006004665046930313,0.00026895402697846293,0.00042302499059587717,0.0006161857745610178,0.0010834092972800136,0.0003364569565746933,0.0006040320149622858,0.0008224954945035279,0.0003650259750429541
resnet50_linear,translation_16_left,test_02668,2668,7,monkey,7,monkey,0.9903653860092163,True,0.0002641815517563373,0.0015515804989263415,0.0004058453196194023,0.002302400302141905,0.001597595983184874,0.0015281046507880092,0.0011436917120590806,0.9903653860092163,0.00046655567712150514,0.0003745960129890591
resnet50_linear,translation_16_left,test_03153,3153,7,monkey,7,monkey,0.9708338379859924,True,0.0002586254267953336,0.004123472608625889,0.00038419413613155484,0.0033282244112342596,0.001986760413274169,0.008970852941274643,0.009263385087251663,0.9708338379859924,0.00026753070414997637,0.0005830632871948183
resnet50_linear,translation_16_left,test_05135,5135,4,deer,4,deer,0.9890422224998474,True,4.851601715927245e-06,8.17204563645646e-05,1.8914787460744265e-06,0.003753957338631153,0.9890422224998474,6.048845898476429e-05,0.007049173582345247,1.9466674530121963e-06,2.980061708512949e-06,6.754374908268801e-07
resnet50_linear,translation_16_left,test_02291,2291,3,cat,3,cat,0.9650536179542542,True,5.907129525439814e-05,0.0016578920185565948,1.4767711036256514e-05,0.9650536179542542,0.021177908405661583,0.00038619962288066745,0.00020611833315342665,0.011396617628633976,3.849172935588285e-05,9.147785021923482e-06
resnet50_linear,translation_16_left,test_00116,116,1,bird,1,bird,0.888333261013031,True,0.010607265867292881,0.888333261013031,0.0005211408133618534,0.0029844047967344522,0.007604732643812895,0.06685089319944382,0.008370145224034786,0.00018667832773644477,0.01420177984982729,0.0003397119289729744
resnet50_linear,translation_16_left,test_07797,7797,3,cat,3,cat,0.9882001876831055,True,8.479497773805633e-05,0.0016481943894177675,0.00013841786130797118,0.9882001876831055,0.0008247237419709563,0.0009514731355011463,0.00039785876288078725,0.007446659728884697,0.00014322143397293985,0.00016445995424874127
resnet50_linear,translation_16_left,test_04609,4609,3,cat,3,cat,0.998214840888977,True,1.1055078630306525e-06,6.994228897383437e-05,1.8006975324169616e-06,0.998214840888977,0.0012172184651717544,0.00013912442955188453,6.67814165353775e-05,0.0002835243649315089,4.637582605937496e-06,1.0837925401574466e-06
resnet50_linear,translation_16_left,test_00081,81,0,airplane,0,airplane,0.9980948567390442,True,0.9980948567390442,1.0536608897382393e-05,8.268008059530985e-06,3.058505535591394e-05,2.899844002968166e-05,2.6591285859467462e-05,1.1900844583578873e-05,2.3260615762410453e-06,0.0016686153830960393,0.00011730891128536314
resnet50_linear,translation_16_left,test_05580,5580,6,horse,6,horse,0.9997417330741882,True,1.8865492847908172e-06,2.4249984562629834e-06,4.717927822639467e-06,3.934074356948258e-06,4.861926572630182e-05,0.00019392014655750245,0.9997417330741882,6.18376020611322e-07,1.322428033745382e-06,7.930963192848139e-07
resnet50_linear,translation_16_left,test_03024,3024,2,car,2,car,0.9953908920288086,True,0.0006394741940312088,0.0001691363868303597,0.9953908920288086,0.00035124304122291505,0.000261335022514686,0.00021501649462152272,0.00019236438674852252,0.00014543667202815413,0.00029908964643254876,0.0023359383922070265
resnet50_linear,translation_16_left,test_02766,2766,5,dog,5,dog,0.9874597787857056,True,3.0362500183400698e-05,4.152646943111904e-05,5.182715904084034e-05,0.011619661934673786,0.00036409974563866854,0.9874597787857056,0.00036559972795657814,3.2627529435558245e-05,1.720770524116233e-05,1.7313532225671224e-05
resnet50_linear,translation_16_left,test_05000,5000,8,ship,8,ship,0.969273567199707,True,0.02765990048646927,0.00044462058576755226,4.440015254658647e-05,5.955322922091e-05,0.00030456946115009487,0.00024437697720713913,0.0008789692656137049,9.201180364470929e-05,0.969273567199707,0.0009980588220059872
resnet50_linear,translation_16_left,test_02610,2610,6,horse,6,horse,0.9885900616645813,True,1.9090418845735257e-06,0.00037884872290305793,2.6227260150335496e-06,6.772664346499369e-05,0.010761701501905918,0.00013900143676437438,0.9885900616645813,5.595364564214833e-05,1.203790361614665e-06,8.897966381482547e-07
resnet50_linear,translation_16_left,test_02024,2024,0,airplane,0,airplane,0.9957483410835266,True,0.9957483410835266,0.000220585658098571,0.0002687510277610272,2.730927189986687e-05,0.0007033582078292966,0.0007859881734475493,0.0007397697772830725,0.00013765878975391388,0.0010071059223264456,0.0003613320295698941
resnet50_linear,translation_16_left,test_06097,6097,4,deer,4,deer,0.9607706665992737,True,0.0023512619081884623,0.0022229880560189486,0.0008511428022757173,0.0018233743030577898,0.9607706665992737,0.0009844207670539618,0.02773180603981018,0.0018160993931815028,0.0009743837872520089,0.0004738192947115749
resnet50_linear,translation_16_left,test_00964,964,6,horse,6,horse,0.9988377690315247,True,1.3398474038694985e-05,6.545403448399156e-05,1.7840744703789824e-06,0.0002831293677445501,0.00019041719497181475,0.0005973824299871922,0.9988377690315247,8.173765309038572e-06,1.863184593275946e-06,5.971513701297226e-07
resnet50_linear,translation_16_left,test_07634,7634,0,airplane,0,airplane,0.9976143836975098,True,0.9976143836975098,0.0004206717130728066,8.8296270405408e-05,0.00014185963664203882,0.0002458573435433209,0.00024696841137483716,7.086257392074913e-05,0.0001923043600982055,0.0006187216495163739,0.0003600791096687317
resnet50_linear,translation_16_left,test_06434,6434,8,ship,8,ship,0.9948636889457703,True,0.0023898903746157885,0.00042995752301067114,6.2349128711503e-05,0.00025007195654325187,0.00022949642152525485,0.000299785693641752,8.68719071149826e-05,0.00012996334407944232,0.9948636889457703,0.001257970230653882
resnet50_linear,translation_16_left,test_05183,5183,2,car,2,car,0.9695237874984741,True,0.009242675267159939,0.003681381931528449,0.9695237874984741,0.0032576750963926315,0.0007826670771464705,0.003307882696390152,0.0018649387639015913,0.0020103505812585354,0.0019059019396081567,0.0044227903708815575
resnet50_linear,translation_16_left,test_06986,6986,0,airplane,0,airplane,0.9945618510246277,True,0.9945618510246277,1.1822742635558825e-05,3.479901351965964e-05,9.502341526967939e-06,1.371174403175246e-05,2.1841351554030553e-05,1.1879750672960654e-05,1.3527902410714887e-05,0.005309076514095068,1.192103900393704e-05
resnet50_linear,translation_16_left,test_00645,645,5,dog,5,dog,0.9977953433990479,True,1.1960594747506548e-05,0.0005952008650638163,7.604922302562045e-06,0.0008795356843620539,0.00035520290839485824,0.9977953433990479,0.0002828185388352722,6.15748213022016e-05,4.108162102056667e-06,6.521568593598204e-06
resnet50_linear,translation_16_left,test_03347,3347,0,airplane,0,airplane,0.9981853365898132,True,0.9981853365898132,0.00011318689212203026,3.39575890393462e-05,3.198174817953259e-05,0.0003618576447479427,2.9691414965782315e-05,0.00016412763216067106,8.610641089035198e-05,0.0008903212146833539,0.00010345488408347592
resnet50_linear,translation_16_left,test_05677,5677,2,car,2,car,0.9981290698051453,True,1.3055110684945248e-05,0.00010960210784105584,0.9981290698051453,0.00020189254428260028,4.4943397369934246e-05,6.524792115669698e-05,3.576641756808385e-05,1.0178574484598357e-05,8.076791709754616e-05,0.001309336512349546
resnet50_linear,translation_16_left,test_03412,3412,8,ship,8,ship,0.9928377270698547,True,0.0059439451433718204,0.0002472079067956656,0.00016499160847160965,0.00011753235594369471,0.00011321521742502227,0.0001456015306757763,7.254755473695695e-05,9.253645839635283e-05,0.9928377270698547,0.00026480897213332355
resnet50_linear,translation_16_left,test_03937,3937,1,bird,1,bird,0.9806089997291565,True,0.002519488101825118,0.9806089997291565,0.0009491575183346868,0.0029192701913416386,0.00200271257199347,0.001449668314307928,0.0010655667865648866,0.0074523077346384525,0.0006505019264295697,0.00038227360346354544
resnet50_linear,translation_16_left,test_00873,873,6,horse,6,horse,0.8789660930633545,True,6.428821961890208e-06,2.1083194951643236e-05,1.2135845281591173e-05,0.0009420643327757716,0.041073210537433624,0.07893267273902893,0.8789660930633545,6.314845450106077e-06,3.25097753375303e-05,7.575820291094715e-06
resnet50_linear,translation_16_left,test_02167,2167,9,truck,9,truck,0.9700295329093933,True,0.005514244083315134,7.801685569575056e-05,0.0006386034656316042,0.00018851878121495247,0.00036207950324751437,0.0005694457795470953,0.0008307453827001154,2.946264976344537e-05,0.021759329363703728,0.9700295329093933
resnet50_linear,translation_16_left,test_06490,6490,3,cat,3,cat,0.873114824295044,True,0.0037995611783117056,0.016081281006336212,0.002124474151059985,0.873114824295044,0.013280268758535385,0.05444949120283127,0.021963665261864662,0.007382927928119898,0.0051508196629583836,0.0026526288129389286
resnet50_linear,translation_16_left,test_00738,738,3,cat,3,cat,0.8732062578201294,True,0.00028807492344640195,0.018641242757439613,0.0005433610640466213,0.8732062578201294,0.0044034370221197605,0.09549356997013092,0.0055391257628798485,0.0016784219769760966,0.0001359359739581123,7.048876432236284e-05
resnet50_linear,translation_16_left,test_06616,6616,2,car,2,car,0.9979680180549622,True,0.0006305980496108532,0.00012162022903794423,0.9979680180549622,0.0003852192312479019,9.600603516446427e-05,0.00010619929526001215,9.69321044976823e-05,7.48025267967023e-05,0.0003017870185431093,0.00021865036978852004
resnet50_linear,translation_16_left,test_04093,4093,6,horse,6,horse,0.9717705249786377,True,3.9248170651262626e-05,9.856202086666599e-05,8.654491466586478e-06,0.0007817145669832826,0.025338534265756607,0.001955572050064802,0.9717705249786377,2.564851229180931e-06,4.13177122027264e-06,4.7677252723588026e-07
resnet50_linear,translation_16_left,test_05788,5788,9,truck,9,truck,0.9966214895248413,True,0.0001689625350991264,0.00014116162492427975,0.0003592587308958173,0.0001959693181561306,0.0001047994228429161,9.789158502826467e-05,5.007428626413457e-05,7.209033356048167e-05,0.002188340062275529,0.9966214895248413
resnet50_linear,translation_16_left,test_07818,7818,8,ship,8,ship,0.9973904490470886,True,0.0008428316796198487,9.892747038975358e-05,0.00021039637795183808,0.00032893125899136066,0.00016172206960618496,0.00012876479013357311,0.0001393044221913442,7.543905667262152e-05,0.9973904490470886,0.0006232090527191758
resnet50_linear,translation_16_left,test_00304,304,1,bird,1,bird,0.9984980821609497,True,5.794703739070428e-08,0.9984980821609497,6.0907048293756816e-09,0.0005581052391789854,0.0009420356946066022,1.6557318360810314e-07,5.892640686511186e-08,7.975651215019752e-07,8.785088994045509e-07,3.842614404447886e-08
resnet50_linear,translation_16_left,test_02082,2082,2,car,2,car,0.9880721569061279,True,0.002070453017950058,0.00034066045191138983,0.9880721569061279,0.00029525344143621624,0.0005774643504992127,0.0007850721594877541,0.0008294332074001431,0.0004627406888175756,0.003938265144824982,0.0026283985935151577
resnet50_linear,translation_16_left,test_02746,2746,7,monkey,7,monkey,0.9941577911376953,True,9.207591210724786e-05,0.0009635619935579598,0.00010004157957155257,0.002543557435274124,0.0003844173043034971,0.00120843097101897,0.0003668702265713364,0.9941577911376953,0.00013461141497828066,4.861054185312241e-05
resnet50_linear,translation_16_left,test_07944,7944,4,deer,4,deer,0.9477522373199463,True,8.576887921663001e-05,0.0007039512856863439,9.074009722098708e-05,0.0033909508492797613,0.9477522373199463,0.0008086779271252453,0.046934276819229126,6.028515053912997e-05,0.00011053220805479214,6.254010077100247e-05
resnet50_linear,translation_16_left,test_06689,6689,8,ship,8,ship,0.9402315020561218,True,0.01565731130540371,0.00018281053053215146,0.00042036978993564844,0.00014835216279607266,8.596320549258962e-05,9.298606892116368e-05,0.0001163788911071606,4.967763015883975e-05,0.9402315020561218,0.04301472008228302
resnet50_linear,translation_16_left,test_02414,2414,9,truck,9,truck,0.9083016514778137,True,0.04270521178841591,8.747212996240705e-05,0.004626527428627014,0.00025003019254654646,0.0019460658077150583,0.000386666099075228,0.0010961595689877868,0.00035169185139238834,0.04024852067232132,0.9083016514778137
resnet50_linear,translation_16_left,test_03779,3779,6,horse,6,horse,0.9930045008659363,True,4.6414717758125335e-07,4.005678874818841e-06,2.9109560273354873e-07,9.148241588263772e-06,0.006825307849794626,0.0001536318304715678,0.9930045008659363,1.6812902003948693e-06,7.421777468152868e-07,2.023522540639533e-07
resnet50_linear,translation_16_left,test_02095,2095,1,bird,1,bird,0.9748982787132263,True,0.0010124888503924012,0.9748982787132263,0.0011403472162783146,0.003070243401452899,0.002808563644066453,0.002513358136638999,0.0011648675426840782,0.012482796795666218,0.0005007983418181539,0.00040835884283296764
resnet50_linear,translation_16_left,test_07262,7262,0,airplane,0,airplane,0.9966495633125305,True,0.9966495633125305,0.0009234336321242154,9.671951556811109e-05,0.00018005249148700386,0.00034533764119260013,0.0002508665493223816,0.00011206571070943028,0.00012901538866572082,0.001032889587804675,0.00028013958944939077
resnet50_linear,translation_16_left,test_05694,5694,8,ship,8,ship,0.9899386167526245,True,0.0010199662065133452,0.0029006823897361755,0.0013877737801522017,0.0007501543732360005,0.0005221618921495974,0.0006286068237386644,0.0004457523755263537,0.00034902742481790483,0.9899386167526245,0.0020572624634951353
resnet50_linear,translation_16_left,test_07413,7413,5,dog,5,dog,0.7110065221786499,True,0.00014751643175259233,0.0009854092495515943,0.00026349007384851575,0.22982251644134521,0.006560817360877991,0.7110065221786499,0.04864485189318657,0.0020304422359913588,0.00020029579172842205,0.000338075595209375
resnet50_linear,translation_16_left,test_06805,6805,1,bird,1,bird,0.9590809345245361,True,0.02073710970580578,0.9590809345245361,0.0005877449875697494,0.0015146207297220826,0.004450805019587278,0.0053558978252112865,0.0016918114852160215,0.003969667013734579,0.002040019491687417,0.0005713889258913696
resnet50_linear,translation_16_left,test_03446,3446,7,monkey,7,monkey,0.9907538890838623,True,1.1460169844212942e-05,0.002253878628835082,2.4262382794404402e-05,0.004818159621208906,0.0019576987251639366,0.00011426257697166875,4.308477582526393e-05,0.9907538890838623,1.440380401618313e-05,8.89001148607349e-06
resnet50_linear,translation_16_left,test_02807,2807,5,dog,4,deer,0.4457714259624481,False,0.0002018316590692848,0.022708842530846596,3.1857449357630685e-05,0.41305699944496155,0.4457714259624481,0.07634059339761734,0.0017355235759168863,0.040062833577394485,3.717897925525904e-05,5.283427526592277e-05
resnet50_linear,translation_16_left,test_07940,7940,4,deer,4,deer,0.9951229691505432,True,0.00015703329700045288,0.00018818600801751018,7.867055683163926e-05,0.0011244380148127675,0.9951229691505432,0.00027327946736477315,0.002763527911156416,0.00016642206173855811,6.893599493196234e-05,5.648353908327408e-05
resnet50_linear,translation_16_left,test_04172,4172,7,monkey,7,monkey,0.9907349348068237,True,0.0002219836023868993,0.0024422379210591316,0.0003396000829525292,0.0025051443371921778,0.0009386151214130223,0.0017074919305741787,0.0007240905542857945,0.9907349348068237,0.00021948049834463745,0.0001665376330493018
resnet50_linear,translation_16_left,test_07744,7744,3,cat,3,cat,0.9267057180404663,True,3.069555896217935e-05,0.0009218826307915151,2.232602309959475e-05,0.9267057180404663,4.6311135520227253e-05,0.07053034752607346,0.00023486639838665724,0.0015006110770627856,4.453242127056001e-06,2.728983417910058e-06
resnet50_linear,translation_16_left,test_01586,1586,2,car,2,car,0.9982153177261353,True,1.2571254956128541e-05,8.143311424646527e-05,0.9982153177261353,2.7111525923828594e-05,6.223023956408724e-05,0.00013363253674469888,9.966950892703608e-05,2.4046295948210172e-05,0.00019340519793331623,0.0011506322771310806
resnet50_linear,translation_16_left,test_07999,7999,8,ship,8,ship,0.9943933486938477,True,0.0034731708001345396,0.00034797913394868374,0.00013131361629348248,0.00023698838776908815,0.00012375423102639616,0.0003414655802771449,0.00010144140105694532,0.00010260799172101542,0.9943933486938477,0.0007478971383534372
resnet50_linear,translation_16_left,test_06349,6349,1,bird,1,bird,0.9985179305076599,True,4.198303486191435e-06,0.9985179305076599,1.324897880294884e-06,6.179324554977939e-05,0.0013461876660585403,9.05742035683943e-06,6.86977409714018e-06,5.162861998542212e-05,6.967381409594964e-07,3.07829935763948e-07
resnet50_linear,translation_16_left,test_06594,6594,1,bird,1,bird,0.9944433569908142,True,0.002312798285856843,0.9944433569908142,0.0001695576502243057,0.0002441269316477701,0.00019338089623488486,0.0010063904337584972,0.0004142521938774735,0.0002984671446029097,0.0008809711434878409,3.691006713779643e-05
resnet50_linear,translation_16_left,test_02109,2109,8,ship,8,ship,0.9960454106330872,True,0.0033342347014695406,5.325419260771014e-05,0.0001418484898749739,3.2724150514695793e-05,2.5156316041829996e-05,4.5101263822289184e-05,1.5744417396490462e-05,2.5584535251255147e-05,0.9960454106330872,0.00028091896092519164
resnet50_linear,translation_16_left,test_03079,3079,1,bird,1,bird,0.9992009997367859,True,0.00012971254182048142,0.9992009997367859,3.1373438105219975e-05,0.00015850875934120268,0.00019403404439799488,7.328150968533009e-05,3.229564390494488e-05,0.00014475311036221683,2.384212893957738e-05,1.1328753316774964e-05
resnet50_linear,translation_16_left,test_02070,2070,1,bird,1,bird,0.9749658107757568,True,3.911995008820668e-06,0.9749658107757568,2.003862164201564e-06,0.0038602848071604967,0.020015494897961617,2.5646964786574244e-05,5.478815637616208e-06,0.0011185347102582455,1.2776703215422458e-06,1.5083521702763392e-06
resnet50_linear,translation_16_left,test_00319,319,5,dog,5,dog,0.9912074208259583,True,0.00013458800094667822,0.001997360959649086,0.00012741464888677,0.0003839444543700665,0.001210302347317338,0.9912074208259583,0.0032564769499003887,0.0014791196445003152,0.00010844068310689181,9.482786117587239e-05
resnet50_linear,translation_16_left,test_02888,2888,0,airplane,0,airplane,0.9643653035163879,True,0.9643653035163879,0.0032287805806845427,0.004439929500222206,0.0020176309626549482,0.0030455614905804396,0.0012863450683653355,0.0023152106441557407,0.002621242543682456,0.0035876401234418154,0.01309235394001007
resnet50_linear,translation_16_left,test_06224,6224,5,dog,5,dog,0.9608398079872131,True,0.0013217394007369876,0.0026534872595220804,0.0015269328141584992,0.00579902483150363,0.005208092276006937,0.9608398079872131,0.013809568248689175,0.006788953673094511,0.0012727596331387758,0.0007797102443873882
resnet50_linear,translation_16_left,test_03353,3353,5,dog,3,cat,0.7555301785469055,False,2.3468112431146437e-06,0.0001235773816006258,7.883871148806065e-06,0.7555301785469055,0.0008616571431048214,0.2414749264717102,0.0006003132439218462,0.001319796429015696,6.624847446801141e-05,1.29656209537643e-05
resnet50_linear,translation_16_left,test_06244,6244,2,car,2,car,0.9962575435638428,True,7.570010347990319e-05,0.00025785216712392867,0.9962575435638428,0.00011231558892177418,3.35797703883145e-05,0.00017096677038352937,0.00018050664220936596,2.252605918329209e-05,0.00014101080887485296,0.002747873542830348
resnet50_linear,translation_16_left,test_04704,4704,7,monkey,7,monkey,0.9977014660835266,True,5.5319960665656254e-05,0.0011335250455886126,7.543609535787255e-05,0.0003358368412591517,0.00015760213136672974,0.000286432245047763,0.000131024353322573,0.9977014660835266,6.848585326224566e-05,5.484942812472582e-05
resnet50_linear,translation_16_left,test_02427,2427,5,dog,5,dog,0.9787584543228149,True,0.0006127925007604063,0.0010910459095612168,0.000725284859072417,0.0022777908015996218,0.0014336276799440384,0.9787584543228149,0.005000658333301544,0.008596455678343773,0.0010846764780580997,0.00041921422234736383
resnet50_linear,translation_16_left,test_07995,7995,9,truck,9,truck,0.9736136794090271,True,0.0003661230730358511,0.00013857449812348932,0.02431139349937439,0.0005981419235467911,8.542612340534106e-05,0.00012497452553361654,0.00013187584409024566,4.787997022503987e-05,0.000581948144827038,0.9736136794090271
resnet50_linear,translation_16_left,test_01124,1124,4,deer,4,deer,0.9856223464012146,True,0.00047983997501432896,0.0013678830582648516,0.0002755568129941821,0.0030481177382171154,0.9856223464012146,0.005049538798630238,0.002247652504593134,0.0013205960858613253,0.0003699033404700458,0.00021839099645148963
resnet50_linear,translation_16_left,test_06733,6733,1,bird,1,bird,0.9283545613288879,True,0.0025771483778953552,0.9283545613288879,0.0012338088126853108,0.01074809767305851,0.021562140434980392,0.01753808557987213,0.004134068265557289,0.011901911348104477,0.0007077061454765499,0.00124250294174999
resnet50_linear,translation_16_left,test_02062,2062,9,truck,9,truck,0.9963362216949463,True,0.0001951691519934684,0.00025247421581298113,0.0014091506600379944,0.0005840593948960304,0.00012005368625978008,0.00019000987231265754,0.00013559877697844058,0.00020942828268744051,0.0005678790039382875,0.9963362216949463
resnet50_linear,translation_16_left,test_00805,805,9,truck,9,truck,0.9978538155555725,True,0.00013873526768293232,4.659350452129729e-05,0.0004673491057474166,9.765910363057628e-05,0.00012795039219781756,4.242491922923364e-05,0.00010478681360837072,1.748611612129025e-05,0.001103136921301484,0.9978538155555725
resnet50_linear,translation_16_left,test_02028,2028,3,cat,3,cat,0.9999192953109741,True,1.0883212553380872e-07,1.4616681255574804e-05,9.422660696145613e-08,0.9999192953109741,6.138829485280439e-05,1.1409191529310192e-06,1.7710548263494275e-06,1.0519564739297493e-06,5.185988811717834e-07,3.177748197913388e-08
resnet50_linear,translation_16_left,test_02392,2392,2,car,2,car,0.9979767203330994,True,0.00010035598825197667,9.84793296083808e-05,0.9979767203330994,0.00012973436969332397,5.073203647043556e-05,0.00010690675844671205,5.517850513570011e-05,4.392460687085986e-05,0.00014272728003561497,0.0012953156838193536
resnet50_linear,translation_16_left,test_03292,3292,6,horse,6,horse,0.9952812790870667,True,0.0009045297047123313,9.640948701417074e-05,0.0005187448114156723,0.00011123406875412911,0.0024692988954484463,0.0003511248214635998,0.9952812790870667,3.331467087264173e-05,2.4302878955495544e-05,0.00020963992574252188
resnet50_linear,translation_16_left,test_01440,1440,7,monkey,7,monkey,0.9927035570144653,True,7.243253639899194e-05,0.00018532881222199649,0.00016572384629398584,0.0028951787389814854,0.0008533283253200352,0.0026268777437508106,0.0004016716266050935,0.9927035570144653,4.550457379082218e-05,5.0440834456821904e-05
resnet50_linear,translation_16_left,test_01115,1115,1,bird,1,bird,0.9965051412582397,True,4.891713842880563e-07,0.9965051412582397,1.5648431883619196e-07,0.0003655918699223548,0.0030029851477593184,5.818227236886742e-06,0.00011396595073165372,4.310967597120907e-06,1.6167238072739565e-06,5.2115119331119786e-08
resnet50_linear,translation_16_left,test_04242,4242,8,ship,8,ship,0.9855890870094299,True,0.0033125875052064657,0.001175315584987402,0.002216578461229801,0.0010214094072580338,0.0008143243030644953,0.0008614876423962414,0.0006990995607338846,0.0005346505204215646,0.9855890870094299,0.0037754385266453028
resnet50_linear,translation_16_left,test_02230,2230,8,ship,8,ship,0.9903514981269836,True,0.008975328877568245,1.9847113435389474e-05,8.292817801702768e-05,1.532186615804676e-05,1.0131423550774343e-05,2.523548209865112e-05,1.1874353731400333e-05,4.180675205134321e-06,0.9903514981269836,0.0005036556976847351
resnet50_linear,translation_16_left,test_03163,3163,2,car,2,car,0.9997292160987854,True,1.2238701856404077e-05,2.3004777176538482e-05,0.9997292160987854,1.482298830524087e-05,2.3654922188143246e-05,7.03115583746694e-05,2.9318687666091137e-05,1.2881604561698623e-05,1.1703426025633235e-05,7.296931289602071e-05
resnet50_linear,translation_16_left,test_00545,545,6,horse,6,horse,0.9047778248786926,True,0.00168492435477674,0.00024183152709156275,0.0785197839140892,0.00046238547656685114,0.001966396113857627,0.0006405221647582948,0.9047778248786926,0.0006861113361082971,0.00023695627169217914,0.01078315544873476
resnet50_linear,translation_16_left,test_03863,3863,5,dog,5,dog,0.9592034220695496,True,0.0005799255450256169,0.001431163982488215,0.0011876743519678712,0.00219363858923316,0.0010028225369751453,0.9592034220695496,0.027774110436439514,0.00463064992800355,0.0013282150030136108,0.0006683185347355902
resnet50_linear,translation_16_left,test_04748,4748,7,monkey,7,monkey,0.9741125106811523,True,0.0023168001789599657,0.0032260939478874207,0.0019023430068045855,0.005455501843243837,0.0024697298649698496,0.0035220091231167316,0.0016168750589713454,0.9741125106811523,0.0031869267113506794,0.0021912609227001667
resnet50_linear,translation_16_left,test_02399,2399,4,deer,4,deer,0.9396193027496338,True,0.0020367177203297615,0.0016175833297893405,0.0008791591390036047,0.0037843603640794754,0.9396193027496338,0.0028883316554129124,0.04502517357468605,0.001844512764364481,0.0016831854591146111,0.0006217042682692409
resnet50_linear,translation_16_left,test_04341,4341,6,horse,6,horse,0.9992115497589111,True,7.282511069206521e-05,8.536794484825805e-05,0.00023329474788624793,4.523056486505084e-05,4.130943852942437e-05,5.7188841310562566e-05,0.9992115497589111,2.706357918214053e-05,5.715683437301777e-05,0.000168981307069771
resnet50_linear,translation_16_left,test_03078,3078,4,deer,4,deer,0.9941245913505554,True,0.0001669188350206241,0.00021513551473617554,8.375943434657529e-05,0.0037676796782761812,0.9941245913505554,0.00039287464460358024,0.0009264549589715898,0.0001226951280841604,0.0001271811343031004,7.27736041881144e-05
resnet50_linear,translation_16_left,test_03763,3763,4,deer,4,deer,0.9654462337493896,True,0.002503027208149433,0.0074147675186395645,0.0010468695545569062,0.0022427428048104048,0.9654462337493896,0.005618327762931585,0.008723372593522072,0.0031981475185602903,0.0029273091349750757,0.0008791396976448596
resnet50_linear,translation_16_left,test_02958,2958,6,horse,6,horse,0.9944000840187073,True,0.0003158997278660536,0.00041897615301422775,0.001128174364566803,0.0003634740714915097,0.0004970916779711843,0.0005351136205717921,0.9944000840187073,0.00014621877926401794,0.0016164766857400537,0.0005786523688584566
resnet50_linear,translation_16_left,test_06381,6381,6,horse,6,horse,0.9595518112182617,True,0.0029384412337094545,0.0016750774811953306,0.003920272458344698,0.002479041460901499,0.006254118867218494,0.003690815530717373,0.9595518112182617,0.002935647265985608,0.00724034896120429,0.00931444764137268
resnet50_linear,translation_16_left,test_01640,1640,8,ship,8,ship,0.9745643138885498,True,0.015930281952023506,0.0008064302382990718,0.002236265456303954,0.0005027829320169985,0.0005973605439066887,0.001745968940667808,0.002328548114746809,0.00035153288627043366,0.9745643138885498,0.0009364720317535102
resnet50_linear,translation_16_left,test_01783,1783,8,ship,8,ship,0.9931042790412903,True,0.004914750345051289,0.00019738485570997,9.189478441840038e-05,0.00010561844101175666,0.00018649743287824094,0.0003184218949172646,0.00011360528151271865,0.0002035250945482403,0.9931042790412903,0.0007639782852493227
resnet50_linear,translation_16_left,test_03914,3914,3,cat,3,cat,0.998735249042511,True,4.255957173882052e-05,0.0003985297807957977,0.00013561789819505066,0.998735249042511,7.53386048018001e-05,0.0002264124486828223,0.00024997576838359237,1.6587553545832634e-05,7.162540714489296e-05,4.803129195352085e-05
resnet50_linear,translation_16_left,test_01534,1534,6,horse,6,horse,0.9893752336502075,True,0.00019686059386003762,7.13866320438683e-05,0.00021022075088694692,0.00039248663233593106,0.0058169132098555565,0.002553644124418497,0.9893752336502075,0.00018536813149694353,0.0005483638378791511,0.0006494553526863456
resnet50_linear,translation_16_left,test_00685,685,5,dog,5,dog,0.9977229237556458,True,1.3726102224609349e-05,4.608188464771956e-05,2.881476393667981e-05,0.0017645545303821564,9.190927812596783e-05,0.9977229237556458,0.00025892045232467353,5.1568033086368814e-05,8.826660632621497e-06,1.2655175851250533e-05
resnet50_linear,translation_16_left,test_04617,4617,0,airplane,0,airplane,0.9938740134239197,True,0.9938740134239197,0.000422715354943648,4.414129944052547e-05,7.809930684743449e-05,0.0005846587591804564,0.00028857821598649025,0.00036951518268324435,9.387704631080851e-05,0.003889261046424508,0.00035499449586495757
resnet50_linear,translation_16_left,test_05508,5508,9,truck,9,truck,0.9990885257720947,True,8.985764725366607e-05,5.971373320790008e-05,0.0002741644566413015,0.00010008602839661762,2.938236139016226e-05,5.11354228365235e-05,4.261362482793629e-05,2.7896396204596385e-05,0.0002365885447943583,0.9990885257720947
resnet50_linear,translation_16_left,test_01022,1022,9,truck,9,truck,0.9963082075119019,True,2.508230863895733e-05,2.487365009073983e-06,0.0022885252255946398,0.0002201219613198191,1.1613197784754448e-05,2.0478435544646345e-05,1.5160831026150845e-05,1.7254845943170949e-06,0.0011066057486459613,0.9963082075119019
resnet50_linear,translation_16_left,test_01230,1230,1,bird,1,bird,0.606153666973114,True,0.005170234479010105,0.606153666973114,0.003378212219104171,0.007861184887588024,0.014648128300905228,0.01072703767567873,0.005828046705573797,0.3363804519176483,0.0041870553977787495,0.005665917880833149
resnet50_linear,translation_16_left,test_07475,7475,4,deer,4,deer,0.98359215259552,True,0.001270452281460166,0.0013308419147506356,0.0004219769616611302,0.0003616592148318887,0.98359215259552,0.0004251815262250602,0.010548076592385769,0.00047269678907468915,0.0011184823233634233,0.000458439695648849
resnet50_linear,translation_16_left,test_05756,5756,2,car,2,car,0.9999395608901978,True,1.1604755627558916e-06,2.345003167647519e-06,0.9999395608901978,5.638996753987158e-06,3.2559378269070294e-06,4.935651304549538e-06,8.431676178588532e-06,1.2313629440541263e-06,3.7043569136585575e-06,2.9961585823912174e-05
resnet50_linear,translation_16_left,test_03122,3122,4,deer,4,deer,0.9740093946456909,True,0.00039455710793845356,0.0005110783386044204,0.0008114642696455121,0.010400094091892242,0.9740093946456909,0.0018133094999939203,0.007548207882791758,0.002958240220323205,0.0007487003458663821,0.0008049241150729358
resnet50_linear,translation_16_left,test_07202,7202,1,bird,1,bird,0.9589950442314148,True,0.009897255338728428,0.9589950442314148,0.0023399372585117817,0.005646281875669956,0.005773130804300308,0.005638216156512499,0.0022614351473748684,0.007534107193350792,0.001400352455675602,0.0005142925074324012
resnet50_linear,translation_16_left,test_04723,4723,9,truck,9,truck,0.9945317506790161,True,0.0017682763282209635,0.00014277984155341983,0.000510334619320929,0.00020607252372428775,0.0005830666632391512,6.170589767862111e-05,0.000943330698646605,0.00015334118506871164,0.0010992741445079446,0.9945317506790161
resnet50_linear,translation_16_left,test_01552,1552,5,dog,5,dog,0.9952389001846313,True,7.226140587590635e-05,0.0002955467498395592,4.74160879093688e-05,0.0005639783339574933,0.0013035807060077786,0.9952389001846313,0.0005544163868762553,0.001840765355154872,4.799615635420196e-05,3.511741670081392e-05
resnet50_linear,translation_16_left,test_00603,603,9,truck,9,truck,0.8939749002456665,True,0.052572596818208694,7.165650458773598e-05,0.05098103731870651,0.0002749516279436648,3.3500469726277515e-05,0.0003145496593788266,0.0002932922216132283,0.0001097854838008061,0.001373750390484929,0.8939749002456665
resnet50_linear,translation_16_left,test_02861,2861,3,cat,3,cat,0.9979660511016846,True,3.9276543247979134e-05,0.00015375980001408607,4.895397069049068e-05,0.9979660511016846,0.00018094816186930984,0.0009780230466276407,0.00013429380487650633,0.0003919689916074276,9.696297638583928e-05,9.71526878856821e-06
resnet50_linear,translation_16_left,test_06426,6426,2,car,2,car,0.9997202754020691,True,1.6022346244426444e-05,2.6966032237396576e-05,0.9997202754020691,3.252513488405384e-05,1.5588535461574793e-05,5.1638457080116495e-05,2.724479418247938e-05,7.602405730722239e-06,4.729608917841688e-05,5.4707728850189596e-05
resnet50_linear,translation_16_left,test_07864,7864,4,deer,4,deer,0.960488498210907,True,0.002113268943503499,0.0034081656485795975,0.002098825993016362,0.00344392959959805,0.960488498210907,0.0033598835580050945,0.019615689292550087,0.0030315613839775324,0.0017489275196567178,0.0006912436801940203
resnet50_linear,translation_16_left,test_05729,5729,6,horse,6,horse,0.9972392320632935,True,0.0001483518717577681,0.00010712535731727257,0.0001343606854788959,9.313604823546484e-05,0.0017821632791310549,0.0002623121254146099,0.9972392320632935,7.256500975927338e-05,5.233220508671366e-05,0.00010851326078409329
resnet50_linear,translation_16_left,test_07474,7474,5,dog,5,dog,0.9932912588119507,True,9.372783097205684e-05,0.0004875642480328679,7.947003177832812e-05,0.0001122451649280265,0.00014204485341906548,0.9932912588119507,0.0052595483139157295,0.00018189623369835317,0.0003073835978284478,4.492939842748456e-05
resnet50_linear,translation_16_left,test_04298,4298,1,bird,1,bird,0.9993515610694885,True,4.441417695488781e-05,0.9993515610694885,3.2771957194199786e-05,0.00010031422425527126,0.000227665645070374,4.552170503302477e-05,1.6683232388459146e-05,0.00011960761912632734,4.543591785477474e-05,1.6036397937568836e-05
resnet50_linear,translation_16_left,test_01175,1175,0,airplane,0,airplane,0.9957705140113831,True,0.9957705140113831,0.0015350693138316274,3.222859595553018e-05,0.00024510963703505695,0.0006499465089291334,0.0004966025007888675,0.00036354482290335,0.0004922142252326012,0.0003522988990880549,6.22852603555657e-05
resnet50_linear,translation_16_left,test_03454,3454,2,car,2,car,0.9941750168800354,True,6.319872045423836e-05,0.00020681471505668014,0.9941750168800354,0.0005156599800102413,6.832910003140569e-05,0.0002943938015960157,7.31356194592081e-05,2.8471149562392384e-05,0.00021030551579315215,0.004364639986306429
resnet50_linear,translation_16_left,test_02754,2754,3,cat,3,cat,0.9772138595581055,True,0.0006574936560355127,0.002062929794192314,0.001066732220351696,0.9772138595581055,0.003495982848107815,0.005056389141827822,0.00848726648837328,0.000614411081187427,0.00042508283513598144,0.0009199670748785138
resnet50_linear,translation_16_left,test_00855,855,4,deer,4,deer,0.9133870601654053,True,3.3746684493962675e-05,0.00010224161815131083,1.504274860053556e-05,0.0001305392652284354,0.9133870601654053,5.951289494987577e-06,0.08624423295259476,1.400717519572936e-05,4.5658525777980685e-05,2.14319079532288e-05
resnet50_linear,translation_16_left,test_02854,2854,7,monkey,7,monkey,0.9922329187393188,True,0.00020456490165088326,0.0018411228666082025,0.0003225459950044751,0.0013073737500235438,0.0012496879789978266,0.001696073217317462,0.0005855835042893887,0.9922329187393188,0.0003043233009520918,0.0002556761319283396
resnet50_linear,translation_16_left,test_05092,5092,1,bird,1,bird,0.9994204044342041,True,4.222410643706098e-05,0.9994204044342041,2.502683491911739e-05,9.137863526120782e-05,0.00025504425866529346,4.2891002522083e-05,3.731570177478716e-05,6.044887413736433e-05,1.8653929146239534e-05,6.7007513280259445e-06
resnet50_linear,translation_16_left,test_05590,5590,9,truck,9,truck,0.9824236631393433,True,0.004583978094160557,5.5555705330334604e-05,0.0010668057948350906,0.00030866239103488624,0.00011799047933891416,4.9372512876288965e-05,0.0001697716797934845,1.2980271094420459e-05,0.011211222968995571,0.9824236631393433
resnet50_linear,translation_16_left,test_04463,4463,3,cat,3,cat,0.9981616139411926,True,0.00014819779607933015,0.0005208616494201124,0.00010746747284429148,0.9981616139411926,0.0003989781835116446,0.00018664247181732208,9.307189611718059e-05,0.00010237332026008517,0.0002193842374254018,6.13450538367033e-05
resnet50_linear,translation_16_left,test_05318,5318,2,car,2,car,0.9987939596176147,True,0.00017670636589173228,1.0646609553077724e-05,0.9987939596176147,2.1374284187913872e-05,5.695598156307824e-05,3.1877276342129335e-05,0.0002592043310869485,2.430107633699663e-05,1.7396487237419933e-05,0.0006074843695387244
resnet50_linear,translation_16_left,test_03515,3515,6,horse,6,horse,0.9009813666343689,True,0.0004257434338796884,0.0011520973639562726,0.000384007376851514,0.001571798580698669,0.09314242005348206,0.0015447274781763554,0.9009813666343689,0.0002601135056465864,0.00023461924865841866,0.0003030525695066899
resnet50_linear,translation_16_left,test_04642,4642,4,deer,4,deer,0.9890007972717285,True,0.0003320279356557876,0.0011678541777655482,0.0004088486894033849,0.00380260800011456,0.9890007972717285,0.0005687285447493196,0.0033087339252233505,0.0007894131704233587,0.0004029602278023958,0.000217996901483275
resnet50_linear,translation_16_left,test_00852,852,9,truck,9,truck,0.997071385383606,True,0.0004651077324524522,0.00014315932639874518,0.0008414867916144431,0.0002516130916774273,6.225455581443384e-05,8.754759619478136e-05,0.0001633331849006936,3.927866055164486e-05,0.0008747612591832876,0.997071385383606
resnet50_linear,translation_16_left,test_01247,1247,8,ship,8,ship,0.9970492720603943,True,0.0006113759591244161,0.0001350047386949882,0.0003487182839307934,0.00036701239878311753,9.46562722674571e-05,0.000328832829836756,0.0002215155545854941,8.564531162846833e-05,0.9970492720603943,0.0007579387165606022
resnet50_linear,translation_16_left,test_07084,7084,2,car,2,car,0.9993487000465393,True,2.0301447875681333e-05,2.1331301468308084e-05,0.9993487000465393,2.291731652803719e-05,5.954784865025431e-05,7.10838648956269e-05,6.726812716806307e-05,1.2592359780683182e-05,2.870317257475108e-05,0.0003474947880022228
resnet50_linear,translation_16_left,test_05301,5301,9,truck,9,truck,0.992641270160675,True,0.003137728199362755,5.857831183675444e-06,0.000748629157897085,2.2453798010246828e-05,1.3014485375606455e-05,1.7050748283509165e-05,8.959656952356454e-06,4.166297458141344e-06,0.0034008792135864496,0.992641270160675
resnet50_linear,translation_16_left,test_05082,5082,6,horse,6,horse,0.9716107249259949,True,0.0015876635443419218,0.0017811113502830267,0.00741939339786768,0.0012069118674844503,0.00043629156425595284,0.00999156292527914,0.9716107249259949,0.0015991225372999907,0.0023195049725472927,0.0020477818325161934
resnet50_linear,translation_16_left,test_05077,5077,4,deer,4,deer,0.9678865671157837,True,3.196886973455548e-05,0.00027625609072856605,3.9775502955308184e-05,0.00021389660832937807,0.9678865671157837,2.4454504455206916e-05,0.031358372420072556,0.000149432584294118,1.0052843208541162e-05,9.25996482692426e-06
resnet50_linear,translation_16_left,test_01563,1563,3,cat,3,cat,0.9768633842468262,True,2.233738086943049e-05,0.0012732731411233544,1.8556011127657257e-05,0.9768633842468262,0.002631878713145852,0.004132961854338646,0.0014537990791723132,0.013585122302174568,1.2453770068532322e-05,6.3184479586197995e-06
resnet50_linear,translation_16_left,test_00029,29,7,monkey,7,monkey,0.9990379810333252,True,7.061942142172484e-06,9.259843500331044e-05,5.696106200048234e-06,0.00030884958687238395,0.00024019535339903086,0.00016252817295026034,0.00012790580512955785,0.9990379810333252,1.3470235899148975e-05,3.834772542177234e-06
resnet50_linear,translation_16_left,test_03867,3867,7,monkey,7,monkey,0.9928470253944397,True,0.0005381179507821798,0.001704677240923047,0.000116080540465191,0.0005179824074730277,0.0004167686274740845,0.0023230360820889473,0.0008554465021006763,0.9928470253944397,0.0005368937854655087,0.0001440203923266381
resnet50_linear,translation_16_left,test_04620,4620,6,horse,6,horse,0.9999804496765137,True,4.382968654681463e-06,7.85478334819345e-07,7.180811962825828e-07,5.143276666785823e-07,3.3199273730133427e-06,8.69099130795803e-06,0.9999804496765137,5.841430805730852e-08,2.3156113115874177e-07,9.398650036018807e-07
resnet50_linear,translation_16_left,test_04065,4065,2,car,2,car,0.9987591505050659,True,1.6045204347392428e-06,4.211405666865176e-06,0.9987591505050659,4.699495548265986e-05,1.1798187188105658e-05,2.0839313947362825e-05,6.920533905940829e-06,9.187539262711653e-07,2.7474322905618465e-06,0.0011447810102254152
resnet50_linear,translation_16_left,test_01095,1095,5,dog,5,dog,0.9635403156280518,True,0.0007007297826930881,0.0015508431242778897,0.0010930676944553852,0.005183838307857513,0.0028650241438299417,0.9635403156280518,0.01902470923960209,0.004811238497495651,0.0006606560782529414,0.0005694557330571115
resnet50_linear,translation_16_left,test_04229,4229,3,cat,3,cat,0.9980911612510681,True,5.476420483319089e-05,0.0007138149230740964,0.0001395669678458944,0.9980911612510681,0.0003623682423494756,0.00013551738811656833,6.777578528271988e-05,0.0002652618277352303,6.480954471044242e-05,0.00010477045725565404
resnet50_linear,translation_16_left,test_03562,3562,3,cat,3,cat,0.9736894369125366,True,0.00010302526061423123,0.0002563201996963471,0.0002971155336126685,0.9736894369125366,0.008730992674827576,0.010471646673977375,0.0035889134742319584,0.001543864025734365,0.0009447316406294703,0.00037394752143882215
resnet50_linear,translation_16_left,test_02342,2342,8,ship,8,ship,0.9966469407081604,True,0.0014650898519903421,0.0004277071566320956,0.0001499666686868295,0.00013056769967079163,0.00020567803585436195,0.00039004377322271466,0.0002142939338227734,0.00019962927035521716,0.9966469407081604,0.000170052531757392
resnet50_linear,translation_16_left,test_01667,1667,6,horse,6,horse,0.9892328977584839,True,0.0006754353526048362,0.00024573103291913867,0.0009790416806936264,0.00041379829053767025,0.0020256019197404385,0.0005464550340548158,0.9892328977584839,0.0004838682943955064,0.002812661463394761,0.002584557980298996
resnet50_linear,translation_16_left,test_07033,7033,1,bird,1,bird,0.965140700340271,True,3.3788175642257556e-05,0.965140700340271,2.3594338927068748e-05,0.003014298854395747,0.030033128336071968,0.000640491780359298,4.1291994421044365e-05,0.0010233116336166859,4.211463965475559e-05,7.208504939626437e-06
resnet50_linear,translation_16_left,test_01771,1771,7,monkey,7,monkey,0.7061719298362732,True,0.00023911093012429774,0.0011169005883857608,5.276201409287751e-05,0.011773450300097466,0.22085453569889069,0.05288192257285118,0.006754426751285791,0.7061719298362732,8.108415931928903e-05,7.380460010608658e-05
resnet50_linear,translation_16_left,test_03157,3157,8,ship,8,ship,0.9955441355705261,True,0.00048329209676012397,4.283823727746494e-05,0.00011502852430567145,7.880660268710926e-05,4.5074393710820004e-05,3.730122625711374e-05,2.6695994165493175e-05,1.2151907867519185e-05,0.9955441355705261,0.003614693647250533
resnet50_linear,translation_16_left,test_03851,3851,3,cat,3,cat,0.9944868683815002,True,4.423593054525554e-05,0.0013570718001574278,5.572362624661764e-06,0.9944868683815002,5.6500535720260814e-05,0.00370391015894711,0.00027139042504131794,6.339640822261572e-05,6.793749889766332e-06,4.2445617509656586e-06
resnet50_linear,translation_16_left,test_01287,1287,7,monkey,7,monkey,0.9691457748413086,True,0.0007373645203188062,0.004069139715284109,0.0013125063851475716,0.0035587893798947334,0.002354878233745694,0.01400669850409031,0.002681546611711383,0.9691457748413086,0.000948479282669723,0.001184725551865995
resnet50_linear,translation_16_left,test_07320,7320,0,airplane,0,airplane,0.9946097135543823,True,0.9946097135543823,0.0003620999923441559,0.002343325410038233,0.0005102767609059811,0.00017354042211081833,0.0004772246174979955,0.0001352507679257542,0.0001752003445290029,0.00019850565877277404,0.0010147176217287779
resnet50_linear,translation_16_left,test_07600,7600,6,horse,6,horse,0.9996455907821655,True,6.247251440072432e-05,3.6212910345057026e-05,9.927149949362502e-05,1.337236517429119e-05,4.518903551797848e-06,3.547796222846955e-05,0.9996455907821655,2.7651587515720166e-05,2.9621805879287422e-05,4.573869955493137e-05
resnet50_linear,translation_16_left,test_03852,3852,5,dog,5,dog,0.9447302222251892,True,0.001153741148300469,0.00416363263502717,0.0017789228586480021,0.0260905958712101,0.010943280532956123,0.9447302222251892,0.0062570953741669655,0.0018223640508949757,0.0016962253721430898,0.0013641022378578782
resnet50_linear,translation_16_left,test_00269,269,7,monkey,7,monkey,0.9923445582389832,True,2.835559644154273e-05,0.0011420578230172396,1.0625239156070165e-05,0.0007058777846395969,0.0010571242310106754,0.004233688116073608,0.0004340885207056999,0.9923445582389832,2.354203024879098e-05,2.012516233662609e-05
resnet50_linear,translation_16_left,test_01703,1703,7,monkey,7,monkey,0.9283477663993835,True,0.0002912889758590609,0.00516297435387969,0.0004484835371840745,0.041073884814977646,0.009941036812961102,0.011025048792362213,0.0024641957134008408,0.9283477663993835,0.0005770616699010134,0.0006682901876047254
resnet50_linear,translation_16_left,test_07776,7776,5,dog,5,dog,0.9817777872085571,True,5.8251283917343244e-05,0.0005564403836615384,0.0001041260693455115,0.0037779028061777353,0.0007853678544051945,0.9817777872085571,0.007975541986525059,0.004776549991220236,0.00012937757128383964,5.877038711332716e-05
resnet50_linear,translation_16_left,test_03891,3891,4,deer,4,deer,0.9968132376670837,True,5.45469083590433e-06,0.0023202088195830584,6.543456493091071e-06,0.0005545905441977084,0.9968132376670837,4.253608494764194e-05,0.00018907424237113446,5.123007940710522e-05,1.1364541023795027e-05,5.704322575184051e-06
resnet50_linear,translation_16_left,test_07009,7009,0,airplane,0,airplane,0.9884578585624695,True,0.9884578585624695,0.0004054667369928211,0.0006673855823464692,0.00017685846250969917,0.00043022105819545686,0.00046600622590631247,0.0004925960092805326,0.0002940600679721683,0.0022551240399479866,0.006354342680424452
resnet50_linear,translation_16_left,test_04893,4893,0,airplane,0,airplane,0.9969255328178406,True,0.9969255328178406,0.0014006462879478931,7.164065755205229e-05,0.00019119156058877707,0.00041638605762273073,0.0002967907930724323,8.568010525777936e-05,0.00020434678299352527,0.0002576260012574494,0.0001500652579125017
resnet50_linear,translation_16_left,test_02351,2351,9,truck,9,truck,0.9958798885345459,True,0.0002814154722727835,0.00019868582603521645,0.0014451331226155162,0.0004424585495144129,7.511604781029746e-05,0.0004850229015573859,0.00021450345229823142,0.00028589513385668397,0.0006919153966009617,0.9958798885345459
resnet50_linear,translation_16_left,test_03550,3550,1,bird,1,bird,0.9813666343688965,True,0.0006017650011926889,0.9813666343688965,1.1336775969539303e-05,0.004580369219183922,0.004338436760008335,0.0008526549208909273,0.006978802382946014,0.00036953104427084327,0.000892951968125999,7.616248240083223e-06
resnet50_linear,translation_16_left,test_05719,5719,7,monkey,7,monkey,0.9903754591941833,True,0.0009397584362886846,0.0010882861679419875,0.0008773147710599005,0.0007922364166006446,0.0009592938586138189,0.002416457748040557,0.0014712699921801686,0.9903754591941833,0.000537955027539283,0.0005418896907940507
resnet50_linear,translation_16_left,test_01884,1884,7,monkey,7,monkey,0.9884893298149109,True,0.00016434529970865697,0.00467334222048521,0.0001722705055726692,0.0006421071011573076,0.0049296775832772255,0.00022609227744396776,0.0005365885444916785,0.9884893298149109,0.00010231365013169125,6.401361315511167e-05
resnet50_linear,translation_16_left,test_02898,2898,4,deer,4,deer,0.9948498606681824,True,0.00014497924712486565,5.061868068878539e-05,8.845339471008629e-05,0.00018806045409291983,0.9948498606681824,3.34969736286439e-05,0.0045485771261155605,1.65698893397348e-05,5.340436109690927e-05,2.5990051653934643e-05
resnet50_linear,translation_16_left,test_04640,4640,1,bird,1,bird,0.4996652603149414,True,0.00013566618144977838,0.4996652603149414,3.672772436402738e-05,0.0015171513659879565,0.0032098237425088882,0.00015050153888296336,9.261586819775403e-05,0.49414587020874023,0.0009824224980548024,6.390467751771212e-05
resnet50_linear,translation_16_left,test_07610,7610,4,deer,4,deer,0.9909235835075378,True,0.0004602953849826008,0.0007068616105243564,0.00016612738545518368,0.0009802707936614752,0.9909235835075378,0.0004884017398580909,0.005108105018734932,0.00022200385865289718,0.0007930575520731509,0.00015133240958675742
resnet50_linear,translation_16_left,test_01833,1833,8,ship,8,ship,0.9782677888870239,True,0.002129725646227598,0.002854778664186597,0.00282714213244617,0.0019044331274926662,0.0020565111190080643,0.0017594231758266687,0.0006730357999913394,0.0012245724210515618,0.9782677888870239,0.006302707828581333
resnet50_linear,translation_16_left,test_06455,6455,0,airplane,0,airplane,0.9327251315116882,True,0.9327251315116882,0.0008627214119769633,0.0004632752970792353,0.00013824804045725614,0.004754715599119663,0.0003965534851886332,0.0013740380527451634,9.599075565347448e-05,0.05324432998895645,0.005945118609815836
resnet50_linear,translation_16_left,test_03893,3893,9,truck,9,truck,0.9893569350242615,True,8.098199759842828e-05,8.349896233994514e-05,0.009535267949104309,6.40566649963148e-05,6.79975637467578e-05,0.0001897309994092211,0.00012611802958417684,3.30141992890276e-05,0.00046241359086707234,0.9893569350242615
resnet50_linear,translation_16_left,test_04731,4731,6,horse,6,horse,0.995015561580658,True,0.00013297874829731882,9.634532761992887e-05,0.000385931198252365,0.0007923137745819986,0.00034424266777932644,0.0016797813586890697,0.995015561580658,0.0004070810682605952,0.0005842333193868399,0.0005616802372969687
resnet50_linear,translation_16_left,test_00929,929,6,horse,5,dog,0.6637490391731262,False,8.25330334919272e-06,3.90838467865251e-05,4.8000514652812853e-05,0.0005432623438537121,0.0003510945534799248,0.6637490391731262,0.3352119028568268,3.8194273656699806e-05,4.731755325337872e-06,6.441676760005066e-06
resnet50_linear,translation_16_left,test_03962,3962,6,horse,6,horse,0.994620680809021,True,1.67989401234081e-05,3.7883462937315926e-05,3.6577133869286627e-05,3.456359263509512e-05,0.0011989253107458353,0.003845836268737912,0.994620680809021,0.00019142910605296493,8.878544576873537e-06,8.312993486470077e-06
resnet50_linear,translation_16_left,test_03778,3778,3,cat,3,cat,0.9539752006530762,True,0.002626709872856736,0.0056265429593622684,0.003996219485998154,0.9539752006530762,0.002103511244058609,0.01572810672223568,0.0012094358680769801,0.006693694274872541,0.0033335527405142784,0.0047070337459445
resnet50_linear,translation_16_left,test_01429,1429,4,deer,4,deer,0.9598528146743774,True,1.3281643987284042e-05,0.00017837576160673052,1.0301001566404011e-05,0.02764340303838253,0.9598528146743774,0.005777768325060606,0.006308350712060928,0.0001519373181508854,5.37934793101158e-05,9.837817742663901e-06
resnet50_linear,translation_16_left,test_00049,49,2,car,2,car,0.9913215041160583,True,0.0012563271448016167,0.0011575951939448714,0.9913215041160583,0.0006910106167197227,0.0004890342243015766,0.0006991125992499292,0.000613710202742368,0.00046733487397432327,0.0013868374517187476,0.0019176340429112315
resnet50_linear,translation_16_left,test_00276,276,9,truck,9,truck,0.9989977478981018,True,7.326353079406545e-05,8.001746209629346e-06,0.0006881116423755884,2.6397090550744906e-05,1.7677959476714022e-05,1.1037902368116193e-05,0.0001253811497008428,5.54162215848919e-06,4.6882934839231893e-05,0.9989977478981018
resnet50_linear,translation_16_left,test_06076,6076,1,bird,1,bird,0.9975626468658447,True,0.00015320052625611424,0.9975626468658447,9.654481254983693e-05,0.0002764714299701154,0.0008616815321147442,0.00015908441855572164,0.00010149333684239537,0.0005912496708333492,0.0001603004930075258,3.7380315916379914e-05
resnet50_linear,translation_16_left,test_01389,1389,0,airplane,0,airplane,0.9895555377006531,True,0.9895555377006531,0.0014779111370444298,0.0008161104051396251,0.0005468229646794498,0.0005787258269265294,0.0005052181659266353,0.00035448631388135254,0.000812661659438163,0.002752818400040269,0.0025998179335147142
resnet50_linear,translation_16_left,test_03362,3362,2,car,2,car,0.9958861470222473,True,0.0014098412357270718,0.0003632589941844344,0.9958861470222473,0.0004052100994158536,0.0001549287117086351,0.00029754950082860887,0.0003468000504653901,0.00019284867448732257,0.0003612004511523992,0.0005823848769068718
resnet50_linear,translation_16_left,test_00317,317,2,car,2,car,0.9980997443199158,True,9.900225995806977e-05,0.00018055537657346576,0.9980997443199158,7.516232290072367e-05,9.261642844649032e-05,7.941319927340373e-05,0.00015106670616660267,9.074273111764342e-05,7.467810792149976e-05,0.0010569390142336488
resnet50_linear,translation_16_left,test_04675,4675,0,airplane,0,airplane,0.9902971386909485,True,0.9902971386909485,0.003763857064768672,0.0002513400395400822,0.0012742269318550825,0.0009025734616443515,0.0008713612332940102,0.0003160409105475992,0.0007837529992684722,0.0010521564399823546,0.0004874556907452643
resnet50_linear,translation_16_left,test_05924,5924,5,dog,5,dog,0.9817963242530823,True,0.00021286185074131936,0.00040336110396310687,8.721881022211164e-05,0.002256174571812153,0.0016902367351576686,0.9817963242530823,0.010203356854617596,0.003182010492309928,0.00010809578088810667,6.025175753165968e-05
resnet50_linear,translation_16_left,test_00198,198,1,bird,1,bird,0.9982722997665405,True,5.311089807946701e-07,0.9982722997665405,3.453786121099256e-06,0.0008861505193635821,0.0007625290891155601,1.4671109966002405e-05,3.7415200040413765e-06,4.998208169126883e-05,4.79231812278158e-06,2.052543322861311e-06
resnet50_linear,translation_16_left,test_07779,7779,6,horse,6,horse,0.9997828602790833,True,3.016476330230944e-05,1.2444407957445947e-06,5.498846803675406e-06,7.796844556651195e-07,0.00014914145867805928,3.2448397178086452e-06,0.9997828602790833,8.653215104459377e-07,5.545903150050435e-06,2.0671841411967762e-05
resnet50_linear,translation_16_left,test_04054,4054,4,deer,4,deer,0.9904184937477112,True,7.345971243921667e-05,0.00023183396842796355,7.137397187761962e-05,0.0003651645383797586,0.9904184937477112,5.347932892618701e-05,0.008132126182317734,0.0005631382227875292,3.792965071625076e-05,5.305920058162883e-05
resnet50_linear,translation_16_left,test_05556,5556,4,deer,4,deer,0.9681716561317444,True,0.0007475377060472965,0.0008470792672596872,0.0004829817917197943,0.0003068989026360214,0.9681716561317444,0.00011587440531002358,0.02809661440551281,0.0005010940367355943,0.00043051541433669627,0.0002997512638103217
resnet50_linear,translation_16_left,test_02687,2687,1,bird,1,bird,0.9995087385177612,True,7.359302003351331e-07,0.9995087385177612,7.273826554410334e-07,4.301859735278413e-05,0.0003971562546212226,2.9976879886817187e-05,1.1196692867088132e-05,7.256010576384142e-06,1.0059126225314685e-06,2.652647879131109e-07
resnet50_linear,translation_16_left,test_01202,1202,2,car,2,car,0.9921044111251831,True,0.0006521713803522289,0.0015488663921132684,0.9921044111251831,0.00041745914495550096,0.0007496069883927703,0.0012128691887483,0.0010740590514615178,0.0006816360983066261,0.00048339454224333167,0.0010755780385807157
resnet50_linear,translation_16_left,test_00097,97,5,dog,5,dog,0.8792954683303833,True,0.00017762593051884323,0.002067730063572526,0.00014743581414222717,0.06881286948919296,0.019566358998417854,0.8792954683303833,0.02785962074995041,0.001890162006020546,9.355222573503852e-05,8.918459207052365e-05
resnet50_linear,translation_16_left,test_06033,6033,4,deer,4,deer,0.9789156317710876,True,0.0023128751199692488,0.0020421070512384176,0.0017399971839040518,0.004139427561312914,0.9789156317710876,0.001755651319399476,0.0037473009433597326,0.0018732064636424184,0.0026200797874480486,0.0008536229724995792
resnet50_linear,translation_16_left,test_01711,1711,7,monkey,7,monkey,0.9965139031410217,True,3.382906288607046e-05,0.0014191988157108426,6.520411989185959e-05,0.0004324247711338103,0.00012687042180914432,0.00039521398139186203,0.0009304005070589483,0.9965139031410217,4.3242947867838666e-05,3.9851256588008255e-05
resnet50_linear,translation_16_left,test_01430,1430,9,truck,9,truck,0.9945606589317322,True,0.00043511830153875053,5.3448948165168986e-05,0.00040593065205030143,0.00015652722504455596,0.00015669644926674664,3.7430425436468795e-05,0.0001686488394625485,2.7550813683774322e-05,0.003998038824647665,0.9945606589317322
resnet50_linear,translation_16_left,test_00739,739,8,ship,8,ship,0.9968535304069519,True,0.0004113503382541239,0.00025106582324951887,0.0002968970511574298,0.00015990172687452286,0.00016145168046932667,0.0002687567030079663,0.00011753590661101043,0.00018093165999744087,0.9968535304069519,0.0012986103538423777
resnet50_linear,translation_16_left,test_03491,3491,1,bird,1,bird,0.9912761449813843,True,9.615641465643421e-05,0.9912761449813843,1.1974273547821213e-05,0.0010415754513815045,0.007309309206902981,4.929606802761555e-05,7.28910745237954e-05,1.457198777643498e-05,0.00011801571235992014,1.0068340088764671e-05
resnet50_linear,translation_16_left,test_01568,1568,1,bird,1,bird,0.9235650897026062,True,1.387163320032414e-05,0.9235650897026062,1.934780812007375e-05,0.06748960167169571,0.005878281779587269,0.0028816056437790394,7.793516124365851e-05,5.615536429104395e-05,1.660294583416544e-05,1.405985699420853e-06
resnet50_linear,translation_16_left,test_01211,1211,4,deer,4,deer,0.9416987299919128,True,0.0001722046290524304,0.0006136258598417044,0.00015411067579407245,0.0002975267416331917,0.9416987299919128,0.00014291686238721013,0.05627240985631943,0.0001489231362938881,0.0004059282364323735,9.361951379105449e-05
resnet50_linear,translation_16_left,test_04913,4913,2,car,2,car,0.9978740215301514,True,0.00032730697421357036,0.00018156463920604438,0.9978740215301514,0.000207173841772601,9.39909732551314e-05,0.00010155803465750068,0.0001433997822459787,9.653553570387885e-05,0.00010834319255081937,0.0008659890736453235
resnet50_linear,translation_16_left,test_02502,2502,2,car,2,car,0.9920492768287659,True,0.000574568344745785,0.0008228456135839224,0.9920492768287659,0.00032314201234839857,0.0004672671784646809,0.0010164417326450348,0.001009973930194974,0.0002859419910237193,0.0005666340002790093,0.002884048968553543
resnet50_linear,translation_16_left,test_02539,2539,3,cat,3,cat,0.9986249208450317,True,1.7211719750775956e-05,1.635436092328746e-05,8.179938049579505e-06,0.9986249208450317,6.567204400198534e-05,0.0005158997955732048,4.546772288449574e-06,2.8087258669984294e-06,0.0007363857585005462,7.901998287707102e-06
resnet50_linear,translation_16_left,test_00979,979,3,cat,3,cat,0.9999507665634155,True,2.692514158297854e-07,3.299320815131068e-05,1.9293145214760443e-06,0.9999507665634155,9.337441611023678e-07,7.638035640411545e-06,2.398198603259516e-06,1.8633317040439579e-06,1.01678881492262e-06,1.1831146906615686e-07
resnet50_linear,translation_16_left,test_06354,6354,2,car,2,car,0.9998350143432617,True,1.1711380238921265e-06,4.254108716850169e-06,0.9998350143432617,7.252933301060693e-06,7.256586741277715e-06,7.166458999563474e-06,2.1263283997541294e-05,3.151416763103043e-07,9.983318705053534e-06,0.00010616728104650974
resnet50_linear,translation_16_left,test_04735,4735,2,car,2,car,0.983744204044342,True,0.002076459350064397,0.0004100173246115446,0.983744204044342,0.000526184041518718,0.0003422074078116566,0.0007847060915082693,0.0002935066295322031,0.00044602350681088865,0.0031292736530303955,0.008247477933764458
resnet50_linear,translation_16_left,test_05912,5912,0,airplane,0,airplane,0.999723494052887,True,0.999723494052887,3.801799175562337e-05,8.500720468873624e-06,3.3110345611930825e-06,5.146134935785085e-05,1.1342571269779e-05,1.8113971236743964e-05,5.3792209655512124e-06,0.00011563928273972124,2.4788301743683405e-05
resnet50_linear,translation_16_left,test_03844,3844,6,horse,6,horse,0.9961724877357483,True,0.0001622047129785642,0.0002460936375427991,0.00019962998339906335,0.0004657103563658893,0.0011591182556003332,0.0009433176601305604,0.9961724877357483,0.00024813617346808314,0.0002083409344777465,0.00019502954091876745
resnet50_linear,translation_16_left,test_01263,1263,3,cat,3,cat,0.9927991628646851,True,8.148734195856377e-05,0.0003816320386249572,7.083687523845583e-05,0.9927991628646851,0.005699697881937027,0.00037016093847341835,0.00015190454723779112,0.000364068167982623,5.019442323828116e-05,3.082230614381842e-05
resnet50_linear,translation_16_left,test_03404,3404,7,monkey,7,monkey,0.9869673848152161,True,0.0007286214386112988,0.00262404209934175,0.0007469192496500909,0.001440374762751162,0.0010820303577929735,0.003326521022245288,0.0016431848052889109,0.9869673848152161,0.0007325682090595365,0.0007084261160343885
resnet50_linear,translation_16_left,test_03905,3905,8,ship,8,ship,0.9671811461448669,True,0.0054770298302173615,0.007955522276461124,0.002464511664584279,0.003450116841122508,0.0022021192125976086,0.00296383467502892,0.0024756467901170254,0.0024336131755262613,0.9671811461448669,0.0033964558970183134
resnet50_linear,translation_16_left,test_01596,1596,0,airplane,0,airplane,0.9285025000572205,True,0.9285025000572205,0.0008054772624745965,0.0005327279795892537,0.00018234027083963156,0.0003436353581491858,0.0006073449039831758,0.0005242705810815096,0.0006939656450413167,0.06763724237680435,0.00017049977032002062
resnet50_linear,translation_16_left,test_03083,3083,0,airplane,0,airplane,0.9867494702339172,True,0.9867494702339172,0.0003682175592985004,0.00021470362844411284,2.6265164706273936e-05,0.00023837412300053984,0.00026150906342081726,0.0008175058756023645,0.00019270188931841403,0.01107661984860897,5.477243030327372e-05
resnet50_linear,translation_16_left,test_02003,2003,6,horse,6,horse,0.9971550703048706,True,3.698375803651288e-05,7.272244693012908e-05,7.909108535386622e-05,4.5748616685159504e-05,0.0023515280336141586,0.0001454871380701661,0.9971550703048706,4.980293306289241e-05,3.0159622838255018e-05,3.3349675504723564e-05
resnet50_linear,translation_16_left,test_05030,5030,2,car,2,car,0.995310366153717,True,0.00033309400896541774,0.0006833531078882515,0.995310366153717,0.0003276291536167264,8.739372424315661e-05,0.00037866609636694193,0.0003497386060189456,0.0002628976362757385,0.0002998854033648968,0.001966934883967042
resnet50_linear,translation_16_left,test_00095,95,1,bird,1,bird,0.9993374943733215,True,3.5863547964254394e-05,0.9993374943733215,2.9954657293274067e-05,0.00011124464799650013,8.923537825467065e-05,0.00010242044663755223,4.2770509026013315e-05,0.0001496522017987445,8.360214269487187e-05,1.7728989405441098e-05
resnet50_linear,translation_16_left,test_02757,2757,4,deer,4,deer,0.9846477508544922,True,9.379140465171076e-06,0.00025920840562321246,8.00623183749849e-06,0.005455183330923319,0.9846477508544922,0.0015182953793555498,0.007431670557707548,0.0006589642143808305,9.659560419095214e-06,1.9499332211125875e-06
resnet50_linear,translation_16_left,test_03413,3413,1,bird,1,bird,0.9996960163116455,True,4.381504368211608e-06,0.9996960163116455,7.848854693293106e-06,4.8993300879374146e-05,0.00015454810636583716,2.3947324734763242e-05,1.1401157280488405e-05,4.374346463009715e-05,6.930792551429477e-06,2.1962321170576615e-06
resnet50_linear,translation_16_left,test_05488,5488,1,bird,7,monkey,0.9381234645843506,False,0.0014562115538865328,0.03661980479955673,0.001347726327367127,0.0054406533017754555,0.0016840121243149042,0.009984985925257206,0.0020895604975521564,0.9381234645843506,0.0019277433166280389,0.0013258071849122643
resnet50_linear,translation_16_left,test_04827,4827,6,horse,6,horse,0.9998940229415894,True,1.9054266886087134e-05,9.895542461890727e-06,2.8760056011378765e-05,1.4903575902280863e-06,2.780627619358711e-05,6.06431285632425e-06,0.9998940229415894,1.1461444273663801e-06,2.0635322925954824e-06,9.600568773748819e-06
resnet50_linear,translation_16_left,test_01877,1877,5,dog,5,dog,0.9657707810401917,True,0.0007119316142052412,0.0025428913068026304,0.0002900678082369268,0.011437583714723587,0.00887339562177658,0.9657707810401917,0.007185990922152996,0.002897179452702403,0.00012806369340978563,0.00016212021000683308
resnet50_linear,translation_16_left,test_02157,2157,1,bird,1,bird,0.9999915361404419,True,9.453349747445827e-08,0.9999915361404419,7.462553242021386e-09,2.4366634079342475e-06,4.0603254092275165e-06,5.265125935238757e-08,9.058086902768991e-08,1.768141601132811e-06,6.334618607439779e-09,3.6114502499628998e-09
resnet50_linear,translation_16_left,test_04821,4821,3,cat,3,cat,0.9937776327133179,True,9.899503493215889e-05,0.000864463101606816,0.00010932720033451915,0.9937776327133179,0.0009758707019500434,0.001382507267408073,0.000709593528881669,0.0019994848407804966,6.201121868798509e-05,2.0089402823941782e-05
resnet50_linear,translation_16_left,test_04953,4953,5,dog,5,dog,0.9889504313468933,True,0.00016203454288188368,0.0012172054266557097,5.312135544954799e-05,0.006113650742918253,0.0010073045268654823,0.9889504313468933,0.0008591407677158713,0.0011713991407305002,0.00038709185901097953,7.863385690143332e-05
resnet50_linear,translation_16_left,test_05525,5525,8,ship,8,ship,0.9782875180244446,True,0.02069743163883686,0.00018353143241256475,2.74573358183261e-05,0.00018926111806649715,7.925911631900817e-05,0.0003190507413819432,6.448337808251381e-05,9.406052413396537e-05,0.9782875180244446,5.792635420220904e-05
resnet50_linear,translation_16_left,test_05381,5381,5,dog,5,dog,0.7641907930374146,True,0.00023363502987194806,0.0003495968412607908,4.746119429910323e-06,0.0003917354915756732,0.002296657767146826,0.7641907930374146,0.23240920901298523,4.104258550796658e-05,4.3980980990454555e-05,3.855395698337816e-05
resnet50_linear,translation_16_left,test_00672,672,3,cat,3,cat,0.9995982050895691,True,7.12224107246584e-07,0.00010290091449860483,1.3559495073423022e-06,0.9995982050895691,0.00026474351761862636,3.526274213072611e-06,2.7751707420975436e-06,2.0030340238008648e-05,5.121068625157932e-06,6.233707381397835e-07
resnet50_linear,translation_16_left,test_00323,323,7,monkey,7,monkey,0.9974205493927002,True,3.1784333259565756e-05,9.748180309543386e-05,2.0662902898038737e-05,0.001363102113828063,0.00019862140470650047,0.0005837757489643991,0.00024147027579601854,0.9974205493927002,2.5414350602659397e-05,1.7145837773568928e-05
resnet50_linear,translation_16_left,test_05436,5436,7,monkey,7,monkey,0.9624322056770325,True,0.0020366383250802755,0.00694167148321867,0.003299863776192069,0.0067037479020655155,0.0031313342042267323,0.006164407357573509,0.003563567530363798,0.9624322056770325,0.002735889283940196,0.0029906968120485544
resnet50_linear,translation_16_left,test_05450,5450,7,monkey,7,monkey,0.991326630115509,True,0.0008105038432404399,0.001678055850788951,0.000886645691934973,0.0011316754389554262,0.0005513399955816567,0.0013572608586400747,0.0009400363778695464,0.991326630115509,0.000814283499494195,0.0005036219954490662
resnet50_linear,translation_16_left,test_06358,6358,5,dog,5,dog,0.92696613073349,True,3.889816071023233e-06,2.207275065302383e-05,8.413692739850376e-06,0.02504141815006733,0.003093354171141982,0.92696613073349,0.0447780042886734,7.995344640221447e-05,4.4249818529351614e-06,2.2598915165872313e-06
resnet50_linear,translation_16_left,test_00372,372,3,cat,3,cat,0.999778687953949,True,1.850379021561821e-06,2.8086464226362295e-05,4.6547478405045695e-07,0.999778687953949,0.00015357424854300916,1.8577549781184644e-05,1.4660943634225987e-05,2.6128243462153478e-06,1.1339210459482274e-06,2.0516577592388785e-07
resnet50_linear,translation_16_left,test_00378,378,5,dog,5,dog,0.9904474020004272,True,0.00018250169523525983,0.00048001331742852926,0.00014130532508715987,0.006500754971057177,0.0004897172329947352,0.9904474020004272,0.0004797265864908695,0.0010674473596736789,9.226157271768898e-05,0.00011884086416102946
resnet50_linear,translation_16_left,test_07706,7706,5,dog,5,dog,0.9709775447845459,True,7.97438551671803e-05,0.0007114287582226098,4.8952348151942715e-05,0.010640207678079605,8.790960418991745e-05,0.9709775447845459,0.016221193596720695,0.0011840901570394635,2.6302725018467754e-05,2.2658696252619848e-05
resnet50_linear,translation_16_left,test_02178,2178,1,bird,1,bird,0.9999756813049316,True,3.968263627029955e-06,0.9999756813049316,1.2078150746219762e-07,6.133299734756292e-07,1.55406778503675e-05,1.1189255246790708e-06,4.996771849619108e-07,3.950156610699196e-07,2.1475123048730893e-06,1.3076667926270602e-07
resnet50_linear,translation_16_left,test_05237,5237,2,car,2,car,0.9693520665168762,True,0.004919375292956829,0.0042282938957214355,0.9693520665168762,0.0023290151730179787,0.0012358329258859158,0.002587541937828064,0.004821070935577154,0.0028155541513115168,0.001267034444026649,0.006444222293794155
resnet50_linear,translation_16_left,test_05478,5478,0,airplane,0,airplane,0.9777912497520447,True,0.9777912497520447,0.0003664717369247228,0.000960008124820888,0.00016800497542135417,0.0029968884773552418,0.0017427646089345217,0.0031216086354106665,0.00023660165606997907,0.008429416455328465,0.004186983220279217
resnet50_linear,translation_16_left,test_05452,5452,9,truck,9,truck,0.9850354194641113,True,0.0010883816285058856,0.00011379250645404682,0.0009880177676677704,0.0008708472596481442,3.4367258194833994e-05,0.00013659072283189744,0.0001512332382844761,3.173781078658067e-05,0.011549561284482479,0.9850354194641113
resnet50_linear,translation_16_left,test_05623,5623,4,deer,4,deer,0.9413115382194519,True,0.0007231757044792175,0.001882527838461101,0.0002989698841702193,0.023232363164424896,0.9413115382194519,0.013547027483582497,0.0134583106264472,0.004457913339138031,0.0007613172056153417,0.0003269064472988248
resnet50_linear,translation_16_left,test_06772,6772,7,monkey,7,monkey,0.9869042038917542,True,0.00010570340236881748,0.0012123486958444118,4.115472256671637e-05,0.006194173824042082,0.003434099955484271,0.0005916781374253333,0.0014461553655564785,0.9869042038917542,3.3677297324175015e-05,3.6867255403194577e-05
resnet50_linear,translation_16_left,test_01111,1111,4,deer,4,deer,0.8999088406562805,True,0.0037701157853007317,0.002493237378075719,0.0008901169057935476,0.0014012361643835902,0.8999088406562805,0.0009175366722047329,0.0864613801240921,0.00251209014095366,0.0010167654836550355,0.0006286310381256044
resnet50_linear,translation_16_left,test_05528,5528,3,cat,5,dog,0.5984745025634766,False,1.5837589671718888e-05,2.6680949304136448e-05,1.2131526091252454e-05,0.4011441171169281,4.1231949580833316e-05,0.5984745025634766,0.00011679482850013301,6.660876533715054e-05,8.295052248286083e-05,1.9147282728226855e-05
resnet50_linear,translation_16_left,test_03777,3777,6,horse,6,horse,0.990234375,True,0.00043976784218102694,0.001208167988806963,0.0008710393449291587,0.00030942741432227194,0.004755997098982334,0.00038340408354997635,0.990234375,0.0005563540617004037,0.0004624943248927593,0.0007789400988258421
resnet50_linear,translation_16_left,test_02458,2458,5,dog,5,dog,0.9854170680046082,True,6.268735160119832e-05,0.00038868506089784205,7.184617425082251e-05,0.004154865629971027,0.005696817766875029,0.9854170680046082,0.0020071156322956085,0.0014597997069358826,0.0002845940471161157,0.00045650271931663156
resnet50_linear,translation_16_left,test_04921,4921,2,car,2,car,0.9985889792442322,True,4.840229667024687e-05,3.188271512044594e-05,0.9985889792442322,4.68602629553061e-05,6.0845599364256486e-05,1.9871178665198386e-05,4.096023985766806e-05,1.5340443496825173e-05,3.504340202198364e-05,0.0011118465336039662
resnet50_linear,translation_16_left,test_03015,3015,8,ship,8,ship,0.9990686774253845,True,0.00022766937036067247,2.5862647817120887e-05,4.419965625857003e-05,2.1288688003551215e-05,1.7705164282233454e-05,1.996872015297413e-05,1.0405857210571412e-05,8.879846973286476e-06,0.9990686774253845,0.0005553523078560829
resnet50_linear,translation_16_left,test_07476,7476,8,ship,8,ship,0.9623845815658569,True,0.03503084182739258,3.442884917603806e-05,0.00011028090375475585,5.702173075405881e-05,0.0003521896433085203,0.0004126022395212203,0.00010420117905596271,3.1818683055462316e-05,0.9623845815658569,0.001482048537582159
resnet50_linear,translation_16_left,test_01520,1520,2,car,2,car,0.9982389211654663,True,7.989093865035102e-05,4.2031890188809484e-05,0.9982389211654663,0.00046513706911355257,6.246717384783551e-05,0.00020509895693976432,0.00012877480185125023,3.243388709961437e-05,0.00016633846098557115,0.0005787242553196847
resnet50_linear,translation_16_left,test_06713,6713,6,horse,6,horse,0.9587433338165283,True,0.0033888232428580523,0.0004271582292858511,0.0029925846029073,0.0010173923801630735,0.0038340988103300333,0.023041633889079094,0.9587433338165283,0.004047658294439316,0.00024271324218716472,0.0022647022269666195
resnet50_linear,translation_16_left,test_01852,1852,1,bird,1,bird,0.9999686479568481,True,4.306538357923273e-06,0.9999686479568481,4.2095206254089135e-07,1.9585529571486404e-06,1.7555206795805134e-05,2.737438990152441e-06,7.84979306445166e-07,3.3075869509957556e-07,3.0033247639948968e-06,2.2789105003084842e-07
resnet50_linear,translation_16_left,test_02268,2268,5,dog,5,dog,0.990422248840332,True,9.666213009040803e-05,0.0002305322850588709,0.00010188497981289402,0.007588639389723539,9.944522025762126e-05,0.990422248840332,0.00031472035334445536,0.0008629998192191124,9.62186386459507e-05,0.00018668077245820314
resnet50_linear,translation_16_left,test_00151,151,8,ship,8,ship,0.9751013517379761,True,0.005359189119189978,0.0021432728972285986,0.0028077252209186554,0.0018586321966722608,0.0030012440402060747,0.0026141777634620667,0.002017431892454624,0.0019287967588752508,0.9751013517379761,0.0031681896653026342
resnet50_linear,translation_16_left,test_00890,890,6,horse,6,horse,0.9973034858703613,True,5.507931564352475e-05,0.00015725615958217531,4.027733302791603e-05,0.00021770023158751428,0.0016706683672964573,0.0001760157902026549,0.9973034858703613,0.00027906065224669874,7.00217206031084e-05,3.0467359465546906e-05
resnet50_linear,translation_16_left,test_00825,825,1,bird,1,bird,0.9978475570678711,True,0.0004082443774677813,0.9978475570678711,2.9816923415637575e-05,8.782757504377514e-05,0.0002263564383611083,0.0004365752392914146,0.00018442090367898345,0.0006673269090242684,8.27252515591681e-05,2.9203649319242686e-05
resnet50_linear,translation_16_left,test_02536,2536,3,cat,3,cat,0.9845192432403564,True,5.1151833758922294e-05,0.00019526132382452488,6.928622315172106e-05,0.9845192432403564,0.014738094061613083,0.0002072710485663265,8.557779074180871e-05,7.00131495250389e-05,3.3409418392693624e-05,3.058152287849225e-05
resnet50_linear,translation_16_left,test_00470,470,2,car,2,car,0.992048442363739,True,0.0012082476168870926,0.000861306325532496,0.992048442363739,0.001042729476466775,0.00033506067120470107,0.0010670663323253393,0.0005992987425997853,0.0004466817481443286,0.0007019012118689716,0.0016893030842766166
resnet50_linear,translation_16_left,test_05256,5256,1,bird,1,bird,0.9974356293678284,True,0.0004307374474592507,0.9974356293678284,7.346909842453897e-05,0.0008758643525652587,0.0005777348414994776,9.602979844203219e-05,0.00012735355994664133,0.00026598406839184463,6.923762703081593e-05,4.7956255002645776e-05
resnet50_linear,translation_16_left,test_02011,2011,9,truck,9,truck,0.9918192625045776,True,0.00040950599941425025,0.00010425009531900287,0.0011215255362913013,0.00042360476800240576,6.813767686253414e-05,0.00015801865083631128,0.00013998553913552314,0.00011109902698080987,0.005644658114761114,0.9918192625045776
resnet50_linear,translation_16_left,test_07150,7150,0,airplane,0,airplane,0.9664556384086609,True,0.9664556384086609,0.024921532720327377,0.0004701930738519877,0.0011115249944850802,0.0013088001869618893,0.0017448196886107326,0.0007218567188829184,0.001728530041873455,0.0010323242750018835,0.0005047065205872059
resnet50_linear,translation_16_left,test_00449,449,6,horse,6,horse,0.9968249797821045,True,0.0002244865318061784,0.0002846707066055387,9.521379979560152e-05,8.581603469792753e-05,0.001669380348175764,0.000291468168143183,0.9968249797821045,4.056729085277766e-05,0.00037763791624456644,0.00010591713362373412
resnet50_linear,translation_16_left,test_02704,2704,4,deer,4,deer,0.9948241710662842,True,0.00014184640895109624,0.0002125532046193257,0.00013093937013763934,0.0024862042628228664,0.9948241710662842,0.0008708499372005463,0.000931407674215734,0.00016018090536817908,0.00016602054529357702,7.574279879918322e-05
resnet50_linear,translation_16_left,test_03437,3437,0,airplane,0,airplane,0.9969961643218994,True,0.9969961643218994,1.391643218084937e-05,2.0298808522056788e-05,9.174055776384193e-06,0.0002571182558313012,1.5499559594900347e-05,2.5158004063996486e-05,5.17347461936879e-06,0.002444292651489377,0.00021320242376532406
resnet50_linear,translation_16_left,test_03375,3375,3,cat,3,cat,0.9522262811660767,True,3.771441333810799e-05,0.0001083668612409383,2.6400864953757264e-05,0.9522262811660767,0.00020369076810311526,0.047019101679325104,0.0002374071191297844,0.00010259850387228653,1.3559500075643882e-05,2.5105637178057805e-05
resnet50_linear,translation_16_left,test_04552,4552,8,ship,8,ship,0.9840471148490906,True,0.0005121473222970963,8.942499334807508e-06,0.00012312864419072866,2.302256143593695e-05,4.764922778122127e-06,7.800202183716465e-06,6.8879758146067616e-06,9.91764068203338e-07,0.9840471148490906,0.015265220776200294
resnet50_linear,translation_16_left,test_00920,920,6,horse,6,horse,0.9896565675735474,True,1.9787124983849935e-05,6.206000398378819e-05,1.4709368770127185e-05,5.7698409364093095e-05,0.008275358937680721,0.001847593579441309,0.9896565675735474,2.6141933631151915e-05,2.7674126613419503e-05,1.2259748473297805e-05
resnet50_linear,translation_16_left,test_02242,2242,0,airplane,0,airplane,0.999663233757019,True,0.999663233757019,2.4382563424296677e-05,0.00015507437638007104,2.8337497042230098e-06,1.0664984984032344e-05,2.0551238776533864e-05,2.4086182747851126e-05,3.92960691897315e-06,8.524744771420956e-05,1.0084932910103817e-05
resnet50_linear,translation_16_left,test_02745,2745,8,ship,8,ship,0.9983392953872681,True,0.0003928094811271876,0.00023257949214894325,0.00014080181426834315,0.00014936363731976599,0.00014560700219590217,0.00012381759006530046,0.00010658892279025167,5.994157982058823e-05,0.9983392953872681,0.00030914851231500506
resnet50_linear,translation_16_left,test_01032,1032,7,monkey,7,monkey,0.9935444593429565,True,0.00040969892870634794,0.0012850989587605,0.00029263561009429395,0.001062171533703804,0.0017282410990446806,0.00047537623322568834,0.0004617025260813534,0.9935444593429565,0.00030071017681621015,0.0004399187455419451
resnet50_linear,translation_16_left,test_00365,365,3,cat,3,cat,0.983742892742157,True,7.550102600362152e-05,0.0006346715963445604,6.59413926769048e-05,0.983742892742157,0.0004085043619852513,0.014075986109673977,0.0005045774742029607,0.0003199264465365559,0.00014033073966857046,3.1681145628681406e-05
resnet50_linear,translation_16_left,test_04850,4850,5,dog,5,dog,0.9995030164718628,True,5.100644102640217e-07,2.1293421923473943e-06,3.0306860026030336e-06,0.0003517190052662045,8.201653690775856e-05,0.9995030164718628,2.496277738828212e-05,3.0468409022432752e-05,1.2029281606373843e-06,8.166445581991866e-07
resnet50_linear,translation_16_left,test_04819,4819,0,airplane,0,airplane,0.999220609664917,True,0.999220609664917,0.00012070406955899671,1.6406118447775953e-05,1.577238981553819e-05,6.817055691499263e-05,6.726142601110041e-05,0.00011259636812610552,1.6007299564080313e-05,0.00015778506349306554,0.00020479378872551024
resnet50_linear,translation_16_left,test_07338,7338,6,horse,6,horse,0.999852180480957,True,3.148680116282776e-05,1.2434124982974026e-05,7.557056051155087e-06,6.838566264377732e-07,6.767053855583072e-05,1.2574157153721899e-05,0.999852180480957,2.153736204490997e-06,6.340314939734526e-06,6.97031009622151e-06
resnet50_linear,translation_16_left,test_07372,7372,0,airplane,0,airplane,0.9669255614280701,True,0.9669255614280701,0.013517054729163647,0.0015393953071907163,0.002880426589399576,0.002112740185111761,0.0029000116046518087,0.0015173485735431314,0.004656180273741484,0.001944471732713282,0.002006959170103073
resnet50_linear,translation_16_left,test_01090,1090,1,bird,1,bird,0.9896035194396973,True,0.0019071112619712949,0.9896035194396973,0.0002963705628644675,0.0003206318069715053,0.0026380782946944237,0.0005410958547145128,0.001965227536857128,0.0016710486961528659,0.0006525337230414152,0.00040434676338918507
resnet50_linear,translation_16_left,test_05062,5062,4,deer,4,deer,0.9949744939804077,True,1.6109839634737e-05,2.8319336706772447e-05,1.5697116396040656e-05,0.00028863525949418545,0.9949744939804077,0.00010618886153679341,0.004483063705265522,6.893023964948952e-05,1.3615564967039973e-05,5.012274414184503e-06
resnet50_linear,translation_16_left,test_00981,981,2,car,2,car,0.9864814281463623,True,0.0006758080562576652,0.003613038919866085,0.9864814281463623,0.0009471403900533915,0.002610549796372652,0.0007210326730273664,0.0008657959988340735,0.0009640229400247335,0.002120229648426175,0.0010009750258177519
resnet50_linear,translation_16_left,test_05857,5857,6,horse,4,deer,0.5508339405059814,False,0.0016820741584524512,0.003332508960738778,1.3238634892331902e-05,0.002191644860431552,0.5508339405059814,0.009370303712785244,0.42874664068222046,0.0036068768240511417,0.0001849599793786183,3.767744419747032e-05
resnet50_linear,translation_16_left,test_01986,1986,1,bird,1,bird,0.9713886380195618,True,0.001477767014876008,0.9713886380195618,0.0009660142241045833,0.0012742512626573443,0.0025432242546230555,0.0024034108500927687,0.0007371925166808069,0.016347089782357216,0.0011425005504861474,0.0017200318397954106
resnet50_linear,translation_16_left,test_05560,5560,1,bird,1,bird,0.8109884858131409,True,0.01226881518959999,0.8109884858131409,0.007552581839263439,0.04032722860574722,0.014080601744353771,0.02676388807594776,0.017394477501511574,0.05200137943029404,0.014164386317133904,0.004458118695765734
resnet50_linear,translation_16_left,test_01814,1814,2,car,2,car,0.9790170788764954,True,0.0033375676721334457,0.0005465121357701719,0.9790170788764954,0.00031483417842537165,0.00048661662731319666,0.0006755532813258469,0.0012684406246989965,0.0003175180754624307,0.001720982720144093,0.012314807623624802
resnet50_linear,translation_16_left,test_00194,194,8,ship,8,ship,0.9977019429206848,True,0.0004470093408599496,0.00010126906272489578,0.0001658148248679936,0.00011030815949197859,0.00012106826761737466,0.0001147328584920615,5.146486000739969e-05,5.518220132216811e-05,0.9977019429206848,0.0011311456328257918
resnet50_linear,translation_16_left,test_01993,1993,1,bird,1,bird,0.9999610185623169,True,8.910178053156415e-07,0.9999610185623169,2.481046408320253e-07,7.669960723433178e-06,2.5695915610413067e-05,6.733642976541887e-07,2.6644687523003086e-07,2.933243649749784e-06,5.341589144336467e-07,6.817452913310262e-08
resnet50_linear,translation_16_left,test_05333,5333,2,car,2,car,0.9965264201164246,True,0.0003363212454132736,0.0001221819838974625,0.9965264201164246,0.0001944978575920686,9.095055429497734e-05,0.00018716274644248188,0.00012980145402252674,3.196165198460221e-05,0.00033229266409762204,0.002048247493803501
resnet50_linear,translation_16_left,test_04311,4311,8,ship,8,ship,0.999265730381012,True,0.0003265597333665937,5.7223092881031334e-05,1.1411464583943598e-05,4.2766743717947975e-05,5.234147101873532e-05,7.440117042278871e-05,3.6152367101749405e-05,1.883159529825207e-05,0.999265730381012,0.00011455850471975282
resnet50_linear,translation_16_left,test_07425,7425,2,car,2,car,0.9998601675033569,True,9.307618711318355e-06,5.397007043939084e-06,0.9998601675033569,7.041548542474629e-06,1.5196449567156378e-05,2.0344446966191754e-05,2.483381103957072e-05,3.906643996742787e-06,3.0041490390431136e-05,2.384757317486219e-05
resnet50_linear,translation_16_left,test_03889,3889,5,dog,5,dog,0.9905904531478882,True,2.1644871594617143e-05,4.004709990113042e-05,5.94132870901376e-05,0.002227738266810775,0.0003270031593274325,0.9905904531478882,0.004837593995034695,0.0017396771581843495,0.00013467557437252253,2.185932498832699e-05
resnet50_linear,translation_16_left,test_04308,4308,7,monkey,7,monkey,0.7768669724464417,True,0.0006137879099696875,0.13524048030376434,0.00015616747259628028,0.058551277965307236,0.02292455919086933,0.001392593258060515,0.0039550974033772945,0.7768669724464417,0.00024198973551392555,5.7006000133696944e-05
resnet50_linear,translation_16_left,test_01960,1960,4,deer,4,deer,0.5209155082702637,True,2.4311677407240495e-05,3.6439112591324374e-05,6.861708243377507e-06,0.06101452186703682,0.5209155082702637,0.40164774656295776,0.016293788328766823,5.382753806770779e-05,4.6083368943072855e-06,2.4439823391730897e-06
resnet50_linear,translation_16_left,test_04399,4399,0,airplane,0,airplane,0.9986658096313477,True,0.9986658096313477,0.0001438103208784014,0.00034881214378401637,0.0001416196464560926,0.00032772854319773614,9.815657540457323e-05,5.1665276259882376e-05,4.2145820771111175e-05,7.57449961383827e-05,0.00010456209565745667
resnet50_linear,translation_16_left,test_03191,3191,6,horse,6,horse,0.9094318151473999,True,0.00178640300873667,0.0004603256529662758,0.0004793840053025633,0.0007283430313691497,0.08081851154565811,0.0016177375800907612,0.9094318151473999,0.0012463820166885853,0.0005873600021004677,0.0028436959255486727
resnet50_linear,translation_16_left,test_01626,1626,5,dog,5,dog,0.9878857135772705,True,4.3743610149249434e-05,0.00015375505608972162,0.00010089158604387194,0.009106116369366646,0.0004080309299752116,0.9878857135772705,0.0015520849265158176,0.0006738912197761238,3.162396023981273e-05,4.4144460844108835e-05
resnet50_linear,translation_16_left,test_00176,176,3,cat,3,cat,0.9993228912353516,True,8.375457582587842e-06,6.54615432722494e-05,1.83726897375891e-05,0.9993228912353516,0.0003589530533645302,9.550129470881075e-05,8.003499533515424e-05,3.907593782059848e-05,6.718749318679329e-06,4.650702976505272e-06
resnet50_linear,translation_16_left,test_07726,7726,6,horse,6,horse,0.9977492690086365,True,5.167373728909297e-06,1.804495695978403e-05,2.1084169929963537e-06,6.06352296017576e-06,0.0009653520537540317,0.0012042116140946746,0.9977492690086365,4.744886246044189e-05,3.1185933835331525e-07,1.870030359896191e-06
resnet50_linear,translation_16_left,test_02334,2334,5,dog,5,dog,0.9986721277236938,True,8.470427928841673e-06,1.4290936633187812e-05,1.409854939993238e-05,0.0002850067976396531,0.00013770099030807614,0.9986721277236938,0.00044725416228175163,0.000413532427046448,4.041074134875089e-06,3.410593308217358e-06
resnet50_linear,translation_16_left,test_01648,1648,0,airplane,0,airplane,0.9886863231658936,True,0.9886863231658936,0.0045496332459151745,0.0003709851298481226,0.001155119389295578,0.001272309455089271,0.0007414259598590434,0.00033270480344071984,0.0010391316609457135,0.0013616241049021482,0.0004905155510641634
resnet50_linear,translation_16_left,test_06084,6084,7,monkey,7,monkey,0.9813662767410278,True,0.001360792783088982,0.0022260171826928854,0.0012844898737967014,0.00310302316211164,0.004068031907081604,0.002285995287820697,0.001728298608213663,0.9813662767410278,0.00131110695656389,0.001266054343432188
resnet50_linear,translation_16_left,test_03455,3455,0,airplane,0,airplane,0.9911921620368958,True,0.9911921620368958,0.001911182189360261,0.00014785643725190312,0.00038211580249480903,0.0008466330473311245,0.0005507665337063372,0.00022443792840931565,0.0004698953125625849,0.0038039912469685078,0.00047100751544348896
resnet50_linear,translation_16_left,test_01468,1468,9,truck,9,truck,0.9900215268135071,True,0.00030998847796581686,0.0003310602915007621,0.005840987432748079,0.00037232405156828463,0.00022545669344253838,0.0004442474455572665,0.00032565207220613956,0.00018470051873009652,0.0019440855830907822,0.9900215268135071
resnet50_linear,translation_16_left,test_01296,1296,7,monkey,7,monkey,0.9756231904029846,True,0.0001264299644390121,0.006920289248228073,4.926031033392064e-05,0.005075457040220499,0.011469182558357716,0.00014765661035198718,0.0005061128176748753,0.9756231904029846,4.445212471182458e-05,3.8024452805984765e-05
resnet50_linear,translation_16_left,test_05213,5213,4,deer,4,deer,0.9375846982002258,True,0.001011817716062069,0.0018322690157219768,0.00042244314681738615,0.0018917913548648357,0.9375846982002258,0.0017080759862437844,0.05241316556930542,0.0024578915908932686,0.0004470560816116631,0.00023072068870533258
resnet50_linear,translation_16_left,test_07047,7047,9,truck,9,truck,0.9966651797294617,True,0.00032253508106805384,0.000382247002562508,0.00043429495417512953,0.0004708669148385525,0.00015219170018099248,0.0003400647547096014,0.00023402395891025662,0.0005658232839778066,0.00043277800432406366,0.9966651797294617
resnet50_linear,translation_16_left,test_05360,5360,9,truck,9,truck,0.9941571950912476,True,8.661018364364281e-05,3.013719106093049e-05,0.005015952978283167,6.127119559096172e-05,1.621198134671431e-05,3.2365929655497894e-05,4.2593819671310484e-05,2.077871249639429e-05,0.0005368852289393544,0.9941571950912476
resnet50_linear,translation_16_left,test_05824,5824,2,car,2,car,0.9984872341156006,True,8.505026198690757e-05,0.0001225570886163041,0.9984872341156006,0.00027266223332844675,0.0003275952476542443,0.00012813371722586453,4.8294135922333226e-05,5.1186394557589665e-05,0.00014464337436947972,0.0003327214508317411
resnet50_linear,translation_16_left,test_07460,7460,8,ship,8,ship,0.8091626763343811,True,0.0009287801804021001,1.941901064128615e-05,0.0009099026210606098,0.00026670872466638684,1.4582361473003402e-05,2.9335426006582566e-05,1.5383282516268082e-05,2.5841172828222625e-06,0.8091626763343811,0.18865057826042175
resnet50_linear,translation_16_left,test_04791,4791,7,monkey,7,monkey,0.988195538520813,True,0.0005519422702491283,0.0034315763041377068,0.0007150481105782092,0.002263373229652643,0.0014216741546988487,0.00180072954390198,0.00074766855686903,0.988195538520813,0.0004038453917019069,0.0004685957683250308
resnet50_linear,translation_16_left,test_06692,6692,2,car,2,car,0.9854403138160706,True,0.0013865632936358452,0.0005002708057872951,0.9854403138160706,0.0003340303082950413,0.0002385599073022604,0.0009372677886858582,0.0004859715700149536,0.0002062918501906097,0.006386343855410814,0.004084376618266106
resnet50_linear,translation_16_left,test_06931,6931,9,truck,9,truck,0.9735631942749023,True,0.014680834487080574,0.001081374241039157,0.0011467576259747148,0.0006859053391963243,0.0025306888855993748,0.0005708534154109657,0.0010311423102393746,0.0012543501798063517,0.0034548973198980093,0.9735631942749023
resnet50_linear,translation_16_left,test_00667,667,8,ship,8,ship,0.9963588118553162,True,0.002036021091043949,0.00027971298550255597,0.0001535729388706386,0.00012630024866666645,0.00014461528917308897,0.00019841337052639574,8.739197801332921e-05,7.705455936957151e-05,0.9963588118553162,0.0005379985086619854
resnet50_linear,translation_16_left,test_07781,7781,6,horse,6,horse,0.9953730702400208,True,7.1148815550259314e-06,9.080224845092744e-05,5.733708803745685e-06,0.00014684349298477173,0.000930794863961637,0.002375329378992319,0.9953730702400208,0.0010662765707820654,1.5282431604646263e-06,2.5300250854343176e-06
resnet50_linear,translation_16_left,test_07793,7793,3,cat,7,monkey,0.5408692359924316,False,3.988408207078464e-05,0.000187710378668271,6.4423566072946414e-06,0.015066225081682205,9.491951641393825e-05,0.4419451057910919,0.0017547491006553173,0.5408692359924316,3.20585495501291e-05,3.6992730656493222e-06
resnet50_linear,translation_16_left,test_01411,1411,9,truck,9,truck,0.9924662709236145,True,0.004790784325450659,0.0002220167953055352,0.0009093040134757757,0.00023916848294902593,0.00013591276365332305,7.393727719318122e-05,0.0005036173388361931,5.4247098887572065e-05,0.0006046812632121146,0.9924662709236145
resnet50_linear,translation_16_left,test_01473,1473,7,monkey,7,monkey,0.9811317920684814,True,0.0007077884511090815,0.004051383584737778,0.0006797108217142522,0.005531533621251583,0.000739609298761934,0.004903836641460657,0.0007155137718655169,0.9811317920684814,0.0009486505878157914,0.0005901286494918168
resnet50_linear,translation_16_left,test_07130,7130,5,dog,5,dog,0.9670317769050598,True,0.0012688906863331795,0.0033443570137023926,0.0014597349800169468,0.007383934687823057,0.002544715069234371,0.9670317769050598,0.00510916393250227,0.00795428641140461,0.002258287277072668,0.0016447746893391013
resnet50_linear,translation_16_left,test_01956,1956,7,monkey,3,cat,0.9460253119468689,False,2.086311951643438e-06,2.8010732421535067e-05,6.449608918046579e-07,0.9460253119468689,0.0011543486034497619,0.006325206253677607,0.0002780366048682481,0.046162962913513184,2.2947693651076406e-05,4.257628631876287e-07
resnet50_linear,translation_16_left,test_06716,6716,5,dog,5,dog,0.832315981388092,True,0.0013517914339900017,0.006679868791252375,0.002040240215137601,0.028485842049121857,0.0012013380182906985,0.832315981388092,0.09972552955150604,0.023500662297010422,0.0027212139684706926,0.0019775694236159325
resnet50_linear,translation_16_left,test_04106,4106,5,dog,5,dog,0.8964297771453857,True,0.0001485216780565679,0.0030446317978203297,0.00040113035356625915,0.010776357725262642,0.0029697297140955925,0.8964297771453857,0.07916587591171265,0.0067709446884691715,0.00013998780923429877,0.00015298613288905472
resnet50_linear,translation_16_left,test_03494,3494,6,horse,6,horse,0.9999858140945435,True,1.0409129345134716e-06,7.457651349795924e-07,1.0684100288926857e-06,4.932771275889536e-07,1.0709827620303258e-06,6.575598035851726e-06,0.9999858140945435,7.041704748189659e-07,1.277317778658471e-06,1.2274371101739234e-06
resnet50_linear,translation_16_left,test_00691,691,4,deer,4,deer,0.9966572523117065,True,5.945497105130926e-05,0.00015111691027414054,6.883071910124272e-05,0.001742759719491005,0.9966572523117065,0.0005943826981820166,0.00043366322643123567,0.00015616478049196303,6.352822674671188e-05,7.277867553057149e-05
resnet50_linear,translation_16_left,test_05220,5220,1,bird,3,cat,0.7371709942817688,False,1.7242538888240233e-05,0.11391819268465042,1.4232842886485741e-06,0.7371709942817688,0.02384841814637184,0.020186442881822586,0.0003576393355615437,0.10436934977769852,0.00012503731704782695,5.142443114891648e-06
resnet50_linear,translation_16_left,test_04908,4908,3,cat,3,cat,0.9957938194274902,True,0.00020621185831259936,0.00028803147142753005,0.00012381959822960198,0.9957938194274902,0.0012078240979462862,0.001852552406489849,9.743741247802973e-05,0.00022022325720172375,0.00016102676454465836,4.907401307718828e-05
resnet50_linear,translation_16_left,test_07029,7029,1,bird,1,bird,0.9644681215286255,True,0.002542931819334626,0.9644681215286255,0.0027524703182280064,0.007923396304249763,0.004127821885049343,0.004723418038338423,0.0022439260501414537,0.007955280132591724,0.0022759155835956335,0.0009866859763860703
resnet50_linear,translation_16_left,test_04130,4130,0,airplane,0,airplane,0.9993785619735718,True,0.9993785619735718,0.0001544266997370869,1.5859159248066135e-05,3.700363959069364e-05,5.9398134908406064e-05,1.0737846423580777e-05,2.0547719032038003e-05,1.3821738320984878e-05,6.187087274156511e-05,0.0002478164969943464
resnet50_linear,translation_16_left,test_07938,7938,9,truck,9,truck,0.9982892870903015,True,6.692111492156982e-05,7.868880493333563e-05,0.0007507460541091859,8.875191997503862e-05,2.6732130208984017e-05,7.901177741587162e-05,6.515864515677094e-05,5.857836003997363e-05,0.0004960739752277732,0.9982892870903015
resnet50_linear,translation_16_left,test_05101,5101,5,dog,5,dog,0.9543271064758301,True,0.0006101338076405227,0.001998559106141329,0.0005387118435464799,0.025119556114077568,0.0004241641436237842,0.9543271064758301,0.0025584371760487556,0.013738535344600677,0.00042517620022408664,0.00025962357176467776
resnet50_linear,translation_16_left,test_01515,1515,9,truck,9,truck,0.995545506477356,True,0.0001125968192354776,0.00015693166642449796,0.0026408538687974215,0.00039744380046613514,7.702786388108507e-05,0.00019192347826901823,6.996912270551547e-05,0.0001319152652285993,0.0006757749360986054,0.995545506477356
resnet50_linear,translation_16_left,test_03287,3287,4,deer,4,deer,0.9986971020698547,True,0.00010800198651850224,9.116787987295538e-05,6.14906894043088e-05,0.00032318956800736487,0.9986971020698547,5.743698784499429e-05,0.0005358926136977971,4.5321885409066454e-05,7.1185284468811e-05,9.282589417125564e-06
resnet50_linear,translation_16_left,test_00716,716,8,ship,8,ship,0.9503678679466248,True,0.010982390493154526,0.00819389708340168,0.003053177148103714,0.005275920499116182,0.003956753294914961,0.004075776319950819,0.0037896002177149057,0.0026833699084818363,0.9503678679466248,0.007621330209076405
resnet50_linear,translation_16_left,test_04236,4236,7,monkey,7,monkey,0.992616593837738,True,0.0003468032809905708,0.0006659121136181056,0.0003545551444403827,0.0010307959746569395,0.0010332436067983508,0.0012861966388300061,0.001857243711128831,0.992616593837738,0.0004526768752839416,0.00035596490488387644
resnet50_linear,translation_16_left,test_05408,5408,6,horse,6,horse,0.9341937899589539,True,1.043601969286101e-05,9.803158900467679e-05,9.406917342857923e-06,0.0011450790334492922,0.05870085954666138,0.005798568949103355,0.9341937899589539,2.927136119978968e-05,9.185904673358891e-06,5.511177732842043e-06
resnet50_linear,translation_16_left,test_05496,5496,5,dog,5,dog,0.9891448616981506,True,4.132879985263571e-05,0.0013280392158776522,5.146298644831404e-05,0.007655278313905001,5.596465416601859e-05,0.9891448616981506,0.000984621117822826,0.0003459290019236505,0.00013198833039496094,0.00026058926596306264
resnet50_linear,translation_16_left,test_03365,3365,4,deer,4,deer,0.9688453674316406,True,0.000171093808603473,0.0022045853547751904,0.0005797879421152174,0.010267818346619606,0.9688453674316406,0.0010213716886937618,0.015437960624694824,0.0008768841507844627,0.0003210999711882323,0.0002741292992141098
resnet50_linear,translation_16_left,test_04323,4323,3,cat,3,cat,0.9980968832969666,True,2.153647074010223e-06,3.0661136406706646e-05,4.820576123165665e-06,0.9980968832969666,1.3532178854802623e-05,0.0018032231600955129,2.1992917027091607e-05,2.2128238924778998e-05,1.5585522987748845e-06,3.0839773899060674e-06
resnet50_linear,translation_16_left,test_05467,5467,4,deer,4,deer,0.986228346824646,True,0.0003940009919460863,0.0013527307892218232,0.0002210526872659102,0.00036040134727954865,0.986228346824646,0.0003991606645286083,0.009801832027733326,0.0008652953547425568,0.0002728985564317554,0.00010422548075439408
resnet50_linear,translation_16_left,test_01644,1644,5,dog,5,dog,0.9918147921562195,True,0.00013788853539153934,0.0005938205868005753,0.00018955352425109595,0.001948136487044394,0.0017218743450939655,0.9918147921562195,0.0014236384304240346,0.0014552033971995115,0.00039662563358433545,0.00031843697070144117
resnet50_linear,translation_16_left,test_03948,3948,8,ship,8,ship,0.9955472946166992,True,0.002486912999302149,0.00038907391717657447,0.00020659736765082926,0.00020596411195583642,0.00024123200273606926,0.00014041367103345692,0.00020933948690071702,5.461155160446651e-05,0.9955472946166992,0.0005185116897337139
resnet50_linear,translation_16_left,test_06726,6726,7,monkey,7,monkey,0.9561528563499451,True,0.00015243269444908947,0.0007039871416054666,7.530445145675912e-05,0.03673316538333893,0.0037946016527712345,0.0013723339652642608,0.0009335876093246043,0.9561528563499451,5.471753320307471e-05,2.69883603323251e-05
resnet50_linear,translation_16_left,test_05395,5395,2,car,2,car,0.9998805522918701,True,2.099198809446534e-06,1.2582634553837124e-05,0.9998805522918701,1.289489955524914e-05,4.328235263528768e-06,8.846373020787723e-06,5.344096734916093e-06,1.320692035733373e-06,1.068860638042679e-05,6.133143324404955e-05
resnet50_linear,translation_16_left,test_01579,1579,7,monkey,7,monkey,0.9857155680656433,True,0.0006999094621278346,0.003441630396991968,0.0005407052813097835,0.0029748377855867147,0.0004605996364261955,0.003907336387783289,0.001397254760377109,0.9857155680656433,0.0005786582478322089,0.0002835114428307861
resnet50_linear,translation_16_left,test_05918,5918,0,airplane,0,airplane,0.9989253878593445,True,0.9989253878593445,0.00016059220070019364,2.89972285827389e-05,1.615551082068123e-05,0.00011852014722535387,3.092260521952994e-05,3.5716555430553854e-05,4.1835166484816e-05,0.0004930502036586404,0.00014875612396281213
resnet50_linear,translation_16_left,test_07041,7041,5,dog,5,dog,0.989120364189148,True,2.9658018320333213e-05,0.00012056749983457848,8.662030268169474e-06,0.0008708281093277037,0.000465367833385244,0.989120364189148,0.009166862815618515,0.00020916802168358117,6.071722964406945e-06,2.5126676064246567e-06
resnet50_linear,translation_16_left,test_00506,506,4,deer,4,deer,0.8132194876670837,True,0.0001066243348759599,0.001121602370403707,0.00029276078566908836,0.048650648444890976,0.8132194876670837,0.009608563035726547,0.041870374232530594,0.08458264172077179,0.00035721424501389265,0.00019000648171640933
resnet50_linear,translation_16_left,test_04011,4011,6,horse,6,horse,0.9998267292976379,True,3.852416739391629e-06,4.986890871805372e-06,1.936596709128935e-05,2.167860884583206e-06,0.0001275360700674355,1.0266607205267064e-05,0.9998267292976379,3.5346704407857032e-06,4.7599652930330194e-07,1.0993278465321055e-06
resnet50_linear,translation_16_left,test_05981,5981,9,truck,9,truck,0.9985100626945496,True,9.411602513864636e-05,1.5356868971139193e-05,0.0003762871492654085,5.758203042205423e-05,1.3799090083921328e-05,4.863683443545597e-06,9.965250683308113e-06,3.6485050713963574e-06,0.0009142879280261695,0.9985100626945496
resnet50_linear,translation_16_left,test_00409,409,2,car,2,car,0.9998996257781982,True,7.915194146335125e-06,5.072782187198754e-06,0.9998996257781982,1.65005840244703e-05,3.4413842513458803e-06,8.458423508272972e-06,5.819302259624237e-06,1.8792043192661367e-06,6.937230409675976e-06,4.43055723735597e-05
resnet50_linear,translation_16_left,test_06954,6954,1,bird,1,bird,0.9913772344589233,True,5.419775698101148e-05,0.9913772344589233,4.335528501542285e-06,0.006774552166461945,0.000961500802077353,4.9062313337344676e-05,0.0001221877901116386,0.0006140177720226347,3.405711322557181e-05,8.773474291956518e-06
resnet50_linear,translation_16_left,test_07555,7555,6,horse,6,horse,0.9976567029953003,True,0.0002634284319356084,0.00010529447899898514,3.36414304911159e-05,0.0001070508878910914,0.0011727884411811829,0.0004319327708799392,0.9976567029953003,0.0001752164534991607,4.433208960108459e-05,9.608704203856178e-06
resnet50_linear,translation_16_left,test_03965,3965,0,airplane,0,airplane,0.9704557657241821,True,0.9704557657241821,0.010301494039595127,0.0009037394193001091,0.002393831964582205,0.004271412268280983,0.0030404236167669296,0.0010635129874572158,0.004396607633680105,0.0017536453669890761,0.0014197682030498981
resnet50_linear,translation_16_left,test_07266,7266,9,truck,9,truck,0.9907792806625366,True,0.002324772533029318,4.162293771514669e-05,0.0009040451841428876,0.00019123812671750784,0.0012344135902822018,0.0004979027435183525,0.0015557368751615286,0.00018915456894319504,0.0022818977013230324,0.9907792806625366
resnet50_linear,translation_16_left,test_04785,4785,0,airplane,0,airplane,0.9413617253303528,True,0.9413617253303528,0.004298788961023092,0.015397116541862488,0.0038675135001540184,0.003851605113595724,0.003681669943034649,0.002495991298928857,0.006443369667977095,0.0053258659318089485,0.013276295736432076
resnet50_linear,translation_16_left,test_06028,6028,2,car,2,car,0.9953041076660156,True,0.00044295593397691846,6.791015766793862e-05,0.9953041076660156,8.285274816444144e-05,8.300443005282432e-05,0.00019783075549639761,0.0004840227775275707,1.597341542947106e-05,0.0018506624037399888,0.0014707163209095597
resnet50_linear,translation_16_left,test_06503,6503,2,car,2,car,0.9951184988021851,True,0.0010538804344832897,0.00015473402163479477,0.9951184988021851,0.0001466445974074304,9.640916687203571e-05,0.00015236370381899178,0.00010814039706019685,7.688072946621105e-05,0.0014375934842973948,0.0016548391431570053
resnet50_linear,translation_16_left,test_06414,6414,5,dog,5,dog,0.9692355990409851,True,5.8617893046175595e-06,6.683736137347296e-05,4.240747784933774e-06,0.026102088391780853,3.356360684847459e-05,0.9692355990409851,0.0006910328520461917,0.0038535366766154766,6.142580787127372e-06,1.004538603410765e-06
resnet50_linear,translation_16_left,test_05382,5382,6,horse,6,horse,0.9877963066101074,True,0.00025730521883815527,0.0006967906374484301,0.0012870273785665631,0.0015042757149785757,0.001817268435843289,0.0011881333775818348,0.9877963066101074,0.0016276293899863958,0.0009877802804112434,0.0028376400005072355
resnet50_linear,translation_16_left,test_06836,6836,1,bird,1,bird,0.9476174116134644,True,0.006278762128204107,0.9476174116134644,0.0022186993155628443,0.008103722706437111,0.013499568216502666,0.004960136022418737,0.0013121991651132703,0.012322340160608292,0.0020044774282723665,0.0016826193314045668
resnet50_linear,translation_16_left,test_06508,6508,4,deer,4,deer,0.9942643046379089,True,0.0001145031928899698,0.00015586605877615511,7.867992826504633e-05,0.0001684835006017238,0.9942643046379089,5.2293202315922827e-05,0.005033787339925766,5.7783694501267746e-05,4.80192611576058e-05,2.6327645173296332e-05
resnet50_linear,translation_16_left,test_03994,3994,4,deer,4,deer,0.998492956161499,True,1.8228598491987213e-05,9.010090434458107e-05,3.916834975825623e-05,0.0007958550122566521,0.998492956161499,9.574156138114631e-05,0.0002907835296355188,0.0001384238275932148,2.6376505047664978e-05,1.2401256753946654e-05
resnet50_linear,translation_16_left,test_03942,3942,9,truck,9,truck,0.9824661016464233,True,0.0015936004929244518,0.0008342188666574657,0.006930882576853037,0.0006313665071502328,0.0002578804560471326,0.0008186404593288898,0.001954788574948907,0.0006654972676187754,0.0038470400031656027,0.9824661016464233
resnet50_linear,translation_16_left,test_03542,3542,7,monkey,7,monkey,0.9911136031150818,True,0.0006108219386078417,0.0020750295370817184,0.0004703664453700185,0.0011515701189637184,0.0008514815708622336,0.0026058442890644073,0.0005894087953492999,0.9911136031150818,0.0002982398436870426,0.00023364461958408356
resnet50_linear,translation_16_left,test_06952,6952,3,cat,3,cat,0.9994396567344666,True,1.577750936121447e-06,2.2324513338389806e-05,3.2146900252882915e-07,0.9994396567344666,4.0022918255999684e-05,0.00045923824654892087,8.181234079529531e-06,2.752461477939505e-05,1.0861990631383378e-06,4.2168675662423993e-08
resnet50_linear,translation_16_left,test_04290,4290,5,dog,4,deer,0.4139281213283539,False,0.00025087184621952474,0.005447838455438614,0.00032473308965563774,0.2786791920661926,0.4139281213283539,0.19622524082660675,0.10399672389030457,0.0007576944772154093,0.0002959992561955005,9.369623148813844e-05
resnet50_linear,translation_16_left,test_07446,7446,8,ship,8,ship,0.9985047578811646,True,0.0006967033841647208,7.689943595323712e-05,0.0001599132374394685,0.00010441649646963924,4.3883974285563454e-05,0.0001559583324706182,4.193204949842766e-05,6.52843082207255e-05,0.9985047578811646,0.00015016112593002617
resnet50_linear,translation_16_left,test_06169,6169,1,bird,1,bird,0.957399845123291,True,0.0023197762202471495,0.957399845123291,0.0003459518193267286,0.002063975902274251,0.0023103358689695597,0.01721857488155365,0.011422744952142239,0.004383724182844162,0.002348457695916295,0.00018646610260475427
resnet50_linear,translation_16_left,test_01109,1109,1,bird,1,bird,0.9999681711196899,True,2.7277328626951203e-06,0.9999681711196899,9.630920061454162e-08,8.987763976620045e-06,1.1365336831659079e-05,3.920338713214733e-06,3.093745590376784e-06,9.57232145992748e-07,7.206490977296198e-07,2.5945160686546842e-08
resnet50_linear,translation_16_left,test_03179,3179,4,deer,4,deer,0.9879260063171387,True,4.0979582990985364e-05,0.00013230314652901143,7.553057366749272e-05,0.0071322014555335045,0.9879260063171387,0.000226895441301167,0.004064552020281553,0.0003065030032303184,6.755811045877635e-05,2.730633241299074e-05
resnet50_linear,translation_16_left,test_07835,7835,7,monkey,7,monkey,0.9870038628578186,True,0.00012754215276800096,0.0025842920877039433,0.00027048971969634295,0.0017460889648646116,0.0013593549374490976,0.005709292832762003,0.0007736785337328911,0.9870038628578186,0.0002300799824297428,0.0001952929887920618
resnet50_linear,translation_16_left,test_07390,7390,1,bird,1,bird,0.9698742032051086,True,0.013455227948725224,0.9698742032051086,0.0008724997169338167,0.002326984191313386,0.004572552628815174,0.0027769238222390413,0.001119527267292142,0.002453320659697056,0.0017324347281828523,0.0008163479506038129
resnet50_linear,translation_16_left,test_00568,568,5,dog,5,dog,0.9725139737129211,True,0.0002559389977250248,0.0011478477390483022,0.0002968168701045215,0.014516591094434261,0.0004472000291571021,0.9725139737129211,0.0010618458036333323,0.009382502175867558,0.0001434153673471883,0.00023386710381601006
resnet50_linear,translation_16_left,test_04629,4629,4,deer,4,deer,0.9965922236442566,True,4.630101557268063e-06,7.937606824270915e-06,2.396589479758404e-06,0.002846064046025276,0.9965922236442566,2.380937985435594e-05,0.0005004882696084678,1.4505453691526782e-05,4.110266218049219e-06,3.823633960564621e-06
resnet50_linear,translation_16_left,test_07138,7138,8,ship,8,ship,0.9493591785430908,True,0.049488190561532974,0.00024231892894022167,0.00012461180449463427,0.00011526564776431769,0.00011794913007179275,0.0002177604183088988,0.00010568940342636779,5.339039853424765e-05,0.9493591785430908,0.00017567281611263752
resnet50_linear,translation_16_left,test_05284,5284,9,truck,9,truck,0.9968692660331726,True,0.00039429817115888,0.00010312908125342801,0.0011746218660846353,7.468825788237154e-05,6.802660936955363e-05,0.0001611390325706452,0.00019219846581108868,0.00011740277841454372,0.0008452838519588113,0.9968692660331726
resnet50_linear,translation_16_left,test_00003,3,0,airplane,0,airplane,0.9424669742584229,True,0.9424669742584229,0.001906517194584012,0.0016204011626541615,0.001671218196861446,0.0019861769396811724,0.0031419366132467985,0.001583550125360489,0.0017948662862181664,0.03526301309466362,0.008565397001802921
resnet50_linear,translation_16_left,test_02690,2690,1,bird,1,bird,0.9939635396003723,True,5.2768358727917075e-05,0.9939635396003723,4.9372374633094296e-05,0.0016412116819992661,0.0022187228314578533,0.0003275363997090608,3.35093864123337e-05,0.0015794181963428855,0.00011363072553649545,2.0226125343469903e-05
resnet50_linear,translation_16_left,test_05858,5858,6,horse,6,horse,0.954983651638031,True,5.161065928405151e-06,2.943838990177028e-05,1.589686689840164e-05,0.0002726023958530277,0.04465452954173088,2.009759373322595e-05,0.954983651638031,1.210325353895314e-05,4.451612312550424e-06,2.005986289077555e-06
resnet50_linear,translation_16_left,test_01266,1266,4,deer,4,deer,0.9700563549995422,True,0.0003189683484379202,0.0004230425984133035,0.0002302274660905823,0.00847972184419632,0.9700563549995422,0.013986325822770596,0.005341383162885904,0.0006081312894821167,0.0003779777616728097,0.00017787935212254524
resnet50_linear,translation_16_left,test_03034,3034,4,deer,4,deer,0.9970909357070923,True,2.5430093955947086e-05,8.548715413780883e-05,1.7206337361130863e-05,0.0019262210698798299,0.9970909357070923,0.00021093520626891404,0.000570595555473119,4.350018207333051e-05,2.322440195712261e-05,6.490282430604566e-06
resnet50_linear,translation_16_left,test_02655,2655,9,truck,9,truck,0.9842085242271423,True,0.00015122335753403604,9.47047519730404e-05,0.014102129265666008,6.222058436833322e-05,5.642979158437811e-05,9.348953608423471e-05,8.210862142732367e-05,8.474524656776339e-05,0.0010644089197739959,0.9842085242271423
resnet50_linear,translation_16_left,test_06190,6190,7,monkey,7,monkey,0.9877315163612366,True,0.0002903818094637245,0.002002807566896081,0.00038247843622229993,0.0035546396393328905,0.0014680995373055339,0.0021979615557938814,0.001348320860415697,0.9877315163612366,0.0003638791386038065,0.0006600288907065988
resnet50_linear,translation_16_left,test_04170,4170,8,ship,8,ship,0.9391419887542725,True,0.051872480660676956,7.076876499922946e-05,0.0004239825648255646,5.649947706842795e-05,8.326399984071031e-05,7.014983566477895e-05,7.737889245618135e-05,4.376492142910138e-05,0.9391419887542725,0.008159658871591091
resnet50_linear,translation_16_left,test_07380,7380,9,truck,9,truck,0.9946375489234924,True,0.00042975490214303136,0.0003021616139449179,0.0028724425937980413,0.00033432338386774063,9.385273006046191e-05,0.00021885352907702327,0.00013274946832098067,0.00030997477006167173,0.0006682887906208634,0.9946375489234924
resnet50_linear,translation_16_left,test_07752,7752,9,truck,9,truck,0.9827045798301697,True,0.0009140889742411673,0.0007102806121110916,0.007874639704823494,0.0005845178384333849,0.001125589944422245,0.0005961341666989028,0.0007618995732627809,0.000627175613772124,0.00410107197239995,0.9827045798301697
resnet50_linear,translation_16_left,test_03996,3996,9,truck,9,truck,0.9803959727287292,True,0.014684888534247875,0.0006511161918751895,0.001484015374444425,0.001069563557393849,0.00018061687296722084,0.0001210020127473399,0.00021848308097105473,3.218598794774152e-05,0.0011621821904554963,0.9803959727287292
resnet50_linear,translation_16_left,test_01204,1204,3,cat,3,cat,0.9989610910415649,True,8.144114872266073e-06,0.0005794039461761713,1.7290283267357154e-06,0.9989610910415649,0.0003359024995006621,5.0618073146324605e-05,3.8931368180783466e-05,2.0792263967450708e-05,1.2716427590930834e-06,2.010553089348832e-06
resnet50_linear,translation_16_left,test_01654,1654,9,truck,9,truck,0.9889721274375916,True,0.000369863526429981,0.0010525614488869905,0.002823461079970002,0.0005204718909226358,0.0001473876036470756,0.0010828403756022453,0.00032926772837527096,0.0013194596394896507,0.0033825375139713287,0.9889721274375916
resnet50_linear,translation_16_left,test_04746,4746,6,horse,6,horse,0.937631368637085,True,0.00031811202643439174,0.0005338838091120124,0.00011454326886450872,0.012262142263352871,0.017023097723722458,0.028681954368948936,0.937631368637085,0.003214669181033969,9.982679330278188e-05,0.00012044821050949395
resnet50_linear,translation_16_left,test_04590,4590,3,cat,3,cat,0.9966717958450317,True,0.00011375120811862871,0.0006760392570868134,0.0002028615854214877,0.9966717958450317,0.00026243680622428656,0.0015151647385209799,0.00014176819240674376,0.00014062790432944894,0.00019951091962866485,7.589939923491329e-05
resnet50_linear,translation_16_left,test_00562,562,0,airplane,0,airplane,0.9999018907546997,True,0.9999018907546997,5.3425442274601664e-06,3.512451257847715e-06,3.6938001812814036e-06,3.1105037123779766e-06,3.5030946037295507e-06,6.178142939461395e-07,1.5816948462088476e-06,7.263120642164722e-05,4.2683936953835655e-06
resnet50_linear,translation_16_left,test_07108,7108,6,horse,6,horse,0.968247652053833,True,0.0006386510212905705,0.0003137570747639984,9.67857995419763e-05,0.0004785640921909362,0.029342401772737503,0.00043550782720558345,0.968247652053833,0.0001281795121030882,0.00010738128185039386,0.00021112963440828025
resnet50_linear,translation_16_left,test_05999,5999,0,airplane,0,airplane,0.99849534034729,True,0.99849534034729,0.00010212443157797679,0.00011213831749046221,0.00015033366798888892,8.09702614787966e-05,0.00013350771041586995,5.8319692470831797e-05,3.8119571399874985e-05,0.0007777768187224865,5.147848423803225e-05
resnet50_linear,translation_16_left,test_01403,1403,2,car,2,car,0.9994662404060364,True,5.9849412537005264e-06,1.9411932953516953e-05,0.9994662404060364,1.051605704560643e-05,1.1882922990480438e-05,2.2631649699178524e-05,1.6916314052650705e-05,2.1607004327961477e-06,1.2831593267037533e-05,0.0004314653924666345
resnet50_linear,translation_16_left,test_04403,4403,7,monkey,7,monkey,0.9856582283973694,True,0.00034077613963745534,0.0013339165598154068,0.0005392502062022686,0.0032072148751467466,0.0010908639524132013,0.005161857232451439,0.0014700184110552073,0.9856582283973694,0.0007717783446423709,0.0004262211441528052
resnet50_linear,translation_16_left,test_06332,6332,2,car,2,car,0.9978156089782715,True,0.0015300873201340437,7.039720003376715e-06,0.9978156089782715,2.8206641218275763e-05,4.244872798153665e-06,9.18154364626389e-06,5.861372301296797e-06,1.5256046026479453e-06,0.00011051321780541912,0.0004877444007433951
resnet50_linear,translation_16_left,test_06264,6264,2,car,2,car,0.9988529682159424,True,2.5112414732575417e-05,6.379061687766807e-06,0.9988529682159424,1.8794864445226267e-05,4.153978079557419e-05,2.3574668375658803e-05,3.455467594903894e-05,4.622124833986163e-06,9.685738768894225e-05,0.0008956541423685849
resnet50_linear,translation_16_left,test_00303,303,9,truck,9,truck,0.9977292418479919,True,0.00017706256767269224,0.0001591091713635251,0.000362036022124812,0.0004356516001280397,5.713739665225148e-05,0.0003960990288760513,0.00010630134056555107,0.00026683026226237416,0.00031057230080477893,0.9977292418479919
resnet50_linear,translation_16_left,test_00791,791,3,cat,3,cat,0.9827800989151001,True,0.00173380842898041,0.004222055897116661,0.002026964444667101,0.9827800989151001,0.0014988956972956657,0.001723458874039352,0.0006459951400756836,0.001260194112546742,0.002264932030811906,0.0018435008823871613
resnet50_linear,translation_16_left,test_03067,3067,2,car,2,car,0.9903932213783264,True,0.0011378945782780647,0.0009999416070058942,0.9903932213783264,0.0009669853607192636,0.0002291070850333199,0.0004350689414422959,0.0004228696634527296,0.0003028294595424086,0.0018845484592020512,0.003227518405765295
resnet50_linear,translation_16_left,test_00484,484,0,airplane,0,airplane,0.97135990858078,True,0.97135990858078,8.976526441983879e-05,0.0004695323877967894,0.00011825309047708288,0.00012245960533618927,0.00025070784613490105,6.4878782723099e-05,0.00014783497317694128,0.027105428278446198,0.0002711426350288093
resnet50_linear,translation_16_left,test_01370,1370,3,cat,3,cat,0.9947104454040527,True,1.6032068742788397e-05,0.00011490227916510776,2.0901545212836936e-05,0.9947104454040527,0.0006728647276759148,0.004340427927672863,3.3997879654634744e-05,6.230796134332195e-05,1.9859060557791963e-05,8.448677363048773e-06
resnet50_linear,translation_16_left,test_04069,4069,8,ship,8,ship,0.5994572639465332,True,0.21509705483913422,0.003076998982578516,0.006745518185198307,0.0023489694576710463,0.07984468340873718,0.005609694868326187,0.026018233969807625,0.007752150297164917,0.5994572639465332,0.054049503058195114
resnet50_linear,translation_16_left,test_07373,7373,0,airplane,0,airplane,0.9068105816841125,True,0.9068105816841125,0.0034152131993323565,0.011496447026729584,0.0018937097629532218,0.0029485709965229034,0.002006415044888854,0.0019851322285830975,0.001944814808666706,0.022686224430799484,0.04481281712651253
resnet50_linear,translation_16_left,test_04330,4330,3,cat,3,cat,0.9851581454277039,True,1.3552700693253428e-05,0.0006423246813938022,3.8202932046260685e-05,0.9851581454277039,0.002005572197958827,0.006901750341057777,0.003391243051737547,0.0018108609365299344,1.838267780840397e-05,2.0061213945155032e-05
resnet50_linear,translation_16_left,test_05701,5701,5,dog,5,dog,0.9338415265083313,True,0.0008189604268409312,0.0019410672830417752,0.00226500048302114,0.04004098102450371,0.005549201276153326,0.9338415265083313,0.003640082897618413,0.008652978576719761,0.0015904149040579796,0.0016596298664808273
resnet50_linear,translation_16_left,test_07465,7465,0,airplane,0,airplane,0.9943423271179199,True,0.9943423271179199,0.002705442486330867,0.0005262787453830242,0.0001675228850217536,0.00027133466210216284,0.0004018093750346452,0.000114192531327717,0.0003010776999872178,0.0005556933465413749,0.0006143407663330436
resnet50_linear,translation_16_left,test_01531,1531,3,cat,3,cat,0.7053858041763306,True,1.3336155461729504e-05,5.238713129074313e-05,2.2484671717393212e-05,0.7053858041763306,0.059038951992988586,0.22520695626735687,0.010252052918076515,1.2934674487041775e-05,4.838273980567465e-06,1.0159302291867789e-05
resnet50_linear,translation_16_left,test_04676,4676,8,ship,8,ship,0.999707043170929,True,0.00014701244072057307,2.4800496248644777e-05,1.1605349754972849e-05,2.0754003344336525e-05,1.1688287486322224e-05,1.6278605471597984e-05,7.391082817775896e-06,2.5603380890970584e-06,0.999707043170929,5.0840746553149074e-05
resnet50_linear,translation_16_left,test_04531,4531,3,cat,3,cat,0.9626906514167786,True,7.777807331876829e-05,0.00034169977880083025,0.00012484283070079982,0.9626906514167786,0.03498433530330658,0.0005168189527466893,0.0006589432596229017,0.0004406196821946651,9.356602095067501e-05,7.092087616911158e-05
resnet50_linear,translation_16_left,test_00706,706,8,ship,8,ship,0.9986528158187866,True,0.0006356870871968567,6.015875260345638e-05,7.808089139871299e-05,4.82779651065357e-05,5.9001424233429134e-05,8.407566201640293e-05,3.153559009660967e-05,1.9577102648327127e-05,0.9986528158187866,0.000330666865920648
resnet50_linear,translation_16_left,test_02844,2844,8,ship,8,ship,0.9860592484474182,True,0.006316061597317457,0.001728562987409532,0.0008135950774885714,0.0007486126851290464,0.0006799811962991953,0.0009426596807315946,0.0007137367501854897,0.0006538472953252494,0.9860592484474182,0.0013437120942398906
resnet50_linear,translation_16_left,test_03755,3755,2,car,2,car,0.9997406601905823,True,2.1201565687078983e-05,2.2099566194810905e-05,0.9997406601905823,1.5259749488905072e-05,6.377643876476213e-05,2.8789010684704408e-05,4.88639016111847e-05,1.3254865734779742e-05,5.898168183193775e-06,4.032396827824414e-05
resnet50_linear,translation_16_left,test_05848,5848,7,monkey,7,monkey,0.9849609136581421,True,0.0007090774597600102,0.0032183905132114887,0.0015784567221999168,0.002284598769620061,0.001971743069589138,0.0010211527114734054,0.0009875412797555327,0.9849609136581421,0.001130580436438322,0.002137462142854929
resnet50_linear,translation_16_left,test_02114,2114,9,truck,9,truck,0.9741268754005432,True,0.0007034518639557064,0.0009662695229053497,0.013557599857449532,0.0010259948903694749,0.0006468023639172316,0.0012005611788481474,0.001577793387696147,0.0005198497092351317,0.005674764513969421,0.9741268754005432
resnet50_linear,translation_16_left,test_03876,3876,0,airplane,0,airplane,0.9790904521942139,True,0.9790904521942139,0.00019002691260538995,0.009691691026091576,8.406682900385931e-05,0.00012130978575441986,0.00038982662954367697,0.0002532304497435689,0.0001627050369279459,0.0020618957933038473,0.00795486755669117
resnet50_linear,translation_16_left,test_00677,677,3,cat,3,cat,0.9777657389640808,True,0.0006833423394709826,0.006456796079874039,0.001216024742461741,0.9777657389640808,0.0005718476022593677,0.008348804898560047,0.0010300347348675132,0.0021053666714578867,0.0013095078757032752,0.0005125129246152937
resnet50_linear,translation_16_left,test_02116,2116,1,bird,3,cat,0.9980692267417908,False,1.0794556146720424e-05,0.0008422546088695526,9.196760402119253e-06,0.9980692267417908,0.000439745926996693,0.0003472018288448453,0.0002723436045926064,3.177073040205869e-06,3.2124485187523533e-06,2.9059056032565422e-06
resnet50_linear,translation_16_left,test_04661,4661,7,monkey,7,monkey,0.9823514819145203,True,0.0013008489040657878,0.001931038685142994,0.00022457679733633995,0.0028265533037483692,0.002202455885708332,0.007663558702915907,0.0006814930820837617,0.9823514819145203,0.0005969048361293972,0.0002210891543654725
resnet50_linear,translation_16_left,test_02676,2676,6,horse,6,horse,0.9998106360435486,True,9.076634341909084e-07,5.778259151156817e-07,1.932105078594759e-05,6.635482804995263e-06,0.00012781613622792065,2.9915725463069975e-05,0.9998106360435486,2.5635797555878526e-06,2.654836066540156e-07,1.30736691517086e-06
resnet50_linear,translation_16_left,test_03025,3025,0,airplane,0,airplane,0.8473260402679443,True,0.8473260402679443,0.0003579838667064905,0.08102206885814667,0.0003766792651731521,0.006645367946475744,0.00041779657476581633,0.03661106526851654,0.00037745709414593875,0.0013882957864552736,0.025477321818470955
resnet50_linear,translation_16_left,test_04449,4449,9,truck,9,truck,0.9705779552459717,True,0.010331382974982262,8.682485713507049e-06,0.008695857599377632,7.225183071568608e-05,4.245870150043629e-05,7.636985537828878e-05,0.00042264003423042595,5.089219030196546e-06,0.009767360053956509,0.9705779552459717
resnet50_linear,translation_16_left,test_00977,977,6,horse,6,horse,0.9982936978340149,True,2.6169163902522996e-05,2.7359737941878848e-05,4.9117279559141025e-05,0.0005287047824822366,0.00031478991149924695,0.0006013686652295291,0.9982936978340149,7.843291678000242e-05,2.3473015971831046e-05,5.682607661583461e-05
resnet50_linear,translation_16_left,test_04990,4990,8,ship,8,ship,0.9855722784996033,True,0.012280631810426712,4.5776836486766115e-05,0.00021295242186170071,5.357083136914298e-05,0.00011953582725254819,0.0002916897356044501,0.00016434170538559556,9.669021528679878e-05,0.9855722784996033,0.0011625493643805385
resnet50_linear,translation_16_left,test_07309,7309,0,airplane,0,airplane,0.9915387034416199,True,0.9915387034416199,0.0013904498191550374,0.0013509527780115604,0.00019535922911018133,0.0003016123082488775,0.0004632435739040375,0.0002689416869543493,0.0005638939910568297,0.0019624405540525913,0.0019643919076770544
resnet50_linear,translation_16_left,test_01048,1048,7,monkey,7,monkey,0.9708744883537292,True,0.0009131295373663306,0.00572424940764904,0.0007478523184545338,0.0022848080843687057,0.004259791225194931,0.009867547079920769,0.0025433548726141453,0.9708744883537292,0.0013925839448347688,0.001392145873978734
resnet50_linear,translation_16_left,test_03276,3276,3,cat,3,cat,0.9258169531822205,True,4.942976011079736e-05,0.0006855071405880153,4.2756804759847e-05,0.9258169531822205,0.051271215081214905,0.0014144735177978873,0.0038388206157833338,0.01674964465200901,0.00010672806820366532,2.4492643206031062e-05
resnet50_linear,translation_16_left,test_05512,5512,2,car,9,truck,0.9890028238296509,False,2.371506707277149e-05,3.6733990782522596e-06,0.00096035999013111,9.797538950806484e-05,0.00028593107708729804,0.00033043307485058904,0.008559550158679485,6.544309599121334e-06,0.0007289799395948648,0.9890028238296509
resnet50_linear,translation_16_left,test_07692,7692,4,deer,4,deer,0.9925602674484253,True,9.949531522579491e-05,0.00020908992155455053,3.21924380841665e-05,0.004796033259481192,0.9925602674484253,0.001258113537915051,0.0006249413709156215,0.0002595637633930892,8.879468077793717e-05,7.144923438318074e-05
resnet50_linear,translation_16_left,test_01436,1436,1,bird,1,bird,0.9982184767723083,True,0.00036287494003772736,0.9982184767723083,6.198179471539333e-05,0.00018823119171429425,0.00031032360857352614,0.00019913453434128314,9.182767826132476e-05,0.0004238139372318983,8.747154788579792e-05,5.576369585469365e-05
resnet50_linear,translation_16_left,test_07544,7544,9,truck,9,truck,0.9729388952255249,True,0.0030988906510174274,0.000617128680460155,0.004003418609499931,0.0008974811644293368,0.0009282452519983053,0.0008015898638404906,0.0012096997816115618,0.00021819818357471377,0.015286513604223728,0.9729388952255249
resnet50_linear,translation_16_left,test_03383,3383,3,cat,3,cat,0.998284637928009,True,5.5215958127519116e-05,0.0002218577137682587,6.731304165441543e-05,0.998284637928009,0.0004898394108749926,0.0003239634388592094,0.0001463144872104749,0.00022836189600639045,0.0001114201222662814,7.115703920135275e-05
resnet50_linear,translation_16_left,test_01977,1977,0,airplane,0,airplane,0.9727592468261719,True,0.9727592468261719,0.006883733440190554,0.0010970489820465446,0.002174337627366185,0.0012558664893731475,0.003230716334655881,0.0026509524323046207,0.003875735681504011,0.003874109825119376,0.0021983550395816565
resnet50_linear,translation_16_left,test_02750,2750,0,airplane,0,airplane,0.9987401366233826,True,0.9987401366233826,1.537443313281983e-05,3.3791980968089774e-05,8.895689461496659e-06,3.921093593817204e-05,2.1066471163067035e-05,8.848599100019783e-05,8.308633368869778e-06,0.0008119068224914372,0.00023291331308428198
resnet50_linear,translation_16_left,test_07996,7996,6,horse,6,horse,0.9997643828392029,True,1.25353753901436e-05,2.3524549760622904e-05,3.7226654967525974e-05,1.1071949302277062e-05,2.0190313080092892e-05,8.740655175643042e-05,0.9997643828392029,2.397809839749243e-05,1.1244634151807986e-05,8.483072633680422e-06
resnet50_linear,translation_16_left,test_06989,6989,5,dog,5,dog,0.9338993430137634,True,0.0003164312511216849,0.00162605254445225,0.0004622513079084456,0.020524512976408005,0.006163738202303648,0.9338993430137634,0.00951448269188404,0.024778008460998535,0.0021361587569117546,0.000579013314563781
resnet50_linear,translation_16_left,test_01431,1431,3,cat,3,cat,0.9970402121543884,True,3.3954670470848214e-06,3.115447179879993e-05,2.623030468384968e-06,0.9970402121543884,1.6886546063688002e-06,0.002869080053642392,3.765193105209619e-05,5.843787107551179e-07,1.2551894542411901e-05,9.895555876937578e-07
resnet50_linear,translation_16_left,test_07416,7416,3,cat,5,dog,0.5251688361167908,False,5.092564606457017e-06,2.79597061307868e-05,5.81494850848685e-06,0.47466859221458435,8.000478555914015e-05,0.5251688361167908,1.1306324267934542e-05,1.612027335795574e-05,9.989603313442785e-06,6.282555204961682e-06
resnet50_linear,translation_16_left,test_04547,4547,5,dog,5,dog,0.9508845210075378,True,0.0019268332980573177,0.008834997192025185,0.0020472584292292595,0.008150276727974415,0.009861449711024761,0.9508845210075378,0.004505014978349209,0.008922290988266468,0.00320394616574049,0.0016634112689644098
resnet50_linear,translation_16_left,test_00042,42,0,airplane,1,bird,0.9353377819061279,False,0.06398093700408936,0.9353377819061279,1.1026279480574885e-06,7.74690033722436e-06,0.0006028363131918013,1.092103684641188e-05,1.2813239663955756e-05,2.160145595553331e-05,2.2360565708368085e-05,1.7592525409781956e-06
resnet50_linear,translation_16_left,test_05117,5117,0,airplane,0,airplane,0.9934660792350769,True,0.9934660792350769,0.0033792564645409584,0.00018650665879249573,0.00031289353501051664,0.0005076160305179656,0.00045364125980995595,0.00024395166838075966,0.0005304433288984001,0.000557391787879169,0.00036223733332008123
resnet50_linear,translation_16_left,test_04411,4411,6,horse,6,horse,0.980705201625824,True,0.000188696343684569,0.0003557426098268479,0.0002221054892288521,7.512302545364946e-05,0.01763938181102276,0.00033400763641111553,0.980705201625824,0.000125656311865896,9.670570580055937e-05,0.00025745798484422266
resnet50_linear,translation_16_left,test_05789,5789,4,deer,4,deer,0.9632281064987183,True,0.00025416043354198337,0.0004630355688277632,0.00023292818514164537,0.013210302218794823,0.9632281064987183,0.008166395127773285,0.004748951178044081,0.009271621704101562,0.0003213890886399895,0.0001031674473779276
resnet50_linear,translation_16_left,test_00483,483,2,car,2,car,0.9861680865287781,True,0.0025599957443773746,0.0005116257816553116,0.9861680865287781,0.00022355452529154718,0.0008549288613721728,0.0013349833898246288,0.0014126291498541832,0.0003523862105794251,0.0006952849216759205,0.005886566825211048
resnet50_linear,translation_16_left,test_06650,6650,7,monkey,7,monkey,0.9900364875793457,True,0.0008037264342419803,0.003010340267792344,0.0001668728655204177,0.0003272013855166733,0.003443202469497919,8.464095299132168e-05,0.0012882829178124666,0.9900364875793457,0.0007259020931087434,0.0001133018740802072
resnet50_linear,translation_16_left,test_04881,4881,3,cat,3,cat,0.9971323013305664,True,8.966925634013023e-06,0.0008286600350402296,7.5081193244841415e-06,0.9971323013305664,0.0016735722310841084,8.886147043085657e-06,8.073463504842948e-06,0.0003198247286491096,4.612094926415011e-06,7.4863187364826445e-06
resnet50_linear,translation_16_left,test_00391,391,3,cat,3,cat,0.9989602565765381,True,2.05431515496457e-05,5.521676575881429e-05,2.14218016481027e-05,0.9989602565765381,0.0008166991174221039,5.1308219553902745e-05,2.9013868697802536e-05,2.063053943857085e-05,1.0061802640848327e-05,1.483066807850264e-05
resnet50_linear,translation_16_left,test_00370,370,7,monkey,7,monkey,0.9672982692718506,True,0.002052103402093053,0.00345363887026906,0.0012899755965918303,0.002071058377623558,0.0022221850231289864,0.01458308007568121,0.0035469362046569586,0.9672982692718506,0.002489909064024687,0.000992804765701294
resnet50_linear,translation_16_left,test_00419,419,9,truck,9,truck,0.9777480363845825,True,0.00154083501547575,8.87468340806663e-05,0.013388633728027344,0.00047803495544940233,3.7717330997111276e-05,6.661210500169545e-05,0.00011285395885352045,9.279095684178174e-05,0.006445697508752346,0.9777480363845825
resnet50_linear,translation_16_left,test_03318,3318,9,truck,9,truck,0.9945833086967468,True,0.00013852868869435042,4.4211028580321e-05,0.0025898804888129234,0.00010655331425368786,0.0001221499842358753,0.00018362469563726336,0.0007773799006827176,0.00018218425975646824,0.0012721767416223884,0.9945833086967468
resnet50_linear,translation_16_left,test_04355,4355,8,ship,8,ship,0.9012608528137207,True,0.08062596619129181,6.366981688188389e-05,0.0006175570306368172,3.7732366763520986e-05,5.61462584300898e-05,8.878568041836843e-05,0.00031448196386918426,3.035240979443188e-06,0.9012608528137207,0.016931811347603798
resnet50_linear,translation_16_left,test_05402,5402,4,deer,4,deer,0.9287145733833313,True,0.0031956974416971207,0.002010995987802744,0.0017375019378960133,0.0022728394251316786,0.9287145733833313,0.001097104512155056,0.05629048869013786,0.0019534265156835318,0.0017512680497020483,0.0009761013789102435
resnet50_linear,translation_16_left,test_05332,5332,5,dog,5,dog,0.9415313005447388,True,2.9359727705013938e-05,9.172228601528332e-06,2.3839351342758164e-05,0.0024017414543777704,0.00010618082160362974,0.9415313005447388,0.05563591420650482,0.00017194330575875938,5.8222474763169885e-05,3.2317391742253676e-05
resnet50_linear,translation_16_left,test_00239,239,9,truck,9,truck,0.9992252588272095,True,6.085385848564329e-06,1.531979978608433e-05,0.00038726176717318594,9.307906293543056e-05,1.1260843166382983e-05,1.937174965860322e-05,2.7982019673800096e-05,8.671914656588342e-06,0.0002057075034826994,0.9992252588272095
resnet50_linear,translation_16_left,test_06271,6271,2,car,2,car,0.9916028380393982,True,0.00035758549347519875,0.0005560117424465716,0.9916028380393982,0.00033738338970579207,9.625196980778128e-05,0.0006633030716329813,0.00030030947527848184,0.00012547854566946626,0.0008411474991589785,0.00511961942538619
resnet50_linear,translation_16_left,test_01129,1129,8,ship,8,ship,0.998354434967041,True,0.0014685631031170487,2.0401290385052562e-05,4.021936547360383e-06,2.8970540370210074e-05,1.831632835092023e-05,5.364863682189025e-05,6.7494684117264114e-06,1.6110256183310412e-05,0.998354434967041,2.8759759516105987e-05
resnet50_linear,translation_16_left,test_02391,2391,5,dog,5,dog,0.9846663475036621,True,2.1920497601968236e-05,0.0005408907891251147,2.964132363558747e-05,0.0029770934488624334,0.0044466229155659676,0.9846663475036621,0.006758447270840406,0.0004887082031928003,3.963743438362144e-05,3.0625524232164025e-05
resnet50_linear,translation_16_left,test_00191,191,9,truck,9,truck,0.6004700660705566,True,0.0009350045002065599,0.00021358403319027275,0.3965369462966919,0.0005006539868190885,2.3812015570001677e-05,0.0001598380331415683,5.8295201597502455e-05,2.3143049475038424e-05,0.0010786543134599924,0.6004700660705566
resnet50_linear,translation_16_left,test_05447,5447,9,truck,9,truck,0.9987045526504517,True,0.00013223165296949446,8.511730266036466e-05,0.0003218816127628088,0.00024399672111030668,2.4641713025630452e-05,3.0226172384573147e-05,6.317905354080722e-05,3.0873103241901845e-05,0.00036326085682958364,0.9987045526504517
resnet50_linear,translation_16_left,test_06528,6528,4,deer,4,deer,0.9883188009262085,True,7.281860598595813e-05,0.000624889275059104,8.15401435829699e-05,0.005296151619404554,0.9883188009262085,0.003323699813336134,0.0008252122206613421,0.0012886965414509177,0.00010405448847450316,6.411259528249502e-05
