model,condition,identifier,dataset_index,true_class_id,true_class_name,predicted_class_id,predicted_class_name,maximum_confidence,correct,probability_airplane,probability_bird,probability_car,probability_cat,probability_deer,probability_dog,probability_horse,probability_monkey,probability_ship,probability_truck
resnet50_linear,translation_32_up,test_00632,632,3,cat,3,cat,0.9922370314598083,True,0.00031329094781540334,0.0012470936635509133,0.000416247290559113,0.9922370314598083,0.0037382154259830713,0.0011646999046206474,0.00020633010717574507,0.00026080801035277545,0.0001776972640072927,0.00023856408370193094
resnet50_linear,translation_32_up,test_00131,131,9,truck,9,truck,0.9958149790763855,True,0.00022443218040280044,0.0001632244820939377,0.00081855827011168,0.0008219254668802023,9.987223165808246e-05,0.0003290967142675072,0.00014170062786433846,8.296178566524759e-05,0.0015032170340418816,0.9958149790763855
resnet50_linear,translation_32_up,test_07081,7081,7,monkey,7,monkey,0.9923055768013,True,0.0001764366024872288,0.0007060126517899334,4.53522261523176e-05,0.00203083292581141,0.0023370764683932066,0.0015663753729313612,0.00031591480365023017,0.9923055768013,0.0004094236355740577,0.00010707934416132048
resnet50_linear,translation_32_up,test_01836,1836,9,truck,9,truck,0.9802423119544983,True,0.003535801311954856,0.0005083077703602612,0.007807455025613308,0.001323352218605578,0.0004031414573546499,0.002597323851659894,0.0012519799638539553,0.0015484752366319299,0.0007818646263331175,0.9802423119544983
resnet50_linear,translation_32_up,test_06437,6437,0,airplane,0,airplane,0.9919623732566833,True,0.9919623732566833,0.0020200232975184917,0.000537713582161814,0.0005501960986293852,0.0007497452315874398,0.000731396721675992,0.00047667164471931756,0.0013548699207603931,0.000639702077023685,0.0009772871853783727
resnet50_linear,translation_32_up,test_06609,6609,0,airplane,0,airplane,0.9976932406425476,True,0.9976932406425476,4.964382605976425e-05,0.0002517008688300848,3.482764441287145e-05,0.0004956608172506094,4.9251011660089716e-05,0.00047239349805749953,3.7071993574500084e-05,0.00027568082441575825,0.0006404766463674605
resnet50_linear,translation_32_up,test_03467,3467,7,monkey,7,monkey,0.9002196788787842,True,0.00010542564268689603,0.0018252357840538025,2.124284037563484e-05,0.015273821540176868,0.04513169825077057,0.0036011994816362858,0.033774323761463165,0.9002196788787842,3.657355409814045e-05,1.0768778338388074e-05
resnet50_linear,translation_32_up,test_01401,1401,3,cat,3,cat,0.9998158812522888,True,2.3062052605382632e-06,1.419542240910232e-05,3.3106964565376984e-06,0.9998158812522888,1.2067517673131078e-05,0.00011095707304775715,4.731809440272627e-06,2.920499537140131e-05,6.568188837263733e-06,8.550376264793158e-07
resnet50_linear,translation_32_up,test_01839,1839,2,car,2,car,0.998847246170044,True,7.14608104317449e-05,0.00019242892449256033,0.998847246170044,0.00010658357496140525,0.00011429046571720392,9.233941091224551e-05,0.00012141699698986486,7.803757762303576e-05,0.00015513469406869262,0.00022108358098194003
resnet50_linear,translation_32_up,test_04168,4168,3,cat,3,cat,0.9934108853340149,True,8.361428626812994e-06,0.002086599124595523,3.3354139304719865e-05,0.9934108853340149,0.0034152050502598286,0.0006758063682354987,0.00028867486980743706,4.452987923286855e-05,2.4490675059496425e-05,1.193195566884242e-05
resnet50_linear,translation_32_up,test_00035,35,2,car,2,car,0.9901053309440613,True,0.005199541803449392,8.960795094026253e-05,0.9901053309440613,0.00016733787197154015,7.274591916939244e-05,5.7393190218135715e-05,0.0003198166086804122,6.607433897443116e-05,0.000261921901255846,0.003660246729850769
resnet50_linear,translation_32_up,test_04177,4177,8,ship,8,ship,0.9987057447433472,True,0.00035792659036815166,9.084476187126711e-05,0.00011997675755992532,8.532269566785544e-05,9.522357140667737e-05,7.147910946514457e-05,4.110363806830719e-05,2.1075269614811987e-05,0.9987057447433472,0.0004113044124096632
resnet50_linear,translation_32_up,test_07270,7270,7,monkey,7,monkey,0.997416615486145,True,9.329165914095938e-05,0.00017422744713257998,3.989870947407326e-06,0.0013244727160781622,1.4022665709489956e-05,0.0008092225180007517,0.00015584514767397195,0.997416615486145,5.664318450726569e-06,2.58593968283094e-06
resnet50_linear,translation_32_up,test_02265,2265,5,dog,5,dog,0.9852076768875122,True,0.0002957555407192558,0.0015459742862731218,0.0003469410876277834,0.0012828524922952056,0.004613816272467375,0.9852076768875122,0.003435498336330056,0.0026880139485001564,0.00026005523977801204,0.0003234760952182114
resnet50_linear,translation_32_up,test_03288,3288,7,monkey,7,monkey,0.983905017375946,True,0.00046211396693252027,0.00289632729254663,0.0006268288125284016,0.003708409145474434,0.003899791743606329,0.002352998126298189,0.0011095734080299735,0.983905017375946,0.0004410796391312033,0.0005977878463454545
resnet50_linear,translation_32_up,test_05451,5451,8,ship,8,ship,0.9889397025108337,True,0.005796331912279129,0.0006924764602445066,0.00024042131553869694,0.00032171866041608155,0.0005441575776785612,0.0004569200682453811,0.0003346573212184012,0.0002483210409991443,0.9889397025108337,0.0024252557195723057
resnet50_linear,translation_32_up,test_04023,4023,3,cat,3,cat,0.9757184982299805,True,0.00011677062866510823,0.0006651648436672986,0.000104342914710287,0.9757184982299805,0.001745309098623693,0.017837297171354294,0.0016013009008020163,0.0019716699607670307,0.0001246886095032096,0.00011495697981445119
resnet50_linear,translation_32_up,test_00261,261,1,bird,1,bird,0.8463558554649353,True,0.03176364302635193,0.8463558554649353,0.005838735494762659,0.005906848236918449,0.032330501824617386,0.012345411814749241,0.005523231811821461,0.03751193359494209,0.015343145467340946,0.0070806704461574554
resnet50_linear,translation_32_up,test_04570,4570,5,dog,5,dog,0.9380847215652466,True,0.0003041873569600284,0.0010610278695821762,0.0006039947038516402,0.0033234888687729836,0.004316306672990322,0.9380847215652466,0.03998240828514099,0.011716366745531559,0.00045830238377675414,0.00014916108921170235
resnet50_linear,translation_32_up,test_04966,4966,5,dog,5,dog,0.9915619492530823,True,6.179408956086263e-06,0.00021796715736854821,3.4194708860013634e-06,0.007841932587325573,2.002393921429757e-05,0.9915619492530823,0.0001366108626825735,0.0002092173381242901,1.6385581602662569e-06,1.0751042509582476e-06
resnet50_linear,translation_32_up,test_07955,7955,1,bird,1,bird,0.9972143769264221,True,2.4547052817069925e-05,0.9972143769264221,0.00013948546256870031,0.0002876004728022963,0.00047431999701075256,0.00014186145563144237,2.0010316802654415e-05,0.0016661413246765733,1.9170263840351254e-05,1.2705172593996394e-05
resnet50_linear,translation_32_up,test_06288,6288,4,deer,4,deer,0.9848414659500122,True,3.0041463105590083e-05,0.0004524272808339447,2.7732958187698387e-05,0.0006169839762151241,0.9848414659500122,0.0007600795361213386,0.01280174870043993,0.0003072935505770147,0.00010966286936309189,5.2552277338691056e-05
resnet50_linear,translation_32_up,test_07810,7810,8,ship,8,ship,0.9963890314102173,True,0.0020218519493937492,0.0003553721762727946,0.00017754643340595067,0.000255152175668627,0.0001496767217759043,0.00020903231052216142,6.569957622559741e-05,4.9146725359605625e-05,0.9963890314102173,0.0003274641348980367
resnet50_linear,translation_32_up,test_01927,1927,7,monkey,7,monkey,0.9960099458694458,True,0.00021533989638555795,0.0010558520443737507,7.5203635788057e-05,0.0011329464614391327,0.00028661880060099065,0.0008648265502415597,0.0001952470774995163,0.9960099458694458,0.00011968656326644123,4.4255153625272214e-05
resnet50_linear,translation_32_up,test_01871,1871,1,bird,1,bird,0.9638649225234985,True,0.00012517058348748833,0.9638649225234985,7.891067070886493e-05,0.013582455925643444,0.008805481716990471,0.003218214027583599,0.009412707760930061,0.000789679354056716,9.574818250257522e-05,2.6735608116723597e-05
resnet50_linear,translation_32_up,test_06922,6922,5,dog,5,dog,0.9984819293022156,True,1.4018077081345837e-06,1.0863734132726677e-05,6.153198341962707e-07,2.798083733068779e-05,1.5549549061688595e-05,0.9984819293022156,0.0014502299018204212,9.6968469733838e-06,8.633412562630838e-07,9.144086448031885e-07
resnet50_linear,translation_32_up,test_03512,3512,4,deer,4,deer,0.9975578784942627,True,0.00020483143453020602,0.0003210959257557988,8.987172623164952e-05,0.0006190933054313064,0.9975578784942627,0.0001872926950454712,0.0006352708442136645,0.0002501670678611845,0.00010491089051356539,2.964681334560737e-05
resnet50_linear,translation_32_up,test_04754,4754,6,horse,6,horse,0.9637278318405151,True,0.000640637066680938,0.0016743644373491406,0.0005213560652919114,0.00043883913895115256,0.028800051659345627,0.002366473665460944,0.9637278318405151,0.0012328504817560315,0.0004139314405620098,0.00018373527564108372
resnet50_linear,translation_32_up,test_00714,714,2,car,2,car,0.9989572763442993,True,2.0343606593087316e-05,7.064793408062542e-06,0.9989572763442993,1.3056750503892545e-05,1.774884913174901e-05,0.00014953607751522213,0.00034070058609358966,8.727636782168702e-07,3.447466951911338e-05,0.00045889447210356593
resnet50_linear,translation_32_up,test_02191,2191,8,ship,8,ship,0.9600526690483093,True,0.034316323697566986,0.0010167197324335575,0.0002808170102071017,0.0002468462334945798,0.00034834176767617464,0.0005714038270525634,0.00034440006129443645,0.00016502178914379328,0.9600526690483093,0.002657452365383506
resnet50_linear,translation_32_up,test_04615,4615,0,airplane,0,airplane,0.9842121005058289,True,0.9842121005058289,0.0046897451393306255,0.0008856168133206666,0.002164272591471672,0.0012688693823292851,0.0014974323567003012,0.0008110392955131829,0.0012723617255687714,0.0010811913525685668,0.002117239171639085
resnet50_linear,translation_32_up,test_04662,4662,8,ship,8,ship,0.9959737658500671,True,0.0006686616106890142,0.0009212361765094101,0.00013999450311530381,0.00024768643197603524,0.0003689575823955238,0.0006406442262232304,0.00027682166546583176,0.0004189620085526258,0.9959737658500671,0.0003432004014030099
resnet50_linear,translation_32_up,test_05915,5915,9,truck,9,truck,0.994979202747345,True,0.000868814589921385,4.878046456724405e-05,0.002513756277039647,6.371431663865224e-05,0.00024048329214565456,0.00012879302084911615,0.00041678629349917173,6.62241000100039e-05,0.0006734179332852364,0.994979202747345
resnet50_linear,translation_32_up,test_00766,766,4,deer,6,horse,0.9671265482902527,False,9.680680705059785e-06,3.6632839055528166e-06,2.5229348921129713e-06,0.0006057166610844433,0.028895141556859016,0.003279525088146329,0.9671265482902527,4.850520781474188e-05,2.5039567844942212e-05,3.6567673760146135e-06
resnet50_linear,translation_32_up,test_05218,5218,2,car,2,car,0.9875219464302063,True,0.0007025324157439172,0.0017517335945740342,0.9875219464302063,0.0024941619485616684,0.00028167475829832256,0.001186512759886682,0.0005202547181397676,0.0003841391298919916,0.001012623542919755,0.004144338890910149
resnet50_linear,translation_32_up,test_02340,2340,8,ship,8,ship,0.9883677363395691,True,0.002729260828346014,0.0015604132786393166,0.0006296041538007557,0.0011771885911002755,0.0013554648030549288,0.00136283237952739,0.0005078918184153736,0.001131735392846167,0.9883677363395691,0.0011778953485190868
resnet50_linear,translation_32_up,test_01954,1954,8,ship,8,ship,0.9253793358802795,True,0.060654010623693466,0.0004222238785587251,0.007111356593668461,0.0010200648102909327,0.0013174377381801605,0.0012114967685192823,0.000978215946815908,0.0001923233940033242,0.9253793358802795,0.0017135565867647529
resnet50_linear,translation_32_up,test_07875,7875,8,ship,8,ship,0.9911144971847534,True,0.007125942036509514,7.430816913256422e-05,8.412866736762226e-05,5.178905848879367e-05,7.380461465800181e-05,6.099705569795333e-05,7.2886970883701e-05,2.794628198898863e-05,0.9911144971847534,0.0013137654168531299
resnet50_linear,translation_32_up,test_03418,3418,6,horse,6,horse,0.9889224767684937,True,0.0017459114314988256,0.0017274520359933376,0.0009943241020664573,0.000904438435100019,0.0010117987403646111,0.002580499043688178,0.9889224767684937,0.0009280816884711385,0.0007150304154492915,0.00047007150715216994
resnet50_linear,translation_32_up,test_05572,5572,9,truck,9,truck,0.9852342009544373,True,0.0022115791216492653,0.000324084481690079,0.0010511188302189112,0.0004145340935792774,0.0012025259202346206,0.0009485938935540617,0.003838858800008893,0.00042121284059248865,0.004353316966444254,0.9852342009544373
resnet50_linear,translation_32_up,test_05977,5977,7,monkey,7,monkey,0.9835060238838196,True,0.0018739363877102733,0.0018789416644722223,0.0008091522613540292,0.001472683041356504,0.003338200505822897,0.002445540390908718,0.0026243675965815783,0.9835060238838196,0.0012548528611660004,0.0007963728276081383
resnet50_linear,translation_32_up,test_05123,5123,1,bird,1,bird,0.9953411817550659,True,6.665391265414655e-05,0.9953411817550659,0.0001104719631257467,0.0006540446192957461,0.0017081855330616236,0.00015565812645945698,0.0003677816712297499,0.0015296509955078363,2.9602919312310405e-05,3.672962338896468e-05
resnet50_linear,translation_32_up,test_05851,5851,9,truck,9,truck,0.9973480701446533,True,0.000122418423416093,0.0002861410903278738,0.0003904361801687628,0.000667339249048382,0.00010237293463433161,0.00042620525346137583,0.000155065325088799,0.0003294553607702255,0.0001724729227134958,0.9973480701446533
resnet50_linear,translation_32_up,test_04094,4094,9,truck,9,truck,0.9991984963417053,True,0.0001732817036099732,3.094622661592439e-05,0.0002506339515093714,4.2687912355177104e-05,1.0315520739823114e-05,7.777709470246918e-06,3.500448656268418e-05,4.940937742503593e-06,0.0002458800154272467,0.9991984963417053
resnet50_linear,translation_32_up,test_04254,4254,6,horse,6,horse,0.969451904296875,True,0.00011859340884257108,0.00021570797252934426,0.00011822798114735633,0.00026319705648347735,0.028028298169374466,0.0016084802336990833,0.969451904296875,9.317118383478373e-05,6.847347685834393e-05,3.405439929338172e-05
resnet50_linear,translation_32_up,test_02501,2501,7,monkey,7,monkey,0.9969549179077148,True,5.422437970992178e-05,0.0004370470705907792,2.773628330032807e-05,0.000571482116356492,0.00032617730903439224,0.0011091155465692282,0.00043350987834855914,0.9969549179077148,5.890583270229399e-05,2.690298242669087e-05
resnet50_linear,translation_32_up,test_06938,6938,1,bird,1,bird,0.9986018538475037,True,4.764460027217865e-05,0.9986018538475037,5.054946814198047e-05,0.000531306373886764,0.0002722800709307194,0.0002316375612281263,2.5435449060751125e-05,0.0001470820134272799,7.490659481845796e-05,1.729639188852161e-05
resnet50_linear,translation_32_up,test_00171,171,4,deer,4,deer,0.9971628785133362,True,8.607679046690464e-05,0.0002100458659697324,4.520619404502213e-05,0.0005627947393804789,0.9971628785133362,0.00013253642828203738,0.0011887097498402,0.0005092224455438554,8.340876956935972e-05,1.898800110211596e-05
resnet50_linear,translation_32_up,test_04215,4215,3,cat,1,bird,0.6642912030220032,False,2.9962197004351765e-05,0.6642912030220032,1.7870066585601307e-05,0.12833604216575623,0.004767428617924452,0.0006371854105964303,4.0373644878854975e-05,0.20183202624320984,2.0100038454984315e-05,2.7778132789535448e-05
resnet50_linear,translation_32_up,test_05705,5705,8,ship,8,ship,0.9897753000259399,True,0.0013833900447934866,0.001412666286341846,0.0005827407003380358,0.0010609845630824566,0.0009539954480715096,0.0013975537149235606,0.0005640239105559886,0.0010501188226044178,0.9897753000259399,0.0018191613489761949
resnet50_linear,translation_32_up,test_03458,3458,4,deer,4,deer,0.9951817393302917,True,2.902240157709457e-05,0.00021834434301126748,2.7709933419828303e-05,0.0010424427455291152,0.9951817393302917,7.0184440119192e-05,0.0031295823864638805,0.00022293147048912942,6.17596524534747e-05,1.618937858438585e-05
resnet50_linear,translation_32_up,test_01220,1220,7,monkey,7,monkey,0.9573667049407959,True,0.0008018830558285117,0.003140079788863659,0.0005332886939868331,0.005431447643786669,0.006448219530284405,0.023861054331064224,0.001282963203266263,0.9573667049407959,0.0005344393430277705,0.000599854567553848
resnet50_linear,translation_32_up,test_00962,962,8,ship,8,ship,0.9989590644836426,True,0.00020484213018789887,0.0001092931124730967,7.29384773876518e-05,0.0001212588613270782,0.00011659193114610389,0.00010354899859521538,4.7153291234280914e-05,5.318206603988074e-05,0.9989590644836426,0.00021205659140832722
resnet50_linear,translation_32_up,test_02950,2950,5,dog,5,dog,0.9849463701248169,True,0.0009556569275446236,0.00012963924382347614,7.324387115659192e-05,0.01017391961067915,0.001162591390311718,0.9849463701248169,0.0004648057511076331,0.0017539486289024353,0.0002046820445684716,0.00013510786811821163
resnet50_linear,translation_32_up,test_02623,2623,5,dog,5,dog,0.9486849308013916,True,5.2489071094896644e-05,0.0009140452020801604,0.00011993026419077069,0.020695844665169716,0.014992756769061089,0.9486849308013916,0.013321207836270332,0.0009639884228818119,0.0001850547851063311,6.977727025514469e-05
resnet50_linear,translation_32_up,test_04539,4539,0,airplane,0,airplane,0.9976084232330322,True,0.9976084232330322,0.0006622800137847662,3.2203588489210233e-06,1.321435411227867e-05,0.0002909765171352774,8.536686436855234e-06,2.2531341528519988e-05,3.704445771290921e-05,0.0013413595734164119,1.2515621165221091e-05
resnet50_linear,translation_32_up,test_01553,1553,0,airplane,0,airplane,0.9890533089637756,True,0.9890533089637756,0.002283489564433694,0.00040460089803673327,0.0009733884362503886,0.0004987356369383633,0.0014642939204350114,0.0005914905341342092,0.0014379573985934258,0.0014721025945618749,0.0018205087399110198
resnet50_linear,translation_32_up,test_04740,4740,4,deer,4,deer,0.9399138689041138,True,3.6909350455971435e-05,4.18912350141909e-05,1.3357102943700738e-05,1.2881712791568134e-05,0.9399138689041138,5.632261309074238e-05,0.05986601114273071,4.0333692595595494e-05,1.2195660019642673e-05,6.319710792013211e-06
resnet50_linear,translation_32_up,test_06844,6844,0,airplane,0,airplane,0.9905747771263123,True,0.9905747771263123,0.004824614617973566,0.0004625254077836871,0.00038628492620773613,0.0006529617821797729,0.0008339800988323987,0.00038485563709400594,0.000645073305349797,0.0007601125980727375,0.00047484278911724687
resnet50_linear,translation_32_up,test_02668,2668,7,monkey,7,monkey,0.9979986548423767,True,1.3975080946693197e-05,0.00026778678875416517,1.830566361604724e-05,0.000625865301117301,0.0005642374162562191,0.00022902133059687912,0.00024461402790620923,0.9979986548423767,2.1770109015051275e-05,1.5658544725738466e-05
resnet50_linear,translation_32_up,test_03153,3153,7,monkey,7,monkey,0.964896559715271,True,8.355110912816599e-05,0.004753515124320984,5.8534085837891325e-05,0.0070028179325163364,0.002977097174152732,0.012039520777761936,0.008075512945652008,0.964896559715271,6.141688936622813e-05,5.148342461325228e-05
resnet50_linear,translation_32_up,test_05135,5135,4,deer,4,deer,0.9915144443511963,True,3.953458872274496e-06,9.21406754059717e-05,9.110350447372184e-07,0.006182420067489147,0.9915144443511963,0.00038127799052745104,0.0018191308481618762,3.0489802611555206e-06,2.1939251837466145e-06,3.7312966583158413e-07
resnet50_linear,translation_32_up,test_02291,2291,3,cat,3,cat,0.937173068523407,True,0.0002272909478051588,0.0016732411459088326,2.10664020414697e-05,0.937173068523407,0.029523126780986786,0.00041629912448115647,0.0005082866991870105,0.030344201251864433,9.081442840397358e-05,2.261138433823362e-05
resnet50_linear,translation_32_up,test_00116,116,1,bird,1,bird,0.9803681373596191,True,0.0008460768149234354,0.9803681373596191,3.5382348869461566e-05,0.00040547753451392055,0.0016418348532170057,0.015275625512003899,0.0009509332594461739,2.0869656509603374e-05,0.0004363911575637758,1.9074172087130137e-05
resnet50_linear,translation_32_up,test_07797,7797,3,cat,3,cat,0.979350745677948,True,7.903833466116339e-05,0.0016858415910974145,0.00010201978147961199,0.979350745677948,0.0007297922275029123,0.0006877202540636063,0.000392622547224164,0.01670115999877453,0.00010501108772587031,0.00016612655599601567
resnet50_linear,translation_32_up,test_04609,4609,3,cat,3,cat,0.9984317421913147,True,1.2372411219985224e-06,0.00012086681090295315,2.819921064656228e-06,0.9984317421913147,0.0009394620428793132,7.9452118370682e-05,3.607888356782496e-05,0.0003776131779886782,6.952771855139872e-06,3.7105501178302802e-06
resnet50_linear,translation_32_up,test_00081,81,0,airplane,0,airplane,0.9960224628448486,True,0.9960224628448486,2.0452678654692136e-05,2.7849615435115993e-05,5.848203363711946e-05,2.7637737730401568e-05,2.5266865122830495e-05,9.89800628303783e-06,1.7850280755737913e-06,0.0036512550432235003,0.00015484681352972984
resnet50_linear,translation_32_up,test_05580,5580,6,horse,6,horse,0.9978694915771484,True,1.3282706277095713e-06,3.42211365023104e-06,4.809936399396975e-06,9.377060450788122e-06,0.00026313334819860756,0.0018455428071320057,0.9978694915771484,1.1909856993952417e-06,1.1115678262285655e-06,5.869030701433076e-07
resnet50_linear,translation_32_up,test_03024,3024,2,car,2,car,0.9928390383720398,True,0.00137474259827286,0.000405111291911453,0.9928390383720398,0.0007722948212176561,0.0007826124783605337,0.0005367686972022057,0.00057638855651021,0.0006733165355399251,0.0005825635744258761,0.0014573376392945647
resnet50_linear,translation_32_up,test_02766,2766,5,dog,5,dog,0.9969696402549744,True,5.9953898016829044e-05,2.8148211640655063e-05,1.537055504741147e-05,0.0019035846926271915,0.0005845812847837806,0.9969696402549744,0.0004018017207272351,1.9209604943171144e-05,5.841938673256664e-06,1.187918951472966e-05
resnet50_linear,translation_32_up,test_05000,5000,8,ship,8,ship,0.9726267457008362,True,0.025291649624705315,0.00023618120758328587,3.695189661812037e-05,5.4368159908335656e-05,0.00015950854867696762,0.0001320685987593606,0.0006311225006356835,3.380293128429912e-05,0.9726267457008362,0.0007976476917974651
resnet50_linear,translation_32_up,test_02610,2610,6,horse,6,horse,0.9917165637016296,True,2.337250180062256e-06,0.00014367036055773497,2.5467745672358433e-06,7.088004349498078e-05,0.007896091789007187,0.00013561609375756234,0.9917165637016296,3.014724097738508e-05,1.3728849808103405e-06,7.588554922222102e-07
resnet50_linear,translation_32_up,test_02024,2024,0,airplane,0,airplane,0.9932848215103149,True,0.9932848215103149,0.0005530273192562163,0.0003778129757847637,5.8020279539050534e-05,0.0014791955472901464,0.0013742538867518306,0.001201758859679103,0.00021051875955890864,0.0011337302858009934,0.00032689038198441267
resnet50_linear,translation_32_up,test_06097,6097,4,deer,4,deer,0.8299413323402405,True,0.0013692706124857068,0.002167444210499525,0.0011726588709279895,0.0035183995496481657,0.8299413323402405,0.0016107306582853198,0.15658897161483765,0.0018501440063118935,0.0009852615185081959,0.0007958281203173101
resnet50_linear,translation_32_up,test_00964,964,6,horse,6,horse,0.997340977191925,True,3.780777842621319e-05,5.314075679052621e-05,7.90045305620879e-06,0.0004074991156812757,0.0002920159022323787,0.0018352025654166937,0.997340977191925,1.6031110135372728e-05,5.183279881748604e-06,4.158802312304033e-06
resnet50_linear,translation_32_up,test_07634,7634,0,airplane,0,airplane,0.9969180822372437,True,0.9969180822372437,0.000605211709626019,0.00012909223733004183,0.0002134778769686818,0.0003889621584676206,0.0003258528304286301,0.00010633268539095297,0.00025547348195686936,0.0005438019288703799,0.0005135774845257401
resnet50_linear,translation_32_up,test_06434,6434,8,ship,8,ship,0.9973735809326172,True,0.0009335621143691242,0.000274262682069093,3.153961733914912e-05,0.00019269959011580795,0.00012970506213605404,0.00024789312737993896,6.144792132545263e-05,5.8168399846181273e-05,0.9973735809326172,0.0006970805115997791
resnet50_linear,translation_32_up,test_05183,5183,2,car,2,car,0.9575827717781067,True,0.011691438965499401,0.005426398012787104,0.9575827717781067,0.005408853758126497,0.001506324508227408,0.004576641600579023,0.002713243942707777,0.002495050197467208,0.00211191619746387,0.006487187463790178
resnet50_linear,translation_32_up,test_06986,6986,0,airplane,0,airplane,0.9955105781555176,True,0.9955105781555176,1.9981578589067794e-05,3.81671852665022e-05,1.763428736012429e-05,2.079039768432267e-05,2.9012036975473166e-05,1.706946932245046e-05,3.3260686905123293e-05,0.004299805499613285,1.3717809451918583e-05
resnet50_linear,translation_32_up,test_00645,645,5,dog,5,dog,0.9980156421661377,True,5.152796802576631e-06,0.0002594836987555027,5.08018729306059e-06,0.000894022174179554,0.0004627698799595237,0.9980156421661377,0.0003180400817655027,3.444926915108226e-05,2.2149818050820613e-06,3.04440663967398e-06
resnet50_linear,translation_32_up,test_03347,3347,0,airplane,0,airplane,0.9968876242637634,True,0.9968876242637634,0.0005701977061107755,4.8399939259979874e-05,0.000127023842651397,0.0005846577696502209,0.0001104050679714419,0.0001627061574254185,0.00029287749202921987,0.0011091702617704868,0.00010699775884859264
resnet50_linear,translation_32_up,test_05677,5677,2,car,2,car,0.9980618357658386,True,1.625516415515449e-05,5.6559765653219074e-05,0.9980618357658386,0.00022863362391944975,3.37701931130141e-05,7.046653627185151e-05,4.225144220981747e-05,1.914329368446488e-05,0.00010135101911146194,0.0013697239337489009
resnet50_linear,translation_32_up,test_03412,3412,8,ship,8,ship,0.982541561126709,True,0.015083023346960545,0.000621309329289943,0.00023014441831037402,0.00021190434927120805,0.000255854451097548,0.00033714459277689457,0.00013844035856891423,0.00018469005590304732,0.982541561126709,0.0003959117457270622
resnet50_linear,translation_32_up,test_03937,3937,1,bird,1,bird,0.9926260113716125,True,0.00043511283001862466,0.9926260113716125,0.0007199114770628512,0.0014493701746687293,0.0005987444892525673,0.0006772836786694825,0.0006522650364786386,0.002160683274269104,0.0003704185946844518,0.00031010937527753413
resnet50_linear,translation_32_up,test_00873,873,6,horse,6,horse,0.9539018273353577,True,4.7321460442617536e-05,0.00010041224595624954,5.0742812163662165e-05,0.001016078400425613,0.029984960332512856,0.014569240622222424,0.9539018273353577,4.605365029419772e-05,0.00025823130272328854,2.5098153855651617e-05
resnet50_linear,translation_32_up,test_02167,2167,9,truck,9,truck,0.8901403546333313,True,0.06544628739356995,0.00042164299520663917,0.002440793439745903,0.00037025794154033065,0.00162292062304914,0.0035394993610680103,0.004482615273445845,5.994338425807655e-05,0.03147565573453903,0.8901403546333313
resnet50_linear,translation_32_up,test_06490,6490,3,cat,3,cat,0.9875302314758301,True,0.00021346626454032958,0.003536813659593463,7.925747922854498e-05,0.9875302314758301,0.0022422021720558405,0.00381783046759665,0.002149672945961356,0.00018309304141439497,0.00016881240298971534,7.877143798395991e-05
resnet50_linear,translation_32_up,test_00738,738,3,cat,3,cat,0.9629882574081421,True,6.39196514384821e-05,0.005456069018691778,0.00011405336408643052,0.9629882574081421,0.0009500124142505229,0.029766904190182686,0.0002691366826184094,0.00036019482649862766,2.0068873709533364e-05,1.1332946087350138e-05
resnet50_linear,translation_32_up,test_06616,6616,2,car,2,car,0.9902555346488953,True,0.007280034013092518,0.0002792646992020309,0.9902555346488953,0.00019960432837251574,0.00020619650604203343,0.0002155160327674821,0.00028684583958238363,0.00022279260156210512,0.0006473868852481246,0.0004068341222591698
resnet50_linear,translation_32_up,test_04093,4093,6,horse,6,horse,0.9326928853988647,True,0.0008077531820163131,0.001300834002904594,7.613912021042779e-05,0.002138555748388171,0.05763664469122887,0.00524941785261035,0.9326928853988647,3.5150194889865816e-05,4.645001172320917e-05,1.6192983821383677e-05
resnet50_linear,translation_32_up,test_05788,5788,9,truck,9,truck,0.9979117512702942,True,7.279019337147474e-05,0.00010128534631803632,0.0005086910678073764,0.0002691608387976885,6.588085670955479e-05,0.00011308844841551036,6.248131103347987e-05,4.2278665205230936e-05,0.0008525332086719573,0.9979117512702942
resnet50_linear,translation_32_up,test_07818,7818,8,ship,8,ship,0.9924444556236267,True,0.003132621757686138,0.0004490901483222842,0.00045764161041006446,0.0008272373233921826,0.00038573762867599726,0.0004067651752848178,0.0004426107043400407,0.00040254570194520056,0.9924444556236267,0.0010513041634112597
resnet50_linear,translation_32_up,test_00304,304,1,bird,1,bird,0.9808436036109924,True,2.991684596054256e-06,0.9808436036109924,2.650506871759717e-07,0.013372422195971012,0.004747246392071247,2.588194729469251e-05,6.3860347836453e-06,0.0009846566244959831,1.474760938435793e-05,1.746149450809753e-06
resnet50_linear,translation_32_up,test_02082,2082,2,car,2,car,0.9935570359230042,True,0.001558760181069374,0.0003352567146066576,0.9935570359230042,0.000254578422755003,0.0005409698351286352,0.0005946768797002733,0.001031509367749095,0.0004953927709721029,0.0006382059655152261,0.0009936867281794548
resnet50_linear,translation_32_up,test_02746,2746,7,monkey,7,monkey,0.9905447959899902,True,0.0003497345605865121,0.0019807834178209305,0.00020393427985254675,0.0028939759358763695,0.0010544249089434743,0.0019314353121444583,0.0007037725881673396,0.9905447959899902,0.0001799648453015834,0.00015713917673565447
resnet50_linear,translation_32_up,test_07944,7944,4,deer,4,deer,0.9394538402557373,True,6.588164251297712e-05,0.00044049747521057725,7.963609095895663e-05,0.003997928462922573,0.9394538402557373,0.0008071279735304415,0.054877109825611115,5.017008516006172e-05,0.00016988416609819978,5.791682633571327e-05
resnet50_linear,translation_32_up,test_06689,6689,8,ship,8,ship,0.9459683299064636,True,0.035079021006822586,0.000494920474011451,0.0003494797565508634,0.0003267290012445301,0.00018813073984347284,0.00015891405928414315,0.00022696753148920834,0.00018549157539382577,0.9459683299064636,0.017021989449858665
resnet50_linear,translation_32_up,test_02414,2414,9,truck,9,truck,0.7768177390098572,True,0.05613267421722412,0.00024471303913742304,0.005783804226666689,0.001630669692531228,0.004911734722554684,0.000883309927303344,0.0013941553188487887,0.001414773752912879,0.1507863998413086,0.7768177390098572
resnet50_linear,translation_32_up,test_03779,3779,6,horse,6,horse,0.8871085047721863,True,4.174012701696483e-06,6.03836597292684e-05,3.953794930566801e-06,9.233049058821052e-05,0.1097157821059227,0.0029809281695634127,0.8871085047721863,2.8645208658417687e-05,3.31289538735291e-06,2.015446852965397e-06
resnet50_linear,translation_32_up,test_02095,2095,1,bird,1,bird,0.9969889521598816,True,0.00010334507533116266,0.9969889521598816,6.25633547315374e-05,0.0005140285356901586,0.0005377610214054585,0.00017950180335901678,0.00016149732982739806,0.001362025155685842,4.5490418415283784e-05,4.476879985304549e-05
resnet50_linear,translation_32_up,test_07262,7262,0,airplane,0,airplane,0.997611403465271,True,0.997611403465271,0.0007367976359091699,8.7801854533609e-05,0.00012604135554283857,0.0002720945922192186,0.0001710580982035026,8.819763752399012e-05,8.365895337192342e-05,0.000634463329333812,0.00018844423175323755
resnet50_linear,translation_32_up,test_05694,5694,8,ship,8,ship,0.9757600426673889,True,0.002899204147979617,0.0060309492982923985,0.0030402615666389465,0.0019039139151573181,0.001393209444358945,0.001427401090040803,0.0011035870993509889,0.0015154164284467697,0.9757600426673889,0.0049259657971560955
resnet50_linear,translation_32_up,test_07413,7413,5,dog,5,dog,0.8440091609954834,True,0.00015221661305986345,0.0007863725768402219,0.0002101705176755786,0.10753078758716583,0.006381610874086618,0.8440091609954834,0.0384790301322937,0.0021053976379334927,0.00011396203626645729,0.00023125196457840502
resnet50_linear,translation_32_up,test_06805,6805,1,bird,1,bird,0.972770094871521,True,0.016675790771842003,0.972770094871521,0.0002452807384543121,0.000956580915953964,0.0029377618338912725,0.0015021958388388157,0.0011748822871595621,0.0024222279898822308,0.0010723726591095328,0.00024268684501294047
resnet50_linear,translation_32_up,test_03446,3446,7,monkey,7,monkey,0.6484320759773254,True,1.2028716810164042e-05,0.002725941129028797,8.16581268736627e-06,0.3156002461910248,0.03240937739610672,0.0007014040602371097,9.714077168609947e-05,0.6484320759773254,1.0562540410319343e-05,3.0564817734557437e-06
resnet50_linear,translation_32_up,test_02807,2807,5,dog,3,cat,0.415683388710022,False,6.46016196697019e-05,0.011565829627215862,1.0715942153183278e-05,0.415683388710022,0.2075851708650589,0.24946539103984833,0.0008540896233171225,0.1147521361708641,5.777532805950614e-06,1.2868134945165366e-05
resnet50_linear,translation_32_up,test_07940,7940,4,deer,4,deer,0.995805025100708,True,0.00012817312381230295,0.0002071747585432604,7.137400098145008e-05,0.000676083262078464,0.995805025100708,0.00030209679971449077,0.002548410790041089,0.00016758237325120717,5.5198070185724646e-05,3.876827031490393e-05
resnet50_linear,translation_32_up,test_04172,4172,7,monkey,7,monkey,0.9943118095397949,True,8.492454799124971e-05,0.0010100695071741939,0.00010738652781583369,0.0028350437059998512,0.0006020774599164724,0.000465627817902714,0.0004577019135467708,0.9943118095397949,7.615186768816784e-05,4.935841207043268e-05
resnet50_linear,translation_32_up,test_07744,7744,3,cat,3,cat,0.9190657138824463,True,5.5492197134299204e-05,0.0026472497265785933,6.331572512863204e-05,0.9190657138824463,1.90009486686904e-05,0.0773349478840828,0.0001920774666359648,0.000596910307649523,1.4743749488843605e-05,1.0563142495811917e-05
resnet50_linear,translation_32_up,test_01586,1586,2,car,2,car,0.9979091286659241,True,3.228447894798592e-05,0.00023918419901747257,0.9979091286659241,7.226998422993347e-05,0.00012242213415447623,0.00016633918858133256,0.00010217023373115808,4.48069185949862e-05,0.00019893048738595098,0.0011124185984954238
resnet50_linear,translation_32_up,test_07999,7999,8,ship,8,ship,0.9851735830307007,True,0.006751557812094688,0.0012406680034473538,0.00040671578608453274,0.0008898412343114614,0.000496462918817997,0.0017867221031337976,0.0006111320108175278,0.001182354288175702,0.9851735830307007,0.0014609560603275895
resnet50_linear,translation_32_up,test_06349,6349,1,bird,1,bird,0.999421238899231,True,9.912681662171963e-07,0.999421238899231,3.6747050558005867e-07,0.00012470207002479583,0.00030384541605599225,5.8147270465269685e-06,2.988900632772129e-06,0.0001396799343638122,4.068815826485661e-07,7.92697179008428e-08
resnet50_linear,translation_32_up,test_06594,6594,1,bird,1,bird,0.9907427430152893,True,0.003727351315319538,0.9907427430152893,0.00028347960324026644,0.0004505366669036448,0.0002964831655845046,0.00206594355404377,0.0005994430975988507,0.0005207870271988213,0.0012546348152682185,5.8842033467954025e-05
resnet50_linear,translation_32_up,test_02109,2109,8,ship,8,ship,0.8831727504730225,True,0.11321638524532318,0.0003757258236873895,0.0011486957082524896,0.00021919856953900307,0.00013798638246953487,0.00029445800464600325,0.00014408057904802263,0.00029285834170877934,0.8831727504730225,0.0009979051537811756
resnet50_linear,translation_32_up,test_03079,3079,1,bird,1,bird,0.9943009614944458,True,0.0007391021936200559,0.9943009614944458,0.0003402200236450881,0.0008948494214564562,0.0013236828381195664,0.0006513425032608211,0.00026847762637771666,0.0011882424587383866,0.0001618547539692372,0.00013107909762766212
resnet50_linear,translation_32_up,test_02070,2070,1,bird,1,bird,0.9969651103019714,True,1.5239538697642274e-06,0.9969651103019714,2.4671212486282457e-06,0.0009173350408673286,0.0011684405617415905,8.672146213939413e-05,5.569499990087934e-07,0.0008540136623196304,2.744045787039795e-06,9.356878649668943e-07
resnet50_linear,translation_32_up,test_00319,319,5,dog,5,dog,0.9931950569152832,True,0.00023350959236267954,0.00155055511277169,0.00010483048390597105,0.000465273653389886,0.0007534059113822877,0.9931950569152832,0.0018980475142598152,0.0016375274863094091,9.445812611375004e-05,6.723382830386981e-05
resnet50_linear,translation_32_up,test_02888,2888,0,airplane,0,airplane,0.9905287623405457,True,0.9905287623405457,0.0008455034694634378,0.0010740624275058508,0.0005249404348433018,0.0008652816177345812,0.0004104409599676728,0.0005782288499176502,0.0007728327764198184,0.0010337040293961763,0.003366256132721901
resnet50_linear,translation_32_up,test_06224,6224,5,dog,5,dog,0.9410602450370789,True,0.0019284640438854694,0.0023481620009988546,0.0019420958124101162,0.011865297332406044,0.006204694975167513,0.9410602450370789,0.025429824367165565,0.007298747543245554,0.0012381870765239,0.0006843280280008912
resnet50_linear,translation_32_up,test_03353,3353,5,dog,3,cat,0.8597146272659302,False,5.818819772684947e-06,0.0006607602699659765,9.820892955758609e-06,0.8597146272659302,0.0011620766017585993,0.1332726627588272,0.0008457263465970755,0.004275403916835785,2.8727214157697745e-05,2.4349588784389198e-05
resnet50_linear,translation_32_up,test_06244,6244,2,car,2,car,0.9880945086479187,True,0.00036718969931825995,0.00126368657220155,0.9880945086479187,0.00036390111199580133,0.0003479722945485264,0.0004895468009635806,0.001104793162085116,0.0002968842163681984,0.0008496378432027996,0.006822088733315468
resnet50_linear,translation_32_up,test_04704,4704,7,monkey,7,monkey,0.9960589408874512,True,8.713896022527479e-06,0.002541384194046259,2.2172467652126215e-05,0.0006958089652471244,0.00029616738902404904,0.0002608207578305155,8.311754208989441e-05,0.9960589408874512,1.5333496776293032e-05,1.7550391930853948e-05
resnet50_linear,translation_32_up,test_02427,2427,5,dog,5,dog,0.9772846698760986,True,0.0004475753812585026,0.0006506748031824827,0.00026751344557851553,0.0037614309694617987,0.0020986171439290047,0.9772846698760986,0.007097191177308559,0.007617700845003128,0.000617672863882035,0.00015706190606579185
resnet50_linear,translation_32_up,test_07995,7995,9,truck,9,truck,0.9717082977294922,True,0.00019854327547363937,0.00024861309793777764,0.02609831467270851,0.000771122460719198,7.028784602880478e-05,0.0001910155260702595,0.00035355135332793,0.0001096175765269436,0.00025069230468943715,0.9717082977294922
resnet50_linear,translation_32_up,test_01124,1124,4,deer,4,deer,0.9866859912872314,True,0.000366378080798313,0.0013038738397881389,0.0002799674402922392,0.0034043602645397186,0.9866859912872314,0.005214217118918896,0.00144208874553442,0.0007773077813908458,0.00034769190824590623,0.000178074260475114
resnet50_linear,translation_32_up,test_06733,6733,1,bird,1,bird,0.935482919216156,True,0.0022550339344888926,0.935482919216156,0.0011646164348348975,0.006807937752455473,0.019536390900611877,0.017288386821746826,0.004052729345858097,0.011026319116353989,0.000849419622682035,0.0015363292768597603
resnet50_linear,translation_32_up,test_02062,2062,9,truck,9,truck,0.99565589427948,True,0.0001225810992764309,0.00021759320225100964,0.0020265686325728893,0.0008110662456601858,8.59108185977675e-05,0.00025807274505496025,0.00013289490016177297,0.00012899324065074325,0.0005604001926258206,0.99565589427948
resnet50_linear,translation_32_up,test_00805,805,9,truck,9,truck,0.9966511130332947,True,0.00010315755207557231,2.9372631615842693e-05,0.00032867019763216376,7.743722380837426e-05,7.897357136243954e-05,3.554129580152221e-05,0.00013905639934819192,1.6479289115522988e-05,0.00254021561704576,0.9966511130332947
resnet50_linear,translation_32_up,test_02028,2028,3,cat,3,cat,0.9999382495880127,True,1.3446690161345032e-07,1.4018020920048002e-05,6.710235567197742e-08,0.9999382495880127,4.0367416659137234e-05,1.313674374614493e-06,4.523970346781425e-06,9.512882570561487e-07,3.164605857364222e-07,2.377858798752186e-08
resnet50_linear,translation_32_up,test_02392,2392,2,car,2,car,0.9973909854888916,True,0.0002015547943301499,0.00012958789011463523,0.9973909854888916,0.00010965066030621529,8.202857861761004e-05,0.00019400590099394321,8.699090540176257e-05,4.726538099930622e-05,0.00017563716392032802,0.0015821506967768073
resnet50_linear,translation_32_up,test_03292,3292,6,horse,6,horse,0.944619357585907,True,0.012275662273168564,0.0017534882063046098,0.00999988242983818,0.001952501479536295,0.014922861009836197,0.008577932603657246,0.944619357585907,0.0011619364377111197,0.000269817013759166,0.004466712940484285
resnet50_linear,translation_32_up,test_01440,1440,7,monkey,7,monkey,0.9799162149429321,True,0.0001321346644544974,0.0003682664828374982,9.362479613628238e-05,0.009465721435844898,0.0008325807866640389,0.008588279597461224,0.0005161050357855856,0.9799162149429321,4.9644721002550796e-05,3.739725798368454e-05
resnet50_linear,translation_32_up,test_01115,1115,1,bird,1,bird,0.5363196730613708,True,3.600765558076091e-05,0.5363196730613708,8.463243830192368e-06,0.44471558928489685,0.01689954102039337,0.0005933010834269226,0.0013284466695040464,5.8521152823232114e-05,3.936410212190822e-05,1.1542178981471807e-06
resnet50_linear,translation_32_up,test_04242,4242,8,ship,8,ship,0.977482795715332,True,0.005818811245262623,0.0016968471463769674,0.0013846858637407422,0.00295022944919765,0.001649136422201991,0.002059254329651594,0.0017647059867158532,0.0017892868490889668,0.977482795715332,0.003404263174161315
resnet50_linear,translation_32_up,test_02230,2230,8,ship,8,ship,0.9818050265312195,True,0.016776667907834053,6.49648645776324e-05,0.0003125416988041252,5.507615423994139e-05,2.7301672162138857e-05,6.123656203271821e-05,4.658681064029224e-05,1.9721883290912956e-05,0.9818050265312195,0.0008308693068102002
resnet50_linear,translation_32_up,test_03163,3163,2,car,2,car,0.9996994733810425,True,7.163218924688408e-06,3.554720387910493e-05,0.9996994733810425,1.8886630641645752e-05,2.3436343326466158e-05,8.888931915862486e-05,2.8438222216209397e-05,1.4636243577115238e-05,1.76696885318961e-05,6.593483703909442e-05
resnet50_linear,translation_32_up,test_00545,545,6,horse,6,horse,0.9711771011352539,True,0.008541143499314785,0.0002571075165178627,0.014779200777411461,0.0004648198373615742,0.0019026666413992643,0.0006463134195655584,0.9711771011352539,0.0013068901607766747,0.00014258315786719322,0.0007822138140909374
resnet50_linear,translation_32_up,test_03863,3863,5,dog,5,dog,0.9558440446853638,True,0.0003664760442916304,0.0013972794404253364,0.0007452505524270236,0.002545360941439867,0.0011012849863618612,0.9558440446853638,0.03259548917412758,0.0040029254741966724,0.0008623393368907273,0.0005395234329625964
resnet50_linear,translation_32_up,test_04748,4748,7,monkey,7,monkey,0.9687300324440002,True,0.0027500377036631107,0.003942272625863552,0.0031005493365228176,0.004598450846970081,0.0032236031256616116,0.005506555084139109,0.0024374593049287796,0.9687300324440002,0.0026960091199725866,0.0030149470549076796
resnet50_linear,translation_32_up,test_02399,2399,4,deer,4,deer,0.9683425426483154,True,0.0020649393554776907,0.0014153599040582776,0.00044630878255702555,0.0024917139671742916,0.9683425426483154,0.0017065719002857804,0.02033710852265358,0.001175791840068996,0.0014197846176102757,0.0005999558488838375
resnet50_linear,translation_32_up,test_04341,4341,6,horse,6,horse,0.9969590902328491,True,0.00023108828463591635,0.0002556850959081203,0.0007358974544331431,0.00040247992728836834,0.00025947982794605196,0.00020160838903393596,0.9969590902328491,0.00019869429524987936,0.00017725962970871478,0.000578831706661731
resnet50_linear,translation_32_up,test_03078,3078,4,deer,4,deer,0.9932189583778381,True,0.00010244420991512015,0.00014493953494820744,6.473095709225163e-05,0.005232732743024826,0.9932189583778381,0.0003202995576430112,0.0007078952039591968,0.00010446075611980632,6.688026041956618e-05,3.671886588563211e-05
resnet50_linear,translation_32_up,test_03763,3763,4,deer,4,deer,0.9676581025123596,True,0.0027382327243685722,0.006302380934357643,0.001261088764294982,0.003219299018383026,0.9676581025123596,0.003423411166295409,0.00939242821186781,0.0023767477832734585,0.002609731862321496,0.0010185695718973875
resnet50_linear,translation_32_up,test_02958,2958,6,horse,6,horse,0.994421660900116,True,0.0005838650977239013,0.0006620331550948322,0.0007398435263894498,0.00033993955003097653,0.0013973310124129057,0.0005687617813237011,0.994421660900116,0.00024190418480429798,0.0006658868514932692,0.00037874316330999136
resnet50_linear,translation_32_up,test_06381,6381,6,horse,6,horse,0.9767098426818848,True,0.002655145712196827,0.0012972959084436297,0.003122788155451417,0.00182454870082438,0.004526023752987385,0.00402194494381547,0.9767098426818848,0.002277413848787546,0.0014545737067237496,0.002110500819981098
resnet50_linear,translation_32_up,test_01640,1640,8,ship,8,ship,0.9881701469421387,True,0.011073209345340729,0.00015765271382406354,4.930304203298874e-05,3.291370740043931e-05,2.292679710080847e-05,7.862060738261789e-05,0.0002283969079144299,5.655816494254395e-06,0.9881701469421387,0.00018117150466423482
resnet50_linear,translation_32_up,test_01783,1783,8,ship,8,ship,0.997377872467041,True,0.0014900144888088107,0.00011690256360452622,4.589536911225878e-05,8.581157453591004e-05,0.00010341616143705323,0.00018486558110453188,0.00011521172564243898,0.00010513512825127691,0.997377872467041,0.0003748492163140327
resnet50_linear,translation_32_up,test_03914,3914,3,cat,3,cat,0.9985060691833496,True,4.5208325900603086e-05,0.0007350576925091445,8.024865383049473e-05,0.9985060691833496,0.00012383722059894353,0.0002629385853651911,0.0001272531080758199,2.4640294213895686e-05,4.5086264435667545e-05,4.9778129323385656e-05
resnet50_linear,translation_32_up,test_01534,1534,6,horse,6,horse,0.9882991313934326,True,0.0005348082049749792,3.545743311406113e-05,0.00026491470634937286,0.00010481961362529546,0.008743619546294212,0.0015095183625817299,0.9882991313934326,0.00017214819672517478,0.00011386431287974119,0.00022173473553266376
resnet50_linear,translation_32_up,test_00685,685,5,dog,5,dog,0.9972553849220276,True,1.6254147340077907e-05,4.862445348408073e-05,3.751953045139089e-05,0.0021700242068618536,9.91171837085858e-05,0.9972553849220276,0.0002685316721908748,8.075972436927259e-05,1.1452068065409549e-05,1.2359443644527346e-05
resnet50_linear,translation_32_up,test_04617,4617,0,airplane,0,airplane,0.9926955699920654,True,0.9926955699920654,0.0007242297288030386,6.718470103805885e-05,8.485517901135609e-05,0.001080160727724433,0.00028749395278282464,0.0003864715981762856,9.001193393487483e-05,0.004135438706725836,0.0004484718374442309
resnet50_linear,translation_32_up,test_05508,5508,9,truck,9,truck,0.9984099864959717,True,0.00012337020598351955,0.00010211219341726974,0.0005841436795890331,0.00016838136070873588,4.892113065579906e-05,9.673063323134556e-05,7.667334284633398e-05,8.891795005183667e-05,0.0003007206541951746,0.9984099864959717
resnet50_linear,translation_32_up,test_01022,1022,9,truck,9,truck,0.9955059289932251,True,5.965995296719484e-05,1.1579636520764325e-05,0.0021327717695385218,0.00040042781620286405,2.145670077879913e-05,3.493341137073003e-05,3.2336884032702073e-05,3.3715027711878065e-06,0.0017974928487092257,0.9955059289932251
resnet50_linear,translation_32_up,test_01230,1230,1,bird,1,bird,0.8337022066116333,True,0.0013642215635627508,0.8337022066116333,0.0011016791686415672,0.011658305302262306,0.007784287445247173,0.004224658478051424,0.0033169607631862164,0.13364525139331818,0.0015523245092481375,0.0016500534256920218
resnet50_linear,translation_32_up,test_07475,7475,4,deer,4,deer,0.8970761299133301,True,0.0012491358211264014,0.0022976647596806288,0.000571868265978992,0.0008557053515687585,0.8970761299133301,0.0007689363555982709,0.09265311062335968,0.0019916524179279804,0.001200513681396842,0.0013353385729715228
resnet50_linear,translation_32_up,test_05756,5756,2,car,2,car,0.9999046325683594,True,1.6858422213772428e-06,5.8074174376088195e-06,0.9999046325683594,1.735980185912922e-05,6.81617166264914e-06,1.0529804058023728e-05,1.3216947081673425e-05,2.734683221206069e-06,4.152936071477598e-06,3.307242877781391e-05
resnet50_linear,translation_32_up,test_03122,3122,4,deer,4,deer,0.9733113050460815,True,0.00018395717779640108,0.00016617085202597082,0.00028301411657594144,0.013295223005115986,0.9733113050460815,0.0014283769996836782,0.00757626025006175,0.003169851377606392,0.0002488919417373836,0.0003368866164237261
resnet50_linear,translation_32_up,test_07202,7202,1,bird,1,bird,0.9351191520690918,True,0.013392637483775616,0.9351191520690918,0.0013892148854210973,0.00808735005557537,0.01147545501589775,0.009113704785704613,0.007130890153348446,0.011165082454681396,0.002491314196959138,0.0006350415642373264
resnet50_linear,translation_32_up,test_04723,4723,9,truck,9,truck,0.9830734729766846,True,0.0064854915253818035,0.0007311362423934042,0.0019127028062939644,0.000733479333575815,0.0013109944993630052,0.0004240860871504992,0.0028368784114718437,0.0005013876943849027,0.001990372547879815,0.9830734729766846
resnet50_linear,translation_32_up,test_01552,1552,5,dog,5,dog,0.9896230697631836,True,0.00012203022197354585,0.00041814829455688596,0.0001240675919689238,0.0011925844009965658,0.0033725243993103504,0.9896230697631836,0.0031247769948095083,0.0018901448929682374,6.341993866953999e-05,6.925734487595037e-05
resnet50_linear,translation_32_up,test_00603,603,9,truck,9,truck,0.9153150320053101,True,0.0557580329477787,3.122698763036169e-05,0.02777825854718685,0.00013488804688677192,2.966945612570271e-05,0.00022075009474065155,0.00017199151625391096,0.00010219093383057043,0.00045792729360982776,0.9153150320053101
resnet50_linear,translation_32_up,test_02861,2861,3,cat,3,cat,0.9991387128829956,True,1.1752453247027006e-05,9.578558092471212e-05,1.0299589121132158e-05,0.9991387128829956,4.822909977519885e-05,0.0003524947678670287,5.6618308008182794e-05,0.0002673660055734217,1.5999883544282056e-05,2.908853048211313e-06
resnet50_linear,translation_32_up,test_06426,6426,2,car,2,car,0.9995506405830383,True,2.4177454179152846e-05,5.501994019141421e-05,0.9995506405830383,4.6923913032514974e-05,1.8608541722642258e-05,8.74222896527499e-05,2.9250870284158736e-05,2.0043487893417478e-05,0.00010385338100604713,6.39690988464281e-05
resnet50_linear,translation_32_up,test_07864,7864,4,deer,4,deer,0.9530588984489441,True,0.0024901535362005234,0.004466063808649778,0.002267317147925496,0.004368748515844345,0.9530588984489441,0.004195788875222206,0.020997019484639168,0.005069308914244175,0.0020819089841097593,0.0010049411794170737
resnet50_linear,translation_32_up,test_05729,5729,6,horse,6,horse,0.9943028688430786,True,0.00010195490904152393,0.00019938456534873694,0.0003046695201192051,0.00019787182100117207,0.003965744283050299,0.0005137472762726247,0.9943028688430786,0.00022085124510340393,5.939852417213842e-05,0.00013363546167965978
resnet50_linear,translation_32_up,test_07474,7474,5,dog,5,dog,0.9947590231895447,True,8.995334792416543e-05,0.0007288226624950767,4.9040318117477e-05,7.878028554841876e-05,0.00016248294559773058,0.9947590231895447,0.0038166423328220844,0.00013568477879744023,0.00012814733781851828,5.138259075465612e-05
resnet50_linear,translation_32_up,test_04298,4298,1,bird,1,bird,0.9994285702705383,True,4.090661241207272e-05,0.9994285702705383,2.6138619432458654e-05,0.00010702697181841359,0.00020750807016156614,5.8883786550723016e-05,1.5320360034820624e-05,5.8500874729361385e-05,4.3377247493481264e-05,1.3868036148778629e-05
resnet50_linear,translation_32_up,test_01175,1175,0,airplane,0,airplane,0.9968967437744141,True,0.9968967437744141,0.0013767180498689413,2.2675440050079487e-05,0.00020603981101885438,0.0004605376161634922,0.00027273385785520077,0.00013576618221122772,0.00023719787714071572,0.00033815912320278585,5.3331437811721116e-05
resnet50_linear,translation_32_up,test_03454,3454,2,car,2,car,0.997619092464447,True,6.894808757351711e-05,0.0001735827827360481,0.997619092464447,0.0002563624002505094,5.484286157297902e-05,0.0002993360976688564,6.314578786259517e-05,4.079409336554818e-05,0.0001501224032836035,0.001273869420401752
resnet50_linear,translation_32_up,test_02754,2754,3,cat,3,cat,0.9929361939430237,True,0.00027232032152824104,0.0005584562313742936,0.0005836955970153213,0.9929361939430237,0.0010383105836808681,0.0007398082525469363,0.0024657994508743286,0.00029851088766008615,0.00042325735557824373,0.0006835510721430182
resnet50_linear,translation_32_up,test_00855,855,4,deer,4,deer,0.6933678388595581,True,5.751910794060677e-05,0.00013011622650083154,4.0861519664758816e-05,0.001034300890751183,0.6933678388595581,6.333628698484972e-05,0.30489763617515564,6.043982648407109e-05,0.00023461284581571817,0.0001134056510636583
resnet50_linear,translation_32_up,test_02854,2854,7,monkey,7,monkey,0.9954121708869934,True,6.443752499762923e-05,0.0004702596925199032,7.318110874621198e-05,0.0007762260502204299,0.0013305452885106206,0.0012422128347679973,0.0004946300759911537,0.9954121708869934,6.626372487517074e-05,7.012106652837247e-05
resnet50_linear,translation_32_up,test_05092,5092,1,bird,1,bird,0.9993199110031128,True,9.552560368319973e-05,0.9993199110031128,5.4554195230593905e-05,4.0542741771787405e-05,0.0003005369217135012,5.206505738897249e-05,3.6331672163214535e-05,6.758300150977448e-05,2.1774330889456905e-05,1.1197631465620361e-05
resnet50_linear,translation_32_up,test_05590,5590,9,truck,9,truck,0.9934341907501221,True,0.0016815023263916373,9.474587568547577e-05,0.00152497342787683,0.0004685772582888603,0.00019762203737627715,4.641815394279547e-05,0.00011154406820423901,1.7678683434496634e-05,0.00242277211509645,0.9934341907501221
resnet50_linear,translation_32_up,test_04463,4463,3,cat,3,cat,0.9993969202041626,True,1.9838063963106833e-05,0.0001801510079530999,4.582567999023013e-05,0.9993969202041626,8.739267650526017e-05,0.00011498413368826732,2.2990334400674328e-05,6.136482988949865e-05,4.936495315632783e-05,2.1214436856098473e-05
resnet50_linear,translation_32_up,test_05318,5318,2,car,2,car,0.992435872554779,True,0.0007961599621921778,5.888769737794064e-05,0.992435872554779,0.00013467090320773423,0.0007540687802247703,0.000295686477329582,0.001676684245467186,0.0002099272096529603,2.9561695555457845e-05,0.00360860419459641
resnet50_linear,translation_32_up,test_03515,3515,6,horse,6,horse,0.8511635065078735,True,0.00016053758736234158,0.0001911459257826209,9.674811735749245e-05,0.0002352525625610724,0.14720816910266876,0.0007353483233600855,0.8511635065078735,7.420277688652277e-05,5.441878965939395e-05,8.06166572147049e-05
resnet50_linear,translation_32_up,test_04642,4642,4,deer,4,deer,0.9937551021575928,True,6.0173202655278146e-05,0.0003922650357708335,8.096540841506794e-05,0.002832333790138364,0.9937551021575928,0.00027585908537730575,0.0022229866590350866,0.00026499072555452585,8.09590783319436e-05,3.4349770430708304e-05
resnet50_linear,translation_32_up,test_00852,852,9,truck,9,truck,0.9966006875038147,True,0.00018091492529492825,0.0001829071989050135,0.001218470511958003,0.0005092563224025071,6.831901555415243e-05,9.397395479027182e-05,0.00012278450594749302,7.76478264015168e-05,0.0009450956713408232,0.9966006875038147
resnet50_linear,translation_32_up,test_01247,1247,8,ship,8,ship,0.9908623695373535,True,0.0011669305386021733,0.0008749976404942572,0.0008801774238236248,0.0012519421288743615,0.0004857425519730896,0.0014218537835404277,0.0009218072518706322,0.0004596440412569791,0.9908623695373535,0.0016745480243116617
resnet50_linear,translation_32_up,test_07084,7084,2,car,2,car,0.9991065859794617,True,2.380729347351007e-05,4.725060716737062e-05,0.9991065859794617,3.205424582120031e-05,4.655133670894429e-05,0.00010800403106259182,7.727700722170994e-05,1.9550858269212767e-05,5.675433931173757e-05,0.0004819669702555984
resnet50_linear,translation_32_up,test_05301,5301,9,truck,9,truck,0.9956069588661194,True,0.0012617046013474464,3.4138531646021875e-06,0.00041520982631482184,1.1998223271802999e-05,7.5738630584964994e-06,1.1095272384409327e-05,3.822659891739022e-06,1.55975806137576e-06,0.0026766881346702576,0.9956069588661194
resnet50_linear,translation_32_up,test_05082,5082,6,horse,6,horse,0.9812486171722412,True,0.0011625769548118114,0.0018903493182733655,0.003869026666507125,0.0008084044675342739,0.00029331009136512876,0.007959878072142601,0.9812486171722412,0.001121091772802174,0.0007755925180390477,0.0008712058188393712
resnet50_linear,translation_32_up,test_05077,5077,4,deer,4,deer,0.9755953550338745,True,2.1883868612349033e-05,0.00016878651513252407,1.9747043552342802e-05,0.00039880143594928086,0.9755953550338745,4.9936708819586784e-05,0.023609941825270653,0.0001256302057299763,6.016629868099699e-06,3.938659119739896e-06
resnet50_linear,translation_32_up,test_01563,1563,3,cat,3,cat,0.9027695655822754,True,0.00014736091543454677,0.002245731418952346,5.979554043733515e-05,0.9027695655822754,0.018268125131726265,0.016653619706630707,0.007743713911622763,0.05205162987112999,3.515989737934433e-05,2.5248156816815026e-05
resnet50_linear,translation_32_up,test_00029,29,7,monkey,7,monkey,0.9981279969215393,True,5.9822255025210325e-06,0.0002957845863420516,3.467840997473104e-06,0.0010996335186064243,0.00025065187946893275,0.00015575192810501903,4.838632230530493e-05,0.9981279969215393,9.88486863207072e-06,2.4770547497610096e-06
resnet50_linear,translation_32_up,test_03867,3867,7,monkey,7,monkey,0.9942954182624817,True,0.0002351837611058727,0.0010401821928098798,6.973001291044056e-05,0.0002757470356300473,0.00021839613327756524,0.0033465540036559105,0.0003740884712897241,0.9942954182624817,0.00011581577564356849,2.896236583183054e-05
resnet50_linear,translation_32_up,test_04620,4620,6,horse,6,horse,0.9998562335968018,True,6.505995406769216e-05,4.685491148848087e-06,5.331820375431562e-06,1.3262214451970067e-05,1.8633199942996725e-05,1.4229107364371885e-05,0.9998562335968018,6.096809102018597e-07,4.8735855671111494e-06,1.6989100913633592e-05
resnet50_linear,translation_32_up,test_04065,4065,2,car,2,car,0.996182382106781,True,5.658669124386506e-06,1.8076822016155347e-05,0.996182382106781,5.257207158138044e-05,1.2274460459593683e-05,3.091675534960814e-05,1.89855090866331e-05,4.6902978283469565e-06,1.1637862371571828e-05,0.0036628334783017635
resnet50_linear,translation_32_up,test_01095,1095,5,dog,5,dog,0.9738377332687378,True,0.0004834498977288604,0.0011866356944665313,0.0003730378521140665,0.0055070859380066395,0.0013703345321118832,0.9738377332687378,0.01138811744749546,0.005026748403906822,0.00047345913480967283,0.0003535404975991696
resnet50_linear,translation_32_up,test_04229,4229,3,cat,3,cat,0.9957433342933655,True,0.00010662277054507285,0.0021766680292785168,0.0001918046036735177,0.9957433342933655,0.0006124521605670452,0.00016559318464715034,9.282825340051204e-05,0.0006726733408868313,0.00010752452362794429,0.00013045629020780325
resnet50_linear,translation_32_up,test_03562,3562,3,cat,3,cat,0.9678233861923218,True,0.00011241903121117502,0.00028574728639796376,0.00026673165848478675,0.9678233861923218,0.011655466631054878,0.01231537014245987,0.003363410709425807,0.0033701660577207804,0.0003962646587751806,0.00041108764708042145
resnet50_linear,translation_32_up,test_02342,2342,8,ship,8,ship,0.9983460903167725,True,0.0007619980606250465,0.00019629961752798408,6.021161243552342e-05,5.685735595761798e-05,0.00011022727267118171,0.00021383565035648644,8.578476990805939e-05,9.342990961158648e-05,0.9983460903167725,7.521407678723335e-05
resnet50_linear,translation_32_up,test_01667,1667,6,horse,6,horse,0.9947807192802429,True,0.0009561134502291679,9.757202496984974e-05,0.0002494070795364678,0.00016027645324356854,0.002326635178178549,0.00025589545839466155,0.9947807192802429,0.0002515447558835149,0.0006265267147682607,0.00029523411649279296
resnet50_linear,translation_32_up,test_07033,7033,1,bird,1,bird,0.9966853260993958,True,2.4066898731689434e-06,0.9966853260993958,1.8981667153639137e-06,8.649908704683185e-05,0.003079146146774292,7.022903446340933e-05,3.7848974443477346e-06,6.788316386519e-05,2.3670809241593815e-06,4.778919446835062e-07
resnet50_linear,translation_32_up,test_01771,1771,7,monkey,4,deer,0.816398561000824,False,3.473646575002931e-05,0.0002592992677818984,9.033282367454376e-06,0.006767284125089645,0.816398561000824,0.03533846139907837,0.0073025706224143505,0.1338793933391571,6.483820016001118e-06,4.118322067370173e-06
resnet50_linear,translation_32_up,test_03157,3157,8,ship,8,ship,0.9963464140892029,True,0.0006064637564122677,7.092453597579151e-05,0.00012322867405600846,0.00012973890989087522,0.0001070116923074238,7.742772140773013e-05,7.811227987986058e-05,4.371184331830591e-05,0.9963464140892029,0.002416973700746894
resnet50_linear,translation_32_up,test_03851,3851,3,cat,3,cat,0.9970601201057434,True,6.159109034342691e-05,0.00031592752202413976,4.265580173523631e-06,0.9970601201057434,3.8276273699011654e-05,0.0022067571990191936,0.00025063264183700085,5.783531742054038e-05,2.969036131617031e-06,1.5269520190486219e-06
resnet50_linear,translation_32_up,test_01287,1287,7,monkey,7,monkey,0.9912840127944946,True,0.0003047487116418779,0.00216246722266078,0.00024797971127554774,0.0012750942260026932,0.0005055902292951941,0.003251629415899515,0.0006397564429789782,0.9912840127944946,0.00015585673099849373,0.00017289220704697073
resnet50_linear,translation_32_up,test_07320,7320,0,airplane,0,airplane,0.9985308647155762,True,0.9985308647155762,0.00016264113946817815,0.00046177892363630235,0.00025020650355145335,0.00013604517152998596,0.00014394675963558257,3.7076872104080394e-05,0.00010111628216691315,3.652161831269041e-05,0.00014001889212522656
resnet50_linear,translation_32_up,test_07600,7600,6,horse,6,horse,0.9993570446968079,True,0.00012635922757908702,0.00010014863801188767,0.00012473163951653987,2.6071274987771176e-05,1.940357469720766e-05,0.00011714101856341586,0.9993570446968079,7.88363249739632e-05,2.563610723882448e-05,2.464189674356021e-05
resnet50_linear,translation_32_up,test_03852,3852,5,dog,5,dog,0.9571784138679504,True,0.0007332517998293042,0.0026530004106462,0.0016148480353876948,0.020035451278090477,0.00967464316636324,0.9571784138679504,0.003876245114952326,0.001629335107281804,0.0012457116972655058,0.0013592335162684321
resnet50_linear,translation_32_up,test_00269,269,7,monkey,7,monkey,0.9708630442619324,True,4.9533555284142494e-05,0.001575288362801075,1.4404918147192802e-05,0.004325345158576965,0.0011948408791795373,0.02123737707734108,0.0006959827151149511,0.9708630442619324,1.785452514013741e-05,2.6379932023701258e-05
resnet50_linear,translation_32_up,test_01703,1703,7,monkey,3,cat,0.5311277508735657,False,0.00015792343765497208,0.00047301664017140865,8.392259769607335e-05,0.5311277508735657,0.03683596849441528,0.12169666588306427,0.006758145987987518,0.3025870621204376,0.0001826405496103689,9.67522501014173e-05
resnet50_linear,translation_32_up,test_07776,7776,5,dog,5,dog,0.7977935075759888,True,0.001335390843451023,0.0015960776945576072,0.0003906651691067964,0.02179466374218464,0.010746060870587826,0.7977935075759888,0.11287615448236465,0.05240983888506889,0.0007924596429802477,0.0002651466056704521
resnet50_linear,translation_32_up,test_03891,3891,4,deer,4,deer,0.9420242309570312,True,4.714495298685506e-05,0.053830645978450775,4.473298031371087e-05,0.0021035282406955957,0.9420242309570312,0.00022467288363259286,0.0008016266510821879,0.0008133718511089683,7.318022835534066e-05,3.681231464724988e-05
resnet50_linear,translation_32_up,test_07009,7009,0,airplane,0,airplane,0.9978244304656982,True,0.9978244304656982,8.555812382837757e-05,8.127059118123725e-05,0.00010045154340332374,0.00013007035886403173,0.00019497550965752453,0.0002356303302804008,0.00010600493260426447,0.0005202592583373189,0.0007215481018647552
resnet50_linear,translation_32_up,test_04893,4893,0,airplane,0,airplane,0.9964258074760437,True,0.9964258074760437,0.001275553135201335,7.570768502773717e-05,0.0005142126465216279,0.0004457143659237772,0.0003784604778047651,0.00014057055523153394,0.00024818367091938853,0.0003339994582347572,0.0001620528200874105
resnet50_linear,translation_32_up,test_02351,2351,9,truck,9,truck,0.9963951706886292,True,0.00017108760948758572,0.0001102847745642066,0.0017663866747170687,0.00043130331323482096,6.429603672586381e-05,0.00046990596456453204,0.00015846514725126326,0.00019764911849051714,0.0002354167081648484,0.9963951706886292
resnet50_linear,translation_32_up,test_03550,3550,1,bird,1,bird,0.9794807434082031,True,0.003483368316665292,0.9794807434082031,5.271673217066564e-06,0.0037274272181093693,0.0026825754903256893,0.0006528043886646628,0.008930664509534836,0.00032925090636126697,0.0007035654853098094,4.33666991739301e-06
resnet50_linear,translation_32_up,test_05719,5719,7,monkey,7,monkey,0.9792723059654236,True,0.0015293010510504246,0.002637251978740096,0.0016968542477115989,0.002081757178530097,0.0028161327354609966,0.004099876154214144,0.0031447072979062796,0.9792723059654236,0.001527909655123949,0.0011940546100959182
resnet50_linear,translation_32_up,test_01884,1884,7,monkey,7,monkey,0.7298287749290466,True,0.0003513633564580232,0.11454107612371445,0.0003133449354209006,0.008629972115159035,0.13951973617076874,0.0012140193721279502,0.005323423072695732,0.7298287749290466,0.00016096791659947485,0.00011732933489838615
resnet50_linear,translation_32_up,test_02898,2898,4,deer,4,deer,0.9910029172897339,True,0.00013611483154818416,9.45365391089581e-05,6.423571903724223e-05,0.00015248222916852683,0.9910029172897339,4.026379610877484e-05,0.008401785045862198,2.384586514381226e-05,6.511786341434345e-05,1.8642193026607856e-05
resnet50_linear,translation_32_up,test_04640,4640,1,bird,1,bird,0.7019873261451721,True,0.00017025647684931755,0.7019873261451721,3.597082104533911e-05,0.0008221813477575779,0.009101578034460545,0.00031088097603060305,0.0001719112042337656,0.2870882749557495,0.00024797700461931527,6.370677147060633e-05
resnet50_linear,translation_32_up,test_07610,7610,4,deer,4,deer,0.9809369444847107,True,0.00045491138007491827,0.00119863823056221,0.00021839526016265154,0.001468750648200512,0.9809369444847107,0.000795506639406085,0.013590008020401001,0.0004244099836796522,0.0006885426118969917,0.00022393967083189636
resnet50_linear,translation_32_up,test_01833,1833,8,ship,8,ship,0.9735370874404907,True,0.0021546112839132547,0.0039441450498998165,0.002445697318762541,0.0027098781429231167,0.0020336874295026064,0.0028608154971152544,0.0010923725785687566,0.002402371959760785,0.9735370874404907,0.006819422356784344
resnet50_linear,translation_32_up,test_06455,6455,0,airplane,0,airplane,0.9803290367126465,True,0.9803290367126465,0.0005577614647336304,0.00024336742353625596,9.049818618223071e-05,0.0033171013928949833,0.0003331673506181687,0.0008109564078040421,5.787544068880379e-05,0.011815082281827927,0.002445269376039505
resnet50_linear,translation_32_up,test_03893,3893,9,truck,9,truck,0.9883451461791992,True,0.00012734245683532208,0.0001737816637614742,0.010145033709704876,0.0001342546456726268,0.00011147054465254769,0.00028722803108394146,0.0002578582789283246,8.12779544503428e-05,0.00033666600938886404,0.9883451461791992
resnet50_linear,translation_32_up,test_04731,4731,6,horse,6,horse,0.9907840490341187,True,0.00019468922982923687,0.00022227296722121537,0.0003288887382950634,0.0025959196500480175,0.0004925933899357915,0.0032879107166081667,0.9907840490341187,0.0008535574888810515,0.0007613935158587992,0.00047873181756585836
resnet50_linear,translation_32_up,test_00929,929,6,horse,6,horse,0.9681740999221802,True,8.41391556605231e-06,1.6819303709780797e-05,1.2040177352901082e-05,0.00022231302864383906,0.0005949981277808547,0.030938079580664635,0.9681740999221802,1.3105984180583619e-05,7.625866146554472e-06,1.2444760614016559e-05
resnet50_linear,translation_32_up,test_03962,3962,6,horse,6,horse,0.9860383868217468,True,3.820291021838784e-05,0.00012197948672110215,5.06767064507585e-05,7.733489474048838e-05,0.004102305043488741,0.009166194126009941,0.9860383868217468,0.0003692146565299481,1.5695213733124547e-05,1.9931203496525995e-05
resnet50_linear,translation_32_up,test_03778,3778,3,cat,3,cat,0.9169880747795105,True,0.001956329680979252,0.007500694133341312,0.002039367565885186,0.9169880747795105,0.002064734697341919,0.036307185888290405,0.0010308154160156846,0.02497287094593048,0.003624201053753495,0.0035157727543264627
resnet50_linear,translation_32_up,test_01429,1429,4,deer,4,deer,0.9653182625770569,True,4.186868864053395e-06,4.3776508391601965e-05,3.5823052257910604e-06,0.02394738979637623,0.9653182625770569,0.0061116525903344154,0.004420583602041006,0.0001271204964723438,1.9597642676671967e-05,3.773139496843214e-06
resnet50_linear,translation_32_up,test_00049,49,2,car,2,car,0.9925938248634338,True,0.0007997105713002384,0.0013130024308338761,0.9925938248634338,0.0006010417710058391,0.0006339863175526261,0.0006751078763045371,0.0005750833661295474,0.000629253510851413,0.0009809609036892653,0.001198092708364129
resnet50_linear,translation_32_up,test_00276,276,9,truck,9,truck,0.9939752221107483,True,0.00016205543943215162,0.00013800621672999114,0.0033865647856146097,0.00031930350814945996,0.0002925983280874789,0.00012573077401611954,0.0014433379983529449,0.00011499618995003402,4.2249495891155675e-05,0.9939752221107483
resnet50_linear,translation_32_up,test_06076,6076,1,bird,1,bird,0.9965370893478394,True,0.0001565848069731146,0.9965370893478394,8.41646469780244e-05,0.0004780946474056691,0.001551261986605823,0.00013009841495659202,0.0001196749071823433,0.0007591161411255598,0.00013870713883079588,4.538385110208765e-05
resnet50_linear,translation_32_up,test_01389,1389,0,airplane,0,airplane,0.9921725988388062,True,0.9921725988388062,0.0015777877997606993,0.0004403580678626895,0.0005713548744097352,0.0005196069250814617,0.0005361863877624273,0.00046357751125469804,0.0006488966755568981,0.001552186207845807,0.0015176329761743546
resnet50_linear,translation_32_up,test_03362,3362,2,car,2,car,0.9951743483543396,True,0.0012064167531207204,0.0006934339762665331,0.9951743483543396,0.0005259167519398034,0.00023350994160864502,0.0006223723175935447,0.0004130066663492471,0.00024096897686831653,0.0002688262320589274,0.0006214295863173902
resnet50_linear,translation_32_up,test_00317,317,2,car,2,car,0.9987159967422485,True,6.832912913523614e-05,0.00015268327842932194,0.9987159967422485,7.792662654537708e-05,8.565359894419089e-05,6.635222962358966e-05,0.00015184396761469543,7.075374014675617e-05,5.8962858020095155e-05,0.0005516887758858502
resnet50_linear,translation_32_up,test_04675,4675,0,airplane,0,airplane,0.9956457018852234,True,0.9956457018852234,0.001067037577740848,6.783991557313129e-05,0.0006162611534819007,0.0003145357477478683,0.0008998795528896153,0.00020116160158067942,0.00035392239806242287,0.0005606515915133059,0.00027283900999464095
resnet50_linear,translation_32_up,test_05924,5924,5,dog,5,dog,0.9825369715690613,True,0.00020787891116924584,0.0003100892063230276,0.0001065106553141959,0.002002585679292679,0.002452131826430559,0.9825369715690613,0.007044854573905468,0.005170512478798628,0.00010774335532914847,6.06696521572303e-05
resnet50_linear,translation_32_up,test_00198,198,1,bird,1,bird,0.990081250667572,True,5.271780082694022e-06,0.990081250667572,1.8815486328094266e-05,0.006169269792735577,0.0034087637905031443,7.862128404667601e-05,2.391061389062088e-05,0.00012854667147621512,5.5632983276154846e-05,2.9946098948130384e-05
resnet50_linear,translation_32_up,test_07779,7779,6,horse,6,horse,0.9989888072013855,True,0.00028443289920687675,2.08505862246966e-05,2.212303843407426e-05,5.038667495682603e-06,0.0004912675940431654,2.0894238332402892e-05,0.9989888072013855,1.069595236913301e-05,2.4736940758884884e-05,0.000131153006805107
resnet50_linear,translation_32_up,test_04054,4054,4,deer,4,deer,0.9798610210418701,True,0.00011653060209937394,0.0009408319601789117,0.0001005537124001421,0.00037012621760368347,0.9798610210418701,6.55757321510464e-05,0.017426371574401855,0.0010065488750115037,4.71577986900229e-05,6.526010838570073e-05
resnet50_linear,translation_32_up,test_05556,5556,4,deer,4,deer,0.9527587294578552,True,0.001376401400193572,0.0005135692772455513,0.0003660278453025967,0.0003656796470750123,0.9527587294578552,8.219937444664538e-05,0.04322252422571182,0.0006828466430306435,0.00030291746952570975,0.00032902805833145976
resnet50_linear,translation_32_up,test_02687,2687,1,bird,1,bird,0.9997958540916443,True,2.2522515337186633e-06,0.9997958540916443,2.1916932837484637e-06,2.4999088054755703e-05,0.0001324422046309337,2.0349289115983993e-05,5.4762372201366816e-06,8.125595741148572e-06,6.962961833778536e-06,1.4154535392663092e-06
resnet50_linear,translation_32_up,test_01202,1202,2,car,2,car,0.9973247051239014,True,0.000158835799084045,0.0006170737324282527,0.9973247051239014,0.00011459786037448794,0.0002814200706779957,0.00042437075171619654,0.00017220836889464408,0.00012825957674067467,0.00014588427438866347,0.0006327732116915286
resnet50_linear,translation_32_up,test_00097,97,5,dog,5,dog,0.9375214576721191,True,0.0002225866774097085,0.002538590459153056,0.00024895265232771635,0.025691239163279533,0.005616447422653437,0.9375214576721191,0.019683271646499634,0.008290610276162624,7.270780770340934e-05,0.00011406495468690991
resnet50_linear,translation_32_up,test_06033,6033,4,deer,4,deer,0.9766330718994141,True,0.00915173627436161,0.0036192554980516434,0.0003789331531152129,0.002418803982436657,0.9766330718994141,0.001034265966154635,0.004731764085590839,0.0012008100748062134,0.0005587271298281848,0.00027260545175522566
resnet50_linear,translation_32_up,test_01711,1711,7,monkey,7,monkey,0.9937135577201843,True,7.648782775504515e-05,0.0035114965867251158,3.138407555525191e-05,0.0008742035715840757,0.00020016252528876066,0.0005578295676968992,0.0009524717461317778,0.9937135577201843,5.3282252338249236e-05,2.9115517463651486e-05
resnet50_linear,translation_32_up,test_01430,1430,9,truck,9,truck,0.9929280877113342,True,0.0007440084591507912,8.747028914513066e-05,0.001143781584687531,0.00026821994106285274,0.00024210725678130984,8.600527507951483e-05,0.000489338650368154,9.367006714455783e-05,0.0039173271507024765,0.9929280877113342
resnet50_linear,translation_32_up,test_00739,739,8,ship,8,ship,0.9956974983215332,True,0.00044639891711995006,0.0006295714410953224,0.0005213843542151153,0.0003721023676916957,0.00029473277390934527,0.0004721923323813826,0.00021279355860315263,0.0003896057023666799,0.9956974983215332,0.0009637004695832729
resnet50_linear,translation_32_up,test_03491,3491,1,bird,1,bird,0.9835726618766785,True,0.00019978478667326272,0.9835726618766785,3.212233423255384e-05,0.004042286891490221,0.010877089574933052,0.00023959956888575107,0.00042682435014285147,0.00014514842769131064,0.0004327102215029299,3.182892032782547e-05
resnet50_linear,translation_32_up,test_01568,1568,1,bird,1,bird,0.9294722676277161,True,8.31475972518092e-06,0.9294722676277161,7.989366167748813e-06,0.0649896189570427,0.004550287500023842,0.0009062121971510351,2.422620491415728e-05,3.168171679135412e-05,8.92616208147956e-06,3.8718974337825784e-07
resnet50_linear,translation_32_up,test_01211,1211,4,deer,4,deer,0.936671793460846,True,0.0006644236273132265,0.0011217897990718484,0.00017173911328427494,0.0002451488981023431,0.936671793460846,0.00025496172020211816,0.059791091829538345,0.00016955335740931332,0.0007673726067878306,0.0001422457571607083
resnet50_linear,translation_32_up,test_04913,4913,2,car,2,car,0.9972668886184692,True,0.0003776311641559005,0.00021366236614994705,0.9972668886184692,0.00029288441874086857,0.00013545517867896706,0.00011754249862860888,0.0002076184464385733,9.082339238375425e-05,0.0002462822594679892,0.0010511816944926977
resnet50_linear,translation_32_up,test_02502,2502,2,car,2,car,0.9900282025337219,True,0.0015089260414242744,0.0011198322754353285,0.9900282025337219,0.0008640442392788827,0.0005831170128658414,0.0009863772429525852,0.0009404821903444827,0.00041314284317195415,0.0005362179945223033,0.003019528929144144
resnet50_linear,translation_32_up,test_02539,2539,3,cat,3,cat,0.9982985854148865,True,1.3298198609845713e-05,4.802970579476096e-05,1.4463734260061756e-05,0.9982985854148865,4.5104716264177114e-05,0.0010693150106817484,7.298606760741677e-06,1.4457307770499028e-05,0.00047810596879571676,1.1512693163240328e-05
resnet50_linear,translation_32_up,test_00979,979,3,cat,3,cat,0.9999302625656128,True,3.715086052125116e-07,4.775673005497083e-05,1.7020661289279815e-06,0.9999302625656128,2.155215270249755e-06,9.166756171907764e-06,3.263524149588193e-06,3.933566858904669e-06,1.331855514763447e-06,1.7189093171054992e-07
resnet50_linear,translation_32_up,test_06354,6354,2,car,2,car,0.9994156360626221,True,8.660259481985122e-06,9.31821978156222e-06,0.9994156360626221,1.4047205695533194e-05,5.3197418310446665e-06,2.775496250251308e-05,4.868059477303177e-05,1.8408254618407227e-06,1.9447694285190664e-05,0.000449294806458056
resnet50_linear,translation_32_up,test_04735,4735,2,car,2,car,0.9854170680046082,True,0.0011626746272668242,0.0006770291947759688,0.9854170680046082,0.000827635289169848,0.0005528782494366169,0.0010836223373189569,0.0005014856578782201,0.000553435820620507,0.0028219022788107395,0.006402313243597746
resnet50_linear,translation_32_up,test_05912,5912,0,airplane,0,airplane,0.9998444318771362,True,0.9998444318771362,3.8437450712081045e-05,3.5692712572199525e-06,3.5331017897988204e-06,3.499696322251111e-05,6.606446731893811e-06,5.814765245304443e-06,3.656427452369826e-06,4.6212826418923214e-05,1.2592612620210275e-05
resnet50_linear,translation_32_up,test_03844,3844,6,horse,6,horse,0.9977218508720398,True,6.269986624829471e-05,9.376760863233358e-05,0.00010726042819442227,0.00013891019625589252,0.0012807054445147514,0.0002985995961353183,0.9977218508720398,0.0001012565044220537,9.00571612874046e-05,0.00010489402484381571
resnet50_linear,translation_32_up,test_01263,1263,3,cat,3,cat,0.9427005648612976,True,0.00033298542257398367,0.0014479063684120774,0.0004663455474656075,0.9427005648612976,0.029851168394088745,0.005356107838451862,0.002081873593851924,0.017263296991586685,0.00029103559791110456,0.00020871068409178406
resnet50_linear,translation_32_up,test_03404,3404,7,monkey,7,monkey,0.9932263493537903,True,0.0004758147115353495,0.0011489130556583405,0.0003616418980527669,0.0007949330029077828,0.0004822749469894916,0.0018822400597855449,0.0008481902186758816,0.9932263493537903,0.00042374193435534835,0.0003559299511834979
resnet50_linear,translation_32_up,test_03905,3905,8,ship,8,ship,0.9785594344139099,True,0.005769031587988138,0.004217846784740686,0.002217221772298217,0.0021354234777390957,0.0011619089636951685,0.001394204911775887,0.0013388930819928646,0.0012887243647128344,0.9785594344139099,0.001917351153679192
resnet50_linear,translation_32_up,test_01596,1596,0,airplane,0,airplane,0.9627504944801331,True,0.9627504944801331,0.0002684842620510608,0.00019062712090089917,8.353112934855744e-05,0.00015779372188262641,0.00032780386391095817,0.00020022202807012945,0.00016720117127988487,0.03576694428920746,8.689823880558833e-05
resnet50_linear,translation_32_up,test_03083,3083,0,airplane,0,airplane,0.9815690517425537,True,0.9815690517425537,0.0005015147617086768,0.0001452479773433879,2.8920063414261676e-05,0.0002390182198723778,0.00028366391779854894,0.000984132057055831,0.00023013664758764207,0.015967605635523796,5.065222649136558e-05
resnet50_linear,translation_32_up,test_02003,2003,6,horse,6,horse,0.9927788376808167,True,6.853574450360611e-05,0.00013129046419635415,4.971959788235836e-05,0.00010132461466128007,0.0066393050365149975,0.00012043698370689526,0.9927788376808167,4.342674947110936e-05,4.400876787258312e-05,2.309500632691197e-05
resnet50_linear,translation_32_up,test_05030,5030,2,car,2,car,0.9950017333030701,True,0.0007915452006272972,0.0010016141459345818,0.9950017333030701,0.0003750848409254104,9.082093311008066e-05,0.0005204593180678785,0.00022180886298883706,0.00021921737061347812,0.0004205617296975106,0.0013570896117016673
resnet50_linear,translation_32_up,test_00095,95,1,bird,1,bird,0.9997618794441223,True,4.1316839087812696e-06,0.9997618794441223,6.210015271790326e-06,6.934756675036624e-05,4.470076601137407e-05,2.906799090851564e-05,2.8244845452718437e-05,2.7446370950201526e-05,2.6944429919240065e-05,2.047833959295531e-06
resnet50_linear,translation_32_up,test_02757,2757,4,deer,4,deer,0.9187242388725281,True,2.3507416699430905e-05,0.005368789192289114,9.349339052278083e-06,0.03339111804962158,0.9187242388725281,0.007329431362450123,0.03072851523756981,0.004384038969874382,3.4892324038082734e-05,6.1333057601586916e-06
resnet50_linear,translation_32_up,test_03413,3413,1,bird,1,bird,0.999924898147583,True,6.982510285524768e-07,0.999924898147583,1.1510281865412253e-06,1.8260485376231372e-05,3.6811215977650136e-05,4.616066689777654e-06,2.9621792236866895e-06,8.506916856276803e-06,1.6043187542891246e-06,5.047591571383236e-07
resnet50_linear,translation_32_up,test_05488,5488,1,bird,7,monkey,0.9560192227363586,False,0.00048509074258618057,0.027636798098683357,0.000682943849824369,0.005824604071676731,0.0007275867974385619,0.005899281706660986,0.0008555336389690638,0.9560192227363586,0.001308646285906434,0.0005602081073448062
resnet50_linear,translation_32_up,test_04827,4827,6,horse,6,horse,0.9998325109481812,True,3.0004928703419864e-05,2.5815394110395573e-05,2.9560007533291355e-05,2.9248278679006035e-06,5.775966928922571e-05,7.743148671579547e-06,0.9998325109481812,2.634018755998113e-06,3.824442501354497e-06,7.226740763144335e-06
resnet50_linear,translation_32_up,test_01877,1877,5,dog,5,dog,0.9760574698448181,True,0.00013982949894852936,0.0007666274323128164,4.700642966781743e-05,0.012383547611534595,0.00413060188293457,0.9760574698448181,0.006071119103580713,0.00035944898263551295,2.017740007431712e-05,2.4278293494717218e-05
resnet50_linear,translation_32_up,test_02157,2157,1,bird,1,bird,0.9999979734420776,True,2.353948147515439e-08,0.9999979734420776,3.647810109530525e-10,7.784886406625446e-07,1.0454251651026425e-06,6.207007796632524e-09,4.4659184794682005e-08,1.5527587038377533e-07,1.4313483731598353e-09,6.804654062442239e-10
resnet50_linear,translation_32_up,test_04821,4821,3,cat,3,cat,0.9907746911048889,True,0.00011908199667232111,0.0012984018540009856,7.445638038916513e-05,0.9907746911048889,0.0009014951647259295,0.0019498561741784215,0.0009219063213095069,0.003911411855369806,3.800800914177671e-05,1.0493050467630383e-05
resnet50_linear,translation_32_up,test_04953,4953,5,dog,5,dog,0.9801734685897827,True,0.00020038791990373284,0.0028480079490691423,3.551008921931498e-05,0.014682669192552567,0.0005629904917441308,0.9801734685897827,0.0006029563373886049,0.0005749826668761671,0.00025466372608207166,6.436531839426607e-05
resnet50_linear,translation_32_up,test_05525,5525,8,ship,8,ship,0.9336206912994385,True,0.06443977355957031,0.0005722905625589192,8.103564323391765e-05,0.00029267286299727857,0.00013978809874970466,0.0005176470731385052,9.585959924152121e-05,0.00018257486226502806,0.9336206912994385,5.768008122686297e-05
resnet50_linear,translation_32_up,test_05381,5381,5,dog,5,dog,0.8420965671539307,True,0.000525526877027005,0.0003147477109450847,8.753190741117578e-06,0.0007447499083355069,0.004746248479932547,0.8420965671539307,0.15143705904483795,8.461206743959337e-05,1.9790117221418768e-05,2.1888559786020778e-05
resnet50_linear,translation_32_up,test_00672,672,3,cat,3,cat,0.9994625449180603,True,4.767101984270994e-07,0.00023077352670952678,8.236601161115686e-07,0.9994625449180603,0.0002689566754270345,2.442778395561618e-06,2.3430420696968213e-06,2.8589671273948625e-05,2.606667976579047e-06,3.1555200052935106e-07
resnet50_linear,translation_32_up,test_00323,323,7,monkey,7,monkey,0.9953562617301941,True,3.768568058148958e-05,0.0007535688346251845,2.1306772396201268e-05,0.0021046516485512257,0.0002809195430018008,0.001021100440993905,0.0003904919431079179,0.9953562617301941,1.8593013010104187e-05,1.5337693184847012e-05
resnet50_linear,translation_32_up,test_05436,5436,7,monkey,7,monkey,0.9662670493125916,True,0.0013803335605189204,0.006354110781103373,0.002187727252021432,0.007107791490852833,0.003911088686436415,0.005765121895819902,0.0033150461968034506,0.9662670493125916,0.0018254459137097,0.001886247075162828
resnet50_linear,translation_32_up,test_05450,5450,7,monkey,7,monkey,0.9867924451828003,True,0.0014740432379767299,0.0025139013305306435,0.001025370554998517,0.0015873078955337405,0.0009555508149787784,0.002230304991826415,0.001429806463420391,0.9867924451828003,0.0012105091009289026,0.000780886912252754
resnet50_linear,translation_32_up,test_06358,6358,5,dog,5,dog,0.9745354056358337,True,1.5461832845176104e-06,1.718746716505848e-05,1.8191649360232987e-06,0.008574471808969975,0.0014318956527858973,0.9745354056358337,0.015342563390731812,9.236152254743502e-05,2.1450910026032943e-06,5.500224915522267e-07
resnet50_linear,translation_32_up,test_00372,372,3,cat,3,cat,0.9996289014816284,True,5.012497240386438e-06,0.00014300229668151587,1.3933081390860025e-06,0.9996289014816284,9.21394894248806e-05,8.401381637668237e-05,2.6395182430860586e-05,7.972012099344283e-06,9.254206815967336e-06,1.7858332057585358e-06
resnet50_linear,translation_32_up,test_00378,378,5,dog,5,dog,0.9920027256011963,True,0.00016198855882976204,0.0007293334347195923,5.487075031851418e-05,0.0055251289159059525,0.0004704511375166476,0.9920027256011963,0.0002716893795877695,0.0006779669784009457,3.333634958835319e-05,7.263157021952793e-05
resnet50_linear,translation_32_up,test_07706,7706,5,dog,5,dog,0.9638897180557251,True,0.0001925701944855973,0.0006555414292961359,4.23993515141774e-05,0.006691052112728357,4.906389585812576e-05,0.9638897180557251,0.0275681484490633,0.0008887375588528812,1.6015537767088972e-05,6.789377948734909e-06
resnet50_linear,translation_32_up,test_02178,2178,1,bird,1,bird,0.9999923706054688,True,3.5736499626182194e-07,0.9999923706054688,1.6030931249133573e-08,3.4919884228656883e-07,6.3424799918720964e-06,1.515035563670608e-07,1.0888450674428896e-07,1.1681023437404292e-07,2.7885812414751854e-07,1.802265181538587e-08
resnet50_linear,translation_32_up,test_05237,5237,2,car,2,car,0.9914796352386475,True,0.0008745408849790692,0.0016598862130194902,0.9914796352386475,0.0007970862207002938,0.0005322484648786485,0.000905545661225915,0.0016837053699418902,0.0009506315109319985,0.00021039704733993858,0.0009062635945156217
resnet50_linear,translation_32_up,test_05478,5478,0,airplane,0,airplane,0.9834772944450378,True,0.9834772944450378,0.0006712827016599476,0.0023154383525252342,0.00021671182184945792,0.0015318590449169278,0.0034184895921498537,0.001803566119633615,0.0003054736298508942,0.0020698525477200747,0.004189917352050543
resnet50_linear,translation_32_up,test_05452,5452,9,truck,9,truck,0.9914361834526062,True,0.00038912121090106666,0.00024276625481434166,0.0012415765086188912,0.0010454688454046845,7.736997940810397e-05,0.0002572852827142924,0.0003916590067092329,0.00013914261944592,0.00477936677634716,0.9914361834526062
resnet50_linear,translation_32_up,test_05623,5623,4,deer,4,deer,0.9040173292160034,True,0.001408828073181212,0.0052105942741036415,0.0008080757106654346,0.015876350924372673,0.9040173292160034,0.028969500213861465,0.021532688289880753,0.020293259993195534,0.001213804236613214,0.0006698116194456816
resnet50_linear,translation_32_up,test_06772,6772,7,monkey,7,monkey,0.9253783822059631,True,0.000232739927014336,0.0038233757950365543,0.0002524886804167181,0.05022086575627327,0.011213877238333225,0.0030584263149648905,0.005406418815255165,0.9253783822059631,0.0002393165195826441,0.00017402430239599198
resnet50_linear,translation_32_up,test_01111,1111,4,deer,4,deer,0.9390570521354675,True,0.0030398329254239798,0.0024648995604366064,0.0006639414932578802,0.0013282104628160596,0.9390570521354675,0.000626727007329464,0.04954573139548302,0.002137020928785205,0.000797521963249892,0.000339015678036958
resnet50_linear,translation_32_up,test_05528,5528,3,cat,5,dog,0.5123397707939148,False,2.8610902518266812e-05,1.9307479306007735e-05,3.1048475648276508e-06,0.4873853623867035,3.835286042885855e-05,0.5123397707939148,5.380746006267145e-05,0.0001048299454851076,2.1124906197655946e-05,5.6514822972530965e-06
resnet50_linear,translation_32_up,test_03777,3777,6,horse,6,horse,0.9906265735626221,True,0.000225853655138053,0.0007683902513235807,0.0006182981305755675,0.00031102896900847554,0.005957083776593208,0.00028725725132972,0.9906265735626221,0.0005962112918496132,0.00017188956553582102,0.0004372426774352789
resnet50_linear,translation_32_up,test_02458,2458,5,dog,5,dog,0.9926472902297974,True,2.8804792236769572e-05,0.00016079051420092583,3.529670721036382e-05,0.0021520324517041445,0.0022949245758354664,0.9926472902297974,0.0017352909781038761,0.0007531861192546785,9.427350596524775e-05,9.794959623832256e-05
resnet50_linear,translation_32_up,test_04921,4921,2,car,2,car,0.9990416169166565,True,3.197308978997171e-05,4.769390943692997e-05,0.9990416169166565,8.385450928471982e-05,5.5060245358617976e-05,3.1439623853657395e-05,8.000864909263328e-05,2.7712816518032923e-05,2.739029332587961e-05,0.0005732544232159853
resnet50_linear,translation_32_up,test_03015,3015,8,ship,8,ship,0.9986322522163391,True,0.0001845893420977518,7.217793609015644e-05,9.638562914915383e-05,4.886692113359459e-05,3.851539077004418e-05,5.427781070466153e-05,2.4279908757307567e-05,2.9007138437009417e-05,0.9986322522163391,0.0008196185226552188
resnet50_linear,translation_32_up,test_07476,7476,8,ship,8,ship,0.8948207497596741,True,0.09922316670417786,0.00017806855612434447,0.0004555720661301166,0.00047947370330803096,0.0004398417077027261,0.0010123525280505419,0.000517461565323174,0.0003576126473490149,0.8948207497596741,0.002515700412914157
resnet50_linear,translation_32_up,test_01520,1520,2,car,2,car,0.9986318945884705,True,8.61302250996232e-05,3.238760837120935e-05,0.9986318945884705,0.00016023620264604688,5.173955287318677e-05,9.786890586838126e-05,0.00010522174852667376,9.587774002284277e-06,9.501333988737315e-05,0.0007297967094928026
resnet50_linear,translation_32_up,test_06713,6713,6,horse,6,horse,0.9241595268249512,True,0.009991521947085857,0.0017459132941439748,0.0034394189715385437,0.004411403555423021,0.007529968861490488,0.04015642777085304,0.9241595268249512,0.005317815579473972,0.0005927130114287138,0.0026552826166152954
resnet50_linear,translation_32_up,test_01852,1852,1,bird,1,bird,0.9999617338180542,True,6.966541604924714e-06,0.9999617338180542,2.505106806438562e-07,1.8989676391356625e-06,1.9308423361508176e-05,1.9162246189807774e-06,1.692588625701319e-06,4.855683073401451e-07,5.557888471230399e-06,2.8627530923586164e-07
resnet50_linear,translation_32_up,test_02268,2268,5,dog,5,dog,0.9935392737388611,True,4.334205004852265e-05,0.00016079678607638925,7.01404715073295e-05,0.00561579130589962,4.356450153863989e-05,0.9935392737388611,0.0001626433222554624,0.00028375242254696786,4.1894450987456366e-05,3.874980393447913e-05
resnet50_linear,translation_32_up,test_00151,151,8,ship,8,ship,0.9744004011154175,True,0.00550508638843894,0.0024048255290836096,0.0031281195115298033,0.0027273823507130146,0.0032046472188085318,0.002300408435985446,0.0018950689118355513,0.002013417659327388,0.9744004011154175,0.0024205984082072973
resnet50_linear,translation_32_up,test_00890,890,6,horse,6,horse,0.9854587316513062,True,0.0003877632843796164,0.00050749396905303,0.000381962803658098,0.0017722471384331584,0.008859803900122643,0.000466460915049538,0.9854587316513062,0.0015552954282611609,0.0003872965171467513,0.00022291296045295894
resnet50_linear,translation_32_up,test_00825,825,1,bird,1,bird,0.9991694688796997,True,0.00020296037837397307,0.9991694688796997,6.47454589852714e-06,4.6246059355326e-05,0.00014620220463257283,9.733298065839335e-05,7.341062155319378e-05,0.0002063656284008175,4.3844520405400544e-05,7.81887774792267e-06
resnet50_linear,translation_32_up,test_02536,2536,3,cat,3,cat,0.9931314587593079,True,3.936421126127243e-05,0.00039404138806276023,4.9096801376435906e-05,0.9931314587593079,0.0060924021527171135,0.00012442658771760762,9.188362309942022e-05,4.595559221343137e-05,1.6338832210749388e-05,1.499283916928107e-05
resnet50_linear,translation_32_up,test_00470,470,2,car,2,car,0.9960837364196777,True,0.00048430837341584265,0.00047729507787153125,0.9960837364196777,0.0004770270606968552,0.00021305341215338558,0.0005333940498530865,0.0003068720980081707,0.00019981447258032858,0.00031436365679837763,0.0009102476178668439
resnet50_linear,translation_32_up,test_05256,5256,1,bird,1,bird,0.9991180300712585,True,0.00010840224422281608,0.9991180300712585,2.8188133001094684e-05,0.0002645340864546597,0.0002560045395512134,2.872274853871204e-05,4.587453804560937e-05,9.570150723448023e-05,3.4175856853835285e-05,2.0415123799466528e-05
resnet50_linear,translation_32_up,test_02011,2011,9,truck,9,truck,0.9886643290519714,True,0.0005355597240850329,0.00011487248411867768,0.0015335800126194954,0.00032531764009036124,7.785420893924311e-05,0.00013712413783650845,0.0001168424787465483,0.00011757350875996053,0.00837693177163601,0.9886643290519714
resnet50_linear,translation_32_up,test_07150,7150,0,airplane,0,airplane,0.9776226878166199,True,0.9776226878166199,0.01604260690510273,0.0003039106959477067,0.0012241518124938011,0.001056441804394126,0.0010580893140286207,0.00054265430662781,0.001112461439333856,0.0006864031311124563,0.00035038302303291857
resnet50_linear,translation_32_up,test_00449,449,6,horse,6,horse,0.9948931932449341,True,0.00016394536942243576,9.406271419720724e-05,6.380840932251886e-05,2.9393897420959547e-05,0.004349283408373594,9.583034261595458e-05,0.9948931932449341,4.3556810851441696e-05,9.726585994940251e-05,0.0001697021652944386
resnet50_linear,translation_32_up,test_02704,2704,4,deer,4,deer,0.9845905303955078,True,0.00048259200411848724,0.0017988316249102354,0.0002745593956205994,0.0026452525053173304,0.9845905303955078,0.0018911600345745683,0.00647340714931488,0.0007834877469576895,0.0007872423739172518,0.0002730001288000494
resnet50_linear,translation_32_up,test_03437,3437,0,airplane,0,airplane,0.9994638562202454,True,0.9994638562202454,1.017887825582875e-05,5.666512151947245e-06,3.645632659754483e-06,0.00017268805822823197,7.018555152171757e-06,9.742941074364353e-06,2.953072453237837e-06,0.0002916483790613711,3.25392211379949e-05
resnet50_linear,translation_32_up,test_03375,3375,3,cat,3,cat,0.9421502351760864,True,5.4291267588268965e-05,0.00036121023003943264,9.671267616795376e-05,0.9421502351760864,0.001436488819308579,0.05283406376838684,0.002469986444339156,0.00045049304026179016,4.4458713091444224e-05,0.00010198960080742836
resnet50_linear,translation_32_up,test_04552,4552,8,ship,8,ship,0.8091729879379272,True,0.0010937980841845274,1.2794845133612398e-05,0.0003635842294897884,0.00011172475933562964,8.68255301611498e-06,2.4086230041575618e-05,1.8162418200518005e-05,2.145030293831951e-06,0.8091729879379272,0.1891920119524002
resnet50_linear,translation_32_up,test_00920,920,6,horse,6,horse,0.9914783835411072,True,1.1894556337210815e-05,8.901804540073499e-05,1.256375435332302e-05,2.999007483595051e-05,0.00479192053899169,0.0035209907218813896,0.9914783835411072,3.97672010876704e-05,1.530674308014568e-05,1.0161154023080599e-05
resnet50_linear,translation_32_up,test_02242,2242,0,airplane,0,airplane,0.9993155002593994,True,0.9993155002593994,5.274254363030195e-05,0.00032009821734391153,8.924179383029696e-06,4.745695332530886e-05,6.990358087932691e-05,6.293677870417014e-05,1.2698582395387348e-05,9.0167042799294e-05,1.951718149939552e-05
resnet50_linear,translation_32_up,test_02745,2745,8,ship,8,ship,0.9969081282615662,True,0.0004802036564797163,0.00043739096145145595,0.00026981026167050004,0.00027918716659769416,0.00028117565670982003,0.00025650166207924485,0.0002206983626820147,0.00015856184472795576,0.9969081282615662,0.0007082946831360459
resnet50_linear,translation_32_up,test_01032,1032,7,monkey,7,monkey,0.9916442036628723,True,0.00035711770760826766,0.0011180461151525378,0.0004109886067453772,0.0015433834632858634,0.002788051264360547,0.000565561989787966,0.0008372676675207913,0.9916442036628723,0.00026812718715518713,0.00046724366256967187
resnet50_linear,translation_32_up,test_00365,365,3,cat,3,cat,0.9940010905265808,True,3.824923624051735e-05,0.0010571156162768602,5.1889786846004426e-05,0.9940010905265808,0.0005946195451542735,0.0033805316779762506,0.0007607897277921438,8.86529523995705e-05,2.0382438378874213e-05,6.763197234249674e-06
resnet50_linear,translation_32_up,test_04850,4850,5,dog,5,dog,0.999491810798645,True,2.798288960548234e-07,1.9600529412855394e-06,1.1704747748808586e-06,0.0004083889944013208,4.5715616579400375e-05,0.999491810798645,1.5575240468024276e-05,3.4239415981573984e-05,5.471202371154504e-07,2.756981984930462e-07
resnet50_linear,translation_32_up,test_04819,4819,0,airplane,0,airplane,0.9997747540473938,True,0.9997747540473938,3.900750380125828e-05,4.306935352360597e-06,4.033131972391857e-06,3.7236699427012354e-05,1.1950767657253891e-05,2.3165333914221264e-05,2.3481095468014246e-06,4.6163488150341436e-05,5.724645598093048e-05
resnet50_linear,translation_32_up,test_07338,7338,6,horse,6,horse,0.9998568296432495,True,2.3819206944608595e-06,9.324849997938145e-06,1.251434582627553e-06,3.5235203199590615e-07,0.0001228623150382191,3.505837639750098e-06,0.9998568296432495,9.521719448457588e-07,1.136594050876738e-06,1.3608701010525692e-06
resnet50_linear,translation_32_up,test_07372,7372,0,airplane,0,airplane,0.9813552498817444,True,0.9813552498817444,0.00914297066628933,0.0008032317273318768,0.0015857539838179946,0.0012519320007413626,0.0011354162124916911,0.0005153558449819684,0.0015311558963730931,0.0015932476380839944,0.0010857009328901768
resnet50_linear,translation_32_up,test_01090,1090,1,bird,1,bird,0.9923921823501587,True,0.0016028841491788626,0.9923921823501587,0.0002933584910351783,0.00042392947943881154,0.0017447405261918902,0.00043809780618175864,0.0013024236541241407,0.0010621423134580255,0.00037145597161725163,0.0003688775177579373
resnet50_linear,translation_32_up,test_05062,5062,4,deer,4,deer,0.9916362762451172,True,2.0586710888892412e-05,7.003831706242636e-05,2.157660128432326e-05,0.0002107970358338207,0.9916362762451172,6.96511851856485e-05,0.007900341413915157,4.600028114509769e-05,1.6692436474841088e-05,8.212806278606877e-06
resnet50_linear,translation_32_up,test_00981,981,2,car,2,car,0.9923855066299438,True,0.0002337774058105424,0.0012906851479783654,0.9923855066299438,0.0005666266079060733,0.001138126477599144,0.0005588903441093862,0.0005209039081819355,0.0009200056083500385,0.001416022889316082,0.000969333981629461
resnet50_linear,translation_32_up,test_05857,5857,6,horse,4,deer,0.7883756756782532,False,0.002417792333289981,0.005158719141036272,5.0284543249290437e-05,0.02053360641002655,0.7883756756782532,0.0064185443334281445,0.17377187311649323,0.003053494496271014,0.00019181631796527654,2.824147122737486e-05
resnet50_linear,translation_32_up,test_01986,1986,1,bird,1,bird,0.9632558822631836,True,0.0010707242181524634,0.9632558822631836,0.0010764999315142632,0.0027003316208720207,0.0021323503460735083,0.007821070961654186,0.0016956139588728547,0.01419114414602518,0.0011912983609363437,0.004864905029535294
resnet50_linear,translation_32_up,test_05560,5560,1,bird,1,bird,0.8561515808105469,True,0.008773130364716053,0.8561515808105469,0.006717185024172068,0.03598606958985329,0.010071905329823494,0.012991020455956459,0.012391951866447926,0.04096170887351036,0.013306223787367344,0.0026492923498153687
resnet50_linear,translation_32_up,test_01814,1814,2,car,2,car,0.9837575554847717,True,0.003087463788688183,0.0009890871588140726,0.9837575554847717,0.00046145656961016357,0.0005293161957524717,0.0009164570365101099,0.0013268478214740753,0.0004308106435928494,0.0017207111231982708,0.006780114024877548
resnet50_linear,translation_32_up,test_00194,194,8,ship,8,ship,0.9938044548034668,True,0.0020656874403357506,0.0004783946496900171,0.00022598473879043013,0.0004353287222329527,0.000393642985727638,0.0005800799699500203,0.0002879323437809944,0.0003816670796368271,0.9938044548034668,0.001346735400147736
resnet50_linear,translation_32_up,test_01993,1993,1,bird,1,bird,0.9999233484268188,True,2.523739112803014e-06,0.9999233484268188,6.966337195990491e-07,1.3278393453219905e-05,4.1382372728548944e-05,3.409380269658868e-06,7.604091365465138e-07,1.2687223716056906e-05,1.7609366977922036e-06,2.2380859832082933e-07
resnet50_linear,translation_32_up,test_05333,5333,2,car,2,car,0.9966163039207458,True,0.0002047768939519301,0.00011072346387663856,0.9966163039207458,0.0001310404622927308,8.350977441295981e-05,0.00016857874288689345,0.00012673798482865095,6.311239849310368e-05,0.00032742234179750085,0.0021677217446267605
resnet50_linear,translation_32_up,test_04311,4311,8,ship,8,ship,0.9979808926582336,True,0.0007865470834076405,0.00017130824562627822,4.729636202682741e-05,0.0001383385679218918,0.00016584362310823053,0.00022380895097739995,0.00011051361070713028,8.52406956255436e-05,0.9979808926582336,0.00029033911414444447
resnet50_linear,translation_32_up,test_07425,7425,2,car,2,car,0.9997946619987488,True,1.1766204806917813e-05,1.1849455404444598e-05,0.9997946619987488,1.4853591892460827e-05,2.7473564841784537e-05,3.829547858913429e-05,3.716591891134158e-05,6.757477876817575e-06,3.4973469155374914e-05,2.2175139747560024e-05
resnet50_linear,translation_32_up,test_03889,3889,5,dog,5,dog,0.9960441589355469,True,1.6264468285953626e-05,4.070220165885985e-05,2.3234428226714954e-05,0.0012569245882332325,0.00026736684958450496,0.9960441589355469,0.0013592992909252644,0.0008923395071178675,9.056361159309745e-05,9.179028893413488e-06
resnet50_linear,translation_32_up,test_04308,4308,7,monkey,7,monkey,0.9847882986068726,True,0.00016965772374533117,0.0004829983809031546,1.4621970876760315e-05,0.01265847496688366,0.0011008077999576926,0.0001595395733602345,0.000483637471916154,0.9847882986068726,0.00012852955842390656,1.3352135283639655e-05
resnet50_linear,translation_32_up,test_01960,1960,4,deer,4,deer,0.5588651895523071,True,4.611404801835306e-05,6.807510362705216e-05,1.6999505533021875e-05,0.07752691209316254,0.5588651895523071,0.3491024076938629,0.014257457107305527,0.00010194315109401941,8.24120161269093e-06,6.737937837897334e-06
resnet50_linear,translation_32_up,test_04399,4399,0,airplane,0,airplane,0.9944837689399719,True,0.9944837689399719,0.0006561640184372663,0.0009415887179784477,0.0005787769332528114,0.0008768209954723716,0.0008453014306724072,0.00022742734290659428,0.0005874817143194377,0.00032972730696201324,0.00047316376003436744
resnet50_linear,translation_32_up,test_03191,3191,6,horse,6,horse,0.9517844915390015,True,0.002373703056946397,0.000779645168222487,0.001201616832986474,0.000960417790338397,0.03589731827378273,0.0014895620988681912,0.9517844915390015,0.0017074581701308489,0.00128480966668576,0.0025209172163158655
resnet50_linear,translation_32_up,test_01626,1626,5,dog,5,dog,0.9953452944755554,True,1.1269938113400713e-05,3.748775998246856e-05,2.427597064524889e-05,0.003982415422797203,0.0001205766384373419,0.9953452944755554,0.000302953616483137,0.00015905358304735273,5.231669092609081e-06,1.1491164514154661e-05
resnet50_linear,translation_32_up,test_00176,176,3,cat,3,cat,0.9997019171714783,True,3.6399171676748665e-06,5.068590689916164e-05,6.037932053004624e-06,0.9997019171714783,0.00014663502224721014,3.0162955226842314e-05,2.848899930540938e-05,2.728438630583696e-05,2.779010628728429e-06,2.400475295871729e-06
resnet50_linear,translation_32_up,test_07726,7726,6,horse,6,horse,0.9943318367004395,True,3.553492570063099e-05,5.842376413056627e-05,8.095103112282231e-06,1.8376069419900887e-05,0.002929824637249112,0.002346065826714039,0.9943318367004395,0.000248334021307528,5.334304205462104e-06,1.812085793062579e-05
resnet50_linear,translation_32_up,test_02334,2334,5,dog,5,dog,0.9876068234443665,True,5.904562203795649e-05,7.194192585302517e-05,5.052843698649667e-05,0.002016815822571516,0.0027555986307561398,0.9876068234443665,0.006663904525339603,0.0007175710052251816,3.8625472370767966e-05,1.9200337192160077e-05
resnet50_linear,translation_32_up,test_01648,1648,0,airplane,0,airplane,0.982694685459137,True,0.982694685459137,0.005636821035295725,0.0008678860031068325,0.0022080233320593834,0.001924544689245522,0.0010142613900825381,0.00045271121780388057,0.0015282544773072004,0.0026780704502016306,0.0009946752106770873
resnet50_linear,translation_32_up,test_06084,6084,7,monkey,7,monkey,0.9885770082473755,True,0.0009773303754627705,0.0013865941436961293,0.0008813585736788809,0.0020546368323266506,0.002388064982369542,0.0014062481932342052,0.0009734254563227296,0.9885770082473755,0.0006315709324553609,0.000723722972907126
resnet50_linear,translation_32_up,test_03455,3455,0,airplane,0,airplane,0.9887440204620361,True,0.9887440204620361,0.0018430061172693968,0.00019323361630085856,0.00048300230992026627,0.0010843286290764809,0.000422593264374882,0.0002527293690945953,0.0005186728085391223,0.005926359444856644,0.0005321186617948115
resnet50_linear,translation_32_up,test_01468,1468,9,truck,9,truck,0.9858908653259277,True,0.0013401440810412169,0.000583438144531101,0.007181450258940458,0.0006326650036498904,0.0003303118865005672,0.0007723614689894021,0.0005781077197752893,0.00046707107685506344,0.002223584335297346,0.9858908653259277
resnet50_linear,translation_32_up,test_01296,1296,7,monkey,7,monkey,0.943660318851471,True,2.7466268875286914e-05,0.00914646964520216,9.993264029617421e-06,0.028600497171282768,0.018192896619439125,6.86979983584024e-05,0.00028294461662881076,0.943660318851471,4.675670879805693e-06,5.931104169576429e-06
resnet50_linear,translation_32_up,test_05213,5213,4,deer,4,deer,0.9498282670974731,True,0.0008336059399880469,0.0012489143991842866,0.00041362977935932577,0.0016378130530938506,0.9498282670974731,0.0019689130131155252,0.04237212985754013,0.0012307589640840888,0.0003209882415831089,0.00014492904301732779
resnet50_linear,translation_32_up,test_07047,7047,9,truck,9,truck,0.9914822578430176,True,0.0009743496193550527,0.0007168135489337146,0.00192822830285877,0.0012552947737276554,0.00047673407243564725,0.0006328765884973109,0.0005863716942258179,0.0007913436857052147,0.001155753736384213,0.9914822578430176
resnet50_linear,translation_32_up,test_05360,5360,9,truck,9,truck,0.9931344985961914,True,2.8690838007605635e-05,5.711445555789396e-05,0.006257509347051382,8.758380863582715e-05,1.8534676200943068e-05,3.2275023841066286e-05,4.65149205410853e-05,2.6315692593925633e-05,0.00031090775155462325,0.9931344985961914
resnet50_linear,translation_32_up,test_05824,5824,2,car,2,car,0.9986346364021301,True,0.00010102990927407518,0.0001506530388724059,0.9986346364021301,0.00030853034695610404,0.00012793442874681205,0.00013244109868537635,4.906503454549238e-05,3.8119946111692116e-05,0.00026971823535859585,0.00018777168588712811
resnet50_linear,translation_32_up,test_07460,7460,8,ship,8,ship,0.8795987367630005,True,0.002260532695800066,7.537336932728067e-05,0.0016651154728606343,0.000532414298504591,6.83879989082925e-05,6.727447180310264e-05,4.05007776862476e-05,1.69904378708452e-05,0.8795987367630005,0.11567466706037521
resnet50_linear,translation_32_up,test_04791,4791,7,monkey,7,monkey,0.9863942265510559,True,0.0014616110129281878,0.0030067721381783485,0.0006602976936846972,0.0023227808997035027,0.0014773458242416382,0.0022835778072476387,0.0007775493431836367,0.9863942265510559,0.0008678592275828123,0.0007479548221454024
resnet50_linear,translation_32_up,test_06692,6692,2,car,2,car,0.9952536821365356,True,0.00039196829311549664,0.00027309494907967746,0.9952536821365356,0.00022296076349448413,0.00011767844262067229,0.0002976598625537008,0.00028231742908246815,0.0001614307111594826,0.001205369713716209,0.0017936916556209326
resnet50_linear,translation_32_up,test_06931,6931,9,truck,9,truck,0.9878103733062744,True,0.0052591850981116295,0.000582389417104423,0.0015149189857766032,0.0003560102195478976,0.00232403795234859,0.0002198026777477935,0.0006893876707181334,0.00011911255569430068,0.0011248370865359902,0.9878103733062744
resnet50_linear,translation_32_up,test_00667,667,8,ship,8,ship,0.9869996905326843,True,0.009533659555017948,0.0006554378196597099,0.0003534476854838431,0.00028993794694542885,0.0005258455639705062,0.00047560405801050365,0.00026826743851415813,0.0003064610355067998,0.9869996905326843,0.0005917537491768599
resnet50_linear,translation_32_up,test_07781,7781,6,horse,6,horse,0.9990647435188293,True,5.631457952404162e-06,3.979852772317827e-05,3.839566488750279e-06,2.440522439428605e-05,0.00044773262925446033,0.0002671226975508034,0.9990647435188293,0.0001434627774870023,1.3007548886889708e-06,1.9612944015534595e-06
resnet50_linear,translation_32_up,test_07793,7793,3,cat,5,dog,0.7474626302719116,False,5.224667620495893e-05,0.0005461563705466688,1.259789860341698e-05,0.06446658819913864,7.935758912935853e-05,0.7474626302719116,0.0018721221713349223,0.18547140061855316,3.3194461138918996e-05,3.633135747804772e-06
resnet50_linear,translation_32_up,test_01411,1411,9,truck,9,truck,0.9966508746147156,True,0.0015581188490614295,0.00015492324018850923,0.0005403691902756691,0.00024283012317027897,0.0001255403767572716,7.272527000168338e-05,0.00024779787054285407,5.069523103884421e-05,0.0003561340272426605,0.9966508746147156
resnet50_linear,translation_32_up,test_01473,1473,7,monkey,7,monkey,0.9706243276596069,True,0.0006869860808365047,0.004922323860228062,0.0006946672219783068,0.012611416168510914,0.0014962401473894715,0.0062296329997479916,0.001236610347405076,0.9706243276596069,0.0010769276414066553,0.00042093050433322787
resnet50_linear,translation_32_up,test_07130,7130,5,dog,5,dog,0.9580369591712952,True,0.002009796444326639,0.0043061403557658195,0.0013247191673144698,0.008299184031784534,0.0040893261320889,0.9580369591712952,0.008133887313306332,0.00936811976134777,0.0026470390148460865,0.001784734195098281
resnet50_linear,translation_32_up,test_01956,1956,7,monkey,3,cat,0.9910433292388916,False,1.4002509942656616e-06,1.1894961971847806e-05,1.7261572793358937e-07,0.9910433292388916,0.00019686967425514013,0.005917219910770655,0.00037522942875511944,0.002445951569825411,7.793270924594253e-06,1.3945491161848622e-07
resnet50_linear,translation_32_up,test_06716,6716,5,dog,5,dog,0.8203563690185547,True,0.0005174040561541915,0.019258584827184677,0.0009738279040902853,0.07072217762470245,0.0018548471853137016,0.8203563690185547,0.05309887230396271,0.0312880277633667,0.001514027127996087,0.0004158027586527169
resnet50_linear,translation_32_up,test_04106,4106,5,dog,5,dog,0.9574655890464783,True,7.114648178685457e-05,0.0024966311175376177,0.00011162776354467496,0.00840123649686575,0.002194673288613558,0.9574655890464783,0.026545459404587746,0.0024997973814606667,9.586724627297372e-05,0.00011796124454122037
resnet50_linear,translation_32_up,test_03494,3494,6,horse,6,horse,0.9998371601104736,True,1.1498504136397969e-05,9.192252036882564e-06,8.363193046534434e-06,4.338461621955503e-06,5.277410309645347e-05,4.176662696409039e-05,0.9998371601104736,2.1176938389544375e-05,6.5545373217901215e-06,7.1111721808847506e-06
resnet50_linear,translation_32_up,test_00691,691,4,deer,4,deer,0.9954121708869934,True,8.713210263522342e-05,0.00042634678538888693,0.00010691440547816455,0.0020118437241762877,0.9954121708869934,0.0008384372922591865,0.0006571775302290916,0.00025538308545947075,9.830311319092289e-05,0.0001063003292074427
resnet50_linear,translation_32_up,test_05220,5220,1,bird,3,cat,0.608959972858429,False,2.8822563763242215e-05,0.30714350938796997,1.808316847018432e-05,0.608959972858429,0.030075479298830032,0.03660735487937927,0.0010752415983006358,0.015389879234135151,0.0006810986087657511,2.0608991690096445e-05
resnet50_linear,translation_32_up,test_04908,4908,3,cat,3,cat,0.9970634579658508,True,0.0001439582702005282,0.0002325269451830536,7.119834481272846e-05,0.9970634579658508,0.0012333894846960902,0.0009571178234182298,6.90839224262163e-05,9.951520041795447e-05,9.918917203322053e-05,3.039496914425399e-05
resnet50_linear,translation_32_up,test_07029,7029,1,bird,1,bird,0.9840933084487915,True,0.0007366621284745634,0.9840933084487915,0.0009128525853157043,0.003812299342826009,0.0022119232453405857,0.001963511575013399,0.0015445195604115725,0.00396691495552659,0.000518202199600637,0.0002398832730250433
resnet50_linear,translation_32_up,test_04130,4130,0,airplane,0,airplane,0.9990243911743164,True,0.9990243911743164,0.0001132428296841681,2.8942853532498702e-05,4.7511723096249625e-05,4.8128567868843675e-05,1.6073552615125664e-05,1.7617454432183877e-05,1.4758209545107093e-05,0.0001396948064211756,0.0005496059311553836
resnet50_linear,translation_32_up,test_07938,7938,9,truck,9,truck,0.9996834993362427,True,2.2610120140598156e-05,1.8350317986914888e-05,6.279673107201234e-05,1.1628972970356699e-05,5.226932898949599e-06,1.9579973013605922e-05,2.4655329980305396e-05,6.524790660478175e-05,8.645872003398836e-05,0.9996834993362427
resnet50_linear,translation_32_up,test_05101,5101,5,dog,5,dog,0.9730034470558167,True,0.0005427129217423499,0.00127430132124573,0.00020559543918352574,0.01837247610092163,7.203710993053392e-05,0.9730034470558167,0.0002048960595857352,0.006244136951863766,5.755087113357149e-05,2.3019876607577316e-05
resnet50_linear,translation_32_up,test_01515,1515,9,truck,9,truck,0.9946715235710144,True,0.00011525654554134235,0.00022139589418657124,0.00257721240632236,0.00047748006181791425,0.00012020016583846882,0.00037010805681347847,0.00010735871182987466,0.00030721421353518963,0.0010322632733732462,0.9946715235710144
resnet50_linear,translation_32_up,test_03287,3287,4,deer,4,deer,0.999041736125946,True,1.1433261533966288e-05,0.00014268855738919228,1.5291750969481654e-05,0.00046157167525961995,0.999041736125946,3.3060940040741116e-05,0.00019220793910790235,9.344286809209734e-05,6.650911473116139e-06,1.7278788391195121e-06
resnet50_linear,translation_32_up,test_00716,716,8,ship,8,ship,0.9541717767715454,True,0.013605558313429356,0.00774851068854332,0.0015860075363889337,0.004986122250556946,0.003119952976703644,0.005354215856641531,0.0030447118915617466,0.0024420912377536297,0.9541717767715454,0.00394105538725853
resnet50_linear,translation_32_up,test_04236,4236,7,monkey,7,monkey,0.9955689311027527,True,0.000130114407511428,0.0002536565880291164,0.00016796370618976653,0.0006291504832915962,0.0007480729254893959,0.0007310808869078755,0.0013492583530023694,0.9955689311027527,0.00024025229504331946,0.00018152913253288716
resnet50_linear,translation_32_up,test_05408,5408,6,horse,6,horse,0.852950930595398,True,9.523047083348501e-06,2.043859421974048e-05,1.0852184459508862e-05,0.0006826711469329894,0.14181023836135864,0.004487914033234119,0.852950930595398,9.312157089880202e-06,1.2749202142003924e-05,5.252349637885345e-06
resnet50_linear,translation_32_up,test_05496,5496,5,dog,5,dog,0.9918408393859863,True,1.4660657143394928e-05,0.001310897059738636,2.6900297598331235e-05,0.005871952511370182,2.993419002450537e-05,0.9918408393859863,0.000547299743629992,0.0001706616603769362,0.00015095823619049042,3.591835775296204e-05
resnet50_linear,translation_32_up,test_03365,3365,4,deer,4,deer,0.959902822971344,True,2.9741873731836677e-05,0.0005542803555727005,4.8136986151803285e-05,0.0023249771911650896,0.959902822971344,0.0005028629093430936,0.03616207838058472,0.0004107391578145325,5.9295220125932246e-05,5.105709078634391e-06
resnet50_linear,translation_32_up,test_04323,4323,3,cat,3,cat,0.990584135055542,True,1.2322855127422372e-06,4.882048597210087e-05,4.516209628491197e-06,0.990584135055542,1.0413898962724488e-05,0.009317326359450817,1.742146378092002e-05,7.1364502218784764e-06,2.490831320756115e-06,6.622602541028755e-06
resnet50_linear,translation_32_up,test_05467,5467,4,deer,4,deer,0.9328861236572266,True,0.00140149868093431,0.006977907381951809,0.0010411737021058798,0.0010790323140099645,0.9328861236572266,0.001049875165335834,0.05074506625533104,0.0028338630218058825,0.0013369763037189841,0.0006484788609668612
resnet50_linear,translation_32_up,test_01644,1644,5,dog,5,dog,0.9889277219772339,True,0.00018505366460885853,0.000781720329541713,0.0001849989639595151,0.0019318613922223449,0.0028224594425410032,0.9889277219772339,0.001650140155106783,0.002509090816602111,0.0005941459094174206,0.0004128922300878912
resnet50_linear,translation_32_up,test_03948,3948,8,ship,8,ship,0.978097140789032,True,0.010674403980374336,0.0027450527995824814,0.0005062168929725885,0.0012445905013009906,0.0012641652720049024,0.0012884244788438082,0.00258981273509562,0.0007005333318375051,0.978097140789032,0.000889693561475724
resnet50_linear,translation_32_up,test_06726,6726,7,monkey,7,monkey,0.7027320265769958,True,0.0007034013979136944,0.0027669949922710657,0.0003069834492634982,0.19095340371131897,0.03969692811369896,0.05316007882356644,0.009461934678256512,0.7027320265769958,0.0001527915010228753,6.543482595589012e-05
resnet50_linear,translation_32_up,test_05395,5395,2,car,2,car,0.9997941851615906,True,2.397285925326287e-06,1.476548277423717e-05,0.9997941851615906,2.1497608031495474e-05,4.839991106564412e-06,1.4453376024903264e-05,7.658639333385509e-06,3.1107263112062356e-06,1.6406349459430203e-05,0.00012070070079062134
resnet50_linear,translation_32_up,test_01579,1579,7,monkey,7,monkey,0.9828784465789795,True,0.0004399050376378,0.003520398633554578,0.0002451965119689703,0.007188649848103523,0.00023804957163520157,0.0033746627159416676,0.0016398014267906547,0.9828784465789795,0.0003477223217487335,0.00012714297918137163
resnet50_linear,translation_32_up,test_05918,5918,0,airplane,0,airplane,0.9985865354537964,True,0.9985865354537964,0.0003517857985571027,3.5848763218382373e-05,5.741315908380784e-05,0.00013627298176288605,8.003935363376513e-05,4.1094775951933116e-05,5.576882540481165e-05,0.000574975972995162,8.052514749579132e-05
resnet50_linear,translation_32_up,test_07041,7041,5,dog,5,dog,0.9755269289016724,True,0.00013834401033818722,0.0006257430068217218,6.803555879741907e-05,0.001653454964980483,0.0006182199576869607,0.9755269289016724,0.01795407198369503,0.003326220903545618,6.984799983911216e-05,1.9022656488232315e-05
resnet50_linear,translation_32_up,test_00506,506,4,deer,4,deer,0.9571477174758911,True,6.769486935809255e-05,0.00018324617121834308,9.897822747007012e-05,0.015278425998985767,0.9571477174758911,0.004938405007123947,0.019437851384282112,0.00233992631547153,0.00041897949995473027,8.870827878126875e-05
resnet50_linear,translation_32_up,test_04011,4011,6,horse,6,horse,0.9998160004615784,True,3.849664608424064e-06,7.83334417064907e-06,1.1846793313452508e-05,5.251280526863411e-06,0.0001189334798255004,2.6046955099445768e-05,0.9998160004615784,8.511615305906162e-06,6.461572183980024e-07,1.1911861292901449e-06
resnet50_linear,translation_32_up,test_05981,5981,9,truck,9,truck,0.9980562925338745,True,0.00020999560365453362,5.536133539862931e-05,0.0003780151600949466,0.00018106913194060326,7.311509398277849e-05,2.7514710382092744e-05,3.540439865901135e-05,1.7844995454652235e-05,0.0009653636370785534,0.9980562925338745
resnet50_linear,translation_32_up,test_00409,409,2,car,2,car,0.9998797178268433,True,1.2817073184123728e-05,4.777975846081972e-06,0.9998797178268433,1.102904661820503e-05,3.2405491765530314e-06,9.628498446545564e-06,8.131385584420059e-06,1.4018277170180227e-06,6.928615675860783e-06,6.222951924428344e-05
resnet50_linear,translation_32_up,test_06954,6954,1,bird,1,bird,0.9987093210220337,True,1.0092016964335926e-06,0.9987093210220337,3.621718747126579e-08,0.0012025131145492196,7.828775414964184e-05,9.679959021013929e-07,3.1209169719659258e-06,2.9756379262835253e-06,1.818041369006096e-06,1.1974323399499553e-07
resnet50_linear,translation_32_up,test_07555,7555,6,horse,6,horse,0.9978716373443604,True,0.0002155457914341241,8.800005889497697e-05,3.12901938741561e-05,4.551819074549712e-05,0.0010708861518651247,0.0005323181394487619,0.9978716373443604,0.00011156154505442828,2.063588544842787e-05,1.2595686712302268e-05
resnet50_linear,translation_32_up,test_03965,3965,0,airplane,0,airplane,0.9765987396240234,True,0.9765987396240234,0.00964847207069397,0.0005196402780711651,0.0026473854668438435,0.001942084520123899,0.002719497075304389,0.0008557281107641757,0.0030833433847874403,0.0012171034468337893,0.0007679800037294626
resnet50_linear,translation_32_up,test_07266,7266,9,truck,9,truck,0.9827949404716492,True,0.0014693757984787226,0.0001366911019431427,0.007939610630273819,0.0005687993834726512,0.0016932222060859203,0.0006377761019393802,0.0030879364348948,0.000571223848965019,0.001100368914194405,0.9827949404716492
resnet50_linear,translation_32_up,test_04785,4785,0,airplane,0,airplane,0.9617379307746887,True,0.9617379307746887,0.0029660812579095364,0.008517146110534668,0.0021134314592927694,0.0020867434795945883,0.0027659444604068995,0.0022196276113390923,0.006987052969634533,0.0028204787522554398,0.007785731460899115
resnet50_linear,translation_32_up,test_06028,6028,2,car,2,car,0.9991983771324158,True,4.253721999702975e-05,3.115888102911413e-05,0.9991983771324158,2.0686469724751078e-05,1.835928014770616e-05,7.763707253616303e-05,0.0001550232555018738,1.2076349776179995e-05,0.00015154425636865199,0.0002926110755652189
resnet50_linear,translation_32_up,test_06503,6503,2,car,2,car,0.9991565942764282,True,0.0002468433231115341,3.0075054382905364e-05,0.9991565942764282,1.0312953236280009e-05,1.75180994119728e-05,2.2877191440784372e-05,3.5035613109357655e-05,1.1934975191252306e-05,5.634256740449928e-05,0.0004124166734982282
resnet50_linear,translation_32_up,test_06414,6414,5,dog,3,cat,0.7178627252578735,False,6.747523002559319e-05,0.0038751407992094755,1.1395700312277768e-05,0.7178627252578735,0.0006842270959168673,0.236636221408844,0.008178777061402798,0.03257397189736366,0.00010281828872393817,7.249933787534246e-06
resnet50_linear,translation_32_up,test_05382,5382,6,horse,6,horse,0.9872580170631409,True,0.0002222148177679628,0.00033456142409704626,0.0026127768214792013,0.000933262926992029,0.0015800102846696973,0.0008275421569123864,0.9872580170631409,0.0032552708871662617,0.000655011972412467,0.0023211983498185873
resnet50_linear,translation_32_up,test_06836,6836,1,bird,1,bird,0.9573829770088196,True,0.00361082935705781,0.9573829770088196,0.001421455410309136,0.011198112741112709,0.008520517498254776,0.0038197177927941084,0.0010423330822959542,0.010618248954415321,0.0012186235981062055,0.0011672262335196137
resnet50_linear,translation_32_up,test_06508,6508,4,deer,4,deer,0.9877075552940369,True,4.670612543122843e-05,0.00013159432273823768,3.955068677896634e-05,0.00011643299512797967,0.9877075552940369,1.648604666115716e-05,0.011860692873597145,3.496479257592e-05,2.9271153834997676e-05,1.6719957784516737e-05
resnet50_linear,translation_32_up,test_03994,3994,4,deer,4,deer,0.9966440200805664,True,0.00013770301302429289,0.00011753396393032745,7.363074109889567e-05,0.0017858075443655252,0.9966440200805664,0.000176817542524077,0.0005140227149240673,0.00047273136442527175,4.3021151213906705e-05,3.478338840068318e-05
resnet50_linear,translation_32_up,test_03942,3942,9,truck,9,truck,0.9727050065994263,True,0.003349379636347294,0.0027076059486716986,0.009423797018826008,0.0011827328708022833,0.0005077836103737354,0.0025925985537469387,0.0026708932127803564,0.002106239553540945,0.002753916196525097,0.9727050065994263
resnet50_linear,translation_32_up,test_03542,3542,7,monkey,7,monkey,0.9955860376358032,True,0.00023748497187625617,0.0010816144058480859,9.79506949079223e-05,0.0007523965323343873,0.00045732181752100587,0.0013896615710109472,0.0002750259009189904,0.9955860376358032,8.19984488771297e-05,4.0470491512678564e-05
resnet50_linear,translation_32_up,test_06952,6952,3,cat,3,cat,0.9996631145477295,True,4.2548276724119205e-07,2.6247531422995962e-05,7.088620890272068e-08,0.9996631145477295,1.588114355399739e-05,0.0002849676529876888,3.774948709178716e-06,5.183871508052107e-06,3.416920719701011e-07,1.5125282359917946e-08
resnet50_linear,translation_32_up,test_04290,4290,5,dog,5,dog,0.6576117873191833,True,0.00021338443912100047,0.0025619042571634054,0.00015211637946777046,0.06081192195415497,0.14006920158863068,0.6576117873191833,0.1372518390417099,0.0010039783082902431,0.00023319106549024582,9.065586345968768e-05
resnet50_linear,translation_32_up,test_07446,7446,8,ship,8,ship,0.9976999163627625,True,0.0009129400132223964,0.00016344270261470228,0.00036664947401732206,0.0001877050963230431,6.212448352016509e-05,0.00019785623589996248,6.326205038931221e-05,0.00016175219207070768,0.9976999163627625,0.0001843723439378664
resnet50_linear,translation_32_up,test_06169,6169,1,bird,1,bird,0.8923438787460327,True,0.004085937049239874,0.8923438787460327,0.0001393603888573125,0.003296484239399433,0.0019945281092077494,0.019299615174531937,0.07125942409038544,0.005543307866901159,0.0019906924571841955,4.670464477385394e-05
resnet50_linear,translation_32_up,test_01109,1109,1,bird,1,bird,0.9999306201934814,True,1.1658446055662353e-05,0.9999306201934814,6.165896593302023e-08,1.8195192751591094e-05,2.4662460418767296e-05,5.30794477526797e-06,6.779997420380823e-06,1.3265560028230539e-06,1.1971116009590332e-06,3.369764201011094e-08
resnet50_linear,translation_32_up,test_03179,3179,4,deer,4,deer,0.9951960444450378,True,9.158932698483113e-06,0.0001687820185907185,6.118995315773645e-06,0.004029311705380678,0.9951960444450378,6.487342034233734e-05,0.00045208362280391157,6.4457519329153e-05,6.762189514120109e-06,2.333576276214444e-06
resnet50_linear,translation_32_up,test_07835,7835,7,monkey,7,monkey,0.9947271943092346,True,3.287935032858513e-05,0.0009338890085928142,6.30614667898044e-05,0.000784612144343555,0.000944328960031271,0.002129012020304799,0.0003042869211640209,0.9947271943092346,4.470499698072672e-05,3.604738594731316e-05
resnet50_linear,translation_32_up,test_07390,7390,1,bird,1,bird,0.9908396601676941,True,0.003973072394728661,0.9908396601676941,0.00019537348998710513,0.0004697539552580565,0.0020023020915687084,0.0006821956485509872,0.000376430107280612,0.0006833513616584241,0.0005265426589176059,0.000251193210715428
resnet50_linear,translation_32_up,test_00568,568,5,dog,5,dog,0.9458315968513489,True,0.0005219831946305931,0.003144356654956937,0.00025910261319950223,0.025724947452545166,0.0006729663000442088,0.9458315968513489,0.001756475307047367,0.021742546930909157,0.00016353368118871003,0.000182548668817617
resnet50_linear,translation_32_up,test_04629,4629,4,deer,4,deer,0.9901720881462097,True,2.7954290999332443e-05,3.149694748572074e-05,9.187462637783028e-06,0.00736171705648303,0.9901720881462097,0.00013287371257320046,0.002169736661016941,7.69216421758756e-05,7.831160473870113e-06,1.0156819371331949e-05
resnet50_linear,translation_32_up,test_07138,7138,8,ship,8,ship,0.9361938834190369,True,0.06267540156841278,0.0003265933191869408,3.6973808164475486e-05,0.00012850401981268078,8.631788659840822e-05,0.00020119007967878133,0.00013191184552852064,0.00011356338654877618,0.9361938834190369,0.00010571319580776617
resnet50_linear,translation_32_up,test_05284,5284,9,truck,9,truck,0.997628390789032,True,0.00028501643100753427,6.820780981797725e-05,0.000365647574653849,9.130450780503452e-05,5.087375029688701e-05,0.00025502071366645396,0.00020702488836832345,0.0001444784429622814,0.0009040018194355071,0.997628390789032
resnet50_linear,translation_32_up,test_00003,3,0,airplane,0,airplane,0.9336645603179932,True,0.9336645603179932,0.003319857409223914,0.004047767259180546,0.003084265161305666,0.002968321554362774,0.006079789251089096,0.002682839287444949,0.006615146994590759,0.024367187172174454,0.013170145452022552
resnet50_linear,translation_32_up,test_02690,2690,1,bird,1,bird,0.9978650212287903,True,4.195824658381753e-05,0.9978650212287903,2.6520387109485455e-05,0.00013317730918060988,0.0008880392415449023,0.0002785305550787598,2.6282730686943978e-05,0.0006852752412669361,4.495774192037061e-05,1.0194143214903306e-05
resnet50_linear,translation_32_up,test_05858,5858,6,horse,6,horse,0.8776865601539612,True,1.4429941984417383e-05,7.12343753548339e-05,2.1821231712237932e-05,0.0002767615078482777,0.1217675656080246,5.830304871778935e-05,0.8776865601539612,9.036544361151755e-05,8.969826922111679e-06,3.823226052190876e-06
resnet50_linear,translation_32_up,test_01266,1266,4,deer,4,deer,0.9860410094261169,True,0.0001888375700218603,0.0005334143061190844,0.000326232286170125,0.0032512457109987736,0.9860410094261169,0.005370949395000935,0.003255269955843687,0.00049395184032619,0.00028396715060807765,0.0002550305798649788
resnet50_linear,translation_32_up,test_03034,3034,4,deer,4,deer,0.9971531629562378,True,1.7004147593979724e-05,0.00010127361747436225,1.6559271898586303e-05,0.0017241990426555276,0.9971531629562378,0.00019664838328026235,0.0007404289208352566,3.4135751775465906e-05,1.231415353686316e-05,4.271107627573656e-06
resnet50_linear,translation_32_up,test_02655,2655,9,truck,9,truck,0.9863759875297546,True,0.00012876205437351018,6.909003423061222e-05,0.012611477635800838,5.077301830169745e-05,4.253393126418814e-05,5.8146746596321464e-05,7.306783663807437e-05,5.642353426082991e-05,0.0005337115726433694,0.9863759875297546
resnet50_linear,translation_32_up,test_06190,6190,7,monkey,7,monkey,0.99319988489151,True,1.3722092262469232e-05,0.0005959289846941829,7.428821845678613e-06,0.004185914061963558,0.0006924512563273311,0.001118521555326879,0.00016186882567126304,0.99319988489151,1.2288104699109681e-05,1.1925008038815577e-05
resnet50_linear,translation_32_up,test_04170,4170,8,ship,8,ship,0.6942395567893982,True,0.29059261083602905,0.0001726396440062672,0.0009691292652860284,0.00015573979180771858,0.0001719178690109402,0.0001718213316053152,0.00018015273963101208,6.872037192806602e-05,0.6942395567893982,0.013277685269713402
resnet50_linear,translation_32_up,test_07380,7380,9,truck,9,truck,0.9707605838775635,True,0.0007476590690203011,0.0013610591413453221,0.021488530561327934,0.000870441785082221,0.0004637114761862904,0.0006747908191755414,0.0006426647887565196,0.0010928536066785455,0.001897755078971386,0.9707605838775635
resnet50_linear,translation_32_up,test_07752,7752,9,truck,9,truck,0.9772845506668091,True,0.001480112667195499,0.0005034581990912557,0.008156068623065948,0.0007376507855951786,0.001144460984505713,0.0006142803467810154,0.0005646180361509323,0.00025877205189317465,0.009255982004106045,0.9772845506668091
resnet50_linear,translation_32_up,test_03996,3996,9,truck,9,truck,0.9857429265975952,True,0.008723183535039425,0.0002479793329257518,0.0034605006221681833,0.000888815731741488,9.271719318348914e-05,8.71223455760628e-05,0.00011132283543702215,1.2748742847179528e-05,0.0006327254232019186,0.9857429265975952
resnet50_linear,translation_32_up,test_01204,1204,3,cat,3,cat,0.9928142428398132,True,1.6075369785539806e-05,0.0056154862977564335,2.3286329451366328e-06,0.9928142428398132,0.0012247259728610516,3.3199081372004e-05,8.407931454712525e-05,0.00020405268878675997,2.462831389493658e-06,3.2599255064269528e-06
resnet50_linear,translation_32_up,test_01654,1654,9,truck,9,truck,0.9885398745536804,True,0.00042062270222231746,0.0007223322754725814,0.0043775709345936775,0.0004494262393563986,0.00015064922627061605,0.000754336011596024,0.00043769218609668314,0.0012032008962705731,0.0029443525709211826,0.9885398745536804
resnet50_linear,translation_32_up,test_04746,4746,6,horse,6,horse,0.9532394409179688,True,0.00027425881125964224,0.0004885020316578448,6.829407357145101e-05,0.011540084145963192,0.0278664268553257,0.004806059878319502,0.9532394409179688,0.0015429758932441473,0.00010153820039704442,7.23736739018932e-05
resnet50_linear,translation_32_up,test_04590,4590,3,cat,3,cat,0.9942466616630554,True,0.00013546003901865333,0.0019876426085829735,0.00041097126086242497,0.9942466616630554,0.00027034361846745014,0.0017309311078861356,0.00014748272951692343,0.0005669923848472536,0.0003596234309952706,0.00014396080223377794
resnet50_linear,translation_32_up,test_00562,562,0,airplane,0,airplane,0.999716579914093,True,0.999716579914093,1.8246131730847992e-05,2.0659217625507154e-05,8.698572855792008e-06,1.6050731574068777e-05,7.708992598054465e-06,2.270901177325868e-06,2.725460717556416e-06,0.0001876960159279406,1.9265618902863935e-05
resnet50_linear,translation_32_up,test_07108,7108,6,horse,6,horse,0.967056393623352,True,0.0002419890952296555,0.00013644002319779247,5.727209645556286e-05,0.0002458144153933972,0.031737007200717926,0.0003020136500708759,0.967056393623352,9.636003233026713e-05,3.936467328458093e-05,8.739808981772512e-05
resnet50_linear,translation_32_up,test_05999,5999,0,airplane,0,airplane,0.9987346529960632,True,0.9987346529960632,0.0001609039754839614,9.646596299717203e-05,0.00013768176722805947,7.91903876233846e-05,0.00017076860240194947,7.373763946816325e-05,4.6168705011950806e-05,0.00043013677350245416,7.045522215776145e-05
resnet50_linear,translation_32_up,test_01403,1403,2,car,2,car,0.99922776222229,True,3.47233290085569e-05,4.7901739890221506e-05,0.99922776222229,3.688538708956912e-05,2.886813490476925e-05,4.8665504436939955e-05,4.9318110541207716e-05,1.131313092628261e-05,4.1251765651395544e-05,0.00047331006499007344
resnet50_linear,translation_32_up,test_04403,4403,7,monkey,7,monkey,0.9856189489364624,True,0.00016406494250986725,0.0011939775431528687,0.00021640697377733886,0.0033823379781097174,0.0011589518981054425,0.006259504240006208,0.0013034770963713527,0.9856189489364624,0.0004948934656567872,0.00020735105499625206
resnet50_linear,translation_32_up,test_06332,6332,2,car,2,car,0.9959945678710938,True,0.002603256842121482,3.094122075708583e-05,0.9959945678710938,9.358357783639804e-05,1.3863869753549807e-05,3.0957275157561526e-05,1.677854743320495e-05,8.252639418060426e-06,0.0002143686288036406,0.0009934317786246538
resnet50_linear,translation_32_up,test_06264,6264,2,car,2,car,0.9997792840003967,True,3.493464419079828e-06,5.681213224306703e-06,0.9997792840003967,1.120680826716125e-05,2.784400203381665e-05,1.6015103028621525e-05,1.981118111871183e-05,3.8516163840540685e-06,5.78827302888385e-06,0.00012707815039902925
resnet50_linear,translation_32_up,test_00303,303,9,truck,9,truck,0.9965108036994934,True,0.00031924518407322466,0.0002448417362757027,0.0007917011971585453,0.00044130266178399324,8.572102524340153e-05,0.0006088995141908526,0.00012217016774229705,0.0002802031522151083,0.0005950820632278919,0.9965108036994934
resnet50_linear,translation_32_up,test_00791,791,3,cat,3,cat,0.9917635917663574,True,0.0012930273078382015,0.0023035902995616198,0.0007803190383128822,0.9917635917663574,0.0004538881767075509,0.0008609054493717849,0.0002723771904129535,0.0006242280942387879,0.0012120490428060293,0.0004359944723546505
resnet50_linear,translation_32_up,test_03067,3067,2,car,2,car,0.9878381490707397,True,0.001117667299695313,0.0018237903714179993,0.9878381490707397,0.0014233721885830164,0.0003643730015028268,0.0014959850814193487,0.0012188107939437032,0.0007246194290928543,0.0016602909890934825,0.002332968171685934
resnet50_linear,translation_32_up,test_00484,484,0,airplane,0,airplane,0.9871745109558105,True,0.9871745109558105,7.248674228321761e-05,0.00020471980678848922,8.659681043354794e-05,7.217343227239326e-05,9.582175698596984e-05,5.4859603551449254e-05,9.659108036430553e-05,0.012041675858199596,0.00010058328189188614
resnet50_linear,translation_32_up,test_01370,1370,3,cat,3,cat,0.9991567134857178,True,0.00012337137013673782,5.5598498875042424e-05,6.476779162767343e-06,0.9991567134857178,0.0001637489622225985,0.00046541844494640827,7.661803465452977e-06,1.080607034964487e-05,8.856541171553545e-06,1.2552887937999913e-06
resnet50_linear,translation_32_up,test_04069,4069,8,ship,8,ship,0.8288480043411255,True,0.09852181375026703,0.0006778223905712366,0.0056397276930511,0.0009955237619578838,0.025952206924557686,0.00134236307349056,0.005746016278862953,0.0018314378103241324,0.8288480043411255,0.030445070937275887
resnet50_linear,translation_32_up,test_07373,7373,0,airplane,0,airplane,0.9534634947776794,True,0.9534634947776794,0.004317157901823521,0.00517110712826252,0.0015046088956296444,0.0035963915288448334,0.002044092398136854,0.0026853177696466446,0.003000896889716387,0.006595324724912643,0.017621422186493874
resnet50_linear,translation_32_up,test_04330,4330,3,cat,3,cat,0.953217625617981,True,2.8915239454363473e-05,0.0016707334434613585,7.615420327056199e-05,0.953217625617981,0.012490580789744854,0.010098197497427464,0.016064314171671867,0.006285242270678282,3.243193350499496e-05,3.576007657102309e-05
resnet50_linear,translation_32_up,test_05701,5701,5,dog,5,dog,0.9568930864334106,True,0.0003598645271267742,0.0007586984429508448,0.0006224691751413047,0.030923740938305855,0.0017663524486124516,0.9568930864334106,0.002108888002112508,0.005326252430677414,0.0006601387285627425,0.0005803367821499705
resnet50_linear,translation_32_up,test_07465,7465,0,airplane,0,airplane,0.9946833252906799,True,0.9946833252906799,0.004014302510768175,0.00012913148384541273,0.00013084730016998947,0.00016375423001591116,0.0003055993001908064,0.00010893392754951492,0.0001555638446006924,0.00017071777256205678,0.00013791593664791435
resnet50_linear,translation_32_up,test_01531,1531,3,cat,3,cat,0.9414520263671875,True,1.5724299373687245e-05,3.7469766539288685e-05,1.9052586139878258e-05,0.9414520263671875,0.012514299713075161,0.04419142007827759,0.001718364655971527,2.9282709874678403e-05,5.636533387587406e-06,1.6733738448238e-05
resnet50_linear,translation_32_up,test_04676,4676,8,ship,8,ship,0.9971866011619568,True,0.0009381097042933106,0.00032773250131867826,0.0001478050253354013,0.00027732638409361243,0.00017829149146564305,0.0003204704844392836,0.0001350598904537037,9.942882024915889e-05,0.9971866011619568,0.00038924303953535855
resnet50_linear,translation_32_up,test_04531,4531,3,cat,3,cat,0.9528412818908691,True,0.00032579893013462424,0.000512374856043607,0.0001652496721362695,0.9528412818908691,0.04218227043747902,0.0007739820866845548,0.0010695053497329354,0.0017755342414602637,0.0001960850495379418,0.0001579012896399945
resnet50_linear,translation_32_up,test_00706,706,8,ship,8,ship,0.9973042011260986,True,0.001225835527293384,0.00026286792126484215,0.00010788025974761695,0.00015904108295217156,0.00013407734513748437,0.00023398558550979942,0.00012570319813676178,0.0001251435314770788,0.9973042011260986,0.0003212270967196673
resnet50_linear,translation_32_up,test_02844,2844,8,ship,8,ship,0.9948228597640991,True,0.0009179270127788186,0.0010049294214695692,0.00041599731775932014,0.0007023524376563728,0.00034425201010890305,0.00045880398829467595,0.0004102241073269397,0.0002686784719116986,0.9948228597640991,0.0006538604502566159
resnet50_linear,translation_32_up,test_03755,3755,2,car,2,car,0.9984099864959717,True,0.00013885389489587396,8.075444202404469e-05,0.9984099864959717,6.352007039822638e-05,0.00035978094092570245,0.00017002937966026366,0.00024344299163203686,6.960013706702739e-05,5.750897980760783e-05,0.0004064735840074718
resnet50_linear,translation_32_up,test_05848,5848,7,monkey,7,monkey,0.9927511215209961,True,0.00030005944427102804,0.0015416141832247376,0.00032109199673868716,0.0017928341403603554,0.0018708432326093316,0.00036808499135077,0.00046127053792588413,0.9927511215209961,0.0002670616959221661,0.00032597556128166616
resnet50_linear,translation_32_up,test_02114,2114,9,truck,9,truck,0.9631601572036743,True,0.0014367906842380762,0.002106630941852927,0.017102453857660294,0.0015253887977451086,0.0013090964639559388,0.0031115764286369085,0.003077323315665126,0.0015202752547338605,0.005650315433740616,0.9631601572036743
resnet50_linear,translation_32_up,test_03876,3876,0,airplane,0,airplane,0.9965317845344543,True,0.9965317845344543,5.546496686292812e-05,0.0014500099932774901,1.5087333849805873e-05,2.4601096811238676e-05,0.0001355790882371366,0.00010008327080868185,4.1738741856534034e-05,0.0003991501871496439,0.0012466891203075647
resnet50_linear,translation_32_up,test_00677,677,3,cat,3,cat,0.9812233448028564,True,0.0006172206485643983,0.00892319343984127,0.0007630581385456026,0.9812233448028564,0.0004685745807364583,0.0031866016797721386,0.00023684505140408874,0.003540295409038663,0.0008365298854187131,0.00020422654051799327
resnet50_linear,translation_32_up,test_02116,2116,1,bird,3,cat,0.9986926913261414,False,1.2195910130685661e-05,0.0008030458120629191,6.320557076833211e-06,0.9986926913261414,0.00021308203577063978,0.0001947677374118939,6.68312277412042e-05,2.1868249859835487e-06,7.295356226677541e-06,1.645574911890435e-06
resnet50_linear,translation_32_up,test_04661,4661,7,monkey,7,monkey,0.9694839119911194,True,0.0003550129185896367,0.0023622428998351097,0.0003320729301776737,0.01185561716556549,0.00754610076546669,0.006779709830880165,0.0006838424596935511,0.9694839119911194,0.00046281598042696714,0.0001385254436172545
resnet50_linear,translation_32_up,test_02676,2676,6,horse,6,horse,0.9997072815895081,True,1.362477973998466e-06,7.262765961968398e-07,5.448952651931904e-05,9.020647667057347e-06,5.361180956242606e-05,0.0001670284109422937,0.9997072815895081,3.274554501331295e-06,7.131113193281635e-07,2.5127624212473165e-06
resnet50_linear,translation_32_up,test_03025,3025,0,airplane,0,airplane,0.9438337087631226,True,0.9438337087631226,0.00016008717648219317,0.020693983882665634,0.00019578482897486538,0.008038511499762535,0.00011657168215606362,0.021981026977300644,0.00011646022903732955,0.0003227167180739343,0.004541122354567051
resnet50_linear,translation_32_up,test_04449,4449,9,truck,9,truck,0.9803749918937683,True,0.006563534960150719,5.162698016647482e-06,0.003897780552506447,3.994321741629392e-05,2.5461225959588774e-05,4.661216735257767e-05,0.00023138216056395322,3.5681046028912533e-06,0.00881151296198368,0.9803749918937683
resnet50_linear,translation_32_up,test_00977,977,6,horse,6,horse,0.995591402053833,True,0.0008878683438524604,0.00012649866403080523,0.0003247925778850913,0.00039801475941203535,0.0008780035423114896,0.000868121744133532,0.995591402053833,0.0004718537093140185,2.9490251108654775e-05,0.0004240628913976252
resnet50_linear,translation_32_up,test_04990,4990,8,ship,8,ship,0.9880391955375671,True,0.006800421047955751,4.584784619510174e-05,0.0005638779257424176,8.955469820648432e-05,9.815868543228135e-05,0.00037442645407281816,0.0001639518013689667,7.488285336876288e-05,0.9880391955375671,0.0037496944423764944
resnet50_linear,translation_32_up,test_07309,7309,0,airplane,0,airplane,0.9966291785240173,True,0.9966291785240173,0.0009306270512752235,0.0005365585093386471,0.0002842615940608084,0.00010328571806894615,0.00027100826264359057,5.378025889513083e-05,0.00021076133998576552,0.0005594899994321167,0.0004209965991321951
resnet50_linear,translation_32_up,test_01048,1048,7,monkey,7,monkey,0.9831445217132568,True,0.0002445906575303525,0.0033348945435136557,0.00017864146502688527,0.0011505698785185814,0.005676984321326017,0.00442628376185894,0.00137035408988595,0.9831445217132568,0.00023846601834520698,0.00023466799757443368
resnet50_linear,translation_32_up,test_03276,3276,3,cat,3,cat,0.926715075969696,True,4.05940882046707e-05,0.00020655248954426497,4.789990634890273e-05,0.926715075969696,0.06282896548509598,0.002394384704530239,0.0014833606546744704,0.0062180873937904835,3.8970283640082926e-05,2.603145367174875e-05
resnet50_linear,translation_32_up,test_05512,5512,2,car,9,truck,0.9911700487136841,False,9.22231120057404e-05,9.72835005086381e-06,0.0031855714041739702,5.563757076743059e-05,0.00014730550174135715,8.620093285571784e-05,0.004762595519423485,6.541690254380228e-06,0.0004841758927796036,0.9911700487136841
resnet50_linear,translation_32_up,test_07692,7692,4,deer,4,deer,0.9886322617530823,True,0.00017040703096427023,0.0003860450815409422,2.963798397104256e-05,0.008217469789087772,0.9886322617530823,0.0008143880404531956,0.001294837100431323,0.0003280721139162779,7.483304216293618e-05,5.203071850701235e-05
resnet50_linear,translation_32_up,test_01436,1436,1,bird,1,bird,0.9967339038848877,True,0.0006796541274525225,0.9967339038848877,7.33368651708588e-05,0.0005743946530856192,0.0006467134226113558,0.0003927373909391463,0.0001432900462532416,0.000548306095879525,0.0001419237960362807,6.58392600598745e-05
resnet50_linear,translation_32_up,test_07544,7544,9,truck,9,truck,0.9511852264404297,True,0.0048614549450576305,0.0008711338741704822,0.005443647503852844,0.0011170667130500078,0.001718341838568449,0.0026350608095526695,0.0029317024163901806,0.00036288888077251613,0.028873519971966743,0.9511852264404297
resnet50_linear,translation_32_up,test_03383,3383,3,cat,3,cat,0.9903421401977539,True,0.0002785453980322927,0.005180247128009796,5.7426626881351694e-05,0.9903421401977539,0.0029561612755060196,0.0003544864011928439,0.00022826304484624416,0.0004414322611410171,0.00012377729581203312,3.754163844860159e-05
resnet50_linear,translation_32_up,test_01977,1977,0,airplane,0,airplane,0.9832491874694824,True,0.9832491874694824,0.004659222438931465,0.0009760668617673218,0.0008867071010172367,0.0009876237018033862,0.0014327331446111202,0.0011214095866307616,0.0017962927231565118,0.0029616199899464846,0.0019293474033474922
resnet50_linear,translation_32_up,test_02750,2750,0,airplane,0,airplane,0.9957132339477539,True,0.9957132339477539,3.4113487345166504e-05,0.00016481225611642003,3.0355315175256692e-05,0.00018417410319671035,8.220358722610399e-05,0.0003968187374994159,3.3087486372096464e-05,0.0016971016302704811,0.0016639974201098084
resnet50_linear,translation_32_up,test_07996,7996,6,horse,6,horse,0.999749481678009,True,9.533703632769175e-06,5.154210884938948e-05,1.9270000848337077e-05,2.0269828382879496e-05,6.717500946251675e-05,4.998949225409888e-05,0.999749481678009,2.144023892469704e-05,9.269305337511469e-06,1.981758941838052e-06
resnet50_linear,translation_32_up,test_06989,6989,5,dog,5,dog,0.9635976552963257,True,0.0002228000812465325,0.0007975163753144443,0.00030056689865887165,0.013019067235291004,0.003106715390458703,0.9635976552963257,0.008222413249313831,0.008612167090177536,0.0017193267121911049,0.0004017843457404524
resnet50_linear,translation_32_up,test_01431,1431,3,cat,3,cat,0.9925794005393982,True,8.845804404700175e-05,0.0009556782315485179,2.6847694243770093e-05,0.9925794005393982,2.9761366022285074e-05,0.005897296126931906,0.0003181261708959937,4.715612158179283e-05,4.243805960868485e-05,1.464835168007994e-05
resnet50_linear,translation_32_up,test_07416,7416,3,cat,5,dog,0.9541365504264832,False,0.00010400504834251478,2.6066236387123354e-05,1.9759771021199413e-05,0.045546967536211014,8.760324999457225e-05,0.9541365504264832,2.1968442524666898e-05,4.240367343300022e-05,6.865715022286167e-06,7.874088623793796e-06
resnet50_linear,translation_32_up,test_04547,4547,5,dog,5,dog,0.9957583546638489,True,0.0001427624811185524,0.001185963279567659,0.00012223320663906634,0.0010738105047494173,0.00031839078292250633,0.9957583546638489,0.0003073464031331241,0.0006243085372261703,0.00030875627999193966,0.0001580862153787166
resnet50_linear,translation_32_up,test_00042,42,0,airplane,0,airplane,0.6656399369239807,True,0.6656399369239807,0.33380210399627686,1.941828713825089e-06,4.282690497348085e-05,0.00041408304241485894,3.08272719848901e-05,9.670922736404464e-06,2.3526925360783935e-05,3.253699469496496e-05,2.6855796022573486e-06
resnet50_linear,translation_32_up,test_05117,5117,0,airplane,0,airplane,0.9952694773674011,True,0.9952694773674011,0.003129055257886648,8.755555609241128e-05,0.00013528332056012005,0.00034851086093112826,0.00020171886717434973,0.0001415883016306907,0.00022440080647356808,0.00024805101566016674,0.00021448895859066397
resnet50_linear,translation_32_up,test_04411,4411,6,horse,6,horse,0.9930627942085266,True,0.0001371225225739181,0.00013816161663271487,5.247700391919352e-05,5.497314123203978e-05,0.006355795077979565,5.8315927162766457e-05,0.9930627942085266,4.8085348680615425e-05,2.6021914891316555e-05,6.63472746964544e-05
resnet50_linear,translation_32_up,test_05789,5789,4,deer,4,deer,0.9283450245857239,True,0.0008105465676635504,0.0013754615793004632,0.0008690785034559667,0.008195088244974613,0.9283450245857239,0.01283646933734417,0.021752847358584404,0.024335933849215508,0.0010096024489030242,0.0004698805569205433
resnet50_linear,translation_32_up,test_00483,483,2,car,2,car,0.9788024425506592,True,0.002800089307129383,0.0010135151678696275,0.9788024425506592,0.0008303700597025454,0.0025292043574154377,0.006087150890380144,0.0028424880001693964,0.0009475141414441168,0.0002241838665213436,0.003922922071069479
resnet50_linear,translation_32_up,test_06650,6650,7,monkey,7,monkey,0.9804354906082153,True,0.0003250583540648222,0.014618395827710629,8.707689994480461e-05,0.0008808805141597986,0.001974505838006735,8.898389205569401e-05,0.0012287526624277234,0.9804354906082153,0.000341268430929631,1.9593864635680802e-05
resnet50_linear,translation_32_up,test_04881,4881,3,cat,3,cat,0.9766778349876404,True,8.257711306214333e-05,0.007885148748755455,2.6094399800058454e-05,0.9766778349876404,0.004880686290562153,8.294705185107887e-05,5.364138269214891e-05,0.010262819938361645,1.7923799532582052e-05,3.022828786924947e-05
resnet50_linear,translation_32_up,test_00391,391,3,cat,3,cat,0.9970724582672119,True,5.41276422154624e-05,0.00013617346121463925,6.184259109431878e-05,0.9970724582672119,0.0021429723128676414,0.00016116866027005017,0.00021091279631946236,7.660684786969796e-05,3.134585858788341e-05,5.2441198931774125e-05
resnet50_linear,translation_32_up,test_00370,370,7,monkey,7,monkey,0.9720179438591003,True,0.0008675575954839587,0.002052204916253686,0.0004654998774640262,0.0016151380259543657,0.00421503558754921,0.01589823141694069,0.0015943447360768914,0.9720179438591003,0.0007374801789410412,0.0005364814423955977
resnet50_linear,translation_32_up,test_00419,419,9,truck,9,truck,0.9736431837081909,True,0.000762598414439708,0.0001562336110509932,0.02120346762239933,0.0006638209451921284,7.984153489815071e-05,0.00011061435361625627,0.000246218842221424,9.501385648036376e-05,0.0030390373431146145,0.9736431837081909
resnet50_linear,translation_32_up,test_03318,3318,9,truck,9,truck,0.9937720894813538,True,0.00043512004776857793,8.034497295739129e-05,0.0027328941505402327,0.00012405931192915887,0.00011832347081508487,0.00020888452127110213,0.001395355793647468,0.0003901836753357202,0.0007427263190038502,0.9937720894813538
resnet50_linear,translation_32_up,test_04355,4355,8,ship,8,ship,0.8775312304496765,True,0.10901554673910141,0.0010128821013495326,0.0017634317046031356,0.00018467920017428696,0.00026926715509034693,0.0006591625278815627,0.0012394703226163983,4.975965930498205e-05,0.8775312304496765,0.008274505846202374
resnet50_linear,translation_32_up,test_05402,5402,4,deer,4,deer,0.9155071377754211,True,0.001802401733584702,0.0015711069572716951,0.001428270828910172,0.003289530985057354,0.9155071377754211,0.0013527898117899895,0.07131127268075943,0.0013913529692217708,0.0015665130922570825,0.0007795239216648042
resnet50_linear,translation_32_up,test_05332,5332,5,dog,5,dog,0.9203622937202454,True,1.817985321395099e-05,0.00014550090418197215,1.8673770682653412e-05,0.003236685646697879,0.0004309919022489339,0.9203622937202454,0.07553508132696152,0.0002196275454480201,2.2007192455930635e-05,1.08082404040033e-05
resnet50_linear,translation_32_up,test_00239,239,9,truck,9,truck,0.9962054491043091,True,3.0433235224336386e-05,3.640943759819493e-05,0.002675776369869709,0.00021214310254435986,4.189805258647539e-05,4.239080226398073e-05,0.00010720481077441946,3.0970884836278856e-05,0.0006173322326503694,0.9962054491043091
resnet50_linear,translation_32_up,test_06271,6271,2,car,2,car,0.9944449067115784,True,0.0007648651953786612,0.0005273441202007234,0.9944449067115784,0.0004746167396660894,9.354978101328015e-05,0.0007693415973335505,0.00030284878448583186,0.00020769183174706995,0.00038544213748537004,0.00202936097048223
resnet50_linear,translation_32_up,test_01129,1129,8,ship,8,ship,0.9996626377105713,True,0.0002339777274755761,8.407904715568293e-06,1.8012673308476224e-06,8.171400622813962e-06,9.616278475732543e-06,1.5981959222699516e-05,4.938850906910375e-06,4.6842137635394465e-06,0.9996626377105713,4.979440927854739e-05
resnet50_linear,translation_32_up,test_02391,2391,5,dog,5,dog,0.9438429474830627,True,5.204854824114591e-05,0.0013278520200401545,0.0001020527706714347,0.008901604451239109,0.030138447880744934,0.9438429474830627,0.014918596483767033,0.0005567175685428083,0.00010490008571650833,5.485486690304242e-05
resnet50_linear,translation_32_up,test_00191,191,9,truck,9,truck,0.7850930690765381,True,0.0007661387789994478,0.00010742417362052947,0.21275261044502258,0.00027688019326888025,3.952954648411833e-05,0.00017144426237791777,9.708565630717203e-05,5.0351816753391176e-05,0.0006454393733292818,0.7850930690765381
resnet50_linear,translation_32_up,test_05447,5447,9,truck,9,truck,0.9981518387794495,True,0.00022333808010444045,0.00014473633200395852,0.0006062898901291192,0.0003502734762150794,4.8982419684762135e-05,3.767248927033506e-05,7.527721754740924e-05,6.18735357420519e-05,0.0002996930852532387,0.9981518387794495
resnet50_linear,translation_32_up,test_06528,6528,4,deer,4,deer,0.9923017024993896,True,4.141257159062661e-05,0.0002874667989090085,3.329507671878673e-05,0.0036117967683821917,0.9923017024993896,0.001632088446058333,0.0015329376328736544,0.0005036286311224103,3.118029417237267e-05,2.4421979105682112e-05
