model,condition,identifier,dataset_index,true_class_id,true_class_name,predicted_class_id,predicted_class_name,maximum_confidence,correct,probability_airplane,probability_bird,probability_car,probability_cat,probability_deer,probability_dog,probability_horse,probability_monkey,probability_ship,probability_truck
vit_b_16_linear,translation_32_left,test_00632,632,3,cat,3,cat,0.9999608993530273,True,2.8046706574968994e-06,1.974792030523531e-05,1.6653040120218066e-06,0.9999608993530273,3.0963265089667402e-06,5.518893431144534e-06,1.057766667145188e-06,2.3706240881438134e-06,1.509426283519133e-06,1.3543137811211636e-06
vit_b_16_linear,translation_32_left,test_00131,131,9,truck,9,truck,0.9982216954231262,True,0.00012833013897761703,0.00010109644790645689,0.0011322357458993793,6.198613118613139e-05,8.030058961594477e-05,4.010205884696916e-05,1.1826232366729528e-05,5.069698818260804e-05,0.00017175613902509212,0.9982216954231262
vit_b_16_linear,translation_32_left,test_07081,7081,7,monkey,7,monkey,0.9904963970184326,True,0.0003461281885392964,0.003863533027470112,0.00025818898575380445,0.001323882257565856,0.0005481039988808334,0.001523273647762835,0.0009710169397294521,0.9904963970184326,0.0003158249019179493,0.0003536610456649214
vit_b_16_linear,translation_32_left,test_01836,1836,9,truck,9,truck,0.9291678071022034,True,0.0001508550631115213,0.0002821040397975594,0.06953668594360352,0.0001767069916240871,0.00010040568304248154,0.00021110812667757273,0.00016531444271095097,4.526627162704244e-05,0.00016376269923057407,0.9291678071022034
vit_b_16_linear,translation_32_left,test_06437,6437,0,airplane,0,airplane,0.9983727931976318,True,0.9983727931976318,0.0002969278721138835,8.278568566311151e-05,0.00016556860646232963,7.64626674936153e-05,0.00023949143360368907,0.0002630032831802964,0.00012490732478909194,0.00024401338305324316,0.00013396370923146605
vit_b_16_linear,translation_32_left,test_06609,6609,0,airplane,0,airplane,0.9991925358772278,True,0.9991925358772278,3.278230724390596e-05,6.458621646743268e-05,7.772840035613626e-05,5.5521330068586394e-05,0.00026828129193745553,0.00020278357260394841,3.320946780149825e-05,4.157308649155311e-05,3.108440796495415e-05
vit_b_16_linear,translation_32_left,test_03467,3467,7,monkey,7,monkey,0.9848423004150391,True,0.00016678475367370993,0.007284817285835743,0.00012238373165018857,0.0024007041938602924,0.0027604992501437664,0.0013143093092367053,0.0009327602456323802,0.9848423004150391,9.469436918152496e-05,8.071285265032202e-05
vit_b_16_linear,translation_32_left,test_01401,1401,3,cat,3,cat,0.9996522665023804,True,2.2550131689058617e-05,0.00022267433814704418,6.021767148922663e-06,0.9996522665023804,3.282797706560814e-06,1.3535389371099882e-05,1.8279406504007056e-05,2.8507899969554273e-06,5.386704651755281e-05,4.592829100147355e-06
vit_b_16_linear,translation_32_left,test_01839,1839,2,car,2,car,0.9995203018188477,True,1.2785501894541085e-05,0.00020949913596268743,0.9995203018188477,1.1155872016388457e-05,2.7299885914544575e-05,6.194737943587825e-05,0.00011446230200817809,8.49712796480162e-06,2.104491795762442e-05,1.2831969797844067e-05
vit_b_16_linear,translation_32_left,test_04168,4168,3,cat,3,cat,0.9956610798835754,True,5.17275148013141e-05,0.0029910379089415073,0.00010056667815661058,0.9956610798835754,8.650633390061557e-05,0.0005656277062371373,0.0002517001412343234,0.00014162942534312606,0.00010073667363030836,4.9211859732167795e-05
vit_b_16_linear,translation_32_left,test_00035,35,2,car,2,car,0.998620867729187,True,0.0009099459275603294,0.00011545447341632098,0.998620867729187,3.5094653867417946e-05,1.807210901461076e-05,2.9545450161094777e-05,9.380225674249232e-05,7.040296623017639e-06,3.3303691452601925e-05,0.00013680217671208084
vit_b_16_linear,translation_32_left,test_04177,4177,8,ship,8,ship,0.999038815498352,True,0.0005609719082713127,5.392885213950649e-05,2.1605006622849032e-05,1.5959803931764327e-05,1.156263897428289e-05,0.00013586069690063596,2.530954407120589e-05,2.21726641029818e-05,0.999038815498352,0.00011382253433112055
vit_b_16_linear,translation_32_left,test_07270,7270,7,monkey,7,monkey,0.994553804397583,True,0.00018828296742867678,0.0018846873426809907,0.00020088754536118358,0.00095708342269063,0.00036711402935907245,0.0008713820716366172,0.00024777266662567854,0.994553804397583,0.0005228593945503235,0.00020600695279426873
vit_b_16_linear,translation_32_left,test_02265,2265,5,dog,5,dog,0.9988184571266174,True,5.7217450375901535e-05,7.963198004290462e-05,9.897637210087851e-05,5.7645207562018186e-05,0.0006933679105713964,0.9988184571266174,4.0460032323608175e-05,2.721580494835507e-05,7.663261203560978e-05,5.0207214371766895e-05
vit_b_16_linear,translation_32_left,test_03288,3288,7,monkey,7,monkey,0.9969503283500671,True,3.272512185503729e-05,0.0010377641301602125,9.696392226032913e-05,0.0006106413784436882,0.00023747680825181305,0.0008248845697380602,5.5236210755538195e-05,0.9969503283500671,8.532337233191356e-05,6.873876554891467e-05
vit_b_16_linear,translation_32_left,test_05451,5451,8,ship,8,ship,0.9939500093460083,True,0.0005344735109247267,0.0021088114008307457,0.000319054932333529,0.00022493988217320293,0.0002886310685425997,0.0008048752788454294,0.0005538216209970415,0.0005315401940606534,0.9939500093460083,0.0006837600958533585
vit_b_16_linear,translation_32_left,test_04023,4023,3,cat,3,cat,0.9770041108131409,True,0.0006143380305729806,0.007401443086564541,0.0011809032876044512,0.9770041108131409,0.0002158944116672501,0.009602741338312626,0.000496163556817919,0.0013475526357069612,0.0009848310146480799,0.0011519861873239279
vit_b_16_linear,translation_32_left,test_00261,261,1,bird,1,bird,0.39893582463264465,True,0.02209041453897953,0.39893582463264465,0.033013537526130676,0.04185261204838753,0.041445907205343246,0.1726195514202118,0.04427100345492363,0.10946552455425262,0.07462114095687866,0.061684492975473404
vit_b_16_linear,translation_32_left,test_04570,4570,5,dog,5,dog,0.9475563168525696,True,0.0023202060256153345,0.016022978350520134,0.001711964956484735,0.010010628029704094,0.005257864482700825,0.9475563168525696,0.003462780499830842,0.01029205322265625,0.0017262807814404368,0.001638891757465899
vit_b_16_linear,translation_32_left,test_04966,4966,5,dog,5,dog,0.9555964469909668,True,0.003457460319623351,0.004710633307695389,0.006982520688325167,0.0004255996609572321,0.010907488875091076,0.9555964469909668,0.00527983671054244,0.006036534905433655,0.0025572802405804396,0.004046054556965828
vit_b_16_linear,translation_32_left,test_07955,7955,1,bird,1,bird,0.9999973773956299,True,2.8962489295736304e-08,0.9999973773956299,4.1618278601163183e-07,5.498650352819823e-07,9.870587547311516e-08,1.4149254923268018e-07,3.815765978743002e-07,6.832420353930502e-07,1.430234135568753e-07,1.8569124904388445e-07
vit_b_16_linear,translation_32_left,test_06288,6288,4,deer,4,deer,0.9998137354850769,True,3.835057214018889e-06,1.2255271940375678e-05,4.293872734706383e-06,6.2998033172334544e-06,0.9998137354850769,1.405429543410719e-06,0.00014298019232228398,8.705983418622054e-06,1.029398845275864e-06,5.41786312169279e-06
vit_b_16_linear,translation_32_left,test_07810,7810,8,ship,8,ship,0.9996868371963501,True,0.00016328941273968667,3.4232085454277694e-05,1.628566678846255e-05,6.520970600831788e-06,1.7045500499079935e-05,2.9904063922003843e-05,1.164890272775665e-05,1.21141083582188e-05,0.9996868371963501,2.2218257072381675e-05
vit_b_16_linear,translation_32_left,test_01927,1927,7,monkey,7,monkey,0.9997877478599548,True,5.324646281223977e-06,0.00012063996837241575,3.356515435370966e-06,2.7405860237195157e-05,9.17340730666183e-06,3.327809099573642e-05,5.015532224206254e-06,0.9997877478599548,5.069134203949943e-06,2.9843106403859565e-06
vit_b_16_linear,translation_32_left,test_01871,1871,1,bird,1,bird,0.9263541102409363,True,0.003159391228109598,0.9263541102409363,0.003701903624460101,0.0062877582386136055,0.003624530043452978,0.03760660067200661,0.0024744472466409206,0.004846499767154455,0.009653429500758648,0.002291231183335185
vit_b_16_linear,translation_32_left,test_06922,6922,5,dog,5,dog,0.999685525894165,True,9.776137630979065e-06,1.272710051125614e-05,1.6739542843424715e-05,0.00016066736134234816,8.74637407832779e-06,0.999685525894165,8.347850234713405e-05,3.4432075608492596e-06,1.0748993190645706e-05,8.165199687937275e-06
vit_b_16_linear,translation_32_left,test_03512,3512,4,deer,4,deer,0.9984398484230042,True,6.175902672111988e-05,1.9726028767763637e-05,2.996636430907529e-05,0.0008985957829281688,0.9984398484230042,2.0676918211393058e-05,0.0005001646350137889,7.388925951090641e-06,9.071822205442004e-06,1.2812463864975143e-05
vit_b_16_linear,translation_32_left,test_04754,4754,6,horse,6,horse,0.9998617172241211,True,4.320235802879324e-06,1.4051371181267314e-05,1.0670896699593868e-05,1.017625163513003e-05,4.069355418323539e-05,4.87802317366004e-05,0.9998617172241211,3.33831144416763e-06,3.2354912491427967e-06,2.9312129754544003e-06
vit_b_16_linear,translation_32_left,test_00714,714,2,car,2,car,0.9376850128173828,True,0.010215319693088531,0.010087751783430576,0.9376850128173828,0.0037606197874993086,0.0048753321170806885,0.017246320843696594,0.001225348562002182,0.0013175572967156768,0.0033029543701559305,0.010283689014613628
vit_b_16_linear,translation_32_left,test_02191,2191,8,ship,8,ship,0.9983397722244263,True,0.0013240036787465215,9.635592869017273e-05,1.8214645024272613e-05,2.2832235117675737e-05,1.5806092051207088e-05,5.5146960221463814e-05,3.745748472283594e-05,3.1660896638641134e-05,0.9983397722244263,5.863587648491375e-05
vit_b_16_linear,translation_32_left,test_04615,4615,0,airplane,0,airplane,0.9998348951339722,True,0.9998348951339722,3.442531669861637e-05,1.53257860802114e-05,1.068058827513596e-05,6.429800123441964e-06,1.9792150851571932e-05,1.1536987585714087e-05,3.4038108424283564e-05,2.4962875613709912e-05,7.765500413370319e-06
vit_b_16_linear,translation_32_left,test_04662,4662,8,ship,8,ship,0.9998496770858765,True,1.575693386257626e-05,4.202486161375418e-05,7.531919436587486e-06,1.596636138856411e-05,5.169400083104847e-06,1.592384433024563e-05,1.4027797988092061e-05,1.705162867438048e-05,0.9998496770858765,1.681713547441177e-05
vit_b_16_linear,translation_32_left,test_05915,5915,9,truck,9,truck,0.9263327121734619,True,0.004799709189683199,0.0022017252631485462,0.06297183781862259,0.00017599586863070726,0.0002950742491520941,0.0004916570615023375,0.001510353060439229,6.305050192167982e-05,0.0011578312842175364,0.9263327121734619
vit_b_16_linear,translation_32_left,test_00766,766,4,deer,6,horse,0.45890694856643677,False,0.00026021283701993525,0.0002324579400010407,0.0005168609204702079,0.012027733027935028,0.18418176472187042,0.3430306613445282,0.45890694856643677,0.0006152755813673139,0.00015777535736560822,7.037098839646205e-05
vit_b_16_linear,translation_32_left,test_05218,5218,2,car,2,car,0.9987075328826904,True,7.577815267723054e-05,0.0006294532213360071,0.9987075328826904,0.00010462592035764828,0.00014307569654192775,5.7261968322563916e-05,0.00013271074567455798,4.122993050259538e-05,6.54384566587396e-05,4.2729239794425666e-05
vit_b_16_linear,translation_32_left,test_02340,2340,8,ship,8,ship,0.9998346567153931,True,5.355843677534722e-05,3.18491984216962e-05,1.2819868970836978e-05,4.400891612021951e-06,6.259929250518326e-06,8.12696453067474e-06,1.4193224160408136e-05,8.737272764847148e-06,0.9998346567153931,2.5406541681149974e-05
vit_b_16_linear,translation_32_left,test_01954,1954,8,ship,8,ship,0.9957171082496643,True,0.0012853839434683323,0.0005871093017049134,0.00022223775158636272,8.439562952844426e-05,0.00015922077000141144,0.000340633443556726,0.000318556820275262,0.0005495652440004051,0.9957171082496643,0.0007357917493209243
vit_b_16_linear,translation_32_left,test_07875,7875,8,ship,8,ship,0.9996465444564819,True,0.0002801813534460962,7.98322980699595e-06,1.180997696792474e-05,3.7719819374615327e-06,7.506755991926184e-06,5.444484486361034e-06,1.3637607480632141e-05,3.5881153053196613e-06,0.9996465444564819,1.9547343981685117e-05
vit_b_16_linear,translation_32_left,test_03418,3418,6,horse,6,horse,0.9957988858222961,True,0.0002133502857759595,0.0007253249059431255,0.00016936619067564607,0.000394742120988667,0.0006431196816265583,0.0008506709709763527,0.9957988858222961,0.0005627347272820771,0.0004070116556249559,0.00023484451230615377
vit_b_16_linear,translation_32_left,test_05572,5572,9,truck,9,truck,0.9934253692626953,True,0.000567230919841677,0.0007733487873338163,0.0010456466116011143,0.0005161778535693884,0.0006261405069380999,0.0016501930076628923,0.00035766224027611315,0.00036104972241446376,0.0006772197666577995,0.9934253692626953
vit_b_16_linear,translation_32_left,test_05977,5977,7,monkey,7,monkey,0.9966206550598145,True,9.608200343791395e-05,0.0006569392280653119,0.0001436475431546569,0.0006532373954541981,0.00022534494928549975,0.001141113112680614,0.00018952309619635344,0.9966206550598145,0.00014577113324776292,0.00012775168579537421
vit_b_16_linear,translation_32_left,test_05123,5123,1,bird,1,bird,0.9997877478599548,True,7.317913059523562e-06,0.9997877478599548,1.0048973308585119e-05,2.439583658997435e-05,1.2701954801741522e-05,1.8474398530088365e-05,9.163150934909936e-06,0.00011122378782602027,9.749278433446307e-06,9.155368388746865e-06
vit_b_16_linear,translation_32_left,test_05851,5851,9,truck,9,truck,0.9985068440437317,True,5.739976404584013e-05,0.00025396491400897503,0.00013682256394531578,0.00016756769036874175,8.228976366808638e-05,0.0003774054057430476,0.000130711734527722,8.061729749897495e-05,0.00020639541617128998,0.9985068440437317
vit_b_16_linear,translation_32_left,test_04094,4094,9,truck,9,truck,0.9993294477462769,True,8.5543877503369e-05,9.056498674908653e-05,0.0002059914404526353,4.503973832470365e-05,3.478728831396438e-05,9.066099300980568e-05,5.5587803217349574e-05,1.984147274924908e-05,4.258664193912409e-05,0.9993294477462769
vit_b_16_linear,translation_32_left,test_04254,4254,6,horse,6,horse,0.959037721157074,True,1.4896542779752053e-05,3.353189822519198e-05,9.399388545716647e-06,1.2904873074148782e-05,0.04085325449705124,1.4141920473775826e-05,0.959037721157074,6.629670224356232e-06,1.3030061381869018e-05,4.515087312029209e-06
vit_b_16_linear,translation_32_left,test_02501,2501,7,monkey,7,monkey,0.9930580854415894,True,0.0001097216663765721,0.0036432675551623106,0.00010603437840472907,0.0008124411688186228,0.00029376905877143145,0.001560286502353847,9.658103954279795e-05,0.9930580854415894,0.00013939842756371945,0.00018034181266557425
vit_b_16_linear,translation_32_left,test_06938,6938,1,bird,1,bird,0.9997429251670837,True,2.9472982987499563e-06,0.9997429251670837,9.238709935743827e-06,8.036284998524934e-05,1.0403153282823041e-05,3.641526564024389e-05,1.6859079551068135e-05,8.211928070522845e-05,1.0299872883479111e-05,8.420472113357391e-06
vit_b_16_linear,translation_32_left,test_00171,171,4,deer,4,deer,0.9935954213142395,True,0.0009247584966942668,0.0009281003731302917,0.00031187781132757664,0.0012595144798979163,0.9935954213142395,0.0012321143876761198,0.0007975148619152606,0.00016790660447441041,0.0003662911767605692,0.00041653047082945704
vit_b_16_linear,translation_32_left,test_04215,4215,3,cat,3,cat,0.9947452545166016,True,0.00044235418317839503,0.0004139549273531884,7.182620174717158e-05,0.9947452545166016,0.0020112618803977966,9.858064004220068e-05,7.691700739087537e-05,0.0010201914701610804,0.0005167113849893212,0.0006029825308360159
vit_b_16_linear,translation_32_left,test_05705,5705,8,ship,8,ship,0.9979650974273682,True,0.0001133936457335949,0.0007823064806871116,0.00018800402176566422,7.26957805454731e-05,0.00010244770965073258,0.0004044438246637583,0.00011344069935148582,7.681002171011642e-05,0.9979650974273682,0.00018136676226276904
vit_b_16_linear,translation_32_left,test_03458,3458,4,deer,4,deer,0.9986680746078491,True,6.287773885560455e-06,3.6080866721022176e-06,6.103340638219379e-06,7.675304914300796e-06,0.9986680746078491,3.0603830509789987e-06,0.0012438115663826466,4.5151111407903954e-05,1.2085456546628848e-05,4.013772468169918e-06
vit_b_16_linear,translation_32_left,test_01220,1220,7,monkey,7,monkey,0.9989756345748901,True,7.69424150348641e-06,0.00019352704111952335,1.836455521697644e-05,0.00018349666788708419,6.927432696102187e-05,0.0004921032814309001,1.061028797266772e-05,0.9989756345748901,2.409209992038086e-05,2.5208482838934287e-05
vit_b_16_linear,translation_32_left,test_00962,962,8,ship,8,ship,0.9997945427894592,True,8.700184844201431e-05,2.467150079610292e-05,8.228835213230923e-06,5.599768428510288e-06,3.839019882434513e-06,2.0880821466562338e-05,2.726899037952535e-05,6.8939116317778826e-06,0.9997945427894592,2.110039713443257e-05
vit_b_16_linear,translation_32_left,test_02950,2950,5,dog,5,dog,0.9912426471710205,True,0.0005673220730386674,0.0006227318081073463,0.0010381729807704687,0.0009045956539921463,0.0036477376706898212,0.9912426471710205,0.0005870297318324447,0.000353069364791736,0.0005467999144457281,0.0004898793413303792
vit_b_16_linear,translation_32_left,test_02623,2623,5,dog,5,dog,0.733198344707489,True,0.012768597342073917,0.0452389158308506,0.029825575649738312,0.02674620784819126,0.07455205172300339,0.733198344707489,0.006537115667015314,0.020715968683362007,0.028018301352858543,0.02239883877336979
vit_b_16_linear,translation_32_left,test_04539,4539,0,airplane,0,airplane,0.9992044568061829,True,0.9992044568061829,5.0830938562285155e-05,5.6153436162276193e-05,0.00012608272663783282,6.848476914456114e-05,0.00025673527852632105,4.0592953155282885e-05,0.00012675762991420925,4.653010910260491e-05,2.3340870029642247e-05
vit_b_16_linear,translation_32_left,test_01553,1553,0,airplane,0,airplane,0.9987273812294006,True,0.9987273812294006,0.00034352982765994966,8.325601083924994e-05,8.740503835724667e-05,3.808362453128211e-05,8.492326742270961e-05,9.339609823655337e-05,7.184169953688979e-05,0.00033442024141550064,0.00013599073281511664
vit_b_16_linear,translation_32_left,test_04740,4740,4,deer,4,deer,0.8448986411094666,True,1.9321105355629697e-05,1.0971878509735689e-05,3.1598901841789484e-05,1.1369553249096498e-05,0.8448986411094666,0.0003639542846940458,0.1546342521905899,4.370233909867238e-06,1.063685522240121e-05,1.489442729507573e-05
vit_b_16_linear,translation_32_left,test_06844,6844,0,airplane,0,airplane,0.9997270703315735,True,0.9997270703315735,3.8384987419703975e-05,2.45125665969681e-05,2.109770866809413e-05,1.8058255591313355e-05,8.7302818428725e-05,1.2401153071550652e-05,2.5035826183739118e-05,3.871450462611392e-05,7.244097560032969e-06
vit_b_16_linear,translation_32_left,test_02668,2668,7,monkey,7,monkey,0.9988344311714172,True,1.1717621418938506e-05,0.000632729846984148,2.3957805751706474e-05,0.00014449053560383618,5.9577461797744036e-05,0.00022022303892299533,1.5856980098760687e-05,0.9988344311714172,3.3792304748203605e-05,2.3208214770420454e-05
vit_b_16_linear,translation_32_left,test_03153,3153,7,monkey,7,monkey,0.9971240162849426,True,2.9222186640254222e-05,0.0013129847357049584,6.648094858974218e-05,0.0005056053050793707,0.0001436177408322692,0.0006501047173514962,5.5404383601853624e-05,0.9971240162849426,6.188201223267242e-05,5.0623089919099584e-05
vit_b_16_linear,translation_32_left,test_05135,5135,4,deer,4,deer,0.9738038182258606,True,0.000589986564591527,0.0008583610178902745,0.00023120503465179354,0.020179813727736473,0.9738038182258606,0.0005636575515381992,0.003069437574595213,6.592856516363099e-05,0.00021640701743308455,0.0004215492808725685
vit_b_16_linear,translation_32_left,test_02291,2291,3,cat,3,cat,0.9534447193145752,True,0.0005370227736420929,0.005134859122335911,0.0013289247872307897,0.9534447193145752,0.006106650456786156,0.001424587913788855,0.0011407587444409728,0.02963930182158947,0.0007428873213939369,0.0005001145764254034
vit_b_16_linear,translation_32_left,test_00116,116,1,bird,1,bird,0.9998102784156799,True,2.948712972283829e-05,0.9998102784156799,2.4088094505714253e-05,1.1566757166292518e-05,5.894496098335367e-06,1.3264760809761356e-06,8.00370835349895e-05,5.290775789035251e-06,1.5855859601288103e-05,1.6278159819194116e-05
vit_b_16_linear,translation_32_left,test_07797,7797,3,cat,3,cat,0.9983974099159241,True,7.280436693690717e-05,0.0007303079473786056,2.8715585358440876e-05,0.9983974099159241,3.756049045477994e-05,0.00010603120608720928,6.175945600261912e-05,0.00047298124991357327,6.108688103267923e-05,3.135209408355877e-05
vit_b_16_linear,translation_32_left,test_04609,4609,3,cat,3,cat,0.9977930784225464,True,0.0001681871508480981,0.0007008924148976803,3.78987897420302e-05,0.9977930784225464,0.0008392725139856339,6.232606392586604e-05,8.264037751359865e-05,2.4835040676407516e-05,0.00012061499728588387,0.00017025621491484344
vit_b_16_linear,translation_32_left,test_00081,81,0,airplane,0,airplane,0.9902499318122864,True,0.9902499318122864,0.0008989247726276517,0.002233774634078145,0.00023239103029482067,0.0006644048844464123,0.00040345225716009736,0.0006179209449328482,0.0005447856965474784,0.0020982560236006975,0.002055976539850235
vit_b_16_linear,translation_32_left,test_05580,5580,6,horse,5,dog,0.656931459903717,False,0.0015127118676900864,0.0008074038778431714,0.0005723361391574144,0.00012679080828092992,0.00312168151140213,0.656931459903717,0.336198627948761,6.72699898132123e-05,0.0005177701823413372,0.00014394943718798459
vit_b_16_linear,translation_32_left,test_03024,3024,2,car,2,car,0.9997087121009827,True,2.5373028620379046e-05,0.00012832657375838608,0.9997087121009827,3.633173764683306e-05,2.7033260266762227e-05,2.397155185462907e-05,1.857284951256588e-05,4.203663138468983e-06,2.604915243864525e-05,1.3089214689898654e-06
vit_b_16_linear,translation_32_left,test_02766,2766,5,dog,5,dog,0.9953044652938843,True,0.0002428888255963102,0.00037240676465444267,0.000143006254802458,0.00012130753748351708,0.0007209551404230297,0.9953044652938843,0.0021051582880318165,9.059601143235341e-05,0.0006283909315243363,0.000270716700470075
vit_b_16_linear,translation_32_left,test_05000,5000,8,ship,8,ship,0.997718870639801,True,0.0019391602836549282,3.545702202245593e-05,6.801917334087193e-05,3.826367174042389e-05,2.1114103219588287e-05,7.313130481634289e-05,5.2842551667708904e-05,3.4777589462464675e-05,0.997718870639801,1.836166666180361e-05
vit_b_16_linear,translation_32_left,test_02610,2610,6,horse,6,horse,0.9990792274475098,True,7.579254452139139e-05,6.256061897147447e-05,5.573715316131711e-05,7.477784674847499e-05,0.0004914249875582755,2.5010753233800642e-05,0.9990792274475098,6.988578388700262e-05,2.2720660126651637e-05,4.27335653512273e-05
vit_b_16_linear,translation_32_left,test_02024,2024,0,airplane,0,airplane,0.9930474162101746,True,0.9930474162101746,0.000510175887029618,0.001361584640108049,0.0003056156274396926,0.0009644727688282728,0.002179213799536228,0.00032845980604179204,9.597766620572656e-05,0.0006626486429013312,0.0005441976827569306
vit_b_16_linear,translation_32_left,test_06097,6097,4,deer,4,deer,0.9878677129745483,True,0.00018454458040650934,0.00016092350415419787,0.0001883955701487139,0.0005996533436700702,0.9878677129745483,0.0003250198788009584,0.010059816762804985,0.00024890946224331856,0.00017605957691557705,0.00018896599067375064
vit_b_16_linear,translation_32_left,test_00964,964,6,horse,6,horse,0.998272180557251,True,4.3196439946768805e-05,2.5183022444252856e-05,0.0001732812961563468,0.00010934083547908813,0.0005631560343317688,0.0007461945642717183,0.998272180557251,1.538371179776732e-05,3.256936906836927e-05,1.9458446331555024e-05
vit_b_16_linear,translation_32_left,test_07634,7634,0,airplane,0,airplane,0.9991772770881653,True,0.9991772770881653,2.5043569621630013e-05,3.142212881357409e-05,2.7902839065063745e-05,9.441790098208003e-06,8.71374795679003e-05,2.4672826839378104e-05,3.641108196461573e-05,0.0005682610790245235,1.236591469933046e-05
vit_b_16_linear,translation_32_left,test_06434,6434,8,ship,8,ship,0.9999805688858032,True,7.133433427952696e-06,2.245169525849633e-06,5.6721319197095e-07,1.0355755648561171e-06,2.394389639448491e-06,8.555072099625249e-07,4.896295990874933e-07,1.266726826543163e-06,0.9999805688858032,3.426123612371157e-06
vit_b_16_linear,translation_32_left,test_05183,5183,2,car,2,car,0.9990742206573486,True,9.418734407518059e-05,0.0004549260775092989,0.9990742206573486,4.0514645661460236e-05,3.62672217306681e-05,5.8017951232613996e-05,0.00011213401012355462,3.5163531720172614e-05,6.255296466406435e-05,3.194874443579465e-05
vit_b_16_linear,translation_32_left,test_06986,6986,0,airplane,0,airplane,0.9983056783676147,True,0.9983056783676147,3.344807555549778e-05,1.3946077160653658e-05,2.1607183953165077e-06,7.595218448841479e-06,2.370218135183677e-05,1.3866108929505572e-05,3.591057748053572e-06,0.0015912558883428574,4.7775379243830685e-06
vit_b_16_linear,translation_32_left,test_00645,645,5,dog,5,dog,0.9951199293136597,True,0.0004279279673937708,0.0006614831509068608,0.00028223887784406543,0.0004674544034060091,0.0002519801782909781,0.9951199293136597,0.0023190733045339584,0.0001623716379981488,0.00023074251657817513,7.68152458476834e-05
vit_b_16_linear,translation_32_left,test_03347,3347,0,airplane,0,airplane,0.9997803568840027,True,0.9997803568840027,2.2906211597728543e-05,1.6050104022724554e-05,4.1661223804112524e-05,2.666562249942217e-05,1.6350111764040776e-05,1.7408934581908397e-05,1.7576743630343117e-05,5.15364263264928e-05,9.519751984043978e-06
vit_b_16_linear,translation_32_left,test_05677,5677,2,car,2,car,0.999277651309967,True,3.97561707359273e-05,0.000268723611952737,0.999277651309967,2.0716779545182362e-05,7.58679088903591e-05,8.217046342906542e-06,2.5537699457345298e-06,4.3643045501085e-05,2.978147858812008e-05,0.0002331384748686105
vit_b_16_linear,translation_32_left,test_03412,3412,8,ship,8,ship,0.9988024234771729,True,0.000494808133225888,0.00015125209756661206,6.735977513017133e-05,2.9302629627636634e-05,6.554479477927089e-05,9.646183025324717e-05,5.4284264479065314e-05,0.00012127881200285628,0.9988024234771729,0.0001173177661257796
vit_b_16_linear,translation_32_left,test_03937,3937,1,bird,1,bird,0.9978424310684204,True,6.578173633897677e-05,0.9978424310684204,0.0001990454620681703,0.0005789535935036838,0.0002635772689245641,9.885353938443586e-05,0.00020317870075814426,0.0003249946457799524,0.00016742585285101086,0.00025569379795342684
vit_b_16_linear,translation_32_left,test_00873,873,6,horse,6,horse,0.9989284873008728,True,2.3413790586346295e-06,3.871633452945389e-06,8.640879059385043e-06,5.168798816157505e-05,0.0010014198487624526,5.833141472066927e-07,0.9989284873008728,1.7960837794817053e-07,1.6177832549146842e-06,1.102350893233961e-06
vit_b_16_linear,translation_32_left,test_02167,2167,9,truck,9,truck,0.9997708201408386,True,3.102969276369549e-05,5.513675932888873e-05,1.6950703866314143e-05,1.2951814824191388e-05,1.925228389154654e-05,5.471613258123398e-05,1.6038689864217304e-05,5.2743253036169335e-06,1.7864062101580203e-05,0.9997708201408386
vit_b_16_linear,translation_32_left,test_06490,6490,3,cat,3,cat,0.9860047698020935,True,0.0020457457285374403,0.0026989232283085585,0.0011451070895418525,0.9860047698020935,0.0008808666607365012,0.004332569893449545,0.0005775856552645564,0.0004346761270426214,0.001188087509945035,0.0006916781421750784
vit_b_16_linear,translation_32_left,test_00738,738,3,cat,3,cat,0.8654602766036987,True,0.008613033220171928,0.013190816156566143,0.001153810415416956,0.8654602766036987,0.07127127051353455,0.014826413244009018,0.01934160105884075,0.00018898773123510182,0.003935414832085371,0.0020183275919407606
vit_b_16_linear,translation_32_left,test_06616,6616,2,car,2,car,0.9993377327919006,True,0.00020945706637576222,0.00013859246973879635,0.9993377327919006,1.8113027181243524e-05,1.4572280633728951e-05,2.1821555492351763e-05,0.0001517907512607053,3.7295626498234924e-06,6.822362047387287e-05,3.600285708671436e-05
vit_b_16_linear,translation_32_left,test_04093,4093,6,horse,6,horse,0.9896754622459412,True,0.0001680578279774636,7.692662620684132e-05,0.0006138497265055776,0.00012587499804794788,0.008672134019434452,0.00013634393690153956,0.9896754622459412,5.938179310760461e-05,0.00025826814817264676,0.0002137951523764059
vit_b_16_linear,translation_32_left,test_05788,5788,9,truck,9,truck,0.9999880790710449,True,1.9907722617062973e-06,2.165792466257699e-06,8.092018788374844e-07,5.526783297682414e-07,1.2175962638139026e-06,1.3819034165862831e-06,4.63270936279514e-07,3.509243526877981e-07,2.9460902624123264e-06,0.9999880790710449
vit_b_16_linear,translation_32_left,test_07818,7818,8,ship,8,ship,0.9973190426826477,True,0.00063504179706797,0.00031920961919240654,0.00035282757016830146,0.00023095290816854686,0.00012978310405742377,0.00046235736226662993,0.00022206436551641673,0.00019110020366497338,0.9973190426826477,0.00013768671487923712
vit_b_16_linear,translation_32_left,test_00304,304,1,bird,1,bird,0.7929250597953796,True,0.0014533597277477384,0.7929250597953796,0.0005069082253612578,0.013475136831402779,0.019804710522294044,0.002148399595171213,0.0013468043180182576,0.16457630693912506,0.001976034604012966,0.0017871635500341654
vit_b_16_linear,translation_32_left,test_02082,2082,2,car,2,car,0.9987838864326477,True,0.0003952448023483157,0.0001477257173974067,0.9987838864326477,0.00010090826981468126,5.518559555639513e-05,0.0002959967532660812,4.407170490594581e-05,2.9002192604821175e-05,0.00011265056673437357,3.535126234055497e-05
vit_b_16_linear,translation_32_left,test_02746,2746,7,monkey,7,monkey,0.9997158646583557,True,3.0419801078096498e-06,0.00021465880854520947,2.63890592577809e-06,1.3178647350287065e-05,2.8037504762323806e-06,2.625795423227828e-05,1.196679295389913e-05,0.9997158646583557,6.844043582532322e-06,2.695962621146464e-06
vit_b_16_linear,translation_32_left,test_07944,7944,4,deer,4,deer,0.8925657868385315,True,0.013195871375501156,0.005653473548591137,0.005646097473800182,0.005964118987321854,0.8925657868385315,0.01749318465590477,0.045045964419841766,0.000762577576097101,0.006668135058134794,0.007004907354712486
vit_b_16_linear,translation_32_left,test_06689,6689,8,ship,8,ship,0.7982816100120544,True,0.018715186044573784,0.0018365886062383652,0.0021330751478672028,0.0004234115476720035,0.0008922850829549134,0.0007778085418976843,0.0011912733316421509,0.00028915025177411735,0.7982816100120544,0.1754596084356308
vit_b_16_linear,translation_32_left,test_02414,2414,9,truck,9,truck,0.977959156036377,True,0.009066881611943245,0.0029315585270524025,0.005637431982904673,0.00035732073592953384,0.0008549920748919249,0.00015588101814500988,0.00046731962356716394,4.202043783152476e-05,0.0025274555664509535,0.977959156036377
vit_b_16_linear,translation_32_left,test_03779,3779,6,horse,6,horse,0.999068558216095,True,3.273890615673736e-05,9.88302690529963e-06,4.845931471209042e-05,3.118050881312229e-05,0.00018017736147157848,2.0219524230924435e-05,0.999068558216095,0.0005914840730838478,1.3530866453947965e-05,3.7667966807930497e-06
vit_b_16_linear,translation_32_left,test_02095,2095,1,bird,1,bird,0.9829024076461792,True,0.0009977864101529121,0.9829024076461792,0.00036864160210825503,0.002124361228197813,0.001622095936909318,0.0006524219643324614,0.0005320699419826269,0.006326884031295776,0.0036371638998389244,0.0008362114313058555
vit_b_16_linear,translation_32_left,test_07262,7262,0,airplane,0,airplane,0.9996567964553833,True,0.9996567964553833,2.1976176867610775e-05,3.373357321834192e-05,3.055396882700734e-05,1.977562533284072e-05,0.00013429048703983426,9.876857802737504e-06,4.7986926801968366e-05,3.6032593925483525e-05,9.074507033801638e-06
vit_b_16_linear,translation_32_left,test_05694,5694,8,ship,8,ship,0.9957281947135925,True,7.079743954818696e-05,0.001294533722102642,0.0001610619219718501,0.0006337498780339956,0.00019212115148548037,0.000629795657005161,0.0006897614803165197,0.0002723294892348349,0.9957281947135925,0.0003276013594586402
vit_b_16_linear,translation_32_left,test_07413,7413,5,dog,5,dog,0.9443148970603943,True,0.0011748328106477857,0.005070306360721588,0.002647229703143239,0.013244559057056904,0.0034510947298258543,0.9443148970603943,0.021431421861052513,0.0038187457248568535,0.0034415549598634243,0.0014054712373763323
vit_b_16_linear,translation_32_left,test_06805,6805,1,bird,1,bird,0.787898063659668,True,0.013492394238710403,0.787898063659668,0.017264429479837418,0.008892017416656017,0.010312225669622421,0.06244044005870819,0.022850019857287407,0.016869932413101196,0.027171311900019646,0.03280927985906601
vit_b_16_linear,translation_32_left,test_03446,3446,7,monkey,7,monkey,0.9991546869277954,True,7.785562047502026e-06,0.0005789944552816451,7.129935056582326e-06,0.00015276751946657896,3.252208261983469e-05,2.2064170480007306e-05,1.1475279279693495e-05,0.9991546869277954,2.493963620509021e-05,7.616764378326479e-06
vit_b_16_linear,translation_32_left,test_02807,2807,5,dog,4,deer,0.4687086343765259,False,0.0075725531205534935,0.05047228932380676,0.008886323310434818,0.3516392111778259,0.4687086343765259,0.0847792997956276,0.009440296329557896,0.010863139294087887,0.0019252316560596228,0.005713043734431267
vit_b_16_linear,translation_32_left,test_07940,7940,4,deer,4,deer,0.9986999034881592,True,7.691046448599081e-06,3.6639880818256643e-06,1.2886363265351974e-06,0.0011396046029403806,0.9986999034881592,8.668264854350127e-06,0.00012274333857931197,6.047045189916389e-06,4.241177975927712e-06,6.03213311478612e-06
vit_b_16_linear,translation_32_left,test_04172,4172,7,monkey,7,monkey,0.9989184141159058,True,1.6110734577523544e-05,0.00036495778476819396,2.895640500355512e-05,0.00023685029009357095,0.00010678305989131331,0.00023513063206337392,1.8879471099353395e-05,0.9989184141159058,4.3711312173400074e-05,3.0297527700895444e-05
vit_b_16_linear,translation_32_left,test_07744,7744,3,cat,7,monkey,0.6491207480430603,False,0.002691045170649886,0.015162847004830837,0.0017533304635435343,0.22436745464801788,0.0031978259794414043,0.08411584049463272,0.005343051161617041,0.6491207480430603,0.0052161747589707375,0.009031666442751884
vit_b_16_linear,translation_32_left,test_01586,1586,2,car,2,car,0.9998817443847656,True,2.143335450455197e-06,4.476679896470159e-05,0.9998817443847656,3.487989715722506e-06,1.8360695321462117e-05,6.311556262517115e-06,1.1345491657266393e-05,3.4334484553255606e-06,1.0007320270233322e-05,1.8361484762863256e-05
vit_b_16_linear,translation_32_left,test_07999,7999,8,ship,8,ship,0.9952104687690735,True,0.0014589523198083043,0.0007360165473073721,0.00022981278016231954,0.00014828039275016636,0.00037445808993652463,0.0004282802692614496,0.00046464294428005815,0.00042403527186252177,0.9952104687690735,0.0005251186084933579
vit_b_16_linear,translation_32_left,test_06349,6349,1,bird,1,bird,0.9977940320968628,True,0.0001491433213232085,0.9977940320968628,0.0004322825698181987,0.00023970713664311916,0.0003653619787655771,0.00010292974184267223,0.0004805093922186643,0.00014752289280295372,0.00012399733532220125,0.00016463804058730602
vit_b_16_linear,translation_32_left,test_06594,6594,1,bird,1,bird,0.9767720103263855,True,0.0008453349000774324,0.9767720103263855,0.00433336803689599,0.004918375518172979,0.0012670087162405252,0.0029193174559623003,0.003438871819525957,0.0032074509654194117,0.0016474996227771044,0.0006509183440357447
vit_b_16_linear,translation_32_left,test_02109,2109,8,ship,8,ship,0.9998779296875,True,1.220980175276054e-05,4.274216553312726e-05,4.2468732317502145e-06,9.317472176917363e-06,6.352201580739347e-06,2.7465008315630257e-05,1.121585773944389e-05,2.651468548720004e-06,0.9998779296875,5.781528216175502e-06
vit_b_16_linear,translation_32_left,test_03079,3079,1,bird,1,bird,0.9983009696006775,True,5.4790241847513244e-05,0.9983009696006775,0.00010744599421741441,0.00015163169882725924,0.00020837591728195548,0.00027695533935911953,4.55400331702549e-05,0.0006469517247751355,0.000129955486045219,7.745992479613051e-05
vit_b_16_linear,translation_32_left,test_02070,2070,1,bird,1,bird,0.9966399669647217,True,0.00034946866799145937,0.9966399669647217,0.00029149744659662247,0.0007313719252124429,0.0007020069169811904,0.00019574114412534982,9.670761210145429e-05,0.0008354681194759905,4.608132439898327e-05,0.00011158548295497894
vit_b_16_linear,translation_32_left,test_00319,319,5,dog,5,dog,0.9908081889152527,True,0.0008226093486882746,0.0020481757819652557,0.0010568543802946806,0.0013031704584136605,0.0009379941620863974,0.9908081889152527,0.0004027005343232304,0.001732095843181014,0.00055264204274863,0.0003355829685460776
vit_b_16_linear,translation_32_left,test_02888,2888,0,airplane,0,airplane,0.9980860948562622,True,0.9980860948562622,0.0002138360432581976,8.82410240592435e-05,0.00011468753655208275,5.554517338168807e-05,0.00037552506546489894,0.0005690142861567438,0.00016257163952104747,0.00015714409528300166,0.00017736016889102757
vit_b_16_linear,translation_32_left,test_06224,6224,5,dog,5,dog,0.9409083127975464,True,0.0033650214318186045,0.018080392852425575,0.0030034740921109915,0.006961317267268896,0.0035406218376010656,0.9409083127975464,0.005231659393757582,0.011028330773115158,0.004987561143934727,0.002893327036872506
vit_b_16_linear,translation_32_left,test_03353,3353,5,dog,5,dog,0.8112714290618896,True,0.002754517365247011,0.01833018846809864,0.010539385490119457,0.10672627389431,0.009975630789995193,0.8112714290618896,0.008685363456606865,0.026025710627436638,0.00401532044634223,0.001676230109296739
vit_b_16_linear,translation_32_left,test_06244,6244,2,car,2,car,0.9995328187942505,True,1.423642061126884e-05,9.157438762485981e-05,0.9995328187942505,5.9987514759995975e-06,2.2998217900749296e-05,1.581151082064025e-05,4.871598139288835e-05,1.1455694220785517e-05,2.8994503736612387e-05,0.00022748792252968997
vit_b_16_linear,translation_32_left,test_04704,4704,7,monkey,7,monkey,0.9997265934944153,True,1.7156249668914825e-05,0.00014547960017807782,3.9212045521708205e-06,1.2097341823391616e-05,2.9966035071993247e-05,3.002733865287155e-05,1.0522589036554564e-05,0.9997265934944153,1.535080446046777e-05,8.823341886454728e-06
vit_b_16_linear,translation_32_left,test_02427,2427,5,dog,5,dog,0.9712764620780945,True,0.0008441670215688646,0.0021955245174467564,0.0012707185233011842,0.004122363869100809,0.00873781181871891,0.9712764620780945,0.0010925723472610116,0.007097218651324511,0.0021394374780356884,0.001223683706484735
vit_b_16_linear,translation_32_left,test_07995,7995,9,truck,9,truck,0.7541220784187317,True,0.0014746965607628226,0.00015402716235257685,0.243061825633049,2.0234394469298422e-05,0.0002416843199171126,3.970178295276128e-05,0.0003979598404839635,4.2285508243367076e-05,0.0004455326125025749,0.7541220784187317
vit_b_16_linear,translation_32_left,test_01124,1124,4,deer,4,deer,0.9992138147354126,True,4.4190695916768163e-05,5.73156694372301e-06,1.1945690857828595e-05,5.503529609995894e-05,0.9992138147354126,1.6776462871348485e-05,0.0006145606166683137,2.274113967359881e-06,1.0615035535010975e-05,2.5129200366791338e-05
vit_b_16_linear,translation_32_left,test_06733,6733,1,bird,1,bird,0.9853242039680481,True,0.0009181721834465861,0.9853242039680481,0.0008662334876134992,0.002508204896003008,0.0015320384409278631,0.0028615437913686037,0.0006177122122608125,0.002941952785477042,0.0016844285419210792,0.0007455490995198488
vit_b_16_linear,translation_32_left,test_02062,2062,9,truck,9,truck,0.9990571141242981,True,2.7280575523036532e-05,7.956416084198281e-05,0.0001910043356474489,9.605848754290491e-05,2.6167805117438547e-05,0.0003118692256975919,0.0001259115379070863,2.2995673134573735e-05,6.199139897944406e-05,0.9990571141242981
vit_b_16_linear,translation_32_left,test_00805,805,9,truck,9,truck,0.9994080066680908,True,0.0001452706492273137,3.04347304336261e-05,0.0002897749072872102,2.6046061975648627e-05,3.551237750798464e-05,1.730205440253485e-05,1.933776366058737e-05,1.4678069419460371e-05,1.3661555385624524e-05,0.9994080066680908
vit_b_16_linear,translation_32_left,test_02028,2028,3,cat,3,cat,0.9995930790901184,True,1.0491275133972522e-05,2.882434637285769e-05,3.714010745170526e-05,0.9995930790901184,0.00013976565969642252,1.045958651957335e-05,7.897400064393878e-05,3.868069597956492e-06,7.387030927930027e-05,2.347529516555369e-05
vit_b_16_linear,translation_32_left,test_02392,2392,2,car,2,car,0.999909520149231,True,5.41680128662847e-06,1.583592893439345e-05,0.999909520149231,2.5695094336697366e-06,1.6354445051547373e-06,3.2243042369373143e-06,1.9695562514243647e-05,4.3257631432425114e-07,1.0779737749544438e-05,3.090831887675449e-05
vit_b_16_linear,translation_32_left,test_03292,3292,6,horse,6,horse,0.9467304348945618,True,0.007872534915804863,0.0054481555707752705,0.007755843922495842,0.0016961165238171816,0.015058577992022038,0.009193149395287037,0.9467304348945618,0.004645730834454298,0.0009038874413818121,0.0006955181015655398
vit_b_16_linear,translation_32_left,test_01440,1440,7,monkey,7,monkey,0.9995332956314087,True,1.3493273399944883e-05,7.79779875301756e-05,9.043012141773943e-06,4.81739807582926e-05,2.0720022803288884e-05,0.00024557451251894236,2.5915323931258172e-05,0.9995332956314087,1.1605989129748195e-05,1.4291152183432132e-05
vit_b_16_linear,translation_32_left,test_01115,1115,1,bird,1,bird,0.9824727773666382,True,0.0003074943379033357,0.9824727773666382,0.0015273391036316752,0.0010202687699347734,0.009271465241909027,0.0014545541489496827,0.002063754014670849,0.00013081327779218554,0.0009519977611489594,0.0007996508502401412
vit_b_16_linear,translation_32_left,test_04242,4242,8,ship,8,ship,0.9951636791229248,True,0.0004197015368845314,0.00040351448114961386,0.0002880218962673098,0.0004987925640307367,0.00021281928638927639,0.0014178111450746655,0.0004500939103309065,0.0006459850119426847,0.9951636791229248,0.0004995930939912796
vit_b_16_linear,translation_32_left,test_02230,2230,8,ship,8,ship,0.9939674139022827,True,0.002904255175963044,7.897272007539868e-05,0.001313294400461018,2.229515121143777e-05,0.00021276646293699741,2.9122289561200887e-05,0.0002468795864842832,2.987267180287745e-05,0.9939674139022827,0.0011950921034440398
vit_b_16_linear,translation_32_left,test_03163,3163,2,car,2,car,0.9998422861099243,True,1.7923892301041633e-05,3.702776666614227e-05,0.9998422861099243,8.2204105638084e-06,3.463998154984438e-06,4.536308188107796e-05,2.598806531750597e-05,2.808689714584034e-06,1.162581884273095e-05,5.093899289931869e-06
vit_b_16_linear,translation_32_left,test_00545,545,6,horse,6,horse,0.9887834191322327,True,0.0008514976943843067,0.0005857710493728518,0.0011990413768216968,0.0003931639948859811,0.0003839007404167205,0.006077402271330357,0.9887834191322327,0.0005739374319091439,0.0005643285112455487,0.000587426358833909
vit_b_16_linear,translation_32_left,test_03863,3863,5,dog,5,dog,0.978249192237854,True,0.000809143646620214,0.0037940950132906437,0.0009606065577827394,0.004919083788990974,0.0035540868993848562,0.978249192237854,0.0022587983403354883,0.002115363022312522,0.0023602652363479137,0.0009793281788006425
vit_b_16_linear,translation_32_left,test_04748,4748,7,monkey,7,monkey,0.996820330619812,True,6.244893302209675e-05,0.001742253778502345,6.279652006924152e-05,0.00042653459240682423,9.703573596198112e-05,0.000438969349488616,0.00010963412205455825,0.996820330619812,0.0001776569988578558,6.242113158805296e-05
vit_b_16_linear,translation_32_left,test_02399,2399,4,deer,6,horse,0.45854452252388,False,0.006596249528229237,0.005760625470429659,0.00542031554505229,0.0033308989368379116,0.4559853672981262,0.04432332143187523,0.45854452252388,0.008420012891292572,0.00787160824984312,0.003747034352272749
vit_b_16_linear,translation_32_left,test_04341,4341,6,horse,6,horse,0.999460756778717,True,7.942772936075926e-05,2.051428054983262e-05,6.15578392171301e-05,5.749301999458112e-05,7.099772483343259e-05,1.0845891665667295e-05,0.999460756778717,2.7470519853523e-05,8.601956506026909e-05,0.00012484908802434802
vit_b_16_linear,translation_32_left,test_03078,3078,4,deer,4,deer,0.9913426637649536,True,8.785958198131993e-05,0.0013015874428674579,0.00011144677409902215,0.00555847305804491,0.9913426637649536,0.000391139998100698,0.0008350891876034439,3.2785668736323714e-05,0.0001959592627827078,0.00014306092634797096
vit_b_16_linear,translation_32_left,test_03763,3763,4,deer,4,deer,0.9970732927322388,True,9.34303825488314e-05,0.00015293201431632042,9.972890256904066e-05,0.00016997673083096743,0.9970732927322388,0.0002685474173631519,0.0016680652042850852,0.00018553121481090784,0.00013501557987183332,0.00015340661047957838
vit_b_16_linear,translation_32_left,test_02958,2958,6,horse,6,horse,0.9944437146186829,True,0.0005791984149254858,0.0009855664102360606,0.0004917815676890314,0.0006712328176945448,0.00037631584564223886,0.0003164965019095689,0.9944437146186829,0.0005351032014004886,0.0012452537193894386,0.0003553593996912241
vit_b_16_linear,translation_32_left,test_06381,6381,6,horse,6,horse,0.9977849125862122,True,0.00010880668560275808,0.00020281641627661884,0.0001669460179982707,4.104980325791985e-05,6.812261563027278e-05,0.0012400975683704019,0.9977849125862122,7.674702646909282e-05,0.00028717503300867975,2.340082937735133e-05
vit_b_16_linear,translation_32_left,test_01640,1640,8,ship,8,ship,0.9858505129814148,True,0.005321181379258633,0.0010613546473905444,0.0003721841494552791,0.0010626926086843014,0.0005452455370686948,0.00043959342292509973,0.0012661051005125046,0.002459839452058077,0.9858505129814148,0.0016213379567489028
vit_b_16_linear,translation_32_left,test_01783,1783,8,ship,8,ship,0.9997381567955017,True,5.1106540922774e-05,6.536613364005461e-05,1.8823740902007557e-05,1.6240781405940652e-05,6.365673016262008e-06,6.744596612406895e-05,1.7989854313782416e-05,6.887510153319454e-06,0.9997381567955017,1.1599613571888767e-05
vit_b_16_linear,translation_32_left,test_03914,3914,3,cat,3,cat,0.9999728202819824,True,3.0287119443528354e-06,4.3108871068398e-06,4.629836439562496e-06,0.9999728202819824,2.892399379561539e-06,4.2391388888063375e-06,2.3828649773349753e-06,1.5667068282709806e-06,2.743042841757415e-06,1.4726300605616416e-06
vit_b_16_linear,translation_32_left,test_01534,1534,6,horse,6,horse,0.9917214512825012,True,7.979419751791283e-05,2.2509477275889367e-05,0.00010886673408094794,0.00037362141301855445,0.0057344455271959305,0.00047255062963813543,0.9917214512825012,4.8696991143515334e-05,0.0009007152984850109,0.0005372880259528756
vit_b_16_linear,translation_32_left,test_00685,685,5,dog,5,dog,0.9987651109695435,True,7.51503393985331e-05,0.00016513826267328113,0.00010655925871105865,0.00014201298472471535,0.00026116074877791107,0.9987651109695435,0.0002771766157820821,7.218265091069043e-05,0.00010012302664108574,3.5469976864987984e-05
vit_b_16_linear,translation_32_left,test_04617,4617,0,airplane,0,airplane,0.9996474981307983,True,0.9996474981307983,2.7266358301858418e-05,2.0487941583269276e-05,4.595911377691664e-05,1.6456433513667434e-05,5.322211654856801e-05,5.670021346304566e-05,8.726366650080308e-05,1.4440729501075111e-05,3.062629184569232e-05
vit_b_16_linear,translation_32_left,test_05508,5508,9,truck,9,truck,0.9995429515838623,True,2.172303902625572e-05,8.258974412456155e-05,0.00011604402243392542,2.7373032935429364e-05,1.8480586732039228e-05,4.645066655939445e-05,4.69332626380492e-05,1.5285830158973113e-05,8.219623123295605e-05,0.9995429515838623
vit_b_16_linear,translation_32_left,test_01022,1022,9,truck,2,car,0.5359951853752136,False,0.024032067507505417,0.020635612308979034,0.5359951853752136,0.003474398050457239,0.00722866877913475,0.008689304813742638,0.017315756529569626,0.002485648961737752,0.006011661142110825,0.3741317093372345
vit_b_16_linear,translation_32_left,test_01230,1230,1,bird,1,bird,0.639335572719574,True,0.01263410784304142,0.639335572719574,0.023499595001339912,0.08392886072397232,0.018645334988832474,0.037717901170253754,0.020896712318062782,0.07650423794984818,0.048551224172115326,0.03828645870089531
vit_b_16_linear,translation_32_left,test_07475,7475,4,deer,4,deer,0.9966495633125305,True,2.7128337023896165e-05,9.758193300513085e-06,1.5631667338311672e-05,2.0532552298391238e-05,0.9966495633125305,2.7177820811630227e-05,0.003205138025805354,1.4304616342997178e-05,1.1189628821739461e-05,1.9640954633359797e-05
vit_b_16_linear,translation_32_left,test_05756,5756,2,car,2,car,0.9993701577186584,True,1.237359902006574e-05,0.00019131871522404253,0.9993701577186584,7.234542863443494e-05,4.5298827899387106e-05,0.00017816478793974966,6.676778139080852e-05,1.2209969099785667e-05,3.954890780732967e-05,1.1996266039204784e-05
vit_b_16_linear,translation_32_left,test_03122,3122,4,deer,4,deer,0.9985511898994446,True,4.240851558279246e-05,0.00016612729814369231,4.112844908377156e-05,0.0006900257430970669,0.9985511898994446,2.181076524720993e-05,0.00030431689810939133,1.1871365131810308e-05,6.675328768324107e-05,0.00010441328777233139
vit_b_16_linear,translation_32_left,test_07202,7202,1,bird,1,bird,0.9740381240844727,True,0.0008257890003733337,0.9740381240844727,0.001634409069083631,0.0010939118219539523,0.0016725010937079787,0.01355280913412571,0.0017127585597336292,0.0026859180070459843,0.0018126291688531637,0.0009710352751426399
vit_b_16_linear,translation_32_left,test_04723,4723,9,truck,9,truck,0.9913546442985535,True,0.005239461082965136,0.00010891316196648404,0.00024250104615930468,0.0002166974009014666,0.00039573261165060103,0.00014394853496924043,0.00152486190199852,5.86046589887701e-05,0.0007146273273974657,0.9913546442985535
vit_b_16_linear,translation_32_left,test_01552,1552,5,dog,5,dog,0.9942786693572998,True,8.679043821757659e-05,0.0010679331608116627,0.00018738352810032666,0.0002550925128161907,0.0029136869125068188,0.9942786693572998,0.0002609481744002551,0.0006615820457227528,0.00018413073848932981,0.00010366465721745044
vit_b_16_linear,translation_32_left,test_00603,603,9,truck,9,truck,0.9992595314979553,True,0.00020106227020733058,8.647861250210553e-05,0.00020128827600274235,2.3497024812968448e-05,4.776813511853106e-05,2.1685089450329542e-05,3.200972423655912e-05,3.297813964309171e-05,9.373611101182178e-05,0.9992595314979553
vit_b_16_linear,translation_32_left,test_02861,2861,3,cat,3,cat,0.9992382526397705,True,5.2380779379745945e-05,0.0001424298679921776,9.033676906256005e-05,0.9992382526397705,6.903918256284669e-05,9.071308886632323e-05,7.769475632812828e-05,8.341497596120462e-05,0.00013672796194441617,1.89054826478241e-05
vit_b_16_linear,translation_32_left,test_06426,6426,2,car,2,car,0.9998900890350342,True,3.6441417705646018e-06,2.9600696507259272e-05,0.9998900890350342,9.304878403781913e-06,1.1379709576431196e-05,1.812627124309074e-05,2.953479634015821e-05,2.244594043077086e-06,4.6675431804033e-06,1.438619847249356e-06
vit_b_16_linear,translation_32_left,test_07864,7864,4,deer,4,deer,0.9723538160324097,True,0.002225880976766348,0.002995334565639496,0.0024526852648705244,0.0073132021352648735,0.9723538160324097,0.0035776677541434765,0.0029491789173334837,0.003832214744761586,0.0015363757265731692,0.0007637068047188222
vit_b_16_linear,translation_32_left,test_05729,5729,6,horse,6,horse,0.9962932467460632,True,8.047387382248417e-05,0.00013722448784392327,0.00014516827650368214,0.0001648651814321056,0.00283727771602571,0.0001584450074005872,0.9962932467460632,6.161854253150523e-05,5.204342960496433e-05,6.963908526813611e-05
vit_b_16_linear,translation_32_left,test_07474,7474,5,dog,5,dog,0.9638126492500305,True,0.010267739184200764,0.0021473942324519157,0.003437900682911277,0.006871563382446766,0.0015830118209123611,0.9638126492500305,0.0029531812760978937,0.0018847861792892218,0.004147481173276901,0.0028943661600351334
vit_b_16_linear,translation_32_left,test_04298,4298,1,bird,1,bird,0.9999817609786987,True,5.795861284241255e-07,0.9999817609786987,6.959485858715198e-07,6.384315838658949e-06,3.8979378587100655e-06,3.8905858446014463e-07,7.250363296407158e-07,4.058702415932203e-06,4.33540151334455e-07,9.058400678441103e-07
vit_b_16_linear,translation_32_left,test_01175,1175,0,airplane,0,airplane,0.9997921586036682,True,0.9997921586036682,1.3432204468699638e-05,1.1536417332536075e-05,1.8498138160794042e-05,9.169091754301917e-06,8.238721056841314e-05,2.2997759515419602e-05,3.0447155950241722e-05,1.3554309589380864e-05,5.890708507649833e-06
vit_b_16_linear,translation_32_left,test_03454,3454,2,car,2,car,0.9998738765716553,True,6.21146909907111e-06,2.3663038518861867e-05,0.9998738765716553,3.4511615467636148e-06,1.897922743410163e-06,3.61845286533935e-06,1.251170124305645e-05,1.485082293584128e-06,1.0245338671666104e-05,6.299489177763462e-05
vit_b_16_linear,translation_32_left,test_02754,2754,3,cat,3,cat,0.999077320098877,True,2.7409536414779723e-05,0.00027033340302295983,3.717748768394813e-05,0.999077320098877,1.900015922728926e-05,0.00025764881866052747,7.889848347986117e-05,0.00010237767128273845,0.0001077027918654494,2.2195947167347185e-05
vit_b_16_linear,translation_32_left,test_00855,855,4,deer,4,deer,0.998130738735199,True,2.3947937734192237e-05,8.95564880920574e-06,1.1823485692730173e-05,0.00011757892207242548,0.998130738735199,4.8613210310577415e-06,0.001627316465601325,5.7434886002738494e-06,1.0591906175250188e-05,5.852456160937436e-05
vit_b_16_linear,translation_32_left,test_02854,2854,7,monkey,7,monkey,0.9984086155891418,True,1.12052948679775e-05,0.0009409963968209922,1.8906437617260963e-05,0.00021990925597492605,0.00010024987568613142,0.0002325836685486138,2.1419757104013115e-05,0.9984086155891418,2.409606531728059e-05,2.2124173483462073e-05
vit_b_16_linear,translation_32_left,test_05092,5092,1,bird,1,bird,0.9998760223388672,True,4.701550551544642e-06,0.9998760223388672,2.1774401830043644e-05,1.4923809430911206e-05,3.0040706405998208e-05,3.88036505682976e-06,3.396351758055971e-06,2.4947836209321395e-05,1.541582059871871e-05,5.045172201789683e-06
vit_b_16_linear,translation_32_left,test_05590,5590,9,truck,9,truck,0.9902116656303406,True,0.003830939531326294,0.00040877776336856186,0.0006966241053305566,0.0014569220365956426,0.0005456202197819948,0.00046500106691382825,0.0012700703227892518,0.00011257104779360816,0.0010018132161349058,0.9902116656303406
vit_b_16_linear,translation_32_left,test_04463,4463,3,cat,3,cat,0.9998934268951416,True,3.3063556656998117e-06,1.9246088413638063e-05,2.4475120881106704e-06,0.9998934268951416,2.4971552193164825e-05,2.6853399504034314e-06,8.00146153778769e-06,1.828094173106365e-05,2.4353106709895656e-05,3.317739583508228e-06
vit_b_16_linear,translation_32_left,test_05318,5318,2,car,2,car,0.9989493489265442,True,0.00028039049357175827,0.00028396444395184517,0.9989493489265442,7.283770628419006e-06,7.708312477916479e-05,5.539147969102487e-05,0.00016016412700992078,8.897612133296207e-06,4.728725252789445e-05,0.0001303366298088804
vit_b_16_linear,translation_32_left,test_03515,3515,6,horse,6,horse,0.6864640712738037,True,6.80416778777726e-05,0.00021011626813560724,6.0080023104092106e-05,0.00016160075028892606,0.31278541684150696,3.549596294760704e-05,0.6864640712738037,4.444911246537231e-05,5.867965592187829e-05,0.000112127534521278
vit_b_16_linear,translation_32_left,test_04642,4642,4,deer,4,deer,0.9989494681358337,True,2.2434203856391832e-05,0.00014481109974440187,1.4931666555639822e-05,0.0002842687536031008,0.9989494681358337,2.192731153627392e-05,0.0004748791398014873,5.253949439065764e-06,3.851861765724607e-05,4.360999446362257e-05
vit_b_16_linear,translation_32_left,test_00852,852,9,truck,9,truck,0.9987980127334595,True,3.091818871325813e-05,8.607270137872547e-05,0.00010731675138231367,0.00012435861572157592,5.260906254989095e-05,0.00014975739759393036,0.00013965462858323008,4.719589196611196e-05,0.0004640505067072809,0.9987980127334595
vit_b_16_linear,translation_32_left,test_01247,1247,8,ship,8,ship,0.9927794337272644,True,0.0005591280059888959,0.0006944034830667078,0.0005754292942583561,0.000681465317029506,0.0003531365073285997,0.0015137643786147237,0.0010306719923391938,0.0013797935098409653,0.9927794337272644,0.0004327882779762149
vit_b_16_linear,translation_32_left,test_07084,7084,2,car,2,car,0.9999567270278931,True,2.0156935534032527e-06,1.0509705134609248e-05,0.9999567270278931,5.436361334432149e-06,3.5365328585612588e-06,7.995583473530132e-06,4.73479622087325e-06,3.4506004453760397e-07,4.018063009425532e-06,4.550752237264533e-06
vit_b_16_linear,translation_32_left,test_05301,5301,9,truck,9,truck,0.7646322846412659,True,0.019906440749764442,0.010562178678810596,0.052757713943719864,0.0048024277202785015,0.013947521336376667,0.005534006282687187,0.004053471609950066,0.00646620150655508,0.11733771860599518,0.7646322846412659
vit_b_16_linear,translation_32_left,test_05082,5082,6,horse,6,horse,0.9875383377075195,True,0.0007892184075899422,0.004005984868854284,0.0005823845276609063,0.001327220699749887,0.0004531028098426759,0.0016678182873874903,0.9875383377075195,0.0012711442541331053,0.0017541447887197137,0.0006105104694142938
vit_b_16_linear,translation_32_left,test_05077,5077,4,deer,4,deer,0.9513115286827087,True,8.372226875508204e-05,0.0014999686973169446,7.721003930782899e-05,0.0007642544223926961,0.9513115286827087,8.715391595615074e-05,0.0460113026201725,0.00011711589468177408,2.2672946215607226e-05,2.496880006219726e-05
vit_b_16_linear,translation_32_left,test_01563,1563,3,cat,3,cat,0.9989277720451355,True,7.538909812865313e-06,0.00010574693442322314,4.372656985651702e-05,0.9989277720451355,8.833632455207407e-05,4.962075763614848e-05,0.000167308040545322,0.0005715676234103739,3.4832781238947064e-05,3.3348655961162876e-06
vit_b_16_linear,translation_32_left,test_00029,29,7,monkey,7,monkey,0.9988468885421753,True,1.4323866707854904e-05,0.0007920714560896158,4.692478250944987e-05,0.0001203586216433905,4.218225149088539e-05,6.66737905703485e-05,2.2955537133384496e-05,0.9988468885421753,1.2296615750528872e-05,3.5364049836061895e-05
vit_b_16_linear,translation_32_left,test_03867,3867,7,monkey,7,monkey,0.9152464270591736,True,0.001405403483659029,0.02719484455883503,0.0008041607798077166,0.005470327567309141,0.00418624933809042,0.041161686182022095,0.0013308326015248895,0.9152464270591736,0.0008163937600329518,0.002383654238656163
vit_b_16_linear,translation_32_left,test_04620,4620,6,horse,6,horse,0.9998537302017212,True,4.05085738748312e-05,1.0451115485921036e-05,1.0697252037061844e-05,2.7408716050558724e-05,3.0336048439494334e-05,1.1514045581861865e-05,0.9998537302017212,9.801355190575123e-06,2.0270520053600194e-06,3.6078085940971505e-06
vit_b_16_linear,translation_32_left,test_04065,4065,2,car,2,car,0.999863862991333,True,2.2578318748855963e-05,2.006820977840107e-05,0.999863862991333,1.3239708096079994e-05,1.0430082511447836e-05,1.2804785910702776e-05,2.0912082618451677e-05,7.105742042767815e-06,4.594844085659133e-06,2.4364024284295738e-05
vit_b_16_linear,translation_32_left,test_01095,1095,5,dog,5,dog,0.9937673807144165,True,0.0001905266399262473,0.001216636155731976,0.00028895202558487654,0.0005032751942053437,0.0016970413271337748,0.9937673807144165,0.0011434848420321941,0.0005662571638822556,0.00040043858462013304,0.00022609293228015304
vit_b_16_linear,translation_32_left,test_04229,4229,3,cat,3,cat,0.9999644756317139,True,1.7138389694082434e-06,1.643457835598383e-05,1.8458262047715834e-06,0.9999644756317139,2.339827460673405e-06,2.594370698716375e-06,4.631127012544312e-06,2.682425929378951e-06,1.401839426762308e-06,1.6510083469256642e-06
vit_b_16_linear,translation_32_left,test_03562,3562,3,cat,3,cat,0.9917998909950256,True,0.00027142069302499294,0.0006235155160538852,0.00023732417321298271,0.9917998909950256,0.0014974259538576007,0.001887422171421349,0.0010067489929497242,0.0021611640695482492,0.00015354821516666561,0.0003614398592617363
vit_b_16_linear,translation_32_left,test_02342,2342,8,ship,8,ship,0.999345600605011,True,0.00011651653767330572,0.0001368205266771838,1.6511663488927297e-05,2.8004611522192135e-05,1.7826907424023375e-05,9.628885891288519e-05,5.783767846878618e-05,6.611320714000612e-05,0.999345600605011,0.00011840988008771092
vit_b_16_linear,translation_32_left,test_01667,1667,6,horse,6,horse,0.9980496168136597,True,0.00015607496607117355,0.00014832722081337124,8.331845310749486e-05,0.00013925616804044694,0.00010086187830893323,0.0008558877743780613,0.9980496168136597,0.00010911314166150987,0.00022741609427612275,0.000130205211462453
vit_b_16_linear,translation_32_left,test_07033,7033,1,bird,1,bird,0.9992320537567139,True,5.363468881114386e-05,0.9992320537567139,2.7000793124898337e-05,0.0002903592539951205,8.678149606566876e-05,3.566845407476649e-05,4.3357555114198476e-05,0.00012166863598395139,5.7389763242099434e-05,5.204871922614984e-05
vit_b_16_linear,translation_32_left,test_01771,1771,7,monkey,7,monkey,0.678655743598938,True,0.0003037178539671004,0.0006484457408078015,0.002339857630431652,0.0008239393937401474,0.03984600678086281,0.27238938212394714,0.003215192584320903,0.678655743598938,0.0006020132568664849,0.0011756345629692078
vit_b_16_linear,translation_32_left,test_03157,3157,8,ship,8,ship,0.9994482398033142,True,0.000307226087898016,1.7096404917538166e-05,3.5236833355156705e-05,1.0659091458364855e-05,4.558769433060661e-06,8.694890857441351e-05,5.75959675188642e-05,1.442491338821128e-05,0.9994482398033142,1.7966583982342854e-05
vit_b_16_linear,translation_32_left,test_03851,3851,3,cat,3,cat,0.9220485687255859,True,7.499003550037742e-05,0.0006825766176916659,2.1324232875485905e-05,0.9220485687255859,0.0001958159264177084,0.07673614472150803,9.911730739986524e-05,5.7838547945721075e-05,1.1212449862796348e-05,7.23947086953558e-05
vit_b_16_linear,translation_32_left,test_01287,1287,7,monkey,7,monkey,0.9986659288406372,True,1.8972532416228205e-05,0.0004571104946080595,3.9564973121741787e-05,0.0002574808313511312,8.437524957116693e-05,0.00033953471574932337,2.6162100766669028e-05,0.9986659288406372,7.595173519803211e-05,3.487669528112747e-05
vit_b_16_linear,translation_32_left,test_07320,7320,0,airplane,0,airplane,0.9976295232772827,True,0.9976295232772827,0.00012132739357184619,0.0012581635965034366,4.8645801143720746e-05,0.0002445576246827841,0.00012777067604474723,0.0002340179489692673,5.489403702085838e-05,2.4589988242951222e-05,0.000256571511272341
vit_b_16_linear,translation_32_left,test_07600,7600,6,horse,6,horse,0.9998307228088379,True,2.751485772023443e-05,4.718977379525313e-06,7.586974243167788e-05,8.5336932897917e-06,1.4426484085561242e-05,2.9406966859824024e-05,0.9998307228088379,3.888772425852949e-06,3.719202595675597e-06,1.2253930208316888e-06
vit_b_16_linear,translation_32_left,test_03852,3852,5,dog,5,dog,0.9594915509223938,True,0.0024476193357259035,0.014706437475979328,0.002578404266387224,0.002597460988909006,0.00685856631025672,0.9594915509223938,0.0013936354080215096,0.005036959424614906,0.003856553230434656,0.0010328828357160091
vit_b_16_linear,translation_32_left,test_00269,269,7,monkey,7,monkey,0.9999068975448608,True,8.475785762129817e-07,4.1793529817368835e-05,1.6170066601262079e-06,7.593940154038137e-06,2.4548385226808023e-06,3.215649849153124e-05,1.0983543461406953e-06,0.9999068975448608,2.979984856210649e-06,2.452753506076988e-06
vit_b_16_linear,translation_32_left,test_01703,1703,7,monkey,7,monkey,0.9991214871406555,True,1.185300152428681e-05,0.00013505766401067376,1.4750229638593737e-05,0.0001867526734713465,9.831465285969898e-05,0.00039444497087970376,9.76249975792598e-06,0.9991214871406555,1.802043516363483e-05,9.62237118073972e-06
vit_b_16_linear,translation_32_left,test_07776,7776,5,dog,5,dog,0.9760746359825134,True,0.0037782760336995125,0.0028096914757043123,0.002471105894073844,0.0013095170725136995,0.0013565197587013245,0.9760746359825134,0.0012178722536191344,0.0037844660691916943,0.0023394187446683645,0.004858516622334719
vit_b_16_linear,translation_32_left,test_03891,3891,4,deer,4,deer,0.9956871867179871,True,8.866877760738134e-05,0.0012454786337912083,9.063861944014207e-05,0.0004195548826828599,0.9956871867179871,4.692119182436727e-05,0.002279281849041581,1.0057569852506276e-05,6.601588393095881e-05,6.618292536586523e-05
vit_b_16_linear,translation_32_left,test_07009,7009,0,airplane,0,airplane,0.9988009929656982,True,0.9988009929656982,7.013281719991937e-05,0.00016088444681372494,4.247017204761505e-05,5.687794691766612e-05,0.0001979786466108635,7.608758460264653e-05,9.927213250193745e-05,0.00021659569756593555,0.00027866422897204757
vit_b_16_linear,translation_32_left,test_04893,4893,0,airplane,0,airplane,0.9986491799354553,True,0.9986491799354553,0.00028569228015840054,4.003079448011704e-05,8.463010453851894e-05,5.517199315363541e-05,0.0001698584237601608,0.00011236736463615671,7.292239024536684e-05,0.00048779163626022637,4.243136936565861e-05
vit_b_16_linear,translation_32_left,test_02351,2351,9,truck,9,truck,0.997312068939209,True,9.915184637065977e-05,0.00023912682081572711,0.0012239936040714383,0.00020288623636588454,0.00012060894368914887,0.00014581829600501806,3.963878771173768e-05,3.3901422284543514e-05,0.0005828739376738667,0.997312068939209
vit_b_16_linear,translation_32_left,test_03550,3550,1,bird,1,bird,0.9478825330734253,True,0.0005580386496149004,0.9478825330734253,0.0005959866684861481,0.003195109311491251,0.03558279946446419,0.0012202460784465075,0.007569262757897377,0.0021701424848288298,0.000675140181556344,0.0005507583264261484
vit_b_16_linear,translation_32_left,test_05719,5719,7,monkey,7,monkey,0.9956710338592529,True,0.00012945118942297995,0.0006148116081021726,0.00023215262626763433,0.0009050944936461747,0.000185838682227768,0.0017135902307927608,0.00023111968766897917,0.9956710338592529,0.00018896603432949632,0.0001279593852814287
vit_b_16_linear,translation_32_left,test_01884,1884,7,monkey,7,monkey,0.9957834482192993,True,0.00011623226600931957,0.0005578358541242778,0.00014698180893901736,0.000708135194145143,0.0006461309385485947,0.00152212951797992,0.00018684635870158672,0.9957834482192993,0.00018996349535882473,0.00014237490540836006
vit_b_16_linear,translation_32_left,test_02898,2898,4,deer,4,deer,0.9988059997558594,True,3.7578731280518696e-05,6.0557416873052716e-05,1.6497318938490935e-05,0.0002657425939105451,0.9988059997558594,6.993580609560013e-05,0.0006016158731654286,4.062516745761968e-05,6.853199010947719e-05,3.2886026019696146e-05
vit_b_16_linear,translation_32_left,test_04640,4640,1,bird,1,bird,0.8108693957328796,True,0.00010806502541527152,0.8108693957328796,8.29964701551944e-05,0.0003514528216328472,0.0003952875267714262,0.00010793370893225074,0.00015584057837259024,0.18766741454601288,0.00014787849795538932,0.00011367513798177242
vit_b_16_linear,translation_32_left,test_07610,7610,4,deer,4,deer,0.9996322393417358,True,1.3287522961036302e-05,4.296085535315797e-05,7.36121864974848e-06,1.8356429791310802e-05,0.9996322393417358,8.545345735910814e-06,0.0002476742956787348,2.3268532913789386e-06,9.067232895176858e-06,1.812235677789431e-05
vit_b_16_linear,translation_32_left,test_01833,1833,8,ship,8,ship,0.9919881820678711,True,0.00042059074621647596,0.001655670814216137,0.0014942996203899384,0.0003858376294374466,0.000297518796287477,0.0013252206845209002,0.0015879659913480282,0.0006871742662042379,0.9919881820678711,0.00015754369087517262
vit_b_16_linear,translation_32_left,test_06455,6455,0,airplane,0,airplane,0.9993816614151001,True,0.9993816614151001,1.487811459810473e-05,3.356705929036252e-05,1.0843255040526856e-05,1.5713281754869968e-05,5.171838711248711e-05,6.829031462984858e-06,6.9071775214979425e-06,0.0004557905194815248,2.2084068405092694e-05
vit_b_16_linear,translation_32_left,test_03893,3893,9,truck,9,truck,0.9892436265945435,True,0.001022698008455336,0.003967887721955776,0.0008113374351523817,0.00026648055063560605,0.0006079431041143835,0.000711900123860687,0.0002849294396582991,0.0017860423540696502,0.001297195558436215,0.9892436265945435
vit_b_16_linear,translation_32_left,test_04731,4731,6,horse,6,horse,0.9949865341186523,True,0.0003384891606401652,0.001640846487134695,0.0004929875722154975,0.0004913390730507672,0.0001527652784716338,0.00032275242847390473,0.9949865341186523,0.0005595486145466566,0.0003459776344243437,0.0006688880966976285
vit_b_16_linear,translation_32_left,test_00929,929,6,horse,6,horse,0.9982505440711975,True,4.405375511851162e-05,3.60236554115545e-05,9.07463108887896e-05,6.0999835113761947e-05,0.0005405148840509355,0.000952167552895844,0.9982505440711975,1.2046699566781172e-06,1.2718191101157572e-05,1.0900638699240517e-05
vit_b_16_linear,translation_32_left,test_03962,3962,6,horse,6,horse,0.9997245669364929,True,2.644154847075697e-05,4.609017196344212e-05,1.8464317690813914e-05,1.7190721337101422e-05,7.324359467020258e-05,2.663533996383194e-05,0.9997245669364929,2.603389475552831e-05,2.6983023417415097e-05,1.4465468666458037e-05
vit_b_16_linear,translation_32_left,test_03778,3778,3,cat,3,cat,0.7971181869506836,True,0.015217960812151432,0.01478146854788065,0.007381036411970854,0.7971181869506836,0.016688577830791473,0.1016669049859047,0.008421196602284908,0.025558630004525185,0.006465955637395382,0.006699917372316122
vit_b_16_linear,translation_32_left,test_01429,1429,4,deer,4,deer,0.9994053840637207,True,8.373485616175458e-05,5.245603097137064e-05,1.494969728810247e-05,0.0003163376823067665,0.9994053840637207,1.3161493370716926e-05,2.3103017156245187e-05,4.977653588866815e-06,6.181579374242574e-05,2.4036973627517e-05
vit_b_16_linear,translation_32_left,test_00049,49,2,car,2,car,0.9981770515441895,True,0.00020605491590686142,0.0006564274081028998,0.9981770515441895,0.00013884136569686234,7.658924732822925e-05,0.00010364066110923886,0.00022684184659738094,3.189275957993232e-05,0.00018881398136727512,0.00019385572522878647
vit_b_16_linear,translation_32_left,test_00276,276,9,truck,9,truck,0.9332370162010193,True,0.0009748075972311199,0.0011365375248715281,0.058694787323474884,0.0003932114050257951,0.0002683528291527182,0.0004292060621082783,0.00026727092335931957,0.0011867871508002281,0.003412062069401145,0.9332370162010193
vit_b_16_linear,translation_32_left,test_06076,6076,1,bird,1,bird,0.999346911907196,True,3.067729267058894e-05,0.999346911907196,4.3970649130642414e-05,9.099537419388071e-05,6.342900451272726e-05,2.6308434826205485e-05,0.00010016433952841908,0.0002581748994998634,2.1465151803568006e-05,1.7892098185257055e-05
vit_b_16_linear,translation_32_left,test_01389,1389,0,airplane,0,airplane,0.9998366832733154,True,0.9998366832733154,3.384230876690708e-05,7.929572348075453e-06,1.8219545381725766e-05,1.0105986802955158e-05,3.4501303161960095e-05,1.2908742064610124e-05,9.788895113160834e-06,2.04698462766828e-05,1.552703724883031e-05
vit_b_16_linear,translation_32_left,test_03362,3362,2,car,2,car,0.9997771382331848,True,3.4414828405715525e-05,5.3131894674152136e-05,0.9997771382331848,9.611308996682055e-06,5.150537617737427e-06,3.886186095769517e-05,5.8303856349084526e-05,6.948164809728041e-06,7.1758099693397526e-06,9.285204214393161e-06
vit_b_16_linear,translation_32_left,test_00317,317,2,car,2,car,0.999066174030304,True,1.8855325834010728e-05,0.0002025403082370758,0.999066174030304,6.341330299619585e-05,1.362269904348068e-05,8.96402052603662e-05,0.000402077246690169,1.104648345062742e-05,2.9856069886591285e-05,0.0001027303806040436
vit_b_16_linear,translation_32_left,test_04675,4675,0,airplane,0,airplane,0.9967125654220581,True,0.9967125654220581,0.000464317126898095,0.00023224990582093596,0.00014140117855276912,0.00018352428742218763,0.0011275139404460788,0.00041648477781563997,0.0002622803731355816,0.00027864964795298874,0.00018113516853190958
vit_b_16_linear,translation_32_left,test_05924,5924,5,dog,5,dog,0.9939435124397278,True,0.00026554494979791343,0.0009514473495073617,0.00018719695799518377,0.0005890981410630047,0.0014375931350514293,0.9939435124397278,0.0009347511804662645,0.0012492741225287318,0.00029636931139975786,0.00014517562522087246
vit_b_16_linear,translation_32_left,test_00198,198,1,bird,1,bird,0.9998962879180908,True,1.0108642527484335e-05,0.9998962879180908,4.171311047684867e-06,3.139422187814489e-05,3.2123500659508863e-06,7.129037385311676e-06,9.692180356069002e-06,1.005728427116992e-05,2.1097193894092925e-05,6.922026841493789e-06
vit_b_16_linear,translation_32_left,test_07779,7779,6,horse,6,horse,0.9996600151062012,True,7.391739927697927e-05,3.1143648811848834e-05,5.10267709614709e-05,6.741928518749774e-05,1.568322113598697e-05,3.180924613843672e-05,0.9996600151062012,3.653576277429238e-05,1.6431595213362016e-05,1.600600080564618e-05
vit_b_16_linear,translation_32_left,test_04054,4054,4,deer,4,deer,0.6727562546730042,True,0.000802281778305769,4.396396616357379e-05,0.001325115910731256,0.00036143744364380836,0.6727562546730042,0.00022076544701121747,0.32369258999824524,0.0005065699806436896,0.00022416823776438832,6.680213118670508e-05
vit_b_16_linear,translation_32_left,test_05556,5556,4,deer,6,horse,0.6223324537277222,False,6.308143929345533e-05,0.001098706154152751,0.00010899578774115071,0.00045740255154669285,0.3751744031906128,8.086379966698587e-05,0.6223324537277222,0.0002763650263659656,0.00025908739189617336,0.00014873853069730103
vit_b_16_linear,translation_32_left,test_02687,2687,1,bird,1,bird,0.9999841451644897,True,1.547307562077549e-07,0.9999841451644897,3.0703060360792733e-07,8.07978449302027e-06,1.1325716968713095e-06,6.007942232599817e-08,5.226358439358592e-07,5.023713129048701e-06,8.319450017779673e-08,3.9857152955846686e-07
vit_b_16_linear,translation_32_left,test_01202,1202,2,car,2,car,0.9938667416572571,True,0.0004421587218530476,0.0012484207982197404,0.9938667416572571,0.0006402389262802899,0.0004963282844983041,0.0010928718838840723,0.0006964948261156678,0.0002095516974804923,0.000245493371039629,0.0010616419604048133
vit_b_16_linear,translation_32_left,test_00097,97,5,dog,5,dog,0.9815830588340759,True,0.00029960309620946646,0.006938833277672529,0.001304922509007156,0.0016485275700688362,0.0025161795783787966,0.9815830588340759,0.0028335812967270613,0.001246611587703228,0.0007257399265654385,0.000902878469787538
vit_b_16_linear,translation_32_left,test_06033,6033,4,deer,4,deer,0.9996125102043152,True,2.3082235202309676e-05,1.2234320820425637e-05,9.158199645753484e-06,0.0002706167579162866,0.9996125102043152,8.177429663192015e-06,1.761552266543731e-05,6.768177627236582e-06,2.1556043066084385e-05,1.818565942812711e-05
vit_b_16_linear,translation_32_left,test_01711,1711,7,monkey,7,monkey,0.98479825258255,True,0.0003946299257222563,0.001841630437411368,0.0005182698951102793,0.0004530315345618874,0.0007097149500623345,0.008996689692139626,0.001386450370773673,0.98479825258255,0.0005314239533618093,0.00036996009293943644
vit_b_16_linear,translation_32_left,test_01430,1430,9,truck,9,truck,0.9978494644165039,True,0.00042219882016070187,0.0001409777469234541,0.0004957256023772061,0.00017517327796667814,0.00017963207210414112,0.0001643253053771332,7.594930502818897e-05,9.832160867517814e-05,0.0003981911577284336,0.9978494644165039
vit_b_16_linear,translation_32_left,test_00739,739,8,ship,8,ship,0.9976089000701904,True,0.0004951662849634886,0.0001917080080602318,0.00022243925195652992,0.00010705525346565992,0.00013190845493227243,0.0004721409932244569,0.0003080682654399425,0.00011061853001592681,0.9976089000701904,0.0003520547761581838
vit_b_16_linear,translation_32_left,test_03491,3491,1,bird,1,bird,0.9996210336685181,True,1.872598113550339e-05,0.9996210336685181,2.008885712712072e-05,0.0001968611468328163,2.7401656552683562e-05,1.6745298125897534e-05,5.774624150944874e-05,1.9298162442282774e-05,7.944747267174534e-06,1.3976123227621429e-05
vit_b_16_linear,translation_32_left,test_01568,1568,1,bird,3,cat,0.7815212607383728,False,0.007253521587699652,0.13124696910381317,0.010313296690583229,0.7815212607383728,0.005600062198936939,0.04647122323513031,0.01563672348856926,0.0010625181021168828,0.00028480266337282956,0.000609610986430198
vit_b_16_linear,translation_32_left,test_01211,1211,4,deer,4,deer,0.9923323392868042,True,0.0012481302255764604,0.0002844149130396545,0.0001568835141370073,0.00021053181262686849,0.9923323392868042,0.00020913324260618538,0.004488975275307894,0.00012512305693235248,0.0005917278467677534,0.0003527715161908418
vit_b_16_linear,translation_32_left,test_04913,4913,2,car,2,car,0.9991727471351624,True,0.00016949944256339222,0.000285725953290239,0.9991727471351624,8.057502418523654e-05,3.4204727853648365e-05,4.528111458057538e-05,9.806779416976497e-05,1.1823938621091656e-05,9.067522478289902e-05,1.1535528756212443e-05
vit_b_16_linear,translation_32_left,test_02502,2502,2,car,2,car,0.9993079900741577,True,2.0456875063246116e-05,0.000202032140805386,0.9993079900741577,4.1956933273468167e-05,3.8181242416612804e-05,0.00010315938561689109,4.356120552984066e-05,6.813878371758619e-06,0.00013562101230490953,0.00010020133049692959
vit_b_16_linear,translation_32_left,test_02539,2539,3,cat,3,cat,0.9991781115531921,True,9.45589563343674e-05,7.480265048798174e-05,0.0001582918339408934,0.9991781115531921,0.00032652023946866393,5.99416162003763e-05,3.7042147596366704e-05,7.721207111899275e-06,1.6146042980835773e-05,4.678490950027481e-05
vit_b_16_linear,translation_32_left,test_00979,979,3,cat,3,cat,0.9935731291770935,True,3.33967363985721e-05,0.00018871593056246638,0.00017418368952348828,0.9935731291770935,0.00012425561726558954,0.005270936992019415,0.00012739578960463405,3.740866668522358e-05,0.00044109008740633726,2.933695759566035e-05
vit_b_16_linear,translation_32_left,test_06354,6354,2,car,2,car,0.9967677593231201,True,0.00011371605796739459,0.0002857725485228002,0.9967677593231201,9.31660906644538e-05,8.516314119333401e-05,0.0001917528861667961,0.00022733747027814388,2.681356818357017e-05,0.00039763905806466937,0.0018108526710420847
vit_b_16_linear,translation_32_left,test_04735,4735,2,car,2,car,0.9974990487098694,True,0.0010070079006254673,0.0005292662535794079,0.9974990487098694,7.684338197577745e-05,6.453014793805778e-05,3.419947825022973e-05,0.00040803742012940347,4.850002005696297e-05,0.0001614414795767516,0.00017096431110985577
vit_b_16_linear,translation_32_left,test_05912,5912,0,airplane,0,airplane,0.999859094619751,True,0.999859094619751,8.607341442257166e-06,4.363103926152689e-06,4.998598797101295e-06,9.9026074167341e-06,2.0550776753225364e-05,1.3648418644152116e-05,3.803437039096025e-06,7.029969856375828e-05,4.653358246287098e-06
vit_b_16_linear,translation_32_left,test_03844,3844,6,horse,6,horse,0.9995613694190979,True,3.8759433664381504e-05,4.791859828401357e-05,1.9713730580406263e-05,4.433779395185411e-05,3.207587360520847e-05,0.00017222594760823995,0.9995613694190979,2.8687274607364088e-05,2.519268491596449e-05,2.969425986520946e-05
vit_b_16_linear,translation_32_left,test_01263,1263,3,cat,3,cat,0.9975910186767578,True,1.1024052582797594e-05,0.00012451513612177223,5.5231316764547955e-06,0.9975910186767578,0.002180103911086917,4.547272328636609e-05,1.0847573321370874e-05,6.6164916461275425e-06,1.8754906704998575e-05,6.195939931785688e-06
vit_b_16_linear,translation_32_left,test_03404,3404,7,monkey,7,monkey,0.9972906708717346,True,0.00012124605564167723,0.0010410798713564873,8.257514127762988e-05,0.0002780603535939008,5.467391019919887e-05,0.0008581032743677497,0.00012266228441148996,0.9972906708717346,6.93664769642055e-05,8.160961442627013e-05
vit_b_16_linear,translation_32_left,test_03905,3905,8,ship,8,ship,0.9992347955703735,True,1.928077472257428e-05,0.00013022313942201436,3.248277789680287e-05,0.00012593633437063545,5.76552702113986e-05,0.00017863315588328987,9.636425966164097e-05,6.660973303951323e-05,0.9992347955703735,5.8065474149771035e-05
vit_b_16_linear,translation_32_left,test_01596,1596,0,airplane,0,airplane,0.9715178608894348,True,0.9715178608894348,0.0013199800159782171,0.000590819341596216,0.00043961062328889966,0.00037952070124447346,0.002506320597603917,0.000561767490580678,0.0003293376066721976,0.022293686866760254,6.107333319960162e-05
vit_b_16_linear,translation_32_left,test_03083,3083,0,airplane,0,airplane,0.9926159381866455,True,0.9926159381866455,0.0005257549346424639,0.00048134400276467204,0.00021389179164543748,0.00023610927746631205,0.0035961514804512262,0.0005639370647259057,0.00013958147610537708,0.0014995222445577383,0.00012778202653862536
vit_b_16_linear,translation_32_left,test_02003,2003,6,horse,6,horse,0.9993985891342163,True,5.628391954815015e-05,2.5075431040022522e-05,3.985924195148982e-05,1.2044812137901317e-05,0.000398919073631987,4.337590507930145e-05,0.9993985891342163,4.980184257874498e-06,1.2652744771912694e-05,8.200167030736338e-06
vit_b_16_linear,translation_32_left,test_05030,5030,2,car,2,car,0.9996852874755859,True,2.0444527763174847e-05,0.00011074986832682043,0.9996852874755859,2.57592873822432e-05,3.104322968283668e-05,5.368512211134657e-05,2.7623824280453846e-05,1.2455629985197447e-05,1.9591101590776816e-05,1.3426325494947378e-05
vit_b_16_linear,translation_32_left,test_00095,95,1,bird,1,bird,0.9996294975280762,True,9.284138400289521e-07,0.9996294975280762,5.239371603238396e-06,1.13332862383686e-05,5.222958407102851e-06,6.1976156757737044e-06,4.874627848039381e-06,0.00033269316190853715,1.921847797348164e-06,1.991121507671778e-06
vit_b_16_linear,translation_32_left,test_02757,2757,4,deer,4,deer,0.9982781410217285,True,2.3783630240359344e-05,4.9228310672333464e-05,9.032914022100158e-06,3.18509410135448e-05,0.9982781410217285,9.202336514135823e-06,0.0015300143277272582,2.6276964490534738e-05,3.036025373148732e-05,1.2183246326458175e-05
vit_b_16_linear,translation_32_left,test_03413,3413,1,bird,1,bird,0.9999911785125732,True,2.8291628950682934e-07,0.9999911785125732,2.996138732669351e-07,2.463880946379504e-06,1.0612949381538783e-06,4.0034120729615097e-07,4.323843540987582e-07,2.7457128908281447e-06,4.4610970917347004e-07,5.962062914477428e-07
vit_b_16_linear,translation_32_left,test_05488,5488,1,bird,1,bird,0.3349035084247589,True,0.028651101514697075,0.3349035084247589,0.04160831496119499,0.04251533001661301,0.07090534269809723,0.1724589467048645,0.02414759248495102,0.16914516687393188,0.0545123890042305,0.0611523799598217
vit_b_16_linear,translation_32_left,test_04827,4827,6,horse,6,horse,0.9997789263725281,True,0.0001178453239845112,3.893268512911163e-06,2.28429380513262e-05,4.767076461575925e-06,2.396450327069033e-05,2.254765604448039e-05,0.9997789263725281,1.1364031706762034e-05,1.0571734492259566e-05,3.3040544167306507e-06
vit_b_16_linear,translation_32_left,test_01877,1877,5,dog,5,dog,0.9593682885169983,True,0.001569432788528502,0.004537559580057859,0.0027965293265879154,0.0031315251253545284,0.013218382373452187,0.9593682885169983,0.006831125356256962,0.001974416198208928,0.004464511293917894,0.002108166925609112
vit_b_16_linear,translation_32_left,test_02157,2157,1,bird,1,bird,0.9997573494911194,True,6.449561169574736e-06,0.9997573494911194,9.96468952507712e-06,2.0632081941585056e-05,9.795780351851135e-05,5.856084044353338e-06,8.467929546895903e-06,6.194446177687496e-05,1.8159416868002154e-05,1.3196877262089401e-05
vit_b_16_linear,translation_32_left,test_04821,4821,3,cat,3,cat,0.9987088441848755,True,4.2882751586148515e-05,0.0005561859579756856,6.508428486995399e-05,0.9987088441848755,0.00023140250414144248,0.00014870587619952857,7.974201434990391e-05,4.704038656200282e-05,8.795889880275354e-05,3.199065031367354e-05
vit_b_16_linear,translation_32_left,test_04953,4953,5,dog,5,dog,0.9182212948799133,True,0.005035022739320993,0.016327358782291412,0.002458082977682352,0.017289476469159126,0.010036465711891651,0.9182212948799133,0.009788205847144127,0.007176018785685301,0.005428832024335861,0.008239281363785267
vit_b_16_linear,translation_32_left,test_05525,5525,8,ship,8,ship,0.9990123510360718,True,0.0004992132307961583,0.0002380537916906178,1.582229378982447e-05,8.700593753019348e-05,2.8926804588991217e-05,6.012505400576629e-05,2.219268208136782e-05,2.9445225663948804e-05,0.9990123510360718,6.744570328010013e-06
vit_b_16_linear,translation_32_left,test_05381,5381,5,dog,5,dog,0.993950366973877,True,0.0010374607518315315,0.00019200120004825294,0.00069300492759794,0.0006460323347710073,0.0009647745173424482,0.993950366973877,0.0018527962965890765,0.0001378841116093099,0.00014598465349990875,0.0003796817909460515
vit_b_16_linear,translation_32_left,test_00672,672,3,cat,3,cat,0.9999526739120483,True,1.8235817833556212e-06,2.9651444037881447e-06,2.2124845600046683e-06,0.9999526739120483,1.3208206837589387e-05,8.601947456554626e-07,6.880258638375381e-07,1.580248681420926e-05,8.877055734046735e-06,8.336402856912173e-07
vit_b_16_linear,translation_32_left,test_00323,323,7,monkey,7,monkey,0.9998247027397156,True,9.767222763912287e-07,1.1698372873070184e-05,2.6091697691299487e-06,0.0001428954565199092,6.937623311387142e-06,6.170043889142107e-06,2.3167165181803284e-06,0.9998247027397156,6.302718134065799e-07,1.1114772178189014e-06
vit_b_16_linear,translation_32_left,test_05436,5436,7,monkey,7,monkey,0.9976558685302734,True,3.1728344765724614e-05,0.0007668673642911017,7.362365431617945e-05,0.0004275956016499549,0.00024411480990238488,0.0005739026819355786,4.3705345888156444e-05,0.9976558685302734,0.00011601828737184405,6.651139119639993e-05
vit_b_16_linear,translation_32_left,test_05450,5450,7,monkey,7,monkey,0.9983205199241638,True,3.594633653847268e-06,0.0014693972188979387,8.321522727783304e-06,0.00011610078945523128,1.0344960173824802e-05,3.278357326053083e-05,1.2223577869008295e-05,0.9983205199241638,1.9477341993479058e-05,7.144461960706394e-06
vit_b_16_linear,translation_32_left,test_06358,6358,5,dog,5,dog,0.9460164904594421,True,0.00169403909239918,0.0036144170444458723,0.0012471474474295974,0.005303079262375832,0.006208027247339487,0.9460164904594421,0.027882520109415054,0.0026209380012005568,0.0033720575738698244,0.0020412500016391277
vit_b_16_linear,translation_32_left,test_00372,372,3,cat,3,cat,0.9987260699272156,True,9.165947631117888e-06,0.00019830316887237132,1.3137266250851098e-05,0.9987260699272156,0.00027470188797451556,0.00025358208222314715,0.00040862406603991985,7.592542260681512e-06,5.216399586061016e-05,5.669713573297486e-05
vit_b_16_linear,translation_32_left,test_00378,378,5,dog,5,dog,0.9847242832183838,True,0.0005816337070427835,0.00300137372687459,0.0005179917789064348,0.001836816081777215,0.004295628052204847,0.9847242832183838,0.0017146621830761433,0.0019682026468217373,0.0009495719568803906,0.00040985355735756457
vit_b_16_linear,translation_32_left,test_07706,7706,5,dog,5,dog,0.7150755524635315,True,0.03267020732164383,0.01813141256570816,0.0490138903260231,0.02475268393754959,0.003912853077054024,0.7150755524635315,0.07285843044519424,0.04744679108262062,0.014107272028923035,0.022030813619494438
vit_b_16_linear,translation_32_left,test_02178,2178,1,bird,1,bird,0.9996588230133057,True,1.338172751275124e-05,0.9996588230133057,4.0244063711725175e-05,4.06290746468585e-05,7.906556129455566e-05,2.319132590855588e-06,4.883646761300042e-05,2.313423465238884e-05,4.580080712912604e-05,4.787380385096185e-05
vit_b_16_linear,translation_32_left,test_05237,5237,2,car,2,car,0.9934486746788025,True,0.0014260667376220226,0.001519742887467146,0.9934486746788025,0.0006744127022102475,0.000424572906922549,0.001124969101510942,0.0005083190626464784,0.00011364684178261086,0.0004335354024078697,0.0003260571975260973
vit_b_16_linear,translation_32_left,test_05478,5478,0,airplane,0,airplane,0.8627976775169373,True,0.8627976775169373,0.011082244105637074,0.012672540731728077,0.0026495461352169514,0.0019137775525450706,0.0416557714343071,0.0020601230207830667,0.0025880965404212475,0.004217184614390135,0.05836297199130058
vit_b_16_linear,translation_32_left,test_05452,5452,9,truck,9,truck,0.9979711174964905,True,3.195982571924105e-05,0.00032229709904640913,8.756270108278841e-05,0.00021447228209581226,7.760251901345327e-05,4.023958172183484e-05,0.00011783185618696734,5.046533988206647e-05,0.0010863842908293009,0.9979711174964905
vit_b_16_linear,translation_32_left,test_05623,5623,4,deer,4,deer,0.9941019415855408,True,0.00023711920948699117,0.0002450709289405495,0.00021485811157617718,0.003380236215889454,0.9941019415855408,0.00025093910517171025,0.0003080187598243356,0.00030175247229635715,0.0004915949539281428,0.00046847897465340793
vit_b_16_linear,translation_32_left,test_06772,6772,7,monkey,7,monkey,0.9908099174499512,True,0.00044585144496522844,0.0024646795354783535,0.000537344254553318,0.0017213515238836408,0.0008971308125182986,0.0019591543823480606,0.00044124459964223206,0.9908099174499512,0.0005218794103711843,0.00020146279712207615
vit_b_16_linear,translation_32_left,test_01111,1111,4,deer,4,deer,0.9880280494689941,True,0.00021857961837667972,0.0002951265487354249,0.00025351785006932914,0.0008086833404377103,0.9880280494689941,0.001012883149087429,0.008573504164814949,0.00023340531333815306,0.00033646763768047094,0.0002397399366600439
vit_b_16_linear,translation_32_left,test_05528,5528,3,cat,3,cat,0.9789849519729614,True,6.206738180480897e-05,0.00010749256034614518,4.1006627725437284e-05,0.9789849519729614,0.0001418541942257434,0.020456647500395775,3.468977229204029e-05,1.2181774764030706e-05,8.614573016529903e-05,7.301115692825988e-05
vit_b_16_linear,translation_32_left,test_03777,3777,6,horse,6,horse,0.9965372085571289,True,0.00018181542691309005,0.00074635079363361,0.00018194863514509052,0.00031591844162903726,0.0003908014914486557,0.0005064178258180618,0.9965372085571289,0.0006811296916566789,0.0002791541046462953,0.0001791559625416994
vit_b_16_linear,translation_32_left,test_02458,2458,5,dog,5,dog,0.9931793212890625,True,3.3205084037035704e-05,7.440469926223159e-05,0.000111880071926862,0.0015271155862137675,0.00022457135492004454,0.9931793212890625,0.004472272004932165,9.792819764697924e-05,9.037050767801702e-05,0.00018893947708420455
vit_b_16_linear,translation_32_left,test_04921,4921,2,car,2,car,0.9999556541442871,True,4.742360943055246e-06,1.9137556591886096e-05,0.9999556541442871,1.721065018500667e-06,2.2527576675202e-06,3.147590632579522e-06,1.2547217238534358e-06,6.002694590279134e-07,5.101545411889674e-06,6.425972514989553e-06
vit_b_16_linear,translation_32_left,test_03015,3015,8,ship,8,ship,0.9998764991760254,True,1.4194061805028468e-05,1.8629099940881133e-05,1.0032534191850573e-05,6.405622116290033e-06,7.038756848487537e-06,3.4551903809187934e-05,5.181849246582715e-06,3.753205191969755e-06,0.9998764991760254,2.3762171622365713e-05
vit_b_16_linear,translation_32_left,test_07476,7476,8,ship,8,ship,0.6320549249649048,True,0.3587915897369385,0.0009758413070812821,0.0013391772517934442,0.0003898264840245247,0.0002631257229950279,0.005140956956893206,0.0006909483345225453,0.0002917562669608742,0.6320549249649048,6.183596997288987e-05
vit_b_16_linear,translation_32_left,test_01520,1520,2,car,2,car,0.9998973608016968,True,9.597260032023769e-06,7.2290772550331894e-06,0.9998973608016968,5.023104677093215e-06,1.9534636521711946e-05,5.79726565774763e-06,9.738944754644763e-06,2.779376018224866e-06,1.0462371392350178e-05,3.239792204112746e-05
vit_b_16_linear,translation_32_left,test_06713,6713,6,horse,6,horse,0.9910863041877747,True,0.0005663026822730899,0.0006987748201936483,0.0004917855258099735,0.0004959870129823685,0.0002855110797099769,0.004489202052354813,0.9910863041877747,0.0006822974537499249,0.0005394051549956203,0.0006642875378020108
vit_b_16_linear,translation_32_left,test_01852,1852,1,bird,1,bird,0.9999667406082153,True,2.722378212638432e-06,0.9999667406082153,4.326099769969005e-06,1.2933682000948465e-06,7.35880257707322e-06,7.547445193267777e-07,3.646698587544961e-06,1.0020243280450813e-05,2.2008152882335708e-06,9.75906573330576e-07
vit_b_16_linear,translation_32_left,test_02268,2268,5,dog,5,dog,0.9779829978942871,True,0.001354875392280519,0.0071896836161613464,0.001732303062453866,0.002848983509466052,0.001164150657132268,0.9779829978942871,0.0022488071117550135,0.0030674547888338566,0.001714925398118794,0.00069572648499161
vit_b_16_linear,translation_32_left,test_00151,151,8,ship,8,ship,0.9964190721511841,True,0.0006793344509787858,0.0005258704186417162,0.00015028326015453786,0.0002717144670896232,8.999097190098837e-05,0.0010198100935667753,0.00031984111410565674,0.00025820627342909575,0.9964190721511841,0.00026585947489365935
vit_b_16_linear,translation_32_left,test_00890,890,6,horse,6,horse,0.9922646284103394,True,0.0001658388355281204,0.0001561377284815535,6.976447184570134e-05,0.00011322294449200854,0.006897192448377609,4.640637416741811e-05,0.9922646284103394,6.662364467047155e-05,6.540292088175192e-05,0.0001548440777696669
vit_b_16_linear,translation_32_left,test_00825,825,1,bird,1,bird,0.9976874589920044,True,7.865351653890684e-05,0.9976874589920044,0.00019302678992971778,0.00017881023813970387,8.791386790107936e-05,0.00020706755458377302,0.0004500417271628976,0.0004092593735549599,0.00039614911656826735,0.0003117126179859042
vit_b_16_linear,translation_32_left,test_02536,2536,3,cat,3,cat,0.9999206066131592,True,1.4972703866078518e-05,2.113655318680685e-05,8.291342965094373e-06,0.9999206066131592,1.1607441592786927e-05,2.9831760457454948e-06,4.23271239924361e-06,3.83054339181399e-06,6.978463261475554e-06,5.3105654842511285e-06
vit_b_16_linear,translation_32_left,test_00470,470,2,car,2,car,0.9980586171150208,True,4.559776425594464e-05,0.0006821682909503579,0.9980586171150208,0.0001250423665624112,8.262832125183195e-05,0.0005056228837929666,0.0002596649283077568,7.530163566116244e-05,7.975038170116022e-05,8.57154227560386e-05
vit_b_16_linear,translation_32_left,test_05256,5256,1,bird,1,bird,0.9997500777244568,True,2.156313030354795e-06,0.9997500777244568,3.2054402254289016e-05,0.00011180780711583793,4.461072603589855e-05,3.396814463485498e-06,2.715567097766325e-05,1.3844360182702076e-05,5.32479134562891e-06,9.542869520373642e-06
vit_b_16_linear,translation_32_left,test_02011,2011,9,truck,9,truck,0.9932621121406555,True,0.00011915518552996218,0.0009957141010090709,0.0004248015466146171,0.000568013230804354,0.0004528593854047358,0.0006570576224476099,0.0002963531587738544,0.0003980898763984442,0.0028258482925593853,0.9932621121406555
vit_b_16_linear,translation_32_left,test_07150,7150,0,airplane,0,airplane,0.9992393255233765,True,0.9992393255233765,0.00020805009989999235,2.901422521972563e-05,2.1777537767775357e-05,3.6395878851180896e-05,0.00024955562548711896,8.336639439221472e-05,6.291505269473419e-05,5.02966322528664e-05,1.9217675799154676e-05
vit_b_16_linear,translation_32_left,test_00449,449,6,horse,6,horse,0.9989650249481201,True,0.00013139752263668925,0.00010410341201350093,8.251751569332555e-05,0.0001159326930064708,6.881557055748999e-05,0.00014616698899772018,0.9989650249481201,0.00012993445852771401,0.00010287723125657067,0.00015329246525652707
vit_b_16_linear,translation_32_left,test_02704,2704,4,deer,4,deer,0.9995160102844238,True,3.297647708677687e-05,3.912208558176644e-05,1.3945099453849252e-05,5.659454836859368e-05,0.9995160102844238,7.97720713308081e-05,0.0002006328577408567,4.187961167190224e-06,2.7253310690866783e-05,2.9381117201410234e-05
vit_b_16_linear,translation_32_left,test_03437,3437,0,airplane,0,airplane,0.985340416431427,True,0.985340416431427,0.0003416560357436538,0.0014571186620742083,0.0006626229733228683,0.00236534234136343,0.0028645587153732777,0.002442307537421584,0.00022158256615512073,0.0015086961211636662,0.002795804524794221
vit_b_16_linear,translation_32_left,test_03375,3375,3,cat,3,cat,0.9910963773727417,True,0.00041420827619731426,0.0019334518583491445,0.0003694950428325683,0.9910963773727417,0.0004957941710017622,0.0035118921659886837,0.00058037752751261,0.0008433461771346629,0.00031462867627851665,0.0004404928768053651
vit_b_16_linear,translation_32_left,test_04552,4552,8,ship,8,ship,0.9935702085494995,True,0.00021559929882641882,1.1530984920682386e-05,0.00012575664732139558,7.899353477114346e-06,1.424884976586327e-05,2.9747381631750613e-05,9.221524123859126e-06,1.9556150618882384e-06,0.9935702085494995,0.006013794802129269
vit_b_16_linear,translation_32_left,test_00920,920,6,horse,6,horse,0.9527412056922913,True,0.00013316275726538152,0.00023012720339465886,5.543595761992037e-05,0.00012866158795077354,0.0459836944937706,0.00038228894118219614,0.9527412056922913,0.00014746411761734635,0.00015759751840960234,4.036495374748483e-05
vit_b_16_linear,translation_32_left,test_02242,2242,0,airplane,0,airplane,0.9997496008872986,True,0.9997496008872986,1.0406040019006468e-05,1.7650110748945735e-05,6.685600055789109e-06,2.184906588809099e-05,0.00013664706784766167,2.384466461080592e-05,8.173966307367664e-06,1.7090131223085336e-05,8.093535143416375e-06
vit_b_16_linear,translation_32_left,test_02745,2745,8,ship,8,ship,0.9997212290763855,True,2.5382518288097344e-05,6.286279676714912e-05,2.283040521433577e-05,1.4459103113040328e-05,1.0456798008817714e-05,4.6211713197408244e-05,3.641912553575821e-05,1.7966009181691334e-05,0.9997212290763855,4.21924123656936e-05
vit_b_16_linear,translation_32_left,test_01032,1032,7,monkey,7,monkey,0.9937738180160522,True,0.00023397411860059947,0.0007909537525847554,0.0003022769233211875,0.0011494467034935951,0.0006555517320521176,0.0018193298019468784,0.0005736418534070253,0.9937738180160522,0.00038829693221487105,0.0003126205410808325
vit_b_16_linear,translation_32_left,test_00365,365,3,cat,3,cat,0.9969717264175415,True,4.856502710026689e-05,0.0010096619371324778,5.8902551245409995e-05,0.9969717264175415,9.977334411814809e-05,0.0007904205122031271,0.0004483889206312597,0.0003966397780459374,0.00011011710739694536,6.563081842614338e-05
vit_b_16_linear,translation_32_left,test_04850,4850,5,dog,5,dog,0.9998862743377686,True,3.865873622999061e-06,8.579179848311469e-06,8.756961506151129e-06,8.171708032023162e-06,3.4554152080090716e-05,0.9998862743377686,1.9765477190958336e-05,3.085604475927539e-06,1.1428901416365989e-05,1.550649722048547e-05
vit_b_16_linear,translation_32_left,test_04819,4819,0,airplane,0,airplane,0.9999465942382812,True,0.9999465942382812,2.0065842818439705e-06,3.435495500525576e-06,1.676757278801233e-06,1.1313029517623363e-06,4.685950898419833e-06,6.054836376279127e-06,2.2404883566196077e-06,2.758906020972063e-06,2.945416053989902e-05
vit_b_16_linear,translation_32_left,test_07338,7338,6,horse,6,horse,0.9990211725234985,True,0.00011332878784742206,2.971940602947143e-06,6.5558087953832e-05,1.0411020411993377e-05,0.0007255494710989296,2.18873919948237e-05,0.9990211725234985,9.819389561016578e-06,5.405041065387195e-06,2.3915827114251442e-05
vit_b_16_linear,translation_32_left,test_07372,7372,0,airplane,0,airplane,0.9959190487861633,True,0.9959190487861633,0.0013901271158829331,0.00021017434482928365,0.00019882309425156564,0.0002077223762171343,0.0010843091877177358,0.00045751515426672995,0.00015864172019064426,0.00020786505774594843,0.0001657032989896834
vit_b_16_linear,translation_32_left,test_01090,1090,1,bird,1,bird,0.9981993436813354,True,6.264575495151803e-05,0.9981993436813354,0.0001067699195118621,0.0003267611318733543,0.0002595908590592444,0.0001592807238921523,0.00035278371069580317,0.00024329718144144863,0.0001357417495455593,0.00015366658044513315
vit_b_16_linear,translation_32_left,test_05062,5062,4,deer,4,deer,0.9907696843147278,True,4.937968697049655e-05,0.00020449244766496122,4.7786958020878956e-05,6.507652869913727e-05,0.9907696843147278,2.2203616026672535e-05,0.00847756490111351,3.783029387705028e-05,0.00020968931494280696,0.00011649283987935632
vit_b_16_linear,translation_32_left,test_00981,981,2,car,2,car,0.9997500777244568,True,1.7716107322485186e-05,7.677786197746173e-05,0.9997500777244568,9.38491848501144e-06,1.6410884200013243e-05,4.3470437958603725e-05,3.401792491786182e-05,1.0269168342347257e-05,1.906144643726293e-05,2.275728365930263e-05
vit_b_16_linear,translation_32_left,test_05857,5857,6,horse,4,deer,0.9463276863098145,False,0.0006934373523108661,0.0007175331702455878,0.0010673262877389789,0.0004924882669001818,0.9463276863098145,0.001669759163632989,0.047929901629686356,0.0004948033019900322,0.0002563504967838526,0.00035081504029221833
vit_b_16_linear,translation_32_left,test_01986,1986,1,bird,1,bird,0.9933431148529053,True,0.0006954013369977474,0.9933431148529053,0.00030718863126821816,0.0017858583014458418,0.0005338566261343658,0.0006978863966651261,0.0002349645656067878,0.001244724029675126,0.0008161796140484512,0.00034094738657586277
vit_b_16_linear,translation_32_left,test_05560,5560,1,bird,1,bird,0.8239100575447083,True,0.006810888182371855,0.8239100575447083,0.016592465341091156,0.010075789876282215,0.015904797241091728,0.05784538760781288,0.03320833295583725,0.01235908642411232,0.014315634965896606,0.00897746067494154
vit_b_16_linear,translation_32_left,test_01814,1814,2,car,2,car,0.9913665652275085,True,0.0034407218918204308,0.0007751804660074413,0.9913665652275085,0.0007013598806224763,0.00012532919936347753,0.000701035198289901,0.0009249593131244183,0.00011928127059945837,0.001453004777431488,0.00039249411202035844
vit_b_16_linear,translation_32_left,test_00194,194,8,ship,8,ship,0.9999338388442993,True,3.501900437186123e-06,1.0115261829923838e-05,8.151501788233873e-06,5.020935986976838e-06,3.827771251962986e-06,1.5849791452637874e-05,8.31817578728078e-06,3.613121407397557e-06,0.9999338388442993,7.73166902945377e-06
vit_b_16_linear,translation_32_left,test_01993,1993,1,bird,1,bird,0.9999943971633911,True,3.094448004503647e-07,0.9999943971633911,6.654622666246723e-07,8.473698471789248e-07,4.6408044340751076e-07,8.025012476764459e-08,7.056083859424689e-07,1.6646404219500255e-06,1.0567045904963379e-07,6.334402087304625e-07
vit_b_16_linear,translation_32_left,test_05333,5333,2,car,2,car,0.9993508458137512,True,6.981637125136331e-05,2.5589684810256585e-05,0.9993508458137512,2.625740489747841e-05,3.203286541975103e-05,1.5742283721920103e-05,3.7561381759587675e-05,5.075348781247158e-06,7.489974814234301e-05,0.0003621961805038154
vit_b_16_linear,translation_32_left,test_04311,4311,8,ship,8,ship,0.9989758729934692,True,0.00012065460032317787,9.825328015722334e-05,7.610903412569314e-05,4.58850699942559e-05,4.8352201702073216e-05,0.00033710754360072315,8.211811655201018e-05,6.609958654735237e-05,0.9989758729934692,0.00014956040831748396
vit_b_16_linear,translation_32_left,test_07425,7425,2,car,2,car,0.9999505281448364,True,2.621253315737704e-06,7.726056537649129e-06,0.9999505281448364,1.251428898285667e-06,1.5380747981907916e-06,3.3925095976883313e-06,2.9921880923211575e-05,3.41745618470668e-07,2.5725155410327716e-06,1.0860679822144448e-07
vit_b_16_linear,translation_32_left,test_03889,3889,5,dog,5,dog,0.7508730888366699,True,0.012031178921461105,0.014318402856588364,0.008463856764137745,0.04761718213558197,0.01962858997285366,0.7508730888366699,0.12333134561777115,0.004736361093819141,0.003200579434633255,0.01579931750893593
vit_b_16_linear,translation_32_left,test_04308,4308,7,monkey,7,monkey,0.9999592304229736,True,1.52553650423215e-06,1.8066100892610848e-05,1.5723554724900168e-06,3.2728974019846646e-06,3.871483386319596e-06,3.2142897907760926e-06,3.468767090453184e-06,0.9999592304229736,3.028560968232341e-06,2.7833148124045692e-06
vit_b_16_linear,translation_32_left,test_01960,1960,4,deer,5,dog,0.7648258209228516,False,0.00024557538563385606,0.00016241995035670698,0.00014419750368688256,0.00019393939874134958,0.22494696080684662,0.7648258209228516,0.008988234214484692,9.091092215385288e-05,0.0003231781010981649,7.874965376686305e-05
vit_b_16_linear,translation_32_left,test_04399,4399,0,airplane,0,airplane,0.9917150139808655,True,0.9917150139808655,0.0010168746812269092,0.00012993125710636377,0.00044776275171898305,0.0006470876978710294,0.0010351685341447592,0.00032220303546637297,0.004001613240689039,8.194708789233118e-05,0.0006025703041814268
vit_b_16_linear,translation_32_left,test_03191,3191,6,horse,6,horse,0.9983084201812744,True,0.00015433151565957814,0.00013069035776425153,0.00014721151092089713,0.00019615094061009586,0.00010839727474376559,0.0004726290935650468,0.9983084201812744,0.00015000109851825982,0.0002604934561531991,7.17324364813976e-05
vit_b_16_linear,translation_32_left,test_01626,1626,5,dog,5,dog,0.9882163405418396,True,0.00014086109877098352,0.00017800822388380766,0.00044007383985444903,0.003555107628926635,0.0049900817684829235,0.9882163405418396,0.0014436920173466206,0.0003584694641176611,0.0004935081233270466,0.0001838962925830856
vit_b_16_linear,translation_32_left,test_00176,176,3,cat,3,cat,0.9989898800849915,True,0.0003186664544045925,0.00023034520563669503,6.24287931714207e-05,0.9989898800849915,0.0001251059293281287,6.025957554811612e-05,0.00010282838775310665,1.0532849955779966e-05,4.5572891394840553e-05,5.438166408566758e-05
vit_b_16_linear,translation_32_left,test_07726,7726,6,horse,6,horse,0.9993675351142883,True,3.821758218691684e-05,1.377471380692441e-05,1.5230142707878258e-05,3.7216672353679314e-05,0.00041290049557574093,5.1322480430826545e-05,0.9993675351142883,5.51857847312931e-05,3.1234981179295573e-06,5.654118012898834e-06
vit_b_16_linear,translation_32_left,test_02334,2334,5,dog,5,dog,0.9825053215026855,True,0.0008427661377936602,0.0034338142722845078,0.0007138687651604414,0.0016475062584504485,0.0048018889501690865,0.9825053215026855,0.0006046666530892253,0.0033958260901272297,0.0015159428585320711,0.0005384708638302982
vit_b_16_linear,translation_32_left,test_01648,1648,0,airplane,0,airplane,0.9979928731918335,True,0.9979928731918335,0.00024452724028378725,0.00011435333726694807,9.304879495175555e-05,0.0001134371486841701,0.0006370032788254321,0.0002481677511241287,0.00017462046525906771,0.00024940434377640486,0.00013279117411002517
vit_b_16_linear,translation_32_left,test_06084,6084,7,monkey,7,monkey,0.9982268214225769,True,3.4552678698673844e-05,0.00020458873768802732,3.4728891478152946e-05,0.00028201035456731915,7.755136903142557e-05,0.0008989693014882505,0.00013279292033985257,0.9982268214225769,4.896517566521652e-05,5.913778659305535e-05
vit_b_16_linear,translation_32_left,test_03455,3455,0,airplane,0,airplane,0.9976569414138794,True,0.9976569414138794,0.00021816612570546567,0.00022628599253948778,0.00031086921808309853,0.0001267087645828724,0.0006886961054988205,0.00013985765690449625,0.00024179714091587812,0.00013902784849051386,0.00025160721270367503
vit_b_16_linear,translation_32_left,test_01468,1468,9,truck,9,truck,0.9977866411209106,True,0.00022422253096010536,0.0006558381719514728,9.387193858856335e-05,0.00012985942885279655,0.00010256085079163313,4.9888159992406145e-05,0.0001071324513759464,0.00016091536963358521,0.000689097389113158,0.9977866411209106
vit_b_16_linear,translation_32_left,test_01296,1296,7,monkey,7,monkey,0.999657392501831,True,2.9734562758676475e-06,0.0001232237264048308,5.731913461204385e-06,3.431426011957228e-05,1.8966027710121125e-05,0.00014386308612301946,4.6328536882356275e-06,0.999657392501831,4.599115982273361e-06,4.334216100687627e-06
vit_b_16_linear,translation_32_left,test_05213,5213,4,deer,4,deer,0.9990246295928955,True,8.62751403474249e-06,8.24997368908953e-06,5.812985364173073e-06,1.9430428437772207e-05,0.9990246295928955,6.554128049174324e-06,0.0009086021455004811,5.750178843300091e-06,5.336029971658718e-06,7.034303052932955e-06
vit_b_16_linear,translation_32_left,test_07047,7047,9,truck,9,truck,0.9985033273696899,True,3.161719723721035e-05,0.00017831931472755969,8.573693048674613e-05,0.0001228164619533345,6.371561903506517e-05,0.000719793199095875,8.029222226468846e-05,4.7274977987399325e-05,0.00016709826013538986,0.9985033273696899
vit_b_16_linear,translation_32_left,test_05360,5360,9,truck,9,truck,0.9985389709472656,True,0.00033878922113217413,0.00021060068684164435,7.04701742506586e-05,3.675055268104188e-05,9.147103992290795e-05,0.00016527636034879833,2.136789044016041e-05,7.621030817972496e-05,0.00045007135486230254,0.9985389709472656
vit_b_16_linear,translation_32_left,test_05824,5824,2,car,2,car,0.9951993823051453,True,0.0005837653297930956,0.0008747924584895372,0.9951993823051453,0.00037289573810994625,0.0003940683091059327,0.0004315877740737051,0.00023502409749198705,0.00041010629502125084,0.00043949400424025953,0.001058833091519773
vit_b_16_linear,translation_32_left,test_07460,7460,8,ship,8,ship,0.9006112217903137,True,0.0032596285454928875,0.0005185888148844242,0.013592708855867386,0.000187169891432859,0.0008648023358546197,0.0003850969660561532,0.00039870708133094013,0.0001284972531720996,0.9006112217903137,0.08005358278751373
vit_b_16_linear,translation_32_left,test_04791,4791,7,monkey,7,monkey,0.9983795881271362,True,4.9113914428744465e-05,0.000844088033773005,2.563519956311211e-05,0.00019257156236562878,5.2590832638088614e-05,0.0002577546110842377,7.775943231536075e-05,0.9983795881271362,3.3443404390709475e-05,8.745021477807313e-05
vit_b_16_linear,translation_32_left,test_06692,6692,2,car,2,car,0.9998106360435486,True,2.950736779894214e-05,1.4756462405784987e-05,0.9998106360435486,1.0384765118942596e-05,8.502287528244779e-06,1.682669790170621e-05,4.430180342751555e-05,3.2094783364300383e-06,3.453566023381427e-05,2.7461142963147722e-05
vit_b_16_linear,translation_32_left,test_06931,6931,9,truck,9,truck,0.9859707951545715,True,0.006009967532008886,0.0001687341573415324,0.0020233034156262875,7.74969594203867e-05,0.0002755803579930216,0.00024584998027421534,0.0006119273602962494,0.00014635878324043006,0.004470034036785364,0.9859707951545715
vit_b_16_linear,translation_32_left,test_00667,667,8,ship,8,ship,0.998022198677063,True,0.00018921782611869276,0.0008829666185192764,0.00018588514649309218,4.114549301448278e-05,0.00011154730600537732,0.00015269963478203863,7.310394721571356e-05,0.00010851542901946232,0.998022198677063,0.0002326846297364682
vit_b_16_linear,translation_32_left,test_07781,7781,6,horse,6,horse,0.9974174499511719,True,1.0338184438296594e-05,0.0009321921970695257,3.212269803043455e-05,0.00010644664143910632,0.0008180654840543866,2.131653127435129e-05,0.9974174499511719,0.0006290713208727539,2.8506694434327073e-05,4.345514753367752e-06
vit_b_16_linear,translation_32_left,test_07793,7793,3,cat,3,cat,0.6614049077033997,True,0.0015586887020617723,0.001419801265001297,0.0010647823801264167,0.6614049077033997,0.0049158912152051926,0.2697671055793762,0.006094509735703468,0.052634235471487045,0.0009424752788618207,0.0001976839848794043
vit_b_16_linear,translation_32_left,test_01411,1411,9,truck,9,truck,0.9973828196525574,True,0.00033788179280236363,0.0007603043923154473,0.00017617337289266288,0.00029237844864837825,8.020502718864009e-05,0.000375767529476434,0.00018950838421005756,0.00017036711506079882,0.00023454874462913722,0.9973828196525574
vit_b_16_linear,translation_32_left,test_01473,1473,7,monkey,7,monkey,0.9949496984481812,True,3.3461892599007115e-05,0.003079028334468603,6.528082303702831e-05,0.0007638556999154389,0.00016626047727186233,0.0006430913927033544,8.631841046735644e-05,0.9949496984481812,0.0001224549050675705,9.057650458998978e-05
vit_b_16_linear,translation_32_left,test_07130,7130,5,dog,5,dog,0.982081949710846,True,0.00101709074806422,0.0006982919876463711,0.001313611282967031,0.0020214009564369917,0.0011190582299605012,0.982081949710846,0.0010257774265483022,0.0034487503580749035,0.004291895776987076,0.0029822117649018764
vit_b_16_linear,translation_32_left,test_01956,1956,7,monkey,7,monkey,0.8025021553039551,True,0.0006868502241559327,0.002713082591071725,0.0005441859248094261,0.06977353245019913,0.011807890608906746,0.10894553363323212,0.001753777964040637,0.8025021553039551,0.000871546973939985,0.0004014870501123369
vit_b_16_linear,translation_32_left,test_06716,6716,5,dog,6,horse,0.20125572383403778,False,0.026792580261826515,0.09113812446594238,0.10418152809143066,0.11770837008953094,0.06197869032621384,0.10923701524734497,0.20125572383403778,0.11112583428621292,0.13265499472618103,0.043927151709795
vit_b_16_linear,translation_32_left,test_04106,4106,5,dog,5,dog,0.8798340559005737,True,0.0058747888542711735,0.02393988147377968,0.003259132383391261,0.04229194298386574,0.01631185971200466,0.8798340559005737,0.02172951214015484,0.0013464681105688214,0.0030886447057127953,0.0023236912675201893
vit_b_16_linear,translation_32_left,test_03494,3494,6,horse,6,horse,0.9998489618301392,True,2.4405333533650264e-05,3.098666275036521e-05,1.962288297363557e-05,1.2358058484096546e-05,2.1138939700904302e-06,1.406431692885235e-05,0.9998489618301392,3.451209340710193e-05,7.91150341683533e-06,4.951222763338592e-06
vit_b_16_linear,translation_32_left,test_00691,691,4,deer,4,deer,0.9997157454490662,True,7.97053780843271e-06,8.238338523369748e-06,3.775237473746529e-06,3.3521522709634155e-05,0.9997157454490662,2.99499811262649e-06,0.00020526080334093422,2.5465119506407063e-06,3.476764049992198e-06,1.654486550251022e-05
vit_b_16_linear,translation_32_left,test_05220,5220,1,bird,3,cat,0.3816569447517395,False,0.04067503660917282,0.22847451269626617,0.024603936821222305,0.3816569447517395,0.06955504417419434,0.17035087943077087,0.029791615903377533,0.016930852085351944,0.02785678766667843,0.010104470886290073
vit_b_16_linear,translation_32_left,test_04908,4908,3,cat,3,cat,0.9998289346694946,True,1.1453231309133116e-05,1.7313912394456565e-05,8.374354365514591e-06,0.9998289346694946,1.774479642335791e-05,7.252720388351008e-05,6.785290679545142e-06,1.6408124793088064e-05,1.2141324077674653e-05,8.093489668681286e-06
vit_b_16_linear,translation_32_left,test_07029,7029,1,bird,1,bird,0.9910428524017334,True,0.0002170490479329601,0.9910428524017334,0.0005327702383510768,0.0006362414569593966,0.0005566163454204798,0.003115036292001605,0.00041178971878252923,0.0022290425840765238,0.0008760872879065573,0.0003823688311967999
vit_b_16_linear,translation_32_left,test_04130,4130,0,airplane,0,airplane,0.9998237490653992,True,0.9998237490653992,3.935173936042702e-06,1.090023488359293e-05,3.349941471242346e-05,9.607001629774459e-06,3.038575050595682e-05,4.701912621385418e-05,3.843957074423088e-06,1.15904995254823e-05,2.5648005248513073e-05
vit_b_16_linear,translation_32_left,test_07938,7938,9,truck,9,truck,0.9989104270935059,True,3.075808490393683e-05,0.0002532429061830044,0.0001406485098414123,5.855374183738604e-05,9.525861241854727e-05,0.0002798007626552135,2.6112240448128432e-05,9.36172655201517e-05,0.00011153260857099667,0.9989104270935059
vit_b_16_linear,translation_32_left,test_05101,5101,5,dog,5,dog,0.6747961044311523,True,0.027159811928868294,0.03763636574149132,0.1475033313035965,0.038235925137996674,0.020419027656316757,0.6747961044311523,0.011485731229186058,0.027269549667835236,0.010687286965548992,0.004806924611330032
vit_b_16_linear,translation_32_left,test_01515,1515,9,truck,9,truck,0.9986844658851624,True,3.856886542052962e-05,0.00016571888409089297,0.00022455638099927455,8.343317313119769e-05,0.00011275758151896298,0.00046217336785048246,9.612601570552215e-05,4.157854709774256e-05,9.060429874807596e-05,0.9986844658851624
vit_b_16_linear,translation_32_left,test_03287,3287,4,deer,4,deer,0.9979758858680725,True,4.119250297662802e-05,3.211234070477076e-05,1.688839984126389e-05,0.00022851866378914565,0.9979758858680725,3.030518928426318e-05,0.001577473827637732,1.2129111382819247e-05,4.57240930700209e-05,3.970555553678423e-05
vit_b_16_linear,translation_32_left,test_00716,716,8,ship,8,ship,0.988038182258606,True,0.0012218778720125556,0.0023570882622152567,0.0004957941710017622,0.001153148477897048,0.00037452802644111216,0.0022859990131109953,0.0009443601011298597,0.001428513671271503,0.988038182258606,0.0017005333211272955
vit_b_16_linear,translation_32_left,test_04236,4236,7,monkey,7,monkey,0.9982506632804871,True,4.1333325498271734e-05,0.0003072477411478758,3.6152479879092425e-05,0.0004260246059857309,0.00018610083498060703,0.0005326056852936745,8.456608338747174e-05,0.9982506632804871,6.958910671528429e-05,6.563872739207e-05
vit_b_16_linear,translation_32_left,test_05408,5408,6,horse,6,horse,0.9834264516830444,True,0.00047550018643960357,0.0006548043456859887,0.00032287341309711337,0.00016186118591576815,0.01209366973489523,0.0012074088444933295,0.9834264516830444,0.00015570255345664918,0.0011824069079011679,0.0003193538577761501
vit_b_16_linear,translation_32_left,test_05496,5496,5,dog,5,dog,0.9909732937812805,True,2.853463593055494e-05,4.3543790525291115e-05,0.0002285333612235263,0.006885297130793333,9.319787204731256e-05,0.9909732937812805,0.00017365635721944273,0.0009691849118098617,0.00040717367664910853,0.00019751883519347757
vit_b_16_linear,translation_32_left,test_03365,3365,4,deer,4,deer,0.9639194011688232,True,0.0023897504433989525,0.0034027674701064825,0.002240727422758937,0.0029670975636690855,0.9639194011688232,0.009037799201905727,0.008255166001617908,0.0029399811755865812,0.002756858244538307,0.0020905763376504183
vit_b_16_linear,translation_32_left,test_04323,4323,3,cat,3,cat,0.9962539672851562,True,7.4098446930293e-05,0.0005274428986012936,9.957855218090117e-05,0.9962539672851562,0.0005011734319850802,0.002033342607319355,0.00047009685658849776,7.3216560849687085e-06,2.346552355447784e-05,9.32581679080613e-06
vit_b_16_linear,translation_32_left,test_05467,5467,4,deer,4,deer,0.9025143980979919,True,4.094553514732979e-05,0.0001986276765819639,7.895349699538201e-05,4.141013778280467e-05,0.9025143980979919,6.963130726944655e-05,0.09689387679100037,8.415953197982162e-05,3.341332194395363e-05,4.458813782548532e-05
vit_b_16_linear,translation_32_left,test_01644,1644,5,dog,5,dog,0.986588180065155,True,0.0006248062709346414,0.000822638685349375,0.0009746932773850858,0.003711082274094224,0.0004193935019429773,0.986588180065155,0.002337477635592222,0.0014096806989982724,0.0019128966378048062,0.001199030433781445
vit_b_16_linear,translation_32_left,test_03948,3948,8,ship,8,ship,0.9983617663383484,True,0.00011149601778015494,0.00038739267620258033,7.615704816998914e-05,0.0001373609120491892,7.933578308438882e-05,0.00032301415922120214,0.00028295532683841884,9.037148265633732e-05,0.9983617663383484,0.0001502219820395112
vit_b_16_linear,translation_32_left,test_06726,6726,7,monkey,7,monkey,0.9975326061248779,True,6.956623838050291e-05,0.0012540416792035103,7.322239252971485e-05,0.0002957195392809808,0.00023526146833319217,0.0004202529089525342,5.488058741320856e-05,0.9975326061248779,3.905011180904694e-05,2.545485222071875e-05
vit_b_16_linear,translation_32_left,test_05395,5395,2,car,2,car,0.9999475479125977,True,8.118424375425093e-06,6.699479399685515e-06,0.9999475479125977,2.368944933550665e-06,2.902774212998338e-06,3.6176668345433427e-06,2.0574134396156296e-06,5.201638941798592e-07,1.1310392437735572e-05,1.4987907889008056e-05
vit_b_16_linear,translation_32_left,test_01579,1579,7,monkey,7,monkey,0.9947206974029541,True,0.00014424168330151588,0.0004484491655603051,0.0002444289275445044,0.00016346237680409104,0.0002493749198038131,0.0033548346254974604,0.0003579827898647636,0.9947206974029541,0.0001865718513727188,0.00012999870523344725
vit_b_16_linear,translation_32_left,test_05918,5918,0,airplane,0,airplane,0.9999396800994873,True,0.9999396800994873,6.687878794764401e-06,2.132484041794669e-06,6.192365162860369e-06,1.513685674581211e-06,2.0596324247890152e-05,3.251752104915795e-06,4.371368959255051e-06,1.1225367416045628e-05,4.341865860624239e-06
vit_b_16_linear,translation_32_left,test_07041,7041,5,dog,5,dog,0.9689095616340637,True,0.0017198686255142093,0.008190387859940529,0.006096112076193094,0.002045451197773218,0.0009175966260954738,0.9689095616340637,0.004646340850740671,0.0011874967021867633,0.004685389343649149,0.001601843861863017
vit_b_16_linear,translation_32_left,test_00506,506,4,deer,4,deer,0.9607819318771362,True,0.000666191685013473,0.004672656301409006,0.0005452725454233587,0.0202970951795578,0.9607819318771362,0.0012335171923041344,0.0007943844539113343,0.01033144723623991,0.00020784437947440892,0.00046954784193076193
vit_b_16_linear,translation_32_left,test_04011,4011,6,horse,6,horse,0.999717652797699,True,3.079013549722731e-05,2.912548779931967e-06,4.470020212465897e-05,4.105938387510832e-06,3.49699730577413e-05,0.000155156638356857,0.999717652797699,1.1961127484028111e-06,2.2015219656168483e-06,6.309490800049389e-06
vit_b_16_linear,translation_32_left,test_05981,5981,9,truck,9,truck,0.9971426129341125,True,8.79411800269736e-06,0.0010479753836989403,0.00010320892033632845,0.00022495137818623334,0.00023568903270643204,0.0003631623985711485,0.00016139518993441015,0.00013480136112775654,0.0005773914163000882,0.9971426129341125
vit_b_16_linear,translation_32_left,test_00409,409,2,car,2,car,0.9995157718658447,True,2.960965684906114e-05,0.0002966031897813082,0.9995157718658447,1.4843231838312931e-05,1.1901624930032995e-05,7.035710586933419e-05,2.6401659852126613e-05,4.754509063786827e-06,1.5320689271902665e-05,1.430852080375189e-05
vit_b_16_linear,translation_32_left,test_06954,6954,1,bird,1,bird,0.9920499920845032,True,0.00034322059946134686,0.9920499920845032,0.00026309789973311126,0.0011418723734095693,0.0033865440636873245,0.00041245101601816714,0.0004317530256230384,0.0008851793245412409,0.0006845966563560069,0.0004012774443253875
vit_b_16_linear,translation_32_left,test_07555,7555,6,horse,6,horse,0.9984264373779297,True,0.00040858035208657384,0.0001860995398601517,9.452117228647694e-05,7.574613118777052e-05,6.832163489889354e-05,0.0005188775830902159,0.9984264373779297,4.926230394630693e-05,0.00012558999878820032,4.648479080060497e-05
vit_b_16_linear,translation_32_left,test_03965,3965,0,airplane,0,airplane,0.999042809009552,True,0.999042809009552,0.0002764523378573358,4.005986556876451e-05,7.128453580662608e-05,3.944729542126879e-05,0.00019863694615196437,6.429460336221382e-05,0.00010692211071727797,0.00012204648373881355,3.801921411650255e-05
vit_b_16_linear,translation_32_left,test_07266,7266,9,truck,9,truck,0.9702746272087097,True,0.006955877877771854,0.001440237509086728,0.010426272638142109,0.0002233552950201556,0.0020078448578715324,0.001142472610808909,0.003743502078577876,0.000267991068540141,0.0035179005935788155,0.9702746272087097
vit_b_16_linear,translation_32_left,test_04785,4785,0,airplane,0,airplane,0.9906365275382996,True,0.9906365275382996,0.0017852181335911155,0.0001761989842634648,0.0008719225879758596,0.0007253607618622482,0.0025249028112739325,0.000598674698267132,0.0014222509926185012,0.000955002149567008,0.00030398613307625055
vit_b_16_linear,translation_32_left,test_06028,6028,2,car,2,car,0.9996218681335449,True,1.7919870515470393e-05,2.2999565771897323e-05,0.9996218681335449,5.739696007367456e-06,1.5898065612418577e-05,5.127552867634222e-06,3.070156890316866e-05,2.6526281544647645e-06,0.00010634648060658947,0.00017083475540857762
vit_b_16_linear,translation_32_left,test_06503,6503,2,car,2,car,0.9990633130073547,True,0.00013460734044201672,0.00014076947991270572,0.9990633130073547,6.541658513015136e-05,6.573816062882543e-05,0.00020938238594681025,0.00014316475426312536,3.8097743527032435e-05,3.6866869777441025e-05,0.00010266955359838903
vit_b_16_linear,translation_32_left,test_06414,6414,5,dog,5,dog,0.9258614778518677,True,0.00349643942900002,0.022005848586559296,0.005161413457244635,0.012220333330333233,0.003962326794862747,0.9258614778518677,0.0014815751928836107,0.018028078600764275,0.0036283142399042845,0.004154140595346689
vit_b_16_linear,translation_32_left,test_05382,5382,6,horse,6,horse,0.996990442276001,True,0.0002573878737166524,0.0006312507321126759,0.00024171420955099165,7.872113928897306e-05,0.00016630988102406263,0.0010941597865894437,0.996990442276001,0.00023953076743055135,0.0002438919764244929,5.6584518461022526e-05
vit_b_16_linear,translation_32_left,test_06836,6836,1,bird,1,bird,0.974270224571228,True,0.0018123573390766978,0.974270224571228,0.002046518959105015,0.001129464595578611,0.0034795620013028383,0.005674110725522041,0.0020991568453609943,0.004832365550100803,0.0030880144331604242,0.0015682021621614695
vit_b_16_linear,translation_32_left,test_06508,6508,4,deer,4,deer,0.9982581734657288,True,1.233539660461247e-05,8.346578397322446e-06,3.281954377598595e-06,3.401967842364684e-05,0.9982581734657288,3.63838512384973e-06,0.0016084065428003669,3.5430796287982957e-06,5.7667235523695126e-05,1.0429393114463892e-05
vit_b_16_linear,translation_32_left,test_03994,3994,4,deer,4,deer,0.998960018157959,True,2.1851577912457287e-05,1.926409822772257e-05,2.3037313439999707e-05,0.00037780345883220434,0.998960018157959,1.0794879926834255e-05,0.0005669238162226975,5.619569947157288e-06,4.174039077042835e-06,1.0497046787349973e-05
vit_b_16_linear,translation_32_left,test_03942,3942,9,truck,9,truck,0.9882124066352844,True,0.0010059747146442533,0.0023651320952922106,0.0029752443078905344,0.0004394434217829257,0.000535459432285279,0.0028033722192049026,0.0002574239333625883,0.00020099403627682477,0.00120449997484684,0.9882124066352844
vit_b_16_linear,translation_32_left,test_03542,3542,7,monkey,7,monkey,0.9968665242195129,True,3.35005643137265e-05,0.0017271803226321936,5.058738315710798e-05,0.0001249339838977903,7.50076214899309e-05,0.0009652377921156585,8.633661491330713e-05,0.9968665242195129,3.920439485227689e-05,3.1443087209481746e-05
vit_b_16_linear,translation_32_left,test_06952,6952,3,cat,3,cat,0.9524254202842712,True,0.0004495076718740165,0.002123284386470914,0.0006351860938593745,0.9524254202842712,0.00728200376033783,0.033835362643003464,0.0020233981776982546,0.0005527370376512408,0.00047594206989742815,0.00019720675481949002
vit_b_16_linear,translation_32_left,test_04290,4290,5,dog,1,bird,0.39122286438941956,False,0.00375894783064723,0.39122286438941956,0.007868689484894276,0.16680574417114258,0.3114590644836426,0.02618662640452385,0.02081228420138359,0.06822292506694794,0.0025633934419602156,0.0010993833420798182
vit_b_16_linear,translation_32_left,test_07446,7446,8,ship,8,ship,0.999327540397644,True,2.8629243388422765e-05,0.00012032172526232898,4.0658862417330965e-05,8.521646668668836e-05,0.00010223362187389284,0.00010839613241842017,0.00010607990407152101,3.9679784094914794e-05,0.999327540397644,4.1226659959647804e-05
vit_b_16_linear,translation_32_left,test_06169,6169,1,bird,1,bird,0.2666560411453247,True,0.0457940548658371,0.2666560411453247,0.07933054864406586,0.04040483385324478,0.03607043996453285,0.22822031378746033,0.0870206356048584,0.11839935928583145,0.057150207459926605,0.040953490883111954
vit_b_16_linear,translation_32_left,test_01109,1109,1,bird,1,bird,0.9312496185302734,True,0.007880494929850101,0.9312496185302734,0.002887092297896743,0.004853150341659784,0.03040246292948723,0.011506862007081509,0.003533576615154743,0.0013462997740134597,0.004092224407941103,0.0022481458727270365
vit_b_16_linear,translation_32_left,test_03179,3179,4,deer,4,deer,0.9987009763717651,True,5.229096586845117e-06,6.556955213454785e-06,2.3211830466607353e-06,0.00011893006740137935,0.9987009763717651,0.00017259623564314097,0.0009846009779721498,1.693520516710123e-06,1.5410917058034102e-06,5.540641723200679e-06
vit_b_16_linear,translation_32_left,test_07835,7835,7,monkey,7,monkey,0.9939327836036682,True,0.00011839927901746705,0.0036034334916621447,9.172811405733228e-05,0.0002867563161998987,0.00012308206351008266,0.001524630468338728,0.00018280086806043983,0.9939327836036682,6.439645949285477e-05,7.198709499789402e-05
vit_b_16_linear,translation_32_left,test_07390,7390,1,bird,1,bird,0.9838337302207947,True,0.0007924048695713282,0.9838337302207947,0.0009881003061309457,0.001195714226923883,0.0009629031410440803,0.0026797442696988583,0.00207442045211792,0.004135762806981802,0.0016192706534639,0.0017180697759613395
vit_b_16_linear,translation_32_left,test_00568,568,5,dog,5,dog,0.9890640377998352,True,0.00020305115322116762,0.0008328590774908662,0.0002880172978620976,0.0020017174538224936,0.00037443003384396434,0.9890640377998352,0.002173543209210038,0.004711826331913471,0.00013668295287061483,0.00021371198818087578
vit_b_16_linear,translation_32_left,test_04629,4629,4,deer,4,deer,0.999853253364563,True,2.8204801765241427e-06,4.597039151121862e-06,4.972307579009794e-07,0.00010953009768854827,0.999853253364563,4.477085724374774e-07,2.495110129530076e-05,1.741864110726965e-07,2.2455838006862905e-06,1.545965801597049e-06
vit_b_16_linear,translation_32_left,test_07138,7138,8,ship,8,ship,0.9953794479370117,True,0.0041152737103402615,0.00012651877477765083,3.493999975034967e-05,3.8303478504531085e-05,3.561917765182443e-05,0.00011132644431199878,0.00010452248534420505,3.287108484073542e-05,0.9953794479370117,2.1227539036772214e-05
vit_b_16_linear,translation_32_left,test_05284,5284,9,truck,9,truck,0.9927985668182373,True,0.0002140713477274403,0.0007464053924195468,0.005083855241537094,0.000117781302833464,0.000117068862891756,0.00027244360535405576,0.00016583820979576558,9.80996192083694e-05,0.0003858846321236342,0.9927985668182373
vit_b_16_linear,translation_32_left,test_00003,3,0,airplane,0,airplane,0.9776900410652161,True,0.9776900410652161,0.0022083953954279423,0.00027265778044238687,0.0011748261749744415,0.0008945093140937388,0.0017460717353969812,0.0006046253256499767,0.0009578429162502289,0.008162721991539001,0.006288394331932068
vit_b_16_linear,translation_32_left,test_02690,2690,1,bird,1,bird,0.968732476234436,True,0.0007777001010254025,0.968732476234436,0.000520170433446765,0.0025793411768972874,0.0008506896556355059,0.0014109584735706449,0.0011287200031802058,0.02316109463572502,0.0003328733437228948,0.0005063115968368948
vit_b_16_linear,translation_32_left,test_05858,5858,6,horse,6,horse,0.9938173890113831,True,5.5246357078431174e-05,3.425587419769727e-05,4.315971818869002e-05,3.380096677574329e-05,0.005743622314184904,6.549052341142669e-05,0.9938173890113831,0.00010615654173307121,2.990162101923488e-05,7.10234307916835e-05
vit_b_16_linear,translation_32_left,test_01266,1266,4,deer,4,deer,0.9952504634857178,True,9.777537343325093e-05,0.00016636656073387712,8.872892067302018e-05,0.0003357533714734018,0.9952504634857178,0.00032661520526744425,0.003381989663466811,4.6737415686948225e-05,7.858315075282007e-05,0.00022702215937897563
vit_b_16_linear,translation_32_left,test_03034,3034,4,deer,4,deer,0.9995772242546082,True,5.017121111450251e-06,3.8782877709309105e-06,2.8544195629365277e-06,1.0521157491893973e-05,0.9995772242546082,2.5197457944159396e-05,0.0003639966598711908,2.02367937163217e-06,5.4632678256894e-06,3.8227221921260934e-06
vit_b_16_linear,translation_32_left,test_02655,2655,9,truck,9,truck,0.9849719405174255,True,0.0003747180162463337,0.0001038655245793052,0.011492558754980564,0.00014523549180012196,6.554771971423179e-05,0.0001850835105869919,6.270422454690561e-05,1.7688445950625464e-05,0.0025806359481066465,0.9849719405174255
vit_b_16_linear,translation_32_left,test_06190,6190,7,monkey,7,monkey,0.9984847903251648,True,1.0123680112883449e-05,0.0006643785163760185,2.341244362469297e-05,0.00025436992291361094,6.408610352082178e-05,0.0004176329239271581,1.7684846170595847e-05,0.9984847903251648,3.2321346225216985e-05,3.123998612863943e-05
vit_b_16_linear,translation_32_left,test_04170,4170,8,ship,8,ship,0.9910473227500916,True,0.008549599908292294,4.136238931096159e-05,8.6611406004522e-05,3.132324854959734e-05,1.6136242265929468e-05,5.7767207181314006e-05,1.668597360549029e-05,7.029932930890936e-06,0.9910473227500916,0.00014619097055401653
vit_b_16_linear,translation_32_left,test_07380,7380,9,truck,9,truck,0.9979004859924316,True,6.282399408519268e-05,0.0002418414078420028,0.0003770541516132653,0.0002660915197338909,0.00010531096631893888,0.0005469985771924257,0.00014917473890818655,0.00012008471821900457,0.00023016161867417395,0.9979004859924316
vit_b_16_linear,translation_32_left,test_07752,7752,9,truck,9,truck,0.9851793646812439,True,0.0018344615818932652,0.003814161289483309,0.0004063730884809047,0.0011180660221725702,0.0012731215683743358,0.0014971637865528464,0.0012719001388177276,0.001690118107944727,0.0019152405438944697,0.9851793646812439
vit_b_16_linear,translation_32_left,test_03996,3996,9,truck,9,truck,0.994286835193634,True,0.0002534343220759183,0.0002983029407914728,0.004408171400427818,9.475315891904756e-05,5.381168739404529e-05,4.878442268818617e-05,0.00017347963876090944,6.181890785228461e-05,0.00032063477556221187,0.994286835193634
vit_b_16_linear,translation_32_left,test_01204,1204,3,cat,3,cat,0.9999778270721436,True,1.9048494550588657e-06,5.473588771565119e-06,4.164329311606707e-06,0.9999778270721436,4.084516149305273e-06,2.065065928036347e-06,1.1612418120421353e-06,1.3829835552314762e-06,9.281653774451115e-07,9.283353392675053e-07
vit_b_16_linear,translation_32_left,test_01654,1654,9,truck,9,truck,0.9952812790870667,True,0.00011680020543280989,0.0009918808937072754,0.0010135717457160354,0.0005120508722029626,0.00011928656022064388,0.0010296686086803675,0.00018160826584789902,0.00024241249775514007,0.0005113869556225836,0.9952812790870667
vit_b_16_linear,translation_32_left,test_04746,4746,6,horse,6,horse,0.9915382862091064,True,0.0003246796550229192,0.001960993744432926,0.0004709936329163611,0.0005247558583505452,0.0006221042131073773,0.0008930671610869467,0.9915382862091064,0.0029437034390866756,0.0003237576747778803,0.00039768998976796865
vit_b_16_linear,translation_32_left,test_04590,4590,3,cat,3,cat,0.9978287816047668,True,0.00010761005978565663,0.00036117268609814346,0.00017441369709558785,0.9978287816047668,0.00018623928190208972,0.000889203161932528,8.136742690112442e-05,0.00013637465599458665,0.00014461291721090674,9.029154171003029e-05
vit_b_16_linear,translation_32_left,test_00562,562,0,airplane,0,airplane,0.9987958669662476,True,0.9987958669662476,0.00010287629265803844,0.00013719905109610409,3.269353328505531e-05,1.0855363143491559e-05,0.0002760389179456979,8.816703484626487e-05,1.566031096444931e-05,0.0004960831720381975,4.46450176241342e-05
vit_b_16_linear,translation_32_left,test_07108,7108,6,horse,6,horse,0.9909304976463318,True,0.001768522779457271,0.00024124718038365245,0.00037590929423458874,0.0004130286688450724,0.004203729797154665,0.00035638042027130723,0.9909304976463318,0.00023188060731627047,0.00018281095253769308,0.0012959837913513184
vit_b_16_linear,translation_32_left,test_05999,5999,0,airplane,0,airplane,0.9995430707931519,True,0.9995430707931519,3.2520612876396626e-05,6.116572330938652e-05,7.047537565085804e-06,3.825573003268801e-05,0.0001001258278847672,1.9991659428342246e-05,1.489195983594982e-05,0.00015705879195593297,2.5969042326323688e-05
vit_b_16_linear,translation_32_left,test_01403,1403,2,car,2,car,0.9989646673202515,True,0.00035680903238244355,0.00014773612201679498,0.9989646673202515,7.19314766683965e-06,6.347001908579841e-05,7.2748780439724214e-06,3.5549608583096415e-05,5.101544957142323e-05,3.572409332264215e-05,0.0003305471909698099
vit_b_16_linear,translation_32_left,test_04403,4403,7,monkey,7,monkey,0.9996974468231201,True,1.3366243365453556e-06,0.00021263837697915733,1.6053295439633075e-06,4.329541843617335e-05,9.60816123551922e-06,2.2812906536273658e-05,2.811005288094748e-06,0.9996974468231201,4.497619102039607e-06,3.911920885002473e-06
vit_b_16_linear,translation_32_left,test_06332,6332,2,car,2,car,0.9991508722305298,True,0.00032444839598610997,5.475547004607506e-05,0.9991508722305298,4.596385042532347e-05,2.2974592866376042e-05,3.955765350838192e-05,7.909052510512993e-05,9.2726559159928e-06,0.00010977334022754803,0.00016316499386448413
vit_b_16_linear,translation_32_left,test_06264,6264,2,car,2,car,0.9999569654464722,True,1.6974559002846945e-06,8.681558938405942e-06,0.9999569654464722,2.3160332602856215e-06,3.822825419774745e-06,1.7238301097677322e-06,8.391752999159507e-06,5.191553213990119e-07,1.1186874871782493e-05,4.827879365620902e-06
vit_b_16_linear,translation_32_left,test_00303,303,9,truck,9,truck,0.9980878233909607,True,4.1431118006585166e-05,0.00032841652864590287,0.0003002854937221855,0.0001492017472628504,0.00015923086903057992,0.0005881842807866633,8.092494681477547e-05,0.0001234814990311861,0.00014104101865086704,0.9980878233909607
vit_b_16_linear,translation_32_left,test_00791,791,3,cat,3,cat,0.9986476302146912,True,9.154094004770741e-05,0.0003174915036652237,0.00012729519221466035,0.9986476302146912,0.00014191814989317209,0.00023012315796222538,0.00010216377268079668,6.444162863772362e-05,0.00016668134776409715,0.00011083323624916375
vit_b_16_linear,translation_32_left,test_03067,3067,2,car,2,car,0.9997932314872742,True,2.1613899662042968e-05,3.2397263566963375e-05,0.9997932314872742,1.5489211364183575e-05,7.047930012049619e-06,3.136486338917166e-05,7.063429802656174e-05,4.094497853657231e-06,1.6804786355351098e-05,7.344058758462779e-06
vit_b_16_linear,translation_32_left,test_00484,484,0,airplane,0,airplane,0.9982448816299438,True,0.9982448816299438,1.4136291611066554e-05,2.062587191176135e-05,1.0006156117015053e-05,1.3028278772253543e-05,9.601088095223531e-05,2.2484005967271514e-05,4.958066256222082e-06,0.001530599663965404,4.335240737418644e-05
vit_b_16_linear,translation_32_left,test_01370,1370,3,cat,3,cat,0.9992353916168213,True,2.1571186152868904e-05,0.00020427269919309765,3.4120792406611145e-05,0.9992353916168213,6.0413538449211046e-05,0.00014772938448004425,7.503278902731836e-05,0.00012534701090771705,4.3694963096641004e-05,5.25054128956981e-05
vit_b_16_linear,translation_32_left,test_04069,4069,8,ship,0,airplane,0.4863183796405792,False,0.4863183796405792,0.010099835693836212,0.016851473599672318,0.013525331392884254,0.024961665272712708,0.0025835339911282063,0.162150576710701,0.0006046580383554101,0.2782192528247833,0.004685317166149616
vit_b_16_linear,translation_32_left,test_07373,7373,0,airplane,0,airplane,0.999133288860321,True,0.999133288860321,6.966172804823145e-05,8.092985808616504e-05,5.331866486812942e-05,2.8359057978377678e-05,0.00028541291248984635,0.00015495049592573196,4.4300850277068093e-05,0.00010865053627640009,4.1246446926379576e-05
vit_b_16_linear,translation_32_left,test_04330,4330,3,cat,3,cat,0.9960200190544128,True,0.00021512962121050805,0.00017446884885430336,0.0001784453634172678,0.9960200190544128,7.68438185332343e-05,0.0025720049161463976,0.00015288179565686733,0.0003792663919739425,0.00021273504535201937,1.8149250536225736e-05
vit_b_16_linear,translation_32_left,test_05701,5701,5,dog,5,dog,0.995093584060669,True,0.00025220453971996903,0.0007766454364173114,0.00021649980044458061,0.0007920528878457844,0.0008728320826776326,0.995093584060669,0.0004239458357915282,0.0004956492921337485,0.0007415697909891605,0.00033510150387883186
vit_b_16_linear,translation_32_left,test_07465,7465,0,airplane,0,airplane,0.9993116855621338,True,0.9993116855621338,0.00012604273797478527,2.7052717996411957e-05,2.295529338880442e-05,3.559184915502556e-05,0.00023517788213212043,7.488817936973646e-05,1.8992639525095e-05,0.00010838851449079812,3.92268666473683e-05
vit_b_16_linear,translation_32_left,test_01531,1531,3,cat,3,cat,0.9986611604690552,True,5.141049041412771e-05,9.018751734402031e-05,1.557625364512205e-05,0.9986611604690552,0.000891539384610951,0.00012332829646766186,8.857794455252588e-05,1.597200935066212e-05,3.3012405765475705e-05,2.9305108910193667e-05
vit_b_16_linear,translation_32_left,test_04676,4676,8,ship,8,ship,0.9999740123748779,True,4.3652662498061545e-06,1.1683800948958378e-06,3.924629709217697e-06,2.6411771614220925e-07,9.890280807667295e-07,2.071835751848994e-06,1.9065797687289887e-06,2.073119418355418e-07,0.9999740123748779,1.1027678738173563e-05
vit_b_16_linear,translation_32_left,test_04531,4531,3,cat,3,cat,0.998927891254425,True,0.00010662146814865991,0.00026470000739209354,1.7145257515949197e-05,0.998927891254425,0.00020243640756234527,0.00023195287212729454,3.0057792173465714e-05,7.320770237129182e-05,8.731576963327825e-05,5.873524787602946e-05
vit_b_16_linear,translation_32_left,test_00706,706,8,ship,8,ship,0.9996693134307861,True,1.460191015212331e-05,0.0001159597813966684,3.562564597814344e-05,2.5513852961012162e-05,1.894289925985504e-05,7.483085937565193e-05,1.5400570191559382e-05,1.9285922462586313e-05,0.9996693134307861,1.050649461831199e-05
vit_b_16_linear,translation_32_left,test_02844,2844,8,ship,8,ship,0.9991596937179565,True,0.0005939427064731717,0.00011040172103093937,2.206240787927527e-05,1.5944346159812994e-05,1.5315303244278766e-05,3.416890831431374e-05,2.91212709271349e-05,1.0617051884764805e-05,0.9991596937179565,8.65370748215355e-06
vit_b_16_linear,translation_32_left,test_03755,3755,2,car,2,car,0.9999741315841675,True,1.0406853334643529e-06,6.203785687830532e-06,0.9999741315841675,4.4852515657112235e-07,1.4127307395028765e-06,4.143638307141373e-06,8.673317097418476e-06,7.038715921225958e-07,1.453127197237336e-06,1.623220100555045e-06
vit_b_16_linear,translation_32_left,test_05848,5848,7,monkey,7,monkey,0.9985390901565552,True,1.628767859074287e-05,0.0003939123416785151,2.7063273591920733e-05,0.0003277369833085686,9.608855907572433e-05,0.0005143895396031439,2.442184995743446e-05,0.9985390901565552,3.589005791582167e-05,2.5167903004330583e-05
vit_b_16_linear,translation_32_left,test_02114,2114,9,truck,9,truck,0.9796903133392334,True,0.0011447913711890578,0.006786436308175325,0.0006997758755460382,0.0015812853816896677,0.0019199843518435955,0.0023507755249738693,0.0011263901833444834,0.00207532593049109,0.0026249231304973364,0.9796903133392334
vit_b_16_linear,translation_32_left,test_03876,3876,0,airplane,0,airplane,0.9928682446479797,True,0.9928682446479797,0.0002018928644247353,0.002757161157205701,7.192810153355822e-05,2.0319310351624154e-05,0.0002417369105387479,1.947261807799805e-05,4.6694833145011216e-05,0.0006645224057137966,0.0031078571919351816
vit_b_16_linear,translation_32_left,test_00677,677,3,cat,3,cat,0.9987780451774597,True,3.8003232475603e-05,0.00033298757625743747,4.672685463447124e-05,0.9987780451774597,5.131730722496286e-05,0.0005145025788806379,5.403924660640769e-05,0.00010210055916104466,6.28238485660404e-05,1.9434433852438815e-05
vit_b_16_linear,translation_32_left,test_02116,2116,1,bird,3,cat,0.9996850490570068,False,1.7493597624707036e-05,0.0002070279442705214,1.0193284651904833e-05,0.9996850490570068,2.281155866512563e-05,1.4324065887194593e-05,1.435624471923802e-05,7.14922043698607e-06,1.4393546734936535e-05,7.257145171024604e-06
vit_b_16_linear,translation_32_left,test_04661,4661,7,monkey,7,monkey,0.9674800038337708,True,0.000612450938206166,0.011440170928835869,0.0007802649051882327,0.0015353269409388304,0.0004128591390326619,0.015018528327345848,0.0008935289224609733,0.9674800038337708,0.00127427838742733,0.0005525316228158772
vit_b_16_linear,translation_32_left,test_02676,2676,6,horse,5,dog,0.49322494864463806,False,0.004588285926729441,0.0013219532556831837,0.0454690046608448,0.004899224732071161,0.04614347964525223,0.49322494864463806,0.37802058458328247,0.00441462267190218,0.008664378896355629,0.013253527693450451
vit_b_16_linear,translation_32_left,test_03025,3025,0,airplane,0,airplane,0.9987566471099854,True,0.9987566471099854,1.8992195691680536e-05,0.0005850605084560812,2.140085598512087e-05,2.5859502784442157e-05,4.237091343384236e-05,0.00021535153791774064,2.4074921384453773e-05,9.806913294596598e-05,0.00021203405049163848
vit_b_16_linear,translation_32_left,test_04449,4449,9,truck,9,truck,0.9583941102027893,True,0.016248615458607674,0.00011267467925790697,0.016400465741753578,6.617652979912236e-05,0.00020229846995789558,8.551343489671126e-05,0.0003926864010281861,1.688848169578705e-05,0.008080610074102879,0.9583941102027893
vit_b_16_linear,translation_32_left,test_00977,977,6,horse,6,horse,0.9991415739059448,True,5.891281762160361e-05,7.166055729612708e-05,7.626874139532447e-05,0.0001542064273962751,0.0003152535646222532,6.488127837656066e-05,0.9991415739059448,2.2742651708540507e-05,4.482132862904109e-05,4.9646147090243176e-05
vit_b_16_linear,translation_32_left,test_04990,4990,8,ship,8,ship,0.9932277798652649,True,0.00023641619191039354,0.000784876465331763,0.0007424802170135081,0.00031231946195475757,0.0005050351028330624,0.002104860031977296,0.0008939296239987016,0.00022017191804479808,0.9932277798652649,0.0009721628157421947
vit_b_16_linear,translation_32_left,test_07309,7309,0,airplane,0,airplane,0.9993700385093689,True,0.9993700385093689,0.0001376846485072747,9.884505561785772e-05,2.9898807042627595e-05,5.853483889950439e-05,6.251505692489445e-05,3.3024276490323246e-05,4.206655648886226e-05,7.24260535207577e-05,9.496756683802232e-05
vit_b_16_linear,translation_32_left,test_01048,1048,7,monkey,7,monkey,0.9924537539482117,True,0.00032471580198034644,0.002440382493659854,0.00030283877276815474,0.0001735688274493441,0.00028421517345122993,0.0030656857416033745,0.00044044043170288205,0.9924537539482117,0.00023169087944552302,0.0002827126591000706
vit_b_16_linear,translation_32_left,test_03276,3276,3,cat,3,cat,0.9578879475593567,True,0.00037577684270218015,0.002489045960828662,0.000983862904831767,0.9578879475593567,0.018345899879932404,0.005045527126640081,0.0032471672166138887,0.011044311337172985,0.00023897839128039777,0.00034152116859331727
vit_b_16_linear,translation_32_left,test_05512,5512,2,car,6,horse,0.9047335386276245,False,0.000514074694365263,0.00042156330891884863,0.0057398173958063126,0.00027985149063169956,0.008996794000267982,0.0013705879682675004,0.9047335386276245,0.0002820009249262512,0.001321348245255649,0.07634051144123077
vit_b_16_linear,translation_32_left,test_07692,7692,4,deer,4,deer,0.9799001812934875,True,0.0011623984901234508,0.0007727533811703324,0.0026913825422525406,0.0033449965994805098,0.9799001812934875,0.005647266749292612,0.0007171088363975286,0.0005992617807351053,0.0034139028284698725,0.0017507793381810188
vit_b_16_linear,translation_32_left,test_01436,1436,1,bird,1,bird,0.9995396137237549,True,7.87423959991429e-06,0.9995396137237549,1.8735334379016422e-05,3.47929417330306e-05,3.3283889933954924e-05,0.00010609078162815422,4.1323830373585224e-05,0.00018801444093696773,1.5094833543116692e-05,1.5234087186399847e-05
vit_b_16_linear,translation_32_left,test_07544,7544,9,truck,9,truck,0.9910131096839905,True,0.002915974473580718,0.001395337050780654,0.0005100984126329422,0.00018427276518195868,0.000335234246449545,0.0014778201002627611,0.000625818211119622,0.0002839076332747936,0.0012584631331264973,0.9910131096839905
vit_b_16_linear,translation_32_left,test_03383,3383,3,cat,3,cat,0.997509241104126,True,0.0002509314217604697,0.0006937397411093116,0.00013307663903106004,0.997509241104126,8.204159530578181e-05,0.0005160665023140609,0.00013297337864059955,0.00031839965959079564,0.0002428645675536245,0.00012075525592081249
vit_b_16_linear,translation_32_left,test_01977,1977,0,airplane,0,airplane,0.9970980882644653,True,0.9970980882644653,0.0005039001698605716,0.0002634190605022013,0.0003272203030064702,9.742873226059601e-05,0.0009453050442971289,0.00014215205737855285,0.0003824580926448107,0.00017236178973689675,6.76523195579648e-05
vit_b_16_linear,translation_32_left,test_02750,2750,0,airplane,0,airplane,0.996059775352478,True,0.996059775352478,2.496597880963236e-05,0.0014810458524152637,1.4824262507318053e-05,1.8450748029863462e-05,7.556362106697634e-05,0.0002063127903966233,1.010194500850048e-05,0.0005342183285392821,0.001574862515553832
vit_b_16_linear,translation_32_left,test_07996,7996,6,horse,6,horse,0.9924483299255371,True,0.00035592864151112735,0.0015897657722234726,0.0003897464193869382,0.0006261164089664817,0.00029509240994229913,0.0026896886993199587,0.9924483299255371,0.0008698430028744042,0.00048033258644863963,0.00025522097712382674
vit_b_16_linear,translation_32_left,test_06989,6989,5,dog,5,dog,0.9868378043174744,True,0.0007699383422732353,0.0024816871155053377,0.0019662517588585615,0.0014906873693689704,0.00042654506978578866,0.9868378043174744,0.002332847099751234,0.0016598289366811514,0.0007972826133482158,0.001237169955857098
vit_b_16_linear,translation_32_left,test_01431,1431,3,cat,3,cat,0.997056245803833,True,0.0001362390466965735,0.00031789467902854085,7.735611870884895e-05,0.997056245803833,0.00013156686327420175,0.0015317491488531232,0.00036376938805915415,0.0001015750240185298,0.00014888217265252024,0.00013456607121042907
vit_b_16_linear,translation_32_left,test_07416,7416,3,cat,5,dog,0.7576262950897217,False,0.0001283276069443673,0.0005845142877660692,0.0003406940377317369,0.23928147554397583,0.0005602551391348243,0.7576262950897217,0.0009764041169546545,4.75956876471173e-05,0.00027101676096208394,0.00018342190014664084
vit_b_16_linear,translation_32_left,test_04547,4547,5,dog,5,dog,0.9709662795066833,True,0.0006155976443551481,0.00202839239500463,0.0015439806738868356,0.008879239670932293,0.0022143370006233454,0.9709662795066833,0.0016450840048491955,0.009144434705376625,0.0014940389664843678,0.0014684695051982999
vit_b_16_linear,translation_32_left,test_00042,42,0,airplane,0,airplane,0.9995307922363281,True,0.9995307922363281,0.0001445562666049227,2.0344359654700384e-05,5.382769086281769e-05,4.291309232939966e-05,0.00011554094089660794,3.137768726446666e-05,3.793135692831129e-05,1.1146992619615048e-05,1.1507298040669411e-05
vit_b_16_linear,translation_32_left,test_05117,5117,0,airplane,0,airplane,0.9994938373565674,True,0.9994938373565674,6.480771844508126e-05,2.196287277911324e-05,2.86950780719053e-05,1.5303368854802102e-05,0.00022273717331700027,1.9174747649230994e-05,9.996185690397397e-05,7.69267717259936e-06,2.5912966520991176e-05
vit_b_16_linear,translation_32_left,test_04411,4411,6,horse,6,horse,0.9956799745559692,True,0.00011121729767182842,3.426473995205015e-05,0.00021901896980125457,7.923933299025521e-05,0.00023936538491398096,0.0035403233487159014,0.9956799745559692,3.435465623624623e-05,3.653718886198476e-05,2.5714920411701314e-05
vit_b_16_linear,translation_32_left,test_05789,5789,4,deer,4,deer,0.9965336322784424,True,0.00017047792789526284,0.00013121491065248847,0.00013615062925964594,0.00016230717301368713,0.9965336322784424,0.0001302524033235386,0.0022578348871320486,0.0002288186369696632,0.00014933370403014123,0.0001000147603917867
vit_b_16_linear,translation_32_left,test_00483,483,2,car,2,car,0.9931513071060181,True,0.00011113668006146327,0.002681455807760358,0.9931513071060181,0.0001031885840347968,0.00011877217184519395,7.6057251135353e-05,0.0004951063892804086,0.00010556584311416373,0.000268307892838493,0.0028890499379485846
vit_b_16_linear,translation_32_left,test_06650,6650,7,monkey,7,monkey,0.99994957447052,True,3.2453312996949535e-06,1.741382402542513e-05,2.6003483526437776e-06,3.7550905744865304e-06,5.1573342716437764e-06,7.309143711609067e-06,3.3817175335570937e-06,0.99994957447052,3.1951510663930094e-06,4.297008217690745e-06
vit_b_16_linear,translation_32_left,test_04881,4881,3,cat,3,cat,0.9999831914901733,True,1.4318406726943067e-07,1.180175877379952e-05,2.3308210472805513e-07,0.9999831914901733,9.99608232632454e-07,8.120199623817825e-08,7.09932095332988e-08,3.2107761853694683e-06,9.750597484980972e-08,1.4923912772246695e-07
vit_b_16_linear,translation_32_left,test_00391,391,3,cat,3,cat,0.9999432563781738,True,2.5441636353207286e-06,2.3354874429060146e-05,2.8107394882681547e-06,0.9999432563781738,2.1457660750456853e-06,5.625825451716082e-06,1.1994506166956853e-05,2.2387230274034664e-06,2.812015509334742e-06,3.109244062216021e-06
vit_b_16_linear,translation_32_left,test_00370,370,7,monkey,7,monkey,0.9994214773178101,True,1.4540558368025813e-05,0.0003007834020536393,1.1353188710927498e-05,2.6933843400911428e-05,1.5886511391727254e-05,0.0001711623335722834,1.7935939467861317e-05,0.9994214773178101,9.215907084580977e-06,1.0754838513094e-05
vit_b_16_linear,translation_32_left,test_00419,419,9,truck,9,truck,0.9890255331993103,True,0.0009360605617985129,7.429750985465944e-05,0.009490597061812878,2.7351667085895315e-05,6.61070371279493e-05,3.7738225273642456e-06,6.410156493075192e-05,1.2082717148587108e-05,0.0003000575816258788,0.9890255331993103
vit_b_16_linear,translation_32_left,test_03318,3318,9,truck,9,truck,0.9989318251609802,True,7.801226456649601e-05,9.858194971457124e-05,0.00031341562862508,3.9915241359267384e-05,7.70940532675013e-05,0.00016572230379097164,0.0001114570623030886,6.702540122205392e-05,0.00011694721615640447,0.9989318251609802
vit_b_16_linear,translation_32_left,test_04355,4355,8,ship,0,airplane,0.7636757493019104,False,0.7636757493019104,0.0006250591832213104,0.012133948504924774,0.0003009957727044821,0.0005332500440999866,0.004985787905752659,0.0004842050839215517,0.00025354677927680314,0.2119874656200409,0.005020054057240486
vit_b_16_linear,translation_32_left,test_05402,5402,4,deer,4,deer,0.998360812664032,True,6.980496982578188e-05,8.9273824414704e-05,9.270048030884936e-05,0.00018850955530069768,0.998360812664032,5.953365325694904e-05,0.0009633935405872762,4.96437496622093e-05,2.7999223675578833e-05,9.847111505223438e-05
vit_b_16_linear,translation_32_left,test_05332,5332,5,dog,5,dog,0.7210168242454529,True,0.010479417629539967,0.0057795182801783085,0.009064598008990288,0.011482983827590942,0.013094375841319561,0.7210168242454529,0.16677232086658478,0.0075584901496768,0.020666541531682014,0.03408494591712952
vit_b_16_linear,translation_32_left,test_00239,239,9,truck,9,truck,0.9998158812522888,True,1.7849923779067467e-06,0.00011959062976529822,3.621652285801247e-05,3.1466345262742834e-06,3.735320660780417e-06,1.8186989336754777e-06,2.296690809089341e-06,3.563676273188321e-06,1.2016585060337093e-05,0.9998158812522888
vit_b_16_linear,translation_32_left,test_06271,6271,2,car,2,car,0.9924302697181702,True,0.00037600405630655587,0.0028252580668777227,0.9924302697181702,0.0003920920717064291,0.0005993733648210764,0.0007163643022067845,0.0005060479161329567,0.00017262314213439822,0.0002822343085426837,0.0016998203936964273
vit_b_16_linear,translation_32_left,test_01129,1129,8,ship,8,ship,0.9992414712905884,True,0.0002606605994515121,7.70648694015108e-05,3.479115548543632e-05,5.1656468713190407e-05,2.6948773665935732e-05,4.9213962483918294e-05,6.567205127794296e-05,2.167376078432426e-05,0.9992414712905884,0.00017078848031815141
vit_b_16_linear,translation_32_left,test_02391,2391,5,dog,5,dog,0.9304569363594055,True,0.003338211914524436,0.03828723728656769,0.004310508258640766,0.008169534616172314,0.006717225071042776,0.9304569363594055,0.0021614301949739456,0.003752134507521987,0.0016035493463277817,0.0012031816877424717
vit_b_16_linear,translation_32_left,test_00191,191,9,truck,9,truck,0.9001072645187378,True,0.0006536925793625414,0.0005168432253412902,0.09805156290531158,5.705845251213759e-05,0.00037052170955576,5.274025534163229e-05,5.0929535063914955e-05,5.339141353033483e-05,8.602449088357389e-05,0.9001072645187378
vit_b_16_linear,translation_32_left,test_05447,5447,9,truck,9,truck,0.9996987581253052,True,1.6786829291959293e-05,2.8208607545820996e-05,2.145987491530832e-05,3.697954161907546e-05,1.3056675925327e-05,0.00012893644452560693,2.1188187020015903e-05,3.055805791518651e-06,3.158195977448486e-05,0.9996987581253052
vit_b_16_linear,translation_32_left,test_06528,6528,4,deer,4,deer,0.9998619556427002,True,1.1759109838749282e-05,2.474891743986518e-06,7.690485290368088e-06,3.0285971661214717e-05,0.9998619556427002,2.6385429009678774e-05,1.833104579418432e-05,1.4074831597099546e-05,1.0160534657188691e-05,1.6869194951141253e-05
