model,condition,identifier,dataset_index,true_class_id,true_class_name,predicted_class_id,predicted_class_name,maximum_confidence,correct,probability_airplane,probability_bird,probability_car,probability_cat,probability_deer,probability_dog,probability_horse,probability_monkey,probability_ship,probability_truck
vit_b_16_linear,translation_16_down,test_00632,632,3,cat,3,cat,0.9999481439590454,True,3.2946322789939586e-06,2.8703576390398666e-05,2.019106659645331e-06,0.9999481439590454,4.2157839743595105e-06,6.56813062960282e-06,1.1452887065388495e-06,2.495319449735689e-06,1.3726122460866463e-06,1.9735477962967707e-06
vit_b_16_linear,translation_16_down,test_00131,131,9,truck,9,truck,0.9989984631538391,True,0.00012761770631186664,6.255943299038336e-05,0.0002899892278946936,3.776497396756895e-05,5.483809218276292e-05,4.649452239391394e-05,5.95880101172952e-06,4.225223165121861e-05,0.000334129057591781,0.9989984631538391
vit_b_16_linear,translation_16_down,test_07081,7081,7,monkey,7,monkey,0.9921780228614807,True,0.00032355033908970654,0.002402680926024914,0.0002027969021582976,0.001355074578896165,0.00040446259663440287,0.0015062150778248906,0.0008989789057523012,0.9921780228614807,0.0003249573346693069,0.00040335574885830283
vit_b_16_linear,translation_16_down,test_01836,1836,9,truck,9,truck,0.9611218571662903,True,0.00011220214946661144,0.00018555881979409605,0.03790650889277458,0.00015093194087967277,6.559320900123566e-05,0.00018259351782035083,0.00010833898704731837,3.3867010643007234e-05,0.00013253680663183331,0.9611218571662903
vit_b_16_linear,translation_16_down,test_06437,6437,0,airplane,0,airplane,0.9969834685325623,True,0.9969834685325623,0.0006060267915017903,0.00013084393867757171,0.000258577085332945,0.00013324721658136696,0.00041494908509775996,0.00028211393509991467,0.00026500714011490345,0.0007262192084454,0.000199530491954647
vit_b_16_linear,translation_16_down,test_06609,6609,0,airplane,0,airplane,0.9991238713264465,True,0.9991238713264465,3.4315744414925575e-05,3.2127456506714225e-05,6.451406079577282e-05,3.63146755262278e-05,0.00034238744410686195,0.00022895571601111442,6.5157852077391e-05,4.973758404958062e-05,2.2473135686595924e-05
vit_b_16_linear,translation_16_down,test_03467,3467,7,monkey,7,monkey,0.9863715767860413,True,9.358846727991477e-05,0.00593543192371726,5.5000353313516825e-05,0.002691820962354541,0.0029370919801294804,0.0008828948484733701,0.0008706399821676314,0.9863715767860413,5.054023131378926e-05,0.00011136185639770702
vit_b_16_linear,translation_16_down,test_01401,1401,3,cat,3,cat,0.9991669654846191,True,9.208048868458718e-05,0.0004316151898819953,1.540053926873952e-05,0.9991669654846191,1.251938101631822e-05,3.000686592713464e-05,2.311744901817292e-05,6.566323918377748e-06,0.00021096537238918245,1.085265557776438e-05
vit_b_16_linear,translation_16_down,test_01839,1839,2,car,2,car,0.99834144115448,True,3.651441147667356e-05,0.00043823543819598854,0.99834144115448,8.28205156722106e-05,7.250194903463125e-05,0.0005604031030088663,0.000312866730382666,5.373062958824448e-05,7.090988947311416e-05,3.061038296436891e-05
vit_b_16_linear,translation_16_down,test_04168,4168,3,cat,3,cat,0.9936509728431702,True,8.998761768452823e-05,0.004516868852078915,0.0001862926728790626,0.9936509728431702,0.00013090486754663289,0.0006202519871294498,0.00045293930452317,0.00012970803072676063,0.0001637995446799323,5.825216794619337e-05
vit_b_16_linear,translation_16_down,test_00035,35,2,car,2,car,0.9988262057304382,True,0.0002811514132190496,0.00034558065817691386,0.9988262057304382,3.7349931517383084e-05,2.5441164325457066e-05,3.883100362145342e-05,0.00010609455057419837,1.476968373026466e-05,9.713229519547895e-05,0.0002272950077895075
vit_b_16_linear,translation_16_down,test_04177,4177,8,ship,8,ship,0.9997327923774719,True,5.1277333113830537e-05,4.4222415453987196e-05,7.91340607975144e-06,1.824943865358364e-05,9.915946066030301e-06,7.150315650505945e-05,2.7033085643779486e-05,1.6645422874717042e-05,0.9997327923774719,2.040032995864749e-05
vit_b_16_linear,translation_16_down,test_07270,7270,7,monkey,7,monkey,0.9810125827789307,True,0.0008680706960149109,0.006835622247308493,0.0005309529951773584,0.002545999363064766,0.0010953096207231283,0.0035282145254313946,0.0007817342993803322,0.9810125827789307,0.0016608843579888344,0.0011406706180423498
vit_b_16_linear,translation_16_down,test_02265,2265,5,dog,5,dog,0.9988493919372559,True,5.639167648041621e-05,0.00011653189721982926,9.737096115713939e-05,8.5961859440431e-05,0.0006185628590174019,0.9988493919372559,4.211085615679622e-05,2.7616630177362822e-05,5.94326775171794e-05,4.653300857171416e-05
vit_b_16_linear,translation_16_down,test_03288,3288,7,monkey,7,monkey,0.9954867959022522,True,4.463459481485188e-05,0.0011365850223228335,0.0002602831518743187,0.0010262599680572748,0.000392815942177549,0.0013008072273805737,7.295454270206392e-05,0.9954867959022522,0.00014837602793704718,0.00013049037079326808
vit_b_16_linear,translation_16_down,test_05451,5451,8,ship,8,ship,0.9949190020561218,True,0.0005030781612731516,0.0018709435826167464,0.0002456907241139561,0.00019514633459039032,0.0002107167529175058,0.0004957614000886679,0.0003220716316718608,0.000642924103885889,0.9949190020561218,0.0005947227473370731
vit_b_16_linear,translation_16_down,test_04023,4023,3,cat,3,cat,0.9775296449661255,True,0.0006109816022217274,0.006967468652874231,0.0010583645198494196,0.9775296449661255,0.0004917725455015898,0.008863323368132114,0.00048731680726632476,0.0017494962085038424,0.0011707069352269173,0.0010710414499044418
vit_b_16_linear,translation_16_down,test_00261,261,1,bird,1,bird,0.4572112262248993,True,0.019054420292377472,0.4572112262248993,0.03025239333510399,0.04052117466926575,0.03054507076740265,0.1664676070213318,0.035419851541519165,0.0937260314822197,0.07446357607841492,0.052338652312755585
vit_b_16_linear,translation_16_down,test_04570,4570,5,dog,5,dog,0.9829403758049011,True,0.000744897814001888,0.0051530394703149796,0.0005205680499784648,0.002466886304318905,0.002678685123100877,0.9829403758049011,0.001095047453418374,0.0030926980543881655,0.0007249191985465586,0.0005827784771099687
vit_b_16_linear,translation_16_down,test_04966,4966,5,dog,5,dog,0.9234269261360168,True,0.0073683294467628,0.010628299787640572,0.01045200414955616,0.0006391290226019919,0.017836926504969597,0.9234269261360168,0.009417861700057983,0.008109310641884804,0.0055282870307564735,0.006592886056751013
vit_b_16_linear,translation_16_down,test_07955,7955,1,bird,1,bird,0.9999972581863403,True,1.5653380813773765e-08,0.9999972581863403,5.031198497817968e-07,4.0341350882044935e-07,9.635076736458359e-08,6.866036272867859e-08,4.3761153278865095e-07,9.191194294544403e-07,1.1917855147203227e-07,1.5844477729842765e-07
vit_b_16_linear,translation_16_down,test_06288,6288,4,deer,4,deer,0.9997996687889099,True,5.9456406233948655e-06,7.630808795511257e-06,4.56768475487479e-06,7.672527317481581e-06,0.9997996687889099,2.0697841591754695e-06,0.00014116641250438988,1.4786150131840259e-05,2.29625925385335e-06,1.4326965356303845e-05
vit_b_16_linear,translation_16_down,test_07810,7810,8,ship,8,ship,0.9997058510780334,True,0.00011152587103424594,4.1550079913577065e-05,1.8952083337353542e-05,7.000351615715772e-06,1.5773053746670485e-05,3.140593980788253e-05,1.5071464076754637e-05,2.0639185095205903e-05,0.9997058510780334,3.216251570847817e-05
vit_b_16_linear,translation_16_down,test_01927,1927,7,monkey,7,monkey,0.9997187256813049,True,4.78799347547465e-06,0.00019076079479418695,3.2644149996485794e-06,3.130727054667659e-05,8.463259291602299e-06,3.067158831981942e-05,3.900306637660833e-06,0.9997187256813049,4.443627858563559e-06,3.7526378946495242e-06
vit_b_16_linear,translation_16_down,test_01871,1871,1,bird,1,bird,0.8021358251571655,True,0.005704647395759821,0.8021358251571655,0.006079707760363817,0.018509699031710625,0.010223153978586197,0.1206558421254158,0.004294018726795912,0.0038380909245461226,0.019583068788051605,0.008975932374596596
vit_b_16_linear,translation_16_down,test_06922,6922,5,dog,5,dog,0.9998144507408142,True,5.540823622141033e-06,1.7847318304120563e-05,7.5357279456511606e-06,9.789569594431669e-05,4.373590400064131e-06,0.9998144507408142,3.697736610774882e-05,3.134045527986018e-06,7.3495048127369955e-06,4.838589120481629e-06
vit_b_16_linear,translation_16_down,test_03512,3512,4,deer,4,deer,0.9994810223579407,True,1.4677350009151269e-05,1.1016240932804067e-05,1.6647803931846283e-05,0.0001753171964082867,0.9994810223579407,7.832310075173154e-06,0.00027885183226317167,4.951114533469081e-06,4.319043910072651e-06,5.410000085248612e-06
vit_b_16_linear,translation_16_down,test_04754,4754,6,horse,6,horse,0.9998286962509155,True,4.0318996070709545e-06,3.4637066619325196e-06,2.653237743288628e-06,4.140591045143083e-06,0.00010650369222275913,4.658164834836498e-05,0.9998286962509155,4.1764360503293574e-07,1.955682591869845e-06,1.5346362260970636e-06
vit_b_16_linear,translation_16_down,test_00714,714,2,car,2,car,0.3284122347831726,True,0.09130465984344482,0.08778876066207886,0.3284122347831726,0.03461259603500366,0.0610310360789299,0.23213234543800354,0.01810367777943611,0.015277204103767872,0.040456000715494156,0.09088152647018433
vit_b_16_linear,translation_16_down,test_02191,2191,8,ship,8,ship,0.9898041486740112,True,0.0059373462572693825,0.0009797369129955769,0.00023038095969241112,0.000365473359124735,0.0002274495200254023,0.0011117352405562997,0.00044888490810990334,0.00030441710259765387,0.9898041486740112,0.0005903998389840126
vit_b_16_linear,translation_16_down,test_04615,4615,0,airplane,0,airplane,0.9998058676719666,True,0.9998058676719666,4.076123150298372e-05,1.760057421051897e-05,1.4308988284028601e-05,7.264794930961216e-06,1.9841372704831883e-05,1.2738626537611708e-05,4.446650200407021e-05,3.006702900165692e-05,7.174004167609382e-06
vit_b_16_linear,translation_16_down,test_04662,4662,8,ship,8,ship,0.9997743964195251,True,2.2650918253930286e-05,6.0064852732466534e-05,1.1180885849171318e-05,2.5234392523998395e-05,8.275163054349832e-06,2.191789280914236e-05,2.255002618767321e-05,3.126929368590936e-05,0.9997743964195251,2.2578495190828107e-05
vit_b_16_linear,translation_16_down,test_05915,5915,9,truck,9,truck,0.9496618509292603,True,0.00457218661904335,0.0014642205787822604,0.03432946279644966,0.0002978096599690616,0.0022278681863099337,0.0010130265727639198,0.0036305913235992193,0.00010527808626648039,0.0026976943481713533,0.9496618509292603
vit_b_16_linear,translation_16_down,test_00766,766,4,deer,6,horse,0.9529122114181519,False,9.264293476007879e-05,3.612916043493897e-05,6.632165604969487e-05,0.0007592837791889906,0.021195296198129654,0.024867523461580276,0.9529122114181519,2.966238207591232e-05,2.661851431184914e-05,1.437014634575462e-05
vit_b_16_linear,translation_16_down,test_05218,5218,2,car,2,car,0.9991382360458374,True,4.572996112983674e-05,0.00035792405833490193,0.9991382360458374,7.585610001115128e-05,0.00010054803715320304,5.440359382191673e-05,8.42881272546947e-05,3.9356364140985534e-05,7.000484765740111e-05,3.359622132848017e-05
vit_b_16_linear,translation_16_down,test_02340,2340,8,ship,8,ship,0.9998321533203125,True,4.136309144087136e-05,4.254955274518579e-05,1.7625578038860112e-05,2.9752327463938855e-06,7.96630592958536e-06,6.16400211583823e-06,1.3244857655081432e-05,1.1216210623388179e-05,0.9998321533203125,2.466823934810236e-05
vit_b_16_linear,translation_16_down,test_01954,1954,8,ship,8,ship,0.9945498108863831,True,0.003196685342118144,0.000476919231005013,0.0001985648850677535,4.7797489969525486e-05,8.970110502559692e-05,0.00019009040261153132,0.00032893448951654136,0.00039617635775357485,0.9945498108863831,0.0005253190756775439
vit_b_16_linear,translation_16_down,test_07875,7875,8,ship,8,ship,0.9998144507408142,True,0.00013394032430369407,6.548215424118098e-06,3.370877266206662e-06,3.2343912153010024e-06,1.9397364212636603e-06,5.03090950587648e-06,3.661031541923876e-06,1.004392856884806e-06,0.9998144507408142,2.6874116883846e-05
vit_b_16_linear,translation_16_down,test_03418,3418,6,horse,6,horse,0.9962856769561768,True,0.00015165007789619267,0.0011633093236014247,0.00015884169260971248,0.0004170118772890419,0.0002304046938661486,0.0004968999419361353,0.9962856769561768,0.0005698580644093454,0.00034623383544385433,0.00018013324006460607
vit_b_16_linear,translation_16_down,test_05572,5572,9,truck,9,truck,0.9610900282859802,True,0.001398691674694419,0.003587474813684821,0.0032590085174888372,0.0037977586034685373,0.004768724087625742,0.010005312040448189,0.003580184420570731,0.003779835067689419,0.004733024165034294,0.9610900282859802
vit_b_16_linear,translation_16_down,test_05977,5977,7,monkey,7,monkey,0.9953150749206543,True,0.0001743257453199476,0.0006899623549543321,0.0002253328129881993,0.0010912631405517459,0.00028426526114344597,0.0015422261785715818,0.00028530246345326304,0.9953150749206543,0.00018947456555906683,0.0002028166491072625
vit_b_16_linear,translation_16_down,test_05123,5123,1,bird,1,bird,0.9994596838951111,True,1.4347534488479141e-05,0.9994596838951111,2.6288178560207598e-05,4.704913590103388e-05,4.2193605622742325e-05,4.904145316686481e-05,2.5413368348381482e-05,0.00028509122785180807,2.382977254455909e-05,2.6992242055712268e-05
vit_b_16_linear,translation_16_down,test_05851,5851,9,truck,9,truck,0.9980158805847168,True,5.420562592917122e-05,0.000297195598250255,0.0002685010258574039,0.00022932667343411595,9.358999523101375e-05,0.0005269462708383799,0.00011339811317157,0.00011285749496892095,0.0002881381078623235,0.9980158805847168
vit_b_16_linear,translation_16_down,test_04094,4094,9,truck,9,truck,0.9990863800048828,True,8.028986485442147e-05,0.00015072550741024315,0.00021218416804913431,5.761861757491715e-05,6.079758168198168e-05,0.00013263085565995425,5.953875006525777e-05,4.063137748744339e-05,0.00011923141573788598,0.9990863800048828
vit_b_16_linear,translation_16_down,test_04254,4254,6,horse,6,horse,0.8653280735015869,True,8.731853995413985e-06,1.1275928955001291e-05,8.700932085048407e-06,1.664538103796076e-05,0.13460443913936615,9.103023330681026e-06,0.8653280735015869,6.492045486083953e-06,3.928641035599867e-06,2.615110815895605e-06
vit_b_16_linear,translation_16_down,test_02501,2501,7,monkey,7,monkey,0.9946277737617493,True,6.010910146869719e-05,0.0031591467559337616,6.955920980544761e-05,0.00041769034578464925,0.00022788671776652336,0.0011684730416163802,6.958097219467163e-05,0.9946277737617493,9.846921602729708e-05,0.00010138000652659684
vit_b_16_linear,translation_16_down,test_06938,6938,1,bird,1,bird,0.999792754650116,True,1.428694986316259e-06,0.999792754650116,5.185923328099307e-06,4.756409543915652e-05,8.800830983091146e-06,1.1659307347144932e-05,9.057193892658688e-06,0.00011607578926486894,4.110458576178644e-06,3.2910586469370173e-06
vit_b_16_linear,translation_16_down,test_00171,171,4,deer,4,deer,0.9970779418945312,True,0.0002809892757795751,0.000393790629459545,0.00012195511226309463,0.000719657342415303,0.9970779418945312,0.0005955854430794716,0.00039480821578763425,7.106275734258816e-05,0.00020117721578571945,0.00014288446982391179
vit_b_16_linear,translation_16_down,test_04215,4215,3,cat,3,cat,0.9913088083267212,True,0.0005589541979134083,0.0010970401344820857,0.00010132366878679022,0.9913088083267212,0.0016556094633415341,0.0004019069892819971,0.0002745370438788086,0.0031210186425596476,0.0005948981270194054,0.0008858804940246046
vit_b_16_linear,translation_16_down,test_05705,5705,8,ship,8,ship,0.9985113739967346,True,3.223490421078168e-05,0.0006740172975696623,8.410152804572135e-05,8.074469224084169e-05,7.707416807534173e-05,0.00022857915610074997,0.0001209826732520014,9.2875532573089e-05,0.9985113739967346,9.794868674362078e-05
vit_b_16_linear,translation_16_down,test_03458,3458,4,deer,4,deer,0.9974876642227173,True,1.612781488802284e-05,1.4265195204643533e-05,1.056234395946376e-05,2.024575587711297e-05,0.9974876642227173,1.0786794518935494e-05,0.002347030909731984,5.5335120123345405e-05,2.5958954211091623e-05,1.2019890164083336e-05
vit_b_16_linear,translation_16_down,test_01220,1220,7,monkey,7,monkey,0.9992603659629822,True,7.271260074048769e-06,0.00015736545901745558,1.5156601875787601e-05,0.00014580432616639882,6.0790196585003287e-05,0.00030720437644049525,6.918291092006257e-06,0.9992603659629822,2.1464829842443578e-05,1.7639993529883213e-05
vit_b_16_linear,translation_16_down,test_00962,962,8,ship,8,ship,0.9999449253082275,True,1.6572646927670576e-05,7.84380426921416e-06,1.8397622625343502e-06,4.37162998423446e-06,1.597989466972649e-06,7.696449756622314e-06,6.833388397353701e-06,2.453932438584161e-06,0.9999449253082275,5.802010491606779e-06
vit_b_16_linear,translation_16_down,test_02950,2950,5,dog,5,dog,0.9954671859741211,True,0.00036982595338486135,0.0005903549608774483,0.0005541863502003253,0.0006379598053172231,0.0013254187069833279,0.9954671859741211,0.00015356417861767113,0.00017226180352736264,0.0003884505422320217,0.00034085108200088143
vit_b_16_linear,translation_16_down,test_02623,2623,5,dog,5,dog,0.8704017400741577,True,0.003079227404668927,0.007792433258146048,0.007413302548229694,0.006260094698518515,0.083841972053051,0.8704017400741577,0.001258369768038392,0.0070320963859558105,0.0060418047942221165,0.0068788412027060986
vit_b_16_linear,translation_16_down,test_04539,4539,0,airplane,0,airplane,0.9996726512908936,True,0.9996726512908936,1.786004395398777e-05,1.598972812644206e-05,3.372799255885184e-05,2.382789352850523e-05,0.00012085499474778771,1.0272036888636649e-05,3.886650665663183e-05,6.197661423357204e-05,4.044706201966619e-06
vit_b_16_linear,translation_16_down,test_01553,1553,0,airplane,0,airplane,0.996970534324646,True,0.996970534324646,0.0007602234836667776,0.00042185248457826674,6.121648038970307e-05,5.193151082494296e-05,7.182730769272894e-05,0.0001563817058922723,6.473252142313868e-05,0.0008956823730841279,0.0005455213831737638
vit_b_16_linear,translation_16_down,test_04740,4740,4,deer,4,deer,0.8828414678573608,True,6.14552409388125e-05,7.812826515873894e-05,0.00039280205965042114,5.806215267512016e-05,0.8828414678573608,0.0019427865045145154,0.1144166886806488,7.839658064767718e-05,4.086075205123052e-05,8.93430260475725e-05
vit_b_16_linear,translation_16_down,test_06844,6844,0,airplane,0,airplane,0.9997219443321228,True,0.9997219443321228,3.980617839260958e-05,3.489266964606941e-05,1.5407184037030675e-05,2.0790486814803444e-05,7.789910887368023e-05,1.2371062439342495e-05,2.7090887670055963e-05,4.2422259866725653e-05,7.3974974839075e-06
vit_b_16_linear,translation_16_down,test_02668,2668,7,monkey,7,monkey,0.9973888993263245,True,1.6908481484279037e-05,0.0015932383248582482,3.301282413303852e-05,0.00035731648677028716,0.00022694630024489015,0.00026680537848733366,2.0379966372274794e-05,0.9973888993263245,5.6403976486762986e-05,4.015723607153632e-05
vit_b_16_linear,translation_16_down,test_03153,3153,7,monkey,7,monkey,0.9954460859298706,True,4.471772990655154e-05,0.001891357242129743,0.00010499996278667822,0.0009451939258724451,0.000522586633451283,0.0008089766488410532,6.680915976176038e-05,0.9954460859298706,9.405970922671258e-05,7.526542322011665e-05
vit_b_16_linear,translation_16_down,test_05135,5135,4,deer,3,cat,0.7417303919792175,False,0.00030356203205883503,0.00019456060545053333,7.736658153589815e-05,0.7417303919792175,0.2565343379974365,8.122404688037932e-05,0.0008516466477885842,1.6116500773932785e-05,7.312127127079293e-05,0.00013756169937551022
vit_b_16_linear,translation_16_down,test_02291,2291,3,cat,3,cat,0.9113260507583618,True,0.0004322208114899695,0.01815137080848217,0.0019739035051316023,0.9113260507583618,0.01882520131766796,0.003496095770969987,0.003243482206016779,0.04069970175623894,0.001243703649379313,0.0006082262843847275
vit_b_16_linear,translation_16_down,test_00116,116,1,bird,1,bird,0.9999786615371704,True,2.4742932964727515e-06,0.9999786615371704,1.7478813560956041e-06,5.802776286145672e-06,6.466717081821116e-07,4.701950047092396e-07,5.350628725864226e-06,2.079853402392473e-06,1.4804129477852257e-06,1.3337122481971164e-06
vit_b_16_linear,translation_16_down,test_07797,7797,3,cat,3,cat,0.9982130527496338,True,5.167697963770479e-05,0.000698727264534682,2.3120062905945815e-05,0.9982130527496338,4.990353045286611e-05,9.085539204534143e-05,3.0393615816137753e-05,0.0007470742566511035,6.765289435861632e-05,2.7619862521532923e-05
vit_b_16_linear,translation_16_down,test_04609,4609,3,cat,3,cat,0.9997015595436096,True,3.042567550437525e-05,4.676033859141171e-05,1.3479273548000492e-05,0.9997015595436096,9.483008034294471e-05,4.086116314283572e-05,2.1219466361799277e-05,1.3291689356265124e-05,2.2003543563187122e-05,1.5357200027210638e-05
vit_b_16_linear,translation_16_down,test_00081,81,0,airplane,0,airplane,0.9972586631774902,True,0.9972586631774902,0.0001485481479903683,0.0004693357623182237,5.4317410103976727e-05,0.00018236864707432687,0.00016001555195543915,0.0002726747188717127,0.00029430072754621506,0.0005446862196549773,0.0006148972897790372
vit_b_16_linear,translation_16_down,test_05580,5580,6,horse,6,horse,0.5141458511352539,True,0.0005206525675021112,0.000562002940569073,0.00016438236343674362,8.149056520778686e-05,0.0013707331381738186,0.48265138268470764,0.5141458511352539,4.714855458587408e-05,0.0003342999843880534,0.00012212924775667489
vit_b_16_linear,translation_16_down,test_03024,3024,2,car,2,car,0.9994106292724609,True,3.41855084116105e-05,0.00024200721236411482,0.9994106292724609,9.83899153652601e-05,6.238972127903253e-05,5.509439870365895e-05,3.368829857208766e-05,1.0233825378236361e-05,5.06096585013438e-05,2.7369030703994213e-06
vit_b_16_linear,translation_16_down,test_02766,2766,5,dog,5,dog,0.9927266836166382,True,0.0002998795243911445,0.00043162747169844806,0.00020403022062964737,0.0002246649528387934,0.001265165163204074,0.9927266836166382,0.003879477269947529,6.117533484939486e-05,0.000613201642408967,0.0002939083206001669
vit_b_16_linear,translation_16_down,test_05000,5000,8,ship,8,ship,0.9996403455734253,True,0.0002623933833092451,1.0580817615846172e-05,2.1526977434405126e-05,1.172461543319514e-05,6.845798452559393e-06,1.67678008438088e-05,1.7067286535166204e-05,8.16202737041749e-06,0.9996403455734253,4.512080067797797e-06
vit_b_16_linear,translation_16_down,test_02610,2610,6,horse,6,horse,0.9984402060508728,True,1.5615280062775128e-05,1.682929359958507e-05,1.2499946933530737e-05,4.9677248171065e-05,0.001440883381292224,2.9555842502304586e-06,0.9984402060508728,8.295894076582044e-06,3.2798996016936144e-06,9.683772077551112e-06
vit_b_16_linear,translation_16_down,test_02024,2024,0,airplane,0,airplane,0.9961962699890137,True,0.9961962699890137,0.0003678897046484053,0.0010746094631031156,0.00015130768588278443,0.0003715706698130816,0.0009328319574706256,0.00014756237214896828,6.30922950222157e-05,0.00044070082367397845,0.0002541456196922809
vit_b_16_linear,translation_16_down,test_06097,6097,4,deer,4,deer,0.997822642326355,True,4.448584149940871e-05,2.3631637304788455e-05,2.8652619221247733e-05,0.00013089126150589436,0.997822642326355,2.7515799956745468e-05,0.0018177644815295935,3.207888585166074e-05,3.4655851777642965e-05,3.776184530579485e-05
vit_b_16_linear,translation_16_down,test_00964,964,6,horse,6,horse,0.993036687374115,True,0.00012062886526109651,0.00011359516793163493,0.0005030588363297284,0.0014172426890581846,0.0027636538725346327,0.0017931454349309206,0.993036687374115,7.974328036652878e-05,0.00010575164924375713,6.655725883319974e-05
vit_b_16_linear,translation_16_down,test_07634,7634,0,airplane,0,airplane,0.9990639090538025,True,0.9990639090538025,4.296829501981847e-05,6.786824087612331e-05,2.2546490072272718e-05,1.2792308552889153e-05,0.00011758440086850896,4.014301157440059e-05,5.187723218114115e-05,0.0005624133045785129,1.794817035261076e-05
vit_b_16_linear,translation_16_down,test_06434,6434,8,ship,8,ship,0.9999891519546509,True,3.27035581904056e-06,6.810753347963328e-07,5.685097335117462e-07,9.023625580084627e-07,1.53462792695791e-06,5.934391538175987e-07,4.372433579646895e-07,8.555088584216719e-07,0.9999891519546509,1.99380292542628e-06
vit_b_16_linear,translation_16_down,test_05183,5183,2,car,2,car,0.9991588592529297,True,0.00014355704479385167,0.0003641107177827507,0.9991588592529297,4.242825889377855e-05,2.1611249394482e-05,7.711598300375044e-05,9.60643301368691e-05,2.6074905690620653e-05,4.8971225623972714e-05,2.129264066752512e-05
vit_b_16_linear,translation_16_down,test_06986,6986,0,airplane,0,airplane,0.9973894953727722,True,0.9973894953727722,8.015678031370044e-05,2.6110825274372473e-05,1.1137983165099286e-05,2.8504427973530255e-05,0.00013014452997595072,4.619084938894957e-05,1.549936132505536e-05,0.0022430906537920237,2.9637993065989576e-05
vit_b_16_linear,translation_16_down,test_00645,645,5,dog,5,dog,0.9989688396453857,True,8.382944361073896e-05,7.417109736707062e-05,7.691595237702131e-05,0.0001271869841730222,0.00013599364319816232,0.9989688396453857,0.00045181490713730454,4.2176743590971455e-05,2.5721097699715756e-05,1.3373000911087729e-05
vit_b_16_linear,translation_16_down,test_03347,3347,0,airplane,0,airplane,0.9998494386672974,True,0.9998494386672974,1.2371660886856262e-05,1.0096376172441524e-05,1.6050202248152345e-05,1.1640658158285078e-05,9.900075383484364e-06,8.649950359540526e-06,1.0839364222192671e-05,6.650239083683118e-05,4.326821454014862e-06
vit_b_16_linear,translation_16_down,test_05677,5677,2,car,2,car,0.9998202919960022,True,1.2050286386511289e-05,2.4176319129765034e-05,0.9998202919960022,1.0905760973400902e-05,1.564321792102419e-05,2.3853001493989723e-06,6.435156478801218e-07,5.829433121107286e-06,1.5005421118985396e-05,9.307251457357779e-05
vit_b_16_linear,translation_16_down,test_03412,3412,8,ship,8,ship,0.999208390712738,True,0.000356551114236936,0.00010278527770424262,9.6238283731509e-05,1.0651453521859366e-05,4.033037112094462e-05,5.06390024384018e-05,3.5619272239273414e-05,4.4632073695538566e-05,0.999208390712738,5.417659122031182e-05
vit_b_16_linear,translation_16_down,test_03937,3937,1,bird,1,bird,0.9981945157051086,True,4.706851905211806e-05,0.9981945157051086,0.00012308072473388165,0.00043087592348456383,0.0002447549195494503,8.748195978114381e-05,0.00011940375406993553,0.00045091629726812243,0.0001175142388092354,0.00018446322064846754
vit_b_16_linear,translation_16_down,test_00873,873,6,horse,6,horse,0.9994885921478271,True,4.3679219743353315e-06,8.093375072348863e-06,2.774111089820508e-05,0.00042016716906800866,3.998314423370175e-05,6.233484327822225e-06,0.9994885921478271,3.7917962458777765e-07,3.159635980409803e-06,1.167697178061644e-06
vit_b_16_linear,translation_16_down,test_02167,2167,9,truck,9,truck,0.9995267391204834,True,4.7721299779368564e-05,0.0001205271837534383,7.005050429143012e-05,3.591596760088578e-05,3.0142400646582246e-05,8.753249130677432e-05,3.564608778106049e-05,1.9252722267992795e-05,2.6494015401112847e-05,0.9995267391204834
vit_b_16_linear,translation_16_down,test_06490,6490,3,cat,3,cat,0.9832348823547363,True,0.001568222651258111,0.002763184951618314,0.0012899460271000862,0.9832348823547363,0.0009886992629617453,0.006731976289302111,0.0007095370092429221,0.0006514170672744513,0.0011242924956604838,0.0009378598188050091
vit_b_16_linear,translation_16_down,test_00738,738,3,cat,3,cat,0.8860117793083191,True,0.006076480727642775,0.007458394393324852,0.0006903600296936929,0.8860117793083191,0.05898052081465721,0.03130495175719261,0.006523157469928265,6.108564411988482e-05,0.0015649986453354359,0.0013283262960612774
vit_b_16_linear,translation_16_down,test_06616,6616,2,car,2,car,0.9993723034858704,True,0.0001274685055250302,0.00012665010581258684,0.9993723034858704,2.9128994356142357e-05,2.2709860786562786e-05,0.00013957696501165628,9.732173930387944e-05,1.0898213076870888e-05,6.157323514344171e-05,1.2300772141315974e-05
vit_b_16_linear,translation_16_down,test_04093,4093,6,horse,6,horse,0.9976757168769836,True,4.218417598167434e-05,1.4147417459753342e-05,0.0001372971455566585,6.982655031606555e-05,0.0017525949515402317,0.0001431412238162011,0.9976757168769836,2.7105657864012755e-05,4.8313962906831875e-05,8.9700122771319e-05
vit_b_16_linear,translation_16_down,test_05788,5788,9,truck,9,truck,0.9999896287918091,True,1.5177321301962365e-06,1.913274218168226e-06,6.453228138525446e-07,4.7556127924508473e-07,9.501085855845304e-07,9.780486607269268e-07,2.7284977477393113e-07,3.352581074977934e-07,3.224424062864273e-06,0.9999896287918091
vit_b_16_linear,translation_16_down,test_07818,7818,8,ship,8,ship,0.9966476559638977,True,0.0006536211003549397,0.0003440602158661932,0.000827945361379534,0.00019672047346830368,0.0001683968584984541,0.0005338054033927619,0.00024184065114241093,0.00015251158038154244,0.9966476559638977,0.00023345832596533
vit_b_16_linear,translation_16_down,test_00304,304,1,bird,1,bird,0.943466305732727,True,0.0006938145379535854,0.943466305732727,0.00029278869624249637,0.0032148610334843397,0.01100879441946745,0.0008876731153577566,0.0005891422624699771,0.03820538520812988,0.0007372921681962907,0.0009040689328685403
vit_b_16_linear,translation_16_down,test_02082,2082,2,car,2,car,0.9990234375,True,0.00014112719509284943,0.00015282380627468228,0.9990234375,6.112325354479253e-05,8.591094228904694e-05,0.00033640305628068745,4.820546382688917e-05,2.7975032935501076e-05,0.00010427155939396471,1.866557249741163e-05
vit_b_16_linear,translation_16_down,test_02746,2746,7,monkey,7,monkey,0.9985503554344177,True,6.993667284405092e-06,0.0011945116566494107,7.315871698665433e-06,0.00010317578562535346,9.897345080389641e-06,5.878213050891645e-05,3.664835458039306e-05,0.9985503554344177,2.245353243779391e-05,9.707680874271318e-06
vit_b_16_linear,translation_16_down,test_07944,7944,4,deer,4,deer,0.9606442451477051,True,0.0022589839063584805,0.0011945306323468685,0.0013260158011689782,0.0011882156832143664,0.9606442451477051,0.003415760351344943,0.026378612965345383,0.00025316988467238843,0.0011957177193835378,0.002144785365089774
vit_b_16_linear,translation_16_down,test_06689,6689,8,ship,8,ship,0.8936408162117004,True,0.010353101417422295,0.00039557446143589914,0.0009687269339337945,0.0001349394442513585,0.0004109104920644313,0.0002848479780368507,0.00032284893677569926,0.0001015007946989499,0.8936408162117004,0.09338683634996414
vit_b_16_linear,translation_16_down,test_02414,2414,9,truck,9,truck,0.9872734546661377,True,0.0025215139612555504,0.0013438304886221886,0.0035651219077408314,0.0006638617487624288,0.0007962611853145063,0.00032629910856485367,0.00018925039330497384,2.6161362256971188e-05,0.003294252324849367,0.9872734546661377
vit_b_16_linear,translation_16_down,test_03779,3779,6,horse,6,horse,0.9975874423980713,True,8.392727613681927e-05,1.58349794219248e-05,2.688131462491583e-05,9.271343151340261e-05,0.0005738274776376784,0.0002524087321944535,0.9975874423980713,0.00132328225299716,3.192037547705695e-05,1.1896678188350052e-05
vit_b_16_linear,translation_16_down,test_02095,2095,1,bird,1,bird,0.9933819770812988,True,0.0001928234996739775,0.9933819770812988,0.00010052861034637317,0.001016543130390346,0.0007175065111368895,0.00011709118552971631,0.00011682805779855698,0.003415880724787712,0.000685729319229722,0.0002551331417635083
vit_b_16_linear,translation_16_down,test_07262,7262,0,airplane,0,airplane,0.9997772574424744,True,0.9997772574424744,1.4838381503068376e-05,2.0753106582560576e-05,1.6861909898580052e-05,1.2002869880234357e-05,8.582757436670363e-05,7.678283509449102e-06,3.496709177852608e-05,2.482081254129298e-05,5.159264219400939e-06
vit_b_16_linear,translation_16_down,test_05694,5694,8,ship,8,ship,0.9963787198066711,True,5.4070173064246774e-05,0.001030875719152391,0.00016337435226887465,0.0005345321260392666,0.0001643847645027563,0.0006139295292086899,0.00043485802598297596,0.0002757219772320241,0.9963787198066711,0.00034961654455401003
vit_b_16_linear,translation_16_down,test_07413,7413,5,dog,5,dog,0.9296167492866516,True,0.0007090279250405729,0.004482449032366276,0.0015818432439118624,0.020030207931995392,0.0032385429367423058,0.9296167492866516,0.03287287801504135,0.0038713752292096615,0.00258386111818254,0.0010131117887794971
vit_b_16_linear,translation_16_down,test_06805,6805,1,bird,1,bird,0.7526576519012451,True,0.014049303717911243,0.7526576519012451,0.02325405180454254,0.01033972017467022,0.013078960590064526,0.07448078691959381,0.02421666495501995,0.014733687974512577,0.03938088193535805,0.03380836546421051
vit_b_16_linear,translation_16_down,test_03446,3446,7,monkey,7,monkey,0.9982384443283081,True,1.0848393685591873e-05,0.0011539853876456618,9.827062967815436e-06,0.00044785128557123244,6.135550938779488e-05,2.544719973229803e-05,1.4778966033190954e-05,0.9982384443283081,2.82162527582841e-05,9.316168871009722e-06
vit_b_16_linear,translation_16_down,test_02807,2807,5,dog,3,cat,0.3924291431903839,False,0.004707000683993101,0.043899647891521454,0.0031515667214989662,0.3924291431903839,0.3556201159954071,0.18044054508209229,0.004044794011861086,0.00825589895248413,0.003449327778071165,0.004001981113106012
vit_b_16_linear,translation_16_down,test_07940,7940,4,deer,4,deer,0.9998248219490051,True,4.818341494683409e-06,2.9957134302094346e-06,1.3320859579835087e-06,7.031902350718156e-05,0.9998248219490051,3.269512944825692e-06,8.459239325020462e-05,9.030139267451887e-07,2.696778437893954e-06,4.221700692141894e-06
vit_b_16_linear,translation_16_down,test_04172,4172,7,monkey,7,monkey,0.9987494945526123,True,1.7592261428944767e-05,0.00048373089521192014,3.0765539122512564e-05,0.00025548922712914646,0.00010247279715258628,0.00026461639208719134,1.7973554349737242e-05,0.9987494945526123,4.614108911482617e-05,3.1714334909338504e-05
vit_b_16_linear,translation_16_down,test_07744,7744,3,cat,3,cat,0.8838701844215393,True,0.005695850122720003,0.017437592148780823,0.003413034835830331,0.8838701844215393,0.0030180267058312893,0.06331971287727356,0.0035570438485592604,0.011225296184420586,0.0017646393971517682,0.006698585115373135
vit_b_16_linear,translation_16_down,test_01586,1586,2,car,2,car,0.999911904335022,True,1.531725501990877e-06,1.3465263691614382e-05,0.999911904335022,5.535617219720734e-06,1.4326427844935097e-05,9.482148925599176e-06,1.1204949259990826e-05,3.6038884445588337e-06,1.2117922778998036e-05,1.681933645159006e-05
vit_b_16_linear,translation_16_down,test_07999,7999,8,ship,8,ship,0.9988571405410767,True,0.00021268708223942667,0.000216288332012482,5.5306612921413034e-05,3.679126893985085e-05,0.00010263505100738257,0.00016179963131435215,9.860654245130718e-05,9.167495591100305e-05,0.9988571405410767,0.00016700800915714353
vit_b_16_linear,translation_16_down,test_06349,6349,1,bird,1,bird,0.9997209906578064,True,2.2589974832953885e-05,0.9997209906578064,6.523554475279525e-05,2.975306415464729e-05,3.0440343834925443e-05,8.00871475803433e-06,5.783132291981019e-05,2.1951927919872105e-05,2.1476012989296578e-05,2.1833400751347654e-05
vit_b_16_linear,translation_16_down,test_06594,6594,1,bird,1,bird,0.981006920337677,True,0.0005027662264183164,0.981006920337677,0.0031346073374152184,0.004395118914544582,0.0010274075902998447,0.0024939675349742174,0.0031343307346105576,0.0020319405011832714,0.0016454833094030619,0.0006274567567743361
vit_b_16_linear,translation_16_down,test_02109,2109,8,ship,8,ship,0.9997313618659973,True,8.16761894384399e-05,9.851784852799028e-05,2.243358267151052e-06,1.8267590348841622e-05,7.788465154590085e-06,4.01205979869701e-05,1.0835604371095542e-05,4.8291703933500685e-06,0.9997313618659973,4.284818260202883e-06
vit_b_16_linear,translation_16_down,test_03079,3079,1,bird,1,bird,0.9985484480857849,True,3.187169204466045e-05,0.9985484480857849,7.175502105383202e-05,0.00012856093235313892,0.00014815162285231054,0.00020009333093184978,3.600074342102744e-05,0.0006855154642835259,9.645054524298757e-05,5.3140487580094486e-05
vit_b_16_linear,translation_16_down,test_02070,2070,1,bird,1,bird,0.9935884475708008,True,0.0011276620207354426,0.9935884475708008,0.0007825297652743757,0.0008267175871878862,0.0012413370423018932,0.000979411182925105,0.0004231988568790257,0.000621989369392395,0.00010885097435675561,0.0002997271076310426
vit_b_16_linear,translation_16_down,test_00319,319,5,dog,5,dog,0.9905617833137512,True,0.0010995465563610196,0.0023101114202290773,0.0010760759469121695,0.001375467167235911,0.0009090953972190619,0.9905617833137512,0.0004145721613895148,0.0012773959897458553,0.0005066737066954374,0.0004692011862061918
vit_b_16_linear,translation_16_down,test_02888,2888,0,airplane,0,airplane,0.997738242149353,True,0.997738242149353,0.00046316656516864896,0.00013277932885102928,0.00010907380055868998,6.0645117628155276e-05,0.0004142322577536106,0.0005083514261059463,0.00012564750795718282,0.0002297781320521608,0.00021813252533320338
vit_b_16_linear,translation_16_down,test_06224,6224,5,dog,5,dog,0.9510218501091003,True,0.002034757286310196,0.014082064852118492,0.0023346389643847942,0.006932003423571587,0.0022448748350143433,0.9510218501091003,0.00464163813740015,0.011372432112693787,0.003470769850537181,0.001865104422904551
vit_b_16_linear,translation_16_down,test_03353,3353,5,dog,5,dog,0.8898909687995911,True,0.002624243265017867,0.007115882821381092,0.008118575438857079,0.06689092516899109,0.006206372752785683,0.8898909687995911,0.007936311885714531,0.006494792178273201,0.00345608196221292,0.0012658354826271534
vit_b_16_linear,translation_16_down,test_06244,6244,2,car,2,car,0.999782383441925,True,6.0786373978771735e-06,4.1816907469183207e-05,0.999782383441925,5.808325113321189e-06,1.0708318768593017e-05,2.4188502720789984e-05,1.6998736100504175e-05,4.139909378864104e-06,1.3178267181501724e-05,9.455606777919456e-05
vit_b_16_linear,translation_16_down,test_04704,4704,7,monkey,7,monkey,0.9996954202651978,True,8.486857041134499e-06,0.00011470529716461897,5.1134356908733025e-06,4.9516831495566294e-05,2.8282265702728182e-05,6.884447793709114e-05,9.974957720260136e-06,0.9996954202651978,1.2320590030867606e-05,7.372538675554097e-06
vit_b_16_linear,translation_16_down,test_02427,2427,5,dog,5,dog,0.9931817650794983,True,0.00022456567967310548,0.0005440865643322468,0.0002697032759897411,0.0012561201583594084,0.0018733842298388481,0.9931817650794983,0.00029909313889220357,0.001467403257265687,0.0005589349311776459,0.00032483655377291143
vit_b_16_linear,translation_16_down,test_07995,7995,9,truck,9,truck,0.7114884257316589,True,0.0035008913837373257,0.00020926048455294222,0.28203654289245605,0.00012618752953130752,0.0007283778395503759,0.00023877181229181588,0.0004225781303830445,4.493870073929429e-05,0.001204020343720913,0.7114884257316589
vit_b_16_linear,translation_16_down,test_01124,1124,4,deer,4,deer,0.999321699142456,True,7.588291191495955e-05,1.0384152119513601e-05,1.4503931197396014e-05,0.00014904438285157084,0.999321699142456,4.738370989798568e-05,0.00032578138052485883,3.4010304261755664e-06,1.7201829905388877e-05,3.4634413168532774e-05
vit_b_16_linear,translation_16_down,test_06733,6733,1,bird,1,bird,0.9883783459663391,True,0.0007140300003811717,0.9883783459663391,0.0006603181827813387,0.0018484770553186536,0.0014319849433377385,0.0020991673227399588,0.000518956920132041,0.0023956000804901123,0.0012544662458822131,0.0006987085216678679
vit_b_16_linear,translation_16_down,test_02062,2062,9,truck,9,truck,0.9984436631202698,True,4.34594476246275e-05,9.431264334125444e-05,0.0006096272263675928,8.371029980480671e-05,4.396682925289497e-05,0.0003578917239792645,0.00011743499635485932,2.7681811843649484e-05,0.00017826564726419747,0.9984436631202698
vit_b_16_linear,translation_16_down,test_00805,805,9,truck,9,truck,0.9984893798828125,True,0.0003565149672795087,3.637862391769886e-05,0.0006897556595504284,4.2585426854202524e-05,0.00013971790031064302,4.243590956320986e-05,1.5978752344381064e-05,4.604350033332594e-05,0.00014113140059635043,0.9984893798828125
vit_b_16_linear,translation_16_down,test_02028,2028,3,cat,3,cat,0.9996860027313232,True,1.3556838894146495e-05,6.882729212520644e-05,3.135853694402613e-05,0.9996860027313232,4.900435305899009e-05,1.639129732211586e-05,4.056463512824848e-05,6.540309641422937e-06,6.695233605569229e-05,2.085447522404138e-05
vit_b_16_linear,translation_16_down,test_02392,2392,2,car,2,car,0.9997583031654358,True,1.1337006071698852e-05,2.4452601792290807e-05,0.9997583031654358,8.289571269415319e-06,1.3800617125525605e-05,9.962162039300893e-06,3.055397974094376e-05,9.494060577708296e-07,6.893527461215854e-05,7.335771078942344e-05
vit_b_16_linear,translation_16_down,test_03292,3292,6,horse,6,horse,0.9655747413635254,True,0.0039961752481758595,0.005835345946252346,0.007508083246648312,0.0016724166925996542,0.009050882421433926,0.003304101759567857,0.9655747413635254,0.0012066529598087072,0.001250131637789309,0.0006014559767208993
vit_b_16_linear,translation_16_down,test_01440,1440,7,monkey,7,monkey,0.9996175765991211,True,1.390482884744415e-05,8.326555689563975e-05,1.1069510946981609e-05,7.37836817279458e-05,1.4759171790501568e-05,0.00013273592048790306,2.9170258130761795e-05,0.9996175765991211,1.217900626215851e-05,1.1586860637180507e-05
vit_b_16_linear,translation_16_down,test_01115,1115,1,bird,1,bird,0.9826140999794006,True,0.0007173127378337085,0.9826140999794006,0.0026309334207326174,0.0014813417801633477,0.006966033019125462,0.0006515846471302211,0.002640096005052328,0.00016023829812183976,0.0010451296111568809,0.0010931988945230842
vit_b_16_linear,translation_16_down,test_04242,4242,8,ship,8,ship,0.995488703250885,True,0.0003099862951785326,0.0005000458913855255,0.0002658852026797831,0.00048326217802241445,0.00020375223539303988,0.001262668170966208,0.0004394926654640585,0.0005312409484758973,0.995488703250885,0.0005148767377249897
vit_b_16_linear,translation_16_down,test_02230,2230,8,ship,8,ship,0.9960869550704956,True,0.0021256012842059135,6.604811642318964e-05,0.0012291172752156854,7.006698524492094e-06,0.00010697821562644094,1.4739758626092225e-05,0.00012624157534446567,1.8745158740784973e-05,0.9960869550704956,0.00021865885355509818
vit_b_16_linear,translation_16_down,test_03163,3163,2,car,2,car,0.9998962879180908,True,7.6225996963330545e-06,6.564471277670236e-06,0.9998962879180908,1.8977173112944001e-06,2.062472731267917e-06,4.684778832597658e-05,2.822074748110026e-05,1.5552645891148131e-06,7.03761406839476e-06,1.8814861277860473e-06
vit_b_16_linear,translation_16_down,test_00545,545,6,horse,6,horse,0.9959301352500916,True,0.00017898160149343312,0.00042478099931031466,0.0005061441333964467,0.000234036982874386,0.0002975183888338506,0.0016189515590667725,0.9959301352500916,0.0002330045390408486,0.00033718685153871775,0.00023926209541969
vit_b_16_linear,translation_16_down,test_03863,3863,5,dog,5,dog,0.9824387431144714,True,0.0008564165909774601,0.0030741055961698294,0.00089832185767591,0.0034812591038644314,0.0027011821512132883,0.9824387431144714,0.0022792844101786613,0.0015730212908238173,0.0017770546255633235,0.0009207183611579239
vit_b_16_linear,translation_16_down,test_04748,4748,7,monkey,7,monkey,0.9943291544914246,True,6.53128809062764e-05,0.004260743036866188,6.274875340750441e-05,0.0003776057856157422,0.00012091102689737454,0.00042989786015823483,0.00010579117952147499,0.9943291544914246,0.00018970940436702222,5.8179906773148105e-05
vit_b_16_linear,translation_16_down,test_02399,2399,4,deer,4,deer,0.9877870678901672,True,0.00011224166519241408,4.6094166464172304e-05,5.080721530248411e-05,6.37871416984126e-05,0.9877870678901672,0.0005381663795560598,0.01110068242996931,6.828139157732949e-05,0.0001257309631910175,0.00010706947068683803
vit_b_16_linear,translation_16_down,test_04341,4341,6,horse,6,horse,0.9994039535522461,True,0.00010874798317672685,1.5812804122106172e-05,6.363876309478655e-05,8.339563646586612e-05,8.3894919953309e-05,1.2985865396331064e-05,0.9994039535522461,2.6416690161568113e-05,6.468957872129977e-05,0.00013638102973345667
vit_b_16_linear,translation_16_down,test_03078,3078,4,deer,4,deer,0.995590090751648,True,2.3505928766098805e-05,0.0003206401306670159,2.3039965526550077e-05,0.0034164288081228733,0.995590090751648,0.00013938966731075197,0.00033979464205913246,7.595209353894461e-06,5.532479553949088e-05,8.431576134171337e-05
vit_b_16_linear,translation_16_down,test_03763,3763,4,deer,4,deer,0.996393620967865,True,0.00013377542200032622,0.00015019818965811282,0.000147607788676396,0.00023034351761452854,0.996393620967865,0.0004209322214592248,0.001995912054553628,0.00022405816707760096,0.00015947336214594543,0.00014398290659300983
vit_b_16_linear,translation_16_down,test_02958,2958,6,horse,6,horse,0.9934090375900269,True,0.0005826604319736362,0.0011642355239018798,0.0005507468595169485,0.0009647604892961681,0.0002860825334209949,0.0003580368938855827,0.9934090375900269,0.000551000062841922,0.0017089074244722724,0.00042454441427253187
vit_b_16_linear,translation_16_down,test_06381,6381,6,horse,6,horse,0.996029257774353,True,0.00027320507797412574,0.0002630860253702849,0.0002570607466623187,7.306011684704572e-05,0.00010110227594850585,0.0026614228263497353,0.996029257774353,7.611909677507356e-05,0.00020656103151850402,5.9071498981211334e-05
vit_b_16_linear,translation_16_down,test_01640,1640,8,ship,8,ship,0.9512887597084045,True,0.02781139686703682,0.0020224100444465876,0.0005913643399253488,0.0014553244691342115,0.0012499873992055655,0.0030950382351875305,0.0031550037674605846,0.007247562520205975,0.9512887597084045,0.002083051251247525
vit_b_16_linear,translation_16_down,test_01783,1783,8,ship,8,ship,0.9997919201850891,True,4.7657864342909306e-05,3.907009158865549e-05,1.0418923920951784e-05,9.052712812263053e-06,6.516837402159581e-06,7.187754818005487e-05,9.508738003205508e-06,5.306186722009443e-06,0.9997919201850891,8.67802373250015e-06
vit_b_16_linear,translation_16_down,test_03914,3914,3,cat,3,cat,0.9999405145645142,True,3.898115210176911e-06,1.643303949094843e-05,5.295953087625094e-06,0.9999405145645142,1.0468611435499042e-05,8.883774171408731e-06,4.504533990257187e-06,2.7972487259830814e-06,4.836292191612301e-06,2.23046322389564e-06
vit_b_16_linear,translation_16_down,test_01534,1534,6,horse,6,horse,0.9978420734405518,True,1.3148602192813996e-05,4.531917966232868e-06,2.3632524971617386e-05,4.945610271533951e-05,0.001333467778749764,0.0005198836443014443,0.9978420734405518,1.0628493328113109e-05,0.00016208796296268702,4.0997383621288463e-05
vit_b_16_linear,translation_16_down,test_00685,685,5,dog,5,dog,0.9978027939796448,True,0.00011580796854104847,0.0002376961929257959,0.00018451694631949067,0.0006164502701722085,0.00030138445436023176,0.9978027939796448,0.0003500192833598703,0.00015236598846968263,0.00018490890215616673,5.4054999054642394e-05
vit_b_16_linear,translation_16_down,test_04617,4617,0,airplane,0,airplane,0.9998095631599426,True,0.9998095631599426,1.577499097038526e-05,1.2122819498472381e-05,2.161462361982558e-05,8.057721970544662e-06,3.0473887818516232e-05,3.083334013354033e-05,4.238113251631148e-05,1.1756947060348466e-05,1.7241934983758256e-05
vit_b_16_linear,translation_16_down,test_05508,5508,9,truck,9,truck,0.999215841293335,True,3.349514372530393e-05,0.00015632383292540908,0.0001950253645190969,3.907894279109314e-05,2.9877064662287012e-05,5.458353189169429e-05,6.600231427000836e-05,2.6788167815539055e-05,0.0001829056127462536,0.999215841293335
vit_b_16_linear,translation_16_down,test_01022,1022,9,truck,9,truck,0.7812957167625427,True,0.0052270544692873955,0.0041180262342095375,0.18827174603939056,0.0015167774399742484,0.0027330247685313225,0.004404652863740921,0.007774066179990768,0.0009962251642718911,0.003662758506834507,0.7812957167625427
vit_b_16_linear,translation_16_down,test_01230,1230,1,bird,1,bird,0.5731902122497559,True,0.008774698711931705,0.5731902122497559,0.01800691895186901,0.12490904331207275,0.023311369121074677,0.029750365763902664,0.021445030346512794,0.1025475263595581,0.06009094417095184,0.03797397390007973
vit_b_16_linear,translation_16_down,test_07475,7475,4,deer,4,deer,0.9896141886711121,True,0.00024197071616072208,7.206341251730919e-05,0.00014188983186613768,0.0001363537012366578,0.9896141886711121,0.0002701531630009413,0.009276350028812885,9.180942288367078e-05,7.589327287860215e-05,7.942275988170877e-05
vit_b_16_linear,translation_16_down,test_05756,5756,2,car,2,car,0.9999172687530518,True,4.03339527110802e-06,1.645500560698565e-05,0.9999172687530518,7.928518243716098e-06,4.519270078162663e-06,2.1664151063305326e-05,1.1996265129710082e-05,2.028488097494119e-06,9.938739822246134e-06,4.104322670173133e-06
vit_b_16_linear,translation_16_down,test_03122,3122,4,deer,4,deer,0.9983915686607361,True,2.9861672373954207e-05,0.00018478947458788753,2.455588401062414e-05,0.0009297599899582565,0.9983915686607361,9.70575820247177e-06,0.0002743203949648887,6.001063866278855e-06,5.0927719712490216e-05,9.843790030572563e-05
vit_b_16_linear,translation_16_down,test_07202,7202,1,bird,1,bird,0.979836642742157,True,0.0007530309376306832,0.979836642742157,0.0012679682113230228,0.0011822832748293877,0.0014466986758634448,0.007469610311090946,0.0012753343908116221,0.004019590560346842,0.0018005314050242305,0.0009482019231654704
vit_b_16_linear,translation_16_down,test_04723,4723,9,truck,9,truck,0.9977832436561584,True,0.001335520762950182,3.675041807582602e-05,0.00022234705102164298,0.00010876926535274833,7.994622137630358e-05,0.0001037296824506484,0.00012462231097742915,1.9778492060140707e-05,0.0001853341091191396,0.9977832436561584
vit_b_16_linear,translation_16_down,test_01552,1552,5,dog,5,dog,0.9986894726753235,True,4.162005279795267e-05,0.00027307451819069684,7.301287405425683e-05,0.00010472234862390906,0.000438772578490898,0.9986894726753235,0.00012650250573642552,0.00011395996261853725,8.856550994096324e-05,5.025874270359054e-05
vit_b_16_linear,translation_16_down,test_00603,603,9,truck,9,truck,0.999658465385437,True,7.66099983593449e-05,6.042107997927815e-05,5.7639077567728236e-05,2.0045574274263345e-05,2.585393849585671e-05,1.6720614439691417e-05,2.026454239967279e-05,2.5280311092501506e-05,3.872506567859091e-05,0.999658465385437
vit_b_16_linear,translation_16_down,test_02861,2861,3,cat,3,cat,0.9988662004470825,True,5.293572030495852e-05,0.00021189317340031266,8.166210318449885e-05,0.9988662004470825,8.080113184405491e-05,0.00019423004414420575,0.00011399154755054042,0.00021141034085303545,0.0001505528052803129,3.641578950919211e-05
vit_b_16_linear,translation_16_down,test_06426,6426,2,car,2,car,0.9999247789382935,True,2.5379224553034874e-06,1.6685082300682552e-05,0.9999247789382935,6.2873582464817446e-06,8.301639354613144e-06,1.693423109827563e-05,1.9098661141470075e-05,1.4901290796842659e-06,3.163723022225895e-06,5.90162585467624e-07
vit_b_16_linear,translation_16_down,test_07864,7864,4,deer,4,deer,0.9904541969299316,True,0.0006862180307507515,0.0011187372729182243,0.0006295013008639216,0.002041197381913662,0.9904541969299316,0.0010650136973708868,0.0014792160363867879,0.0016136385966092348,0.0005545703461393714,0.0003577071474865079
vit_b_16_linear,translation_16_down,test_05729,5729,6,horse,6,horse,0.9985837936401367,True,4.63779506389983e-05,9.514132398180664e-05,7.668902981095016e-05,6.325206777546555e-05,0.0008800640353001654,0.00017975037917494774,0.9985837936401367,2.6319276003050618e-05,2.53141133725876e-05,2.328609480173327e-05
vit_b_16_linear,translation_16_down,test_07474,7474,5,dog,5,dog,0.977971613407135,True,0.005720577668398619,0.0013919005868956447,0.0016917415196076035,0.0044169039465487,0.0009542515035718679,0.977971613407135,0.001781647908501327,0.0016149624716490507,0.0026299466844648123,0.0018264588434249163
vit_b_16_linear,translation_16_down,test_04298,4298,1,bird,1,bird,0.9999853372573853,True,4.939133191328438e-07,0.9999853372573853,6.115556061558891e-07,3.5742232284974307e-06,2.8502495297288988e-06,4.851432890973228e-07,5.825373818879598e-07,5.0788376029231586e-06,2.96882461725545e-07,7.346923212026013e-07
vit_b_16_linear,translation_16_down,test_01175,1175,0,airplane,0,airplane,0.9997912049293518,True,0.9997912049293518,1.2084655281796586e-05,1.5865813111304305e-05,1.6705316738807596e-05,7.776588063279632e-06,7.517776248278096e-05,2.7987483917968348e-05,2.4725757612031884e-05,2.2911486666998826e-05,5.767743914475432e-06
vit_b_16_linear,translation_16_down,test_03454,3454,2,car,2,car,0.999923825263977,True,3.686933951030369e-06,1.989085467357654e-05,0.999923825263977,5.994663297315128e-06,3.269933131377911e-06,3.7546428757195827e-06,1.8099191947840154e-05,2.2705357878294308e-06,1.0193571142735891e-05,9.071564818441402e-06
vit_b_16_linear,translation_16_down,test_02754,2754,3,cat,3,cat,0.9993426203727722,True,1.6709322153474204e-05,0.0002473328204359859,2.2517448087455705e-05,0.9993426203727722,1.7631791706662625e-05,0.00015305528359021991,4.118071956327185e-05,7.02644611010328e-05,7.594698399771005e-05,1.2683724889939185e-05
vit_b_16_linear,translation_16_down,test_00855,855,4,deer,4,deer,0.9979534149169922,True,3.143435242236592e-05,3.345346340211108e-05,2.8280734113650396e-05,0.0001760106097208336,0.9979534149169922,8.517166861565784e-06,0.0016595242777839303,8.560268724977504e-06,1.1923672900593374e-05,8.871409954736009e-05
vit_b_16_linear,translation_16_down,test_02854,2854,7,monkey,7,monkey,0.9968096613883972,True,1.5395256923511624e-05,0.0013119863579049706,2.3488601073040627e-05,0.0006863079033792019,0.0008395551121793687,0.00021788565209135413,2.871035940188449e-05,0.9968096613883972,3.691049278131686e-05,3.0120927476673387e-05
vit_b_16_linear,translation_16_down,test_05092,5092,1,bird,1,bird,0.9998652935028076,True,3.885996648023138e-06,0.9998652935028076,1.5201803762465715e-05,1.5161163901211694e-05,4.6045606723055243e-05,5.6315116125915665e-06,4.485672434384469e-06,2.7314363251207396e-05,1.1480123248475138e-05,5.49427295482019e-06
vit_b_16_linear,translation_16_down,test_05590,5590,9,truck,9,truck,0.9952557682991028,True,0.0010184834245592356,0.0003146171220578253,0.000562150264158845,0.0007418346358463168,0.00024326497805304825,0.00042672621202655137,0.0008498899987898767,0.00011637925490504131,0.00047083149547688663,0.9952557682991028
vit_b_16_linear,translation_16_down,test_04463,4463,3,cat,3,cat,0.9999614953994751,True,8.892160963114293e-07,6.130525889602723e-06,7.829266905901022e-07,0.9999614953994751,5.672194674843922e-06,1.8858197563531576e-06,2.7748135380534222e-06,1.1240139428991824e-05,7.093780368450098e-06,1.9782964955084026e-06
vit_b_16_linear,translation_16_down,test_05318,5318,2,car,2,car,0.9949270486831665,True,0.001198787591420114,0.0020298860035836697,0.9949270486831665,6.418299017241225e-05,0.00024974465486593544,0.0004808654775843024,0.0005682500777766109,0.00016172791947610676,0.00014029728481546044,0.00017919190577231348
vit_b_16_linear,translation_16_down,test_03515,3515,6,horse,4,deer,0.773393988609314,False,3.4921216865768656e-05,2.9369981348281726e-05,1.9976567273261026e-05,8.292518759844825e-05,0.773393988609314,1.6391832105000503e-05,0.2263578176498413,9.402890100318473e-06,1.292433989874553e-05,4.2273499275324866e-05
vit_b_16_linear,translation_16_down,test_04642,4642,4,deer,4,deer,0.9976050853729248,True,5.2748568123206496e-05,0.0001335247216047719,3.397314503672533e-05,0.0008173201349563897,0.9976050853729248,0.00013900444901082665,0.0010123735992237926,4.7938381612766534e-05,7.89401528891176e-05,7.892961730249226e-05
vit_b_16_linear,translation_16_down,test_00852,852,9,truck,9,truck,0.9994592070579529,True,1.4773717339267023e-05,4.5621447497978806e-05,5.6399097957182676e-05,5.897927985643037e-05,2.9006307158851996e-05,7.766688213450834e-05,5.6361295719398186e-05,2.4544076950405724e-05,0.0001773881958797574,0.9994592070579529
vit_b_16_linear,translation_16_down,test_01247,1247,8,ship,8,ship,0.9920074939727783,True,0.0003690921585075557,0.0011814874596893787,0.0006532492698170245,0.0007503230008296669,0.0004015722661279142,0.0014647523639723659,0.0009515816927887499,0.0017576742684468627,0.9920074939727783,0.0004627700545825064
vit_b_16_linear,translation_16_down,test_07084,7084,2,car,2,car,0.9999324083328247,True,2.864371708710678e-06,1.884755511127878e-05,0.9999324083328247,7.833591553207953e-06,1.2151072041888256e-05,8.477194569422863e-06,3.5345922242413508e-06,1.0428713039800641e-06,8.238827831519302e-06,4.5549140850198455e-06
vit_b_16_linear,translation_16_down,test_05301,5301,9,truck,9,truck,0.8942793011665344,True,0.005301673896610737,0.005409293808043003,0.05029524862766266,0.0014812865993008018,0.003996438812464476,0.0058644013479352,0.0044428277760744095,0.003039121627807617,0.025890355929732323,0.8942793011665344
vit_b_16_linear,translation_16_down,test_05082,5082,6,horse,6,horse,0.9843313097953796,True,0.0009512310498394072,0.004629411268979311,0.0008328661788254976,0.0016946526011452079,0.0006308776792138815,0.0025790524668991566,0.9843313097953796,0.0014713261043652892,0.0019518849439918995,0.0009274296462535858
vit_b_16_linear,translation_16_down,test_05077,5077,4,deer,4,deer,0.9960749745368958,True,4.0062095649773255e-05,0.0005073270876891911,4.18717936554458e-05,0.0003752422344405204,0.9960749745368958,3.81553327315487e-05,0.0028072413988411427,9.074901754502207e-05,1.3655175280291587e-05,1.0647782801243011e-05
vit_b_16_linear,translation_16_down,test_01563,1563,3,cat,3,cat,0.9943197965621948,True,1.8635593733051792e-05,0.000547717500012368,4.989412263967097e-05,0.9943197965621948,0.00018931289378087968,3.558580283424817e-05,0.00022469781106337905,0.004561475478112698,4.855044244322926e-05,4.261010872141924e-06
vit_b_16_linear,translation_16_down,test_00029,29,7,monkey,7,monkey,0.9987855553627014,True,1.5841693311813287e-05,0.0008697279263287783,5.3833126003155485e-05,0.00014120168634690344,3.807389657595195e-05,3.0134931876091287e-05,2.02657774934778e-05,0.9987855553627014,1.435027843399439e-05,3.095193824265152e-05
vit_b_16_linear,translation_16_down,test_03867,3867,7,monkey,7,monkey,0.9303292036056519,True,0.0013408223167061806,0.026241660118103027,0.0006031148950569332,0.0050947405397892,0.0046796975657343864,0.02800833061337471,0.0009447206393815577,0.9303292036056519,0.0006953895790502429,0.0020623214077204466
vit_b_16_linear,translation_16_down,test_04620,4620,6,horse,6,horse,0.9998062252998352,True,3.998913598479703e-05,1.1141826689708978e-05,1.0263372132612858e-05,4.480911957216449e-05,5.9486435930011794e-05,1.5782461559865624e-05,0.9998062252998352,7.822368388588075e-06,1.4465152844422846e-06,2.9659911433554953e-06
vit_b_16_linear,translation_16_down,test_04065,4065,2,car,2,car,0.9997168183326721,True,1.8633034414961003e-05,3.3795105991885066e-05,0.9997168183326721,2.130036591552198e-05,2.6301586331101134e-05,3.509335874696262e-05,3.688282231451012e-05,2.125754690496251e-05,1.5219738088489976e-05,7.470442506019026e-05
vit_b_16_linear,translation_16_down,test_01095,1095,5,dog,5,dog,0.994056224822998,True,0.0002553311351221055,0.0013942901277914643,0.00033567383070476353,0.00036418496165424585,0.001395680825226009,0.994056224822998,0.001122634974308312,0.0005556577234528959,0.0002729623229242861,0.00024727112031541765
vit_b_16_linear,translation_16_down,test_04229,4229,3,cat,3,cat,0.9999788999557495,True,9.866627124210936e-07,9.770401447894983e-06,1.3920943047196488e-06,0.9999788999557495,8.013100227799441e-07,9.350483196612913e-07,3.480406803646474e-06,1.95203529074206e-06,7.205125598375162e-07,1.0226591484752134e-06
vit_b_16_linear,translation_16_down,test_03562,3562,3,cat,3,cat,0.990393340587616,True,0.00027343729743734,0.0008318853215314448,0.00030416203662753105,0.990393340587616,0.0011968945618718863,0.0029783558566123247,0.0008940756670199335,0.002375970361754298,0.0002474272914696485,0.0005044227582402527
vit_b_16_linear,translation_16_down,test_02342,2342,8,ship,8,ship,0.9996570348739624,True,8.156223339028656e-05,7.626246951986104e-05,8.881128451321274e-06,1.0896401363424957e-05,7.473839559679618e-06,4.458726107259281e-05,2.5772123990464024e-05,3.13017844746355e-05,0.9996570348739624,5.626020356430672e-05
vit_b_16_linear,translation_16_down,test_01667,1667,6,horse,6,horse,0.9994945526123047,True,9.483223402639851e-05,2.454927562212106e-05,2.260843393742107e-05,5.183578105061315e-05,6.882433808641508e-05,0.00011763205839088187,0.9994945526123047,1.5427451216964982e-05,5.407120625022799e-05,5.5614382290514186e-05
vit_b_16_linear,translation_16_down,test_07033,7033,1,bird,1,bird,0.999645471572876,True,1.9532844817149453e-05,0.999645471572876,1.5309078662539832e-05,0.00014739026664756238,5.0562932301545516e-05,1.2911246813018806e-05,2.59828993875999e-05,4.821786205866374e-05,1.784180130925961e-05,1.6859832612681203e-05
vit_b_16_linear,translation_16_down,test_01771,1771,7,monkey,7,monkey,0.941001832485199,True,0.00013291352661326528,0.00044918953790329397,0.0006212731823325157,0.00021915740217082202,0.014355707913637161,0.041610024869441986,0.0010636626975610852,0.941001832485199,0.00017629284411668777,0.00036988951615057886
vit_b_16_linear,translation_16_down,test_03157,3157,8,ship,8,ship,0.9997884631156921,True,5.400525333243422e-05,1.241330937773455e-05,1.2177080861874856e-05,9.624553968023974e-06,3.5810351164400345e-06,6.926764763193205e-05,1.924096795846708e-05,1.5298743164748885e-05,0.9997884631156921,1.6024217984522693e-05
vit_b_16_linear,translation_16_down,test_03851,3851,3,cat,3,cat,0.9692463278770447,True,0.00017380253120791167,0.000403387239202857,4.774991248268634e-05,0.9692463278770447,0.0004386001091916114,0.029269205406308174,0.00014033744810149074,0.00012668133422266692,2.0709823729703203e-05,0.00013321684673428535
vit_b_16_linear,translation_16_down,test_01287,1287,7,monkey,7,monkey,0.9985768795013428,True,1.910625178425107e-05,0.00045743666123598814,3.932112667826004e-05,0.0002110407513100654,9.325928840553388e-05,0.0004696953692473471,2.3183252778835595e-05,0.9985768795013428,7.395796274067834e-05,3.623420343501493e-05
vit_b_16_linear,translation_16_down,test_07320,7320,0,airplane,0,airplane,0.9987786412239075,True,0.9987786412239075,0.00012387846072670072,0.000489616475533694,3.873831519740634e-05,0.00019739242270588875,0.00012157562014181167,0.00012266957492101938,2.7118496291222982e-05,1.8674370949156582e-05,8.181325392797589e-05
vit_b_16_linear,translation_16_down,test_07600,7600,6,horse,6,horse,0.9998742341995239,True,1.5366826119134203e-05,1.4304728210845497e-05,4.963235551258549e-05,9.846160537563264e-06,8.483009878546e-06,1.768373476807028e-05,0.9998742341995239,3.1475024115934502e-06,5.911368589295307e-06,1.4457791621680371e-06
vit_b_16_linear,translation_16_down,test_03852,3852,5,dog,5,dog,0.9326462149620056,True,0.003707297146320343,0.02747453935444355,0.005060284398496151,0.0028359631542116404,0.008336301892995834,0.9326462149620056,0.0017584747401997447,0.010131437331438065,0.006030688062310219,0.0020187976770102978
vit_b_16_linear,translation_16_down,test_00269,269,7,monkey,7,monkey,0.998838484287262,True,4.008717223769054e-05,0.0004805339267477393,3.887691127602011e-05,0.00011996386456303298,4.183679629932158e-05,0.00031640983070246875,4.0223963878815994e-05,0.998838484287262,3.693912367452867e-05,4.662423089030199e-05
vit_b_16_linear,translation_16_down,test_01703,1703,7,monkey,7,monkey,0.996475875377655,True,1.8041753719444387e-05,5.108479308546521e-05,8.684501153766178e-06,0.002637488767504692,0.0007227125461213291,5.676123691955581e-05,1.125772723753471e-05,0.996475875377655,1.4421679225051776e-05,3.7037759739178e-06
vit_b_16_linear,translation_16_down,test_07776,7776,5,dog,5,dog,0.9830445051193237,True,0.002195915440097451,0.002046822104603052,0.0021193663123995066,0.0011697238078340888,0.000868430535774678,0.9830445051193237,0.000637188961263746,0.0028970083221793175,0.0014333395520225167,0.003587683429941535
vit_b_16_linear,translation_16_down,test_03891,3891,4,deer,4,deer,0.9977055191993713,True,8.004152914509177e-05,0.000377642922103405,5.534250885830261e-05,0.0002670555841177702,0.9977055191993713,3.904668119503185e-05,0.0013703563017770648,8.254455678979866e-06,4.617892045644112e-05,5.070790211902931e-05
vit_b_16_linear,translation_16_down,test_07009,7009,0,airplane,0,airplane,0.9973204731941223,True,0.9973204731941223,0.00010438150638947263,0.0009637940092943609,3.370950071257539e-05,0.00010061071952804923,0.00023219174181576818,0.0001563849946251139,7.653373904759064e-05,0.0005219453596509993,0.0004899929626844823
vit_b_16_linear,translation_16_down,test_04893,4893,0,airplane,0,airplane,0.9986628293991089,True,0.9986628293991089,0.00029052363242954016,3.830896457657218e-05,6.560023030033335e-05,4.9068381485994905e-05,0.00017067557200789452,0.00010187607404077426,6.353809294523671e-05,0.0005186263588257134,3.887849015882239e-05
vit_b_16_linear,translation_16_down,test_02351,2351,9,truck,9,truck,0.9982971549034119,True,6.344194844132289e-05,0.00016619609959889203,0.00046743437997065485,0.000128993735415861,0.00011068925232393667,9.058556315721944e-05,4.08081614295952e-05,2.700675577216316e-05,0.0006076482241041958,0.9982971549034119
vit_b_16_linear,translation_16_down,test_03550,3550,1,bird,1,bird,0.9784148335456848,True,0.0012761602411046624,0.9784148335456848,0.0008192791137844324,0.0016617298824712634,0.0027182374615222216,0.0013140268856659532,0.009285676293075085,0.002327853813767433,0.0015366502339020371,0.0006456579430960119
vit_b_16_linear,translation_16_down,test_05719,5719,7,monkey,7,monkey,0.9957414865493774,True,0.00013787791249342263,0.0005482205888256431,0.00025672389892861247,0.000908014306332916,0.00019570591393858194,0.0016410864191129804,0.00025659563834778965,0.9957414865493774,0.00018355542852077633,0.00013085202954243869
vit_b_16_linear,translation_16_down,test_01884,1884,7,monkey,7,monkey,0.9945182204246521,True,0.0001452868600608781,0.0008983908919617534,0.0001260290591744706,0.0008265750948339701,0.0007140515954233706,0.0021702777594327927,0.00023563747527077794,0.9945182204246521,0.00020049528393428773,0.00016498111654073
vit_b_16_linear,translation_16_down,test_02898,2898,4,deer,4,deer,0.9974648952484131,True,0.00011680209718178958,0.0001263921003555879,4.3069772800663486e-05,0.0005153088713996112,0.9974648952484131,0.00048144537140615284,0.0010119978105649352,4.0267143049277365e-05,0.0001315495028393343,6.825310265412554e-05
vit_b_16_linear,translation_16_down,test_04640,4640,1,bird,1,bird,0.9652634859085083,True,0.00010943824599962682,0.9652634859085083,7.126106356736273e-05,0.00033179015736095607,0.00024555015261285007,5.546562897507101e-05,0.00011171342339366674,0.033559832721948624,0.00016712518117856234,8.451032044831663e-05
vit_b_16_linear,translation_16_down,test_07610,7610,4,deer,4,deer,0.9992757439613342,True,7.4609929470170755e-06,2.5238552552764304e-05,7.587547315779375e-06,2.7581214453675784e-05,0.9992757439613342,5.4423926485469565e-06,0.0006284572300501168,3.2359180295316037e-06,5.7253441809734795e-06,1.3511993529391475e-05
vit_b_16_linear,translation_16_down,test_01833,1833,8,ship,8,ship,0.9964795708656311,True,0.00014826827100478113,0.0008704919600859284,0.0004904151428490877,0.0002013769408222288,0.00012315022468101233,0.00071178306825459,0.0004799635789822787,0.00042193493572995067,0.9964795708656311,7.309899956453592e-05
vit_b_16_linear,translation_16_down,test_06455,6455,0,airplane,0,airplane,0.9998592138290405,True,0.9998592138290405,4.871536930295406e-06,1.4573560292774346e-05,3.6508192806650186e-06,4.513361091085244e-06,9.012946065922733e-06,3.095911324635381e-06,3.509482439767453e-06,8.443587285000831e-05,1.3073201444058213e-05
vit_b_16_linear,translation_16_down,test_03893,3893,9,truck,9,truck,0.99367356300354,True,0.0006940366583876312,0.001990115037187934,0.0005406622076407075,0.00015573305427096784,0.00032692475360818207,0.0004677943652495742,0.00018803830607794225,0.0010193863417953253,0.0009438025299459696,0.99367356300354
vit_b_16_linear,translation_16_down,test_04731,4731,6,horse,6,horse,0.9947834610939026,True,0.0006493536056950688,0.00129700917750597,0.0005822826060466468,0.0004959583166055381,0.0002002255932893604,0.0004145519924350083,0.9947834610939026,0.0003801805432885885,0.00043402722803875804,0.0007629476021975279
vit_b_16_linear,translation_16_down,test_00929,929,6,horse,6,horse,0.9930492639541626,True,0.00010148772707907483,5.8217672631144524e-05,0.0002483104763086885,0.00021713761088903993,0.0016060371417552233,0.0046384334564208984,0.9930492639541626,4.773113232658943e-06,4.8038076783996075e-05,2.8280799597268924e-05
vit_b_16_linear,translation_16_down,test_03962,3962,6,horse,6,horse,0.9995086193084717,True,4.164970596320927e-05,0.0001187907182611525,3.0913142836652696e-05,3.349380858708173e-05,0.00011399221693864092,4.5202046749182045e-05,0.9995086193084717,4.409102621139027e-05,4.1100018279394135e-05,2.22061626118375e-05
vit_b_16_linear,translation_16_down,test_03778,3778,3,cat,3,cat,0.7605831027030945,True,0.014631317928433418,0.016778426244854927,0.005107642617076635,0.7605831027030945,0.020497331395745277,0.12871435284614563,0.010452195070683956,0.025901172310113907,0.010256577283143997,0.007077814545482397
vit_b_16_linear,translation_16_down,test_01429,1429,4,deer,4,deer,0.9988400340080261,True,0.00010053710138890892,0.0001216261152876541,6.70272929710336e-05,0.0006238723290152848,0.9988400340080261,1.83484262379352e-05,2.9498069125111215e-05,1.5465502656297758e-05,0.0001317385322181508,5.192509706830606e-05
vit_b_16_linear,translation_16_down,test_00049,49,2,car,2,car,0.9978805780410767,True,0.00022109871497377753,0.0006024420727044344,0.9978805780410767,0.0001836326700868085,0.00010802716133184731,0.00021690437279175967,0.0002447253209538758,3.943602496292442e-05,0.0003740449610631913,0.00012922230234835297
vit_b_16_linear,translation_16_down,test_00276,276,9,truck,9,truck,0.9934112429618835,True,7.483550871256739e-05,0.00015930976951494813,0.00549705745652318,4.573856858769432e-05,5.34602404513862e-05,0.00021428130276035517,4.612654447555542e-05,0.00012917030835524201,0.000368738838005811,0.9934112429618835
vit_b_16_linear,translation_16_down,test_06076,6076,1,bird,1,bird,0.9998792409896851,True,6.273834969761083e-06,0.9998792409896851,7.6444766818895e-06,2.3255013729794882e-05,1.733472709020134e-05,5.700397196051199e-06,1.9578241335693747e-05,3.245148036512546e-05,3.420478151383577e-06,5.14684552399558e-06
vit_b_16_linear,translation_16_down,test_01389,1389,0,airplane,0,airplane,0.9997500777244568,True,0.9997500777244568,5.607554339803755e-05,1.5439933122252114e-05,1.6455454897368327e-05,1.2463173334253952e-05,4.323922985349782e-05,2.178605063818395e-05,2.3388229237752967e-05,3.4202239476144314e-05,2.6704057745519094e-05
vit_b_16_linear,translation_16_down,test_03362,3362,2,car,2,car,0.999954342842102,True,6.2574190451414324e-06,8.189140316972043e-06,0.999954342842102,1.9485223674564622e-06,1.250491209248139e-06,7.265375188580947e-06,1.6608277292107232e-05,1.6609836848147097e-06,1.2557255786305177e-06,1.281425738852704e-06
vit_b_16_linear,translation_16_down,test_00317,317,2,car,2,car,0.9980233907699585,True,8.225016063079238e-05,0.000388340005883947,0.9980233907699585,9.491732635069638e-05,4.382384940981865e-05,0.00039611945976503193,0.0006190998828969896,2.2311296561383642e-05,0.0001017532849800773,0.00022807101777289063
vit_b_16_linear,translation_16_down,test_04675,4675,0,airplane,0,airplane,0.9969978332519531,True,0.9969978332519531,0.0005023818230256438,0.00023786915699020028,0.00012715012417174876,0.00016788620268926024,0.0008354365709237754,0.00034329979098401964,0.0002773027226794511,0.0003043257456738502,0.00020655494881793857
vit_b_16_linear,translation_16_down,test_05924,5924,5,dog,5,dog,0.9944486618041992,True,0.0002071733179036528,0.001113972277380526,0.00022667642042506486,0.0005613348330371082,0.001200716127641499,0.9944486618041992,0.0008082122658379376,0.0009811570635065436,0.0002886806323658675,0.0001635076041566208
vit_b_16_linear,translation_16_down,test_00198,198,1,bird,1,bird,0.9997413754463196,True,2.780351678666193e-05,0.9997413754463196,1.3336672964214813e-05,5.016205977881327e-05,7.618366453243652e-06,3.045382800337393e-05,2.5243498384952545e-05,2.9415894459816627e-05,5.5644031817791983e-05,1.880539275589399e-05
vit_b_16_linear,translation_16_down,test_07779,7779,6,horse,6,horse,0.9998278617858887,True,7.432292477460578e-05,8.988414265331812e-06,2.9611897844006307e-05,1.4478459888778161e-05,9.363245226268191e-06,8.467654879495967e-06,0.9998278617858887,9.003410923469346e-06,8.246313882409595e-06,9.479309483140241e-06
vit_b_16_linear,translation_16_down,test_04054,4054,4,deer,4,deer,0.9518750309944153,True,0.0004632646159734577,8.627303031971678e-05,0.00126515026204288,0.0005274194991216063,0.9518750309944153,0.00048084461013786495,0.0441797710955143,0.0006593976868316531,0.00036729630664922297,9.551047696731985e-05
vit_b_16_linear,translation_16_down,test_05556,5556,4,deer,4,deer,0.9198613166809082,True,1.6010559193091467e-05,0.0003729913732968271,1.9411021639825776e-05,0.00016145822883117944,0.9198613166809082,1.0779047443065792e-05,0.07938367873430252,4.9701313400873914e-05,8.340940985362977e-05,4.1235089156543836e-05
vit_b_16_linear,translation_16_down,test_02687,2687,1,bird,1,bird,0.9999761581420898,True,2.839776414020889e-07,0.9999761581420898,9.936959486367414e-07,8.476538823742885e-06,2.910158627855708e-06,2.1675468531157094e-07,1.5073865142767318e-06,8.148006600094959e-06,2.2897307871971861e-07,1.1585971151362173e-06
vit_b_16_linear,translation_16_down,test_01202,1202,2,car,2,car,0.9953309893608093,True,0.0002553240046836436,0.0012188624823465943,0.9953309893608093,0.00047921721125021577,0.0004311830271035433,0.0005794813623651862,0.00038826739182695746,0.00018591310072224587,0.0001449568517273292,0.0009857644326984882
vit_b_16_linear,translation_16_down,test_00097,97,5,dog,5,dog,0.9841265082359314,True,0.00037312385393306613,0.0052965665236115456,0.0012264932738617063,0.0010345281334593892,0.0014592636143788695,0.9841265082359314,0.003348623402416706,0.0011116827372461557,0.0007042876095511019,0.00131903903093189
vit_b_16_linear,translation_16_down,test_06033,6033,4,deer,4,deer,0.9999229907989502,True,1.0466063031344675e-05,4.6149220906954724e-06,6.539527021232061e-06,2.088561450364068e-05,0.9999229907989502,9.32950570131652e-06,6.934984412509948e-06,2.7858880002895603e-06,8.56595579534769e-06,6.901967935846187e-06
vit_b_16_linear,translation_16_down,test_01711,1711,7,monkey,7,monkey,0.9903978109359741,True,0.00024475177633576095,0.0011452911421656609,0.00046869998914189637,0.0004232910287100822,0.0005475205252878368,0.005213427823036909,0.0008437110809609294,0.9903978109359741,0.00045772732119075954,0.0002577544073574245
vit_b_16_linear,translation_16_down,test_01430,1430,9,truck,9,truck,0.9961440563201904,True,0.0011662952601909637,0.00016009238606784493,0.0008727499516680837,0.00019219495879951864,0.00023071799660101533,0.00011865328997373581,0.00014683899644296616,0.00010475621820660308,0.0008636448183096945,0.9961440563201904
vit_b_16_linear,translation_16_down,test_00739,739,8,ship,8,ship,0.9975577592849731,True,0.00040076609002426267,0.0002643230545800179,0.00020540280092973262,0.00012476203846745193,0.0001297463313676417,0.0005226830835454166,0.00024465640308335423,0.00014272886619437486,0.9975577592849731,0.00040714480564929545
vit_b_16_linear,translation_16_down,test_03491,3491,1,bird,1,bird,0.9998855590820312,True,2.7281294023850933e-06,0.9998855590820312,8.123621228151023e-06,6.814998778281733e-05,9.556294571666513e-06,3.880623808072414e-06,9.841841347224545e-06,6.348803708533524e-06,1.9044485952690593e-06,3.772146328628878e-06
vit_b_16_linear,translation_16_down,test_01568,1568,1,bird,1,bird,0.968479573726654,True,0.000571961747482419,0.968479573726654,0.0011329686967656016,0.024257974699139595,0.0021317587234079838,0.0014514051144942641,0.001093943603336811,0.0006193396402522922,5.6138647778425366e-05,0.00020503393898252398
vit_b_16_linear,translation_16_down,test_01211,1211,4,deer,4,deer,0.9947915077209473,True,0.00015683838864788413,0.00019505119416862726,9.510560630587861e-05,0.0001570588501635939,0.9947915077209473,4.0296639781445265e-05,0.004310416057705879,4.3827858462464064e-05,8.028822776395828e-05,0.0001295212423428893
vit_b_16_linear,translation_16_down,test_04913,4913,2,car,2,car,0.9997850060462952,True,4.991775858798064e-05,3.4858487197197974e-05,0.9997850060462952,1.9519553461577743e-05,9.928917279466987e-06,1.6806619896669872e-05,4.1261071601184085e-05,5.202745342103299e-06,3.232826566090807e-05,5.209408755035838e-06
vit_b_16_linear,translation_16_down,test_02502,2502,2,car,2,car,0.9985941052436829,True,3.183171429554932e-05,0.00024330659653060138,0.9985941052436829,9.505451453151181e-05,9.12090836209245e-05,0.00042082209256477654,9.995791333494708e-05,8.07455671747448e-06,0.0002609564398881048,0.0001547864085296169
vit_b_16_linear,translation_16_down,test_02539,2539,3,cat,3,cat,0.9991369843482971,True,7.379851740552112e-05,9.675796172814444e-05,0.00012725740089081228,0.9991369843482971,0.0003576627350412309,7.93742947280407e-05,3.364629446878098e-05,2.068906724161934e-05,2.1791616745758802e-05,5.2206418331479654e-05
vit_b_16_linear,translation_16_down,test_00979,979,3,cat,3,cat,0.993956446647644,True,1.75294371729251e-05,0.00012406054884195328,0.00012911455996800214,0.993956446647644,9.307234722655267e-05,0.00519756181165576,5.421070090960711e-05,2.6151958081754856e-05,0.0003816477255895734,2.0104727809666656e-05
vit_b_16_linear,translation_16_down,test_06354,6354,2,car,2,car,0.996288537979126,True,8.777870971243829e-05,0.0004001642228104174,0.996288537979126,0.00012605176016222686,0.0001958687207661569,0.00024037047114688903,0.00012728353613056242,3.3739361242624e-05,0.0010735311079770327,0.0014267635997384787
vit_b_16_linear,translation_16_down,test_04735,4735,2,car,2,car,0.9990004897117615,True,0.000513609847985208,9.050202061189339e-05,0.9990004897117615,1.617260386410635e-05,2.6023575628641993e-05,9.027656233229209e-06,0.00017308653332293034,1.5243143934640102e-05,9.998610039474443e-05,5.569598943111487e-05
vit_b_16_linear,translation_16_down,test_05912,5912,0,airplane,0,airplane,0.9959111213684082,True,0.9959111213684082,0.0006428080378100276,0.0002228856028523296,0.0001107502612285316,0.00020753183343913406,0.0009786664741113782,0.0005763288936577737,0.00011278801684966311,0.0011393815511837602,9.789786417968571e-05
vit_b_16_linear,translation_16_down,test_03844,3844,6,horse,6,horse,0.9996975660324097,True,3.399933848413639e-05,2.0855492039117962e-05,1.440561936760787e-05,1.673470251262188e-05,2.154852518287953e-05,0.00013650671462528408,0.9996975660324097,1.4922469745215494e-05,1.8998542145709507e-05,2.4537126591894776e-05
vit_b_16_linear,translation_16_down,test_01263,1263,3,cat,3,cat,0.9948328733444214,True,1.583545599714853e-05,0.0001390983525197953,5.890926786378259e-06,0.9948328733444214,0.004922678228467703,3.891591768478975e-05,1.0504066267458256e-05,5.683892140950775e-06,2.2690664991387166e-05,5.838492597831646e-06
vit_b_16_linear,translation_16_down,test_03404,3404,7,monkey,7,monkey,0.9945421814918518,True,0.0002628533693496138,0.001998108346015215,0.00017329347610939294,0.0004960490041412413,9.007098560687155e-05,0.0018973748665302992,0.0002578659332357347,0.9945421814918518,0.0001064361713360995,0.00017585114983376116
vit_b_16_linear,translation_16_down,test_03905,3905,8,ship,8,ship,0.999382495880127,True,1.0503819794394076e-05,9.325009159510955e-05,1.638463254494127e-05,9.918945579556748e-05,5.485917426995002e-05,0.00014475593343377113,7.994670158950612e-05,5.9196539950789884e-05,0.999382495880127,5.9426867665024474e-05
vit_b_16_linear,translation_16_down,test_01596,1596,0,airplane,0,airplane,0.9591518640518188,True,0.9591518640518188,0.0010708809131756425,0.0007564849220216274,0.0005024744896218181,0.0005472678458318114,0.0022570022847503424,0.000637768825981766,0.00035648775519803166,0.03465015068650246,6.961652252357453e-05
vit_b_16_linear,translation_16_down,test_03083,3083,0,airplane,0,airplane,0.9925926327705383,True,0.9925926327705383,0.00047923054080456495,0.00036397139774635434,0.0002585062466096133,0.0002816678606905043,0.0037529224064201117,0.0005159114371053874,0.00012324124691076577,0.0014999174745753407,0.00013196271902415901
vit_b_16_linear,translation_16_down,test_02003,2003,6,horse,6,horse,0.9991136193275452,True,0.00010621600813465193,5.5525732022942975e-05,0.00014685667701996863,4.127199645154178e-05,0.0003096601867582649,0.00017591869982425123,0.9991136193275452,1.3302063052833546e-05,2.4935519832069986e-05,1.2730219168588519e-05
vit_b_16_linear,translation_16_down,test_05030,5030,2,car,2,car,0.9998385906219482,True,1.0487408871995285e-05,4.2231382394675165e-05,0.9998385906219482,1.3783545909973327e-05,2.0812078219023533e-05,2.8907303203595802e-05,1.62368050951045e-05,1.0994001968356315e-05,9.13464100449346e-06,8.641907697892748e-06
vit_b_16_linear,translation_16_down,test_00095,95,1,bird,1,bird,0.999729573726654,True,3.832084075838793e-06,0.999729573726654,1.3888269677408971e-05,8.220918971346691e-06,9.05131128092762e-06,9.255826626031194e-06,1.1508609532029368e-05,0.0002073556970572099,3.3223245736735407e-06,3.76647881239478e-06
vit_b_16_linear,translation_16_down,test_02757,2757,4,deer,4,deer,0.9991936087608337,True,2.8401993404258974e-05,6.765583384549245e-05,9.420860806130804e-06,3.716221181093715e-05,0.9991936087608337,1.3782907444692682e-05,0.0005927836173214018,2.0905919882352464e-05,2.550161661929451e-05,1.0643629138940014e-05
vit_b_16_linear,translation_16_down,test_03413,3413,1,bird,1,bird,0.9999866485595703,True,6.342573328765866e-07,0.9999866485595703,4.7547192139063554e-07,2.47719594881346e-06,2.9899042601755355e-06,1.044977807396208e-06,7.669056003578589e-07,2.908457645389717e-06,9.389883075527905e-07,1.2385205536702415e-06
vit_b_16_linear,translation_16_down,test_05488,5488,1,bird,1,bird,0.3026512563228607,True,0.03867298737168312,0.3026512563228607,0.05408969521522522,0.03349648416042328,0.07678606361150742,0.1588836908340454,0.028344184160232544,0.16057036817073822,0.06307712197303772,0.0834280252456665
vit_b_16_linear,translation_16_down,test_04827,4827,6,horse,6,horse,0.9996618032455444,True,0.00015148779493756592,9.383401447848883e-06,4.836431980947964e-05,1.3418124581221491e-05,2.4968623620225117e-05,3.602215656428598e-05,0.9996618032455444,1.9357234123162925e-05,2.3074369892128743e-05,1.2148780115239788e-05
vit_b_16_linear,translation_16_down,test_01877,1877,5,dog,5,dog,0.9835315942764282,True,0.00089211919112131,0.0018380606779828668,0.001280670054256916,0.0007635850342921913,0.0045285942032933235,0.9835315942764282,0.0027001616545021534,0.0009727114229463041,0.0023376077879220247,0.0011548547772690654
vit_b_16_linear,translation_16_down,test_02157,2157,1,bird,1,bird,0.9994586110115051,True,1.1306478882033844e-05,0.9994586110115051,2.642239269334823e-05,7.012359128566459e-05,7.943907985463738e-05,3.708750955411233e-05,1.4239803022064734e-05,0.00023337647144217044,4.207915480947122e-05,2.7166530344402418e-05
vit_b_16_linear,translation_16_down,test_04821,4821,3,cat,3,cat,0.9974985718727112,True,7.892345456639305e-05,0.0009872263763099909,0.00019709207117557526,0.9974985718727112,0.00041695809341035783,0.00026678587892092764,0.00020689591474365443,0.00010155817290069535,0.0001912091684062034,5.485401925398037e-05
vit_b_16_linear,translation_16_down,test_04953,4953,5,dog,5,dog,0.9055172801017761,True,0.0076158735901117325,0.02801407501101494,0.0025632253382354975,0.01166323758661747,0.013363705947995186,0.9055172801017761,0.01121557503938675,0.007599085569381714,0.003818002063781023,0.008629828691482544
vit_b_16_linear,translation_16_down,test_05525,5525,8,ship,8,ship,0.9995474219322205,True,0.0002701811317820102,7.498824561480433e-05,9.456968655285891e-06,2.985473292937968e-05,9.582910024619196e-06,3.189089329680428e-05,1.5148353668337222e-05,7.174639904405922e-06,0.9995474219322205,4.304104095353978e-06
vit_b_16_linear,translation_16_down,test_05381,5381,5,dog,5,dog,0.9952529668807983,True,0.0008631627424620092,0.00020547735039144754,0.00026623657322488725,0.00045013517956249416,0.001423870911821723,0.9952529668807983,0.0011946713784709573,4.675626041716896e-05,8.048181916819885e-05,0.00021636788733303547
vit_b_16_linear,translation_16_down,test_00672,672,3,cat,3,cat,0.999991774559021,True,3.9103881022128917e-07,1.1012009508704068e-06,7.962833592500829e-07,0.999991774559021,1.6154452850969392e-06,1.4340052700845263e-07,1.3995393999266525e-07,2.832670588759356e-06,9.495091717326432e-07,1.940738343364501e-07
vit_b_16_linear,translation_16_down,test_00323,323,7,monkey,7,monkey,0.9994896650314331,True,8.59889098592248e-07,9.984172720578499e-06,2.5763665689737536e-06,0.0004803189658559859,5.705561306967866e-06,6.659810424025636e-06,2.510062358851428e-06,0.9994896650314331,6.606713895962457e-07,9.958330338122323e-07
vit_b_16_linear,translation_16_down,test_05436,5436,7,monkey,7,monkey,0.9968060255050659,True,4.123487451579422e-05,0.0011368806008249521,0.00010046507668448612,0.0005463624256663024,0.00034229623270221055,0.000723737757652998,5.236592551227659e-05,0.9968060255050659,0.00015421010903082788,9.635003516450524e-05
vit_b_16_linear,translation_16_down,test_05450,5450,7,monkey,7,monkey,0.9984821677207947,True,3.7487147892534267e-06,0.001309682847931981,9.05760498426389e-06,0.00010744786413852125,1.0516659131099004e-05,3.918077709386125e-05,1.2180554222140927e-05,0.9984821677207947,1.9516142856446095e-05,6.604892860195832e-06
vit_b_16_linear,translation_16_down,test_06358,6358,5,dog,5,dog,0.9638601541519165,True,0.000663675251416862,0.0011126049794256687,0.0009191771387122571,0.0029734501149505377,0.002615635748952627,0.9638601541519165,0.023731179535388947,0.0008912459015846252,0.0019633802585303783,0.0012693586759269238
vit_b_16_linear,translation_16_down,test_00372,372,3,cat,3,cat,0.9992561936378479,True,7.496014404750895e-06,5.109023550176062e-05,1.4562257092620712e-05,0.9992561936378479,5.916174632147886e-05,0.0002426156570436433,0.0002905815199483186,7.012641162873479e-06,4.1210747440345585e-05,3.0066323233768344e-05
vit_b_16_linear,translation_16_down,test_00378,378,5,dog,5,dog,0.9914686679840088,True,0.00029682012973353267,0.0014518812531605363,0.00021292452584020793,0.0013977342750877142,0.002808827441185713,0.9914686679840088,0.0009377470705658197,0.0008358598570339382,0.00041247770423069596,0.0001770133967511356
vit_b_16_linear,translation_16_down,test_07706,7706,5,dog,5,dog,0.5885524749755859,True,0.03979898989200592,0.02700633741915226,0.05763430893421173,0.12736071646213531,0.0020492025651037693,0.5885524749755859,0.033741969615221024,0.075708769261837,0.01432048249989748,0.03382669761776924
vit_b_16_linear,translation_16_down,test_02178,2178,1,bird,1,bird,0.9999649524688721,True,2.5313916012237314e-06,0.9999649524688721,4.221858034725301e-06,5.428847089206101e-06,8.684957720106468e-06,1.8158146986024803e-07,3.976544121542247e-06,4.5903370846644975e-06,1.5944592632877175e-06,3.859561729768757e-06
vit_b_16_linear,translation_16_down,test_05237,5237,2,car,2,car,0.9763258099555969,True,0.006638334132730961,0.004962109960615635,0.9763258099555969,0.0022063804790377617,0.0024543560575693846,0.004118980374187231,0.0013815783895552158,0.00030659709591418505,0.0011656368151307106,0.0004403403145261109
vit_b_16_linear,translation_16_down,test_05478,5478,0,airplane,0,airplane,0.8388473987579346,True,0.8388473987579346,0.005674085114151239,0.009572676382958889,0.0009609652915969491,0.002046464942395687,0.017746131867170334,0.0015538166044279933,0.002032860415056348,0.003280472941696644,0.1182851567864418
vit_b_16_linear,translation_16_down,test_05452,5452,9,truck,9,truck,0.9981821775436401,True,3.6027027817908674e-05,0.00043272777111269534,8.779831841820851e-05,0.00026568936300463974,0.00010019932960858569,0.00012296385830268264,0.00015339863603003323,7.477257895516232e-05,0.0005442824913188815,0.9981821775436401
vit_b_16_linear,translation_16_down,test_05623,5623,4,deer,4,deer,0.9971922039985657,True,0.00012513950059656054,0.00018483928579371423,9.848951594904065e-05,0.0011833392782136798,0.9971922039985657,0.0001754670520313084,0.00025457877200096846,0.00024068326456472278,0.0002787914709188044,0.00026639533462002873
vit_b_16_linear,translation_16_down,test_06772,6772,7,monkey,7,monkey,0.9904190897941589,True,0.00033801671816036105,0.0030818379018455744,0.0003555727016646415,0.001184010412544012,0.0010797169525176287,0.0025720512494444847,0.00037751489435322583,0.9904190897941589,0.0003449014911893755,0.00024736812338232994
vit_b_16_linear,translation_16_down,test_01111,1111,4,deer,4,deer,0.9905523061752319,True,0.00032836306490935385,0.0004715256509371102,0.0003949984675273299,0.001840865588746965,0.9905523061752319,0.0021071326918900013,0.002844322705641389,0.00032984669087454677,0.0006570189725607634,0.0004735994152724743
vit_b_16_linear,translation_16_down,test_05528,5528,3,cat,3,cat,0.9978770017623901,True,2.1666470274794847e-05,2.6287756554665975e-05,4.8841911848285235e-06,0.9978770017623901,2.3045457055559382e-05,0.0019787049386650324,1.1921202712983359e-05,1.3027725799474865e-05,1.4332931641547475e-05,2.9095757781760767e-05
vit_b_16_linear,translation_16_down,test_03777,3777,6,horse,6,horse,0.9988062381744385,True,7.715210085734725e-05,0.00017032526375260204,7.65955846873112e-05,0.00012806884478777647,0.00018468700000084937,0.000132041095639579,0.9988062381744385,0.00024336525530088693,8.832735329633579e-05,9.325624705525115e-05
vit_b_16_linear,translation_16_down,test_02458,2458,5,dog,5,dog,0.998305082321167,True,1.7098296666517854e-05,3.719118103617802e-05,4.059174170834012e-05,0.0008337384788319468,0.00017962773563340306,0.998305082321167,0.0004252211656421423,4.1290266381110996e-05,4.811827602679841e-05,7.210496551124379e-05
vit_b_16_linear,translation_16_down,test_04921,4921,2,car,2,car,0.9999487400054932,True,3.8464213503175415e-06,1.840407094277907e-05,0.9999487400054932,1.487377744524565e-06,3.52751771970361e-06,4.727052328235004e-06,3.176330210408196e-06,1.1086349331890233e-06,6.368331014527939e-06,8.601754416304175e-06
vit_b_16_linear,translation_16_down,test_03015,3015,8,ship,8,ship,0.9998283386230469,True,1.931345286720898e-05,2.8006466891383752e-05,1.8435001038596965e-05,7.721075235167518e-06,1.2210383829369675e-05,3.4473319828975946e-05,8.534104381396901e-06,7.126045147742843e-06,0.9998283386230469,3.579079930204898e-05
vit_b_16_linear,translation_16_down,test_07476,7476,8,ship,8,ship,0.7693836688995361,True,0.22293321788311005,0.0010198504896834493,0.0007428498938679695,0.00041808123933151364,0.0002680200559552759,0.00437988992780447,0.0004681758873630315,0.0003437077102717012,0.7693836688995361,4.2561259760987014e-05
vit_b_16_linear,translation_16_down,test_01520,1520,2,car,2,car,0.9996694326400757,True,8.395118129556067e-06,8.620766493550036e-06,0.9996694326400757,5.8079899645235855e-06,1.936809167091269e-05,2.78800916930777e-06,2.4013008442125283e-05,2.644431333465036e-06,4.76718150821398e-06,0.0002540240529924631
vit_b_16_linear,translation_16_down,test_06713,6713,6,horse,6,horse,0.9944203495979309,True,0.00029539380921050906,0.0003188639529980719,0.00028757136897183955,0.00021461294090840966,9.836712706601247e-05,0.0033367727883160114,0.9944203495979309,0.0005478308885358274,0.0002338855410926044,0.00024627678794786334
vit_b_16_linear,translation_16_down,test_01852,1852,1,bird,1,bird,0.9999208450317383,True,7.0624555519316345e-06,0.9999208450317383,1.594389686943032e-05,1.8537280084274244e-06,1.2353409147181083e-05,1.2973953289474593e-06,1.0978383215842769e-05,2.2081279894337058e-05,4.107673703401815e-06,3.4094136935891584e-06
vit_b_16_linear,translation_16_down,test_02268,2268,5,dog,5,dog,0.9897840619087219,True,0.0002986669132951647,0.004119988065212965,0.0004903041408397257,0.0015570120885968208,0.0007253074436448514,0.9897840619087219,0.0010825322242453694,0.0009678782662376761,0.0007572276517748833,0.0002169992367271334
vit_b_16_linear,translation_16_down,test_00151,151,8,ship,8,ship,0.9985899329185486,True,0.00021079288853798062,0.00022338455892167985,5.427494033938274e-05,0.0001292703818762675,4.609607276506722e-05,0.00039478970575146377,0.00012325507123023272,0.00012976235302630812,0.9985899329185486,9.849238995229825e-05
vit_b_16_linear,translation_16_down,test_00890,890,6,horse,6,horse,0.9903496503829956,True,0.00022892991546541452,0.00014903205737937242,0.00012021747534163296,0.000185917888302356,0.008276321925222874,8.827827696222812e-05,0.9903496503829956,0.00015644467202946544,0.00013902978389523923,0.0003061037859879434
vit_b_16_linear,translation_16_down,test_00825,825,1,bird,1,bird,0.9967976212501526,True,0.00011118171096313745,0.9967976212501526,0.0002584618341643363,0.0002543385198805481,0.00014263576304074377,0.00028762451256625354,0.0006146209198050201,0.0005355323082767427,0.0005247291410341859,0.0004732503730338067
vit_b_16_linear,translation_16_down,test_02536,2536,3,cat,3,cat,0.9999724626541138,True,3.4990480344276875e-06,1.11744129753788e-05,1.775402211023902e-06,0.9999724626541138,3.5809700875688577e-06,1.0328863027098123e-06,1.3864372476746212e-06,1.047417413246876e-06,2.7082651286036707e-06,1.2048711823808844e-06
vit_b_16_linear,translation_16_down,test_00470,470,2,car,2,car,0.9991463422775269,True,2.003008921747096e-05,0.0002500161645002663,0.9991463422775269,6.0078149545006454e-05,4.1245373722631484e-05,0.00023626716574653983,0.00012277571659069508,5.039234019932337e-05,3.30611874233e-05,3.978974564233795e-05
vit_b_16_linear,translation_16_down,test_05256,5256,1,bird,1,bird,0.9997450709342957,True,9.317852345702704e-06,0.9997450709342957,0.00011242010077694431,5.0980521336896345e-05,4.546971831587143e-05,1.8425283769829548e-06,5.9331723605282605e-06,1.518990484328242e-05,2.5909037049132166e-06,1.1155316315125674e-05
vit_b_16_linear,translation_16_down,test_02011,2011,9,truck,9,truck,0.9926872253417969,True,0.0002115885290550068,0.0013953273883089423,0.0006141564226709306,0.000572025019209832,0.0006278303335420787,0.0005555625539273024,0.0003269065637141466,0.00036583089968189597,0.0026435565669089556,0.9926872253417969
vit_b_16_linear,translation_16_down,test_07150,7150,0,airplane,0,airplane,0.9992761015892029,True,0.9992761015892029,0.00016616548236925155,2.7596486688707955e-05,1.933298153744545e-05,2.979660166602116e-05,0.0002393456088611856,0.00010108006244990975,5.809202411910519e-05,5.513050200534053e-05,2.731803215283435e-05
vit_b_16_linear,translation_16_down,test_00449,449,6,horse,6,horse,0.9982190728187561,True,0.00013484164082910866,0.00026511625037528574,0.00014393996389117092,0.00023401001817546785,0.0002899432147387415,0.00019807834178209305,0.9982190728187561,0.0001374813582515344,0.00010774705879157409,0.0002699070028029382
vit_b_16_linear,translation_16_down,test_02704,2704,4,deer,4,deer,0.999026894569397,True,6.526881770696491e-05,0.0001771841780282557,2.38802040257724e-05,0.000158915514475666,0.999026894569397,0.00014953993377275765,0.00026505388086661696,1.7758535250322893e-05,4.255191015545279e-05,7.286541949724779e-05
vit_b_16_linear,translation_16_down,test_03437,3437,0,airplane,0,airplane,0.996488094329834,True,0.996488094329834,5.229792805039324e-05,0.0002461868862155825,0.00016696039529051632,0.000458837574115023,0.0008152613299898803,0.00019317163969390094,3.325069701531902e-05,0.0012364683207124472,0.00030949953361414373
vit_b_16_linear,translation_16_down,test_03375,3375,3,cat,3,cat,0.9860549569129944,True,0.0005373604944907129,0.004157843068242073,0.0005447922158055007,0.9860549569129944,0.000818330910988152,0.004232191480696201,0.0006789006874896586,0.0018918599234893918,0.0004871979763265699,0.0005964073934592307
vit_b_16_linear,translation_16_down,test_04552,4552,8,ship,8,ship,0.9971605539321899,True,0.000137189359520562,4.326731868786737e-06,0.00014289385580923408,7.0217065513134e-06,5.351653271645773e-06,1.3740257600147743e-05,6.921387921465794e-06,2.899701485148398e-06,0.9971605539321899,0.0025190869346261024
vit_b_16_linear,translation_16_down,test_00920,920,6,horse,6,horse,0.997712254524231,True,4.6003362513147295e-05,3.689838558784686e-05,8.249758138845209e-06,3.537414158927277e-05,0.0020107198506593704,1.043499923980562e-05,0.997712254524231,0.00011141264258185402,1.831460394896567e-05,1.0348037903895602e-05
vit_b_16_linear,translation_16_down,test_02242,2242,0,airplane,0,airplane,0.9997949004173279,True,0.9997949004173279,3.294939597253688e-05,1.476870420447085e-05,6.759574716852512e-06,1.3894197763875127e-05,9.630000567995012e-05,1.3903755643696059e-05,7.677321264054626e-06,1.3140293049218599e-05,5.741527274949476e-06
vit_b_16_linear,translation_16_down,test_02745,2745,8,ship,8,ship,0.9994344115257263,True,3.8912869058549404e-05,0.00013652299821842462,3.405171082704328e-05,3.0940751457819715e-05,1.9798528228420764e-05,9.83947902568616e-05,6.552206468768418e-05,6.904589099576697e-05,0.9994344115257263,7.234718214021996e-05
vit_b_16_linear,translation_16_down,test_01032,1032,7,monkey,7,monkey,0.993918776512146,True,0.00024317880161106586,0.000647268898319453,0.0002855632337741554,0.0011397628113627434,0.0006589674740098417,0.0020504374988377094,0.0004422088386490941,0.993918776512146,0.0002953304210677743,0.0003184278612025082
vit_b_16_linear,translation_16_down,test_00365,365,3,cat,3,cat,0.995692789554596,True,5.171973680262454e-05,0.0012862059520557523,8.732181595405564e-05,0.995692789554596,0.0001233461225638166,0.0013814696576446295,0.000812272890470922,0.0004015945305582136,8.284692739835009e-05,8.042268746066839e-05
vit_b_16_linear,translation_16_down,test_04850,4850,5,dog,5,dog,0.9994804263114929,True,2.1561891117016785e-05,5.897912342334166e-05,3.0435718144872226e-05,2.2329533749143593e-05,0.00013236518134362996,0.9994804263114929,3.320582982269116e-05,3.377461325726472e-05,0.00010003767238231376,8.681134931975976e-05
vit_b_16_linear,translation_16_down,test_04819,4819,0,airplane,0,airplane,0.9998757839202881,True,0.9998757839202881,4.460295713215601e-06,9.632510227675084e-06,4.653577889257576e-06,2.1710873170377454e-06,1.2117126971133985e-05,1.2316046195337549e-05,7.3349774538655765e-06,3.4334018437220948e-06,6.809864134993404e-05
vit_b_16_linear,translation_16_down,test_07338,7338,6,horse,6,horse,0.9998637437820435,True,1.7904270862345584e-05,1.2979621715203393e-06,1.0926066352112684e-05,2.172542053813231e-06,9.214795136358589e-05,1.4362364026965224e-06,0.9998637437820435,1.6286616073557525e-06,8.493771588291565e-07,7.881286364863627e-06
vit_b_16_linear,translation_16_down,test_07372,7372,0,airplane,0,airplane,0.9901094436645508,True,0.9901094436645508,0.003909534774720669,0.00040036969585344195,0.0005119732231833041,0.000464089447632432,0.002361707156524062,0.0007855033618398011,0.0004131016612518579,0.0007589661399833858,0.0002853393380064517
vit_b_16_linear,translation_16_down,test_01090,1090,1,bird,1,bird,0.9966815114021301,True,0.0001251303037861362,0.9966815114021301,0.000212580751394853,0.00045850142487324774,0.000396064919186756,0.00027021754067391157,0.0007603808189742267,0.0005379801150411367,0.00014780681522097439,0.0004099645302630961
vit_b_16_linear,translation_16_down,test_05062,5062,4,deer,4,deer,0.9998935461044312,True,1.6125114825626952e-06,1.2789964785042685e-06,1.0877572549361503e-06,3.7383799735835055e-06,0.9998935461044312,7.968386626089341e-07,9.178539767162874e-05,4.688721730872203e-07,3.3927399272215553e-06,2.2511014776682714e-06
vit_b_16_linear,translation_16_down,test_00981,981,2,car,2,car,0.9998849630355835,True,5.96142763242824e-06,3.1096489692572504e-05,0.9998849630355835,4.976961008651415e-06,1.3626999134430662e-05,1.6464691725559533e-05,2.3783981305314228e-05,1.039147173287347e-05,3.1766910524311243e-06,5.481129846884869e-06
vit_b_16_linear,translation_16_down,test_05857,5857,6,horse,4,deer,0.7599791288375854,False,0.0009505728376097977,0.0016797396820038557,0.004789543338119984,0.004427601583302021,0.7599791288375854,0.009686781093478203,0.21553081274032593,0.0003791352501139045,0.0008778840419836342,0.0016988213174045086
vit_b_16_linear,translation_16_down,test_01986,1986,1,bird,1,bird,0.9930322170257568,True,0.0006836106767877936,0.9930322170257568,0.0003223874082323164,0.0016543465899303555,0.000579762679990381,0.0008158482378348708,0.0002152087981812656,0.0014660416636615992,0.000890442868694663,0.00034004959161393344
vit_b_16_linear,translation_16_down,test_05560,5560,1,bird,1,bird,0.8287615776062012,True,0.006041262298822403,0.8287615776062012,0.014697904698550701,0.01175164245069027,0.019169704988598824,0.053427763283252716,0.026225628331303596,0.015141114592552185,0.014232893474400043,0.010550607927143574
vit_b_16_linear,translation_16_down,test_01814,1814,2,car,2,car,0.9883038997650146,True,0.0034386818297207355,0.0012385277077555656,0.9883038997650146,0.0010187739972025156,0.00027835569926537573,0.0010962721426039934,0.0015344631392508745,0.00022008034284226596,0.002597234444692731,0.00027374111232347786
vit_b_16_linear,translation_16_down,test_00194,194,8,ship,8,ship,0.9999134540557861,True,4.306662049202714e-06,1.9635681383078918e-05,6.997686341492226e-06,6.938596015970688e-06,4.11898781749187e-06,1.820142279029824e-05,1.045925819198601e-05,8.798469934845343e-06,0.9999134540557861,7.089449809427606e-06
vit_b_16_linear,translation_16_down,test_01993,1993,1,bird,1,bird,0.9999927282333374,True,4.639760788904823e-07,0.9999927282333374,8.07113167411444e-07,1.418579813616816e-06,6.311019546956231e-07,1.78660840788325e-07,8.079464350885246e-07,2.090067027893383e-06,1.6229522259436635e-07,6.916824304425973e-07
vit_b_16_linear,translation_16_down,test_05333,5333,2,car,2,car,0.9982764720916748,True,0.00016482088540215045,0.00011761044152081013,0.9982764720916748,0.00021985855710227042,9.280551603296772e-05,0.0002441921387799084,7.373285188805312e-05,2.9185930543462746e-05,0.00021604470384772867,0.000565393827855587
vit_b_16_linear,translation_16_down,test_04311,4311,8,ship,8,ship,0.999392032623291,True,7.596790237585083e-05,5.2859788411296904e-05,4.306738264858723e-05,3.2537100196350366e-05,3.1064915674505755e-05,0.00019175783381797373,3.9106045733205974e-05,3.537656448315829e-05,0.999392032623291,0.00010621167166391388
vit_b_16_linear,translation_16_down,test_07425,7425,2,car,2,car,0.9999605417251587,True,4.954600171913626e-06,3.1328536351793446e-06,0.9999605417251587,4.59464615687466e-07,2.2180054202181054e-06,8.984682722257276e-07,2.3562579372082837e-05,1.8183679628691607e-07,3.62908963325026e-06,2.7427068971519475e-07
vit_b_16_linear,translation_16_down,test_03889,3889,5,dog,5,dog,0.4739072620868683,True,0.00961341243237257,0.008412123657763004,0.01275815162807703,0.3874585032463074,0.020739499479532242,0.4739072620868683,0.06794527173042297,0.004783430136740208,0.0019743451848626137,0.012407921254634857
vit_b_16_linear,translation_16_down,test_04308,4308,7,monkey,7,monkey,0.9999728202819824,True,9.673958629718982e-07,8.554585292586125e-06,1.2794627082257648e-06,1.7300566241829074e-06,4.59564262200729e-06,2.509750856916071e-06,3.1143842988967663e-06,0.9999728202819824,2.2211061150301248e-06,2.110878085659351e-06
vit_b_16_linear,translation_16_down,test_01960,1960,4,deer,4,deer,0.5658022165298462,True,0.0006646435940638185,0.00010135430784430355,0.00020090883481316268,0.00045616310671903193,0.5658022165298462,0.4255957007408142,0.0064025986939668655,0.00011259607708780095,0.0005183306057006121,0.00014556945825461298
vit_b_16_linear,translation_16_down,test_04399,4399,0,airplane,0,airplane,0.9906184077262878,True,0.9906184077262878,0.0016178920632228255,0.00013268015754874796,0.0007511969888582826,0.00035057219793088734,0.0011463167611509562,0.0003423571470193565,0.004431929439306259,8.327367686433718e-05,0.0005253345589153469
vit_b_16_linear,translation_16_down,test_03191,3191,6,horse,6,horse,0.996887743473053,True,0.00022684330178890377,0.000405782280722633,0.000320229068165645,0.0003876331902574748,0.00012765997962560505,0.0011378296185284853,0.996887743473053,0.00016664819850120693,0.00023991941998247057,9.96596718323417e-05
vit_b_16_linear,translation_16_down,test_01626,1626,5,dog,5,dog,0.9712864756584167,True,0.000476671673823148,0.0005513001815415919,0.0011966690653935075,0.0028378949500620365,0.018686506897211075,0.9712864756584167,0.003345650155097246,0.0004515131004154682,0.0008991239592432976,0.00026818917831405997
vit_b_16_linear,translation_16_down,test_00176,176,3,cat,3,cat,0.997215986251831,True,0.0006790447514504194,0.0005622601020149887,0.0002635741257108748,0.997215986251831,0.00029643677407875657,0.0002469555183779448,0.00032095922506414354,6.18261328781955e-05,0.0001338316942565143,0.0002190641826018691
vit_b_16_linear,translation_16_down,test_07726,7726,6,horse,6,horse,0.9993712306022644,True,3.084967102040537e-05,2.328335540369153e-05,2.4566104912082665e-05,4.597485894919373e-05,0.0002324241359019652,0.00011786221148213372,0.9993712306022644,0.0001421910710632801,7.589625511172926e-06,3.954738076572539e-06
vit_b_16_linear,translation_16_down,test_02334,2334,5,dog,5,dog,0.9684262871742249,True,0.002017945284023881,0.00687005277723074,0.001412500743754208,0.002808118239045143,0.008808409795165062,0.9684262871742249,0.0007747029303573072,0.005234690848737955,0.0024886485189199448,0.0011585598113015294
vit_b_16_linear,translation_16_down,test_01648,1648,0,airplane,0,airplane,0.9965957999229431,True,0.9965957999229431,0.00040449347579851747,0.0001539997902000323,0.00015470605285372585,0.00030366823193617165,0.0007540673832409084,0.00036065504536964,0.0005164772737771273,0.0005199947045184672,0.0002361689112149179
vit_b_16_linear,translation_16_down,test_06084,6084,7,monkey,7,monkey,0.9982917904853821,True,2.7866946766152978e-05,0.00016339935245923698,3.137426028843038e-05,0.0002475170185789466,6.708025466650724e-05,0.0009753816411830485,9.828239126363769e-05,0.9982917904853821,4.245078525855206e-05,5.4842952522449195e-05
vit_b_16_linear,translation_16_down,test_03455,3455,0,airplane,0,airplane,0.9970945119857788,True,0.9970945119857788,0.00013287093315739185,0.0002586164919193834,0.0003649046120699495,0.00011111856292700395,0.0010105354012921453,0.00021815836953464895,0.0002458257949911058,0.00019214914937037975,0.00037122907815501094
vit_b_16_linear,translation_16_down,test_01468,1468,9,truck,9,truck,0.9927628636360168,True,0.0006971113034524024,0.00254776026122272,0.00014891540922690183,0.00043132243445143104,0.00045637894072569907,0.0003231744049116969,0.00036526296753436327,0.0009338745730929077,0.0013333200477063656,0.9927628636360168
vit_b_16_linear,translation_16_down,test_01296,1296,7,monkey,7,monkey,0.9994001388549805,True,6.827314791735262e-06,0.00018880570132751018,1.2771024557878263e-05,0.00010389143426436931,4.4927986891707405e-05,0.00020566953753586859,1.1797712431871332e-05,0.9994001388549805,1.4654694496130105e-05,1.0540552466409281e-05
vit_b_16_linear,translation_16_down,test_05213,5213,4,deer,4,deer,0.9946231842041016,True,1.0500490134290885e-05,6.441362529585604e-06,6.45490354145295e-06,2.6841264116228558e-05,0.9946231842041016,2.4560338260926073e-06,0.005308608524501324,2.436490831314586e-06,5.0554544941405766e-06,7.782314241921995e-06
vit_b_16_linear,translation_16_down,test_07047,7047,9,truck,9,truck,0.9988412261009216,True,3.242261300329119e-05,0.0001449620322091505,0.00012185184459667653,9.982268966268748e-05,5.4299885960062966e-05,0.0004404377250466496,5.4729782277718186e-05,5.0006656238110736e-05,0.00016028599929995835,0.9988412261009216
vit_b_16_linear,translation_16_down,test_05360,5360,9,truck,9,truck,0.998641312122345,True,0.00031926328665576875,0.00011931977496715263,8.46047478262335e-05,3.666326665552333e-05,0.00010159552766708657,0.00019655852520372719,1.814430288504809e-05,8.404390973737463e-05,0.00039846019353717566,0.998641312122345
vit_b_16_linear,translation_16_down,test_05824,5824,2,car,2,car,0.9986336827278137,True,0.0003027302154805511,0.000286444352241233,0.9986336827278137,6.270931044127792e-05,0.00012887119373772293,0.00023233699903357774,5.008808875572868e-05,4.113471004529856e-05,0.00013238719839137048,0.00012946248170919716
vit_b_16_linear,translation_16_down,test_07460,7460,8,ship,8,ship,0.9693658351898193,True,0.0013169437879696488,0.0002067501045530662,0.0065270522609353065,9.42126425798051e-05,0.000599079648964107,0.0001468708651373163,0.00012061190500389785,2.477377711329609e-05,0.9693658351898193,0.021597860381007195
vit_b_16_linear,translation_16_down,test_04791,4791,7,monkey,7,monkey,0.996892511844635,True,5.997830885462463e-05,0.0019481254275888205,3.210698196198791e-05,0.000455328292446211,0.00020566456078086048,0.00026033545145764947,5.121036519994959e-05,0.996892511844635,3.4789998608175665e-05,5.994034290779382e-05
vit_b_16_linear,translation_16_down,test_06692,6692,2,car,2,car,0.9996697902679443,True,5.09596720803529e-05,4.99909911013674e-05,0.9996697902679443,3.195968020008877e-05,1.935757427418139e-05,4.1946354031097144e-05,7.864349754527211e-05,6.32401406619465e-06,3.393826773390174e-05,1.712991615931969e-05
vit_b_16_linear,translation_16_down,test_06931,6931,9,truck,9,truck,0.9887257218360901,True,0.007780245505273342,5.818213685415685e-05,0.0010506531689316034,7.800114690326154e-05,0.00020200897415634245,9.90375192486681e-05,0.0004275653336662799,6.194223533384502e-05,0.0015167045639827847,0.9887257218360901
vit_b_16_linear,translation_16_down,test_00667,667,8,ship,8,ship,0.9986640214920044,True,0.00015104908379726112,0.0005480653489939868,0.00012192181748105213,2.9285969503689557e-05,8.388854621443897e-05,9.912013047141954e-05,5.23764465469867e-05,9.435549873160198e-05,0.9986640214920044,0.00015600152255501598
vit_b_16_linear,translation_16_down,test_07781,7781,6,horse,6,horse,0.9988235831260681,True,4.103996161575196e-06,0.00016315448738168925,1.981598325073719e-05,7.786043715896085e-05,0.0007362879114225507,1.8935863408842124e-05,0.9988235831260681,0.000141386131872423,1.1821587577287573e-05,3.0885780688549858e-06
vit_b_16_linear,translation_16_down,test_07793,7793,3,cat,3,cat,0.8199809789657593,True,0.003607019782066345,0.003537488169968128,0.0016839290037751198,0.8199809789657593,0.004046489484608173,0.09881967306137085,0.0079263336956501,0.05768172815442085,0.0021445283200591803,0.000571803015191108
vit_b_16_linear,translation_16_down,test_01411,1411,9,truck,9,truck,0.9979450106620789,True,0.0001629326434340328,0.0005162557354196906,0.00017313400167040527,0.0002738297625910491,6.918669532751665e-05,0.00036276690661907196,0.0001544925180496648,0.00014469833695329726,0.00019772560335695744,0.9979450106620789
vit_b_16_linear,translation_16_down,test_01473,1473,7,monkey,7,monkey,0.9948158860206604,True,2.95903992082458e-05,0.0036021440755575895,4.93849438498728e-05,0.000606746063567698,0.00014961308625061065,0.0005066633457317948,6.872622179798782e-05,0.9948158860206604,9.4066075689625e-05,7.720822031842545e-05
vit_b_16_linear,translation_16_down,test_07130,7130,5,dog,5,dog,0.9757128357887268,True,0.0016963076777756214,0.0010643118293955922,0.001757304067723453,0.0032187900505959988,0.0016374425031244755,0.9757128357887268,0.001441196072846651,0.003998051397502422,0.005567822139710188,0.003905836958438158
vit_b_16_linear,translation_16_down,test_01956,1956,7,monkey,7,monkey,0.99642413854599,True,3.406892574275844e-05,0.00014103397552389652,9.344875434180722e-05,0.0020328019745647907,0.0005609166109934449,0.000532903999555856,4.006796007161029e-05,0.99642413854599,9.168350516119972e-05,4.897879625787027e-05
vit_b_16_linear,translation_16_down,test_06716,6716,5,dog,6,horse,0.1831367462873459,False,0.04143357276916504,0.10471731424331665,0.13547559082508087,0.11300107091665268,0.06542225927114487,0.0839804857969284,0.1831367462873459,0.1006065234541893,0.10476783663034439,0.06745851039886475
vit_b_16_linear,translation_16_down,test_04106,4106,5,dog,5,dog,0.9199919700622559,True,0.003799577010795474,0.015341016463935375,0.004762742668390274,0.01544694509357214,0.009406124241650105,0.9199919700622559,0.027691535651683807,0.0010398357408121228,0.001627359539270401,0.0008931083721108735
vit_b_16_linear,translation_16_down,test_03494,3494,6,horse,6,horse,0.9998617172241211,True,3.817749166046269e-05,2.5821320377872325e-05,1.6736157704144716e-05,1.2939768566866405e-05,1.4241926464819699e-06,1.5165549484663643e-05,0.9998617172241211,1.7891194147523493e-05,6.143105110822944e-06,3.910381110472372e-06
vit_b_16_linear,translation_16_down,test_00691,691,4,deer,4,deer,0.9999419450759888,True,8.429754529970523e-07,7.94787013091991e-07,1.0942045491901808e-06,7.451370493072318e-06,0.9999419450759888,1.4877094827170367e-06,4.330823867348954e-05,2.4185047209357435e-07,1.0614552365950658e-06,1.913011601573089e-06
vit_b_16_linear,translation_16_down,test_05220,5220,1,bird,1,bird,0.5481311678886414,True,0.007645586039870977,0.5481311678886414,0.0072198775596916676,0.14132601022720337,0.025115277618169785,0.2419421374797821,0.009024201892316341,0.005681018810719252,0.009323282167315483,0.004591455217450857
vit_b_16_linear,translation_16_down,test_04908,4908,3,cat,3,cat,0.9998562335968018,True,6.1092382566130254e-06,1.3558319551520981e-05,4.214974069327582e-06,0.9998562335968018,1.2409179362293798e-05,8.874764898791909e-05,4.147558229306014e-06,5.540225174627267e-06,4.916064881399507e-06,4.146589162701275e-06
vit_b_16_linear,translation_16_down,test_07029,7029,1,bird,1,bird,0.9923455119132996,True,0.0002179339644499123,0.9923455119132996,0.00048153212992474437,0.0006181353237479925,0.0006376001401804388,0.0023292223922908306,0.0004170430183876306,0.0018575751455500722,0.0007083540549501777,0.0003871112712658942
vit_b_16_linear,translation_16_down,test_04130,4130,0,airplane,0,airplane,0.999934196472168,True,0.999934196472168,1.6239279148066998e-06,4.058877493662294e-06,8.43305497255642e-06,3.256231138948351e-06,1.0093102901009843e-05,1.7036732970154844e-05,1.1409645139792701e-06,1.1393069144105539e-05,8.59256942931097e-06
vit_b_16_linear,translation_16_down,test_07938,7938,9,truck,9,truck,0.992449164390564,True,0.00010188855230808258,0.0009243891690857708,0.0016635721549391747,0.0002814137260429561,0.0008418862707912922,0.0030757146887481213,0.00011317533062538132,0.00024365294666495174,0.0003051423991564661,0.992449164390564
vit_b_16_linear,translation_16_down,test_05101,5101,5,dog,5,dog,0.7948753237724304,True,0.017459403723478317,0.0332774892449379,0.06835474818944931,0.018862463533878326,0.022257475182414055,0.7948753237724304,0.011388886719942093,0.02174803428351879,0.007322786375880241,0.004453393630683422
vit_b_16_linear,translation_16_down,test_01515,1515,9,truck,9,truck,0.9990338087081909,True,2.793618659779895e-05,0.00012994489225093275,0.00017036698409356177,8.346594404429197e-05,9.253306780010462e-05,0.00028891515103168786,6.780357216484845e-05,3.678609573398717e-05,6.841576396254823e-05,0.9990338087081909
vit_b_16_linear,translation_16_down,test_03287,3287,4,deer,4,deer,0.9984838366508484,True,1.4604148418584373e-05,1.3493356163962744e-05,7.501779691665433e-06,0.00010503802332095802,0.9984838366508484,9.934377885656431e-06,0.0013218983076512814,4.562064987112535e-06,2.1138070223969407e-05,1.7952159396372736e-05
vit_b_16_linear,translation_16_down,test_00716,716,8,ship,8,ship,0.9894416332244873,True,0.0006747874431312084,0.001986083574593067,0.00046293262857943773,0.0010973912430927157,0.00035026113619096577,0.002645893720909953,0.0009571840637363493,0.0012517301365733147,0.9894416332244873,0.0011320831254124641
vit_b_16_linear,translation_16_down,test_04236,4236,7,monkey,7,monkey,0.9984456896781921,True,3.1426952773472294e-05,0.00028497070888988674,2.705158112803474e-05,0.00039780052611604333,0.0001917221088660881,0.0004499379137996584,5.844027691637166e-05,0.9984456896781921,5.67495844734367e-05,5.616219277726486e-05
vit_b_16_linear,translation_16_down,test_05408,5408,6,horse,6,horse,0.9840270280838013,True,0.0005765538662672043,0.0007602008990943432,0.0008202778408303857,0.00035533428308553994,0.007928092032670975,0.003180917352437973,0.9840270280838013,0.00031194803887046874,0.001261554192751646,0.000778231187723577
vit_b_16_linear,translation_16_down,test_05496,5496,5,dog,5,dog,0.9969782829284668,True,1.1633960639301222e-05,1.71619831235148e-05,0.00010420408943900838,0.0018486917251721025,4.617017475538887e-05,0.9969782829284668,4.562130925478414e-05,0.0005830218433402479,0.0002526810276322067,0.00011251878459006548
vit_b_16_linear,translation_16_down,test_03365,3365,4,deer,4,deer,0.9971396923065186,True,0.0001222714054165408,0.000167066216818057,9.967925143428147e-05,0.00025984260719269514,0.9971396923065186,0.0007087115664035082,0.0011948575265705585,9.403159492649138e-05,0.00010443676001159474,0.00010935145110124722
vit_b_16_linear,translation_16_down,test_04323,4323,3,cat,3,cat,0.9902723431587219,True,0.00034382077865302563,0.00319067295640707,0.0002356807963224128,0.9902723431587219,0.0005051310290582478,0.004310476593673229,0.0009431953076273203,4.011201235698536e-05,7.410348189296201e-05,8.435759809799492e-05
vit_b_16_linear,translation_16_down,test_05467,5467,4,deer,4,deer,0.9711225628852844,True,3.9578473661094904e-05,0.00020273640984669328,0.00010933982412097976,4.4677955884253606e-05,0.9711225628852844,5.8135436120210215e-05,0.028257086873054504,8.225280180340633e-05,3.4659704397199675e-05,4.893902951152995e-05
vit_b_16_linear,translation_16_down,test_01644,1644,5,dog,5,dog,0.9917075037956238,True,0.0003646195400506258,0.0006709152949042618,0.0005885023274458945,0.002813796978443861,0.00029249064391478896,0.9917075037956238,0.0012805144069716334,0.0008899761596694589,0.0008380641229450703,0.0005534779629670084
vit_b_16_linear,translation_16_down,test_03948,3948,8,ship,8,ship,0.9980741739273071,True,7.444708171533421e-05,0.000306495203403756,0.00015980038733687252,0.00018304194964002818,0.0001608397433301434,0.00033556713606230915,0.000369623041478917,0.0001900483766803518,0.9980741739273071,0.00014604012540075928
vit_b_16_linear,translation_16_down,test_06726,6726,7,monkey,7,monkey,0.9976578950881958,True,5.5668420827714726e-05,0.0011602445738390088,8.232007530750707e-05,0.00044356289436109364,0.0002392537717241794,0.0002514254010748118,4.757110582431778e-05,0.9976578950881958,3.961949551012367e-05,2.2535530661116354e-05
vit_b_16_linear,translation_16_down,test_05395,5395,2,car,2,car,0.9999728202819824,True,3.378917199370335e-06,4.2292936086596455e-06,0.9999728202819824,1.046189822773158e-06,1.0637346576913842e-06,1.1461298754511517e-06,1.093475930247223e-06,5.24064830642601e-07,4.495572738960618e-06,1.016127316688653e-05
vit_b_16_linear,translation_16_down,test_01579,1579,7,monkey,7,monkey,0.9963774085044861,True,8.00840716692619e-05,0.00024939203285612166,0.00012014513049507514,0.00017014212789945304,0.0001652365899644792,0.0024617400486022234,0.00018752868345472962,0.9963774085044861,0.00011833198368549347,7.012556307017803e-05
vit_b_16_linear,translation_16_down,test_05918,5918,0,airplane,0,airplane,0.9998853206634521,True,0.9998853206634521,8.465372047794517e-06,2.8077233764634e-06,5.103654075355735e-06,2.110524064846686e-06,1.3328725799510721e-05,3.3903381790878484e-06,5.394672825786984e-06,6.721546378685161e-05,6.8327990447869524e-06
vit_b_16_linear,translation_16_down,test_07041,7041,5,dog,5,dog,0.9031882286071777,True,0.00396458525210619,0.03146960586309433,0.009106786921620369,0.006542982067912817,0.0016015446744859219,0.9031882286071777,0.022954856976866722,0.002083469182252884,0.014591356739401817,0.004496595822274685
vit_b_16_linear,translation_16_down,test_00506,506,4,deer,4,deer,0.9738097190856934,True,0.0006511379033327103,0.006170605309307575,0.0004462781362235546,0.011352364905178547,0.9738097190856934,0.00213511916808784,0.0008052193443290889,0.004062104970216751,0.0002101722202496603,0.000357391603756696
vit_b_16_linear,translation_16_down,test_04011,4011,6,horse,6,horse,0.9998633861541748,True,3.149289113935083e-05,4.567684300127439e-06,2.899441278714221e-05,2.8451795515138656e-06,7.40445875635487e-06,5.207544018048793e-05,0.9998633861541748,1.322648131463211e-06,3.4363138183834963e-06,4.452951088751433e-06
vit_b_16_linear,translation_16_down,test_05981,5981,9,truck,9,truck,0.9992668032646179,True,4.692998572863871e-06,0.0002473836066201329,3.26744957419578e-05,0.00011379326315363869,4.940727012581192e-05,8.049183088587597e-05,2.620631676109042e-05,3.884320904035121e-05,0.00013973203022032976,0.9992668032646179
vit_b_16_linear,translation_16_down,test_00409,409,2,car,2,car,0.9997242093086243,True,1.3403907360043377e-05,0.00013880323967896402,0.9997242093086243,8.293123755720444e-06,8.729129149287473e-06,6.541143375216052e-05,1.9143039025948383e-05,3.0278665690275375e-06,1.3525292160920799e-05,5.431977569969604e-06
vit_b_16_linear,translation_16_down,test_06954,6954,1,bird,1,bird,0.860345184803009,True,0.010477910749614239,0.860345184803009,0.001610530074685812,0.026935644447803497,0.06356719881296158,0.009254902601242065,0.005942218005657196,0.006332502234727144,0.008851299993693829,0.006682582665234804
vit_b_16_linear,translation_16_down,test_07555,7555,6,horse,6,horse,0.997529923915863,True,0.0003854654496535659,0.00033853351487778127,0.000119704709504731,0.00015357174561358988,0.00010582356480881572,0.0010524942772462964,0.997529923915863,6.313170888461173e-05,0.0002069523325189948,4.442569479579106e-05
vit_b_16_linear,translation_16_down,test_03965,3965,0,airplane,0,airplane,0.9985635876655579,True,0.9985635876655579,0.0003793661599047482,5.687603334081359e-05,8.966050518210977e-05,6.304398993961513e-05,0.0002856552309822291,0.00010429436224512756,0.0001610300678294152,0.00023157987743616104,6.488790677394718e-05
vit_b_16_linear,translation_16_down,test_07266,7266,9,truck,9,truck,0.9472063183784485,True,0.0061422851867973804,0.0025840350426733494,0.01933160051703453,0.0004537160275503993,0.0040903836488723755,0.0021673268638551235,0.004494334105402231,0.0007967142155393958,0.012733284384012222,0.9472063183784485
vit_b_16_linear,translation_16_down,test_04785,4785,0,airplane,0,airplane,0.9889510273933411,True,0.9889510273933411,0.002220392460003495,0.00017545688024256378,0.00106905959546566,0.0007519230712205172,0.002811099635437131,0.0006415972020477057,0.001866412116214633,0.0012701378436759114,0.0002428587176837027
vit_b_16_linear,translation_16_down,test_06028,6028,2,car,2,car,0.9994415640830994,True,4.840931069338694e-05,9.187445539282635e-05,0.9994415640830994,9.479189429839607e-06,2.3872466044849716e-05,3.2023679523263127e-05,4.8338217311538756e-05,9.114091881201603e-06,0.00015407660976052284,0.0001413547870470211
vit_b_16_linear,translation_16_down,test_06503,6503,2,car,2,car,0.9978895783424377,True,0.0005754089797846973,0.0001409199758199975,0.9978895783424377,0.00014120584819465876,8.500413969159126e-05,0.0005813275929540396,0.00025919865584000945,8.383444946957752e-05,0.00015850768249947578,8.497227827319875e-05
vit_b_16_linear,translation_16_down,test_06414,6414,5,dog,5,dog,0.9481329321861267,True,0.001965890871360898,0.012685912661254406,0.004357394762337208,0.010603036731481552,0.0036492752842605114,0.9481329321861267,0.0008328233961947262,0.011214321479201317,0.002718477975577116,0.0038399931509047747
vit_b_16_linear,translation_16_down,test_05382,5382,6,horse,6,horse,0.9949873685836792,True,0.0004750278312712908,0.0012595264706760645,0.00039871633634902537,0.00013970202417112887,0.00016385209164582193,0.0015757960500195622,0.9949873685836792,0.0004219032125547528,0.00041276292176917195,0.00016535767645109445
vit_b_16_linear,translation_16_down,test_06836,6836,1,bird,1,bird,0.9879770874977112,True,0.0009958017617464066,0.9879770874977112,0.0007683589938096702,0.0007203090935945511,0.0014309429097920656,0.003074080916121602,0.0008631789241917431,0.002426587976515293,0.0010567017598077655,0.0006870203651487827
vit_b_16_linear,translation_16_down,test_06508,6508,4,deer,4,deer,0.9990987777709961,True,1.2186030289740302e-05,8.499638170178514e-06,3.216744062228827e-06,5.9760095609817654e-05,0.9990987777709961,2.4554453830205603e-06,0.0007540783262811601,3.0768767373956507e-06,4.634389188140631e-05,1.1622281817835756e-05
vit_b_16_linear,translation_16_down,test_03994,3994,4,deer,4,deer,0.9990928173065186,True,1.5870646166149527e-05,6.039961954229511e-05,1.4579522030544467e-05,0.0005443747504614294,0.9990928173065186,6.374639269779436e-06,0.00024869514163583517,8.114711818052456e-06,1.8206624190497678e-06,6.9807233558094595e-06
vit_b_16_linear,translation_16_down,test_03942,3942,9,truck,9,truck,0.9931423664093018,True,0.0003530022513587028,0.0012402267893776298,0.0019071268616244197,0.0003297127550467849,0.00037395465187728405,0.0018779722740873694,0.00013382210454437882,0.00011177256965311244,0.0005299934418871999,0.9931423664093018
vit_b_16_linear,translation_16_down,test_03542,3542,7,monkey,7,monkey,0.998150646686554,True,2.624701301101595e-05,0.0009604632505215704,5.479087485582568e-05,0.00012588118261191994,7.011489651631564e-05,0.00047503504902124405,8.3076702139806e-05,0.998150646686554,2.612738717289176e-05,2.7456288080429658e-05
vit_b_16_linear,translation_16_down,test_06952,6952,3,cat,3,cat,0.9934247732162476,True,7.379126327577978e-05,0.000431182561442256,0.00023039427469484508,0.9934247732162476,0.0004126648709643632,0.004351634066551924,0.0007776833954267204,9.35573480091989e-05,0.0001506563858129084,5.3548734285868704e-05
vit_b_16_linear,translation_16_down,test_04290,4290,5,dog,4,deer,0.4702238440513611,False,0.004744002129882574,0.43113279342651367,0.005252333823591471,0.024064233526587486,0.4702238440513611,0.022302594035863876,0.016122275963425636,0.023106999695301056,0.001775014796294272,0.001275824150070548
vit_b_16_linear,translation_16_down,test_07446,7446,8,ship,8,ship,0.9992320537567139,True,2.979381133627612e-05,0.00011135719978483394,4.5216307626105845e-05,9.246735862689093e-05,0.00011991217616014183,0.00015745271230116487,9.55589275690727e-05,5.095071537652984e-05,0.9992320537567139,6.529311212943867e-05
vit_b_16_linear,translation_16_down,test_06169,6169,1,bird,1,bird,0.38003867864608765,True,0.0630025863647461,0.38003867864608765,0.07081727683544159,0.03238856419920921,0.023312892764806747,0.14524781703948975,0.07051600515842438,0.10773107409477234,0.0647866427898407,0.04215855523943901
vit_b_16_linear,translation_16_down,test_01109,1109,1,bird,1,bird,0.8650745749473572,True,0.02193671464920044,0.8650745749473572,0.01143505796790123,0.0238506980240345,0.039920978248119354,0.015233438462018967,0.009771628305315971,0.0021616306621581316,0.006462169345468283,0.00415310962125659
vit_b_16_linear,translation_16_down,test_03179,3179,4,deer,4,deer,0.9998899698257446,True,9.768829158929293e-07,1.2977536698599579e-06,6.933482268323132e-07,2.8896412914036773e-05,0.9998899698257446,3.507510700728744e-05,4.0270184399560094e-05,2.6667450470085896e-07,5.597144081548322e-07,1.988939175134874e-06
vit_b_16_linear,translation_16_down,test_07835,7835,7,monkey,7,monkey,0.9903218150138855,True,0.00016962866357062012,0.006433934438973665,0.00015133674605749547,0.0003140624612569809,0.0001669865450821817,0.0018447036854922771,0.0003581011842470616,0.9903218150138855,0.00010607339208945632,0.00013330492947716266
vit_b_16_linear,translation_16_down,test_07390,7390,1,bird,1,bird,0.9813100099563599,True,0.0009933584369719028,0.9813100099563599,0.0013837401056662202,0.0013465039664879441,0.0006897147977724671,0.003707114141434431,0.0024643405340611935,0.003830132307484746,0.002069466281682253,0.002205509226769209
vit_b_16_linear,translation_16_down,test_00568,568,5,dog,5,dog,0.9927324652671814,True,0.00014874422049615532,0.0006158641772344708,0.00022666319273412228,0.001082204282283783,0.00035863666562363505,0.9927324652671814,0.0012690635630860925,0.0032509227748960257,0.00015747120778542012,0.00015798625827301294
vit_b_16_linear,translation_16_down,test_04629,4629,4,deer,4,deer,0.9999178647994995,True,2.8430399652279448e-06,1.892572981887497e-06,3.9033255916365306e-07,6.11830546404235e-05,0.9999178647994995,1.9183556787538691e-07,1.25571268654312e-05,8.866627609904754e-08,1.9679812339745695e-06,9.461055583415146e-07
vit_b_16_linear,translation_16_down,test_07138,7138,8,ship,8,ship,0.9993951320648193,True,0.000352659379132092,5.361352668842301e-05,5.324203084455803e-05,1.0956665391859133e-05,2.5248331439797767e-05,2.9642640583915636e-05,4.742421879200265e-05,8.848235665936954e-06,0.9993951320648193,2.3203710952657275e-05
vit_b_16_linear,translation_16_down,test_05284,5284,9,truck,9,truck,0.9977306723594666,True,0.00010468329128343612,0.0002983682497870177,0.0009489560034126043,0.00013491674326360226,0.00010158384247915819,0.00026878598146140575,9.418428817298263e-05,7.1180664235726e-05,0.00024667682009749115,0.9977306723594666
vit_b_16_linear,translation_16_down,test_00003,3,0,airplane,0,airplane,0.9670579433441162,True,0.9670579433441162,0.007888385094702244,0.0004951416049152613,0.0030521799344569445,0.0014992926735430956,0.003702693386003375,0.001114162732847035,0.004202893935143948,0.00797367561608553,0.003013583132997155
vit_b_16_linear,translation_16_down,test_02690,2690,1,bird,1,bird,0.9998680353164673,True,6.752124136255588e-06,0.9998680353164673,1.901168070617132e-05,8.702861123310868e-06,2.526765274524223e-05,1.0865926924452651e-05,1.4953793652239256e-05,3.260945959482342e-05,5.2135887926851865e-06,8.45495469548041e-06
vit_b_16_linear,translation_16_down,test_05858,5858,6,horse,6,horse,0.990310788154602,True,7.24076380720362e-05,0.00016165907436516136,6.733960617566481e-05,9.054633119376376e-05,0.008874086663126945,6.950762326596305e-05,0.990310788154602,0.00019466695084702224,4.7651399654569104e-05,0.000111275257950183
vit_b_16_linear,translation_16_down,test_01266,1266,4,deer,4,deer,0.9973059892654419,True,6.406089232768863e-05,0.0002657634031493217,6.102131737861782e-05,0.0010724830208346248,0.9973059892654419,0.0002355148462811485,0.0007781739695928991,4.058787817484699e-05,4.400233592605218e-05,0.00013250767369754612
vit_b_16_linear,translation_16_down,test_03034,3034,4,deer,4,deer,0.9994063377380371,True,3.967744305555243e-06,3.7696338495152304e-06,2.8813751669076737e-06,1.230522775585996e-05,0.9994063377380371,2.9805913072777912e-05,0.0005299938493408263,2.4875632789189694e-06,4.514208740147296e-06,3.941115664929384e-06
vit_b_16_linear,translation_16_down,test_02655,2655,9,truck,9,truck,0.9836363196372986,True,0.00045781038352288306,0.00013166185817681253,0.010339275933802128,0.00022450281539931893,7.463716610800475e-05,0.0001876336900750175,5.4329684644471854e-05,2.9430646463879384e-05,0.00486437464132905,0.9836363196372986
vit_b_16_linear,translation_16_down,test_06190,6190,7,monkey,7,monkey,0.9976993203163147,True,1.3454522559186444e-05,0.0012724462430924177,2.3530987164122052e-05,0.00029380639898590744,8.584922034060583e-05,0.0005130230565555394,1.7547503375681117e-05,0.9976993203163147,3.8477315683849156e-05,4.2416329961270094e-05
vit_b_16_linear,translation_16_down,test_04170,4170,8,ship,8,ship,0.9994210004806519,True,0.00040726488805375993,1.1548037946340628e-05,4.3569998524617404e-05,4.145369075558847e-06,5.655401764670387e-06,5.3914168347546365e-06,9.837513061938807e-06,8.724621807232324e-07,0.9994210004806519,9.074126865016297e-05
vit_b_16_linear,translation_16_down,test_07380,7380,9,truck,9,truck,0.9981182813644409,True,6.25819739070721e-05,0.00019471791165415198,0.00045577925629913807,0.00017176145047415048,7.186371658463031e-05,0.0004831104015465826,0.00012225443788338453,0.00010323161404812708,0.0002164994803024456,0.9981182813644409
vit_b_16_linear,translation_16_down,test_07752,7752,9,truck,9,truck,0.9971713423728943,True,0.0005538749392144382,0.0006081186002120376,0.0001241441204911098,0.0002062084386125207,0.000285446090856567,0.0003195116587448865,0.00019473661086522043,0.00020355527522042394,0.0003330929612275213,0.9971713423728943
vit_b_16_linear,translation_16_down,test_03996,3996,9,truck,9,truck,0.9955794215202332,True,0.0007808580994606018,0.0003219775971956551,0.0025354705285280943,5.3685143939219415e-05,6.84485275996849e-05,3.100456888205372e-05,0.00021206721430644393,6.258486246224493e-05,0.0003544603823684156,0.9955794215202332
vit_b_16_linear,translation_16_down,test_01204,1204,3,cat,3,cat,0.9999767541885376,True,4.800141368832556e-07,1.8332993931835517e-05,4.629313536952395e-07,0.9999767541885376,2.3557038275612285e-06,1.815534886873138e-07,3.862849098368315e-07,6.151940397103317e-07,1.592155598473255e-07,1.9809101559076225e-07
vit_b_16_linear,translation_16_down,test_01654,1654,9,truck,9,truck,0.9921631217002869,True,0.0002489677572157234,0.0015343293780460954,0.0012951110256835818,0.0010290190111845732,0.00021695646864827722,0.001907882746309042,0.0002618487342260778,0.00046438747085630894,0.0008783460943959653,0.9921631217002869
vit_b_16_linear,translation_16_down,test_04746,4746,6,horse,6,horse,0.9894409775733948,True,0.00046106858644634485,0.00300315348431468,0.000530951947439462,0.000621388666331768,0.0010185871506109834,0.0007745681214146316,0.9894409775733948,0.0033429558388888836,0.0004149838932789862,0.00039152539102360606
vit_b_16_linear,translation_16_down,test_04590,4590,3,cat,3,cat,0.9976231455802917,True,0.00012664009409490973,0.00033663419890217483,0.00013937041512690485,0.9976231455802917,0.00042028946336358786,0.0009056914714165032,9.82585406745784e-05,9.574002615408972e-05,0.00013895329902879894,0.00011536992678884417
vit_b_16_linear,translation_16_down,test_00562,562,0,airplane,0,airplane,0.9983941912651062,True,0.9983941912651062,0.00021957664284855127,0.0002579260617494583,4.411635745782405e-05,2.404395490884781e-05,0.00042862677946686745,0.0002504209987819195,4.5779088395647705e-05,0.00022660855029243976,0.00010869293328141794
vit_b_16_linear,translation_16_down,test_07108,7108,6,horse,6,horse,0.9966564178466797,True,0.0011233174009248614,0.00013338796270545572,0.00021573586855083704,0.0002332609728910029,0.0007287741173058748,0.0002771408762782812,0.9966564178466797,0.0001331881358055398,6.963258783798665e-05,0.00042917337850667536
vit_b_16_linear,translation_16_down,test_05999,5999,0,airplane,0,airplane,0.9998014569282532,True,0.9998014569282532,2.030268842645455e-05,1.3979566574562341e-05,6.970587946852902e-06,2.3379841877613217e-05,5.570147914113477e-05,9.250641596736386e-06,7.704972631472629e-06,5.4734249715693295e-05,6.641449544986244e-06
vit_b_16_linear,translation_16_down,test_01403,1403,2,car,2,car,0.999432384967804,True,0.00010164934064960107,1.8600785551825538e-05,0.999432384967804,2.03920512831246e-06,2.3803955627954565e-05,2.0114403014304116e-06,1.1187672498635948e-05,1.4300124348665122e-05,2.8476211809902452e-05,0.00036550150252878666
vit_b_16_linear,translation_16_down,test_04403,4403,7,monkey,7,monkey,0.9994280934333801,True,1.9895303466910264e-06,0.0004403366765473038,2.516924041628954e-06,4.924081076751463e-05,1.861696182459127e-05,4.5248219976201653e-05,3.2179914342123084e-06,0.9994280934333801,6.2062786128080916e-06,4.578785137709929e-06
vit_b_16_linear,translation_16_down,test_06332,6332,2,car,2,car,0.9994851350784302,True,0.00026873452588915825,1.62531687237788e-05,0.9994851350784302,2.394882722001057e-05,1.3454793588607572e-05,1.6458798199892044e-05,3.468308204901405e-05,2.989165750477696e-06,7.505483517888933e-05,6.330584437819198e-05
vit_b_16_linear,translation_16_down,test_06264,6264,2,car,2,car,0.9999175071716309,True,1.3838209724781336e-06,1.5210849596769549e-05,0.9999175071716309,6.107288299972424e-06,1.1180994079040829e-05,5.337586117093451e-06,2.3618662453372963e-05,1.3871612054572324e-06,1.3603745173895732e-05,4.7064472710189875e-06
vit_b_16_linear,translation_16_down,test_00303,303,9,truck,9,truck,0.9978212118148804,True,7.402875053230673e-05,0.000226649412070401,0.0003578817122615874,0.00017342102364636958,0.0001696781109785661,0.0007347514620050788,9.321165271103382e-05,0.0001861687924247235,0.00016301966388709843,0.9978212118148804
vit_b_16_linear,translation_16_down,test_00791,791,3,cat,3,cat,0.9986749291419983,True,7.80713016865775e-05,0.0003208371053915471,0.00010076965554617345,0.9986749291419983,0.00015051594527903944,0.00023480287927668542,7.796914724167436e-05,8.29115670057945e-05,0.00017167851910926402,0.00010759628639789298
vit_b_16_linear,translation_16_down,test_03067,3067,2,car,2,car,0.9997891783714294,True,1.7331132767139934e-05,3.090663449256681e-05,0.9997891783714294,1.5974930647644214e-05,9.936745300365146e-06,3.238388308091089e-05,7.633608038304374e-05,2.8376493901305366e-06,2.1682828446500935e-05,3.513358706186409e-06
vit_b_16_linear,translation_16_down,test_00484,484,0,airplane,0,airplane,0.9985334873199463,True,0.9985334873199463,7.985064257809427e-06,1.2997576959605794e-05,4.226211785862688e-06,2.594044872239465e-06,2.0644019969040528e-05,5.939345555816544e-06,2.556418166932417e-06,0.0014032734325155616,6.283233688009204e-06
vit_b_16_linear,translation_16_down,test_01370,1370,3,cat,3,cat,0.9996799230575562,True,3.6224462292011594e-06,3.247856875532307e-05,2.603420853120042e-06,0.9996799230575562,1.434923160559265e-05,0.0002180987357860431,9.85977840173291e-06,2.9946351787657477e-05,4.855229235545266e-06,4.299845841160277e-06
vit_b_16_linear,translation_16_down,test_04069,4069,8,ship,0,airplane,0.5348758101463318,False,0.5348758101463318,0.00558954244479537,0.0073485407046973705,0.008078386075794697,0.013911483809351921,0.0048345229588449,0.07405126094818115,0.0015450899954885244,0.3469601571559906,0.0028051757253706455
vit_b_16_linear,translation_16_down,test_07373,7373,0,airplane,0,airplane,0.9983590245246887,True,0.9983590245246887,0.00021097820717841387,7.941073272377253e-05,0.00013086099352221936,6.969163223402575e-05,0.0004758652066811919,0.0003464638430159539,7.65603399486281e-05,0.00017267608200199902,7.840940816095099e-05
vit_b_16_linear,translation_16_down,test_04330,4330,3,cat,3,cat,0.999000608921051,True,6.727959407726303e-05,6.72285386826843e-05,7.703901792410761e-05,0.999000608921051,3.9364305848721415e-05,0.0005183908506296575,6.268527795327827e-05,8.693980635143816e-05,7.294568786164746e-05,7.519676728406921e-06
vit_b_16_linear,translation_16_down,test_05701,5701,5,dog,5,dog,0.9959039092063904,True,0.00021590320102404803,0.0008649534429423511,0.0001520041114417836,0.0005314562004059553,0.0004212402564007789,0.9959039092063904,0.0002846602874342352,0.000631998002063483,0.0005991423386149108,0.0003947724762838334
vit_b_16_linear,translation_16_down,test_07465,7465,0,airplane,0,airplane,0.9991451501846313,True,0.9991451501846313,0.00029398113838396966,4.71797538921237e-05,1.5295347111532465e-05,3.697270585689694e-05,0.00013516897161025554,9.010449139168486e-05,2.136304829036817e-05,0.0001761962630553171,3.8803489587735385e-05
vit_b_16_linear,translation_16_down,test_01531,1531,3,cat,3,cat,0.9991281628608704,True,2.9623080990859307e-05,7.657235255464911e-05,1.0245862540614326e-05,0.9991281628608704,0.0005113830557093024,0.00010553589527262375,7.061404176056385e-05,1.724195317365229e-05,2.6567788154352456e-05,2.3954615244292654e-05
vit_b_16_linear,translation_16_down,test_04676,4676,8,ship,8,ship,0.9999310970306396,True,4.2829328776861075e-06,2.9773298138024984e-06,5.4128695410327055e-06,9.572158887749538e-07,3.827563432423631e-06,1.8082138922181912e-05,3.4567087823234033e-06,1.6773534525782452e-06,0.9999310970306396,2.822972419380676e-05
vit_b_16_linear,translation_16_down,test_04531,4531,3,cat,3,cat,0.9993785619735718,True,5.4839863878441975e-05,0.0002070673363050446,1.872297616500873e-05,0.9993785619735718,5.201367457630113e-05,0.00011078168608946726,1.5150460058066528e-05,4.631100091501139e-05,6.878800923004746e-05,4.7619538236176595e-05
vit_b_16_linear,translation_16_down,test_00706,706,8,ship,8,ship,0.9999052286148071,True,6.541481980093522e-06,2.378895260335412e-05,7.702855327806901e-06,8.140051249938551e-06,7.114892014215002e-06,2.033950477198232e-05,5.884440270165214e-06,1.0875412954192143e-05,0.9999052286148071,4.425508905114839e-06
vit_b_16_linear,translation_16_down,test_02844,2844,8,ship,8,ship,0.9997196793556213,True,7.748409552732483e-05,5.5181069910759106e-05,9.41769849305274e-06,2.8840040613431484e-05,2.3033075194689445e-05,4.622892083716579e-05,2.279488580825273e-05,1.1362860277586151e-05,0.9997196793556213,5.936643447057577e-06
vit_b_16_linear,translation_16_down,test_03755,3755,2,car,2,car,0.999871015548706,True,3.7374259136413457e-06,4.491598883760162e-05,0.999871015548706,2.3843408598622773e-06,6.806121291447198e-06,1.934030296979472e-05,2.9595530577353202e-05,7.869071851018816e-06,7.339665899053216e-06,7.058373284962727e-06
vit_b_16_linear,translation_16_down,test_05848,5848,7,monkey,7,monkey,0.998432457447052,True,1.4979463230702095e-05,0.0004044518864247948,3.1054809369379655e-05,0.00034458746085874736,0.00011560499115148559,0.000558907981030643,2.6913476176559925e-05,0.998432457447052,3.773580465349369e-05,3.33732932631392e-05
vit_b_16_linear,translation_16_down,test_02114,2114,9,truck,9,truck,0.9749580025672913,True,0.002145307371392846,0.007552631199359894,0.0008939957479014993,0.0014939378015697002,0.0021159101743251085,0.00393605837598443,0.0013064650120213628,0.001985355978831649,0.003612295025959611,0.9749580025672913
vit_b_16_linear,translation_16_down,test_03876,3876,0,airplane,0,airplane,0.9992116689682007,True,0.9992116689682007,0.00018001423450186849,0.00025701074628159404,2.644868436618708e-05,3.448792267590761e-05,7.936895417515188e-05,2.3112002963898703e-05,1.8047878256766126e-05,8.096276724245399e-05,8.875728235580027e-05
vit_b_16_linear,translation_16_down,test_00677,677,3,cat,3,cat,0.9981764554977417,True,7.838362944312394e-05,0.0007787510403431952,0.00013978738570585847,0.9981764554977417,6.087687143008225e-05,0.0003788158646784723,7.417851884383708e-05,0.0001270327775273472,0.00010490138811292127,8.064236317295581e-05
vit_b_16_linear,translation_16_down,test_02116,2116,1,bird,3,cat,0.9970018267631531,False,0.0001207811146741733,0.0019516997272148728,7.319221913348883e-05,0.9970018267631531,0.00036187368095852435,0.0001655656233197078,6.300099630607292e-05,5.549811976379715e-05,0.0001424342772224918,6.414189556380734e-05
vit_b_16_linear,translation_16_down,test_04661,4661,7,monkey,7,monkey,0.9879004955291748,True,0.00023786940437275916,0.0029720820020884275,0.00033224356593564153,0.0008848538855090737,0.0001961476809810847,0.006455735769122839,0.00040245510172098875,0.9879004955291748,0.00041653524385765195,0.0002016206708503887
vit_b_16_linear,translation_16_down,test_02676,2676,6,horse,6,horse,0.3575839698314667,True,0.012678660452365875,0.0039012040942907333,0.06230246648192406,0.0031841064337641,0.1591642051935196,0.34466615319252014,0.3575839698314667,0.0020253246184438467,0.01345221046358347,0.04104171320796013
vit_b_16_linear,translation_16_down,test_03025,3025,0,airplane,0,airplane,0.9993683695793152,True,0.9993683695793152,1.552695903228596e-05,0.00026260330923832953,1.4291329534898978e-05,2.00994145416189e-05,7.260940765263513e-05,9.254067117581144e-05,1.9517208784236573e-05,9.064663026947528e-05,4.386261571198702e-05
vit_b_16_linear,translation_16_down,test_04449,4449,9,truck,9,truck,0.9844186305999756,True,0.0012229930143803358,4.600791726261377e-05,0.0029829712584614754,2.3472070097341202e-05,5.418251021183096e-05,5.0360373279545456e-05,5.3752806707052514e-05,3.83199540010537e-06,0.011143780313432217,0.9844186305999756
vit_b_16_linear,translation_16_down,test_00977,977,6,horse,6,horse,0.9989270567893982,True,0.00011189926590304822,0.00010445807129144669,8.389248250750825e-05,0.000167123565915972,0.0002995082177221775,0.00014036864740774035,0.9989270567893982,5.0366004870738834e-05,3.6542660382110626e-05,7.865622319513932e-05
vit_b_16_linear,translation_16_down,test_04990,4990,8,ship,8,ship,0.9923842549324036,True,0.0002680405741557479,0.0006093800766393542,0.0008652827236801386,0.0006158261094242334,0.0007244498119689524,0.0017727556405588984,0.001254559843800962,0.0003441727312747389,0.9923842549324036,0.0011611998779699206
vit_b_16_linear,translation_16_down,test_07309,7309,0,airplane,0,airplane,0.9989972710609436,True,0.9989972710609436,0.00015223055379465222,0.00010933617886621505,4.3426516640465707e-05,6.774719076929614e-05,9.481397864874452e-05,7.481829379685223e-05,6.491231761174276e-05,0.0002232848055427894,0.00017223056056536734
vit_b_16_linear,translation_16_down,test_01048,1048,7,monkey,7,monkey,0.985926628112793,True,0.00025725329760462046,0.010085643269121647,0.00018584297504276037,0.00024908865452744067,0.0006445973995141685,0.0018920979928225279,0.0003011228982359171,0.985926628112793,0.00014137824473436922,0.0003163002256769687
vit_b_16_linear,translation_16_down,test_03276,3276,3,cat,3,cat,0.9639136791229248,True,0.0008141604484990239,0.0028039314784109592,0.000992578105069697,0.9639136791229248,0.016652217134833336,0.0036772845778614283,0.004080377519130707,0.005656073335558176,0.0006590031553059816,0.0007507120608352125
vit_b_16_linear,translation_16_down,test_05512,5512,2,car,9,truck,0.5420130491256714,False,0.0029545403085649014,0.016351578757166862,0.1301165074110031,0.0018212387803941965,0.05128449946641922,0.011876546777784824,0.22754137217998505,0.00662959972396493,0.009411069564521313,0.5420130491256714
vit_b_16_linear,translation_16_down,test_07692,7692,4,deer,4,deer,0.9892559051513672,True,0.0005122155416756868,0.00041857355972751975,0.0012469453504309058,0.001617887057363987,0.9892559051513672,0.0034255976788699627,0.0006794864893890917,0.0001747097121551633,0.001660933718085289,0.001007843529805541
vit_b_16_linear,translation_16_down,test_01436,1436,1,bird,1,bird,0.9992863535881042,True,1.833097849157639e-05,0.9992863535881042,3.437442137510516e-05,7.084682874847203e-05,6.596348976017907e-05,0.0001900642819236964,3.429115531616844e-05,0.0002530610072426498,2.3344075088971294e-05,2.3171114662545733e-05
vit_b_16_linear,translation_16_down,test_07544,7544,9,truck,9,truck,0.9962026476860046,True,0.0009805633453652263,0.0007765810005366802,0.0002550100616645068,9.358143870485947e-05,9.76897863438353e-05,0.0005674970452673733,0.0002209836820838973,0.00016962063091341406,0.0006358745158649981,0.9962026476860046
vit_b_16_linear,translation_16_down,test_03383,3383,3,cat,3,cat,0.9983149766921997,True,0.00016653304919600487,0.0005438681691884995,6.73540635034442e-05,0.9983149766921997,4.9390484491596e-05,0.00023063807748258114,8.557757246308029e-05,0.000339037535013631,0.00013565394328907132,6.695328193018213e-05
vit_b_16_linear,translation_16_down,test_01977,1977,0,airplane,0,airplane,0.9961591958999634,True,0.9961591958999634,0.00045690988190472126,0.00036632755654864013,0.00032188810291700065,0.00012425571912899613,0.001307563972659409,0.000183557829586789,0.000628617883194238,0.0003578120667953044,9.372123895445839e-05
vit_b_16_linear,translation_16_down,test_02750,2750,0,airplane,0,airplane,0.9986482262611389,True,0.9986482262611389,1.344629708910361e-05,0.0005138492560945451,6.03526723352843e-06,1.1375672329450026e-05,2.1904210370848887e-05,8.361717482330278e-05,6.008918262523366e-06,0.0003316563961561769,0.0003639895294327289
vit_b_16_linear,translation_16_down,test_07996,7996,6,horse,6,horse,0.9932002425193787,True,0.000579469429794699,0.001087702694348991,0.0005575743853114545,0.0005027241422794759,0.00020378053886815906,0.0025077403988689184,0.9932002425193787,0.0006240274524316192,0.00047133429325185716,0.0002653119445312768
vit_b_16_linear,translation_16_down,test_06989,6989,5,dog,5,dog,0.9862822890281677,True,0.001005917089059949,0.002479257993400097,0.0018878699047490954,0.0013327972264960408,0.0005489736213348806,0.9862822890281677,0.0022615520283579826,0.0017394941532984376,0.0008217442664317787,0.0016401393804699183
vit_b_16_linear,translation_16_down,test_01431,1431,3,cat,3,cat,0.9818040132522583,True,0.0015695660840719938,0.003464851761236787,0.0003396162064746022,0.9818040132522583,0.001133273122832179,0.006759265437722206,0.001882295124232769,0.0005759632913395762,0.0016126908594742417,0.0008584664901718497
vit_b_16_linear,translation_16_down,test_07416,7416,3,cat,3,cat,0.9251419305801392,True,0.0001870592386694625,0.0006849805358797312,0.00013561249943450093,0.9251419305801392,0.00033612511469982564,0.07260466367006302,0.0005422286340035498,3.4499476896598935e-05,0.00017688065418042243,0.00015579872706439346
vit_b_16_linear,translation_16_down,test_04547,4547,5,dog,5,dog,0.9539052248001099,True,0.0008783257799223065,0.0024323686957359314,0.0037116368766874075,0.010409200564026833,0.004282249137759209,0.9539052248001099,0.0015989711973816156,0.017803313210606575,0.002776919864118099,0.00220190710388124
vit_b_16_linear,translation_16_down,test_00042,42,0,airplane,0,airplane,0.9996523857116699,True,0.9996523857116699,5.151774166733958e-05,2.3786295059835538e-05,4.713847374659963e-05,3.376161475898698e-05,0.00010100661165779456,2.7646845410345122e-05,3.319897223263979e-05,1.830444307415746e-05,1.1080215699621476e-05
vit_b_16_linear,translation_16_down,test_05117,5117,0,airplane,0,airplane,0.999430239200592,True,0.999430239200592,0.00010372764518251643,2.2813444957137108e-05,3.8371177652152255e-05,1.7795584426494315e-05,0.00020635631517507136,2.5407094653928652e-05,0.00011695034481817856,1.2776646144629922e-05,2.5638937586336397e-05
vit_b_16_linear,translation_16_down,test_04411,4411,6,horse,6,horse,0.9957959651947021,True,7.156255742302164e-05,1.907227488118224e-05,0.00027309628785587847,7.377999281743541e-05,0.00015348356100730598,0.003554034512490034,0.9957959651947021,2.0346329620224424e-05,2.439439413137734e-05,1.4411495612876024e-05
vit_b_16_linear,translation_16_down,test_05789,5789,4,deer,4,deer,0.997257649898529,True,0.00015087361680343747,9.925987978931516e-05,0.00013398595910985023,0.000202615512534976,0.997257649898529,5.8222685765940696e-05,0.00182367954403162,0.00010253972141072154,0.0001090109653887339,6.219401984708384e-05
vit_b_16_linear,translation_16_down,test_00483,483,2,car,2,car,0.9782258868217468,True,0.00026037305360659957,0.003709836397320032,0.9782258868217468,0.00012742879334837198,0.00022432956029661,0.00013222046254668385,0.0005198440048843622,0.0001497091434430331,0.0005803157691843808,0.016069920733571053
vit_b_16_linear,translation_16_down,test_06650,6650,7,monkey,7,monkey,0.999790370464325,True,1.2789846550731454e-05,3.286733408458531e-05,1.0215389920631424e-05,1.7299531464232132e-05,3.333401764393784e-05,6.177312025101855e-05,1.4444542102864943e-05,0.999790370464325,8.667970178066753e-06,1.821208388719242e-05
vit_b_16_linear,translation_16_down,test_04881,4881,3,cat,3,cat,0.9997348189353943,True,6.57411987958767e-07,9.099268208956346e-05,6.542659889419156e-07,0.9997348189353943,5.54085772819235e-06,4.779996629622474e-07,2.471031450568262e-07,0.0001656446693232283,5.054897656009416e-07,4.972810074832523e-07
vit_b_16_linear,translation_16_down,test_00391,391,3,cat,3,cat,0.9999363422393799,True,2.9924465252406662e-06,2.925833541667089e-05,3.0613982744398527e-06,0.9999363422393799,2.1183734588703373e-06,5.707446689484641e-06,1.1397472917451523e-05,3.269712351539056e-06,2.8533463591884356e-06,3.033295797649771e-06
vit_b_16_linear,translation_16_down,test_00370,370,7,monkey,7,monkey,0.9994064569473267,True,1.4424049368244596e-05,0.00030575328855775297,1.1320119483571034e-05,2.3251423044712283e-05,1.64346656674752e-05,0.00017833683523349464,1.9632483599707484e-05,0.9994064569473267,1.0114305041497573e-05,1.4328761608339846e-05
vit_b_16_linear,translation_16_down,test_00419,419,9,truck,9,truck,0.98855060338974,True,0.00013341938029043376,6.734677299391478e-05,0.010974402539432049,1.566411265230272e-05,4.9904560000868514e-05,4.485520094021922e-06,5.722655259887688e-05,1.041721861838596e-05,0.00013649817265104502,0.98855060338974
vit_b_16_linear,translation_16_down,test_03318,3318,9,truck,9,truck,0.9934467673301697,True,0.00015810082550160587,0.0005285789957270026,0.00351306376978755,0.00018029562488663942,0.0005176563281565905,0.000680562574416399,0.0004961956874467432,0.000232688122196123,0.00024607370141893625,0.9934467673301697
vit_b_16_linear,translation_16_down,test_04355,4355,8,ship,8,ship,0.573278546333313,True,0.4121878147125244,0.0006050250958651304,0.006543194409459829,0.0003205220855306834,0.0003892731911037117,0.002825660165399313,0.00034419778967276216,0.0003188221890013665,0.573278546333313,0.003186992136761546
vit_b_16_linear,translation_16_down,test_05402,5402,4,deer,4,deer,0.9991542100906372,True,4.3652431486407295e-05,7.099469803506508e-05,4.773427644977346e-05,0.00013797599240206182,0.9991542100906372,5.144543320056982e-05,0.00034861284075304866,6.256590859265998e-05,2.570720789663028e-05,5.708437311113812e-05
vit_b_16_linear,translation_16_down,test_05332,5332,5,dog,5,dog,0.5011498332023621,True,0.010183126665651798,0.007810157723724842,0.013429120182991028,0.008861118927598,0.022375933825969696,0.5011498332023621,0.38987699151039124,0.010336565785109997,0.017087170854210854,0.018890025094151497
vit_b_16_linear,translation_16_down,test_00239,239,9,truck,9,truck,0.9996416568756104,True,5.351392246666364e-06,0.00010865026706596836,0.00020718802988994867,3.914317858288996e-06,5.231092472968157e-06,1.5085918221302563e-06,1.9445108137006173e-06,5.128329121362185e-06,1.9460627299849875e-05,0.9996416568756104
vit_b_16_linear,translation_16_down,test_06271,6271,2,car,2,car,0.9948403239250183,True,0.00021805138385389,0.0016765259206295013,0.9948403239250183,0.0003875622933264822,0.0004037534527014941,0.0006726034916937351,0.0006096070865169168,0.00020939782552886754,0.0002558163250796497,0.0007264814921654761
vit_b_16_linear,translation_16_down,test_01129,1129,8,ship,8,ship,0.9988815188407898,True,0.00014448950241785496,8.414922922383994e-05,4.7237350372597575e-05,9.796472295420244e-05,4.6990047849249095e-05,5.833239993080497e-05,0.00010542102972976863,2.2886493752594106e-05,0.9988815188407898,0.0005110030760988593
vit_b_16_linear,translation_16_down,test_02391,2391,5,dog,5,dog,0.9166624546051025,True,0.0014013228937983513,0.03944205492734909,0.0032682265155017376,0.002467182232066989,0.028106343001127243,0.9166624546051025,0.005366688594222069,0.0020548522006720304,0.0007446512463502586,0.0004864187503699213
vit_b_16_linear,translation_16_down,test_00191,191,9,truck,9,truck,0.9085606932640076,True,0.0001353580883005634,0.00014303959324024618,0.09094362705945969,1.0228307473880704e-05,0.0001113947801059112,2.3392876755679026e-05,8.751897439651657e-06,1.3895554729970172e-05,4.969678047928028e-05,0.9085606932640076
vit_b_16_linear,translation_16_down,test_05447,5447,9,truck,9,truck,0.999868631362915,True,8.448569133179262e-06,1.6003372365958057e-05,1.031739066092996e-05,1.9411842004046775e-05,6.646692327194614e-06,4.3992513383273035e-05,6.562943781318609e-06,2.659296796991839e-06,1.7261167158721946e-05,0.999868631362915
vit_b_16_linear,translation_16_down,test_06528,6528,4,deer,4,deer,0.9998339414596558,True,1.567971230542753e-05,5.037171831645537e-06,1.0799708434205968e-05,4.927071859128773e-05,0.9998339414596558,1.9971632355009206e-05,2.2209853341337293e-05,1.1633019312284887e-05,1.2111224350519478e-05,1.9205634089303203e-05
