path,domain,true_class_id,true_class_name,predicted_class_id,predicted_class_name,maximum_confidence
sketch/dog/5281.png,sketch,0,dog,6,person,0.9930679798126221
sketch/dog/5282.png,sketch,0,dog,5,house,0.9812690615653992
sketch/dog/5283.png,sketch,0,dog,2,giraffe,0.5387455224990845
sketch/dog/5284.png,sketch,0,dog,6,person,0.9251875281333923
sketch/dog/5285.png,sketch,0,dog,6,person,0.9994831085205078
sketch/dog/5286.png,sketch,0,dog,6,person,0.7557399868965149
sketch/dog/5287.png,sketch,0,dog,0,dog,0.3568432927131653
sketch/dog/5288.png,sketch,0,dog,6,person,0.8468058705329895
sketch/dog/5289.png,sketch,0,dog,6,person,0.8431914448738098
sketch/dog/5290.png,sketch,0,dog,1,elephant,0.9746744632720947
sketch/dog/5291.png,sketch,0,dog,1,elephant,0.8121737241744995
sketch/dog/5292.png,sketch,0,dog,2,giraffe,0.7252649664878845
sketch/dog/5293.png,sketch,0,dog,5,house,0.9450134038925171
sketch/dog/5294.png,sketch,0,dog,5,house,0.7827039361000061
sketch/dog/5295.png,sketch,0,dog,6,person,0.5206000804901123
sketch/dog/5296.png,sketch,0,dog,1,elephant,0.4444582462310791
sketch/dog/5297.png,sketch,0,dog,6,person,0.615777313709259
sketch/dog/5298.png,sketch,0,dog,5,house,0.999244213104248
sketch/dog/5299.png,sketch,0,dog,1,elephant,0.7296836376190186
sketch/dog/5300.png,sketch,0,dog,2,giraffe,0.49709269404411316
sketch/dog/5301.png,sketch,0,dog,0,dog,0.5977419018745422
sketch/dog/5302.png,sketch,0,dog,6,person,0.9506818056106567
sketch/dog/5303.png,sketch,0,dog,6,person,0.9750968217849731
sketch/dog/5304.png,sketch,0,dog,0,dog,0.8850131034851074
sketch/dog/5305.png,sketch,0,dog,5,house,0.7546451091766357
sketch/dog/5306.png,sketch,0,dog,6,person,0.8038562536239624
sketch/dog/5307.png,sketch,0,dog,6,person,0.3625880181789398
sketch/dog/5308.png,sketch,0,dog,6,person,0.5440499186515808
sketch/dog/5309.png,sketch,0,dog,6,person,0.9968138337135315
sketch/dog/5310.png,sketch,0,dog,6,person,0.9378465414047241
sketch/dog/5311.png,sketch,0,dog,6,person,0.38275569677352905
sketch/dog/5312.png,sketch,0,dog,6,person,0.9433562755584717
sketch/dog/5313.png,sketch,0,dog,6,person,0.9820529818534851
sketch/dog/5314.png,sketch,0,dog,6,person,0.8681731820106506
sketch/dog/5315.png,sketch,0,dog,5,house,0.9394799470901489
sketch/dog/5316.png,sketch,0,dog,0,dog,0.32326674461364746
sketch/dog/5317.png,sketch,0,dog,1,elephant,0.8814651966094971
sketch/dog/5318.png,sketch,0,dog,1,elephant,0.5853434801101685
sketch/dog/5319.png,sketch,0,dog,1,elephant,0.415863037109375
sketch/dog/5320.png,sketch,0,dog,1,elephant,0.8994936943054199
sketch/dog/5321.png,sketch,0,dog,5,house,0.9867270588874817
sketch/dog/5322.png,sketch,0,dog,0,dog,0.7322151064872742
sketch/dog/5323.png,sketch,0,dog,5,house,0.9848842620849609
sketch/dog/5324.png,sketch,0,dog,1,elephant,0.6368738412857056
sketch/dog/5325.png,sketch,0,dog,1,elephant,0.9717820286750793
sketch/dog/5326.png,sketch,0,dog,6,person,0.9605304002761841
sketch/dog/5327.png,sketch,0,dog,6,person,0.9962980151176453
sketch/dog/5328.png,sketch,0,dog,6,person,0.8978888392448425
sketch/dog/5329.png,sketch,0,dog,1,elephant,0.9057832360267639
sketch/dog/5330.png,sketch,0,dog,1,elephant,0.9942198991775513
sketch/dog/5331.png,sketch,0,dog,1,elephant,0.2498466670513153
sketch/dog/5332.png,sketch,0,dog,0,dog,0.5859584212303162
sketch/dog/5333.png,sketch,0,dog,6,person,0.9553586840629578
sketch/dog/5334.png,sketch,0,dog,6,person,0.9997228980064392
sketch/dog/5335.png,sketch,0,dog,1,elephant,0.8337547183036804
sketch/dog/5336.png,sketch,0,dog,6,person,0.9974871873855591
sketch/dog/5337.png,sketch,0,dog,2,giraffe,0.5914996862411499
sketch/dog/5338.png,sketch,0,dog,2,giraffe,0.707186758518219
sketch/dog/5339.png,sketch,0,dog,6,person,0.5187295079231262
sketch/dog/5340.png,sketch,0,dog,1,elephant,0.48867267370224
sketch/dog/5341.png,sketch,0,dog,5,house,0.9314125776290894
sketch/dog/5342.png,sketch,0,dog,5,house,0.8064699769020081
sketch/dog/5343.png,sketch,0,dog,0,dog,0.9707486629486084
sketch/dog/5344.png,sketch,0,dog,1,elephant,0.4106350839138031
sketch/dog/5345.png,sketch,0,dog,2,giraffe,0.613645076751709
sketch/dog/5346.png,sketch,0,dog,2,giraffe,0.5797428488731384
sketch/dog/5347.png,sketch,0,dog,0,dog,0.5106127262115479
sketch/dog/5348.png,sketch,0,dog,1,elephant,0.7962691783905029
sketch/dog/5349.png,sketch,0,dog,6,person,0.998058021068573
sketch/dog/5350.png,sketch,0,dog,6,person,0.9746242165565491
sketch/dog/5351.png,sketch,0,dog,6,person,0.8847209215164185
sketch/dog/5352.png,sketch,0,dog,1,elephant,0.928582489490509
sketch/dog/5353.png,sketch,0,dog,6,person,0.9949842691421509
sketch/dog/5354.png,sketch,0,dog,6,person,0.5336407423019409
sketch/dog/5355.png,sketch,0,dog,1,elephant,0.724542498588562
sketch/dog/5356.png,sketch,0,dog,0,dog,0.7644237279891968
sketch/dog/5357.png,sketch,0,dog,0,dog,0.31595614552497864
sketch/dog/5358.png,sketch,0,dog,6,person,0.5951168537139893
sketch/dog/5359.png,sketch,0,dog,5,house,0.4818684160709381
sketch/dog/5360.png,sketch,0,dog,6,person,0.992078959941864
sketch/dog/n02103406_1011-1.png,sketch,0,dog,6,person,0.9988717436790466
sketch/dog/n02103406_1011-2.png,sketch,0,dog,6,person,0.5326753258705139
sketch/dog/n02103406_1011-3.png,sketch,0,dog,6,person,0.48677170276641846
sketch/dog/n02103406_1011-4.png,sketch,0,dog,6,person,0.9963162541389465
sketch/dog/n02103406_1011-5.png,sketch,0,dog,6,person,0.9200428128242493
sketch/dog/n02103406_1138-1.png,sketch,0,dog,6,person,0.9876508116722107
sketch/dog/n02103406_1138-2.png,sketch,0,dog,6,person,0.8488362431526184
sketch/dog/n02103406_1138-3.png,sketch,0,dog,1,elephant,0.8003286719322205
sketch/dog/n02103406_1138-4.png,sketch,0,dog,6,person,0.7353103756904602
sketch/dog/n02103406_1138-5.png,sketch,0,dog,1,elephant,0.5068037509918213
sketch/dog/n02103406_1138-6.png,sketch,0,dog,1,elephant,0.5409903526306152
sketch/dog/n02103406_1138-7.png,sketch,0,dog,6,person,0.9429001212120056
sketch/dog/n02103406_1138-8.png,sketch,0,dog,6,person,0.9987215399742126
sketch/dog/n02103406_1170-1.png,sketch,0,dog,0,dog,0.7203847169876099
sketch/dog/n02103406_1170-2.png,sketch,0,dog,0,dog,0.9802436828613281
sketch/dog/n02103406_1170-3.png,sketch,0,dog,1,elephant,0.5165013074874878
sketch/dog/n02103406_1170-4.png,sketch,0,dog,0,dog,0.8373449444770813
sketch/dog/n02103406_1170-5.png,sketch,0,dog,6,person,0.9981406927108765
sketch/dog/n02103406_1170-6.png,sketch,0,dog,6,person,0.9347096681594849
sketch/dog/n02103406_1247-1.png,sketch,0,dog,6,person,0.9950767159461975
sketch/dog/n02103406_1247-2.png,sketch,0,dog,6,person,0.9972882270812988
sketch/dog/n02103406_1247-3.png,sketch,0,dog,6,person,0.9995306730270386
sketch/dog/n02103406_1247-4.png,sketch,0,dog,6,person,0.9999716281890869
sketch/dog/n02103406_1247-5.png,sketch,0,dog,1,elephant,0.673858106136322
sketch/dog/n02103406_1247-6.png,sketch,0,dog,6,person,0.8975933790206909
sketch/dog/n02103406_1247-7.png,sketch,0,dog,6,person,0.9801427125930786
sketch/dog/n02103406_13049-1.png,sketch,0,dog,2,giraffe,0.5910186767578125
sketch/dog/n02103406_13049-2.png,sketch,0,dog,6,person,0.9199906587600708
sketch/dog/n02103406_13049-3.png,sketch,0,dog,6,person,0.8606783151626587
sketch/dog/n02103406_13049-4.png,sketch,0,dog,6,person,0.9969407320022583
sketch/dog/n02103406_13049-5.png,sketch,0,dog,5,house,0.4647708833217621
sketch/dog/n02103406_13049-6.png,sketch,0,dog,0,dog,0.927630603313446
sketch/dog/n02103406_1599-1.png,sketch,0,dog,2,giraffe,0.549166202545166
sketch/dog/n02103406_1599-2.png,sketch,0,dog,6,person,0.963100016117096
sketch/dog/n02103406_1599-3.png,sketch,0,dog,0,dog,0.9945283532142639
sketch/dog/n02103406_1599-4.png,sketch,0,dog,2,giraffe,0.6350961923599243
sketch/dog/n02103406_1599-5.png,sketch,0,dog,0,dog,0.612015962600708
sketch/dog/n02103406_1754-1.png,sketch,0,dog,4,horse,0.8070036768913269
sketch/dog/n02103406_1754-2.png,sketch,0,dog,6,person,0.8488726615905762
sketch/dog/n02103406_1754-3.png,sketch,0,dog,0,dog,0.9607232809066772
sketch/dog/n02103406_1754-4.png,sketch,0,dog,0,dog,0.9725449681282043
sketch/dog/n02103406_1754-5.png,sketch,0,dog,0,dog,0.45608821511268616
sketch/dog/n02103406_2209-1.png,sketch,0,dog,6,person,0.8075228333473206
sketch/dog/n02103406_2209-2.png,sketch,0,dog,6,person,0.9267350435256958
sketch/dog/n02103406_2209-3.png,sketch,0,dog,5,house,0.8075180649757385
sketch/dog/n02103406_2209-4.png,sketch,0,dog,0,dog,0.9655179381370544
sketch/dog/n02103406_2209-5.png,sketch,0,dog,0,dog,0.4233948886394501
sketch/dog/n02103406_2209-6.png,sketch,0,dog,0,dog,0.841507613658905
sketch/dog/n02103406_2209-7.png,sketch,0,dog,0,dog,0.7519858479499817
sketch/dog/n02103406_2209-8.png,sketch,0,dog,0,dog,0.9948961138725281
sketch/dog/n02103406_2706-1.png,sketch,0,dog,0,dog,0.7463220357894897
sketch/dog/n02103406_2706-2.png,sketch,0,dog,2,giraffe,0.9678753018379211
sketch/dog/n02103406_2706-3.png,sketch,0,dog,6,person,0.46373382210731506
sketch/dog/n02103406_2706-4.png,sketch,0,dog,0,dog,0.6383723616600037
sketch/dog/n02103406_2706-5.png,sketch,0,dog,2,giraffe,0.815300464630127
sketch/dog/n02103406_2706-6.png,sketch,0,dog,6,person,0.7536913156509399
sketch/dog/n02103406_2706-7.png,sketch,0,dog,6,person,0.8946318626403809
sketch/dog/n02103406_2706-8.png,sketch,0,dog,6,person,0.9592954516410828
sketch/dog/n02103406_2706-9.png,sketch,0,dog,2,giraffe,0.9684263467788696
sketch/dog/n02103406_2954-1.png,sketch,0,dog,0,dog,0.7422305941581726
sketch/dog/n02103406_2954-2.png,sketch,0,dog,0,dog,0.7534171938896179
sketch/dog/n02103406_2954-3.png,sketch,0,dog,0,dog,0.6043921113014221
sketch/dog/n02103406_2954-4.png,sketch,0,dog,0,dog,0.7440337538719177
sketch/dog/n02103406_2954-5.png,sketch,0,dog,0,dog,0.9433406591415405
sketch/dog/n02103406_2954-6.png,sketch,0,dog,0,dog,0.9173387885093689
sketch/dog/n02103406_2976-1.png,sketch,0,dog,6,person,0.6457681059837341
sketch/dog/n02103406_2976-2.png,sketch,0,dog,6,person,0.7372884750366211
sketch/dog/n02103406_2976-3.png,sketch,0,dog,6,person,0.5256832838058472
sketch/dog/n02103406_2976-4.png,sketch,0,dog,0,dog,0.5160678029060364
sketch/dog/n02103406_2976-5.png,sketch,0,dog,6,person,0.9139785170555115
sketch/dog/n02103406_2976-6.png,sketch,0,dog,6,person,0.6987903118133545
sketch/dog/n02103406_2976-7.png,sketch,0,dog,1,elephant,0.45405668020248413
sketch/dog/n02103406_3056-1.png,sketch,0,dog,6,person,0.6486785411834717
sketch/dog/n02103406_3056-2.png,sketch,0,dog,6,person,0.956403911113739
sketch/dog/n02103406_3056-3.png,sketch,0,dog,6,person,0.894171953201294
sketch/dog/n02103406_3056-4.png,sketch,0,dog,6,person,0.5988474488258362
sketch/dog/n02103406_3056-5.png,sketch,0,dog,6,person,0.3972470462322235
sketch/dog/n02103406_3108-1.png,sketch,0,dog,6,person,0.5930965542793274
sketch/dog/n02103406_3108-2.png,sketch,0,dog,6,person,0.6283748149871826
sketch/dog/n02103406_3108-3.png,sketch,0,dog,5,house,0.5486828684806824
sketch/dog/n02103406_3108-4.png,sketch,0,dog,0,dog,0.503292977809906
sketch/dog/n02103406_3108-5.png,sketch,0,dog,6,person,0.961624264717102
sketch/dog/n02103406_3108-6.png,sketch,0,dog,6,person,0.7410882115364075
sketch/dog/n02103406_3132-1.png,sketch,0,dog,6,person,0.995177149772644
sketch/dog/n02103406_3132-2.png,sketch,0,dog,6,person,0.7644354701042175
sketch/dog/n02103406_3132-3.png,sketch,0,dog,6,person,0.9916183352470398
sketch/dog/n02103406_3132-4.png,sketch,0,dog,6,person,0.999669075012207
sketch/dog/n02103406_3132-5.png,sketch,0,dog,1,elephant,0.6635674238204956
sketch/dog/n02103406_3132-6.png,sketch,0,dog,6,person,0.9993707537651062
sketch/dog/n02103406_3132-7.png,sketch,0,dog,6,person,0.9860959649085999
sketch/dog/n02103406_3255-1.png,sketch,0,dog,0,dog,0.4329996705055237
sketch/dog/n02103406_3255-10.png,sketch,0,dog,4,horse,0.7473735809326172
sketch/dog/n02103406_3255-11.png,sketch,0,dog,0,dog,0.8834473490715027
sketch/dog/n02103406_3255-2.png,sketch,0,dog,2,giraffe,0.897432804107666
sketch/dog/n02103406_3255-3.png,sketch,0,dog,1,elephant,0.9691183567047119
sketch/dog/n02103406_3255-4.png,sketch,0,dog,2,giraffe,0.9167644381523132
sketch/dog/n02103406_3255-5.png,sketch,0,dog,2,giraffe,0.37482917308807373
sketch/dog/n02103406_3255-6.png,sketch,0,dog,0,dog,0.5964093804359436
sketch/dog/n02103406_3255-7.png,sketch,0,dog,2,giraffe,0.7204585671424866
sketch/dog/n02103406_3255-8.png,sketch,0,dog,0,dog,0.4853520393371582
sketch/dog/n02103406_3255-9.png,sketch,0,dog,4,horse,0.5386494994163513
sketch/dog/n02103406_3299-1.png,sketch,0,dog,6,person,0.7286555171012878
sketch/dog/n02103406_3299-2.png,sketch,0,dog,6,person,0.8017759919166565
sketch/dog/n02103406_3299-3.png,sketch,0,dog,0,dog,0.980370044708252
sketch/dog/n02103406_3299-4.png,sketch,0,dog,0,dog,0.40552768111228943
sketch/dog/n02103406_3299-5.png,sketch,0,dog,2,giraffe,0.7748643755912781
sketch/dog/n02103406_3299-6.png,sketch,0,dog,6,person,0.9424031972885132
sketch/dog/n02103406_3299-7.png,sketch,0,dog,0,dog,0.7843996286392212
sketch/dog/n02103406_3299-8.png,sketch,0,dog,6,person,0.96070796251297
sketch/dog/n02103406_3299-9.png,sketch,0,dog,0,dog,0.4019469618797302
sketch/dog/n02103406_3326-1.png,sketch,0,dog,5,house,0.5393335819244385
sketch/dog/n02103406_3326-10.png,sketch,0,dog,1,elephant,0.7972506880760193
sketch/dog/n02103406_3326-11.png,sketch,0,dog,1,elephant,0.5470893383026123
sketch/dog/n02103406_3326-12.png,sketch,0,dog,6,person,0.5793624520301819
sketch/dog/n02103406_3326-13.png,sketch,0,dog,6,person,0.517238199710846
sketch/dog/n02103406_3326-2.png,sketch,0,dog,1,elephant,0.7812716364860535
sketch/dog/n02103406_3326-3.png,sketch,0,dog,0,dog,0.6180405020713806
sketch/dog/n02103406_3326-4.png,sketch,0,dog,2,giraffe,0.7890651822090149
sketch/dog/n02103406_3326-5.png,sketch,0,dog,6,person,0.3878954350948334
sketch/dog/n02103406_3326-6.png,sketch,0,dog,1,elephant,0.6521495580673218
sketch/dog/n02103406_3326-7.png,sketch,0,dog,1,elephant,0.8211502432823181
sketch/dog/n02103406_3326-8.png,sketch,0,dog,1,elephant,0.8888600468635559
sketch/dog/n02103406_3326-9.png,sketch,0,dog,6,person,0.39218461513519287
sketch/dog/n02103406_3401-1.png,sketch,0,dog,2,giraffe,0.8436414003372192
sketch/dog/n02103406_3401-2.png,sketch,0,dog,6,person,0.9986745119094849
sketch/dog/n02103406_3401-3.png,sketch,0,dog,6,person,0.927544116973877
sketch/dog/n02103406_3401-4.png,sketch,0,dog,6,person,0.9883165955543518
sketch/dog/n02103406_3401-5.png,sketch,0,dog,6,person,0.9929062128067017
sketch/dog/n02103406_3401-6.png,sketch,0,dog,6,person,0.9480055570602417
sketch/dog/n02103406_343-1.png,sketch,0,dog,0,dog,0.9486668109893799
sketch/dog/n02103406_343-2.png,sketch,0,dog,1,elephant,0.34489205479621887
sketch/dog/n02103406_343-3.png,sketch,0,dog,0,dog,0.6477082371711731
sketch/dog/n02103406_343-4.png,sketch,0,dog,2,giraffe,0.6884020566940308
sketch/dog/n02103406_343-5.png,sketch,0,dog,0,dog,0.6333237290382385
sketch/dog/n02103406_343-6.png,sketch,0,dog,0,dog,0.515807032585144
sketch/dog/n02103406_343-7.png,sketch,0,dog,4,horse,0.5386941432952881
sketch/dog/n02103406_343-8.png,sketch,0,dog,6,person,0.6036216020584106
sketch/dog/n02103406_343-9.png,sketch,0,dog,2,giraffe,0.44942522048950195
sketch/dog/n02103406_346-1.png,sketch,0,dog,6,person,0.6124881505966187
sketch/dog/n02103406_346-2.png,sketch,0,dog,6,person,0.876612663269043
sketch/dog/n02103406_346-3.png,sketch,0,dog,6,person,0.9594088792800903
sketch/dog/n02103406_346-4.png,sketch,0,dog,6,person,0.9915111660957336
sketch/dog/n02103406_346-5.png,sketch,0,dog,6,person,0.943866491317749
sketch/dog/n02103406_346-6.png,sketch,0,dog,6,person,0.9967824220657349
sketch/dog/n02103406_346-7.png,sketch,0,dog,6,person,0.960966169834137
sketch/dog/n02103406_3538-1.png,sketch,0,dog,0,dog,0.6128259301185608
sketch/dog/n02103406_3538-2.png,sketch,0,dog,6,person,0.9866140484809875
sketch/dog/n02103406_3538-3.png,sketch,0,dog,0,dog,0.5844284892082214
sketch/dog/n02103406_3538-4.png,sketch,0,dog,6,person,0.8382630944252014
sketch/dog/n02103406_3538-5.png,sketch,0,dog,6,person,0.9205229878425598
sketch/dog/n02103406_3538-6.png,sketch,0,dog,0,dog,0.902776300907135
sketch/dog/n02103406_3538-7.png,sketch,0,dog,0,dog,0.7145127058029175
sketch/dog/n02103406_371-1.png,sketch,0,dog,6,person,0.5994517207145691
sketch/dog/n02103406_371-10.png,sketch,0,dog,6,person,0.9983243346214294
sketch/dog/n02103406_371-11.png,sketch,0,dog,0,dog,0.9089040160179138
sketch/dog/n02103406_371-2.png,sketch,0,dog,1,elephant,0.9129979610443115
sketch/dog/n02103406_371-3.png,sketch,0,dog,4,horse,0.9849700927734375
sketch/dog/n02103406_371-4.png,sketch,0,dog,6,person,0.9996881484985352
sketch/dog/n02103406_371-5.png,sketch,0,dog,6,person,0.6857215762138367
sketch/dog/n02103406_371-6.png,sketch,0,dog,6,person,0.9457695484161377
sketch/dog/n02103406_371-7.png,sketch,0,dog,0,dog,0.9016472697257996
sketch/dog/n02103406_371-8.png,sketch,0,dog,6,person,0.9877710342407227
sketch/dog/n02103406_371-9.png,sketch,0,dog,6,person,0.8662935495376587
sketch/dog/n02103406_3743-1.png,sketch,0,dog,6,person,0.9824648499488831
sketch/dog/n02103406_3743-10.png,sketch,0,dog,6,person,0.9179845452308655
sketch/dog/n02103406_3743-2.png,sketch,0,dog,6,person,0.9887548685073853
sketch/dog/n02103406_3743-3.png,sketch,0,dog,6,person,0.5780090093612671
sketch/dog/n02103406_3743-4.png,sketch,0,dog,6,person,0.9909195899963379
sketch/dog/n02103406_3743-5.png,sketch,0,dog,6,person,0.9950874447822571
sketch/dog/n02103406_3743-6.png,sketch,0,dog,6,person,0.9991806149482727
sketch/dog/n02103406_3743-7.png,sketch,0,dog,0,dog,0.6865866780281067
sketch/dog/n02103406_3743-8.png,sketch,0,dog,6,person,0.9820879101753235
sketch/dog/n02103406_3743-9.png,sketch,0,dog,6,person,0.44500643014907837
sketch/dog/n02103406_3750-1.png,sketch,0,dog,0,dog,0.972456157207489
sketch/dog/n02103406_3750-2.png,sketch,0,dog,6,person,0.8550291657447815
sketch/dog/n02103406_3750-3.png,sketch,0,dog,0,dog,0.6242923140525818
sketch/dog/n02103406_3750-4.png,sketch,0,dog,0,dog,0.8555510640144348
sketch/dog/n02103406_3750-5.png,sketch,0,dog,0,dog,0.7933732271194458
sketch/dog/n02103406_3750-6.png,sketch,0,dog,0,dog,0.7787535786628723
sketch/dog/n02103406_3964-1.png,sketch,0,dog,6,person,0.9165294170379639
sketch/dog/n02103406_3964-2.png,sketch,0,dog,6,person,0.7435094714164734
sketch/dog/n02103406_3964-3.png,sketch,0,dog,6,person,0.9983768463134766
sketch/dog/n02103406_3964-4.png,sketch,0,dog,6,person,0.6839950084686279
sketch/dog/n02103406_3964-5.png,sketch,0,dog,6,person,0.8509484529495239
sketch/dog/n02103406_4068-1.png,sketch,0,dog,1,elephant,0.44666412472724915
sketch/dog/n02103406_4068-10.png,sketch,0,dog,4,horse,0.7086396813392639
sketch/dog/n02103406_4068-11.png,sketch,0,dog,0,dog,0.8359250426292419
sketch/dog/n02103406_4068-12.png,sketch,0,dog,0,dog,0.7303312420845032
sketch/dog/n02103406_4068-2.png,sketch,0,dog,0,dog,0.6291666030883789
sketch/dog/n02103406_4068-3.png,sketch,0,dog,0,dog,0.8090429306030273
sketch/dog/n02103406_4068-4.png,sketch,0,dog,0,dog,0.7956650853157043
sketch/dog/n02103406_4068-5.png,sketch,0,dog,4,horse,0.7683482766151428
sketch/dog/n02103406_4068-6.png,sketch,0,dog,1,elephant,0.3362397849559784
sketch/dog/n02103406_4068-7.png,sketch,0,dog,0,dog,0.826331615447998
sketch/dog/n02103406_4068-8.png,sketch,0,dog,4,horse,0.8495129942893982
sketch/dog/n02103406_4068-9.png,sketch,0,dog,0,dog,0.8718047142028809
sketch/dog/n02103406_4582-1.png,sketch,0,dog,6,person,0.8535141944885254
sketch/dog/n02103406_4582-2.png,sketch,0,dog,0,dog,0.4162920117378235
sketch/dog/n02103406_4582-3.png,sketch,0,dog,0,dog,0.6510562896728516
sketch/dog/n02103406_4582-4.png,sketch,0,dog,4,horse,0.539421558380127
sketch/dog/n02103406_4582-5.png,sketch,0,dog,6,person,0.9015654921531677
sketch/dog/n02103406_4849-1.png,sketch,0,dog,0,dog,0.5680097937583923
sketch/dog/n02103406_4849-2.png,sketch,0,dog,0,dog,0.874483048915863
sketch/dog/n02103406_4849-3.png,sketch,0,dog,6,person,0.4365941286087036
sketch/dog/n02103406_4849-4.png,sketch,0,dog,2,giraffe,0.7130944132804871
sketch/dog/n02103406_4849-5.png,sketch,0,dog,2,giraffe,0.8659225106239319
sketch/dog/n02103406_4849-6.png,sketch,0,dog,6,person,0.7013089060783386
sketch/dog/n02103406_4849-7.png,sketch,0,dog,2,giraffe,0.9825452566146851
sketch/dog/n02103406_4849-8.png,sketch,0,dog,6,person,0.9793061017990112
sketch/dog/n02103406_4849-9.png,sketch,0,dog,4,horse,0.7846363186836243
sketch/dog/n02103406_4916-1.png,sketch,0,dog,0,dog,0.7298704981803894
sketch/dog/n02103406_4916-2.png,sketch,0,dog,2,giraffe,0.4670160114765167
sketch/dog/n02103406_4916-3.png,sketch,0,dog,2,giraffe,0.5020268559455872
sketch/dog/n02103406_4916-4.png,sketch,0,dog,6,person,0.5422062873840332
sketch/dog/n02103406_4916-5.png,sketch,0,dog,2,giraffe,0.3475497364997864
sketch/dog/n02103406_5035-1.png,sketch,0,dog,1,elephant,0.6373279094696045
sketch/dog/n02103406_5035-2.png,sketch,0,dog,6,person,0.7615962028503418
sketch/dog/n02103406_5035-3.png,sketch,0,dog,0,dog,0.7094403505325317
sketch/dog/n02103406_5035-4.png,sketch,0,dog,6,person,0.8453338742256165
sketch/dog/n02103406_5035-5.png,sketch,0,dog,1,elephant,0.6406650543212891
sketch/dog/n02103406_5035-6.png,sketch,0,dog,6,person,0.9991303086280823
sketch/dog/n02103406_5216-1.png,sketch,0,dog,0,dog,0.8936756253242493
sketch/dog/n02103406_5216-2.png,sketch,0,dog,6,person,0.9814574122428894
sketch/dog/n02103406_5216-3.png,sketch,0,dog,5,house,0.3424689769744873
sketch/dog/n02103406_5216-4.png,sketch,0,dog,6,person,0.9613812565803528
sketch/dog/n02103406_5216-5.png,sketch,0,dog,6,person,0.8438321352005005
sketch/dog/n02103406_5224-1.png,sketch,0,dog,6,person,0.9897873401641846
sketch/dog/n02103406_5224-2.png,sketch,0,dog,6,person,0.9993867874145508
sketch/dog/n02103406_5224-3.png,sketch,0,dog,6,person,0.9983579516410828
sketch/dog/n02103406_5224-4.png,sketch,0,dog,6,person,0.9118919372558594
sketch/dog/n02103406_5224-5.png,sketch,0,dog,6,person,0.8789475560188293
sketch/dog/n02103406_5224-6.png,sketch,0,dog,6,person,0.9869458079338074
sketch/dog/n02103406_5456-1.png,sketch,0,dog,6,person,0.9548019170761108
sketch/dog/n02103406_5456-2.png,sketch,0,dog,6,person,0.6403604745864868
sketch/dog/n02103406_5456-3.png,sketch,0,dog,6,person,0.9999829530715942
sketch/dog/n02103406_5456-4.png,sketch,0,dog,6,person,0.8968588709831238
sketch/dog/n02103406_5456-5.png,sketch,0,dog,0,dog,0.9976485371589661
sketch/dog/n02103406_5456-6.png,sketch,0,dog,6,person,0.9995694756507874
sketch/dog/n02103406_5456-7.png,sketch,0,dog,0,dog,0.9993287324905396
sketch/dog/n02103406_5456-8.png,sketch,0,dog,0,dog,0.5571654438972473
sketch/dog/n02103406_5456-9.png,sketch,0,dog,6,person,0.8386949300765991
sketch/dog/n02103406_5505-1.png,sketch,0,dog,2,giraffe,0.9502196907997131
sketch/dog/n02103406_5505-2.png,sketch,0,dog,6,person,0.4594310522079468
sketch/dog/n02103406_5505-3.png,sketch,0,dog,6,person,0.7534640431404114
sketch/dog/n02103406_5505-4.png,sketch,0,dog,0,dog,0.37912654876708984
sketch/dog/n02103406_5505-5.png,sketch,0,dog,6,person,0.8460242748260498
sketch/dog/n02103406_5505-6.png,sketch,0,dog,0,dog,0.9120131134986877
sketch/dog/n02103406_5563-1.png,sketch,0,dog,6,person,0.9992389678955078
sketch/dog/n02103406_5563-2.png,sketch,0,dog,6,person,0.9924155473709106
sketch/dog/n02103406_5563-3.png,sketch,0,dog,6,person,0.9997732043266296
sketch/dog/n02103406_5563-4.png,sketch,0,dog,6,person,0.9991476535797119
sketch/dog/n02103406_5563-5.png,sketch,0,dog,6,person,0.9073677659034729
sketch/dog/n02103406_5563-6.png,sketch,0,dog,6,person,0.9986929297447205
sketch/dog/n02103406_5563-7.png,sketch,0,dog,6,person,0.9903987646102905
sketch/dog/n02103406_5601-1.png,sketch,0,dog,6,person,0.7750572562217712
sketch/dog/n02103406_5601-2.png,sketch,0,dog,6,person,0.9720346927642822
sketch/dog/n02103406_5601-3.png,sketch,0,dog,6,person,0.9982621073722839
sketch/dog/n02103406_5601-4.png,sketch,0,dog,6,person,0.9859511852264404
sketch/dog/n02103406_5601-5.png,sketch,0,dog,0,dog,0.5913597941398621
sketch/dog/n02103406_5601-6.png,sketch,0,dog,0,dog,0.8562427759170532
sketch/dog/n02103406_6274-1.png,sketch,0,dog,6,person,0.9996150732040405
sketch/dog/n02103406_6274-2.png,sketch,0,dog,6,person,0.9990799427032471
sketch/dog/n02103406_6274-3.png,sketch,0,dog,6,person,0.999653697013855
sketch/dog/n02103406_6274-4.png,sketch,0,dog,6,person,0.8457314372062683
sketch/dog/n02103406_6274-5.png,sketch,0,dog,6,person,0.9821071028709412
sketch/dog/n02103406_6461-1.png,sketch,0,dog,0,dog,0.5537195205688477
sketch/dog/n02103406_6461-2.png,sketch,0,dog,6,person,0.803078293800354
sketch/dog/n02103406_6461-3.png,sketch,0,dog,0,dog,0.851629376411438
sketch/dog/n02103406_6461-4.png,sketch,0,dog,6,person,0.6979450583457947
sketch/dog/n02103406_6461-5.png,sketch,0,dog,0,dog,0.6394436359405518
sketch/dog/n02103406_6461-6.png,sketch,0,dog,0,dog,0.9034358859062195
sketch/dog/n02103406_6461-7.png,sketch,0,dog,6,person,0.9119523167610168
sketch/dog/n02103406_651-1.png,sketch,0,dog,0,dog,0.6308713555335999
sketch/dog/n02103406_651-2.png,sketch,0,dog,6,person,0.9947550296783447
sketch/dog/n02103406_651-3.png,sketch,0,dog,6,person,0.9995423555374146
sketch/dog/n02103406_651-4.png,sketch,0,dog,6,person,0.8870550394058228
sketch/dog/n02103406_651-5.png,sketch,0,dog,2,giraffe,0.7116605043411255
sketch/dog/n02103406_651-6.png,sketch,0,dog,6,person,0.9840666055679321
sketch/dog/n02103406_651-7.png,sketch,0,dog,6,person,0.9915348291397095
sketch/dog/n02103406_6530-1.png,sketch,0,dog,6,person,0.46109914779663086
sketch/dog/n02103406_6530-2.png,sketch,0,dog,6,person,0.46069300174713135
sketch/dog/n02103406_6530-3.png,sketch,0,dog,0,dog,0.8206546306610107
sketch/dog/n02103406_6530-4.png,sketch,0,dog,0,dog,0.9032790660858154
sketch/dog/n02103406_6530-5.png,sketch,0,dog,6,person,0.9659048318862915
sketch/dog/n02103406_6530-6.png,sketch,0,dog,0,dog,0.5609549880027771
sketch/dog/n02103406_6530-7.png,sketch,0,dog,6,person,0.8529488444328308
sketch/dog/n02103406_6688-1.png,sketch,0,dog,0,dog,0.8582850694656372
sketch/dog/n02103406_6688-2.png,sketch,0,dog,6,person,0.9998119473457336
sketch/dog/n02103406_6688-3.png,sketch,0,dog,0,dog,0.9886900782585144
sketch/dog/n02103406_6688-4.png,sketch,0,dog,4,horse,0.9229493141174316
sketch/dog/n02103406_6688-5.png,sketch,0,dog,0,dog,0.9421364665031433
sketch/dog/n02103406_6688-6.png,sketch,0,dog,0,dog,0.9684459567070007
sketch/dog/n02103406_6688-7.png,sketch,0,dog,6,person,0.9999111890792847
sketch/dog/n02103406_6688-8.png,sketch,0,dog,6,person,0.9863539338111877
sketch/dog/n02103406_6688-9.png,sketch,0,dog,0,dog,0.7325327396392822
sketch/dog/n02103406_6852-1.png,sketch,0,dog,6,person,0.769002377986908
sketch/dog/n02103406_6852-2.png,sketch,0,dog,6,person,0.6164436340332031
sketch/dog/n02103406_6852-3.png,sketch,0,dog,6,person,0.9627258777618408
sketch/dog/n02103406_6852-4.png,sketch,0,dog,6,person,0.5044730305671692
sketch/dog/n02103406_6852-5.png,sketch,0,dog,6,person,0.9878696799278259
sketch/dog/n02103406_6852-6.png,sketch,0,dog,6,person,0.943182110786438
sketch/dog/n02103406_6852-7.png,sketch,0,dog,6,person,0.9905487895011902
sketch/dog/n02103406_6852-8.png,sketch,0,dog,6,person,0.9861143827438354
sketch/dog/n02103406_6852-9.png,sketch,0,dog,6,person,0.8237596154212952
sketch/dog/n02103406_6857-1.png,sketch,0,dog,6,person,0.9997140765190125
sketch/dog/n02103406_6857-2.png,sketch,0,dog,2,giraffe,0.8774996399879456
sketch/dog/n02103406_6857-3.png,sketch,0,dog,6,person,0.9892956614494324
sketch/dog/n02103406_6857-4.png,sketch,0,dog,6,person,0.9978609681129456
sketch/dog/n02103406_6857-5.png,sketch,0,dog,6,person,0.999313235282898
sketch/dog/n02103406_6857-6.png,sketch,0,dog,6,person,0.9952835440635681
sketch/dog/n02103406_6857-7.png,sketch,0,dog,6,person,0.9950377345085144
sketch/dog/n02103406_6857-8.png,sketch,0,dog,6,person,0.7035729885101318
sketch/dog/n02103406_7201-1.png,sketch,0,dog,6,person,0.7045735120773315
sketch/dog/n02103406_7201-2.png,sketch,0,dog,6,person,0.9790893197059631
sketch/dog/n02103406_7201-3.png,sketch,0,dog,6,person,0.7235671877861023
sketch/dog/n02103406_7201-4.png,sketch,0,dog,0,dog,0.6328917741775513
sketch/dog/n02103406_7201-5.png,sketch,0,dog,6,person,0.6454076170921326
sketch/dog/n02103406_7201-6.png,sketch,0,dog,0,dog,0.4960058629512787
sketch/dog/n02103406_7368-1.png,sketch,0,dog,6,person,0.8620023727416992
sketch/dog/n02103406_7368-10.png,sketch,0,dog,6,person,0.6093025207519531
sketch/dog/n02103406_7368-2.png,sketch,0,dog,1,elephant,0.8692407608032227
sketch/dog/n02103406_7368-3.png,sketch,0,dog,6,person,0.5647293925285339
sketch/dog/n02103406_7368-4.png,sketch,0,dog,2,giraffe,0.7102766633033752
sketch/dog/n02103406_7368-5.png,sketch,0,dog,0,dog,0.8756728768348694
sketch/dog/n02103406_7368-6.png,sketch,0,dog,6,person,0.6347993612289429
sketch/dog/n02103406_7368-7.png,sketch,0,dog,6,person,0.8044360280036926
sketch/dog/n02103406_7368-8.png,sketch,0,dog,0,dog,0.876483142375946
sketch/dog/n02103406_7368-9.png,sketch,0,dog,0,dog,0.7997459173202515
sketch/dog/n02103406_7521-1.png,sketch,0,dog,6,person,0.989006757736206
sketch/dog/n02103406_7521-2.png,sketch,0,dog,6,person,0.9991335272789001
sketch/dog/n02103406_7521-3.png,sketch,0,dog,6,person,0.8556791543960571
sketch/dog/n02103406_7521-4.png,sketch,0,dog,6,person,0.9988032579421997
sketch/dog/n02103406_7521-5.png,sketch,0,dog,6,person,0.9974924325942993
sketch/dog/n02103406_7521-6.png,sketch,0,dog,6,person,0.9999386072158813
sketch/dog/n02103406_7521-7.png,sketch,0,dog,1,elephant,0.8705682158470154
sketch/dog/n02103406_7521-8.png,sketch,0,dog,6,person,0.9269856214523315
sketch/dog/n02103406_7708-1.png,sketch,0,dog,0,dog,0.48063549399375916
sketch/dog/n02103406_7708-10.png,sketch,0,dog,6,person,0.975188672542572
sketch/dog/n02103406_7708-2.png,sketch,0,dog,6,person,0.6476910710334778
sketch/dog/n02103406_7708-3.png,sketch,0,dog,6,person,0.99458909034729
sketch/dog/n02103406_7708-4.png,sketch,0,dog,0,dog,0.4713856279850006
sketch/dog/n02103406_7708-5.png,sketch,0,dog,6,person,0.8912794589996338
sketch/dog/n02103406_7708-6.png,sketch,0,dog,6,person,0.8412739038467407
sketch/dog/n02103406_7708-7.png,sketch,0,dog,2,giraffe,0.6045369505882263
sketch/dog/n02103406_7708-8.png,sketch,0,dog,6,person,0.9818063974380493
sketch/dog/n02103406_7708-9.png,sketch,0,dog,6,person,0.990576982498169
sketch/dog/n02103406_8004-1.png,sketch,0,dog,2,giraffe,0.8641893863677979
sketch/dog/n02103406_8004-2.png,sketch,0,dog,6,person,0.9981217980384827
sketch/dog/n02103406_8004-3.png,sketch,0,dog,6,person,0.46222758293151855
sketch/dog/n02103406_8004-4.png,sketch,0,dog,6,person,0.7314797043800354
sketch/dog/n02103406_8004-5.png,sketch,0,dog,6,person,0.5461622476577759
sketch/dog/n02103406_8004-6.png,sketch,0,dog,6,person,0.5684224367141724
sketch/dog/n02103406_8004-7.png,sketch,0,dog,2,giraffe,0.96013343334198
sketch/dog/n02103406_8004-8.png,sketch,0,dog,6,person,0.6878485083580017
sketch/dog/n02103406_8004-9.png,sketch,0,dog,0,dog,0.5131562948226929
sketch/dog/n02103406_8280-1.png,sketch,0,dog,6,person,0.583975613117218
sketch/dog/n02103406_8280-2.png,sketch,0,dog,6,person,0.8934951424598694
sketch/dog/n02103406_8280-3.png,sketch,0,dog,6,person,0.33690908551216125
sketch/dog/n02103406_8280-4.png,sketch,0,dog,0,dog,0.791966438293457
sketch/dog/n02103406_8280-5.png,sketch,0,dog,4,horse,0.4922633171081543
sketch/dog/n02103406_8280-6.png,sketch,0,dog,1,elephant,0.5810679197311401
sketch/dog/n02103406_8362-1.png,sketch,0,dog,0,dog,0.5231595039367676
sketch/dog/n02103406_8362-10.png,sketch,0,dog,0,dog,0.6436637043952942
sketch/dog/n02103406_8362-2.png,sketch,0,dog,6,person,0.5359416604042053
sketch/dog/n02103406_8362-3.png,sketch,0,dog,0,dog,0.8518944382667542
sketch/dog/n02103406_8362-4.png,sketch,0,dog,0,dog,0.8246201872825623
sketch/dog/n02103406_8362-5.png,sketch,0,dog,0,dog,0.4667327404022217
sketch/dog/n02103406_8362-6.png,sketch,0,dog,0,dog,0.5113791227340698
sketch/dog/n02103406_8362-7.png,sketch,0,dog,6,person,0.6583156585693359
sketch/dog/n02103406_8362-8.png,sketch,0,dog,4,horse,0.7310706973075867
sketch/dog/n02103406_8362-9.png,sketch,0,dog,2,giraffe,0.6370165348052979
sketch/dog/n02103406_8421-1.png,sketch,0,dog,0,dog,0.5587257742881775
sketch/dog/n02103406_8421-2.png,sketch,0,dog,0,dog,0.512501060962677
sketch/dog/n02103406_8421-3.png,sketch,0,dog,0,dog,0.5110266804695129
sketch/dog/n02103406_8421-4.png,sketch,0,dog,6,person,0.998924195766449
sketch/dog/n02103406_8421-5.png,sketch,0,dog,0,dog,0.8059698939323425
sketch/dog/n02103406_8421-6.png,sketch,0,dog,0,dog,0.8314283490180969
sketch/dog/n02103406_865-1.png,sketch,0,dog,0,dog,0.4515684247016907
sketch/dog/n02103406_865-10.png,sketch,0,dog,6,person,0.5481588840484619
sketch/dog/n02103406_865-11.png,sketch,0,dog,4,horse,0.577643871307373
sketch/dog/n02103406_865-2.png,sketch,0,dog,1,elephant,0.6704052686691284
sketch/dog/n02103406_865-3.png,sketch,0,dog,6,person,0.6017971038818359
sketch/dog/n02103406_865-4.png,sketch,0,dog,0,dog,0.5431749820709229
sketch/dog/n02103406_865-5.png,sketch,0,dog,6,person,0.9892756938934326
sketch/dog/n02103406_865-6.png,sketch,0,dog,6,person,0.8642041087150574
sketch/dog/n02103406_865-7.png,sketch,0,dog,0,dog,0.9989213943481445
sketch/dog/n02103406_865-8.png,sketch,0,dog,6,person,0.9973770380020142
sketch/dog/n02103406_865-9.png,sketch,0,dog,6,person,0.993386447429657
sketch/dog/n02103406_936-1.png,sketch,0,dog,1,elephant,0.4332420229911804
sketch/dog/n02103406_936-2.png,sketch,0,dog,2,giraffe,0.7884116768836975
sketch/dog/n02103406_936-3.png,sketch,0,dog,2,giraffe,0.9129322171211243
sketch/dog/n02103406_936-4.png,sketch,0,dog,6,person,0.8354329466819763
sketch/dog/n02103406_936-5.png,sketch,0,dog,6,person,0.4692598283290863
sketch/dog/n02103406_936-6.png,sketch,0,dog,2,giraffe,0.7733549475669861
sketch/dog/n02103406_936-7.png,sketch,0,dog,6,person,0.9372727274894714
sketch/dog/n02103406_936-8.png,sketch,0,dog,6,person,0.7178796529769897
sketch/dog/n02103406_936-9.png,sketch,0,dog,6,person,0.9798876047134399
sketch/dog/n02103406_995-1.png,sketch,0,dog,2,giraffe,0.9945166707038879
sketch/dog/n02103406_995-2.png,sketch,0,dog,6,person,0.6393957138061523
sketch/dog/n02103406_995-3.png,sketch,0,dog,0,dog,0.6497159600257874
sketch/dog/n02103406_995-4.png,sketch,0,dog,0,dog,0.4711049497127533
sketch/dog/n02103406_995-5.png,sketch,0,dog,6,person,0.8080422878265381
sketch/dog/n02103406_995-6.png,sketch,0,dog,6,person,0.8767490983009338
sketch/dog/n02106662_10406-1.png,sketch,0,dog,0,dog,0.6453941464424133
sketch/dog/n02106662_10406-2.png,sketch,0,dog,4,horse,0.7695090770721436
sketch/dog/n02106662_10406-3.png,sketch,0,dog,0,dog,0.4094204008579254
sketch/dog/n02106662_10406-4.png,sketch,0,dog,6,person,0.8736178874969482
sketch/dog/n02106662_10406-5.png,sketch,0,dog,4,horse,0.9387656450271606
sketch/dog/n02106662_10406-6.png,sketch,0,dog,4,horse,0.6065004467964172
sketch/dog/n02106662_11133-1.png,sketch,0,dog,6,person,0.8858692646026611
sketch/dog/n02106662_11133-2.png,sketch,0,dog,6,person,0.8561018109321594
sketch/dog/n02106662_11133-3.png,sketch,0,dog,2,giraffe,0.7028307318687439
sketch/dog/n02106662_11133-4.png,sketch,0,dog,2,giraffe,0.9579470157623291
sketch/dog/n02106662_11133-5.png,sketch,0,dog,6,person,0.7571477890014648
sketch/dog/n02106662_13178-1.png,sketch,0,dog,2,giraffe,0.6658784747123718
sketch/dog/n02106662_13178-2.png,sketch,0,dog,4,horse,0.39011603593826294
sketch/dog/n02106662_13178-3.png,sketch,0,dog,2,giraffe,0.8939116597175598
sketch/dog/n02106662_13178-4.png,sketch,0,dog,4,horse,0.2968657612800598
sketch/dog/n02106662_13178-5.png,sketch,0,dog,4,horse,0.5336136221885681
sketch/dog/n02106662_13912-1.png,sketch,0,dog,0,dog,0.8050705194473267
sketch/dog/n02106662_13912-2.png,sketch,0,dog,4,horse,0.49331578612327576
sketch/dog/n02106662_13912-3.png,sketch,0,dog,4,horse,0.7900466322898865
sketch/dog/n02106662_13912-4.png,sketch,0,dog,0,dog,0.90965336561203
sketch/dog/n02106662_13912-5.png,sketch,0,dog,0,dog,0.3412870764732361
sketch/dog/n02106662_15858-1.png,sketch,0,dog,4,horse,0.9891425967216492
sketch/dog/n02106662_15858-2.png,sketch,0,dog,6,person,0.6510924696922302
sketch/dog/n02106662_15858-3.png,sketch,0,dog,0,dog,0.921394407749176
sketch/dog/n02106662_15858-4.png,sketch,0,dog,0,dog,0.8040661811828613
sketch/dog/n02106662_15858-5.png,sketch,0,dog,0,dog,0.7552287578582764
sketch/dog/n02106662_15858-6.png,sketch,0,dog,0,dog,0.8451722860336304
sketch/dog/n02106662_18402-1.png,sketch,0,dog,0,dog,0.4454341232776642
sketch/dog/n02106662_18402-2.png,sketch,0,dog,0,dog,0.7787381410598755
sketch/dog/n02106662_18402-3.png,sketch,0,dog,2,giraffe,0.5218053460121155
sketch/dog/n02106662_18402-4.png,sketch,0,dog,0,dog,0.8263987898826599
sketch/dog/n02106662_18402-5.png,sketch,0,dog,0,dog,0.8392586708068848
sketch/dog/n02106662_18405-1.png,sketch,0,dog,0,dog,0.9826253652572632
sketch/dog/n02106662_18405-2.png,sketch,0,dog,0,dog,0.8771651387214661
sketch/dog/n02106662_18405-3.png,sketch,0,dog,0,dog,0.9470447301864624
sketch/dog/n02106662_18405-4.png,sketch,0,dog,0,dog,0.8757659196853638
sketch/dog/n02106662_18405-5.png,sketch,0,dog,6,person,0.5023899674415588
sketch/dog/n02106662_1874-1.png,sketch,0,dog,6,person,0.9384163618087769
sketch/dog/n02106662_1874-2.png,sketch,0,dog,2,giraffe,0.8275488615036011
sketch/dog/n02106662_1874-3.png,sketch,0,dog,0,dog,0.8842331171035767
sketch/dog/n02106662_1874-4.png,sketch,0,dog,0,dog,0.9392333030700684
sketch/dog/n02106662_1874-5.png,sketch,0,dog,6,person,0.5536061525344849
sketch/dog/n02106662_18922-1.png,sketch,0,dog,0,dog,0.6692054867744446
sketch/dog/n02106662_18922-10.png,sketch,0,dog,6,person,0.5921546816825867
sketch/dog/n02106662_18922-11.png,sketch,0,dog,2,giraffe,0.9209930300712585
sketch/dog/n02106662_18922-2.png,sketch,0,dog,0,dog,0.4133357107639313
sketch/dog/n02106662_18922-3.png,sketch,0,dog,0,dog,0.6318002939224243
sketch/dog/n02106662_18922-4.png,sketch,0,dog,0,dog,0.6468520760536194
sketch/dog/n02106662_18922-5.png,sketch,0,dog,2,giraffe,0.9893542528152466
sketch/dog/n02106662_18922-6.png,sketch,0,dog,0,dog,0.9785133600234985
sketch/dog/n02106662_18922-7.png,sketch,0,dog,2,giraffe,0.7063876390457153
sketch/dog/n02106662_18922-8.png,sketch,0,dog,0,dog,0.8224795460700989
sketch/dog/n02106662_18922-9.png,sketch,0,dog,0,dog,0.624725341796875
sketch/dog/n02106662_18953-1.png,sketch,0,dog,4,horse,0.9094395637512207
sketch/dog/n02106662_18953-2.png,sketch,0,dog,6,person,0.7035767436027527
sketch/dog/n02106662_18953-3.png,sketch,0,dog,4,horse,0.8414496183395386
sketch/dog/n02106662_18953-4.png,sketch,0,dog,0,dog,0.5352524518966675
sketch/dog/n02106662_18953-5.png,sketch,0,dog,0,dog,0.45328155159950256
sketch/dog/n02106662_18953-6.png,sketch,0,dog,6,person,0.4899272620677948
sketch/dog/n02106662_18953-7.png,sketch,0,dog,4,horse,0.6563060283660889
sketch/dog/n02106662_1922-1.png,sketch,0,dog,6,person,0.8585652112960815
sketch/dog/n02106662_1922-2.png,sketch,0,dog,6,person,0.8756892085075378
sketch/dog/n02106662_1922-3.png,sketch,0,dog,0,dog,0.8710069060325623
sketch/dog/n02106662_1922-4.png,sketch,0,dog,0,dog,0.3665468394756317
sketch/dog/n02106662_1922-5.png,sketch,0,dog,0,dog,0.9583786725997925
sketch/dog/n02106662_2101-1.png,sketch,0,dog,0,dog,0.6731961965560913
sketch/dog/n02106662_2101-2.png,sketch,0,dog,6,person,0.7536458373069763
sketch/dog/n02106662_2101-3.png,sketch,0,dog,0,dog,0.8458086252212524
sketch/dog/n02106662_2101-4.png,sketch,0,dog,0,dog,0.6112984418869019
sketch/dog/n02106662_2101-5.png,sketch,0,dog,0,dog,0.41594448685646057
sketch/dog/n02106662_2101-6.png,sketch,0,dog,0,dog,0.7404704689979553
sketch/dog/n02106662_2101-7.png,sketch,0,dog,0,dog,0.7742059230804443
sketch/dog/n02106662_2101-8.png,sketch,0,dog,0,dog,0.5660220980644226
sketch/dog/n02106662_2101-9.png,sketch,0,dog,0,dog,0.7080605626106262
sketch/dog/n02106662_2157-1.png,sketch,0,dog,2,giraffe,0.5873227119445801
sketch/dog/n02106662_2157-2.png,sketch,0,dog,6,person,0.8879515528678894
sketch/dog/n02106662_2157-3.png,sketch,0,dog,6,person,0.6145344376564026
sketch/dog/n02106662_2157-4.png,sketch,0,dog,6,person,0.9386978149414062
sketch/dog/n02106662_2157-5.png,sketch,0,dog,0,dog,0.9391444325447083
sketch/dog/n02106662_2157-6.png,sketch,0,dog,0,dog,0.6434490084648132
sketch/dog/n02106662_2377-1.png,sketch,0,dog,2,giraffe,0.3648817837238312
sketch/dog/n02106662_2377-2.png,sketch,0,dog,6,person,0.7392278909683228
sketch/dog/n02106662_2377-3.png,sketch,0,dog,2,giraffe,0.7942159175872803
sketch/dog/n02106662_2377-4.png,sketch,0,dog,6,person,0.4973050355911255
sketch/dog/n02106662_2377-5.png,sketch,0,dog,0,dog,0.7001297473907471
sketch/dog/n02106662_2377-6.png,sketch,0,dog,6,person,0.8564481139183044
sketch/dog/n02106662_24019-1.png,sketch,0,dog,2,giraffe,0.9035719037055969
sketch/dog/n02106662_24019-2.png,sketch,0,dog,6,person,0.780511200428009
sketch/dog/n02106662_24019-3.png,sketch,0,dog,2,giraffe,0.49753066897392273
sketch/dog/n02106662_24019-4.png,sketch,0,dog,6,person,0.6004915237426758
sketch/dog/n02106662_24019-5.png,sketch,0,dog,2,giraffe,0.6406325697898865
sketch/dog/n02106662_24019-6.png,sketch,0,dog,2,giraffe,0.4805152118206024
sketch/dog/n02106662_24019-7.png,sketch,0,dog,2,giraffe,0.7019659876823425
sketch/dog/n02106662_24019-8.png,sketch,0,dog,4,horse,0.9548861384391785
sketch/dog/n02106662_24577-1.png,sketch,0,dog,0,dog,0.8768807649612427
sketch/dog/n02106662_24577-2.png,sketch,0,dog,0,dog,0.5303390622138977
sketch/dog/n02106662_24577-3.png,sketch,0,dog,4,horse,0.532937228679657
sketch/dog/n02106662_24577-4.png,sketch,0,dog,0,dog,0.541767954826355
sketch/dog/n02106662_24577-5.png,sketch,0,dog,0,dog,0.9504609704017639
sketch/dog/n02106662_24786-1.png,sketch,0,dog,6,person,0.5050263404846191
sketch/dog/n02106662_24786-2.png,sketch,0,dog,4,horse,0.3953660726547241
sketch/dog/n02106662_24786-3.png,sketch,0,dog,4,horse,0.9558041095733643
sketch/dog/n02106662_24786-4.png,sketch,0,dog,6,person,0.9785144925117493
sketch/dog/n02106662_24786-5.png,sketch,0,dog,4,horse,0.6068434715270996
sketch/dog/n02106662_24786-6.png,sketch,0,dog,4,horse,0.9376376271247864
sketch/dog/n02106662_24786-7.png,sketch,0,dog,1,elephant,0.940081000328064
sketch/dog/n02106662_25917-1.png,sketch,0,dog,2,giraffe,0.8652584552764893
sketch/dog/n02106662_25917-2.png,sketch,0,dog,6,person,0.6512662172317505
sketch/dog/n02106662_25917-3.png,sketch,0,dog,0,dog,0.45847371220588684
sketch/dog/n02106662_25917-4.png,sketch,0,dog,4,horse,0.8607147932052612
sketch/dog/n02106662_25917-5.png,sketch,0,dog,2,giraffe,0.7572423815727234
sketch/dog/n02106662_25917-6.png,sketch,0,dog,4,horse,0.5025194883346558
sketch/dog/n02106662_25917-7.png,sketch,0,dog,4,horse,0.9075348973274231
sketch/dog/n02106662_26549-1.png,sketch,0,dog,2,giraffe,0.9008958339691162
sketch/dog/n02106662_26549-2.png,sketch,0,dog,2,giraffe,0.5078964233398438
sketch/dog/n02106662_26549-3.png,sketch,0,dog,6,person,0.9591490030288696
sketch/dog/n02106662_26549-4.png,sketch,0,dog,2,giraffe,0.5237343907356262
sketch/dog/n02106662_26549-5.png,sketch,0,dog,6,person,0.7594287395477295
sketch/dog/n02106662_26549-6.png,sketch,0,dog,2,giraffe,0.8228530883789062
sketch/dog/n02106662_27393-1.png,sketch,0,dog,0,dog,0.6216139793395996
sketch/dog/n02106662_27393-2.png,sketch,0,dog,0,dog,0.9100918769836426
sketch/dog/n02106662_27393-3.png,sketch,0,dog,0,dog,0.9858278036117554
sketch/dog/n02106662_27393-4.png,sketch,0,dog,0,dog,0.7098553776741028
sketch/dog/n02106662_27393-5.png,sketch,0,dog,4,horse,0.5398653149604797
sketch/dog/n02106662_2740-1.png,sketch,0,dog,6,person,0.9678394198417664
sketch/dog/n02106662_2740-2.png,sketch,0,dog,0,dog,0.4780861735343933
sketch/dog/n02106662_2740-3.png,sketch,0,dog,2,giraffe,0.48907285928726196
sketch/dog/n02106662_2740-4.png,sketch,0,dog,6,person,0.9567277431488037
sketch/dog/n02106662_2740-5.png,sketch,0,dog,6,person,0.9788578152656555
sketch/dog/n02106662_466-1.png,sketch,0,dog,3,guitar,0.5384180545806885
sketch/dog/n02106662_466-2.png,sketch,0,dog,4,horse,0.29373621940612793
sketch/dog/n02106662_466-3.png,sketch,0,dog,0,dog,0.4224517047405243
sketch/dog/n02106662_466-4.png,sketch,0,dog,0,dog,0.513665497303009
sketch/dog/n02106662_466-5.png,sketch,0,dog,0,dog,0.8669633269309998
sketch/dog/n02106662_466-6.png,sketch,0,dog,6,person,0.5605366230010986
sketch/dog/n02106662_466-7.png,sketch,0,dog,0,dog,0.6939087510108948
sketch/dog/n02106662_5001-1.png,sketch,0,dog,6,person,0.7995790839195251
sketch/dog/n02106662_5001-2.png,sketch,0,dog,2,giraffe,0.46127140522003174
sketch/dog/n02106662_5001-3.png,sketch,0,dog,0,dog,0.8628538250923157
sketch/dog/n02106662_5001-4.png,sketch,0,dog,4,horse,0.8137072324752808
sketch/dog/n02106662_5001-5.png,sketch,0,dog,6,person,0.9912277460098267
sketch/dog/n02106662_5001-6.png,sketch,0,dog,4,horse,0.8947531580924988
sketch/dog/n02106662_5001-7.png,sketch,0,dog,0,dog,0.820406436920166
sketch/dog/n02106662_7885-1.png,sketch,0,dog,4,horse,0.3998369872570038
sketch/dog/n02106662_7885-2.png,sketch,0,dog,2,giraffe,0.5804443955421448
sketch/dog/n02106662_7885-3.png,sketch,0,dog,2,giraffe,0.5600786805152893
sketch/dog/n02106662_7885-4.png,sketch,0,dog,5,house,0.5044023394584656
sketch/dog/n02106662_7885-5.png,sketch,0,dog,0,dog,0.9271406531333923
sketch/dog/n02106662_7960-1.png,sketch,0,dog,6,person,0.716015636920929
sketch/dog/n02106662_7960-2.png,sketch,0,dog,2,giraffe,0.46833816170692444
sketch/dog/n02106662_7960-3.png,sketch,0,dog,0,dog,0.9908795356750488
sketch/dog/n02106662_7960-4.png,sketch,0,dog,6,person,0.680255115032196
sketch/dog/n02106662_7960-5.png,sketch,0,dog,0,dog,0.7738505005836487
sketch/dog/n02106662_7960-6.png,sketch,0,dog,0,dog,0.40856996178627014
sketch/dog/n02106662_8511-1.png,sketch,0,dog,0,dog,0.4742704927921295
sketch/dog/n02106662_8511-2.png,sketch,0,dog,6,person,0.8625761270523071
sketch/dog/n02106662_8511-3.png,sketch,0,dog,6,person,0.46636858582496643
sketch/dog/n02106662_8511-4.png,sketch,0,dog,0,dog,0.6710653901100159
sketch/dog/n02106662_8511-5.png,sketch,0,dog,5,house,0.8266435265541077
sketch/dog/n02106662_8511-6.png,sketch,0,dog,0,dog,0.9789627194404602
sketch/dog/n02106662_8870-1.png,sketch,0,dog,6,person,0.5073664784431458
sketch/dog/n02106662_8870-2.png,sketch,0,dog,6,person,0.8997371792793274
sketch/dog/n02106662_8870-3.png,sketch,0,dog,4,horse,0.5959454774856567
sketch/dog/n02106662_8870-4.png,sketch,0,dog,0,dog,0.8234327435493469
sketch/dog/n02106662_8870-5.png,sketch,0,dog,0,dog,0.5785841941833496
sketch/dog/n02106662_8870-6.png,sketch,0,dog,0,dog,0.8140748143196106
sketch/dog/n02106662_8870-7.png,sketch,0,dog,0,dog,0.7601504921913147
sketch/dog/n02106662_928-1.png,sketch,0,dog,0,dog,0.5028486251831055
sketch/dog/n02106662_928-10.png,sketch,0,dog,5,house,0.5003388524055481
sketch/dog/n02106662_928-11.png,sketch,0,dog,4,horse,0.5790743827819824
sketch/dog/n02106662_928-2.png,sketch,0,dog,0,dog,0.44223752617836
sketch/dog/n02106662_928-3.png,sketch,0,dog,4,horse,0.5067253708839417
sketch/dog/n02106662_928-4.png,sketch,0,dog,0,dog,0.6982049942016602
sketch/dog/n02106662_928-5.png,sketch,0,dog,4,horse,0.8964499831199646
sketch/dog/n02106662_928-6.png,sketch,0,dog,0,dog,0.8724905848503113
sketch/dog/n02106662_928-7.png,sketch,0,dog,1,elephant,0.8170127868652344
sketch/dog/n02106662_928-8.png,sketch,0,dog,4,horse,0.8990293145179749
sketch/dog/n02106662_928-9.png,sketch,0,dog,6,person,0.40140804648399353
sketch/dog/n02109525_10297-1.png,sketch,0,dog,0,dog,0.8849254846572876
sketch/dog/n02109525_10297-2.png,sketch,0,dog,6,person,0.8514965176582336
sketch/dog/n02109525_10297-3.png,sketch,0,dog,0,dog,0.913581907749176
sketch/dog/n02109525_10297-4.png,sketch,0,dog,0,dog,0.5967508554458618
sketch/dog/n02109525_10297-5.png,sketch,0,dog,6,person,0.9066730737686157
sketch/dog/n02109525_11444-1.png,sketch,0,dog,6,person,0.9078165292739868
sketch/dog/n02109525_11444-2.png,sketch,0,dog,6,person,0.999634861946106
sketch/dog/n02109525_11444-3.png,sketch,0,dog,6,person,0.9242402911186218
sketch/dog/n02109525_11444-4.png,sketch,0,dog,2,giraffe,0.5215035676956177
sketch/dog/n02109525_11444-5.png,sketch,0,dog,6,person,0.9618058204650879
sketch/dog/n02109525_12875-1.png,sketch,0,dog,6,person,0.6910074949264526
sketch/dog/n02109525_12875-2.png,sketch,0,dog,0,dog,0.7763507962226868
sketch/dog/n02109525_12875-3.png,sketch,0,dog,6,person,0.6536549925804138
sketch/dog/n02109525_12875-4.png,sketch,0,dog,0,dog,0.890143096446991
sketch/dog/n02109525_12875-5.png,sketch,0,dog,1,elephant,0.45836326479911804
sketch/dog/n02109525_12875-6.png,sketch,0,dog,6,person,0.6660664677619934
sketch/dog/n02109525_13700-1.png,sketch,0,dog,6,person,0.9077104330062866
sketch/dog/n02109525_13700-2.png,sketch,0,dog,6,person,0.7104014754295349
sketch/dog/n02109525_13700-3.png,sketch,0,dog,6,person,0.9769850969314575
sketch/dog/n02109525_13700-4.png,sketch,0,dog,6,person,0.757584273815155
sketch/dog/n02109525_13700-5.png,sketch,0,dog,0,dog,0.7274155616760254
sketch/dog/n02109525_16346-1.png,sketch,0,dog,6,person,0.5745118856430054
sketch/dog/n02109525_16346-2.png,sketch,0,dog,1,elephant,0.5490674376487732
sketch/dog/n02109525_16346-3.png,sketch,0,dog,0,dog,0.9461581707000732
sketch/dog/n02109525_16346-4.png,sketch,0,dog,1,elephant,0.8985166549682617
sketch/dog/n02109525_16346-5.png,sketch,0,dog,0,dog,0.9863263368606567
sketch/dog/n02109525_16346-6.png,sketch,0,dog,6,person,0.977502167224884
sketch/dog/n02109525_16346-7.png,sketch,0,dog,6,person,0.9966502785682678
sketch/dog/n02109525_16346-8.png,sketch,0,dog,6,person,0.7328838109970093
sketch/dog/n02109525_18347-1.png,sketch,0,dog,1,elephant,0.5029007792472839
sketch/dog/n02109525_18347-2.png,sketch,0,dog,6,person,0.7516763210296631
sketch/dog/n02109525_18347-3.png,sketch,0,dog,6,person,0.6596843600273132
sketch/dog/n02109525_18347-4.png,sketch,0,dog,6,person,0.9718979597091675
sketch/dog/n02109525_18347-5.png,sketch,0,dog,0,dog,0.9975661039352417
sketch/dog/n02109525_18347-6.png,sketch,0,dog,6,person,0.5775298476219177
sketch/dog/n02109525_18347-7.png,sketch,0,dog,6,person,0.862679123878479
sketch/dog/n02109525_1893-1.png,sketch,0,dog,6,person,0.6378290057182312
sketch/dog/n02109525_1893-2.png,sketch,0,dog,6,person,0.9647511839866638
sketch/dog/n02109525_1893-3.png,sketch,0,dog,0,dog,0.7020137906074524
sketch/dog/n02109525_1893-4.png,sketch,0,dog,6,person,0.5497605800628662
sketch/dog/n02109525_1893-5.png,sketch,0,dog,6,person,0.9993273019790649
sketch/dog/n02109525_1893-6.png,sketch,0,dog,6,person,0.9966583251953125
sketch/dog/n02109525_1893-7.png,sketch,0,dog,0,dog,0.8088687658309937
sketch/dog/n02109525_3202-1.png,sketch,0,dog,6,person,0.7300775647163391
sketch/dog/n02109525_3202-2.png,sketch,0,dog,0,dog,0.9773749709129333
sketch/dog/n02109525_3202-3.png,sketch,0,dog,6,person,0.8084664940834045
sketch/dog/n02109525_3202-4.png,sketch,0,dog,0,dog,0.9166118502616882
sketch/dog/n02109525_3202-5.png,sketch,0,dog,0,dog,0.5549765825271606
sketch/dog/n02109525_3202-6.png,sketch,0,dog,6,person,0.864272952079773
sketch/dog/n02109525_3782-1.png,sketch,0,dog,6,person,0.9275026917457581
sketch/dog/n02109525_3782-10.png,sketch,0,dog,6,person,0.984716534614563
sketch/dog/n02109525_3782-2.png,sketch,0,dog,6,person,0.9097468256950378
sketch/dog/n02109525_3782-3.png,sketch,0,dog,0,dog,0.7820491790771484
sketch/dog/n02109525_3782-4.png,sketch,0,dog,6,person,0.9993513226509094
sketch/dog/n02109525_3782-5.png,sketch,0,dog,6,person,0.9991716146469116
sketch/dog/n02109525_3782-6.png,sketch,0,dog,6,person,0.999481737613678
sketch/dog/n02109525_3782-7.png,sketch,0,dog,0,dog,0.577299952507019
sketch/dog/n02109525_3782-8.png,sketch,0,dog,6,person,0.998110294342041
sketch/dog/n02109525_3782-9.png,sketch,0,dog,0,dog,0.5199216604232788
sketch/dog/n02109525_5013-1.png,sketch,0,dog,6,person,0.8201144337654114
sketch/dog/n02109525_5013-2.png,sketch,0,dog,6,person,0.9946129322052002
sketch/dog/n02109525_5013-3.png,sketch,0,dog,6,person,0.7948786020278931
sketch/dog/n02109525_5013-4.png,sketch,0,dog,1,elephant,0.604058027267456
sketch/dog/n02109525_5013-5.png,sketch,0,dog,6,person,0.9907156229019165
sketch/dog/n02109525_5013-6.png,sketch,0,dog,1,elephant,0.4390951097011566
sketch/dog/n02109525_5583-1.png,sketch,0,dog,0,dog,0.9974496960639954
sketch/dog/n02109525_5583-2.png,sketch,0,dog,6,person,0.4309103190898895
sketch/dog/n02109525_5583-3.png,sketch,0,dog,6,person,0.9865466356277466
sketch/dog/n02109525_5583-4.png,sketch,0,dog,0,dog,0.711690366268158
sketch/dog/n02109525_5583-5.png,sketch,0,dog,6,person,0.9924097061157227
sketch/dog/n02109525_5583-6.png,sketch,0,dog,6,person,0.9927358627319336
sketch/dog/n02109525_5583-7.png,sketch,0,dog,0,dog,0.9156514406204224
sketch/dog/n02109525_5966-1.png,sketch,0,dog,6,person,0.9105917811393738
sketch/dog/n02109525_5966-2.png,sketch,0,dog,6,person,0.7497571110725403
sketch/dog/n02109525_5966-3.png,sketch,0,dog,0,dog,0.5089733600616455
sketch/dog/n02109525_5966-4.png,sketch,0,dog,6,person,0.988104522228241
sketch/dog/n02109525_5966-5.png,sketch,0,dog,6,person,0.9845470786094666
sketch/dog/n02109525_6693-1.png,sketch,0,dog,6,person,0.9969828724861145
sketch/dog/n02109525_6693-2.png,sketch,0,dog,6,person,0.9984754920005798
sketch/dog/n02109525_6693-3.png,sketch,0,dog,6,person,0.8591629862785339
sketch/dog/n02109525_6693-4.png,sketch,0,dog,6,person,0.9979990124702454
sketch/dog/n02109525_6693-5.png,sketch,0,dog,0,dog,0.9985823631286621
sketch/dog/n02109525_704-1.png,sketch,0,dog,6,person,0.7708007097244263
sketch/dog/n02109525_704-2.png,sketch,0,dog,6,person,0.9669832587242126
sketch/dog/n02109525_704-3.png,sketch,0,dog,6,person,0.5788548588752747
sketch/dog/n02109525_704-4.png,sketch,0,dog,6,person,0.8627018332481384
sketch/dog/n02109525_704-5.png,sketch,0,dog,6,person,0.9287075996398926
sketch/dog/n02109525_704-6.png,sketch,0,dog,1,elephant,0.5636658668518066
sketch/dog/n02109525_7874-1.png,sketch,0,dog,6,person,0.9982064962387085
sketch/dog/n02109525_7874-2.png,sketch,0,dog,6,person,0.9994667172431946
sketch/dog/n02109525_7874-3.png,sketch,0,dog,0,dog,0.8022724986076355
sketch/dog/n02109525_7874-4.png,sketch,0,dog,6,person,0.9663545489311218
sketch/dog/n02109525_7874-5.png,sketch,0,dog,6,person,0.9994093179702759
sketch/dog/n02109525_7874-6.png,sketch,0,dog,6,person,0.9065344929695129
sketch/dog/n02109525_8211-1.png,sketch,0,dog,6,person,0.9999871253967285
sketch/dog/n02109525_8211-2.png,sketch,0,dog,6,person,0.7084283828735352
sketch/dog/n02109525_8211-3.png,sketch,0,dog,0,dog,0.9826108813285828
sketch/dog/n02109525_8211-4.png,sketch,0,dog,6,person,0.7591735124588013
sketch/dog/n02109525_8211-5.png,sketch,0,dog,6,person,0.9994118213653564
sketch/dog/n02109525_8457-1.png,sketch,0,dog,6,person,0.9051520824432373
sketch/dog/n02109525_8457-2.png,sketch,0,dog,6,person,0.8790838122367859
sketch/dog/n02109525_8457-3.png,sketch,0,dog,6,person,0.9108282327651978
sketch/dog/n02109525_8457-4.png,sketch,0,dog,0,dog,0.6436542868614197
sketch/dog/n02109525_8457-5.png,sketch,0,dog,6,person,0.9765328764915466
sketch/dog/n02109525_9037-1.png,sketch,0,dog,0,dog,0.9952482581138611
sketch/dog/n02109525_9037-2.png,sketch,0,dog,6,person,0.9873864054679871
sketch/dog/n02109525_9037-3.png,sketch,0,dog,6,person,0.4841444492340088
sketch/dog/n02109525_9037-4.png,sketch,0,dog,6,person,0.8623325228691101
sketch/dog/n02109525_9037-5.png,sketch,0,dog,0,dog,0.7892991304397583
sketch/dog/n02109525_9037-6.png,sketch,0,dog,6,person,0.9782537221908569
sketch/dog/n02109525_9037-7.png,sketch,0,dog,0,dog,0.5444615483283997
sketch/elephant/5921.png,sketch,1,elephant,1,elephant,0.9522100687026978
sketch/elephant/5922.png,sketch,1,elephant,1,elephant,0.6304530501365662
sketch/elephant/5923.png,sketch,1,elephant,6,person,0.8844326734542847
sketch/elephant/5924.png,sketch,1,elephant,5,house,0.8054974675178528
sketch/elephant/5925.png,sketch,1,elephant,1,elephant,0.9078389406204224
sketch/elephant/5926.png,sketch,1,elephant,1,elephant,0.7095324993133545
sketch/elephant/5927.png,sketch,1,elephant,1,elephant,0.8900855779647827
sketch/elephant/5928.png,sketch,1,elephant,5,house,0.4423164129257202
sketch/elephant/5929.png,sketch,1,elephant,5,house,0.6469039916992188
sketch/elephant/5930.png,sketch,1,elephant,1,elephant,0.9789392948150635
sketch/elephant/5931.png,sketch,1,elephant,1,elephant,0.7949863076210022
sketch/elephant/5932.png,sketch,1,elephant,1,elephant,0.990641176700592
sketch/elephant/5933.png,sketch,1,elephant,1,elephant,0.5764277577400208
sketch/elephant/5934.png,sketch,1,elephant,1,elephant,0.9902230501174927
sketch/elephant/5935.png,sketch,1,elephant,1,elephant,0.9747626781463623
sketch/elephant/5936.png,sketch,1,elephant,1,elephant,0.6536074280738831
sketch/elephant/5937.png,sketch,1,elephant,5,house,0.9894328713417053
sketch/elephant/5938.png,sketch,1,elephant,5,house,0.3826277256011963
sketch/elephant/5939.png,sketch,1,elephant,1,elephant,0.9843518137931824
sketch/elephant/5940.png,sketch,1,elephant,1,elephant,0.9851480722427368
sketch/elephant/5941.png,sketch,1,elephant,1,elephant,0.6707249283790588
sketch/elephant/5942.png,sketch,1,elephant,1,elephant,0.5145747661590576
sketch/elephant/5943.png,sketch,1,elephant,1,elephant,0.9007213711738586
sketch/elephant/5944.png,sketch,1,elephant,1,elephant,0.9175792932510376
sketch/elephant/5945.png,sketch,1,elephant,1,elephant,0.8176186680793762
sketch/elephant/5946.png,sketch,1,elephant,1,elephant,0.9962813258171082
sketch/elephant/5947.png,sketch,1,elephant,1,elephant,0.9955281615257263
sketch/elephant/5948.png,sketch,1,elephant,1,elephant,0.9835804104804993
sketch/elephant/5949.png,sketch,1,elephant,1,elephant,0.9856147170066833
sketch/elephant/5950.png,sketch,1,elephant,6,person,0.823726236820221
sketch/elephant/5951.png,sketch,1,elephant,1,elephant,0.9869887828826904
sketch/elephant/5952.png,sketch,1,elephant,1,elephant,0.9940107464790344
sketch/elephant/5953.png,sketch,1,elephant,5,house,0.9742506742477417
sketch/elephant/5954.png,sketch,1,elephant,1,elephant,0.9995380640029907
sketch/elephant/5955.png,sketch,1,elephant,6,person,0.4898432195186615
sketch/elephant/5956.png,sketch,1,elephant,1,elephant,0.9916238188743591
sketch/elephant/5957.png,sketch,1,elephant,1,elephant,0.9986395239830017
sketch/elephant/5958.png,sketch,1,elephant,1,elephant,0.37211596965789795
sketch/elephant/5959.png,sketch,1,elephant,5,house,0.9734371304512024
sketch/elephant/5960.png,sketch,1,elephant,5,house,0.5704332590103149
sketch/elephant/5961.png,sketch,1,elephant,1,elephant,0.98773193359375
sketch/elephant/5962.png,sketch,1,elephant,1,elephant,0.9634303450584412
sketch/elephant/5963.png,sketch,1,elephant,1,elephant,0.9140395522117615
sketch/elephant/5964.png,sketch,1,elephant,1,elephant,0.9876983761787415
sketch/elephant/5965.png,sketch,1,elephant,1,elephant,0.4779863655567169
sketch/elephant/5966.png,sketch,1,elephant,1,elephant,0.9449260234832764
sketch/elephant/5967.png,sketch,1,elephant,1,elephant,0.47954660654067993
sketch/elephant/5968.png,sketch,1,elephant,6,person,0.9761728644371033
sketch/elephant/5969.png,sketch,1,elephant,6,person,0.5320730209350586
sketch/elephant/5970.png,sketch,1,elephant,1,elephant,0.7288068532943726
sketch/elephant/5971.png,sketch,1,elephant,1,elephant,0.9559919834136963
sketch/elephant/5972.png,sketch,1,elephant,1,elephant,0.9972992539405823
sketch/elephant/5973.png,sketch,1,elephant,1,elephant,0.9582991003990173
sketch/elephant/5974.png,sketch,1,elephant,1,elephant,0.9962891340255737
sketch/elephant/5975.png,sketch,1,elephant,1,elephant,0.9832097291946411
sketch/elephant/5976.png,sketch,1,elephant,5,house,0.8456874489784241
sketch/elephant/5977.png,sketch,1,elephant,1,elephant,0.7800578474998474
sketch/elephant/5978.png,sketch,1,elephant,1,elephant,0.9243717789649963
sketch/elephant/5979.png,sketch,1,elephant,1,elephant,0.986724317073822
sketch/elephant/5980.png,sketch,1,elephant,1,elephant,0.9997482895851135
sketch/elephant/5981.png,sketch,1,elephant,1,elephant,0.9733713865280151
sketch/elephant/5982.png,sketch,1,elephant,1,elephant,0.8721529841423035
sketch/elephant/5983.png,sketch,1,elephant,1,elephant,0.9514673352241516
sketch/elephant/5984.png,sketch,1,elephant,1,elephant,0.6369834542274475
sketch/elephant/5985.png,sketch,1,elephant,1,elephant,0.9780333638191223
sketch/elephant/5986.png,sketch,1,elephant,1,elephant,0.9943724870681763
sketch/elephant/5987.png,sketch,1,elephant,1,elephant,0.954246461391449
sketch/elephant/5988.png,sketch,1,elephant,5,house,0.48632892966270447
sketch/elephant/5989.png,sketch,1,elephant,1,elephant,0.9686549305915833
sketch/elephant/5990.png,sketch,1,elephant,1,elephant,0.9719828963279724
sketch/elephant/5991.png,sketch,1,elephant,1,elephant,0.9900782108306885
sketch/elephant/5992.png,sketch,1,elephant,1,elephant,0.44191426038742065
sketch/elephant/5993.png,sketch,1,elephant,1,elephant,0.9976125955581665
sketch/elephant/5994.png,sketch,1,elephant,1,elephant,0.9507958292961121
sketch/elephant/5995.png,sketch,1,elephant,1,elephant,0.9892003536224365
sketch/elephant/5996.png,sketch,1,elephant,1,elephant,0.5626652836799622
sketch/elephant/5997.png,sketch,1,elephant,1,elephant,0.9975059628486633
sketch/elephant/5998.png,sketch,1,elephant,1,elephant,0.9984301924705505
sketch/elephant/5999.png,sketch,1,elephant,1,elephant,0.8600302934646606
sketch/elephant/6000.png,sketch,1,elephant,1,elephant,0.8966713547706604
sketch/elephant/n02503517_10036-1.png,sketch,1,elephant,1,elephant,0.990085244178772
sketch/elephant/n02503517_10036-10.png,sketch,1,elephant,6,person,0.9053390026092529
sketch/elephant/n02503517_10036-2.png,sketch,1,elephant,6,person,0.6887702941894531
sketch/elephant/n02503517_10036-3.png,sketch,1,elephant,6,person,0.8294108510017395
sketch/elephant/n02503517_10036-4.png,sketch,1,elephant,6,person,0.9719979763031006
sketch/elephant/n02503517_10036-5.png,sketch,1,elephant,1,elephant,0.971518337726593
sketch/elephant/n02503517_10036-6.png,sketch,1,elephant,1,elephant,0.5112929344177246
sketch/elephant/n02503517_10036-7.png,sketch,1,elephant,1,elephant,0.9972334504127502
sketch/elephant/n02503517_10036-8.png,sketch,1,elephant,1,elephant,0.929513156414032
sketch/elephant/n02503517_10036-9.png,sketch,1,elephant,1,elephant,0.979127824306488
sketch/elephant/n02503517_10075-1.png,sketch,1,elephant,1,elephant,0.9792000651359558
sketch/elephant/n02503517_10075-2.png,sketch,1,elephant,1,elephant,0.915747880935669
sketch/elephant/n02503517_10075-3.png,sketch,1,elephant,6,person,0.989592432975769
sketch/elephant/n02503517_10075-4.png,sketch,1,elephant,1,elephant,0.6434805393218994
sketch/elephant/n02503517_10075-5.png,sketch,1,elephant,1,elephant,0.9902665019035339
sketch/elephant/n02503517_10193-1.png,sketch,1,elephant,6,person,0.72410649061203
sketch/elephant/n02503517_10193-10.png,sketch,1,elephant,6,person,0.6620116829872131
sketch/elephant/n02503517_10193-2.png,sketch,1,elephant,6,person,0.4924999475479126
sketch/elephant/n02503517_10193-3.png,sketch,1,elephant,6,person,0.8589186072349548
sketch/elephant/n02503517_10193-4.png,sketch,1,elephant,1,elephant,0.9345040321350098
sketch/elephant/n02503517_10193-5.png,sketch,1,elephant,1,elephant,0.9853602051734924
sketch/elephant/n02503517_10193-6.png,sketch,1,elephant,1,elephant,0.7531338334083557
sketch/elephant/n02503517_10193-7.png,sketch,1,elephant,6,person,0.918522834777832
sketch/elephant/n02503517_10193-8.png,sketch,1,elephant,6,person,0.5222267508506775
sketch/elephant/n02503517_10193-9.png,sketch,1,elephant,1,elephant,0.7532708644866943
sketch/elephant/n02503517_10259-1.png,sketch,1,elephant,1,elephant,0.9951305389404297
sketch/elephant/n02503517_10259-2.png,sketch,1,elephant,6,person,0.9489966034889221
sketch/elephant/n02503517_10259-3.png,sketch,1,elephant,1,elephant,0.5941058993339539
sketch/elephant/n02503517_10259-4.png,sketch,1,elephant,0,dog,0.9392579793930054
sketch/elephant/n02503517_10259-5.png,sketch,1,elephant,1,elephant,0.44915708899497986
sketch/elephant/n02503517_10259-6.png,sketch,1,elephant,6,person,0.9910974502563477
sketch/elephant/n02503517_10259-7.png,sketch,1,elephant,6,person,0.9016947746276855
sketch/elephant/n02503517_10259-8.png,sketch,1,elephant,1,elephant,0.9220317602157593
sketch/elephant/n02503517_10259-9.png,sketch,1,elephant,1,elephant,0.9961113333702087
sketch/elephant/n02503517_10275-1.png,sketch,1,elephant,6,person,0.9046326875686646
sketch/elephant/n02503517_10275-2.png,sketch,1,elephant,1,elephant,0.9661943912506104
sketch/elephant/n02503517_10275-3.png,sketch,1,elephant,6,person,0.8698776960372925
sketch/elephant/n02503517_10275-4.png,sketch,1,elephant,6,person,0.6015167236328125
sketch/elephant/n02503517_10275-5.png,sketch,1,elephant,1,elephant,0.9755786061286926
sketch/elephant/n02503517_10275-6.png,sketch,1,elephant,1,elephant,0.48303326964378357
sketch/elephant/n02503517_10300-1.png,sketch,1,elephant,1,elephant,0.9722168445587158
sketch/elephant/n02503517_10300-2.png,sketch,1,elephant,6,person,0.6999091506004333
sketch/elephant/n02503517_10300-3.png,sketch,1,elephant,1,elephant,0.9457050561904907
sketch/elephant/n02503517_10300-4.png,sketch,1,elephant,6,person,0.9913696050643921
sketch/elephant/n02503517_10300-5.png,sketch,1,elephant,1,elephant,0.8955140709877014
sketch/elephant/n02503517_10439-1.png,sketch,1,elephant,6,person,0.8102366924285889
sketch/elephant/n02503517_10439-2.png,sketch,1,elephant,1,elephant,0.999351441860199
sketch/elephant/n02503517_10439-3.png,sketch,1,elephant,1,elephant,0.6225088238716125
sketch/elephant/n02503517_10439-4.png,sketch,1,elephant,1,elephant,0.9992458820343018
sketch/elephant/n02503517_10439-5.png,sketch,1,elephant,1,elephant,0.33106765151023865
sketch/elephant/n02503517_10439-6.png,sketch,1,elephant,6,person,0.9884418249130249
sketch/elephant/n02503517_10439-7.png,sketch,1,elephant,1,elephant,0.949141263961792
sketch/elephant/n02503517_10439-8.png,sketch,1,elephant,1,elephant,0.9988215565681458
sketch/elephant/n02503517_10440-1.png,sketch,1,elephant,1,elephant,0.9992159605026245
sketch/elephant/n02503517_10440-2.png,sketch,1,elephant,1,elephant,0.9924081563949585
sketch/elephant/n02503517_10440-3.png,sketch,1,elephant,1,elephant,0.9089325666427612
sketch/elephant/n02503517_10440-4.png,sketch,1,elephant,1,elephant,0.7659090161323547
sketch/elephant/n02503517_10440-5.png,sketch,1,elephant,0,dog,0.8712068796157837
sketch/elephant/n02503517_10440-6.png,sketch,1,elephant,6,person,0.4359786808490753
sketch/elephant/n02503517_10440-7.png,sketch,1,elephant,1,elephant,0.9163364768028259
sketch/elephant/n02503517_10440-8.png,sketch,1,elephant,1,elephant,0.9629032611846924
sketch/elephant/n02503517_10440-9.png,sketch,1,elephant,1,elephant,0.9350579977035522
sketch/elephant/n02503517_10528-1.png,sketch,1,elephant,6,person,0.9164189696311951
sketch/elephant/n02503517_10528-2.png,sketch,1,elephant,0,dog,0.8827075958251953
sketch/elephant/n02503517_10528-3.png,sketch,1,elephant,1,elephant,0.4858582019805908
sketch/elephant/n02503517_10528-4.png,sketch,1,elephant,6,person,0.896990180015564
sketch/elephant/n02503517_10528-5.png,sketch,1,elephant,6,person,0.8830488324165344
sketch/elephant/n02503517_10558-1.png,sketch,1,elephant,6,person,0.9757549166679382
sketch/elephant/n02503517_10558-2.png,sketch,1,elephant,6,person,0.9467737674713135
sketch/elephant/n02503517_10558-3.png,sketch,1,elephant,6,person,0.670487642288208
sketch/elephant/n02503517_10558-4.png,sketch,1,elephant,1,elephant,0.9669318795204163
sketch/elephant/n02503517_10558-5.png,sketch,1,elephant,1,elephant,0.896255373954773
sketch/elephant/n02503517_10778-1.png,sketch,1,elephant,1,elephant,0.872464120388031
sketch/elephant/n02503517_10778-2.png,sketch,1,elephant,0,dog,0.9102047681808472
sketch/elephant/n02503517_10778-3.png,sketch,1,elephant,1,elephant,0.9867903590202332
sketch/elephant/n02503517_10778-4.png,sketch,1,elephant,6,person,0.9430056810379028
sketch/elephant/n02503517_10778-5.png,sketch,1,elephant,1,elephant,0.9435869455337524
sketch/elephant/n02503517_10778-6.png,sketch,1,elephant,6,person,0.5197679400444031
sketch/elephant/n02503517_11873-1.png,sketch,1,elephant,1,elephant,0.7266708016395569
sketch/elephant/n02503517_11873-2.png,sketch,1,elephant,1,elephant,0.9811303019523621
sketch/elephant/n02503517_11873-3.png,sketch,1,elephant,1,elephant,0.997612476348877
sketch/elephant/n02503517_11873-4.png,sketch,1,elephant,1,elephant,0.9987723231315613
sketch/elephant/n02503517_11873-5.png,sketch,1,elephant,1,elephant,0.9831749796867371
sketch/elephant/n02503517_11873-6.png,sketch,1,elephant,6,person,0.6871253848075867
sketch/elephant/n02503517_11873-7.png,sketch,1,elephant,6,person,0.9141750931739807
sketch/elephant/n02503517_11873-8.png,sketch,1,elephant,1,elephant,0.9197474122047424
sketch/elephant/n02503517_11873-9.png,sketch,1,elephant,1,elephant,0.9903661012649536
sketch/elephant/n02503517_12688-1.png,sketch,1,elephant,6,person,0.4884375333786011
sketch/elephant/n02503517_12688-2.png,sketch,1,elephant,6,person,0.9961953163146973
sketch/elephant/n02503517_12688-3.png,sketch,1,elephant,0,dog,0.602981448173523
sketch/elephant/n02503517_12688-4.png,sketch,1,elephant,1,elephant,0.6614711880683899
sketch/elephant/n02503517_12688-5.png,sketch,1,elephant,6,person,0.6110044717788696
sketch/elephant/n02503517_1292-1.png,sketch,1,elephant,6,person,0.2979796528816223
sketch/elephant/n02503517_1292-2.png,sketch,1,elephant,6,person,0.41297104954719543
sketch/elephant/n02503517_1292-3.png,sketch,1,elephant,1,elephant,0.961380124092102
sketch/elephant/n02503517_1292-4.png,sketch,1,elephant,0,dog,0.44903770089149475
sketch/elephant/n02503517_1292-5.png,sketch,1,elephant,1,elephant,0.9994949102401733
sketch/elephant/n02503517_1292-6.png,sketch,1,elephant,6,person,0.5000563263893127
sketch/elephant/n02503517_1292-7.png,sketch,1,elephant,1,elephant,0.6762425303459167
sketch/elephant/n02503517_1359-1.png,sketch,1,elephant,6,person,0.7340075969696045
sketch/elephant/n02503517_1359-2.png,sketch,1,elephant,6,person,0.8750780820846558
sketch/elephant/n02503517_1359-3.png,sketch,1,elephant,1,elephant,0.9430124759674072
sketch/elephant/n02503517_1359-4.png,sketch,1,elephant,6,person,0.9863184690475464
sketch/elephant/n02503517_1359-5.png,sketch,1,elephant,6,person,0.5863669514656067
sketch/elephant/n02503517_1359-6.png,sketch,1,elephant,1,elephant,0.9875434637069702
sketch/elephant/n02503517_1383-1.png,sketch,1,elephant,1,elephant,0.9914344549179077
sketch/elephant/n02503517_1383-2.png,sketch,1,elephant,1,elephant,0.6379786729812622
sketch/elephant/n02503517_1383-3.png,sketch,1,elephant,1,elephant,0.5776715874671936
sketch/elephant/n02503517_1383-4.png,sketch,1,elephant,1,elephant,0.9921823143959045
sketch/elephant/n02503517_1383-5.png,sketch,1,elephant,1,elephant,0.9957246780395508
sketch/elephant/n02503517_1383-6.png,sketch,1,elephant,6,person,0.48112159967422485
sketch/elephant/n02503517_1415-1.png,sketch,1,elephant,1,elephant,0.9727120995521545
sketch/elephant/n02503517_1415-2.png,sketch,1,elephant,1,elephant,0.9890276193618774
sketch/elephant/n02503517_1415-3.png,sketch,1,elephant,6,person,0.9466490149497986
sketch/elephant/n02503517_1415-4.png,sketch,1,elephant,1,elephant,0.9481878280639648
sketch/elephant/n02503517_1415-5.png,sketch,1,elephant,1,elephant,0.9970069527626038
sketch/elephant/n02503517_1453-1.png,sketch,1,elephant,6,person,0.895548403263092
sketch/elephant/n02503517_1453-2.png,sketch,1,elephant,6,person,0.6493181586265564
sketch/elephant/n02503517_1453-3.png,sketch,1,elephant,1,elephant,0.6090685129165649
sketch/elephant/n02503517_1453-4.png,sketch,1,elephant,6,person,0.8663758635520935
sketch/elephant/n02503517_1453-5.png,sketch,1,elephant,0,dog,0.7613741755485535
sketch/elephant/n02503517_1453-6.png,sketch,1,elephant,2,giraffe,0.9374544024467468
sketch/elephant/n02503517_1583-1.png,sketch,1,elephant,1,elephant,0.9856136441230774
sketch/elephant/n02503517_1583-2.png,sketch,1,elephant,1,elephant,0.8865544199943542
sketch/elephant/n02503517_1583-3.png,sketch,1,elephant,1,elephant,0.915058970451355
sketch/elephant/n02503517_1583-4.png,sketch,1,elephant,1,elephant,0.9915441274642944
sketch/elephant/n02503517_1583-5.png,sketch,1,elephant,1,elephant,0.9427095651626587
sketch/elephant/n02503517_1583-6.png,sketch,1,elephant,1,elephant,0.9592214226722717
sketch/elephant/n02503517_1829-1.png,sketch,1,elephant,6,person,0.6355257630348206
sketch/elephant/n02503517_1829-2.png,sketch,1,elephant,1,elephant,0.6800090074539185
sketch/elephant/n02503517_1829-3.png,sketch,1,elephant,6,person,0.8730525970458984
sketch/elephant/n02503517_1829-4.png,sketch,1,elephant,0,dog,0.7599518299102783
sketch/elephant/n02503517_1829-5.png,sketch,1,elephant,6,person,0.9707494378089905
sketch/elephant/n02503517_184-1.png,sketch,1,elephant,6,person,0.6865867376327515
sketch/elephant/n02503517_184-2.png,sketch,1,elephant,6,person,0.44195669889450073
sketch/elephant/n02503517_184-3.png,sketch,1,elephant,6,person,0.9697420597076416
sketch/elephant/n02503517_184-4.png,sketch,1,elephant,1,elephant,0.9813299775123596
sketch/elephant/n02503517_184-5.png,sketch,1,elephant,1,elephant,0.8747724890708923
sketch/elephant/n02503517_184-6.png,sketch,1,elephant,6,person,0.9616244435310364
sketch/elephant/n02503517_184-7.png,sketch,1,elephant,6,person,0.5351870059967041
sketch/elephant/n02503517_184-8.png,sketch,1,elephant,1,elephant,0.43594875931739807
sketch/elephant/n02503517_184-9.png,sketch,1,elephant,6,person,0.9950377345085144
sketch/elephant/n02503517_1852-1.png,sketch,1,elephant,6,person,0.9356094598770142
sketch/elephant/n02503517_1852-2.png,sketch,1,elephant,6,person,0.9971057772636414
sketch/elephant/n02503517_1852-3.png,sketch,1,elephant,6,person,0.7729051113128662
sketch/elephant/n02503517_1852-4.png,sketch,1,elephant,6,person,0.5424208641052246
sketch/elephant/n02503517_1852-5.png,sketch,1,elephant,6,person,0.999505877494812
sketch/elephant/n02503517_194-1.png,sketch,1,elephant,0,dog,0.4635513126850128
sketch/elephant/n02503517_194-2.png,sketch,1,elephant,0,dog,0.6261048913002014
sketch/elephant/n02503517_194-3.png,sketch,1,elephant,0,dog,0.6855713129043579
sketch/elephant/n02503517_194-4.png,sketch,1,elephant,6,person,0.724981963634491
sketch/elephant/n02503517_194-5.png,sketch,1,elephant,1,elephant,0.9316713809967041
sketch/elephant/n02503517_194-6.png,sketch,1,elephant,1,elephant,0.5173026919364929
sketch/elephant/n02503517_1963-1.png,sketch,1,elephant,1,elephant,0.999510645866394
sketch/elephant/n02503517_1963-2.png,sketch,1,elephant,1,elephant,0.9985755681991577
sketch/elephant/n02503517_1963-3.png,sketch,1,elephant,1,elephant,0.9384767413139343
sketch/elephant/n02503517_1963-4.png,sketch,1,elephant,6,person,0.7406740784645081
sketch/elephant/n02503517_1963-5.png,sketch,1,elephant,1,elephant,0.9613425731658936
sketch/elephant/n02503517_1984-1.png,sketch,1,elephant,6,person,0.6523856520652771
sketch/elephant/n02503517_1984-2.png,sketch,1,elephant,1,elephant,0.8162078261375427
sketch/elephant/n02503517_1984-3.png,sketch,1,elephant,1,elephant,0.8956456184387207
sketch/elephant/n02503517_1984-4.png,sketch,1,elephant,1,elephant,0.48671844601631165
sketch/elephant/n02503517_1984-5.png,sketch,1,elephant,1,elephant,0.8438130617141724
sketch/elephant/n02503517_2061-1.png,sketch,1,elephant,6,person,0.6761540174484253
sketch/elephant/n02503517_2061-2.png,sketch,1,elephant,6,person,0.8971585035324097
sketch/elephant/n02503517_2061-3.png,sketch,1,elephant,1,elephant,0.9838119149208069
sketch/elephant/n02503517_2061-4.png,sketch,1,elephant,1,elephant,0.46724945306777954
sketch/elephant/n02503517_2061-5.png,sketch,1,elephant,1,elephant,0.8844949007034302
sketch/elephant/n02503517_2444-1.png,sketch,1,elephant,1,elephant,0.5635388493537903
sketch/elephant/n02503517_2444-2.png,sketch,1,elephant,6,person,0.40141186118125916
sketch/elephant/n02503517_2444-3.png,sketch,1,elephant,6,person,0.7168503999710083
sketch/elephant/n02503517_2444-4.png,sketch,1,elephant,1,elephant,0.6862039566040039
sketch/elephant/n02503517_2444-5.png,sketch,1,elephant,1,elephant,0.9495559334754944
sketch/elephant/n02503517_2547-1.png,sketch,1,elephant,1,elephant,0.8856493830680847
sketch/elephant/n02503517_2547-10.png,sketch,1,elephant,1,elephant,0.5018455982208252
sketch/elephant/n02503517_2547-2.png,sketch,1,elephant,1,elephant,0.9572786688804626
sketch/elephant/n02503517_2547-3.png,sketch,1,elephant,1,elephant,0.8412413597106934
sketch/elephant/n02503517_2547-4.png,sketch,1,elephant,1,elephant,0.8496993780136108
sketch/elephant/n02503517_2547-5.png,sketch,1,elephant,2,giraffe,0.47216978669166565
sketch/elephant/n02503517_2547-6.png,sketch,1,elephant,1,elephant,0.8978987336158752
sketch/elephant/n02503517_2547-7.png,sketch,1,elephant,6,person,0.9804891347885132
sketch/elephant/n02503517_2547-8.png,sketch,1,elephant,1,elephant,0.5630603432655334
sketch/elephant/n02503517_2547-9.png,sketch,1,elephant,1,elephant,0.93553227186203
sketch/elephant/n02503517_2802-1.png,sketch,1,elephant,1,elephant,0.9971965551376343
sketch/elephant/n02503517_2802-2.png,sketch,1,elephant,1,elephant,0.9221015572547913
sketch/elephant/n02503517_2802-3.png,sketch,1,elephant,1,elephant,0.3609609603881836
sketch/elephant/n02503517_2802-4.png,sketch,1,elephant,1,elephant,0.9995997548103333
sketch/elephant/n02503517_2802-5.png,sketch,1,elephant,1,elephant,0.9971948862075806
sketch/elephant/n02503517_2802-6.png,sketch,1,elephant,6,person,0.8817828297615051
sketch/elephant/n02503517_2804-1.png,sketch,1,elephant,1,elephant,0.8638430833816528
sketch/elephant/n02503517_2804-2.png,sketch,1,elephant,6,person,0.5917061567306519
sketch/elephant/n02503517_2804-3.png,sketch,1,elephant,6,person,0.9124060869216919
sketch/elephant/n02503517_2804-4.png,sketch,1,elephant,1,elephant,0.7625649571418762
sketch/elephant/n02503517_2804-5.png,sketch,1,elephant,1,elephant,0.39665526151657104
sketch/elephant/n02503517_2925-1.png,sketch,1,elephant,1,elephant,0.8775492906570435
sketch/elephant/n02503517_2925-10.png,sketch,1,elephant,6,person,0.8433528542518616
sketch/elephant/n02503517_2925-2.png,sketch,1,elephant,6,person,0.7518894672393799
sketch/elephant/n02503517_2925-3.png,sketch,1,elephant,6,person,0.402519553899765
sketch/elephant/n02503517_2925-4.png,sketch,1,elephant,1,elephant,0.6589211821556091
sketch/elephant/n02503517_2925-5.png,sketch,1,elephant,1,elephant,0.9987443685531616
sketch/elephant/n02503517_2925-6.png,sketch,1,elephant,1,elephant,0.9770796895027161
sketch/elephant/n02503517_2925-7.png,sketch,1,elephant,1,elephant,0.522406816482544
sketch/elephant/n02503517_2925-8.png,sketch,1,elephant,1,elephant,0.9989830851554871
sketch/elephant/n02503517_2925-9.png,sketch,1,elephant,1,elephant,0.5886138677597046
sketch/elephant/n02503517_2993-1.png,sketch,1,elephant,6,person,0.9701228737831116
sketch/elephant/n02503517_2993-10.png,sketch,1,elephant,1,elephant,0.47243207693099976
sketch/elephant/n02503517_2993-2.png,sketch,1,elephant,6,person,0.8237690925598145
sketch/elephant/n02503517_2993-3.png,sketch,1,elephant,1,elephant,0.8221340179443359
sketch/elephant/n02503517_2993-4.png,sketch,1,elephant,6,person,0.5443803071975708
sketch/elephant/n02503517_2993-5.png,sketch,1,elephant,6,person,0.9989014863967896
sketch/elephant/n02503517_2993-6.png,sketch,1,elephant,6,person,0.9983491897583008
sketch/elephant/n02503517_2993-7.png,sketch,1,elephant,6,person,0.7776234745979309
sketch/elephant/n02503517_2993-8.png,sketch,1,elephant,6,person,0.9967017769813538
sketch/elephant/n02503517_2993-9.png,sketch,1,elephant,6,person,0.9980545043945312
sketch/elephant/n02503517_3037-1.png,sketch,1,elephant,1,elephant,0.7592480182647705
sketch/elephant/n02503517_3037-2.png,sketch,1,elephant,1,elephant,0.7433303594589233
sketch/elephant/n02503517_3037-3.png,sketch,1,elephant,6,person,0.43231308460235596
sketch/elephant/n02503517_3037-4.png,sketch,1,elephant,1,elephant,0.4642115831375122
sketch/elephant/n02503517_3037-5.png,sketch,1,elephant,1,elephant,0.814911425113678
sketch/elephant/n02503517_3037-6.png,sketch,1,elephant,6,person,0.5203344821929932
sketch/elephant/n02503517_3037-7.png,sketch,1,elephant,1,elephant,0.8644773364067078
sketch/elephant/n02503517_3037-8.png,sketch,1,elephant,6,person,0.830933690071106
sketch/elephant/n02503517_3072-1.png,sketch,1,elephant,6,person,0.9002039432525635
sketch/elephant/n02503517_3072-2.png,sketch,1,elephant,1,elephant,0.9859582781791687
sketch/elephant/n02503517_3072-3.png,sketch,1,elephant,0,dog,0.36661407351493835
sketch/elephant/n02503517_3072-4.png,sketch,1,elephant,6,person,0.49195829033851624
sketch/elephant/n02503517_3072-5.png,sketch,1,elephant,6,person,0.9946711659431458
sketch/elephant/n02503517_3072-6.png,sketch,1,elephant,1,elephant,0.9871426820755005
sketch/elephant/n02503517_3108-1.png,sketch,1,elephant,0,dog,0.37228095531463623
sketch/elephant/n02503517_3108-2.png,sketch,1,elephant,1,elephant,0.9975800514221191
sketch/elephant/n02503517_3108-3.png,sketch,1,elephant,1,elephant,0.9762659072875977
sketch/elephant/n02503517_3108-4.png,sketch,1,elephant,6,person,0.8683029413223267
sketch/elephant/n02503517_3108-5.png,sketch,1,elephant,1,elephant,0.9978876709938049
sketch/elephant/n02503517_3108-6.png,sketch,1,elephant,6,person,0.9745392799377441
sketch/elephant/n02503517_3108-7.png,sketch,1,elephant,1,elephant,0.830394983291626
sketch/elephant/n02503517_3108-8.png,sketch,1,elephant,6,person,0.9967947602272034
sketch/elephant/n02503517_3108-9.png,sketch,1,elephant,6,person,0.6846240758895874
sketch/elephant/n02503517_311-1.png,sketch,1,elephant,1,elephant,0.7092030048370361
sketch/elephant/n02503517_311-2.png,sketch,1,elephant,1,elephant,0.981270968914032
sketch/elephant/n02503517_311-3.png,sketch,1,elephant,1,elephant,0.9767516851425171
sketch/elephant/n02503517_311-4.png,sketch,1,elephant,1,elephant,0.9318984746932983
sketch/elephant/n02503517_311-5.png,sketch,1,elephant,1,elephant,0.9324278831481934
sketch/elephant/n02503517_311-6.png,sketch,1,elephant,1,elephant,0.9018746018409729
sketch/elephant/n02503517_3799-1.png,sketch,1,elephant,6,person,0.9910776615142822
sketch/elephant/n02503517_3799-2.png,sketch,1,elephant,6,person,0.45328396558761597
sketch/elephant/n02503517_3799-3.png,sketch,1,elephant,6,person,0.5737153887748718
sketch/elephant/n02503517_3799-4.png,sketch,1,elephant,6,person,0.7677512764930725
sketch/elephant/n02503517_3799-5.png,sketch,1,elephant,6,person,0.8910933136940002
sketch/elephant/n02503517_3803-1.png,sketch,1,elephant,1,elephant,0.8850327730178833
sketch/elephant/n02503517_3803-2.png,sketch,1,elephant,6,person,0.6338638663291931
sketch/elephant/n02503517_3803-3.png,sketch,1,elephant,1,elephant,0.6520352363586426
sketch/elephant/n02503517_3803-4.png,sketch,1,elephant,6,person,0.9716166853904724
sketch/elephant/n02503517_3803-5.png,sketch,1,elephant,1,elephant,0.5555809736251831
sketch/elephant/n02503517_3803-6.png,sketch,1,elephant,1,elephant,0.8081704378128052
sketch/elephant/n02503517_3808-1.png,sketch,1,elephant,0,dog,0.8004381060600281
sketch/elephant/n02503517_3808-10.png,sketch,1,elephant,1,elephant,0.9907631278038025
sketch/elephant/n02503517_3808-2.png,sketch,1,elephant,6,person,0.9469606280326843
sketch/elephant/n02503517_3808-3.png,sketch,1,elephant,1,elephant,0.9930176734924316
sketch/elephant/n02503517_3808-4.png,sketch,1,elephant,0,dog,0.6192514896392822
sketch/elephant/n02503517_3808-5.png,sketch,1,elephant,6,person,0.5542203783988953
sketch/elephant/n02503517_3808-6.png,sketch,1,elephant,1,elephant,0.7125402092933655
sketch/elephant/n02503517_3808-7.png,sketch,1,elephant,6,person,0.9576114416122437
sketch/elephant/n02503517_3808-8.png,sketch,1,elephant,1,elephant,0.9987803101539612
sketch/elephant/n02503517_3808-9.png,sketch,1,elephant,6,person,0.5788858532905579
sketch/elephant/n02503517_3879-1.png,sketch,1,elephant,1,elephant,0.9634741544723511
sketch/elephant/n02503517_3879-2.png,sketch,1,elephant,0,dog,0.7322737574577332
sketch/elephant/n02503517_3879-3.png,sketch,1,elephant,1,elephant,0.43973687291145325
sketch/elephant/n02503517_3879-4.png,sketch,1,elephant,1,elephant,0.5466652512550354
sketch/elephant/n02503517_3879-5.png,sketch,1,elephant,0,dog,0.7201542258262634
sketch/elephant/n02503517_3879-6.png,sketch,1,elephant,1,elephant,0.8602340817451477
sketch/elephant/n02503517_3879-7.png,sketch,1,elephant,1,elephant,0.7229644656181335
sketch/elephant/n02503517_4221-1.png,sketch,1,elephant,6,person,0.9934459328651428
sketch/elephant/n02503517_4221-2.png,sketch,1,elephant,1,elephant,0.9991812109947205
sketch/elephant/n02503517_4221-3.png,sketch,1,elephant,1,elephant,0.9989560842514038
sketch/elephant/n02503517_4221-4.png,sketch,1,elephant,1,elephant,0.952272355556488
sketch/elephant/n02503517_4221-5.png,sketch,1,elephant,1,elephant,0.46646448969841003
sketch/elephant/n02503517_4221-6.png,sketch,1,elephant,6,person,0.7034927010536194
sketch/elephant/n02503517_4221-7.png,sketch,1,elephant,1,elephant,0.9946017265319824
sketch/elephant/n02503517_4247-1.png,sketch,1,elephant,6,person,0.9409295320510864
sketch/elephant/n02503517_4247-10.png,sketch,1,elephant,6,person,0.9569754004478455
sketch/elephant/n02503517_4247-2.png,sketch,1,elephant,1,elephant,0.9840589761734009
sketch/elephant/n02503517_4247-3.png,sketch,1,elephant,6,person,0.9532081484794617
sketch/elephant/n02503517_4247-4.png,sketch,1,elephant,6,person,0.6907526254653931
sketch/elephant/n02503517_4247-5.png,sketch,1,elephant,6,person,0.5771079659461975
sketch/elephant/n02503517_4247-6.png,sketch,1,elephant,6,person,0.679391086101532
sketch/elephant/n02503517_4247-7.png,sketch,1,elephant,0,dog,0.8038643002510071
sketch/elephant/n02503517_4247-8.png,sketch,1,elephant,0,dog,0.4147545099258423
sketch/elephant/n02503517_4247-9.png,sketch,1,elephant,6,person,0.5303603410720825
sketch/elephant/n02503517_4253-1.png,sketch,1,elephant,1,elephant,0.9974602460861206
sketch/elephant/n02503517_4253-2.png,sketch,1,elephant,1,elephant,0.9974464178085327
sketch/elephant/n02503517_4253-3.png,sketch,1,elephant,6,person,0.9955620765686035
sketch/elephant/n02503517_4253-4.png,sketch,1,elephant,1,elephant,0.9611549973487854
sketch/elephant/n02503517_4253-5.png,sketch,1,elephant,1,elephant,0.9982450008392334
sketch/elephant/n02503517_4413-1.png,sketch,1,elephant,1,elephant,0.8293267488479614
sketch/elephant/n02503517_4413-10.png,sketch,1,elephant,1,elephant,0.5989954471588135
sketch/elephant/n02503517_4413-2.png,sketch,1,elephant,1,elephant,0.8882799744606018
sketch/elephant/n02503517_4413-3.png,sketch,1,elephant,6,person,0.8398888111114502
sketch/elephant/n02503517_4413-4.png,sketch,1,elephant,1,elephant,0.8699288368225098
sketch/elephant/n02503517_4413-5.png,sketch,1,elephant,1,elephant,0.9978127479553223
sketch/elephant/n02503517_4413-6.png,sketch,1,elephant,0,dog,0.8468227386474609
sketch/elephant/n02503517_4413-7.png,sketch,1,elephant,1,elephant,0.5733322501182556
sketch/elephant/n02503517_4413-8.png,sketch,1,elephant,6,person,0.5153342485427856
sketch/elephant/n02503517_4413-9.png,sketch,1,elephant,1,elephant,0.6369985342025757
sketch/elephant/n02503517_4605-1.png,sketch,1,elephant,6,person,0.7410366535186768
sketch/elephant/n02503517_4605-2.png,sketch,1,elephant,6,person,0.73968905210495
sketch/elephant/n02503517_4605-3.png,sketch,1,elephant,1,elephant,0.9432694315910339
sketch/elephant/n02503517_4605-4.png,sketch,1,elephant,1,elephant,0.9270402193069458
sketch/elephant/n02503517_4605-5.png,sketch,1,elephant,1,elephant,0.9455322623252869
sketch/elephant/n02503517_4687-1.png,sketch,1,elephant,1,elephant,0.8130831122398376
sketch/elephant/n02503517_4687-2.png,sketch,1,elephant,1,elephant,0.5003982186317444
sketch/elephant/n02503517_4687-3.png,sketch,1,elephant,1,elephant,0.42862868309020996
sketch/elephant/n02503517_4687-4.png,sketch,1,elephant,1,elephant,0.6755654811859131
sketch/elephant/n02503517_4687-5.png,sketch,1,elephant,0,dog,0.7662578821182251
sketch/elephant/n02503517_4687-6.png,sketch,1,elephant,2,giraffe,0.45421022176742554
sketch/elephant/n02503517_5117-1.png,sketch,1,elephant,6,person,0.47565242648124695
sketch/elephant/n02503517_5117-2.png,sketch,1,elephant,6,person,0.7920902371406555
sketch/elephant/n02503517_5117-3.png,sketch,1,elephant,0,dog,0.5120421051979065
sketch/elephant/n02503517_5117-4.png,sketch,1,elephant,0,dog,0.4970357120037079
sketch/elephant/n02503517_5117-5.png,sketch,1,elephant,1,elephant,0.7609208822250366
sketch/elephant/n02503517_5117-6.png,sketch,1,elephant,1,elephant,0.6014638543128967
sketch/elephant/n02503517_5267-1.png,sketch,1,elephant,1,elephant,0.9802685379981995
sketch/elephant/n02503517_5267-2.png,sketch,1,elephant,4,horse,0.7750574946403503
sketch/elephant/n02503517_5267-3.png,sketch,1,elephant,1,elephant,0.9358798861503601
sketch/elephant/n02503517_5267-4.png,sketch,1,elephant,1,elephant,0.8777382969856262
sketch/elephant/n02503517_5267-5.png,sketch,1,elephant,1,elephant,0.519505500793457
sketch/elephant/n02503517_5267-6.png,sketch,1,elephant,1,elephant,0.6852525472640991
sketch/elephant/n02503517_5267-7.png,sketch,1,elephant,1,elephant,0.6048252582550049
sketch/elephant/n02503517_5287-1.png,sketch,1,elephant,1,elephant,0.9940686225891113
sketch/elephant/n02503517_5287-2.png,sketch,1,elephant,1,elephant,0.701636791229248
sketch/elephant/n02503517_5287-3.png,sketch,1,elephant,6,person,0.4713563919067383
sketch/elephant/n02503517_5287-4.png,sketch,1,elephant,1,elephant,0.5336461067199707
sketch/elephant/n02503517_5287-5.png,sketch,1,elephant,1,elephant,0.7863104939460754
sketch/elephant/n02503517_5418-1.png,sketch,1,elephant,1,elephant,0.8546397686004639
sketch/elephant/n02503517_5418-10.png,sketch,1,elephant,1,elephant,0.6155306696891785
sketch/elephant/n02503517_5418-2.png,sketch,1,elephant,1,elephant,0.7127391695976257
sketch/elephant/n02503517_5418-3.png,sketch,1,elephant,1,elephant,0.6321420073509216
sketch/elephant/n02503517_5418-4.png,sketch,1,elephant,1,elephant,0.91745924949646
sketch/elephant/n02503517_5418-5.png,sketch,1,elephant,1,elephant,0.9923269152641296
sketch/elephant/n02503517_5418-6.png,sketch,1,elephant,1,elephant,0.9993287324905396
sketch/elephant/n02503517_5418-7.png,sketch,1,elephant,1,elephant,0.9918994903564453
sketch/elephant/n02503517_5418-8.png,sketch,1,elephant,1,elephant,0.8692134022712708
sketch/elephant/n02503517_5418-9.png,sketch,1,elephant,1,elephant,0.5916653871536255
sketch/elephant/n02503517_5420-1.png,sketch,1,elephant,6,person,0.9540308117866516
sketch/elephant/n02503517_5420-2.png,sketch,1,elephant,1,elephant,0.9895366430282593
sketch/elephant/n02503517_5420-3.png,sketch,1,elephant,1,elephant,0.9805518388748169
sketch/elephant/n02503517_5420-4.png,sketch,1,elephant,1,elephant,0.5751253962516785
sketch/elephant/n02503517_5420-5.png,sketch,1,elephant,1,elephant,0.9772201180458069
sketch/elephant/n02503517_5420-6.png,sketch,1,elephant,1,elephant,0.6668448448181152
sketch/elephant/n02503517_5420-7.png,sketch,1,elephant,6,person,0.6682007908821106
sketch/elephant/n02503517_5527-1.png,sketch,1,elephant,1,elephant,0.6922842860221863
sketch/elephant/n02503517_5527-2.png,sketch,1,elephant,1,elephant,0.8226352334022522
sketch/elephant/n02503517_5527-3.png,sketch,1,elephant,0,dog,0.6820048689842224
sketch/elephant/n02503517_5527-4.png,sketch,1,elephant,1,elephant,0.999122679233551
sketch/elephant/n02503517_5527-5.png,sketch,1,elephant,1,elephant,0.7309109568595886
sketch/elephant/n02503517_5527-6.png,sketch,1,elephant,1,elephant,0.9927599430084229
sketch/elephant/n02503517_564-1.png,sketch,1,elephant,6,person,0.9962828755378723
sketch/elephant/n02503517_564-2.png,sketch,1,elephant,6,person,0.9493745565414429
sketch/elephant/n02503517_564-3.png,sketch,1,elephant,6,person,0.4687860608100891
sketch/elephant/n02503517_564-4.png,sketch,1,elephant,6,person,0.6968133449554443
sketch/elephant/n02503517_564-5.png,sketch,1,elephant,6,person,0.9981155395507812
sketch/elephant/n02503517_5892-1.png,sketch,1,elephant,6,person,0.8675898313522339
sketch/elephant/n02503517_5892-2.png,sketch,1,elephant,6,person,0.5481311082839966
sketch/elephant/n02503517_5892-3.png,sketch,1,elephant,1,elephant,0.5793216228485107
sketch/elephant/n02503517_5892-4.png,sketch,1,elephant,1,elephant,0.5768974423408508
sketch/elephant/n02503517_5892-5.png,sketch,1,elephant,1,elephant,0.4578753411769867
sketch/elephant/n02503517_5892-6.png,sketch,1,elephant,1,elephant,0.6180917024612427
sketch/elephant/n02503517_5892-7.png,sketch,1,elephant,6,person,0.8855977058410645
sketch/elephant/n02503517_5905-10.png,sketch,1,elephant,6,person,0.8316366076469421
sketch/elephant/n02503517_5905-11.png,sketch,1,elephant,6,person,0.9576368927955627
sketch/elephant/n02503517_5905-2.png,sketch,1,elephant,1,elephant,0.42242002487182617
sketch/elephant/n02503517_5905-3.png,sketch,1,elephant,1,elephant,0.7975819706916809
sketch/elephant/n02503517_5905-4.png,sketch,1,elephant,6,person,0.6444224119186401
sketch/elephant/n02503517_5905-5.png,sketch,1,elephant,1,elephant,0.6866868734359741
sketch/elephant/n02503517_5905-6.png,sketch,1,elephant,6,person,0.9359627962112427
sketch/elephant/n02503517_5905-7.png,sketch,1,elephant,6,person,0.9752604365348816
sketch/elephant/n02503517_5905-8.png,sketch,1,elephant,1,elephant,0.9414862990379333
sketch/elephant/n02503517_5905-9.png,sketch,1,elephant,6,person,0.9941039681434631
sketch/elephant/n02503517_5909-1.png,sketch,1,elephant,1,elephant,0.3728034198284149
sketch/elephant/n02503517_5909-2.png,sketch,1,elephant,1,elephant,0.996039628982544
sketch/elephant/n02503517_5909-3.png,sketch,1,elephant,6,person,0.9549883604049683
sketch/elephant/n02503517_5909-4.png,sketch,1,elephant,6,person,0.7425079345703125
sketch/elephant/n02503517_5909-5.png,sketch,1,elephant,6,person,0.8678008913993835
sketch/elephant/n02503517_6032-1.png,sketch,1,elephant,6,person,0.38025134801864624
sketch/elephant/n02503517_6032-2.png,sketch,1,elephant,1,elephant,0.531401515007019
sketch/elephant/n02503517_6032-3.png,sketch,1,elephant,0,dog,0.6139244437217712
sketch/elephant/n02503517_6032-4.png,sketch,1,elephant,1,elephant,0.9233554005622864
sketch/elephant/n02503517_6032-5.png,sketch,1,elephant,0,dog,0.5075984001159668
sketch/elephant/n02503517_6032-6.png,sketch,1,elephant,0,dog,0.6143491268157959
sketch/elephant/n02503517_6043-1.png,sketch,1,elephant,6,person,0.9897933006286621
sketch/elephant/n02503517_6043-2.png,sketch,1,elephant,6,person,0.9852263331413269
sketch/elephant/n02503517_6043-3.png,sketch,1,elephant,6,person,0.9397838115692139
sketch/elephant/n02503517_6043-4.png,sketch,1,elephant,6,person,0.8525104522705078
sketch/elephant/n02503517_6043-5.png,sketch,1,elephant,6,person,0.9545323848724365
sketch/elephant/n02503517_6043-6.png,sketch,1,elephant,6,person,0.9956562519073486
sketch/elephant/n02503517_6232-1.png,sketch,1,elephant,6,person,0.857029139995575
sketch/elephant/n02503517_6232-2.png,sketch,1,elephant,6,person,0.5965632200241089
sketch/elephant/n02503517_6232-3.png,sketch,1,elephant,1,elephant,0.7455872297286987
sketch/elephant/n02503517_6232-4.png,sketch,1,elephant,1,elephant,0.7047889232635498
sketch/elephant/n02503517_6232-5.png,sketch,1,elephant,6,person,0.7346281409263611
sketch/elephant/n02503517_6232-6.png,sketch,1,elephant,6,person,0.680344820022583
sketch/elephant/n02503517_6232-7.png,sketch,1,elephant,1,elephant,0.9216842651367188
sketch/elephant/n02503517_6396-1.png,sketch,1,elephant,6,person,0.9788915514945984
sketch/elephant/n02503517_6396-2.png,sketch,1,elephant,1,elephant,0.9715898633003235
sketch/elephant/n02503517_6396-3.png,sketch,1,elephant,1,elephant,0.9406015276908875
sketch/elephant/n02503517_6396-4.png,sketch,1,elephant,1,elephant,0.988756000995636
sketch/elephant/n02503517_6396-5.png,sketch,1,elephant,0,dog,0.4953303635120392
sketch/elephant/n02503517_6429-1.png,sketch,1,elephant,1,elephant,0.9788651466369629
sketch/elephant/n02503517_6429-2.png,sketch,1,elephant,1,elephant,0.8686464428901672
sketch/elephant/n02503517_6429-3.png,sketch,1,elephant,0,dog,0.5797308683395386
sketch/elephant/n02503517_6429-4.png,sketch,1,elephant,1,elephant,0.8941138982772827
sketch/elephant/n02503517_6429-5.png,sketch,1,elephant,1,elephant,0.5033791661262512
sketch/elephant/n02503517_6479-1.png,sketch,1,elephant,6,person,0.8185483813285828
sketch/elephant/n02503517_6479-2.png,sketch,1,elephant,1,elephant,0.8564745187759399
sketch/elephant/n02503517_6479-3.png,sketch,1,elephant,1,elephant,0.9666445255279541
sketch/elephant/n02503517_6479-4.png,sketch,1,elephant,0,dog,0.5548083186149597
sketch/elephant/n02503517_6479-5.png,sketch,1,elephant,1,elephant,0.7389921545982361
sketch/elephant/n02503517_6479-6.png,sketch,1,elephant,1,elephant,0.652927815914154
sketch/elephant/n02503517_6479-7.png,sketch,1,elephant,6,person,0.9812055826187134
sketch/elephant/n02503517_6479-8.png,sketch,1,elephant,6,person,0.9688200950622559
sketch/elephant/n02503517_6511-1.png,sketch,1,elephant,1,elephant,0.6232003569602966
sketch/elephant/n02503517_6511-2.png,sketch,1,elephant,6,person,0.9994650483131409
sketch/elephant/n02503517_6511-3.png,sketch,1,elephant,1,elephant,0.9307411313056946
sketch/elephant/n02503517_6511-4.png,sketch,1,elephant,1,elephant,0.9813001751899719
sketch/elephant/n02503517_6511-5.png,sketch,1,elephant,6,person,0.9928516745567322
sketch/elephant/n02503517_6611-1.png,sketch,1,elephant,6,person,0.5630180835723877
sketch/elephant/n02503517_6611-10.png,sketch,1,elephant,1,elephant,0.8261711597442627
sketch/elephant/n02503517_6611-2.png,sketch,1,elephant,1,elephant,0.9883843660354614
sketch/elephant/n02503517_6611-3.png,sketch,1,elephant,6,person,0.942989706993103
sketch/elephant/n02503517_6611-4.png,sketch,1,elephant,6,person,0.7046532034873962
sketch/elephant/n02503517_6611-5.png,sketch,1,elephant,0,dog,0.5715460777282715
sketch/elephant/n02503517_6611-6.png,sketch,1,elephant,1,elephant,0.8307899236679077
sketch/elephant/n02503517_6611-7.png,sketch,1,elephant,6,person,0.999980092048645
sketch/elephant/n02503517_6611-8.png,sketch,1,elephant,6,person,0.9681931138038635
sketch/elephant/n02503517_6611-9.png,sketch,1,elephant,6,person,0.9958232641220093
sketch/elephant/n02503517_6613-1.png,sketch,1,elephant,1,elephant,0.4227306544780731
sketch/elephant/n02503517_6613-2.png,sketch,1,elephant,1,elephant,0.9518347382545471
sketch/elephant/n02503517_6613-3.png,sketch,1,elephant,1,elephant,0.9912047982215881
sketch/elephant/n02503517_6613-4.png,sketch,1,elephant,1,elephant,0.9877440333366394
sketch/elephant/n02503517_6613-5.png,sketch,1,elephant,1,elephant,0.972886860370636
sketch/elephant/n02503517_6624-1.png,sketch,1,elephant,1,elephant,0.9929138422012329
sketch/elephant/n02503517_6624-2.png,sketch,1,elephant,1,elephant,0.9459801912307739
sketch/elephant/n02503517_6624-3.png,sketch,1,elephant,1,elephant,0.6864898204803467
sketch/elephant/n02503517_6624-4.png,sketch,1,elephant,6,person,0.6357326507568359
sketch/elephant/n02503517_6624-5.png,sketch,1,elephant,0,dog,0.5000699758529663
sketch/elephant/n02503517_6624-6.png,sketch,1,elephant,6,person,0.9917795062065125
sketch/elephant/n02503517_6661-1.png,sketch,1,elephant,6,person,0.3914569318294525
sketch/elephant/n02503517_6661-2.png,sketch,1,elephant,1,elephant,0.8993496298789978
sketch/elephant/n02503517_6661-3.png,sketch,1,elephant,1,elephant,0.9736711382865906
sketch/elephant/n02503517_6661-4.png,sketch,1,elephant,6,person,0.9097016453742981
sketch/elephant/n02503517_6661-5.png,sketch,1,elephant,6,person,0.4629940688610077
sketch/elephant/n02503517_6784-1.png,sketch,1,elephant,1,elephant,0.6686758399009705
sketch/elephant/n02503517_6784-2.png,sketch,1,elephant,6,person,0.9933686852455139
sketch/elephant/n02503517_6784-3.png,sketch,1,elephant,1,elephant,0.523876428604126
sketch/elephant/n02503517_6784-4.png,sketch,1,elephant,0,dog,0.5371981263160706
sketch/elephant/n02503517_6784-5.png,sketch,1,elephant,6,person,0.973563551902771
sketch/elephant/n02503517_6880-1.png,sketch,1,elephant,1,elephant,0.9585232138633728
sketch/elephant/n02503517_6880-2.png,sketch,1,elephant,1,elephant,0.9618266820907593
sketch/elephant/n02503517_6880-3.png,sketch,1,elephant,6,person,0.8914821147918701
sketch/elephant/n02503517_6880-4.png,sketch,1,elephant,1,elephant,0.8304269909858704
sketch/elephant/n02503517_6880-5.png,sketch,1,elephant,1,elephant,0.8681710362434387
sketch/elephant/n02503517_6937-1.png,sketch,1,elephant,6,person,0.9676668643951416
sketch/elephant/n02503517_6937-2.png,sketch,1,elephant,6,person,0.9305980205535889
sketch/elephant/n02503517_6937-3.png,sketch,1,elephant,6,person,0.995676577091217
sketch/elephant/n02503517_6937-4.png,sketch,1,elephant,6,person,0.9987354874610901
sketch/elephant/n02503517_6937-5.png,sketch,1,elephant,6,person,0.9971277117729187
sketch/elephant/n02503517_6937-6.png,sketch,1,elephant,6,person,0.9635709524154663
sketch/elephant/n02503517_7020-1.png,sketch,1,elephant,1,elephant,0.8117083311080933
sketch/elephant/n02503517_7020-2.png,sketch,1,elephant,6,person,0.892614483833313
sketch/elephant/n02503517_7020-3.png,sketch,1,elephant,6,person,0.9814677834510803
sketch/elephant/n02503517_7020-4.png,sketch,1,elephant,6,person,0.9544286727905273
sketch/elephant/n02503517_7020-5.png,sketch,1,elephant,6,person,0.8926078677177429
sketch/elephant/n02503517_7020-6.png,sketch,1,elephant,0,dog,0.5948585271835327
sketch/elephant/n02503517_7031-1.png,sketch,1,elephant,0,dog,0.6641296148300171
sketch/elephant/n02503517_7031-10.png,sketch,1,elephant,1,elephant,0.815006673336029
sketch/elephant/n02503517_7031-2.png,sketch,1,elephant,6,person,0.8814396262168884
sketch/elephant/n02503517_7031-3.png,sketch,1,elephant,6,person,0.7691841721534729
sketch/elephant/n02503517_7031-4.png,sketch,1,elephant,1,elephant,0.9078349471092224
sketch/elephant/n02503517_7031-5.png,sketch,1,elephant,1,elephant,0.39196258783340454
sketch/elephant/n02503517_7031-6.png,sketch,1,elephant,1,elephant,0.8783289790153503
sketch/elephant/n02503517_7031-7.png,sketch,1,elephant,0,dog,0.8881741166114807
sketch/elephant/n02503517_7031-8.png,sketch,1,elephant,1,elephant,0.8968625068664551
sketch/elephant/n02503517_7031-9.png,sketch,1,elephant,6,person,0.9491948485374451
sketch/elephant/n02503517_7083-1.png,sketch,1,elephant,1,elephant,0.9916722178459167
sketch/elephant/n02503517_7083-2.png,sketch,1,elephant,1,elephant,0.8769339323043823
sketch/elephant/n02503517_7083-3.png,sketch,1,elephant,6,person,0.723955512046814
sketch/elephant/n02503517_7083-4.png,sketch,1,elephant,1,elephant,0.6024993062019348
sketch/elephant/n02503517_7083-5.png,sketch,1,elephant,1,elephant,0.9576711058616638
sketch/elephant/n02503517_7173-1.png,sketch,1,elephant,1,elephant,0.7772565484046936
sketch/elephant/n02503517_7173-2.png,sketch,1,elephant,6,person,0.44056111574172974
sketch/elephant/n02503517_7173-3.png,sketch,1,elephant,1,elephant,0.3750639259815216
sketch/elephant/n02503517_7173-4.png,sketch,1,elephant,6,person,0.9220605492591858
sketch/elephant/n02503517_7173-5.png,sketch,1,elephant,1,elephant,0.9055928587913513
sketch/elephant/n02503517_7211-1.png,sketch,1,elephant,6,person,0.5871210694313049
sketch/elephant/n02503517_7211-2.png,sketch,1,elephant,6,person,0.5441645383834839
sketch/elephant/n02503517_7211-3.png,sketch,1,elephant,1,elephant,0.986949622631073
sketch/elephant/n02503517_7211-4.png,sketch,1,elephant,1,elephant,0.9993466734886169
sketch/elephant/n02503517_7211-5.png,sketch,1,elephant,1,elephant,0.9633362889289856
sketch/elephant/n02503517_7393-1.png,sketch,1,elephant,1,elephant,0.47964444756507874
sketch/elephant/n02503517_7393-2.png,sketch,1,elephant,1,elephant,0.5125089883804321
sketch/elephant/n02503517_7393-3.png,sketch,1,elephant,1,elephant,0.8276968002319336
sketch/elephant/n02503517_7393-4.png,sketch,1,elephant,1,elephant,0.9471388459205627
sketch/elephant/n02503517_7393-5.png,sketch,1,elephant,1,elephant,0.7089858055114746
sketch/elephant/n02503517_7393-6.png,sketch,1,elephant,1,elephant,0.6332644820213318
sketch/elephant/n02503517_7393-7.png,sketch,1,elephant,1,elephant,0.6043424606323242
sketch/elephant/n02503517_753-1.png,sketch,1,elephant,6,person,0.7227681875228882
sketch/elephant/n02503517_753-2.png,sketch,1,elephant,6,person,0.9984784722328186
sketch/elephant/n02503517_753-3.png,sketch,1,elephant,6,person,0.9500454664230347
sketch/elephant/n02503517_753-4.png,sketch,1,elephant,6,person,0.9064950346946716
sketch/elephant/n02503517_753-5.png,sketch,1,elephant,6,person,0.4491247832775116
sketch/elephant/n02503517_753-6.png,sketch,1,elephant,0,dog,0.8113082051277161
sketch/elephant/n02503517_759-1.png,sketch,1,elephant,6,person,0.9368241429328918
sketch/elephant/n02503517_759-2.png,sketch,1,elephant,6,person,0.9286442399024963
sketch/elephant/n02503517_759-3.png,sketch,1,elephant,1,elephant,0.9846811294555664
sketch/elephant/n02503517_759-4.png,sketch,1,elephant,6,person,0.6200888752937317
sketch/elephant/n02503517_759-5.png,sketch,1,elephant,1,elephant,0.9929448962211609
sketch/elephant/n02503517_759-6.png,sketch,1,elephant,6,person,0.9811902046203613
sketch/elephant/n02503517_759-7.png,sketch,1,elephant,6,person,0.7585198879241943
sketch/elephant/n02503517_759-8.png,sketch,1,elephant,6,person,0.9554089307785034
sketch/elephant/n02503517_7592-1.png,sketch,1,elephant,0,dog,0.8416602611541748
sketch/elephant/n02503517_7592-2.png,sketch,1,elephant,6,person,0.9527145624160767
sketch/elephant/n02503517_7592-3.png,sketch,1,elephant,6,person,0.6350352168083191
sketch/elephant/n02503517_7592-4.png,sketch,1,elephant,1,elephant,0.9491672515869141
sketch/elephant/n02503517_7592-5.png,sketch,1,elephant,6,person,0.5208975672721863
sketch/elephant/n02503517_7592-6.png,sketch,1,elephant,1,elephant,0.8449037075042725
sketch/elephant/n02503517_7592-7.png,sketch,1,elephant,0,dog,0.6319636106491089
sketch/elephant/n02503517_7592-8.png,sketch,1,elephant,1,elephant,0.8834490180015564
sketch/elephant/n02503517_79-1.png,sketch,1,elephant,0,dog,0.6420978903770447
sketch/elephant/n02503517_79-2.png,sketch,1,elephant,1,elephant,0.9654359221458435
sketch/elephant/n02503517_79-3.png,sketch,1,elephant,1,elephant,0.8745720982551575
sketch/elephant/n02503517_79-4.png,sketch,1,elephant,1,elephant,0.6179918050765991
sketch/elephant/n02503517_79-5.png,sketch,1,elephant,1,elephant,0.9840690493583679
sketch/elephant/n02503517_792-1.png,sketch,1,elephant,6,person,0.8560683131217957
sketch/elephant/n02503517_792-2.png,sketch,1,elephant,6,person,0.9204195141792297
sketch/elephant/n02503517_792-3.png,sketch,1,elephant,6,person,0.9891017079353333
sketch/elephant/n02503517_792-4.png,sketch,1,elephant,1,elephant,0.7623717784881592
sketch/elephant/n02503517_792-5.png,sketch,1,elephant,6,person,0.9963397979736328
sketch/elephant/n02503517_8137-1.png,sketch,1,elephant,6,person,0.9657009840011597
sketch/elephant/n02503517_8137-2.png,sketch,1,elephant,6,person,0.9892734885215759
sketch/elephant/n02503517_8137-3.png,sketch,1,elephant,6,person,0.9569368362426758
sketch/elephant/n02503517_8137-4.png,sketch,1,elephant,1,elephant,0.9404550790786743
sketch/elephant/n02503517_8137-5.png,sketch,1,elephant,6,person,0.8777522444725037
sketch/elephant/n02503517_8205-1.png,sketch,1,elephant,6,person,0.9772747755050659
sketch/elephant/n02503517_8205-2.png,sketch,1,elephant,1,elephant,0.9774906635284424
sketch/elephant/n02503517_8205-3.png,sketch,1,elephant,1,elephant,0.9746317863464355
sketch/elephant/n02503517_8205-4.png,sketch,1,elephant,6,person,0.9669869542121887
sketch/elephant/n02503517_8205-5.png,sketch,1,elephant,6,person,0.6670466661453247
sketch/elephant/n02503517_8222-1.png,sketch,1,elephant,0,dog,0.7004377245903015
sketch/elephant/n02503517_8222-2.png,sketch,1,elephant,6,person,0.9981191754341125
sketch/elephant/n02503517_8222-3.png,sketch,1,elephant,6,person,0.981195330619812
sketch/elephant/n02503517_8222-4.png,sketch,1,elephant,1,elephant,0.9966475367546082
sketch/elephant/n02503517_8222-5.png,sketch,1,elephant,1,elephant,0.9896554946899414
sketch/elephant/n02503517_8265-1.png,sketch,1,elephant,6,person,0.6697395443916321
sketch/elephant/n02503517_8265-2.png,sketch,1,elephant,1,elephant,0.8022427558898926
sketch/elephant/n02503517_8265-3.png,sketch,1,elephant,6,person,0.8499234914779663
sketch/elephant/n02503517_8265-4.png,sketch,1,elephant,1,elephant,0.6680987477302551
sketch/elephant/n02503517_8265-5.png,sketch,1,elephant,1,elephant,0.9015964865684509
sketch/elephant/n02503517_8292-1.png,sketch,1,elephant,1,elephant,0.6587380766868591
sketch/elephant/n02503517_8292-2.png,sketch,1,elephant,1,elephant,0.9668729305267334
sketch/elephant/n02503517_8292-3.png,sketch,1,elephant,6,person,0.5854452848434448
sketch/elephant/n02503517_8292-4.png,sketch,1,elephant,1,elephant,0.8945236802101135
sketch/elephant/n02503517_8292-5.png,sketch,1,elephant,1,elephant,0.9961257576942444
sketch/elephant/n02503517_8292-6.png,sketch,1,elephant,1,elephant,0.9987319111824036
sketch/elephant/n02503517_8518-1.png,sketch,1,elephant,0,dog,0.44880878925323486
sketch/elephant/n02503517_8518-2.png,sketch,1,elephant,1,elephant,0.9629504680633545
sketch/elephant/n02503517_8518-3.png,sketch,1,elephant,6,person,0.9001420140266418
sketch/elephant/n02503517_8518-4.png,sketch,1,elephant,1,elephant,0.5231517553329468
sketch/elephant/n02503517_8518-5.png,sketch,1,elephant,6,person,0.6084859371185303
sketch/elephant/n02503517_8518-6.png,sketch,1,elephant,1,elephant,0.9727372527122498
sketch/elephant/n02503517_8571-1.png,sketch,1,elephant,1,elephant,0.42007961869239807
sketch/elephant/n02503517_8571-2.png,sketch,1,elephant,6,person,0.6665637493133545
sketch/elephant/n02503517_8571-3.png,sketch,1,elephant,6,person,0.7913119196891785
sketch/elephant/n02503517_8571-4.png,sketch,1,elephant,1,elephant,0.9955724477767944
sketch/elephant/n02503517_8571-5.png,sketch,1,elephant,6,person,0.4247439503669739
sketch/elephant/n02503517_8571-6.png,sketch,1,elephant,6,person,0.9972596168518066
sketch/elephant/n02503517_86-1.png,sketch,1,elephant,1,elephant,0.7900273203849792
sketch/elephant/n02503517_86-2.png,sketch,1,elephant,1,elephant,0.8804804086685181
sketch/elephant/n02503517_86-3.png,sketch,1,elephant,1,elephant,0.9865041971206665
sketch/elephant/n02503517_86-4.png,sketch,1,elephant,6,person,0.8806983828544617
sketch/elephant/n02503517_86-5.png,sketch,1,elephant,6,person,0.9875593781471252
sketch/elephant/n02503517_86-6.png,sketch,1,elephant,1,elephant,0.9096081256866455
sketch/elephant/n02503517_8757-1.png,sketch,1,elephant,1,elephant,0.693422794342041
sketch/elephant/n02503517_8757-2.png,sketch,1,elephant,6,person,0.9984997510910034
sketch/elephant/n02503517_8757-3.png,sketch,1,elephant,1,elephant,0.9726488590240479
sketch/elephant/n02503517_8757-4.png,sketch,1,elephant,6,person,0.8960157632827759
sketch/elephant/n02503517_8757-5.png,sketch,1,elephant,6,person,0.4808422327041626
sketch/elephant/n02503517_8757-6.png,sketch,1,elephant,1,elephant,0.9534435272216797
sketch/elephant/n02503517_8901-1.png,sketch,1,elephant,1,elephant,0.9958227872848511
sketch/elephant/n02503517_8901-2.png,sketch,1,elephant,1,elephant,0.6204946041107178
sketch/elephant/n02503517_8901-3.png,sketch,1,elephant,6,person,0.49531546235084534
sketch/elephant/n02503517_8901-4.png,sketch,1,elephant,6,person,0.9143837094306946
sketch/elephant/n02503517_8901-5.png,sketch,1,elephant,1,elephant,0.9366037249565125
sketch/elephant/n02503517_8901-6.png,sketch,1,elephant,1,elephant,0.691825270652771
sketch/elephant/n02503517_8901-7.png,sketch,1,elephant,6,person,0.8544740676879883
sketch/elephant/n02503517_8904-1.png,sketch,1,elephant,1,elephant,0.8141211867332458
sketch/elephant/n02503517_8904-2.png,sketch,1,elephant,6,person,0.9983028173446655
sketch/elephant/n02503517_8904-3.png,sketch,1,elephant,1,elephant,0.9146347045898438
sketch/elephant/n02503517_8904-4.png,sketch,1,elephant,1,elephant,0.9656487703323364
sketch/elephant/n02503517_8904-5.png,sketch,1,elephant,1,elephant,0.9128179550170898
sketch/elephant/n02503517_8904-6.png,sketch,1,elephant,6,person,0.7201749682426453
sketch/elephant/n02503517_8938-1.png,sketch,1,elephant,6,person,0.7477380037307739
sketch/elephant/n02503517_8938-2.png,sketch,1,elephant,1,elephant,0.9959498643875122
sketch/elephant/n02503517_8938-3.png,sketch,1,elephant,6,person,0.9673399925231934
sketch/elephant/n02503517_8938-4.png,sketch,1,elephant,1,elephant,0.96309494972229
sketch/elephant/n02503517_8938-5.png,sketch,1,elephant,1,elephant,0.9679298996925354
sketch/elephant/n02503517_8938-6.png,sketch,1,elephant,1,elephant,0.9892981052398682
sketch/elephant/n02503517_9043-1.png,sketch,1,elephant,1,elephant,0.40751785039901733
sketch/elephant/n02503517_9043-10.png,sketch,1,elephant,1,elephant,0.8231456279754639
sketch/elephant/n02503517_9043-2.png,sketch,1,elephant,6,person,0.978685736656189
sketch/elephant/n02503517_9043-3.png,sketch,1,elephant,6,person,0.6558153033256531
sketch/elephant/n02503517_9043-4.png,sketch,1,elephant,1,elephant,0.7703462243080139
sketch/elephant/n02503517_9043-5.png,sketch,1,elephant,0,dog,0.7256141304969788
sketch/elephant/n02503517_9043-6.png,sketch,1,elephant,1,elephant,0.5010029673576355
sketch/elephant/n02503517_9043-7.png,sketch,1,elephant,6,person,0.3272789418697357
sketch/elephant/n02503517_9043-8.png,sketch,1,elephant,1,elephant,0.40806862711906433
sketch/elephant/n02503517_9043-9.png,sketch,1,elephant,6,person,0.37920302152633667
sketch/elephant/n02503517_9154-1.png,sketch,1,elephant,2,giraffe,0.8871558904647827
sketch/elephant/n02503517_9154-2.png,sketch,1,elephant,2,giraffe,0.5069725513458252
sketch/elephant/n02503517_9154-3.png,sketch,1,elephant,2,giraffe,0.7787353992462158
sketch/elephant/n02503517_9154-4.png,sketch,1,elephant,2,giraffe,0.9193933010101318
sketch/elephant/n02503517_9154-5.png,sketch,1,elephant,2,giraffe,0.6291199922561646
sketch/elephant/n02503517_9154-6.png,sketch,1,elephant,0,dog,0.9238980412483215
sketch/elephant/n02503517_9237-1.png,sketch,1,elephant,1,elephant,0.5497638583183289
sketch/elephant/n02503517_9237-2.png,sketch,1,elephant,6,person,0.7267710566520691
sketch/elephant/n02503517_9237-3.png,sketch,1,elephant,1,elephant,0.9466992020606995
sketch/elephant/n02503517_9237-4.png,sketch,1,elephant,1,elephant,0.39897677302360535
sketch/elephant/n02503517_9237-5.png,sketch,1,elephant,6,person,0.998702883720398
sketch/elephant/n02503517_9237-6.png,sketch,1,elephant,0,dog,0.6366993188858032
sketch/elephant/n02503517_9237-7.png,sketch,1,elephant,1,elephant,0.5165009498596191
sketch/elephant/n02503517_9241-1.png,sketch,1,elephant,1,elephant,0.42490822076797485
sketch/elephant/n02503517_9241-2.png,sketch,1,elephant,1,elephant,0.5174387693405151
sketch/elephant/n02503517_9241-3.png,sketch,1,elephant,1,elephant,0.99712735414505
sketch/elephant/n02503517_9241-4.png,sketch,1,elephant,1,elephant,0.9991357922554016
sketch/elephant/n02503517_9241-5.png,sketch,1,elephant,0,dog,0.922082245349884
sketch/elephant/n02503517_9270-1.png,sketch,1,elephant,6,person,0.7175677418708801
sketch/elephant/n02503517_9270-10.png,sketch,1,elephant,6,person,0.7367516756057739
sketch/elephant/n02503517_9270-2.png,sketch,1,elephant,0,dog,0.46671706438064575
sketch/elephant/n02503517_9270-3.png,sketch,1,elephant,1,elephant,0.999699592590332
sketch/elephant/n02503517_9270-4.png,sketch,1,elephant,1,elephant,0.9822684526443481
sketch/elephant/n02503517_9270-5.png,sketch,1,elephant,1,elephant,0.8926536440849304
sketch/elephant/n02503517_9270-6.png,sketch,1,elephant,1,elephant,0.46826449036598206
sketch/elephant/n02503517_9270-7.png,sketch,1,elephant,1,elephant,0.8664907813072205
sketch/elephant/n02503517_9270-8.png,sketch,1,elephant,1,elephant,0.931479811668396
sketch/elephant/n02503517_9270-9.png,sketch,1,elephant,1,elephant,0.9774731397628784
sketch/elephant/n02503517_9421-1.png,sketch,1,elephant,6,person,0.8695964217185974
sketch/elephant/n02503517_9421-2.png,sketch,1,elephant,1,elephant,0.8189691305160522
sketch/elephant/n02503517_9421-3.png,sketch,1,elephant,1,elephant,0.9611270427703857
sketch/elephant/n02503517_9421-4.png,sketch,1,elephant,6,person,0.8636756539344788
sketch/elephant/n02503517_9421-5.png,sketch,1,elephant,0,dog,0.5415672659873962
sketch/elephant/n02503517_9421-6.png,sketch,1,elephant,1,elephant,0.9800522327423096
sketch/elephant/n02503517_9421-7.png,sketch,1,elephant,1,elephant,0.8289023637771606
sketch/elephant/n02503517_9421-8.png,sketch,1,elephant,1,elephant,0.9518790245056152
sketch/elephant/n02503517_9421-9.png,sketch,1,elephant,1,elephant,0.9540019631385803
sketch/elephant/n02503517_9827-1.png,sketch,1,elephant,1,elephant,0.8973376154899597
sketch/elephant/n02503517_9827-2.png,sketch,1,elephant,1,elephant,0.39177820086479187
sketch/elephant/n02503517_9827-3.png,sketch,1,elephant,1,elephant,0.9461801648139954
sketch/elephant/n02503517_9827-4.png,sketch,1,elephant,1,elephant,0.8844727277755737
sketch/elephant/n02503517_9827-5.png,sketch,1,elephant,6,person,0.8546114563941956
sketch/elephant/n02503517_9827-6.png,sketch,1,elephant,1,elephant,0.8808845281600952
sketch/elephant/n02503517_9827-7.png,sketch,1,elephant,1,elephant,0.9416056275367737
sketch/elephant/n02503517_9827-8.png,sketch,1,elephant,1,elephant,0.6903560161590576
sketch/giraffe/7361.png,sketch,2,giraffe,2,giraffe,0.9999194145202637
sketch/giraffe/7362.png,sketch,2,giraffe,2,giraffe,0.9999202489852905
sketch/giraffe/7363.png,sketch,2,giraffe,2,giraffe,0.9998853206634521
sketch/giraffe/7364.png,sketch,2,giraffe,2,giraffe,0.3862554132938385
sketch/giraffe/7365.png,sketch,2,giraffe,2,giraffe,0.9998894929885864
sketch/giraffe/7366.png,sketch,2,giraffe,2,giraffe,0.9999862909317017
sketch/giraffe/7367.png,sketch,2,giraffe,2,giraffe,0.9999130964279175
sketch/giraffe/7368.png,sketch,2,giraffe,2,giraffe,0.9859246611595154
sketch/giraffe/7369.png,sketch,2,giraffe,2,giraffe,0.999329686164856
sketch/giraffe/7370.png,sketch,2,giraffe,0,dog,0.5194000601768494
sketch/giraffe/7371.png,sketch,2,giraffe,0,dog,0.32301363348960876
sketch/giraffe/7372.png,sketch,2,giraffe,2,giraffe,0.9785512685775757
sketch/giraffe/7373.png,sketch,2,giraffe,2,giraffe,0.9957082271575928
sketch/giraffe/7374.png,sketch,2,giraffe,5,house,0.5156742930412292
sketch/giraffe/7375.png,sketch,2,giraffe,2,giraffe,0.7598038911819458
sketch/giraffe/7376.png,sketch,2,giraffe,2,giraffe,0.9948246479034424
sketch/giraffe/7377.png,sketch,2,giraffe,2,giraffe,0.9999878406524658
sketch/giraffe/7378.png,sketch,2,giraffe,2,giraffe,0.9998718500137329
sketch/giraffe/7379.png,sketch,2,giraffe,2,giraffe,0.9994383454322815
sketch/giraffe/7380.png,sketch,2,giraffe,2,giraffe,0.9998587369918823
sketch/giraffe/7381.png,sketch,2,giraffe,2,giraffe,0.7974439263343811
sketch/giraffe/7382.png,sketch,2,giraffe,2,giraffe,0.9985002279281616
sketch/giraffe/7383.png,sketch,2,giraffe,2,giraffe,0.9939929842948914
sketch/giraffe/7384.png,sketch,2,giraffe,2,giraffe,0.9966254234313965
sketch/giraffe/7385.png,sketch,2,giraffe,2,giraffe,0.579147219657898
sketch/giraffe/7386.png,sketch,2,giraffe,2,giraffe,0.9997832179069519
sketch/giraffe/7387.png,sketch,2,giraffe,2,giraffe,0.9475860595703125
sketch/giraffe/7388.png,sketch,2,giraffe,2,giraffe,0.9230383038520813
sketch/giraffe/7389.png,sketch,2,giraffe,0,dog,0.4370492994785309
sketch/giraffe/7390.png,sketch,2,giraffe,2,giraffe,0.9999412298202515
sketch/giraffe/7391.png,sketch,2,giraffe,2,giraffe,0.5526763200759888
sketch/giraffe/7392.png,sketch,2,giraffe,2,giraffe,0.9994625449180603
sketch/giraffe/7393.png,sketch,2,giraffe,2,giraffe,0.9996680021286011
sketch/giraffe/7394.png,sketch,2,giraffe,2,giraffe,0.9998810291290283
sketch/giraffe/7395.png,sketch,2,giraffe,2,giraffe,0.9999234676361084
sketch/giraffe/7396.png,sketch,2,giraffe,2,giraffe,0.5767596960067749
sketch/giraffe/7397.png,sketch,2,giraffe,2,giraffe,0.7270187139511108
sketch/giraffe/7398.png,sketch,2,giraffe,2,giraffe,0.9999779462814331
sketch/giraffe/7399.png,sketch,2,giraffe,2,giraffe,0.9251607060432434
sketch/giraffe/7400.png,sketch,2,giraffe,2,giraffe,0.8996995687484741
sketch/giraffe/7401.png,sketch,2,giraffe,2,giraffe,0.9897469282150269
sketch/giraffe/7402.png,sketch,2,giraffe,2,giraffe,0.9957953691482544
sketch/giraffe/7403.png,sketch,2,giraffe,2,giraffe,0.7830851078033447
sketch/giraffe/7404.png,sketch,2,giraffe,2,giraffe,0.9970587491989136
sketch/giraffe/7405.png,sketch,2,giraffe,2,giraffe,0.9995844960212708
sketch/giraffe/7406.png,sketch,2,giraffe,2,giraffe,0.9981228709220886
sketch/giraffe/7407.png,sketch,2,giraffe,2,giraffe,0.8383867144584656
sketch/giraffe/7408.png,sketch,2,giraffe,2,giraffe,0.7044989466667175
sketch/giraffe/7409.png,sketch,2,giraffe,2,giraffe,0.7756795287132263
sketch/giraffe/7410.png,sketch,2,giraffe,2,giraffe,0.9255713820457458
sketch/giraffe/7411.png,sketch,2,giraffe,2,giraffe,0.9999849796295166
sketch/giraffe/7412.png,sketch,2,giraffe,2,giraffe,0.999708354473114
sketch/giraffe/7413.png,sketch,2,giraffe,2,giraffe,0.39462965726852417
sketch/giraffe/7414.png,sketch,2,giraffe,2,giraffe,0.9660211801528931
sketch/giraffe/7415.png,sketch,2,giraffe,5,house,0.8412042260169983
sketch/giraffe/7416.png,sketch,2,giraffe,2,giraffe,0.9959762692451477
sketch/giraffe/7417.png,sketch,2,giraffe,2,giraffe,0.9997839331626892
sketch/giraffe/7418.png,sketch,2,giraffe,2,giraffe,0.999574601650238
sketch/giraffe/7419.png,sketch,2,giraffe,2,giraffe,0.9987844824790955
sketch/giraffe/7420.png,sketch,2,giraffe,5,house,0.49567410349845886
sketch/giraffe/7421.png,sketch,2,giraffe,2,giraffe,0.6754766702651978
sketch/giraffe/7422.png,sketch,2,giraffe,2,giraffe,0.9444931745529175
sketch/giraffe/7423.png,sketch,2,giraffe,2,giraffe,0.9545367360115051
sketch/giraffe/7424.png,sketch,2,giraffe,2,giraffe,0.9985249638557434
sketch/giraffe/7425.png,sketch,2,giraffe,2,giraffe,0.9948676824569702
sketch/giraffe/7426.png,sketch,2,giraffe,2,giraffe,0.42466986179351807
sketch/giraffe/7427.png,sketch,2,giraffe,2,giraffe,0.9990872144699097
sketch/giraffe/7428.png,sketch,2,giraffe,2,giraffe,0.9996145963668823
sketch/giraffe/7429.png,sketch,2,giraffe,2,giraffe,0.9956941604614258
sketch/giraffe/7430.png,sketch,2,giraffe,2,giraffe,0.9992709755897522
sketch/giraffe/7431.png,sketch,2,giraffe,2,giraffe,0.8301264047622681
sketch/giraffe/7432.png,sketch,2,giraffe,2,giraffe,0.9884300231933594
sketch/giraffe/7433.png,sketch,2,giraffe,2,giraffe,0.4315522611141205
sketch/giraffe/7434.png,sketch,2,giraffe,2,giraffe,0.9950462579727173
sketch/giraffe/7435.png,sketch,2,giraffe,2,giraffe,0.8648471236228943
sketch/giraffe/7436.png,sketch,2,giraffe,2,giraffe,0.9999995231628418
sketch/giraffe/7437.png,sketch,2,giraffe,2,giraffe,0.9969161748886108
sketch/giraffe/7438.png,sketch,2,giraffe,5,house,0.9716216325759888
sketch/giraffe/7439.png,sketch,2,giraffe,2,giraffe,0.41090136766433716
sketch/giraffe/7440.png,sketch,2,giraffe,2,giraffe,0.9992315769195557
sketch/giraffe/n02439033_10130-1.png,sketch,2,giraffe,0,dog,0.5459449291229248
sketch/giraffe/n02439033_10130-2.png,sketch,2,giraffe,2,giraffe,0.8209245204925537
sketch/giraffe/n02439033_10130-3.png,sketch,2,giraffe,2,giraffe,0.9544022679328918
sketch/giraffe/n02439033_10130-4.png,sketch,2,giraffe,2,giraffe,0.8982002139091492
sketch/giraffe/n02439033_10130-5.png,sketch,2,giraffe,2,giraffe,0.524055004119873
sketch/giraffe/n02439033_10130-6.png,sketch,2,giraffe,2,giraffe,0.480495423078537
sketch/giraffe/n02439033_10130-7.png,sketch,2,giraffe,2,giraffe,0.5955629348754883
sketch/giraffe/n02439033_10164-1.png,sketch,2,giraffe,4,horse,0.5207006335258484
sketch/giraffe/n02439033_10164-10.png,sketch,2,giraffe,4,horse,0.9229887127876282
sketch/giraffe/n02439033_10164-2.png,sketch,2,giraffe,2,giraffe,0.901637077331543
sketch/giraffe/n02439033_10164-3.png,sketch,2,giraffe,2,giraffe,0.9996875524520874
sketch/giraffe/n02439033_10164-4.png,sketch,2,giraffe,2,giraffe,0.9395654201507568
sketch/giraffe/n02439033_10164-5.png,sketch,2,giraffe,2,giraffe,0.9971309900283813
sketch/giraffe/n02439033_10164-6.png,sketch,2,giraffe,2,giraffe,0.7838174104690552
sketch/giraffe/n02439033_10164-7.png,sketch,2,giraffe,0,dog,0.8758519887924194
sketch/giraffe/n02439033_10164-8.png,sketch,2,giraffe,2,giraffe,0.879192054271698
sketch/giraffe/n02439033_10164-9.png,sketch,2,giraffe,2,giraffe,0.9996604919433594
sketch/giraffe/n02439033_10279-1.png,sketch,2,giraffe,2,giraffe,0.9865555763244629
sketch/giraffe/n02439033_10279-2.png,sketch,2,giraffe,2,giraffe,0.7363243699073792
sketch/giraffe/n02439033_10279-3.png,sketch,2,giraffe,2,giraffe,0.7084357142448425
sketch/giraffe/n02439033_10279-4.png,sketch,2,giraffe,4,horse,0.7271741032600403
sketch/giraffe/n02439033_10279-5.png,sketch,2,giraffe,2,giraffe,0.6349999904632568
sketch/giraffe/n02439033_10279-6.png,sketch,2,giraffe,2,giraffe,0.9260963201522827
sketch/giraffe/n02439033_10295-1.png,sketch,2,giraffe,5,house,0.7503786683082581
sketch/giraffe/n02439033_10295-2.png,sketch,2,giraffe,2,giraffe,0.9654088020324707
sketch/giraffe/n02439033_10295-3.png,sketch,2,giraffe,6,person,0.48428604006767273
sketch/giraffe/n02439033_10295-4.png,sketch,2,giraffe,2,giraffe,0.9918461441993713
sketch/giraffe/n02439033_10295-5.png,sketch,2,giraffe,2,giraffe,0.7690424919128418
sketch/giraffe/n02439033_10453-1.png,sketch,2,giraffe,2,giraffe,0.9650092124938965
sketch/giraffe/n02439033_10453-2.png,sketch,2,giraffe,2,giraffe,0.9957394599914551
sketch/giraffe/n02439033_10453-3.png,sketch,2,giraffe,2,giraffe,0.9996837377548218
sketch/giraffe/n02439033_10453-4.png,sketch,2,giraffe,6,person,0.9486519694328308
sketch/giraffe/n02439033_10453-5.png,sketch,2,giraffe,6,person,0.9780479669570923
sketch/giraffe/n02439033_10453-6.png,sketch,2,giraffe,2,giraffe,0.9378721714019775
sketch/giraffe/n02439033_10491-1.png,sketch,2,giraffe,2,giraffe,0.9992840886116028
sketch/giraffe/n02439033_10491-2.png,sketch,2,giraffe,2,giraffe,0.9617514610290527
sketch/giraffe/n02439033_10491-3.png,sketch,2,giraffe,2,giraffe,0.9733769297599792
sketch/giraffe/n02439033_10491-4.png,sketch,2,giraffe,2,giraffe,0.9834428429603577
sketch/giraffe/n02439033_10491-5.png,sketch,2,giraffe,2,giraffe,0.9999434947967529
sketch/giraffe/n02439033_10491-6.png,sketch,2,giraffe,2,giraffe,0.9999866485595703
sketch/giraffe/n02439033_10541-1.png,sketch,2,giraffe,0,dog,0.499724417924881
sketch/giraffe/n02439033_10541-2.png,sketch,2,giraffe,2,giraffe,0.8981572389602661
sketch/giraffe/n02439033_10541-3.png,sketch,2,giraffe,4,horse,0.802383303642273
sketch/giraffe/n02439033_10541-4.png,sketch,2,giraffe,2,giraffe,0.9742869734764099
sketch/giraffe/n02439033_10541-5.png,sketch,2,giraffe,2,giraffe,0.8142138719558716
sketch/giraffe/n02439033_10541-6.png,sketch,2,giraffe,1,elephant,0.663112223148346
sketch/giraffe/n02439033_10616-1.png,sketch,2,giraffe,6,person,0.4788224995136261
sketch/giraffe/n02439033_10616-2.png,sketch,2,giraffe,6,person,0.5825574994087219
sketch/giraffe/n02439033_10616-3.png,sketch,2,giraffe,0,dog,0.5494118332862854
sketch/giraffe/n02439033_10616-4.png,sketch,2,giraffe,6,person,0.9556779861450195
sketch/giraffe/n02439033_10616-5.png,sketch,2,giraffe,6,person,0.4859524369239807
sketch/giraffe/n02439033_10802-1.png,sketch,2,giraffe,2,giraffe,0.957622766494751
sketch/giraffe/n02439033_10802-2.png,sketch,2,giraffe,4,horse,0.3456040322780609
sketch/giraffe/n02439033_10802-3.png,sketch,2,giraffe,0,dog,0.5346312522888184
sketch/giraffe/n02439033_10802-4.png,sketch,2,giraffe,6,person,0.9539938569068909
sketch/giraffe/n02439033_10802-5.png,sketch,2,giraffe,2,giraffe,0.9958630800247192
sketch/giraffe/n02439033_10802-6.png,sketch,2,giraffe,2,giraffe,0.831401526927948
sketch/giraffe/n02439033_10802-7.png,sketch,2,giraffe,2,giraffe,0.9998925924301147
sketch/giraffe/n02439033_10802-8.png,sketch,2,giraffe,6,person,0.7722748517990112
sketch/giraffe/n02439033_10803-1.png,sketch,2,giraffe,2,giraffe,0.9446715712547302
sketch/giraffe/n02439033_10803-2.png,sketch,2,giraffe,2,giraffe,0.9997653365135193
sketch/giraffe/n02439033_10803-3.png,sketch,2,giraffe,2,giraffe,0.9958872199058533
sketch/giraffe/n02439033_10803-4.png,sketch,2,giraffe,2,giraffe,0.989813506603241
sketch/giraffe/n02439033_10803-5.png,sketch,2,giraffe,2,giraffe,0.9999995231628418
sketch/giraffe/n02439033_10811-1.png,sketch,2,giraffe,2,giraffe,0.9700942635536194
sketch/giraffe/n02439033_10811-2.png,sketch,2,giraffe,4,horse,0.6821210384368896
sketch/giraffe/n02439033_10811-3.png,sketch,2,giraffe,2,giraffe,0.68302983045578
sketch/giraffe/n02439033_10811-4.png,sketch,2,giraffe,2,giraffe,0.9330043196678162
sketch/giraffe/n02439033_10811-5.png,sketch,2,giraffe,2,giraffe,0.9980583786964417
sketch/giraffe/n02439033_10811-6.png,sketch,2,giraffe,2,giraffe,0.991820216178894
sketch/giraffe/n02439033_10811-7.png,sketch,2,giraffe,2,giraffe,0.6660481691360474
sketch/giraffe/n02439033_10839-1.png,sketch,2,giraffe,2,giraffe,0.999813973903656
sketch/giraffe/n02439033_10839-2.png,sketch,2,giraffe,2,giraffe,0.9987279772758484
sketch/giraffe/n02439033_10839-3.png,sketch,2,giraffe,2,giraffe,0.7746574282646179
sketch/giraffe/n02439033_10839-4.png,sketch,2,giraffe,2,giraffe,0.9651879668235779
sketch/giraffe/n02439033_10839-5.png,sketch,2,giraffe,2,giraffe,0.9954783320426941
sketch/giraffe/n02439033_10839-6.png,sketch,2,giraffe,2,giraffe,0.999954342842102
sketch/giraffe/n02439033_10839-7.png,sketch,2,giraffe,2,giraffe,0.9987266659736633
sketch/giraffe/n02439033_10919-1.png,sketch,2,giraffe,2,giraffe,0.9721618890762329
sketch/giraffe/n02439033_10919-2.png,sketch,2,giraffe,6,person,0.5952677726745605
sketch/giraffe/n02439033_10919-3.png,sketch,2,giraffe,2,giraffe,0.9987165927886963
sketch/giraffe/n02439033_10919-4.png,sketch,2,giraffe,4,horse,0.5449722409248352
sketch/giraffe/n02439033_10919-5.png,sketch,2,giraffe,2,giraffe,0.653614342212677
sketch/giraffe/n02439033_10919-6.png,sketch,2,giraffe,6,person,0.7106690406799316
sketch/giraffe/n02439033_11059-1.png,sketch,2,giraffe,2,giraffe,0.9077017307281494
sketch/giraffe/n02439033_11059-2.png,sketch,2,giraffe,2,giraffe,0.9994906187057495
sketch/giraffe/n02439033_11059-3.png,sketch,2,giraffe,2,giraffe,0.9987174272537231
sketch/giraffe/n02439033_11059-4.png,sketch,2,giraffe,2,giraffe,0.9998292922973633
sketch/giraffe/n02439033_11059-5.png,sketch,2,giraffe,2,giraffe,0.9999421834945679
sketch/giraffe/n02439033_11059-6.png,sketch,2,giraffe,2,giraffe,0.9964854717254639
sketch/giraffe/n02439033_11059-7.png,sketch,2,giraffe,2,giraffe,0.9999867677688599
sketch/giraffe/n02439033_11059-8.png,sketch,2,giraffe,0,dog,0.9737210869789124
sketch/giraffe/n02439033_11059-9.png,sketch,2,giraffe,2,giraffe,0.9441676139831543
sketch/giraffe/n02439033_11114-1.png,sketch,2,giraffe,6,person,0.49763479828834534
sketch/giraffe/n02439033_11114-2.png,sketch,2,giraffe,0,dog,0.814196765422821
sketch/giraffe/n02439033_11114-3.png,sketch,2,giraffe,4,horse,0.6160789132118225
sketch/giraffe/n02439033_11114-4.png,sketch,2,giraffe,0,dog,0.7320570945739746
sketch/giraffe/n02439033_11114-5.png,sketch,2,giraffe,2,giraffe,0.8213210701942444
sketch/giraffe/n02439033_11130-1.png,sketch,2,giraffe,4,horse,0.986170768737793
sketch/giraffe/n02439033_11130-2.png,sketch,2,giraffe,4,horse,0.9772592782974243
sketch/giraffe/n02439033_11130-3.png,sketch,2,giraffe,2,giraffe,0.8070403337478638
sketch/giraffe/n02439033_11130-4.png,sketch,2,giraffe,4,horse,0.5330907702445984
sketch/giraffe/n02439033_11130-5.png,sketch,2,giraffe,2,giraffe,0.919334352016449
sketch/giraffe/n02439033_11130-6.png,sketch,2,giraffe,4,horse,0.503298282623291
sketch/giraffe/n02439033_11215-1.png,sketch,2,giraffe,2,giraffe,0.9823892712593079
sketch/giraffe/n02439033_11215-2.png,sketch,2,giraffe,2,giraffe,0.9691039323806763
sketch/giraffe/n02439033_11215-3.png,sketch,2,giraffe,2,giraffe,0.5155035257339478
sketch/giraffe/n02439033_11215-4.png,sketch,2,giraffe,6,person,0.7904881238937378
sketch/giraffe/n02439033_11215-5.png,sketch,2,giraffe,6,person,0.7975130677223206
sketch/giraffe/n02439033_11273-1.png,sketch,2,giraffe,2,giraffe,0.9592783451080322
sketch/giraffe/n02439033_11273-2.png,sketch,2,giraffe,2,giraffe,0.42031869292259216
sketch/giraffe/n02439033_11273-3.png,sketch,2,giraffe,2,giraffe,0.8253353834152222
sketch/giraffe/n02439033_11273-4.png,sketch,2,giraffe,2,giraffe,0.970845639705658
sketch/giraffe/n02439033_11273-5.png,sketch,2,giraffe,2,giraffe,0.593843936920166
sketch/giraffe/n02439033_11273-6.png,sketch,2,giraffe,2,giraffe,0.9973447918891907
sketch/giraffe/n02439033_11328-1.png,sketch,2,giraffe,4,horse,0.6177496314048767
sketch/giraffe/n02439033_11328-2.png,sketch,2,giraffe,6,person,0.7208120226860046
sketch/giraffe/n02439033_11328-3.png,sketch,2,giraffe,2,giraffe,0.5296941995620728
sketch/giraffe/n02439033_11328-4.png,sketch,2,giraffe,0,dog,0.5458762645721436
sketch/giraffe/n02439033_11328-5.png,sketch,2,giraffe,2,giraffe,0.9855184555053711
sketch/giraffe/n02439033_11328-6.png,sketch,2,giraffe,2,giraffe,0.9981073141098022
sketch/giraffe/n02439033_11458-1.png,sketch,2,giraffe,2,giraffe,0.9961856007575989
sketch/giraffe/n02439033_11458-2.png,sketch,2,giraffe,2,giraffe,0.9999995231628418
sketch/giraffe/n02439033_11458-3.png,sketch,2,giraffe,2,giraffe,0.9983489513397217
sketch/giraffe/n02439033_11458-4.png,sketch,2,giraffe,2,giraffe,0.9979985356330872
sketch/giraffe/n02439033_11458-5.png,sketch,2,giraffe,2,giraffe,0.9983083009719849
sketch/giraffe/n02439033_11458-6.png,sketch,2,giraffe,2,giraffe,0.9990536570549011
sketch/giraffe/n02439033_11486-1.png,sketch,2,giraffe,2,giraffe,0.9999997615814209
sketch/giraffe/n02439033_11486-2.png,sketch,2,giraffe,2,giraffe,0.9769737124443054
sketch/giraffe/n02439033_11486-3.png,sketch,2,giraffe,2,giraffe,0.9993782043457031
sketch/giraffe/n02439033_11486-4.png,sketch,2,giraffe,2,giraffe,0.9994206428527832
sketch/giraffe/n02439033_11486-5.png,sketch,2,giraffe,2,giraffe,0.9999799728393555
sketch/giraffe/n02439033_11487-1.png,sketch,2,giraffe,2,giraffe,0.9923796653747559
sketch/giraffe/n02439033_11487-2.png,sketch,2,giraffe,0,dog,0.6432194113731384
sketch/giraffe/n02439033_11487-3.png,sketch,2,giraffe,2,giraffe,0.9999923706054688
sketch/giraffe/n02439033_11487-4.png,sketch,2,giraffe,2,giraffe,0.5565382242202759
sketch/giraffe/n02439033_11487-5.png,sketch,2,giraffe,2,giraffe,0.9877651333808899
sketch/giraffe/n02439033_11487-6.png,sketch,2,giraffe,6,person,0.8377415537834167
sketch/giraffe/n02439033_11487-7.png,sketch,2,giraffe,2,giraffe,0.7914769649505615
sketch/giraffe/n02439033_11504-1.png,sketch,2,giraffe,4,horse,0.9380559921264648
sketch/giraffe/n02439033_11504-2.png,sketch,2,giraffe,2,giraffe,0.9988711476325989
sketch/giraffe/n02439033_11504-3.png,sketch,2,giraffe,4,horse,0.8584604859352112
sketch/giraffe/n02439033_11504-4.png,sketch,2,giraffe,4,horse,0.8533986210823059
sketch/giraffe/n02439033_11504-5.png,sketch,2,giraffe,2,giraffe,0.8968145847320557
sketch/giraffe/n02439033_11504-6.png,sketch,2,giraffe,4,horse,0.6994119882583618
sketch/giraffe/n02439033_11504-7.png,sketch,2,giraffe,2,giraffe,0.764481782913208
sketch/giraffe/n02439033_11599-1.png,sketch,2,giraffe,2,giraffe,0.9997385144233704
sketch/giraffe/n02439033_11599-2.png,sketch,2,giraffe,2,giraffe,0.9213380813598633
sketch/giraffe/n02439033_11599-3.png,sketch,2,giraffe,2,giraffe,0.9972742199897766
sketch/giraffe/n02439033_11599-4.png,sketch,2,giraffe,2,giraffe,0.9961422085762024
sketch/giraffe/n02439033_11599-5.png,sketch,2,giraffe,2,giraffe,0.9784100651741028
sketch/giraffe/n02439033_11599-6.png,sketch,2,giraffe,2,giraffe,0.999543309211731
sketch/giraffe/n02439033_11599-7.png,sketch,2,giraffe,2,giraffe,0.9995669722557068
sketch/giraffe/n02439033_11599-8.png,sketch,2,giraffe,2,giraffe,0.9999136924743652
sketch/giraffe/n02439033_11627-1.png,sketch,2,giraffe,6,person,0.859041690826416
sketch/giraffe/n02439033_11627-2.png,sketch,2,giraffe,2,giraffe,0.98848557472229
sketch/giraffe/n02439033_11627-3.png,sketch,2,giraffe,6,person,0.6460733413696289
sketch/giraffe/n02439033_11627-4.png,sketch,2,giraffe,2,giraffe,0.9995250701904297
sketch/giraffe/n02439033_11627-5.png,sketch,2,giraffe,2,giraffe,0.6940175294876099
sketch/giraffe/n02439033_11627-6.png,sketch,2,giraffe,4,horse,0.47946786880493164
sketch/giraffe/n02439033_11627-7.png,sketch,2,giraffe,0,dog,0.598704993724823
sketch/giraffe/n02439033_11666-1.png,sketch,2,giraffe,6,person,0.8654040694236755
sketch/giraffe/n02439033_11666-2.png,sketch,2,giraffe,6,person,0.890386700630188
sketch/giraffe/n02439033_11666-3.png,sketch,2,giraffe,2,giraffe,0.8342336416244507
sketch/giraffe/n02439033_11666-4.png,sketch,2,giraffe,2,giraffe,0.9882305860519409
sketch/giraffe/n02439033_11666-5.png,sketch,2,giraffe,2,giraffe,0.9473795294761658
sketch/giraffe/n02439033_11666-6.png,sketch,2,giraffe,2,giraffe,0.7684922814369202
sketch/giraffe/n02439033_11666-7.png,sketch,2,giraffe,2,giraffe,0.9600843191146851
sketch/giraffe/n02439033_11683-1.png,sketch,2,giraffe,2,giraffe,0.8633109927177429
sketch/giraffe/n02439033_11683-2.png,sketch,2,giraffe,2,giraffe,0.9313081502914429
sketch/giraffe/n02439033_11683-3.png,sketch,2,giraffe,2,giraffe,0.6805289387702942
sketch/giraffe/n02439033_11683-4.png,sketch,2,giraffe,2,giraffe,0.9724767804145813
sketch/giraffe/n02439033_11683-5.png,sketch,2,giraffe,2,giraffe,0.6070805191993713
sketch/giraffe/n02439033_11683-6.png,sketch,2,giraffe,2,giraffe,0.9999328851699829
sketch/giraffe/n02439033_11683-7.png,sketch,2,giraffe,2,giraffe,0.9108873009681702
sketch/giraffe/n02439033_11715-1.png,sketch,2,giraffe,2,giraffe,0.9963046312332153
sketch/giraffe/n02439033_11715-2.png,sketch,2,giraffe,2,giraffe,0.9988516569137573
sketch/giraffe/n02439033_11715-3.png,sketch,2,giraffe,2,giraffe,0.9999841451644897
sketch/giraffe/n02439033_11715-4.png,sketch,2,giraffe,2,giraffe,0.9999973773956299
sketch/giraffe/n02439033_11715-5.png,sketch,2,giraffe,2,giraffe,0.9964829683303833
sketch/giraffe/n02439033_11715-6.png,sketch,2,giraffe,2,giraffe,0.9997181296348572
sketch/giraffe/n02439033_11845-1.png,sketch,2,giraffe,2,giraffe,0.862855851650238
sketch/giraffe/n02439033_11845-10.png,sketch,2,giraffe,2,giraffe,0.7720068693161011
sketch/giraffe/n02439033_11845-2.png,sketch,2,giraffe,2,giraffe,0.9730618000030518
sketch/giraffe/n02439033_11845-3.png,sketch,2,giraffe,2,giraffe,0.9066939353942871
sketch/giraffe/n02439033_11845-4.png,sketch,2,giraffe,4,horse,0.7609593868255615
sketch/giraffe/n02439033_11845-5.png,sketch,2,giraffe,2,giraffe,0.9999566078186035
sketch/giraffe/n02439033_11845-6.png,sketch,2,giraffe,2,giraffe,0.8975537419319153
sketch/giraffe/n02439033_11845-7.png,sketch,2,giraffe,2,giraffe,0.9677426218986511
sketch/giraffe/n02439033_11845-8.png,sketch,2,giraffe,2,giraffe,0.9747164845466614
sketch/giraffe/n02439033_11845-9.png,sketch,2,giraffe,4,horse,0.6015809178352356
sketch/giraffe/n02439033_11894-1.png,sketch,2,giraffe,2,giraffe,0.8776895403862
sketch/giraffe/n02439033_11894-2.png,sketch,2,giraffe,2,giraffe,0.99665367603302
sketch/giraffe/n02439033_11894-3.png,sketch,2,giraffe,2,giraffe,0.9815528988838196
sketch/giraffe/n02439033_11894-4.png,sketch,2,giraffe,2,giraffe,0.96478670835495
sketch/giraffe/n02439033_11894-5.png,sketch,2,giraffe,2,giraffe,0.6358095407485962
sketch/giraffe/n02439033_11894-6.png,sketch,2,giraffe,2,giraffe,0.991473913192749
sketch/giraffe/n02439033_11894-7.png,sketch,2,giraffe,2,giraffe,0.9785736203193665
sketch/giraffe/n02439033_11894-8.png,sketch,2,giraffe,6,person,0.9972467422485352
sketch/giraffe/n02439033_11894-9.png,sketch,2,giraffe,2,giraffe,0.9935708045959473
sketch/giraffe/n02439033_12059-1.png,sketch,2,giraffe,2,giraffe,0.9860608577728271
sketch/giraffe/n02439033_12059-2.png,sketch,2,giraffe,2,giraffe,0.9986003041267395
sketch/giraffe/n02439033_12059-3.png,sketch,2,giraffe,2,giraffe,0.9816969037055969
sketch/giraffe/n02439033_12059-4.png,sketch,2,giraffe,2,giraffe,0.999991774559021
sketch/giraffe/n02439033_12059-5.png,sketch,2,giraffe,2,giraffe,0.9979287385940552
sketch/giraffe/n02439033_12413-1.png,sketch,2,giraffe,2,giraffe,0.9910351634025574
sketch/giraffe/n02439033_12413-2.png,sketch,2,giraffe,2,giraffe,0.9688076376914978
sketch/giraffe/n02439033_12413-3.png,sketch,2,giraffe,2,giraffe,0.9822583198547363
sketch/giraffe/n02439033_12413-4.png,sketch,2,giraffe,2,giraffe,0.9741041660308838
sketch/giraffe/n02439033_12413-5.png,sketch,2,giraffe,2,giraffe,0.9792569875717163
sketch/giraffe/n02439033_12413-6.png,sketch,2,giraffe,2,giraffe,0.9999662637710571
sketch/giraffe/n02439033_12413-7.png,sketch,2,giraffe,2,giraffe,0.9991360306739807
sketch/giraffe/n02439033_12485-1.png,sketch,2,giraffe,2,giraffe,0.9970546960830688
sketch/giraffe/n02439033_12485-2.png,sketch,2,giraffe,2,giraffe,0.5046051144599915
sketch/giraffe/n02439033_12485-3.png,sketch,2,giraffe,6,person,0.9976609945297241
sketch/giraffe/n02439033_12485-4.png,sketch,2,giraffe,2,giraffe,0.8279330730438232
sketch/giraffe/n02439033_12485-5.png,sketch,2,giraffe,2,giraffe,0.7983828783035278
sketch/giraffe/n02439033_12485-6.png,sketch,2,giraffe,0,dog,0.49985960125923157
sketch/giraffe/n02439033_12680-1.png,sketch,2,giraffe,2,giraffe,0.9997496008872986
sketch/giraffe/n02439033_12680-2.png,sketch,2,giraffe,2,giraffe,0.9987059831619263
sketch/giraffe/n02439033_12680-3.png,sketch,2,giraffe,2,giraffe,0.9999504089355469
sketch/giraffe/n02439033_12680-4.png,sketch,2,giraffe,2,giraffe,0.9989864230155945
sketch/giraffe/n02439033_12680-5.png,sketch,2,giraffe,2,giraffe,0.9997889399528503
sketch/giraffe/n02439033_12930-1.png,sketch,2,giraffe,2,giraffe,0.7260951995849609
sketch/giraffe/n02439033_12930-2.png,sketch,2,giraffe,2,giraffe,0.9818795919418335
sketch/giraffe/n02439033_12930-3.png,sketch,2,giraffe,2,giraffe,0.999534010887146
sketch/giraffe/n02439033_12930-4.png,sketch,2,giraffe,2,giraffe,0.9369341731071472
sketch/giraffe/n02439033_12930-5.png,sketch,2,giraffe,2,giraffe,0.9999345541000366
sketch/giraffe/n02439033_12939-1.png,sketch,2,giraffe,2,giraffe,0.9996654987335205
sketch/giraffe/n02439033_12939-2.png,sketch,2,giraffe,2,giraffe,0.5284313559532166
sketch/giraffe/n02439033_12939-3.png,sketch,2,giraffe,2,giraffe,0.9697375297546387
sketch/giraffe/n02439033_12939-4.png,sketch,2,giraffe,2,giraffe,0.9999997615814209
sketch/giraffe/n02439033_12939-5.png,sketch,2,giraffe,6,person,0.36927637457847595
sketch/giraffe/n02439033_12939-6.png,sketch,2,giraffe,2,giraffe,0.9994761347770691
sketch/giraffe/n02439033_12939-7.png,sketch,2,giraffe,2,giraffe,0.9996336698532104
sketch/giraffe/n02439033_12939-8.png,sketch,2,giraffe,2,giraffe,0.999940037727356
sketch/giraffe/n02439033_12987-1.png,sketch,2,giraffe,2,giraffe,0.7279965281486511
sketch/giraffe/n02439033_12987-2.png,sketch,2,giraffe,6,person,0.9962037205696106
sketch/giraffe/n02439033_12987-3.png,sketch,2,giraffe,2,giraffe,0.9880697131156921
sketch/giraffe/n02439033_12987-4.png,sketch,2,giraffe,2,giraffe,0.9353740215301514
sketch/giraffe/n02439033_12987-5.png,sketch,2,giraffe,2,giraffe,0.9309533834457397
sketch/giraffe/n02439033_12987-6.png,sketch,2,giraffe,2,giraffe,0.9969090819358826
sketch/giraffe/n02439033_13236-1.png,sketch,2,giraffe,0,dog,0.3150346577167511
sketch/giraffe/n02439033_13236-2.png,sketch,2,giraffe,6,person,0.39982113242149353
sketch/giraffe/n02439033_13236-3.png,sketch,2,giraffe,4,horse,0.5397391319274902
sketch/giraffe/n02439033_13236-4.png,sketch,2,giraffe,2,giraffe,0.62403404712677
sketch/giraffe/n02439033_13236-5.png,sketch,2,giraffe,0,dog,0.4870454668998718
sketch/giraffe/n02439033_13236-6.png,sketch,2,giraffe,1,elephant,0.7997829914093018
sketch/giraffe/n02439033_1327-1.png,sketch,2,giraffe,2,giraffe,0.8601722717285156
sketch/giraffe/n02439033_1327-2.png,sketch,2,giraffe,2,giraffe,0.6383488178253174
sketch/giraffe/n02439033_1327-3.png,sketch,2,giraffe,2,giraffe,0.9901633858680725
sketch/giraffe/n02439033_1327-4.png,sketch,2,giraffe,2,giraffe,0.8156328201293945
sketch/giraffe/n02439033_1327-5.png,sketch,2,giraffe,2,giraffe,0.9999767541885376
sketch/giraffe/n02439033_13384-1.png,sketch,2,giraffe,0,dog,0.2770842909812927
sketch/giraffe/n02439033_13384-2.png,sketch,2,giraffe,2,giraffe,0.4452182948589325
sketch/giraffe/n02439033_13384-3.png,sketch,2,giraffe,2,giraffe,0.9949370622634888
sketch/giraffe/n02439033_13384-4.png,sketch,2,giraffe,2,giraffe,0.9810647368431091
sketch/giraffe/n02439033_13384-5.png,sketch,2,giraffe,2,giraffe,0.9999978542327881
sketch/giraffe/n02439033_13384-6.png,sketch,2,giraffe,2,giraffe,0.9995331764221191
sketch/giraffe/n02439033_13430-1.png,sketch,2,giraffe,2,giraffe,0.9995377063751221
sketch/giraffe/n02439033_13430-2.png,sketch,2,giraffe,2,giraffe,0.9596680402755737
sketch/giraffe/n02439033_13430-3.png,sketch,2,giraffe,2,giraffe,0.9032900333404541
sketch/giraffe/n02439033_13430-4.png,sketch,2,giraffe,2,giraffe,0.9986408352851868
sketch/giraffe/n02439033_13430-5.png,sketch,2,giraffe,2,giraffe,0.9991942048072815
sketch/giraffe/n02439033_13602-1.png,sketch,2,giraffe,2,giraffe,0.9974259734153748
sketch/giraffe/n02439033_13602-2.png,sketch,2,giraffe,2,giraffe,0.8370323777198792
sketch/giraffe/n02439033_13602-3.png,sketch,2,giraffe,2,giraffe,0.7858976721763611
sketch/giraffe/n02439033_13602-4.png,sketch,2,giraffe,2,giraffe,0.9843757748603821
sketch/giraffe/n02439033_13602-5.png,sketch,2,giraffe,2,giraffe,0.594040036201477
sketch/giraffe/n02439033_13602-6.png,sketch,2,giraffe,2,giraffe,0.9998461008071899
sketch/giraffe/n02439033_13602-7.png,sketch,2,giraffe,2,giraffe,0.5561419129371643
sketch/giraffe/n02439033_13868-1.png,sketch,2,giraffe,2,giraffe,0.9689623117446899
sketch/giraffe/n02439033_13868-2.png,sketch,2,giraffe,2,giraffe,0.9996882677078247
sketch/giraffe/n02439033_13868-3.png,sketch,2,giraffe,4,horse,0.6264323592185974
sketch/giraffe/n02439033_13868-4.png,sketch,2,giraffe,2,giraffe,0.9967066645622253
sketch/giraffe/n02439033_13868-5.png,sketch,2,giraffe,2,giraffe,0.4707144498825073
sketch/giraffe/n02439033_13868-6.png,sketch,2,giraffe,2,giraffe,0.9895614981651306
sketch/giraffe/n02439033_13868-7.png,sketch,2,giraffe,2,giraffe,0.9999293088912964
sketch/giraffe/n02439033_14040-1.png,sketch,2,giraffe,2,giraffe,0.9445676207542419
sketch/giraffe/n02439033_14040-2.png,sketch,2,giraffe,2,giraffe,0.6516149640083313
sketch/giraffe/n02439033_14040-3.png,sketch,2,giraffe,6,person,0.5925460457801819
sketch/giraffe/n02439033_14040-4.png,sketch,2,giraffe,2,giraffe,0.5816929340362549
sketch/giraffe/n02439033_14040-5.png,sketch,2,giraffe,6,person,0.7875908613204956
sketch/giraffe/n02439033_14040-6.png,sketch,2,giraffe,4,horse,0.4924843907356262
sketch/giraffe/n02439033_14060-1.png,sketch,2,giraffe,2,giraffe,0.97789067029953
sketch/giraffe/n02439033_14060-2.png,sketch,2,giraffe,2,giraffe,0.9996212720870972
sketch/giraffe/n02439033_14060-3.png,sketch,2,giraffe,2,giraffe,0.9041105508804321
sketch/giraffe/n02439033_14060-4.png,sketch,2,giraffe,2,giraffe,0.999997615814209
sketch/giraffe/n02439033_14060-5.png,sketch,2,giraffe,2,giraffe,0.9999892711639404
sketch/giraffe/n02439033_14060-6.png,sketch,2,giraffe,2,giraffe,0.985443651676178
sketch/giraffe/n02439033_14060-7.png,sketch,2,giraffe,2,giraffe,0.9756482243537903
sketch/giraffe/n02439033_14060-8.png,sketch,2,giraffe,2,giraffe,0.9959922432899475
sketch/giraffe/n02439033_14121-1.png,sketch,2,giraffe,2,giraffe,0.9992196559906006
sketch/giraffe/n02439033_14121-10.png,sketch,2,giraffe,2,giraffe,0.9999650716781616
sketch/giraffe/n02439033_14121-2.png,sketch,2,giraffe,6,person,0.6778305172920227
sketch/giraffe/n02439033_14121-3.png,sketch,2,giraffe,2,giraffe,0.9791207313537598
sketch/giraffe/n02439033_14121-4.png,sketch,2,giraffe,2,giraffe,0.9999967813491821
sketch/giraffe/n02439033_14121-5.png,sketch,2,giraffe,2,giraffe,0.9534305334091187
sketch/giraffe/n02439033_14121-6.png,sketch,2,giraffe,2,giraffe,0.9999589920043945
sketch/giraffe/n02439033_14121-7.png,sketch,2,giraffe,2,giraffe,0.6922544240951538
sketch/giraffe/n02439033_14121-8.png,sketch,2,giraffe,2,giraffe,0.9981595873832703
sketch/giraffe/n02439033_14121-9.png,sketch,2,giraffe,2,giraffe,0.9997891783714294
sketch/giraffe/n02439033_14148-1.png,sketch,2,giraffe,2,giraffe,0.9997771382331848
sketch/giraffe/n02439033_14148-10.png,sketch,2,giraffe,2,giraffe,0.9988501071929932
sketch/giraffe/n02439033_14148-2.png,sketch,2,giraffe,2,giraffe,0.9927595853805542
sketch/giraffe/n02439033_14148-3.png,sketch,2,giraffe,2,giraffe,0.9999220371246338
sketch/giraffe/n02439033_14148-4.png,sketch,2,giraffe,2,giraffe,0.9999467134475708
sketch/giraffe/n02439033_14148-5.png,sketch,2,giraffe,2,giraffe,0.9944812059402466
sketch/giraffe/n02439033_14148-6.png,sketch,2,giraffe,2,giraffe,0.9164751768112183
sketch/giraffe/n02439033_14148-7.png,sketch,2,giraffe,2,giraffe,0.9512579441070557
sketch/giraffe/n02439033_14148-8.png,sketch,2,giraffe,2,giraffe,0.6218897104263306
sketch/giraffe/n02439033_14148-9.png,sketch,2,giraffe,2,giraffe,0.9999983310699463
sketch/giraffe/n02439033_14184-1.png,sketch,2,giraffe,2,giraffe,0.9995433688163757
sketch/giraffe/n02439033_14184-2.png,sketch,2,giraffe,2,giraffe,0.9562596678733826
sketch/giraffe/n02439033_14184-3.png,sketch,2,giraffe,6,person,0.8394215106964111
sketch/giraffe/n02439033_14184-4.png,sketch,2,giraffe,2,giraffe,0.9867310523986816
sketch/giraffe/n02439033_14184-5.png,sketch,2,giraffe,2,giraffe,0.9483389258384705
sketch/giraffe/n02439033_14322-1.png,sketch,2,giraffe,4,horse,0.6050644516944885
sketch/giraffe/n02439033_14322-2.png,sketch,2,giraffe,0,dog,0.6107897162437439
sketch/giraffe/n02439033_14322-3.png,sketch,2,giraffe,2,giraffe,0.8854864239692688
sketch/giraffe/n02439033_14322-4.png,sketch,2,giraffe,2,giraffe,0.5481142997741699
sketch/giraffe/n02439033_14322-5.png,sketch,2,giraffe,6,person,0.9944759011268616
sketch/giraffe/n02439033_14497-1.png,sketch,2,giraffe,2,giraffe,0.9969720840454102
sketch/giraffe/n02439033_14497-2.png,sketch,2,giraffe,2,giraffe,0.9981926083564758
sketch/giraffe/n02439033_14497-3.png,sketch,2,giraffe,2,giraffe,0.9966760873794556
sketch/giraffe/n02439033_14497-4.png,sketch,2,giraffe,2,giraffe,0.9997037053108215
sketch/giraffe/n02439033_14497-5.png,sketch,2,giraffe,2,giraffe,0.9997162222862244
sketch/giraffe/n02439033_14497-6.png,sketch,2,giraffe,2,giraffe,0.9970651268959045
sketch/giraffe/n02439033_14554-1.png,sketch,2,giraffe,5,house,0.6298020482063293
sketch/giraffe/n02439033_14554-2.png,sketch,2,giraffe,2,giraffe,0.999998927116394
sketch/giraffe/n02439033_14554-3.png,sketch,2,giraffe,2,giraffe,0.9579781889915466
sketch/giraffe/n02439033_14554-4.png,sketch,2,giraffe,2,giraffe,0.9950956106185913
sketch/giraffe/n02439033_14554-5.png,sketch,2,giraffe,5,house,0.9500932693481445
sketch/giraffe/n02439033_14554-6.png,sketch,2,giraffe,2,giraffe,0.999242901802063
sketch/giraffe/n02439033_14554-7.png,sketch,2,giraffe,2,giraffe,0.9920701384544373
sketch/giraffe/n02439033_14554-8.png,sketch,2,giraffe,2,giraffe,0.9999969005584717
sketch/giraffe/n02439033_14554-9.png,sketch,2,giraffe,5,house,0.6298403739929199
sketch/giraffe/n02439033_14580-1.png,sketch,2,giraffe,2,giraffe,0.9995255470275879
sketch/giraffe/n02439033_14580-10.png,sketch,2,giraffe,2,giraffe,0.8579859733581543
sketch/giraffe/n02439033_14580-2.png,sketch,2,giraffe,2,giraffe,0.9998539686203003
sketch/giraffe/n02439033_14580-3.png,sketch,2,giraffe,2,giraffe,0.9611049890518188
sketch/giraffe/n02439033_14580-4.png,sketch,2,giraffe,2,giraffe,0.918410062789917
sketch/giraffe/n02439033_14580-5.png,sketch,2,giraffe,2,giraffe,0.9999747276306152
sketch/giraffe/n02439033_14580-6.png,sketch,2,giraffe,6,person,0.5116832852363586
sketch/giraffe/n02439033_14580-7.png,sketch,2,giraffe,2,giraffe,0.9999862909317017
sketch/giraffe/n02439033_14580-8.png,sketch,2,giraffe,2,giraffe,0.8615360856056213
sketch/giraffe/n02439033_14580-9.png,sketch,2,giraffe,2,giraffe,0.9563077092170715
sketch/giraffe/n02439033_14600-1.png,sketch,2,giraffe,6,person,0.8271406292915344
sketch/giraffe/n02439033_14600-2.png,sketch,2,giraffe,0,dog,0.7688165307044983
sketch/giraffe/n02439033_14600-3.png,sketch,2,giraffe,0,dog,0.7457854747772217
sketch/giraffe/n02439033_14600-4.png,sketch,2,giraffe,2,giraffe,0.784505307674408
sketch/giraffe/n02439033_14600-5.png,sketch,2,giraffe,2,giraffe,0.9109036922454834
sketch/giraffe/n02439033_14600-6.png,sketch,2,giraffe,3,guitar,0.5687726140022278
sketch/giraffe/n02439033_14600-7.png,sketch,2,giraffe,2,giraffe,0.8531194925308228
sketch/giraffe/n02439033_14600-8.png,sketch,2,giraffe,2,giraffe,0.8673940896987915
sketch/giraffe/n02439033_14600-9.png,sketch,2,giraffe,2,giraffe,0.9894070029258728
sketch/giraffe/n02439033_14609-1.png,sketch,2,giraffe,6,person,0.9895798563957214
sketch/giraffe/n02439033_14609-2.png,sketch,2,giraffe,6,person,0.9792090654373169
sketch/giraffe/n02439033_14609-3.png,sketch,2,giraffe,6,person,0.7104772329330444
sketch/giraffe/n02439033_14609-4.png,sketch,2,giraffe,2,giraffe,0.6692413687705994
sketch/giraffe/n02439033_14609-5.png,sketch,2,giraffe,2,giraffe,0.9847275018692017
sketch/giraffe/n02439033_14609-6.png,sketch,2,giraffe,6,person,0.4188404679298401
sketch/giraffe/n02439033_14724-1.png,sketch,2,giraffe,2,giraffe,0.94386225938797
sketch/giraffe/n02439033_14724-2.png,sketch,2,giraffe,2,giraffe,0.9944922924041748
sketch/giraffe/n02439033_14724-3.png,sketch,2,giraffe,2,giraffe,0.9599329233169556
sketch/giraffe/n02439033_14724-4.png,sketch,2,giraffe,2,giraffe,0.999472439289093
sketch/giraffe/n02439033_14724-5.png,sketch,2,giraffe,2,giraffe,0.9995805621147156
sketch/giraffe/n02439033_14764-1.png,sketch,2,giraffe,2,giraffe,0.9461448192596436
sketch/giraffe/n02439033_14764-2.png,sketch,2,giraffe,2,giraffe,0.9998869895935059
sketch/giraffe/n02439033_14764-3.png,sketch,2,giraffe,2,giraffe,0.9951318502426147
sketch/giraffe/n02439033_14764-4.png,sketch,2,giraffe,2,giraffe,0.9917216897010803
sketch/giraffe/n02439033_14764-5.png,sketch,2,giraffe,2,giraffe,0.9997188448905945
sketch/giraffe/n02439033_14781-1.png,sketch,2,giraffe,2,giraffe,0.9967470169067383
sketch/giraffe/n02439033_14781-2.png,sketch,2,giraffe,2,giraffe,0.9477630257606506
sketch/giraffe/n02439033_14781-3.png,sketch,2,giraffe,2,giraffe,0.9895033836364746
sketch/giraffe/n02439033_14781-4.png,sketch,2,giraffe,2,giraffe,0.969528079032898
sketch/giraffe/n02439033_14781-5.png,sketch,2,giraffe,2,giraffe,0.9998630285263062
sketch/giraffe/n02439033_14781-6.png,sketch,2,giraffe,6,person,0.5791118144989014
sketch/giraffe/n02439033_14781-7.png,sketch,2,giraffe,2,giraffe,0.9992169141769409
sketch/giraffe/n02439033_14781-8.png,sketch,2,giraffe,2,giraffe,0.9777167439460754
sketch/giraffe/n02439033_14784-1.png,sketch,2,giraffe,2,giraffe,0.9882084727287292
sketch/giraffe/n02439033_14784-2.png,sketch,2,giraffe,2,giraffe,0.941908061504364
sketch/giraffe/n02439033_14784-3.png,sketch,2,giraffe,6,person,0.4279824197292328
sketch/giraffe/n02439033_14784-4.png,sketch,2,giraffe,2,giraffe,0.8831176161766052
sketch/giraffe/n02439033_14784-5.png,sketch,2,giraffe,2,giraffe,0.9430222511291504
sketch/giraffe/n02439033_14784-6.png,sketch,2,giraffe,2,giraffe,0.6525683403015137
sketch/giraffe/n02439033_14846-1.png,sketch,2,giraffe,2,giraffe,0.8043175339698792
sketch/giraffe/n02439033_14846-2.png,sketch,2,giraffe,2,giraffe,0.9992565512657166
sketch/giraffe/n02439033_14846-3.png,sketch,2,giraffe,2,giraffe,0.9227704405784607
sketch/giraffe/n02439033_14846-4.png,sketch,2,giraffe,2,giraffe,0.9999990463256836
sketch/giraffe/n02439033_14846-5.png,sketch,2,giraffe,2,giraffe,0.9993513226509094
sketch/giraffe/n02439033_14846-6.png,sketch,2,giraffe,2,giraffe,0.9999951124191284
sketch/giraffe/n02439033_14846-7.png,sketch,2,giraffe,2,giraffe,0.9999979734420776
sketch/giraffe/n02439033_14846-8.png,sketch,2,giraffe,2,giraffe,0.9999997615814209
sketch/giraffe/n02439033_14872-1.png,sketch,2,giraffe,2,giraffe,0.9998507499694824
sketch/giraffe/n02439033_14872-2.png,sketch,2,giraffe,2,giraffe,0.9989216327667236
sketch/giraffe/n02439033_14872-3.png,sketch,2,giraffe,2,giraffe,0.9926700592041016
sketch/giraffe/n02439033_14872-4.png,sketch,2,giraffe,2,giraffe,0.9865903854370117
sketch/giraffe/n02439033_14872-5.png,sketch,2,giraffe,2,giraffe,0.9992021918296814
sketch/giraffe/n02439033_14872-6.png,sketch,2,giraffe,2,giraffe,0.9990723133087158
sketch/giraffe/n02439033_14885-1.png,sketch,2,giraffe,2,giraffe,0.9202492833137512
sketch/giraffe/n02439033_14885-2.png,sketch,2,giraffe,2,giraffe,0.7147932052612305
sketch/giraffe/n02439033_14885-3.png,sketch,2,giraffe,2,giraffe,0.8007795810699463
sketch/giraffe/n02439033_14885-4.png,sketch,2,giraffe,2,giraffe,0.7580453753471375
sketch/giraffe/n02439033_14885-5.png,sketch,2,giraffe,2,giraffe,0.9792485237121582
sketch/giraffe/n02439033_14962-1.png,sketch,2,giraffe,2,giraffe,0.9459734559059143
sketch/giraffe/n02439033_14962-2.png,sketch,2,giraffe,4,horse,0.8849499821662903
sketch/giraffe/n02439033_14962-3.png,sketch,2,giraffe,2,giraffe,0.7889873385429382
sketch/giraffe/n02439033_14962-4.png,sketch,2,giraffe,2,giraffe,0.9384090900421143
sketch/giraffe/n02439033_14962-5.png,sketch,2,giraffe,0,dog,0.4644836485385895
sketch/giraffe/n02439033_14962-6.png,sketch,2,giraffe,2,giraffe,0.8079772591590881
sketch/giraffe/n02439033_14962-7.png,sketch,2,giraffe,6,person,0.42593199014663696
sketch/giraffe/n02439033_15005-1.png,sketch,2,giraffe,2,giraffe,0.9999722242355347
sketch/giraffe/n02439033_15005-10.png,sketch,2,giraffe,2,giraffe,0.9992521405220032
sketch/giraffe/n02439033_15005-2.png,sketch,2,giraffe,6,person,0.5256805419921875
sketch/giraffe/n02439033_15005-3.png,sketch,2,giraffe,0,dog,0.920703113079071
sketch/giraffe/n02439033_15005-4.png,sketch,2,giraffe,2,giraffe,0.9717180728912354
sketch/giraffe/n02439033_15005-5.png,sketch,2,giraffe,2,giraffe,0.9999791383743286
sketch/giraffe/n02439033_15005-6.png,sketch,2,giraffe,2,giraffe,0.9986775517463684
sketch/giraffe/n02439033_15005-7.png,sketch,2,giraffe,2,giraffe,0.9984568357467651
sketch/giraffe/n02439033_15005-8.png,sketch,2,giraffe,2,giraffe,0.9999990463256836
sketch/giraffe/n02439033_15005-9.png,sketch,2,giraffe,2,giraffe,0.9717974662780762
sketch/giraffe/n02439033_1508-1.png,sketch,2,giraffe,2,giraffe,0.9999964237213135
sketch/giraffe/n02439033_1508-2.png,sketch,2,giraffe,2,giraffe,0.9962660670280457
sketch/giraffe/n02439033_1508-3.png,sketch,2,giraffe,2,giraffe,0.9999780654907227
sketch/giraffe/n02439033_1508-4.png,sketch,2,giraffe,2,giraffe,0.9963041543960571
sketch/giraffe/n02439033_1508-5.png,sketch,2,giraffe,2,giraffe,0.9753637313842773
sketch/giraffe/n02439033_1508-6.png,sketch,2,giraffe,2,giraffe,0.9999814033508301
sketch/giraffe/n02439033_1508-7.png,sketch,2,giraffe,2,giraffe,0.9997140765190125
sketch/giraffe/n02439033_1508-8.png,sketch,2,giraffe,2,giraffe,0.8574120998382568
sketch/giraffe/n02439033_1508-9.png,sketch,2,giraffe,2,giraffe,0.8753774166107178
sketch/giraffe/n02439033_15384-1.png,sketch,2,giraffe,0,dog,0.6829837560653687
sketch/giraffe/n02439033_15384-2.png,sketch,2,giraffe,2,giraffe,0.9989951252937317
sketch/giraffe/n02439033_15384-3.png,sketch,2,giraffe,2,giraffe,0.9835257530212402
sketch/giraffe/n02439033_15384-4.png,sketch,2,giraffe,2,giraffe,0.9918745160102844
sketch/giraffe/n02439033_15384-5.png,sketch,2,giraffe,2,giraffe,0.9905925393104553
sketch/giraffe/n02439033_15401-1.png,sketch,2,giraffe,2,giraffe,0.9774941205978394
sketch/giraffe/n02439033_15401-2.png,sketch,2,giraffe,2,giraffe,0.9967772364616394
sketch/giraffe/n02439033_15401-3.png,sketch,2,giraffe,2,giraffe,0.9931246638298035
sketch/giraffe/n02439033_15401-4.png,sketch,2,giraffe,2,giraffe,0.7995561361312866
sketch/giraffe/n02439033_15401-5.png,sketch,2,giraffe,2,giraffe,0.7658958435058594
sketch/giraffe/n02439033_15453-1.png,sketch,2,giraffe,6,person,0.6950855255126953
sketch/giraffe/n02439033_15453-2.png,sketch,2,giraffe,2,giraffe,0.9667775630950928
sketch/giraffe/n02439033_15453-3.png,sketch,2,giraffe,2,giraffe,0.6734133362770081
sketch/giraffe/n02439033_15453-4.png,sketch,2,giraffe,2,giraffe,0.999574601650238
sketch/giraffe/n02439033_15453-5.png,sketch,2,giraffe,2,giraffe,0.9416454434394836
sketch/giraffe/n02439033_15453-6.png,sketch,2,giraffe,2,giraffe,0.8839368224143982
sketch/giraffe/n02439033_15453-7.png,sketch,2,giraffe,2,giraffe,0.9997720122337341
sketch/giraffe/n02439033_15453-8.png,sketch,2,giraffe,2,giraffe,0.9999915361404419
sketch/giraffe/n02439033_15453-9.png,sketch,2,giraffe,2,giraffe,0.9999912977218628
sketch/giraffe/n02439033_15479-1.png,sketch,2,giraffe,2,giraffe,0.9952144622802734
sketch/giraffe/n02439033_15479-2.png,sketch,2,giraffe,2,giraffe,0.9999833106994629
sketch/giraffe/n02439033_15479-3.png,sketch,2,giraffe,2,giraffe,0.9999878406524658
sketch/giraffe/n02439033_15479-4.png,sketch,2,giraffe,2,giraffe,0.9998607635498047
sketch/giraffe/n02439033_15479-5.png,sketch,2,giraffe,2,giraffe,0.9999327659606934
sketch/giraffe/n02439033_15479-6.png,sketch,2,giraffe,2,giraffe,0.999997615814209
sketch/giraffe/n02439033_15479-7.png,sketch,2,giraffe,2,giraffe,0.9999339580535889
sketch/giraffe/n02439033_15540-1.png,sketch,2,giraffe,2,giraffe,0.9954095482826233
sketch/giraffe/n02439033_15540-2.png,sketch,2,giraffe,2,giraffe,0.999219536781311
sketch/giraffe/n02439033_15540-3.png,sketch,2,giraffe,2,giraffe,0.9999748468399048
sketch/giraffe/n02439033_15540-4.png,sketch,2,giraffe,2,giraffe,0.9495791792869568
sketch/giraffe/n02439033_15540-5.png,sketch,2,giraffe,2,giraffe,0.9995744824409485
sketch/giraffe/n02439033_15540-6.png,sketch,2,giraffe,2,giraffe,0.997372031211853
sketch/giraffe/n02439033_15555-1.png,sketch,2,giraffe,2,giraffe,0.44403091073036194
sketch/giraffe/n02439033_15555-2.png,sketch,2,giraffe,2,giraffe,0.9999841451644897
sketch/giraffe/n02439033_15555-3.png,sketch,2,giraffe,2,giraffe,0.9911891222000122
sketch/giraffe/n02439033_15555-4.png,sketch,2,giraffe,2,giraffe,0.9968460202217102
sketch/giraffe/n02439033_15555-5.png,sketch,2,giraffe,2,giraffe,0.9999275207519531
sketch/giraffe/n02439033_15936-1.png,sketch,2,giraffe,2,giraffe,0.9804081916809082
sketch/giraffe/n02439033_15936-2.png,sketch,2,giraffe,2,giraffe,0.9769014716148376
sketch/giraffe/n02439033_15936-3.png,sketch,2,giraffe,2,giraffe,0.9718320965766907
sketch/giraffe/n02439033_15936-4.png,sketch,2,giraffe,2,giraffe,0.9961495399475098
sketch/giraffe/n02439033_15936-5.png,sketch,2,giraffe,2,giraffe,0.688832700252533
sketch/giraffe/n02439033_15936-6.png,sketch,2,giraffe,2,giraffe,0.8893192410469055
sketch/giraffe/n02439033_15936-7.png,sketch,2,giraffe,2,giraffe,0.9999284744262695
sketch/giraffe/n02439033_16085-1.png,sketch,2,giraffe,2,giraffe,0.7433428764343262
sketch/giraffe/n02439033_16085-2.png,sketch,2,giraffe,2,giraffe,0.8134993314743042
sketch/giraffe/n02439033_16085-3.png,sketch,2,giraffe,2,giraffe,0.9999252557754517
sketch/giraffe/n02439033_16085-4.png,sketch,2,giraffe,2,giraffe,0.999929666519165
sketch/giraffe/n02439033_16085-5.png,sketch,2,giraffe,2,giraffe,0.9966541528701782
sketch/giraffe/n02439033_16356-1.png,sketch,2,giraffe,2,giraffe,0.9948374629020691
sketch/giraffe/n02439033_16356-2.png,sketch,2,giraffe,2,giraffe,0.9999399185180664
sketch/giraffe/n02439033_16356-3.png,sketch,2,giraffe,2,giraffe,0.999291181564331
sketch/giraffe/n02439033_16356-4.png,sketch,2,giraffe,2,giraffe,0.9937247633934021
sketch/giraffe/n02439033_16356-5.png,sketch,2,giraffe,2,giraffe,0.601706326007843
sketch/giraffe/n02439033_16483-1.png,sketch,2,giraffe,2,giraffe,0.9999979734420776
sketch/giraffe/n02439033_16483-2.png,sketch,2,giraffe,2,giraffe,0.9965997338294983
sketch/giraffe/n02439033_16483-3.png,sketch,2,giraffe,2,giraffe,0.9995136260986328
sketch/giraffe/n02439033_16483-4.png,sketch,2,giraffe,2,giraffe,0.9901297688484192
sketch/giraffe/n02439033_16483-5.png,sketch,2,giraffe,2,giraffe,0.9999957084655762
sketch/giraffe/n02439033_16483-6.png,sketch,2,giraffe,2,giraffe,0.993273138999939
sketch/giraffe/n02439033_221-1.png,sketch,2,giraffe,2,giraffe,0.9877139329910278
sketch/giraffe/n02439033_221-2.png,sketch,2,giraffe,2,giraffe,0.9193155169487
sketch/giraffe/n02439033_221-3.png,sketch,2,giraffe,2,giraffe,0.9993680119514465
sketch/giraffe/n02439033_221-4.png,sketch,2,giraffe,2,giraffe,0.9998809099197388
sketch/giraffe/n02439033_221-5.png,sketch,2,giraffe,2,giraffe,0.7593676447868347
sketch/giraffe/n02439033_221-6.png,sketch,2,giraffe,2,giraffe,0.9997003078460693
sketch/giraffe/n02439033_2486-1.png,sketch,2,giraffe,2,giraffe,0.9996241331100464
sketch/giraffe/n02439033_2486-2.png,sketch,2,giraffe,2,giraffe,0.9962833523750305
sketch/giraffe/n02439033_2486-3.png,sketch,2,giraffe,2,giraffe,0.9999794960021973
sketch/giraffe/n02439033_2486-4.png,sketch,2,giraffe,2,giraffe,0.9980687499046326
sketch/giraffe/n02439033_2486-5.png,sketch,2,giraffe,2,giraffe,0.9999080896377563
sketch/giraffe/n02439033_2486-6.png,sketch,2,giraffe,2,giraffe,0.9989608526229858
sketch/giraffe/n02439033_2500-1.png,sketch,2,giraffe,2,giraffe,0.9991728663444519
sketch/giraffe/n02439033_2500-2.png,sketch,2,giraffe,2,giraffe,0.9965336322784424
sketch/giraffe/n02439033_2500-3.png,sketch,2,giraffe,2,giraffe,0.9992863535881042
sketch/giraffe/n02439033_2500-4.png,sketch,2,giraffe,2,giraffe,0.9412332773208618
sketch/giraffe/n02439033_2500-5.png,sketch,2,giraffe,6,person,0.9011355042457581
sketch/giraffe/n02439033_2500-6.png,sketch,2,giraffe,2,giraffe,0.9943985342979431
sketch/giraffe/n02439033_2677-1.png,sketch,2,giraffe,2,giraffe,0.7446691393852234
sketch/giraffe/n02439033_2677-2.png,sketch,2,giraffe,2,giraffe,0.9998170733451843
sketch/giraffe/n02439033_2677-3.png,sketch,2,giraffe,2,giraffe,0.9975737929344177
sketch/giraffe/n02439033_2677-4.png,sketch,2,giraffe,2,giraffe,0.9996658563613892
sketch/giraffe/n02439033_2677-5.png,sketch,2,giraffe,2,giraffe,0.9383414387702942
sketch/giraffe/n02439033_2677-6.png,sketch,2,giraffe,2,giraffe,0.9999760389328003
sketch/giraffe/n02439033_2677-7.png,sketch,2,giraffe,2,giraffe,0.9999692440032959
sketch/giraffe/n02439033_376-1.png,sketch,2,giraffe,2,giraffe,0.39272090792655945
sketch/giraffe/n02439033_376-2.png,sketch,2,giraffe,6,person,0.6748542785644531
sketch/giraffe/n02439033_376-3.png,sketch,2,giraffe,6,person,0.5729175806045532
sketch/giraffe/n02439033_376-4.png,sketch,2,giraffe,2,giraffe,0.9997263550758362
sketch/giraffe/n02439033_376-5.png,sketch,2,giraffe,2,giraffe,0.9512902498245239
sketch/giraffe/n02439033_3944-1.png,sketch,2,giraffe,0,dog,0.8091773986816406
sketch/giraffe/n02439033_3944-10.png,sketch,2,giraffe,3,guitar,0.5447898507118225
sketch/giraffe/n02439033_3944-2.png,sketch,2,giraffe,2,giraffe,0.9932575225830078
sketch/giraffe/n02439033_3944-3.png,sketch,2,giraffe,2,giraffe,0.6357384324073792
sketch/giraffe/n02439033_3944-4.png,sketch,2,giraffe,2,giraffe,0.9999971389770508
sketch/giraffe/n02439033_3944-5.png,sketch,2,giraffe,1,elephant,0.9441388845443726
sketch/giraffe/n02439033_3944-6.png,sketch,2,giraffe,4,horse,0.47604650259017944
sketch/giraffe/n02439033_3944-7.png,sketch,2,giraffe,1,elephant,0.40759602189064026
sketch/giraffe/n02439033_3944-8.png,sketch,2,giraffe,1,elephant,0.5134819149971008
sketch/giraffe/n02439033_3944-9.png,sketch,2,giraffe,1,elephant,0.89970862865448
sketch/giraffe/n02439033_4601-1.png,sketch,2,giraffe,2,giraffe,0.9952451586723328
sketch/giraffe/n02439033_4601-2.png,sketch,2,giraffe,2,giraffe,0.9999996423721313
sketch/giraffe/n02439033_4601-3.png,sketch,2,giraffe,2,giraffe,0.9999942779541016
sketch/giraffe/n02439033_4601-4.png,sketch,2,giraffe,2,giraffe,0.9758711457252502
sketch/giraffe/n02439033_4601-5.png,sketch,2,giraffe,2,giraffe,0.9995545744895935
sketch/giraffe/n02439033_5004-1.png,sketch,2,giraffe,2,giraffe,0.9943367838859558
sketch/giraffe/n02439033_5004-2.png,sketch,2,giraffe,2,giraffe,0.9365416169166565
sketch/giraffe/n02439033_5004-3.png,sketch,2,giraffe,2,giraffe,0.9913209080696106
sketch/giraffe/n02439033_5004-4.png,sketch,2,giraffe,2,giraffe,0.5137291550636292
sketch/giraffe/n02439033_5004-5.png,sketch,2,giraffe,4,horse,0.8794430494308472
sketch/giraffe/n02439033_5004-6.png,sketch,2,giraffe,2,giraffe,0.8463960289955139
sketch/giraffe/n02439033_5004-7.png,sketch,2,giraffe,2,giraffe,0.9977952241897583
sketch/giraffe/n02439033_5004-8.png,sketch,2,giraffe,6,person,0.9891363382339478
sketch/giraffe/n02439033_5652-1.png,sketch,2,giraffe,2,giraffe,0.9992181062698364
sketch/giraffe/n02439033_5652-2.png,sketch,2,giraffe,2,giraffe,0.5221055150032043
sketch/giraffe/n02439033_5652-3.png,sketch,2,giraffe,2,giraffe,0.5702873468399048
sketch/giraffe/n02439033_5652-4.png,sketch,2,giraffe,6,person,0.9849658012390137
sketch/giraffe/n02439033_5652-5.png,sketch,2,giraffe,6,person,0.8640016317367554
sketch/giraffe/n02439033_569-1.png,sketch,2,giraffe,2,giraffe,0.9704271554946899
sketch/giraffe/n02439033_569-2.png,sketch,2,giraffe,2,giraffe,0.8921031951904297
sketch/giraffe/n02439033_569-3.png,sketch,2,giraffe,2,giraffe,0.9608533382415771
sketch/giraffe/n02439033_569-4.png,sketch,2,giraffe,2,giraffe,0.8774917721748352
sketch/giraffe/n02439033_569-5.png,sketch,2,giraffe,2,giraffe,0.9999871253967285
sketch/giraffe/n02439033_628-1.png,sketch,2,giraffe,2,giraffe,0.9999467134475708
sketch/giraffe/n02439033_628-10.png,sketch,2,giraffe,2,giraffe,0.9980450868606567
sketch/giraffe/n02439033_628-2.png,sketch,2,giraffe,2,giraffe,0.9818695187568665
sketch/giraffe/n02439033_628-3.png,sketch,2,giraffe,2,giraffe,0.9994710087776184
sketch/giraffe/n02439033_628-4.png,sketch,2,giraffe,2,giraffe,0.9997767806053162
sketch/giraffe/n02439033_628-5.png,sketch,2,giraffe,2,giraffe,0.9926832318305969
sketch/giraffe/n02439033_628-6.png,sketch,2,giraffe,2,giraffe,0.9947681427001953
sketch/giraffe/n02439033_628-7.png,sketch,2,giraffe,2,giraffe,0.9555007815361023
sketch/giraffe/n02439033_628-8.png,sketch,2,giraffe,5,house,0.5278693437576294
sketch/giraffe/n02439033_628-9.png,sketch,2,giraffe,2,giraffe,0.999394416809082
sketch/giraffe/n02439033_6552-1.png,sketch,2,giraffe,6,person,0.6115784645080566
sketch/giraffe/n02439033_6552-2.png,sketch,2,giraffe,6,person,0.7563616633415222
sketch/giraffe/n02439033_6552-3.png,sketch,2,giraffe,2,giraffe,0.9870038628578186
sketch/giraffe/n02439033_6552-4.png,sketch,2,giraffe,2,giraffe,0.6571102142333984
sketch/giraffe/n02439033_6552-5.png,sketch,2,giraffe,2,giraffe,0.7829223871231079
sketch/giraffe/n02439033_67-1.png,sketch,2,giraffe,2,giraffe,0.9908005595207214
sketch/giraffe/n02439033_67-2.png,sketch,2,giraffe,2,giraffe,0.9276323318481445
sketch/giraffe/n02439033_67-3.png,sketch,2,giraffe,2,giraffe,0.9999823570251465
sketch/giraffe/n02439033_67-4.png,sketch,2,giraffe,2,giraffe,0.9918274879455566
sketch/giraffe/n02439033_67-5.png,sketch,2,giraffe,2,giraffe,0.981719434261322
sketch/giraffe/n02439033_67-6.png,sketch,2,giraffe,2,giraffe,0.9999997615814209
sketch/giraffe/n02439033_67-7.png,sketch,2,giraffe,2,giraffe,0.9999990463256836
sketch/giraffe/n02439033_866-1.png,sketch,2,giraffe,2,giraffe,0.9727261066436768
sketch/giraffe/n02439033_866-2.png,sketch,2,giraffe,2,giraffe,0.8870181441307068
sketch/giraffe/n02439033_866-3.png,sketch,2,giraffe,2,giraffe,0.7557262778282166
sketch/giraffe/n02439033_866-4.png,sketch,2,giraffe,2,giraffe,0.8143709301948547
sketch/giraffe/n02439033_866-5.png,sketch,2,giraffe,2,giraffe,0.9999395608901978
sketch/giraffe/n02439033_866-6.png,sketch,2,giraffe,2,giraffe,0.998883068561554
sketch/giraffe/n02439033_8789-1.png,sketch,2,giraffe,2,giraffe,0.9976505637168884
sketch/giraffe/n02439033_8789-2.png,sketch,2,giraffe,2,giraffe,0.9959295392036438
sketch/giraffe/n02439033_8789-3.png,sketch,2,giraffe,2,giraffe,0.7748483419418335
sketch/giraffe/n02439033_8789-4.png,sketch,2,giraffe,2,giraffe,0.9906525611877441
sketch/giraffe/n02439033_8789-5.png,sketch,2,giraffe,2,giraffe,0.999956488609314
sketch/giraffe/n02439033_8846-1.png,sketch,2,giraffe,2,giraffe,0.9844037294387817
sketch/giraffe/n02439033_8846-10.png,sketch,2,giraffe,2,giraffe,0.9999160766601562
sketch/giraffe/n02439033_8846-11.png,sketch,2,giraffe,2,giraffe,0.790894627571106
sketch/giraffe/n02439033_8846-12.png,sketch,2,giraffe,2,giraffe,0.9573763012886047
sketch/giraffe/n02439033_8846-13.png,sketch,2,giraffe,2,giraffe,0.9999874830245972
sketch/giraffe/n02439033_8846-2.png,sketch,2,giraffe,2,giraffe,0.974679708480835
sketch/giraffe/n02439033_8846-3.png,sketch,2,giraffe,2,giraffe,0.9926804900169373
sketch/giraffe/n02439033_8846-4.png,sketch,2,giraffe,2,giraffe,0.8349729776382446
sketch/giraffe/n02439033_8846-5.png,sketch,2,giraffe,4,horse,0.3464527726173401
sketch/giraffe/n02439033_8846-6.png,sketch,2,giraffe,6,person,0.3689233958721161
sketch/giraffe/n02439033_8846-7.png,sketch,2,giraffe,2,giraffe,0.8967366218566895
sketch/giraffe/n02439033_8846-8.png,sketch,2,giraffe,2,giraffe,0.9999922513961792
sketch/giraffe/n02439033_8846-9.png,sketch,2,giraffe,2,giraffe,0.9999208450317383
sketch/giraffe/n02439033_8875-1.png,sketch,2,giraffe,2,giraffe,0.9999828338623047
sketch/giraffe/n02439033_8875-2.png,sketch,2,giraffe,4,horse,0.47491633892059326
sketch/giraffe/n02439033_8875-3.png,sketch,2,giraffe,4,horse,0.3803003132343292
sketch/giraffe/n02439033_8875-4.png,sketch,2,giraffe,4,horse,0.5009240508079529
sketch/giraffe/n02439033_8875-5.png,sketch,2,giraffe,2,giraffe,0.9333089590072632
sketch/giraffe/n02439033_8875-6.png,sketch,2,giraffe,2,giraffe,0.9959767460823059
sketch/giraffe/n02439033_8875-7.png,sketch,2,giraffe,4,horse,0.5385926365852356
sketch/giraffe/n02439033_8875-8.png,sketch,2,giraffe,4,horse,0.7683655023574829
sketch/giraffe/n02439033_9257-1.png,sketch,2,giraffe,2,giraffe,0.9987579584121704
sketch/giraffe/n02439033_9257-2.png,sketch,2,giraffe,2,giraffe,0.9996292591094971
sketch/giraffe/n02439033_9257-3.png,sketch,2,giraffe,2,giraffe,0.7128351330757141
sketch/giraffe/n02439033_9257-4.png,sketch,2,giraffe,2,giraffe,0.7326920032501221
sketch/giraffe/n02439033_9257-5.png,sketch,2,giraffe,2,giraffe,0.9362941980361938
sketch/giraffe/n02439033_9257-6.png,sketch,2,giraffe,2,giraffe,0.9999039173126221
sketch/giraffe/n02439033_9261-1.png,sketch,2,giraffe,2,giraffe,0.9923920035362244
sketch/giraffe/n02439033_9261-2.png,sketch,2,giraffe,2,giraffe,0.97700035572052
sketch/giraffe/n02439033_9261-3.png,sketch,2,giraffe,2,giraffe,0.9995850920677185
sketch/giraffe/n02439033_9261-4.png,sketch,2,giraffe,2,giraffe,0.9983421564102173
sketch/giraffe/n02439033_9261-5.png,sketch,2,giraffe,2,giraffe,0.9999892711639404
sketch/giraffe/n02439033_9398-1.png,sketch,2,giraffe,0,dog,0.6268098950386047
sketch/giraffe/n02439033_9398-2.png,sketch,2,giraffe,6,person,0.9944940209388733
sketch/giraffe/n02439033_9398-3.png,sketch,2,giraffe,2,giraffe,0.9928761720657349
sketch/giraffe/n02439033_9398-4.png,sketch,2,giraffe,2,giraffe,0.9990682005882263
sketch/giraffe/n02439033_9398-5.png,sketch,2,giraffe,2,giraffe,0.9536967873573303
sketch/giraffe/n02439033_9398-6.png,sketch,2,giraffe,2,giraffe,0.9997265934944153
sketch/giraffe/n02439033_9472-1.png,sketch,2,giraffe,2,giraffe,0.9999339580535889
sketch/giraffe/n02439033_9472-10.png,sketch,2,giraffe,2,giraffe,0.9938259720802307
sketch/giraffe/n02439033_9472-2.png,sketch,2,giraffe,2,giraffe,0.9951677322387695
sketch/giraffe/n02439033_9472-3.png,sketch,2,giraffe,2,giraffe,0.9996687173843384
sketch/giraffe/n02439033_9472-4.png,sketch,2,giraffe,2,giraffe,0.9999637603759766
sketch/giraffe/n02439033_9472-5.png,sketch,2,giraffe,2,giraffe,0.9945769309997559
sketch/giraffe/n02439033_9472-6.png,sketch,2,giraffe,2,giraffe,0.9994747042655945
sketch/giraffe/n02439033_9472-7.png,sketch,2,giraffe,2,giraffe,0.9999184608459473
sketch/giraffe/n02439033_9472-8.png,sketch,2,giraffe,2,giraffe,0.9999995231628418
sketch/giraffe/n02439033_9472-9.png,sketch,2,giraffe,2,giraffe,0.9999994039535522
sketch/giraffe/n02439033_9598-1.png,sketch,2,giraffe,2,giraffe,0.9909092783927917
sketch/giraffe/n02439033_9598-10.png,sketch,2,giraffe,0,dog,0.7218317985534668
sketch/giraffe/n02439033_9598-2.png,sketch,2,giraffe,2,giraffe,0.999154806137085
sketch/giraffe/n02439033_9598-3.png,sketch,2,giraffe,2,giraffe,0.9161668419837952
sketch/giraffe/n02439033_9598-4.png,sketch,2,giraffe,2,giraffe,0.7042766213417053
sketch/giraffe/n02439033_9598-5.png,sketch,2,giraffe,4,horse,0.7612776756286621
sketch/giraffe/n02439033_9598-6.png,sketch,2,giraffe,6,person,0.5227364897727966
sketch/giraffe/n02439033_9598-7.png,sketch,2,giraffe,6,person,0.4735521972179413
sketch/giraffe/n02439033_9598-8.png,sketch,2,giraffe,6,person,0.7440775632858276
sketch/giraffe/n02439033_9598-9.png,sketch,2,giraffe,6,person,0.9997010231018066
sketch/giraffe/n02439033_9604-1.png,sketch,2,giraffe,6,person,0.9518203735351562
sketch/giraffe/n02439033_9604-2.png,sketch,2,giraffe,2,giraffe,0.8890925049781799
sketch/giraffe/n02439033_9604-3.png,sketch,2,giraffe,2,giraffe,0.9980916380882263
sketch/giraffe/n02439033_9604-4.png,sketch,2,giraffe,2,giraffe,0.9548249840736389
sketch/giraffe/n02439033_9604-5.png,sketch,2,giraffe,2,giraffe,0.7907418012619019
sketch/giraffe/n02439033_9679-1.png,sketch,2,giraffe,2,giraffe,0.9999208450317383
sketch/giraffe/n02439033_9679-2.png,sketch,2,giraffe,2,giraffe,0.9479979276657104
sketch/giraffe/n02439033_9679-3.png,sketch,2,giraffe,2,giraffe,0.9863792657852173
sketch/giraffe/n02439033_9679-4.png,sketch,2,giraffe,2,giraffe,0.9917895793914795
sketch/giraffe/n02439033_9679-5.png,sketch,2,giraffe,2,giraffe,0.9999339580535889
sketch/giraffe/n02439033_9719-1.png,sketch,2,giraffe,0,dog,0.5775033831596375
sketch/giraffe/n02439033_9719-2.png,sketch,2,giraffe,2,giraffe,0.9708923697471619
sketch/giraffe/n02439033_9719-3.png,sketch,2,giraffe,4,horse,0.4483932852745056
sketch/giraffe/n02439033_9719-4.png,sketch,2,giraffe,2,giraffe,0.8637125492095947
sketch/giraffe/n02439033_9719-5.png,sketch,2,giraffe,4,horse,0.4555329382419586
sketch/giraffe/n02439033_9719-6.png,sketch,2,giraffe,5,house,0.5540962815284729
sketch/giraffe/n02439033_9719-7.png,sketch,2,giraffe,4,horse,0.972854733467102
sketch/giraffe/n02439033_9719-8.png,sketch,2,giraffe,2,giraffe,0.5133212804794312
sketch/giraffe/n02439033_9719-9.png,sketch,2,giraffe,2,giraffe,0.9913226366043091
sketch/giraffe/n02439033_991-1.png,sketch,2,giraffe,1,elephant,0.9431613087654114
sketch/giraffe/n02439033_991-2.png,sketch,2,giraffe,5,house,0.45923858880996704
sketch/giraffe/n02439033_991-3.png,sketch,2,giraffe,2,giraffe,0.6687039136886597
sketch/giraffe/n02439033_991-4.png,sketch,2,giraffe,1,elephant,0.875338613986969
sketch/giraffe/n02439033_991-5.png,sketch,2,giraffe,6,person,0.8779730796813965
sketch/giraffe/n02439033_991-6.png,sketch,2,giraffe,6,person,0.9872976541519165
sketch/giraffe/n02439033_991-7.png,sketch,2,giraffe,6,person,0.9433565139770508
sketch/giraffe/n02439033_991-8.png,sketch,2,giraffe,2,giraffe,0.48641934990882874
sketch/giraffe/n02439033_991-9.png,sketch,2,giraffe,1,elephant,0.9054929614067078
sketch/guitar/7601.png,sketch,3,guitar,6,person,0.9290489554405212
sketch/guitar/7602.png,sketch,3,guitar,3,guitar,0.6097207069396973
sketch/guitar/7603.png,sketch,3,guitar,3,guitar,0.8653050661087036
sketch/guitar/7604.png,sketch,3,guitar,3,guitar,0.9932976365089417
sketch/guitar/7605.png,sketch,3,guitar,3,guitar,0.9741646647453308
sketch/guitar/7606.png,sketch,3,guitar,3,guitar,0.9997925162315369
sketch/guitar/7607.png,sketch,3,guitar,3,guitar,0.9956244826316833
sketch/guitar/7608.png,sketch,3,guitar,3,guitar,0.9999769926071167
sketch/guitar/7609.png,sketch,3,guitar,3,guitar,0.8827610611915588
sketch/guitar/7610.png,sketch,3,guitar,3,guitar,0.9287993311882019
sketch/guitar/7611.png,sketch,3,guitar,3,guitar,0.999983549118042
sketch/guitar/7612.png,sketch,3,guitar,3,guitar,0.9860250353813171
sketch/guitar/7613.png,sketch,3,guitar,3,guitar,0.9960863590240479
sketch/guitar/7614.png,sketch,3,guitar,3,guitar,0.9824424982070923
sketch/guitar/7615.png,sketch,3,guitar,3,guitar,0.9999614953994751
sketch/guitar/7616.png,sketch,3,guitar,3,guitar,0.6594386100769043
sketch/guitar/7617.png,sketch,3,guitar,6,person,0.7663800716400146
sketch/guitar/7618.png,sketch,3,guitar,3,guitar,0.9793764352798462
sketch/guitar/7619.png,sketch,3,guitar,3,guitar,0.9981563687324524
sketch/guitar/7620.png,sketch,3,guitar,3,guitar,0.6958566904067993
sketch/guitar/7621.png,sketch,3,guitar,3,guitar,0.9858183264732361
sketch/guitar/7622.png,sketch,3,guitar,3,guitar,0.9999923706054688
sketch/guitar/7623.png,sketch,3,guitar,2,giraffe,0.6889733076095581
sketch/guitar/7624.png,sketch,3,guitar,2,giraffe,0.38338541984558105
sketch/guitar/7625.png,sketch,3,guitar,3,guitar,0.9899954795837402
sketch/guitar/7626.png,sketch,3,guitar,3,guitar,0.48249462246894836
sketch/guitar/7627.png,sketch,3,guitar,3,guitar,0.5328813791275024
sketch/guitar/7628.png,sketch,3,guitar,3,guitar,0.999997615814209
sketch/guitar/7629.png,sketch,3,guitar,1,elephant,0.8917100429534912
sketch/guitar/7630.png,sketch,3,guitar,3,guitar,0.9987577199935913
sketch/guitar/7631.png,sketch,3,guitar,3,guitar,0.9998962879180908
sketch/guitar/7632.png,sketch,3,guitar,3,guitar,0.9999251365661621
sketch/guitar/7633.png,sketch,3,guitar,3,guitar,0.8599361181259155
sketch/guitar/7634.png,sketch,3,guitar,3,guitar,0.9999969005584717
sketch/guitar/7635.png,sketch,3,guitar,3,guitar,0.9997699856758118
sketch/guitar/7636.png,sketch,3,guitar,5,house,0.8763367533683777
sketch/guitar/7637.png,sketch,3,guitar,3,guitar,0.9627398252487183
sketch/guitar/7638.png,sketch,3,guitar,6,person,0.531785786151886
sketch/guitar/7639.png,sketch,3,guitar,3,guitar,0.970401406288147
sketch/guitar/7640.png,sketch,3,guitar,3,guitar,0.9994702935218811
sketch/guitar/7641.png,sketch,3,guitar,6,person,0.6460824608802795
sketch/guitar/7642.png,sketch,3,guitar,3,guitar,0.9999614953994751
sketch/guitar/7643.png,sketch,3,guitar,3,guitar,0.635593056678772
sketch/guitar/7644.png,sketch,3,guitar,3,guitar,0.5549376010894775
sketch/guitar/7645.png,sketch,3,guitar,3,guitar,0.9999748468399048
sketch/guitar/7646.png,sketch,3,guitar,6,person,0.9598824977874756
sketch/guitar/7647.png,sketch,3,guitar,6,person,0.9445590376853943
sketch/guitar/7648.png,sketch,3,guitar,3,guitar,0.9996415376663208
sketch/guitar/7649.png,sketch,3,guitar,6,person,0.49644023180007935
sketch/guitar/7650.png,sketch,3,guitar,3,guitar,0.31671401858329773
sketch/guitar/7651.png,sketch,3,guitar,3,guitar,0.9999946355819702
sketch/guitar/7652.png,sketch,3,guitar,3,guitar,0.9999297857284546
sketch/guitar/7653.png,sketch,3,guitar,3,guitar,0.46036893129348755
sketch/guitar/7654.png,sketch,3,guitar,3,guitar,0.6165075898170471
sketch/guitar/7655.png,sketch,3,guitar,3,guitar,0.9999934434890747
sketch/guitar/7656.png,sketch,3,guitar,3,guitar,0.6599435210227966
sketch/guitar/7657.png,sketch,3,guitar,3,guitar,0.9999904632568359
sketch/guitar/7658.png,sketch,3,guitar,3,guitar,0.6646126508712769
sketch/guitar/7659.png,sketch,3,guitar,3,guitar,0.9532322883605957
sketch/guitar/7660.png,sketch,3,guitar,1,elephant,0.5670101046562195
sketch/guitar/7661.png,sketch,3,guitar,6,person,0.8381009697914124
sketch/guitar/7662.png,sketch,3,guitar,3,guitar,0.4532427489757538
sketch/guitar/7663.png,sketch,3,guitar,3,guitar,0.9619730710983276
sketch/guitar/7664.png,sketch,3,guitar,1,elephant,0.5023871660232544
sketch/guitar/7665.png,sketch,3,guitar,3,guitar,0.9991329312324524
sketch/guitar/7666.png,sketch,3,guitar,3,guitar,0.9984719157218933
sketch/guitar/7667.png,sketch,3,guitar,6,person,0.40461984276771545
sketch/guitar/7668.png,sketch,3,guitar,6,person,0.5814779996871948
sketch/guitar/7669.png,sketch,3,guitar,6,person,0.27609121799468994
sketch/guitar/7670.png,sketch,3,guitar,3,guitar,0.9995112419128418
sketch/guitar/7671.png,sketch,3,guitar,3,guitar,0.4582920968532562
sketch/guitar/7672.png,sketch,3,guitar,3,guitar,0.9828656315803528
sketch/guitar/7673.png,sketch,3,guitar,3,guitar,0.9992434978485107
sketch/guitar/7674.png,sketch,3,guitar,2,giraffe,0.3811138868331909
sketch/guitar/7675.png,sketch,3,guitar,3,guitar,0.9990391731262207
sketch/guitar/7676.png,sketch,3,guitar,3,guitar,0.9999988079071045
sketch/guitar/7677.png,sketch,3,guitar,3,guitar,0.9981936812400818
sketch/guitar/7678.png,sketch,3,guitar,3,guitar,0.6758127212524414
sketch/guitar/7679.png,sketch,3,guitar,3,guitar,0.9999650716781616
sketch/guitar/7680.png,sketch,3,guitar,1,elephant,0.41176939010620117
sketch/guitar/n02676566_11377-1.png,sketch,3,guitar,3,guitar,0.8127831220626831
sketch/guitar/n02676566_11377-2.png,sketch,3,guitar,3,guitar,0.8978556394577026
sketch/guitar/n02676566_11377-3.png,sketch,3,guitar,3,guitar,0.999779999256134
sketch/guitar/n02676566_11377-4.png,sketch,3,guitar,3,guitar,0.999794065952301
sketch/guitar/n02676566_11377-5.png,sketch,3,guitar,3,guitar,0.9959599375724792
sketch/guitar/n02676566_11573-1.png,sketch,3,guitar,3,guitar,0.9998124241828918
sketch/guitar/n02676566_11573-2.png,sketch,3,guitar,3,guitar,0.9997337460517883
sketch/guitar/n02676566_11573-3.png,sketch,3,guitar,3,guitar,0.9991795420646667
sketch/guitar/n02676566_11573-4.png,sketch,3,guitar,6,person,0.8133574724197388
sketch/guitar/n02676566_11573-5.png,sketch,3,guitar,3,guitar,0.9407837986946106
sketch/guitar/n02676566_12344-1.png,sketch,3,guitar,3,guitar,0.999998927116394
sketch/guitar/n02676566_12344-2.png,sketch,3,guitar,3,guitar,0.9999182224273682
sketch/guitar/n02676566_12344-3.png,sketch,3,guitar,3,guitar,0.9996505975723267
sketch/guitar/n02676566_12344-4.png,sketch,3,guitar,3,guitar,0.6404520869255066
sketch/guitar/n02676566_12344-5.png,sketch,3,guitar,3,guitar,0.9999974966049194
sketch/guitar/n02676566_1324-1.png,sketch,3,guitar,3,guitar,0.999660849571228
sketch/guitar/n02676566_1324-2.png,sketch,3,guitar,3,guitar,0.9997546076774597
sketch/guitar/n02676566_1324-3.png,sketch,3,guitar,3,guitar,0.999936580657959
sketch/guitar/n02676566_1324-4.png,sketch,3,guitar,3,guitar,0.9999994039535522
sketch/guitar/n02676566_1324-5.png,sketch,3,guitar,3,guitar,1.0
sketch/guitar/n02676566_2380-1.png,sketch,3,guitar,3,guitar,0.9999771118164062
sketch/guitar/n02676566_2380-2.png,sketch,3,guitar,3,guitar,0.9999872446060181
sketch/guitar/n02676566_2380-3.png,sketch,3,guitar,3,guitar,0.9999958276748657
sketch/guitar/n02676566_2380-4.png,sketch,3,guitar,3,guitar,0.9999998807907104
sketch/guitar/n02676566_2380-5.png,sketch,3,guitar,3,guitar,0.9999998807907104
sketch/guitar/n02676566_2866-1.png,sketch,3,guitar,3,guitar,0.985707700252533
sketch/guitar/n02676566_2866-2.png,sketch,3,guitar,3,guitar,0.9998860359191895
sketch/guitar/n02676566_2866-3.png,sketch,3,guitar,3,guitar,0.9999817609786987
sketch/guitar/n02676566_2866-4.png,sketch,3,guitar,3,guitar,0.9999990463256836
sketch/guitar/n02676566_2866-5.png,sketch,3,guitar,3,guitar,0.9183861613273621
sketch/guitar/n02676566_307-1.png,sketch,3,guitar,3,guitar,0.9998747110366821
sketch/guitar/n02676566_307-2.png,sketch,3,guitar,3,guitar,0.9999728202819824
sketch/guitar/n02676566_307-3.png,sketch,3,guitar,3,guitar,1.0
sketch/guitar/n02676566_307-4.png,sketch,3,guitar,3,guitar,0.9999992847442627
sketch/guitar/n02676566_307-5.png,sketch,3,guitar,3,guitar,0.9999712705612183
sketch/guitar/n02676566_330-1.png,sketch,3,guitar,3,guitar,0.9999998807907104
sketch/guitar/n02676566_330-2.png,sketch,3,guitar,3,guitar,0.999992847442627
sketch/guitar/n02676566_330-3.png,sketch,3,guitar,3,guitar,0.9999960660934448
sketch/guitar/n02676566_330-4.png,sketch,3,guitar,3,guitar,0.9999994039535522
sketch/guitar/n02676566_330-5.png,sketch,3,guitar,3,guitar,0.9999967813491821
sketch/guitar/n02676566_330-6.png,sketch,3,guitar,3,guitar,0.9999196529388428
sketch/guitar/n02676566_3360-1.png,sketch,3,guitar,3,guitar,0.9957832098007202
sketch/guitar/n02676566_3360-2.png,sketch,3,guitar,3,guitar,0.9999992847442627
sketch/guitar/n02676566_3360-3.png,sketch,3,guitar,3,guitar,0.9983540773391724
sketch/guitar/n02676566_3360-4.png,sketch,3,guitar,3,guitar,0.9999420642852783
sketch/guitar/n02676566_3360-5.png,sketch,3,guitar,3,guitar,0.9886198043823242
sketch/guitar/n02676566_3360-6.png,sketch,3,guitar,3,guitar,0.9999998807907104
sketch/guitar/n02676566_4058-1.png,sketch,3,guitar,3,guitar,0.8985651731491089
sketch/guitar/n02676566_4058-2.png,sketch,3,guitar,1,elephant,0.49540865421295166
sketch/guitar/n02676566_4058-3.png,sketch,3,guitar,3,guitar,0.7816433310508728
sketch/guitar/n02676566_4058-4.png,sketch,3,guitar,3,guitar,0.9981865286827087
sketch/guitar/n02676566_4058-5.png,sketch,3,guitar,3,guitar,0.9999983310699463
sketch/guitar/n02676566_4058-6.png,sketch,3,guitar,1,elephant,0.6967959403991699
sketch/guitar/n02676566_4189-1.png,sketch,3,guitar,3,guitar,0.9999740123748779
sketch/guitar/n02676566_4189-2.png,sketch,3,guitar,3,guitar,0.9999998807907104
sketch/guitar/n02676566_4189-3.png,sketch,3,guitar,3,guitar,0.999996542930603
sketch/guitar/n02676566_4189-4.png,sketch,3,guitar,3,guitar,0.9999998807907104
sketch/guitar/n02676566_4189-5.png,sketch,3,guitar,3,guitar,0.9999997615814209
sketch/guitar/n02676566_4469-1.png,sketch,3,guitar,3,guitar,0.9999841451644897
sketch/guitar/n02676566_4469-2.png,sketch,3,guitar,3,guitar,0.9995232820510864
sketch/guitar/n02676566_4469-3.png,sketch,3,guitar,3,guitar,0.9999983310699463
sketch/guitar/n02676566_4469-4.png,sketch,3,guitar,3,guitar,0.9999970197677612
sketch/guitar/n02676566_4469-5.png,sketch,3,guitar,3,guitar,0.9999997615814209
sketch/guitar/n02676566_4605-1.png,sketch,3,guitar,3,guitar,0.9775287508964539
sketch/guitar/n02676566_4605-2.png,sketch,3,guitar,3,guitar,0.9919765591621399
sketch/guitar/n02676566_4605-3.png,sketch,3,guitar,3,guitar,0.9913089275360107
sketch/guitar/n02676566_4605-4.png,sketch,3,guitar,3,guitar,0.9863220453262329
sketch/guitar/n02676566_4605-5.png,sketch,3,guitar,2,giraffe,0.5454174876213074
sketch/guitar/n02676566_4605-6.png,sketch,3,guitar,3,guitar,0.9879265427589417
sketch/guitar/n02676566_4699-1.png,sketch,3,guitar,3,guitar,0.9999985694885254
sketch/guitar/n02676566_4699-2.png,sketch,3,guitar,3,guitar,0.9999974966049194
sketch/guitar/n02676566_4699-3.png,sketch,3,guitar,3,guitar,1.0
sketch/guitar/n02676566_4699-4.png,sketch,3,guitar,3,guitar,0.9997238516807556
sketch/guitar/n02676566_4699-5.png,sketch,3,guitar,3,guitar,0.9998961687088013
sketch/guitar/n02676566_5134-1.png,sketch,3,guitar,3,guitar,0.9956508278846741
sketch/guitar/n02676566_5134-2.png,sketch,3,guitar,3,guitar,0.9999881982803345
sketch/guitar/n02676566_5134-3.png,sketch,3,guitar,3,guitar,0.9990353584289551
sketch/guitar/n02676566_5134-4.png,sketch,3,guitar,3,guitar,0.9993921518325806
sketch/guitar/n02676566_5134-5.png,sketch,3,guitar,3,guitar,0.995876133441925
sketch/guitar/n02676566_5489-1.png,sketch,3,guitar,3,guitar,0.9998382329940796
sketch/guitar/n02676566_5489-2.png,sketch,3,guitar,3,guitar,0.9999891519546509
sketch/guitar/n02676566_5489-3.png,sketch,3,guitar,3,guitar,0.9965247511863708
sketch/guitar/n02676566_5489-4.png,sketch,3,guitar,3,guitar,0.9974997639656067
sketch/guitar/n02676566_5489-5.png,sketch,3,guitar,3,guitar,0.6644313335418701
sketch/guitar/n02676566_5489-6.png,sketch,3,guitar,3,guitar,0.999998927116394
sketch/guitar/n02676566_5489-7.png,sketch,3,guitar,3,guitar,0.9927151799201965
sketch/guitar/n02676566_5735-1.png,sketch,3,guitar,3,guitar,0.9999997615814209
sketch/guitar/n02676566_5735-2.png,sketch,3,guitar,3,guitar,0.9999794960021973
sketch/guitar/n02676566_5735-3.png,sketch,3,guitar,3,guitar,0.9999977350234985
sketch/guitar/n02676566_5735-4.png,sketch,3,guitar,3,guitar,0.9990112781524658
sketch/guitar/n02676566_5735-5.png,sketch,3,guitar,3,guitar,0.999998927116394
sketch/guitar/n02676566_6150-1.png,sketch,3,guitar,3,guitar,0.9999997615814209
sketch/guitar/n02676566_6150-2.png,sketch,3,guitar,3,guitar,0.9999998807907104
sketch/guitar/n02676566_6150-3.png,sketch,3,guitar,3,guitar,0.9999487400054932
sketch/guitar/n02676566_6150-4.png,sketch,3,guitar,3,guitar,0.9997413754463196
sketch/guitar/n02676566_6150-5.png,sketch,3,guitar,3,guitar,0.9999932050704956
sketch/guitar/n02676566_6402-1.png,sketch,3,guitar,3,guitar,0.9999939203262329
sketch/guitar/n02676566_6402-2.png,sketch,3,guitar,3,guitar,0.9999356269836426
sketch/guitar/n02676566_6402-3.png,sketch,3,guitar,3,guitar,0.9722661972045898
sketch/guitar/n02676566_6402-4.png,sketch,3,guitar,3,guitar,0.984029233455658
sketch/guitar/n02676566_6402-5.png,sketch,3,guitar,3,guitar,0.9999686479568481
sketch/guitar/n02676566_6430-1.png,sketch,3,guitar,3,guitar,0.999981164932251
sketch/guitar/n02676566_6430-2.png,sketch,3,guitar,3,guitar,0.9996380805969238
sketch/guitar/n02676566_6430-3.png,sketch,3,guitar,3,guitar,0.9999927282333374
sketch/guitar/n02676566_6430-4.png,sketch,3,guitar,3,guitar,0.9999992847442627
sketch/guitar/n02676566_6430-5.png,sketch,3,guitar,3,guitar,0.9999738931655884
sketch/guitar/n02676566_6560-1.png,sketch,3,guitar,3,guitar,0.9999995231628418
sketch/guitar/n02676566_6560-2.png,sketch,3,guitar,3,guitar,0.9999998807907104
sketch/guitar/n02676566_6560-3.png,sketch,3,guitar,3,guitar,0.9998997449874878
sketch/guitar/n02676566_6560-4.png,sketch,3,guitar,3,guitar,0.998982846736908
sketch/guitar/n02676566_6560-5.png,sketch,3,guitar,3,guitar,0.999994158744812
sketch/guitar/n02676566_659-1.png,sketch,3,guitar,3,guitar,0.9999998807907104
sketch/guitar/n02676566_659-2.png,sketch,3,guitar,3,guitar,0.9996009469032288
sketch/guitar/n02676566_659-3.png,sketch,3,guitar,3,guitar,1.0
sketch/guitar/n02676566_659-4.png,sketch,3,guitar,3,guitar,0.9999996423721313
sketch/guitar/n02676566_659-5.png,sketch,3,guitar,3,guitar,0.9956627488136292
sketch/guitar/n02676566_6631-1.png,sketch,3,guitar,3,guitar,0.9999960660934448
sketch/guitar/n02676566_6631-2.png,sketch,3,guitar,3,guitar,0.9999998807907104
sketch/guitar/n02676566_6631-3.png,sketch,3,guitar,3,guitar,0.9999866485595703
sketch/guitar/n02676566_6631-4.png,sketch,3,guitar,3,guitar,0.9999935626983643
sketch/guitar/n02676566_6631-5.png,sketch,3,guitar,3,guitar,0.9999948740005493
sketch/guitar/n02676566_6704-1.png,sketch,3,guitar,3,guitar,0.9999862909317017
sketch/guitar/n02676566_6704-2.png,sketch,3,guitar,3,guitar,0.999834418296814
sketch/guitar/n02676566_6704-3.png,sketch,3,guitar,3,guitar,0.999980092048645
sketch/guitar/n02676566_6704-4.png,sketch,3,guitar,3,guitar,0.9999802112579346
sketch/guitar/n02676566_6704-5.png,sketch,3,guitar,3,guitar,0.999914288520813
sketch/guitar/n02676566_6864-1.png,sketch,3,guitar,1,elephant,0.7928104996681213
sketch/guitar/n02676566_6864-2.png,sketch,3,guitar,3,guitar,0.5349210500717163
sketch/guitar/n02676566_6864-3.png,sketch,3,guitar,3,guitar,0.8372603058815002
sketch/guitar/n02676566_6864-4.png,sketch,3,guitar,6,person,0.529525876045227
sketch/guitar/n02676566_6864-5.png,sketch,3,guitar,3,guitar,0.9999902248382568
sketch/guitar/n02676566_6914-1.png,sketch,3,guitar,3,guitar,0.9999908208847046
sketch/guitar/n02676566_6914-2.png,sketch,3,guitar,3,guitar,0.9999988079071045
sketch/guitar/n02676566_6914-3.png,sketch,3,guitar,3,guitar,0.9987004995346069
sketch/guitar/n02676566_6914-4.png,sketch,3,guitar,3,guitar,0.9999997615814209
sketch/guitar/n02676566_6914-5.png,sketch,3,guitar,3,guitar,0.9999997615814209
sketch/guitar/n02676566_6948-1.png,sketch,3,guitar,3,guitar,0.9999966621398926
sketch/guitar/n02676566_6948-2.png,sketch,3,guitar,3,guitar,0.9999563694000244
sketch/guitar/n02676566_6948-3.png,sketch,3,guitar,3,guitar,0.9999995231628418
sketch/guitar/n02676566_6948-4.png,sketch,3,guitar,3,guitar,0.9999996423721313
sketch/guitar/n02676566_6948-5.png,sketch,3,guitar,3,guitar,0.9999998807907104
sketch/guitar/n02676566_6980-1.png,sketch,3,guitar,3,guitar,0.6530338525772095
sketch/guitar/n02676566_6980-2.png,sketch,3,guitar,3,guitar,0.9998773336410522
sketch/guitar/n02676566_6980-3.png,sketch,3,guitar,1,elephant,0.6274076104164124
sketch/guitar/n02676566_6980-4.png,sketch,3,guitar,3,guitar,0.7683195471763611
sketch/guitar/n02676566_6980-5.png,sketch,3,guitar,3,guitar,0.9822190999984741
sketch/guitar/n02676566_7385-1.png,sketch,3,guitar,3,guitar,0.9999997615814209
sketch/guitar/n02676566_7385-2.png,sketch,3,guitar,3,guitar,0.996421217918396
sketch/guitar/n02676566_7385-3.png,sketch,3,guitar,3,guitar,0.9999998807907104
sketch/guitar/n02676566_7385-4.png,sketch,3,guitar,3,guitar,0.9999995231628418
sketch/guitar/n02676566_7385-5.png,sketch,3,guitar,3,guitar,0.9999985694885254
sketch/guitar/n02676566_7385-6.png,sketch,3,guitar,3,guitar,0.9999997615814209
sketch/guitar/n02676566_7770-1.png,sketch,3,guitar,3,guitar,0.9971204996109009
sketch/guitar/n02676566_7770-2.png,sketch,3,guitar,3,guitar,0.7397295236587524
sketch/guitar/n02676566_7770-3.png,sketch,3,guitar,3,guitar,0.9990566372871399
sketch/guitar/n02676566_7770-4.png,sketch,3,guitar,3,guitar,0.9976789355278015
sketch/guitar/n02676566_7770-5.png,sketch,3,guitar,3,guitar,0.9927588701248169
sketch/guitar/n02676566_7830-1.png,sketch,3,guitar,3,guitar,0.9999995231628418
sketch/guitar/n02676566_7830-2.png,sketch,3,guitar,3,guitar,0.9999996423721313
sketch/guitar/n02676566_7830-3.png,sketch,3,guitar,3,guitar,0.9999995231628418
sketch/guitar/n02676566_7830-4.png,sketch,3,guitar,3,guitar,0.9999997615814209
sketch/guitar/n02676566_7830-5.png,sketch,3,guitar,3,guitar,0.9999895095825195
sketch/guitar/n02676566_7844-1.png,sketch,3,guitar,3,guitar,0.9999997615814209
sketch/guitar/n02676566_7844-2.png,sketch,3,guitar,3,guitar,0.999994158744812
sketch/guitar/n02676566_7844-3.png,sketch,3,guitar,3,guitar,0.9999924898147583
sketch/guitar/n02676566_7844-4.png,sketch,3,guitar,3,guitar,0.9999986886978149
sketch/guitar/n02676566_7844-5.png,sketch,3,guitar,3,guitar,0.9979140162467957
sketch/guitar/n02676566_7927-1.png,sketch,3,guitar,3,guitar,0.9999998807907104
sketch/guitar/n02676566_7927-2.png,sketch,3,guitar,3,guitar,0.999779999256134
sketch/guitar/n02676566_7927-3.png,sketch,3,guitar,3,guitar,0.9996429681777954
sketch/guitar/n02676566_7927-4.png,sketch,3,guitar,3,guitar,0.9999991655349731
sketch/guitar/n02676566_7927-5.png,sketch,3,guitar,3,guitar,0.9994804263114929
sketch/guitar/n02676566_7927-6.png,sketch,3,guitar,3,guitar,0.9999998807907104
sketch/guitar/n02676566_8268-1.png,sketch,3,guitar,3,guitar,1.0
sketch/guitar/n02676566_8268-2.png,sketch,3,guitar,3,guitar,0.9999004602432251
sketch/guitar/n02676566_8268-3.png,sketch,3,guitar,3,guitar,0.9713255167007446
sketch/guitar/n02676566_8268-4.png,sketch,3,guitar,3,guitar,0.9999995231628418
sketch/guitar/n02676566_8268-5.png,sketch,3,guitar,3,guitar,0.9999996423721313
sketch/guitar/n02676566_8309-1.png,sketch,3,guitar,3,guitar,0.998375415802002
sketch/guitar/n02676566_8309-2.png,sketch,3,guitar,3,guitar,0.9998859167098999
sketch/guitar/n02676566_8309-3.png,sketch,3,guitar,3,guitar,0.9999986886978149
sketch/guitar/n02676566_8309-4.png,sketch,3,guitar,3,guitar,0.9999992847442627
sketch/guitar/n02676566_8309-5.png,sketch,3,guitar,3,guitar,1.0
sketch/guitar/n02676566_8467-1.png,sketch,3,guitar,3,guitar,0.9999986886978149
sketch/guitar/n02676566_8467-2.png,sketch,3,guitar,3,guitar,0.9999964237213135
sketch/guitar/n02676566_8467-3.png,sketch,3,guitar,3,guitar,0.9999887943267822
sketch/guitar/n02676566_8467-4.png,sketch,3,guitar,3,guitar,0.9999951124191284
sketch/guitar/n02676566_8467-5.png,sketch,3,guitar,3,guitar,0.9999500513076782
sketch/guitar/n02676566_8618-1.png,sketch,3,guitar,3,guitar,0.9999998807907104
sketch/guitar/n02676566_8618-2.png,sketch,3,guitar,3,guitar,0.9997891783714294
sketch/guitar/n02676566_8618-3.png,sketch,3,guitar,3,guitar,0.9936792254447937
sketch/guitar/n02676566_8618-4.png,sketch,3,guitar,3,guitar,0.9999895095825195
sketch/guitar/n02676566_8618-5.png,sketch,3,guitar,3,guitar,0.9999929666519165
sketch/guitar/n02676566_8618-6.png,sketch,3,guitar,3,guitar,0.9999707937240601
sketch/guitar/n02676566_8820-1.png,sketch,3,guitar,3,guitar,0.9999303817749023
sketch/guitar/n02676566_8820-2.png,sketch,3,guitar,3,guitar,0.983898937702179
sketch/guitar/n02676566_8820-3.png,sketch,3,guitar,3,guitar,0.9998010993003845
sketch/guitar/n02676566_8820-4.png,sketch,3,guitar,3,guitar,1.0
sketch/guitar/n02676566_8820-5.png,sketch,3,guitar,3,guitar,0.9741792678833008
sketch/guitar/n02676566_8859-1.png,sketch,3,guitar,3,guitar,0.9995809197425842
sketch/guitar/n02676566_8859-2.png,sketch,3,guitar,3,guitar,0.9049076437950134
sketch/guitar/n02676566_8859-3.png,sketch,3,guitar,3,guitar,0.9992128610610962
sketch/guitar/n02676566_8859-4.png,sketch,3,guitar,3,guitar,0.9999499320983887
sketch/guitar/n02676566_8859-5.png,sketch,3,guitar,3,guitar,0.9999749660491943
sketch/guitar/n02676566_8859-6.png,sketch,3,guitar,3,guitar,0.9999998807907104
sketch/guitar/n02676566_8997-1.png,sketch,3,guitar,3,guitar,0.9999996423721313
sketch/guitar/n02676566_8997-2.png,sketch,3,guitar,3,guitar,0.9999984502792358
sketch/guitar/n02676566_8997-3.png,sketch,3,guitar,3,guitar,0.9999997615814209
sketch/guitar/n02676566_8997-4.png,sketch,3,guitar,3,guitar,0.9999960660934448
sketch/guitar/n02676566_8997-5.png,sketch,3,guitar,3,guitar,0.9995139837265015
sketch/guitar/n02676566_9062-1.png,sketch,3,guitar,3,guitar,0.9991394281387329
sketch/guitar/n02676566_9062-2.png,sketch,3,guitar,3,guitar,0.9999994039535522
sketch/guitar/n02676566_9062-3.png,sketch,3,guitar,3,guitar,0.9999685287475586
sketch/guitar/n02676566_9062-4.png,sketch,3,guitar,3,guitar,0.9999997615814209
sketch/guitar/n02676566_9062-5.png,sketch,3,guitar,3,guitar,0.999998927116394
sketch/guitar/n02676566_9243-1.png,sketch,3,guitar,3,guitar,0.9999982118606567
sketch/guitar/n02676566_9243-2.png,sketch,3,guitar,6,person,0.9924128651618958
sketch/guitar/n02676566_9243-3.png,sketch,3,guitar,3,guitar,0.9999997615814209
sketch/guitar/n02676566_9243-4.png,sketch,3,guitar,3,guitar,0.9999920129776001
sketch/guitar/n02676566_9243-5.png,sketch,3,guitar,3,guitar,0.9999992847442627
sketch/guitar/n02676566_9243-6.png,sketch,3,guitar,3,guitar,0.9999866485595703
sketch/guitar/n02676566_9254-1.png,sketch,3,guitar,3,guitar,0.7865435481071472
sketch/guitar/n02676566_9254-2.png,sketch,3,guitar,1,elephant,0.46057242155075073
sketch/guitar/n02676566_9254-3.png,sketch,3,guitar,3,guitar,0.9999998807907104
sketch/guitar/n02676566_9254-4.png,sketch,3,guitar,3,guitar,0.9385212659835815
sketch/guitar/n02676566_9254-5.png,sketch,3,guitar,3,guitar,0.9999995231628418
sketch/guitar/n02676566_9451-1.png,sketch,3,guitar,3,guitar,0.9999781847000122
sketch/guitar/n02676566_9451-2.png,sketch,3,guitar,3,guitar,0.9999911785125732
sketch/guitar/n02676566_9451-3.png,sketch,3,guitar,3,guitar,0.9870830774307251
sketch/guitar/n02676566_9451-4.png,sketch,3,guitar,3,guitar,0.999998927116394
sketch/guitar/n02676566_9451-5.png,sketch,3,guitar,3,guitar,0.9398056864738464
sketch/guitar/n02676566_9577-1.png,sketch,3,guitar,3,guitar,0.9999986886978149
sketch/guitar/n02676566_9577-2.png,sketch,3,guitar,3,guitar,0.999982476234436
sketch/guitar/n02676566_9577-3.png,sketch,3,guitar,3,guitar,0.9999997615814209
sketch/guitar/n02676566_9577-4.png,sketch,3,guitar,3,guitar,0.9825354814529419
sketch/guitar/n02676566_9577-5.png,sketch,3,guitar,3,guitar,0.9999994039535522
sketch/guitar/n02676566_9577-6.png,sketch,3,guitar,3,guitar,0.9999308586120605
sketch/guitar/n02676566_9612-1.png,sketch,3,guitar,3,guitar,0.777874231338501
sketch/guitar/n02676566_9612-2.png,sketch,3,guitar,3,guitar,0.9645642638206482
sketch/guitar/n02676566_9612-3.png,sketch,3,guitar,3,guitar,0.9999581575393677
sketch/guitar/n02676566_9612-4.png,sketch,3,guitar,3,guitar,0.7324035167694092
sketch/guitar/n02676566_9612-5.png,sketch,3,guitar,3,guitar,0.9980688691139221
sketch/guitar/n02676566_9661-1.png,sketch,3,guitar,3,guitar,0.9998303651809692
sketch/guitar/n02676566_9661-2.png,sketch,3,guitar,3,guitar,0.9999827146530151
sketch/guitar/n02676566_9661-3.png,sketch,3,guitar,3,guitar,0.9999998807907104
sketch/guitar/n02676566_9661-4.png,sketch,3,guitar,3,guitar,0.9997559189796448
sketch/guitar/n02676566_9661-5.png,sketch,3,guitar,3,guitar,0.9999990463256836
sketch/guitar/n02676566_9661-6.png,sketch,3,guitar,3,guitar,0.9904863238334656
sketch/guitar/n02676566_970-1.png,sketch,3,guitar,3,guitar,0.9993792772293091
sketch/guitar/n02676566_970-2.png,sketch,3,guitar,3,guitar,0.9873429536819458
sketch/guitar/n02676566_970-3.png,sketch,3,guitar,3,guitar,0.48477983474731445
sketch/guitar/n02676566_970-4.png,sketch,3,guitar,3,guitar,0.9657196402549744
sketch/guitar/n02676566_970-5.png,sketch,3,guitar,3,guitar,0.9989665746688843
sketch/guitar/n02676566_970-6.png,sketch,3,guitar,3,guitar,0.8745925426483154
sketch/guitar/n02676566_9936-1.png,sketch,3,guitar,3,guitar,0.9999955892562866
sketch/guitar/n02676566_9936-2.png,sketch,3,guitar,3,guitar,0.9999995231628418
sketch/guitar/n02676566_9936-3.png,sketch,3,guitar,3,guitar,0.9999946355819702
sketch/guitar/n02676566_9936-4.png,sketch,3,guitar,3,guitar,0.9999957084655762
sketch/guitar/n02676566_9936-5.png,sketch,3,guitar,3,guitar,0.9999977350234985
sketch/guitar/n03272010_10441-1.png,sketch,3,guitar,3,guitar,0.9999122619628906
sketch/guitar/n03272010_10441-2.png,sketch,3,guitar,3,guitar,0.9999819993972778
sketch/guitar/n03272010_10441-3.png,sketch,3,guitar,3,guitar,0.9999949932098389
sketch/guitar/n03272010_10441-4.png,sketch,3,guitar,3,guitar,0.9999995231628418
sketch/guitar/n03272010_10441-5.png,sketch,3,guitar,3,guitar,0.999980092048645
sketch/guitar/n03272010_10795-1.png,sketch,3,guitar,3,guitar,0.9999587535858154
sketch/guitar/n03272010_10795-2.png,sketch,3,guitar,3,guitar,0.9998749494552612
sketch/guitar/n03272010_10795-3.png,sketch,3,guitar,3,guitar,0.9999457597732544
sketch/guitar/n03272010_10795-4.png,sketch,3,guitar,3,guitar,0.9999243021011353
sketch/guitar/n03272010_10795-5.png,sketch,3,guitar,3,guitar,0.998948872089386
sketch/guitar/n03272010_11646-1.png,sketch,3,guitar,3,guitar,0.9999964237213135
sketch/guitar/n03272010_11646-2.png,sketch,3,guitar,3,guitar,0.9999922513961792
sketch/guitar/n03272010_11646-3.png,sketch,3,guitar,3,guitar,0.993274450302124
sketch/guitar/n03272010_11646-4.png,sketch,3,guitar,3,guitar,0.9999995231628418
sketch/guitar/n03272010_11646-5.png,sketch,3,guitar,3,guitar,0.9980456829071045
sketch/guitar/n03272010_12151-1.png,sketch,3,guitar,3,guitar,0.9639515280723572
sketch/guitar/n03272010_12151-2.png,sketch,3,guitar,3,guitar,0.9999915361404419
sketch/guitar/n03272010_12151-3.png,sketch,3,guitar,3,guitar,0.9999234676361084
sketch/guitar/n03272010_12151-4.png,sketch,3,guitar,3,guitar,0.9999896287918091
sketch/guitar/n03272010_12151-5.png,sketch,3,guitar,3,guitar,0.9999996423721313
sketch/guitar/n03272010_12468-1.png,sketch,3,guitar,3,guitar,0.999997615814209
sketch/guitar/n03272010_12468-2.png,sketch,3,guitar,3,guitar,0.997736930847168
sketch/guitar/n03272010_12468-3.png,sketch,3,guitar,3,guitar,0.9861990213394165
sketch/guitar/n03272010_12468-4.png,sketch,3,guitar,3,guitar,0.9999945163726807
sketch/guitar/n03272010_12468-5.png,sketch,3,guitar,3,guitar,0.999998927116394
sketch/guitar/n03272010_1708-1.png,sketch,3,guitar,3,guitar,0.9999991655349731
sketch/guitar/n03272010_1708-2.png,sketch,3,guitar,3,guitar,0.9999887943267822
sketch/guitar/n03272010_1708-3.png,sketch,3,guitar,3,guitar,0.9999977350234985
sketch/guitar/n03272010_1708-4.png,sketch,3,guitar,3,guitar,0.9964585900306702
sketch/guitar/n03272010_1708-5.png,sketch,3,guitar,3,guitar,0.9999170303344727
sketch/guitar/n03272010_1708-6.png,sketch,3,guitar,3,guitar,0.9996337890625
sketch/guitar/n03272010_3732-1.png,sketch,3,guitar,3,guitar,0.9999759197235107
sketch/guitar/n03272010_3732-2.png,sketch,3,guitar,3,guitar,0.9999918937683105
sketch/guitar/n03272010_3732-3.png,sketch,3,guitar,3,guitar,0.9997739195823669
sketch/guitar/n03272010_3732-4.png,sketch,3,guitar,3,guitar,0.9999901056289673
sketch/guitar/n03272010_3732-5.png,sketch,3,guitar,3,guitar,0.999970555305481
sketch/guitar/n03272010_3732-6.png,sketch,3,guitar,3,guitar,0.9997250437736511
sketch/guitar/n03272010_392-1.png,sketch,3,guitar,3,guitar,0.9997233748435974
sketch/guitar/n03272010_392-2.png,sketch,3,guitar,3,guitar,0.9409551620483398
sketch/guitar/n03272010_392-3.png,sketch,3,guitar,3,guitar,0.9999898672103882
sketch/guitar/n03272010_392-4.png,sketch,3,guitar,3,guitar,0.9999994039535522
sketch/guitar/n03272010_392-5.png,sketch,3,guitar,3,guitar,0.5792230367660522
sketch/guitar/n03272010_446-1.png,sketch,3,guitar,3,guitar,0.999921441078186
sketch/guitar/n03272010_446-2.png,sketch,3,guitar,3,guitar,0.9993928670883179
sketch/guitar/n03272010_446-3.png,sketch,3,guitar,3,guitar,0.9999995231628418
sketch/guitar/n03272010_446-4.png,sketch,3,guitar,3,guitar,0.8718602657318115
sketch/guitar/n03272010_446-5.png,sketch,3,guitar,3,guitar,0.9999884366989136
sketch/guitar/n03272010_5483-1.png,sketch,3,guitar,3,guitar,0.9870564937591553
sketch/guitar/n03272010_5483-2.png,sketch,3,guitar,3,guitar,0.999842643737793
sketch/guitar/n03272010_5483-3.png,sketch,3,guitar,3,guitar,0.9882826209068298
sketch/guitar/n03272010_5483-4.png,sketch,3,guitar,3,guitar,0.9999767541885376
sketch/guitar/n03272010_5483-5.png,sketch,3,guitar,3,guitar,0.9999972581863403
sketch/guitar/n03272010_5483-6.png,sketch,3,guitar,3,guitar,1.0
sketch/guitar/n03272010_5875-1.png,sketch,3,guitar,3,guitar,0.967570424079895
sketch/guitar/n03272010_5875-2.png,sketch,3,guitar,3,guitar,0.40830084681510925
sketch/guitar/n03272010_5875-3.png,sketch,3,guitar,6,person,0.5161585807800293
sketch/guitar/n03272010_5875-4.png,sketch,3,guitar,3,guitar,0.7992017865180969
sketch/guitar/n03272010_5875-5.png,sketch,3,guitar,3,guitar,0.5984861254692078
sketch/guitar/n03272010_5887-1.png,sketch,3,guitar,3,guitar,0.9773659706115723
sketch/guitar/n03272010_5887-2.png,sketch,3,guitar,3,guitar,0.35927408933639526
sketch/guitar/n03272010_5887-3.png,sketch,3,guitar,6,person,0.54349285364151
sketch/guitar/n03272010_5887-4.png,sketch,3,guitar,3,guitar,0.8616693615913391
sketch/guitar/n03272010_5887-5.png,sketch,3,guitar,3,guitar,0.9983128309249878
sketch/guitar/n03272010_5887-6.png,sketch,3,guitar,3,guitar,0.9982361793518066
sketch/guitar/n03272010_5887-7.png,sketch,3,guitar,3,guitar,0.9645078182220459
sketch/guitar/n03272010_6152-1.png,sketch,3,guitar,3,guitar,0.9992701411247253
sketch/guitar/n03272010_6152-2.png,sketch,3,guitar,3,guitar,0.9999998807907104
sketch/guitar/n03272010_6152-3.png,sketch,3,guitar,3,guitar,0.9999786615371704
sketch/guitar/n03272010_6152-4.png,sketch,3,guitar,3,guitar,0.981269359588623
sketch/guitar/n03272010_6152-5.png,sketch,3,guitar,3,guitar,0.5214712023735046
sketch/guitar/n03272010_6255-1.png,sketch,3,guitar,3,guitar,0.9998084902763367
sketch/guitar/n03272010_6255-2.png,sketch,3,guitar,3,guitar,0.9985241293907166
sketch/guitar/n03272010_6255-3.png,sketch,3,guitar,3,guitar,0.9980150461196899
sketch/guitar/n03272010_6255-4.png,sketch,3,guitar,3,guitar,0.9999879598617554
sketch/guitar/n03272010_6255-5.png,sketch,3,guitar,3,guitar,0.9998903274536133
sketch/guitar/n03272010_6291-1.png,sketch,3,guitar,3,guitar,0.9999971389770508
sketch/guitar/n03272010_6291-2.png,sketch,3,guitar,3,guitar,0.9998648166656494
sketch/guitar/n03272010_6291-3.png,sketch,3,guitar,3,guitar,0.9999098777770996
sketch/guitar/n03272010_6291-4.png,sketch,3,guitar,3,guitar,0.9992296695709229
sketch/guitar/n03272010_6291-5.png,sketch,3,guitar,3,guitar,0.9937700629234314
sketch/guitar/n03272010_6650-1.png,sketch,3,guitar,3,guitar,0.989769697189331
sketch/guitar/n03272010_6650-2.png,sketch,3,guitar,3,guitar,0.8973572850227356
sketch/guitar/n03272010_6650-3.png,sketch,3,guitar,3,guitar,0.9748937487602234
sketch/guitar/n03272010_6650-4.png,sketch,3,guitar,3,guitar,0.9622007012367249
sketch/guitar/n03272010_6650-5.png,sketch,3,guitar,3,guitar,0.9807298183441162
sketch/guitar/n03272010_6650-6.png,sketch,3,guitar,3,guitar,0.7834151387214661
sketch/guitar/n03272010_6662-1.png,sketch,3,guitar,3,guitar,0.9932859539985657
sketch/guitar/n03272010_6662-2.png,sketch,3,guitar,3,guitar,0.9999728202819824
sketch/guitar/n03272010_6662-3.png,sketch,3,guitar,3,guitar,0.9999995231628418
sketch/guitar/n03272010_6662-4.png,sketch,3,guitar,3,guitar,0.9999949932098389
sketch/guitar/n03272010_6662-5.png,sketch,3,guitar,3,guitar,0.9957503080368042
sketch/guitar/n03272010_6662-6.png,sketch,3,guitar,3,guitar,0.9999922513961792
sketch/guitar/n03272010_6662-7.png,sketch,3,guitar,3,guitar,0.993109941482544
sketch/guitar/n03272010_6718-1.png,sketch,3,guitar,3,guitar,0.9999895095825195
sketch/guitar/n03272010_6718-2.png,sketch,3,guitar,3,guitar,0.9991328120231628
sketch/guitar/n03272010_6718-3.png,sketch,3,guitar,3,guitar,0.6806577444076538
sketch/guitar/n03272010_6718-4.png,sketch,3,guitar,3,guitar,0.9999947547912598
sketch/guitar/n03272010_6718-5.png,sketch,3,guitar,3,guitar,0.9999643564224243
sketch/guitar/n03272010_6725-1.png,sketch,3,guitar,3,guitar,0.9193642139434814
sketch/guitar/n03272010_6725-2.png,sketch,3,guitar,3,guitar,0.5458143949508667
sketch/guitar/n03272010_6725-3.png,sketch,3,guitar,3,guitar,0.999954104423523
sketch/guitar/n03272010_6725-4.png,sketch,3,guitar,3,guitar,0.9999659061431885
sketch/guitar/n03272010_6725-5.png,sketch,3,guitar,3,guitar,0.9999703168869019
sketch/guitar/n03272010_6727-1.png,sketch,3,guitar,3,guitar,0.998337984085083
sketch/guitar/n03272010_6727-2.png,sketch,3,guitar,3,guitar,0.9209011197090149
sketch/guitar/n03272010_6727-3.png,sketch,3,guitar,3,guitar,0.9957159161567688
sketch/guitar/n03272010_6727-4.png,sketch,3,guitar,3,guitar,0.9985660910606384
sketch/guitar/n03272010_6727-5.png,sketch,3,guitar,3,guitar,0.9995693564414978
sketch/guitar/n03272010_6737-1.png,sketch,3,guitar,3,guitar,0.9999850988388062
sketch/guitar/n03272010_6737-2.png,sketch,3,guitar,3,guitar,0.9964107871055603
sketch/guitar/n03272010_6737-3.png,sketch,3,guitar,3,guitar,0.99988853931427
sketch/guitar/n03272010_6737-4.png,sketch,3,guitar,3,guitar,0.9999996423721313
sketch/guitar/n03272010_6737-5.png,sketch,3,guitar,3,guitar,0.9971531629562378
sketch/guitar/n03272010_6737-6.png,sketch,3,guitar,3,guitar,0.9999890327453613
sketch/guitar/n03272010_6799-1.png,sketch,3,guitar,3,guitar,0.9999911785125732
sketch/guitar/n03272010_6799-2.png,sketch,3,guitar,3,guitar,0.9999998807907104
sketch/guitar/n03272010_6799-3.png,sketch,3,guitar,3,guitar,0.9999980926513672
sketch/guitar/n03272010_6799-4.png,sketch,3,guitar,3,guitar,0.9994589686393738
sketch/guitar/n03272010_6799-5.png,sketch,3,guitar,3,guitar,1.0
sketch/guitar/n03272010_6809-1.png,sketch,3,guitar,3,guitar,0.9999948740005493
sketch/guitar/n03272010_6809-2.png,sketch,3,guitar,3,guitar,0.9998852014541626
sketch/guitar/n03272010_6809-3.png,sketch,3,guitar,3,guitar,0.9999933242797852
sketch/guitar/n03272010_6809-4.png,sketch,3,guitar,3,guitar,0.9999806880950928
sketch/guitar/n03272010_6809-5.png,sketch,3,guitar,3,guitar,0.9999895095825195
sketch/guitar/n03272010_6820-1.png,sketch,3,guitar,3,guitar,0.9999997615814209
sketch/guitar/n03272010_6820-2.png,sketch,3,guitar,3,guitar,0.9999995231628418
sketch/guitar/n03272010_6820-3.png,sketch,3,guitar,3,guitar,1.0
sketch/guitar/n03272010_6820-4.png,sketch,3,guitar,3,guitar,0.9999798536300659
sketch/guitar/n03272010_6820-5.png,sketch,3,guitar,3,guitar,0.9999946355819702
sketch/guitar/n03272010_6926-1.png,sketch,3,guitar,3,guitar,0.9999926090240479
sketch/guitar/n03272010_6926-2.png,sketch,3,guitar,3,guitar,0.9999138116836548
sketch/guitar/n03272010_6926-3.png,sketch,3,guitar,3,guitar,0.9999954700469971
sketch/guitar/n03272010_6926-4.png,sketch,3,guitar,3,guitar,0.9186330437660217
sketch/guitar/n03272010_6926-5.png,sketch,3,guitar,3,guitar,0.999977707862854
sketch/guitar/n03272010_7000-1.png,sketch,3,guitar,3,guitar,0.9981993436813354
sketch/guitar/n03272010_7000-2.png,sketch,3,guitar,3,guitar,0.8592450022697449
sketch/guitar/n03272010_7000-3.png,sketch,3,guitar,3,guitar,0.9988736510276794
sketch/guitar/n03272010_7000-4.png,sketch,3,guitar,3,guitar,0.9784477353096008
sketch/guitar/n03272010_7000-5.png,sketch,3,guitar,3,guitar,0.9971651434898376
sketch/guitar/n03272010_7092-1.png,sketch,3,guitar,3,guitar,0.9999622106552124
sketch/guitar/n03272010_7092-2.png,sketch,3,guitar,3,guitar,0.9999809265136719
sketch/guitar/n03272010_7092-3.png,sketch,3,guitar,3,guitar,0.9998972415924072
sketch/guitar/n03272010_7092-4.png,sketch,3,guitar,3,guitar,0.995697021484375
sketch/guitar/n03272010_7092-5.png,sketch,3,guitar,3,guitar,0.9999456405639648
sketch/guitar/n03272010_7383-1.png,sketch,3,guitar,3,guitar,0.9516801238059998
sketch/guitar/n03272010_7383-2.png,sketch,3,guitar,3,guitar,0.9873931407928467
sketch/guitar/n03272010_7383-3.png,sketch,3,guitar,3,guitar,0.9999817609786987
sketch/guitar/n03272010_7383-4.png,sketch,3,guitar,3,guitar,0.9720034003257751
sketch/guitar/n03272010_7383-5.png,sketch,3,guitar,3,guitar,0.9329177737236023
sketch/guitar/n03272010_7390-1.png,sketch,3,guitar,3,guitar,0.981052041053772
sketch/guitar/n03272010_7390-2.png,sketch,3,guitar,3,guitar,0.9952907562255859
sketch/guitar/n03272010_7390-3.png,sketch,3,guitar,3,guitar,0.5056289434432983
sketch/guitar/n03272010_7390-4.png,sketch,3,guitar,3,guitar,0.9987911581993103
sketch/guitar/n03272010_7390-5.png,sketch,3,guitar,2,giraffe,0.5874038338661194
sketch/guitar/n03272010_7635-1.png,sketch,3,guitar,3,guitar,0.9787878394126892
sketch/guitar/n03272010_7635-2.png,sketch,3,guitar,3,guitar,0.7814381718635559
sketch/guitar/n03272010_7635-3.png,sketch,3,guitar,3,guitar,0.920788586139679
sketch/guitar/n03272010_7635-4.png,sketch,3,guitar,3,guitar,0.994516909122467
sketch/guitar/n03272010_7635-5.png,sketch,3,guitar,3,guitar,0.9999055862426758
sketch/guitar/n03272010_7729-1.png,sketch,3,guitar,3,guitar,0.9992438554763794
sketch/guitar/n03272010_7729-2.png,sketch,3,guitar,3,guitar,0.9999997615814209
sketch/guitar/n03272010_7729-3.png,sketch,3,guitar,3,guitar,0.9999936819076538
sketch/guitar/n03272010_7729-4.png,sketch,3,guitar,3,guitar,0.999994158744812
sketch/guitar/n03272010_7729-5.png,sketch,3,guitar,3,guitar,0.9996045231819153
sketch/guitar/n03272010_9557-1.png,sketch,3,guitar,3,guitar,0.9999880790710449
sketch/guitar/n03272010_9557-2.png,sketch,3,guitar,3,guitar,0.9990338087081909
sketch/guitar/n03272010_9557-3.png,sketch,3,guitar,3,guitar,0.9999939203262329
sketch/guitar/n03272010_9557-4.png,sketch,3,guitar,3,guitar,0.9998568296432495
sketch/guitar/n03272010_9557-5.png,sketch,3,guitar,3,guitar,0.9996993541717529
sketch/guitar/n03272010_9557-6.png,sketch,3,guitar,3,guitar,0.9461022615432739
sketch/guitar/n03272010_9858-1.png,sketch,3,guitar,3,guitar,0.9999324083328247
sketch/guitar/n03272010_9858-2.png,sketch,3,guitar,3,guitar,0.9999977350234985
sketch/guitar/n03272010_9858-3.png,sketch,3,guitar,3,guitar,0.999782383441925
sketch/guitar/n03272010_9858-4.png,sketch,3,guitar,3,guitar,0.9999971389770508
sketch/guitar/n03272010_9858-5.png,sketch,3,guitar,3,guitar,0.9997621178627014
sketch/guitar/n03272010_9899-1.png,sketch,3,guitar,3,guitar,0.9933270215988159
sketch/guitar/n03272010_9899-2.png,sketch,3,guitar,3,guitar,0.9999880790710449
sketch/guitar/n03272010_9899-3.png,sketch,3,guitar,3,guitar,0.9999955892562866
sketch/guitar/n03272010_9899-4.png,sketch,3,guitar,3,guitar,0.9985791444778442
sketch/guitar/n03272010_9899-5.png,sketch,3,guitar,3,guitar,0.9999990463256836
sketch/guitar/n03467517_11020-1.png,sketch,3,guitar,3,guitar,0.6300389170646667
sketch/guitar/n03467517_11020-2.png,sketch,3,guitar,3,guitar,0.794880211353302
sketch/guitar/n03467517_11020-3.png,sketch,3,guitar,3,guitar,0.9962038397789001
sketch/guitar/n03467517_11020-4.png,sketch,3,guitar,3,guitar,0.7555952668190002
sketch/guitar/n03467517_11020-5.png,sketch,3,guitar,6,person,0.8501583933830261
sketch/guitar/n03467517_12925-1.png,sketch,3,guitar,3,guitar,0.9997764229774475
sketch/guitar/n03467517_12925-2.png,sketch,3,guitar,3,guitar,0.9999994039535522
sketch/guitar/n03467517_12925-3.png,sketch,3,guitar,3,guitar,0.9999943971633911
sketch/guitar/n03467517_12925-4.png,sketch,3,guitar,3,guitar,0.9999842643737793
sketch/guitar/n03467517_12925-5.png,sketch,3,guitar,3,guitar,0.9999419450759888
sketch/guitar/n03467517_16911-1.png,sketch,3,guitar,6,person,0.9307647943496704
sketch/guitar/n03467517_16911-2.png,sketch,3,guitar,6,person,0.9644109010696411
sketch/guitar/n03467517_16911-3.png,sketch,3,guitar,3,guitar,0.9232432842254639
sketch/guitar/n03467517_16911-4.png,sketch,3,guitar,3,guitar,0.9951174259185791
sketch/guitar/n03467517_16911-5.png,sketch,3,guitar,3,guitar,0.9997320771217346
sketch/guitar/n03467517_17233-1.png,sketch,3,guitar,3,guitar,0.9999661445617676
sketch/guitar/n03467517_17233-2.png,sketch,3,guitar,3,guitar,0.9719807505607605
sketch/guitar/n03467517_17233-3.png,sketch,3,guitar,3,guitar,1.0
sketch/guitar/n03467517_17233-4.png,sketch,3,guitar,3,guitar,0.9999986886978149
sketch/guitar/n03467517_17233-5.png,sketch,3,guitar,3,guitar,0.9999990463256836
sketch/guitar/n03467517_19701-1.png,sketch,3,guitar,3,guitar,0.9990973472595215
sketch/guitar/n03467517_19701-2.png,sketch,3,guitar,3,guitar,0.9975920915603638
sketch/guitar/n03467517_19701-3.png,sketch,3,guitar,3,guitar,0.9880119562149048
sketch/guitar/n03467517_19701-4.png,sketch,3,guitar,3,guitar,0.9939792156219482
sketch/guitar/n03467517_19701-5.png,sketch,3,guitar,3,guitar,0.9964959025382996
sketch/guitar/n03467517_21782-1.png,sketch,3,guitar,3,guitar,0.9022623300552368
sketch/guitar/n03467517_21782-2.png,sketch,3,guitar,3,guitar,0.964814305305481
sketch/guitar/n03467517_21782-3.png,sketch,3,guitar,6,person,0.9727957248687744
sketch/guitar/n03467517_21782-4.png,sketch,3,guitar,3,guitar,0.9277128577232361
sketch/guitar/n03467517_21782-5.png,sketch,3,guitar,3,guitar,0.9991029500961304
sketch/guitar/n03467517_21884-1.png,sketch,3,guitar,3,guitar,0.9999959468841553
sketch/guitar/n03467517_21884-2.png,sketch,3,guitar,3,guitar,0.999721109867096
sketch/guitar/n03467517_21884-3.png,sketch,3,guitar,3,guitar,0.999954104423523
sketch/guitar/n03467517_21884-4.png,sketch,3,guitar,3,guitar,0.9997169375419617
sketch/guitar/n03467517_21884-5.png,sketch,3,guitar,3,guitar,0.9950578212738037
sketch/guitar/n03467517_21884-6.png,sketch,3,guitar,3,guitar,0.9999996423721313
sketch/guitar/n03467517_22246-1.png,sketch,3,guitar,3,guitar,0.9999897480010986
sketch/guitar/n03467517_22246-2.png,sketch,3,guitar,3,guitar,0.9999669790267944
sketch/guitar/n03467517_22246-3.png,sketch,3,guitar,3,guitar,0.9999644756317139
sketch/guitar/n03467517_22246-4.png,sketch,3,guitar,3,guitar,0.999993085861206
sketch/guitar/n03467517_22246-5.png,sketch,3,guitar,3,guitar,0.9999984502792358
sketch/guitar/n03467517_22246-6.png,sketch,3,guitar,3,guitar,0.9999860525131226
sketch/guitar/n03467517_22374-1.png,sketch,3,guitar,3,guitar,0.9641962051391602
sketch/guitar/n03467517_22374-2.png,sketch,3,guitar,3,guitar,0.990570068359375
sketch/guitar/n03467517_22374-3.png,sketch,3,guitar,3,guitar,0.9975737929344177
sketch/guitar/n03467517_22374-4.png,sketch,3,guitar,2,giraffe,0.7028518915176392
sketch/guitar/n03467517_22374-5.png,sketch,3,guitar,3,guitar,0.9998418092727661
sketch/guitar/n03467517_22785-1.png,sketch,3,guitar,6,person,0.432424396276474
sketch/guitar/n03467517_22785-2.png,sketch,3,guitar,3,guitar,0.9387500882148743
sketch/guitar/n03467517_22785-3.png,sketch,3,guitar,3,guitar,0.9913312196731567
sketch/guitar/n03467517_22785-4.png,sketch,3,guitar,3,guitar,0.8163852095603943
sketch/guitar/n03467517_22785-5.png,sketch,3,guitar,3,guitar,0.9003080725669861
sketch/guitar/n03467517_22871-1.png,sketch,3,guitar,3,guitar,0.8816997408866882
sketch/guitar/n03467517_22871-2.png,sketch,3,guitar,3,guitar,0.9884203672409058
sketch/guitar/n03467517_22871-3.png,sketch,3,guitar,3,guitar,0.9999935626983643
sketch/guitar/n03467517_22871-4.png,sketch,3,guitar,6,person,0.9304152131080627
sketch/guitar/n03467517_22871-5.png,sketch,3,guitar,6,person,0.6083921790122986
sketch/guitar/n03467517_23229-1.png,sketch,3,guitar,3,guitar,0.9999927282333374
sketch/guitar/n03467517_23229-2.png,sketch,3,guitar,3,guitar,0.9999904632568359
sketch/guitar/n03467517_23229-3.png,sketch,3,guitar,3,guitar,0.9999908208847046
sketch/guitar/n03467517_23229-4.png,sketch,3,guitar,3,guitar,0.999969482421875
sketch/guitar/n03467517_23229-5.png,sketch,3,guitar,3,guitar,0.9942389726638794
sketch/guitar/n03467517_24525-1.png,sketch,3,guitar,3,guitar,0.999997615814209
sketch/guitar/n03467517_24525-2.png,sketch,3,guitar,3,guitar,0.9993031024932861
sketch/guitar/n03467517_24525-3.png,sketch,3,guitar,3,guitar,0.9999998807907104
sketch/guitar/n03467517_24525-4.png,sketch,3,guitar,3,guitar,0.9999959468841553
sketch/guitar/n03467517_24525-5.png,sketch,3,guitar,3,guitar,0.9999991655349731
sketch/guitar/n03467517_24525-6.png,sketch,3,guitar,3,guitar,0.9999998807907104
sketch/guitar/n03467517_3203-1.png,sketch,3,guitar,3,guitar,0.47937631607055664
sketch/guitar/n03467517_3203-2.png,sketch,3,guitar,6,person,0.745368480682373
sketch/guitar/n03467517_3203-3.png,sketch,3,guitar,6,person,0.7266234159469604
sketch/guitar/n03467517_3203-4.png,sketch,3,guitar,3,guitar,0.9706062078475952
sketch/guitar/n03467517_3203-5.png,sketch,3,guitar,3,guitar,0.982610285282135
sketch/guitar/n03467517_6423-1.png,sketch,3,guitar,3,guitar,0.9999997615814209
sketch/guitar/n03467517_6423-2.png,sketch,3,guitar,3,guitar,0.9999974966049194
sketch/guitar/n03467517_6423-3.png,sketch,3,guitar,3,guitar,0.9995958209037781
sketch/guitar/n03467517_6423-4.png,sketch,3,guitar,3,guitar,0.9999998807907104
sketch/guitar/n03467517_6423-5.png,sketch,3,guitar,3,guitar,0.999998927116394
sketch/guitar/n03467517_7007-1.png,sketch,3,guitar,3,guitar,0.9740293622016907
sketch/guitar/n03467517_7007-2.png,sketch,3,guitar,3,guitar,0.9998981952667236
sketch/guitar/n03467517_7007-3.png,sketch,3,guitar,3,guitar,0.9999818801879883
sketch/guitar/n03467517_7007-4.png,sketch,3,guitar,3,guitar,0.9862646460533142
sketch/guitar/n03467517_7007-5.png,sketch,3,guitar,3,guitar,0.9999312162399292
sketch/guitar/n03467517_7007-6.png,sketch,3,guitar,3,guitar,0.999962568283081
sketch/guitar/n03467517_8929-1.png,sketch,3,guitar,3,guitar,0.9993727803230286
sketch/guitar/n03467517_8929-2.png,sketch,3,guitar,3,guitar,0.9999997615814209
sketch/guitar/n03467517_8929-3.png,sketch,3,guitar,3,guitar,0.9999990463256836
sketch/guitar/n03467517_8929-4.png,sketch,3,guitar,3,guitar,0.9998654127120972
sketch/guitar/n03467517_8929-5.png,sketch,3,guitar,3,guitar,0.9999998807907104
sketch/horse/8481.png,sketch,4,horse,5,house,0.9960857629776001
sketch/horse/8482.png,sketch,4,horse,5,house,0.803386926651001
sketch/horse/8483.png,sketch,4,horse,5,house,0.6927491426467896
sketch/horse/8484.png,sketch,4,horse,4,horse,0.6023091077804565
sketch/horse/8485.png,sketch,4,horse,4,horse,0.8073928356170654
sketch/horse/8486.png,sketch,4,horse,5,house,0.5829461812973022
sketch/horse/8487.png,sketch,4,horse,5,house,0.8099365830421448
sketch/horse/8488.png,sketch,4,horse,4,horse,0.42970576882362366
sketch/horse/8489.png,sketch,4,horse,6,person,0.7199898362159729
sketch/horse/8490.png,sketch,4,horse,6,person,0.9747308492660522
sketch/horse/8491.png,sketch,4,horse,6,person,0.5361637473106384
sketch/horse/8492.png,sketch,4,horse,2,giraffe,0.8907768130302429
sketch/horse/8493.png,sketch,4,horse,2,giraffe,0.595891535282135
sketch/horse/8494.png,sketch,4,horse,2,giraffe,0.8112665414810181
sketch/horse/8495.png,sketch,4,horse,1,elephant,0.5654700994491577
sketch/horse/8496.png,sketch,4,horse,4,horse,0.45304790139198303
sketch/horse/8497.png,sketch,4,horse,2,giraffe,0.7934404611587524
sketch/horse/8498.png,sketch,4,horse,2,giraffe,0.5434018969535828
sketch/horse/8499.png,sketch,4,horse,2,giraffe,0.4759195148944855
sketch/horse/8500.png,sketch,4,horse,6,person,0.909994900226593
sketch/horse/8501.png,sketch,4,horse,4,horse,0.7261421084403992
sketch/horse/8502.png,sketch,4,horse,5,house,0.9382032155990601
sketch/horse/8503.png,sketch,4,horse,1,elephant,0.7645730376243591
sketch/horse/8504.png,sketch,4,horse,4,horse,0.27777957916259766
sketch/horse/8505.png,sketch,4,horse,6,person,0.26669207215309143
sketch/horse/8506.png,sketch,4,horse,6,person,0.4585396647453308
sketch/horse/8507.png,sketch,4,horse,2,giraffe,0.9652552008628845
sketch/horse/8508.png,sketch,4,horse,6,person,0.3543612062931061
sketch/horse/8509.png,sketch,4,horse,1,elephant,0.7571747899055481
sketch/horse/8510.png,sketch,4,horse,1,elephant,0.7490472197532654
sketch/horse/8511.png,sketch,4,horse,6,person,0.47812825441360474
sketch/horse/8512.png,sketch,4,horse,5,house,0.9298405647277832
sketch/horse/8513.png,sketch,4,horse,4,horse,0.5939479470252991
sketch/horse/8514.png,sketch,4,horse,1,elephant,0.6997857093811035
sketch/horse/8515.png,sketch,4,horse,2,giraffe,0.33101725578308105
sketch/horse/8516.png,sketch,4,horse,1,elephant,0.9045246839523315
sketch/horse/8517.png,sketch,4,horse,4,horse,0.5435822010040283
sketch/horse/8518.png,sketch,4,horse,0,dog,0.3883945643901825
sketch/horse/8519.png,sketch,4,horse,6,person,0.9001726508140564
sketch/horse/8520.png,sketch,4,horse,2,giraffe,0.4516141414642334
sketch/horse/8521.png,sketch,4,horse,2,giraffe,0.5485349297523499
sketch/horse/8522.png,sketch,4,horse,2,giraffe,0.8442363142967224
sketch/horse/8523.png,sketch,4,horse,2,giraffe,0.8587468266487122
sketch/horse/8524.png,sketch,4,horse,1,elephant,0.3357648551464081
sketch/horse/8525.png,sketch,4,horse,5,house,0.9159255623817444
sketch/horse/8526.png,sketch,4,horse,4,horse,0.6232860088348389
sketch/horse/8527.png,sketch,4,horse,5,house,0.3984576165676117
sketch/horse/8528.png,sketch,4,horse,0,dog,0.4181242287158966
sketch/horse/8529.png,sketch,4,horse,6,person,0.414803683757782
sketch/horse/8530.png,sketch,4,horse,6,person,0.7304151058197021
sketch/horse/8531.png,sketch,4,horse,1,elephant,0.6728270053863525
sketch/horse/8532.png,sketch,4,horse,0,dog,0.40638598799705505
sketch/horse/8533.png,sketch,4,horse,4,horse,0.9251620173454285
sketch/horse/8534.png,sketch,4,horse,4,horse,0.6960781812667847
sketch/horse/8535.png,sketch,4,horse,6,person,0.6941888332366943
sketch/horse/8536.png,sketch,4,horse,2,giraffe,0.6514236927032471
sketch/horse/8537.png,sketch,4,horse,0,dog,0.353448748588562
sketch/horse/8538.png,sketch,4,horse,4,horse,0.9052186012268066
sketch/horse/8539.png,sketch,4,horse,2,giraffe,0.23245975375175476
sketch/horse/8540.png,sketch,4,horse,2,giraffe,0.38680511713027954
sketch/horse/8541.png,sketch,4,horse,1,elephant,0.5097100138664246
sketch/horse/8542.png,sketch,4,horse,0,dog,0.6955968737602234
sketch/horse/8543.png,sketch,4,horse,5,house,0.9402616024017334
sketch/horse/8544.png,sketch,4,horse,5,house,0.36474791169166565
sketch/horse/8545.png,sketch,4,horse,2,giraffe,0.720016360282898
sketch/horse/8546.png,sketch,4,horse,5,house,0.879841148853302
sketch/horse/8547.png,sketch,4,horse,5,house,0.8244863152503967
sketch/horse/8548.png,sketch,4,horse,6,person,0.4124595820903778
sketch/horse/8549.png,sketch,4,horse,6,person,0.5777026414871216
sketch/horse/8550.png,sketch,4,horse,0,dog,0.22931455075740814
sketch/horse/8551.png,sketch,4,horse,2,giraffe,0.8229637145996094
sketch/horse/8552.png,sketch,4,horse,5,house,0.9344696402549744
sketch/horse/8553.png,sketch,4,horse,6,person,0.5249788165092468
sketch/horse/8554.png,sketch,4,horse,6,person,0.3452034890651703
sketch/horse/8555.png,sketch,4,horse,5,house,0.8837257623672485
sketch/horse/8556.png,sketch,4,horse,6,person,0.9377391934394836
sketch/horse/8557.png,sketch,4,horse,2,giraffe,0.9182243943214417
sketch/horse/8558.png,sketch,4,horse,2,giraffe,0.5366995334625244
sketch/horse/8559.png,sketch,4,horse,4,horse,0.5314088463783264
sketch/horse/8560.png,sketch,4,horse,0,dog,0.3495272696018219
sketch/horse/n02374451_10081-1.png,sketch,4,horse,0,dog,0.35857629776000977
sketch/horse/n02374451_10081-2.png,sketch,4,horse,4,horse,0.6657143235206604
sketch/horse/n02374451_10081-3.png,sketch,4,horse,4,horse,0.5837178230285645
sketch/horse/n02374451_10081-4.png,sketch,4,horse,0,dog,0.6316471099853516
sketch/horse/n02374451_10081-5.png,sketch,4,horse,4,horse,0.8397318720817566
sketch/horse/n02374451_10081-6.png,sketch,4,horse,4,horse,0.817311704158783
sketch/horse/n02374451_10098-1.png,sketch,4,horse,4,horse,0.5705528259277344
sketch/horse/n02374451_10098-2.png,sketch,4,horse,6,person,0.6952735781669617
sketch/horse/n02374451_10098-3.png,sketch,4,horse,4,horse,0.9971054196357727
sketch/horse/n02374451_10098-4.png,sketch,4,horse,4,horse,0.7025249004364014
sketch/horse/n02374451_10098-5.png,sketch,4,horse,4,horse,0.819452702999115
sketch/horse/n02374451_10098-6.png,sketch,4,horse,4,horse,0.5641993284225464
sketch/horse/n02374451_10098-7.png,sketch,4,horse,4,horse,0.9878383874893188
sketch/horse/n02374451_10099-1.png,sketch,4,horse,1,elephant,0.3385884463787079
sketch/horse/n02374451_10099-2.png,sketch,4,horse,0,dog,0.46629709005355835
sketch/horse/n02374451_10099-3.png,sketch,4,horse,4,horse,0.8031430244445801
sketch/horse/n02374451_10099-4.png,sketch,4,horse,4,horse,0.6588250994682312
sketch/horse/n02374451_10099-5.png,sketch,4,horse,4,horse,0.7457003593444824
sketch/horse/n02374451_10099-6.png,sketch,4,horse,4,horse,0.757097601890564
sketch/horse/n02374451_10099-7.png,sketch,4,horse,4,horse,0.5526759028434753
sketch/horse/n02374451_10099-8.png,sketch,4,horse,4,horse,0.9694850444793701
sketch/horse/n02374451_10099-9.png,sketch,4,horse,4,horse,0.5567778944969177
sketch/horse/n02374451_10118-1.png,sketch,4,horse,4,horse,0.3859861195087433
sketch/horse/n02374451_10118-2.png,sketch,4,horse,4,horse,0.8475725650787354
sketch/horse/n02374451_10118-3.png,sketch,4,horse,4,horse,0.8976247906684875
sketch/horse/n02374451_10118-4.png,sketch,4,horse,4,horse,0.9972087740898132
sketch/horse/n02374451_10118-5.png,sketch,4,horse,4,horse,0.9814120531082153
sketch/horse/n02374451_10331-1.png,sketch,4,horse,5,house,0.8771555423736572
sketch/horse/n02374451_10331-2.png,sketch,4,horse,4,horse,0.8986172080039978
sketch/horse/n02374451_10331-3.png,sketch,4,horse,5,house,0.4901546835899353
sketch/horse/n02374451_10331-4.png,sketch,4,horse,0,dog,0.6451917886734009
sketch/horse/n02374451_10331-5.png,sketch,4,horse,5,house,0.9336574673652649
sketch/horse/n02374451_10669-1.png,sketch,4,horse,0,dog,0.5296196937561035
sketch/horse/n02374451_10669-2.png,sketch,4,horse,5,house,0.5668642520904541
sketch/horse/n02374451_10669-3.png,sketch,4,horse,5,house,0.605131208896637
sketch/horse/n02374451_10669-4.png,sketch,4,horse,1,elephant,0.7486318945884705
sketch/horse/n02374451_10669-5.png,sketch,4,horse,1,elephant,0.9419341087341309
sketch/horse/n02374451_10669-6.png,sketch,4,horse,1,elephant,0.7699588537216187
sketch/horse/n02374451_10669-7.png,sketch,4,horse,4,horse,0.5168924331665039
sketch/horse/n02374451_10669-8.png,sketch,4,horse,5,house,0.476894348859787
sketch/horse/n02374451_10669-9.png,sketch,4,horse,2,giraffe,0.3968728482723236
sketch/horse/n02374451_10761-1.png,sketch,4,horse,2,giraffe,0.5140736103057861
sketch/horse/n02374451_10761-10.png,sketch,4,horse,4,horse,0.538491427898407
sketch/horse/n02374451_10761-2.png,sketch,4,horse,2,giraffe,0.8878253698348999
sketch/horse/n02374451_10761-3.png,sketch,4,horse,4,horse,0.5809932351112366
sketch/horse/n02374451_10761-4.png,sketch,4,horse,2,giraffe,0.5593438148498535
sketch/horse/n02374451_10761-5.png,sketch,4,horse,4,horse,0.6227830052375793
sketch/horse/n02374451_10761-6.png,sketch,4,horse,4,horse,0.5373843312263489
sketch/horse/n02374451_10761-7.png,sketch,4,horse,4,horse,0.9891322255134583
sketch/horse/n02374451_10761-8.png,sketch,4,horse,2,giraffe,0.5363597273826599
sketch/horse/n02374451_10761-9.png,sketch,4,horse,0,dog,0.48566046357154846
sketch/horse/n02374451_10809-1.png,sketch,4,horse,4,horse,0.6640965938568115
sketch/horse/n02374451_10809-2.png,sketch,4,horse,4,horse,0.7471818327903748
sketch/horse/n02374451_10809-4.png,sketch,4,horse,4,horse,0.7439764142036438
sketch/horse/n02374451_10809-5.png,sketch,4,horse,4,horse,0.9731200337409973
sketch/horse/n02374451_10809-6.png,sketch,4,horse,2,giraffe,0.5470241904258728
sketch/horse/n02374451_10809-7.png,sketch,4,horse,4,horse,0.7729616165161133
sketch/horse/n02374451_10809-8.png,sketch,4,horse,2,giraffe,0.544887125492096
sketch/horse/n02374451_11479-1.png,sketch,4,horse,2,giraffe,0.9508671760559082
sketch/horse/n02374451_11479-2.png,sketch,4,horse,2,giraffe,0.7214680910110474
sketch/horse/n02374451_11479-3.png,sketch,4,horse,4,horse,0.4794994592666626
sketch/horse/n02374451_11479-4.png,sketch,4,horse,6,person,0.5867772102355957
sketch/horse/n02374451_11479-5.png,sketch,4,horse,5,house,0.45628565549850464
sketch/horse/n02374451_11479-6.png,sketch,4,horse,2,giraffe,0.796615719795227
sketch/horse/n02374451_11479-7.png,sketch,4,horse,4,horse,0.5018928647041321
sketch/horse/n02374451_11483-1.png,sketch,4,horse,2,giraffe,0.6713496446609497
sketch/horse/n02374451_11483-2.png,sketch,4,horse,4,horse,0.9354495406150818
sketch/horse/n02374451_11483-3.png,sketch,4,horse,4,horse,0.9883449077606201
sketch/horse/n02374451_11483-4.png,sketch,4,horse,2,giraffe,0.8101671934127808
sketch/horse/n02374451_11483-5.png,sketch,4,horse,4,horse,0.9373438358306885
sketch/horse/n02374451_11483-6.png,sketch,4,horse,2,giraffe,0.7772836089134216
sketch/horse/n02374451_11492-1.png,sketch,4,horse,2,giraffe,0.5657023787498474
sketch/horse/n02374451_11492-2.png,sketch,4,horse,0,dog,0.6607021689414978
sketch/horse/n02374451_11492-3.png,sketch,4,horse,0,dog,0.5594567060470581
sketch/horse/n02374451_11492-4.png,sketch,4,horse,6,person,0.4132320284843445
sketch/horse/n02374451_11492-5.png,sketch,4,horse,4,horse,0.9199227094650269
sketch/horse/n02374451_11492-6.png,sketch,4,horse,4,horse,0.553190290927887
sketch/horse/n02374451_1189-1.png,sketch,4,horse,6,person,0.9955559372901917
sketch/horse/n02374451_1189-2.png,sketch,4,horse,2,giraffe,0.9898840188980103
sketch/horse/n02374451_1189-3.png,sketch,4,horse,2,giraffe,0.7901031970977783
sketch/horse/n02374451_1189-4.png,sketch,4,horse,1,elephant,0.5849022269248962
sketch/horse/n02374451_1189-5.png,sketch,4,horse,4,horse,0.8764431476593018
sketch/horse/n02374451_1189-6.png,sketch,4,horse,4,horse,0.9941703081130981
sketch/horse/n02374451_1189-7.png,sketch,4,horse,4,horse,0.9855726361274719
sketch/horse/n02374451_11894-1.png,sketch,4,horse,4,horse,0.9654979109764099
sketch/horse/n02374451_11894-2.png,sketch,4,horse,4,horse,0.7943872213363647
sketch/horse/n02374451_11894-3.png,sketch,4,horse,4,horse,0.8587931394577026
sketch/horse/n02374451_11894-4.png,sketch,4,horse,6,person,0.897495448589325
sketch/horse/n02374451_11894-5.png,sketch,4,horse,6,person,0.9634151458740234
sketch/horse/n02374451_11894-6.png,sketch,4,horse,6,person,0.4712896943092346
sketch/horse/n02374451_11894-7.png,sketch,4,horse,6,person,0.7018700838088989
sketch/horse/n02374451_11894-8.png,sketch,4,horse,4,horse,0.483767569065094
sketch/horse/n02374451_11894-9.png,sketch,4,horse,4,horse,0.7906237840652466
sketch/horse/n02374451_12128-1.png,sketch,4,horse,5,house,0.9385160803794861
sketch/horse/n02374451_12128-2.png,sketch,4,horse,4,horse,0.8943176865577698
sketch/horse/n02374451_12128-3.png,sketch,4,horse,4,horse,0.5238553881645203
sketch/horse/n02374451_12128-4.png,sketch,4,horse,4,horse,0.7483629584312439
sketch/horse/n02374451_12128-5.png,sketch,4,horse,4,horse,0.9607172012329102
sketch/horse/n02374451_12128-6.png,sketch,4,horse,2,giraffe,0.860224723815918
sketch/horse/n02374451_12128-7.png,sketch,4,horse,4,horse,0.9799689650535583
sketch/horse/n02374451_12128-8.png,sketch,4,horse,5,house,0.5339864492416382
sketch/horse/n02374451_12174-1.png,sketch,4,horse,4,horse,0.7792438268661499
sketch/horse/n02374451_12174-2.png,sketch,4,horse,5,house,0.4342232644557953
sketch/horse/n02374451_12174-3.png,sketch,4,horse,4,horse,0.6427132487297058
sketch/horse/n02374451_12174-4.png,sketch,4,horse,4,horse,0.9309843182563782
sketch/horse/n02374451_12174-5.png,sketch,4,horse,4,horse,0.5100102424621582
sketch/horse/n02374451_12174-6.png,sketch,4,horse,4,horse,0.9999042749404907
sketch/horse/n02374451_12200-1.png,sketch,4,horse,4,horse,0.5629269480705261
sketch/horse/n02374451_12200-2.png,sketch,4,horse,4,horse,0.9818556904792786
sketch/horse/n02374451_12200-3.png,sketch,4,horse,4,horse,0.9628146290779114
sketch/horse/n02374451_12200-4.png,sketch,4,horse,6,person,0.7279372811317444
sketch/horse/n02374451_12200-5.png,sketch,4,horse,6,person,0.814075231552124
sketch/horse/n02374451_12200-6.png,sketch,4,horse,4,horse,0.9599769711494446
sketch/horse/n02374451_12200-7.png,sketch,4,horse,4,horse,0.9508042931556702
sketch/horse/n02374451_12225-1.png,sketch,4,horse,4,horse,0.9798517823219299
sketch/horse/n02374451_12225-2.png,sketch,4,horse,5,house,0.9094712138175964
sketch/horse/n02374451_12225-3.png,sketch,4,horse,4,horse,0.9408788681030273
sketch/horse/n02374451_12225-4.png,sketch,4,horse,4,horse,0.9618412256240845
sketch/horse/n02374451_12225-5.png,sketch,4,horse,2,giraffe,0.5511516332626343
sketch/horse/n02374451_12225-6.png,sketch,4,horse,2,giraffe,0.9153160452842712
sketch/horse/n02374451_12230-1.png,sketch,4,horse,0,dog,0.46122798323631287
sketch/horse/n02374451_12230-2.png,sketch,4,horse,6,person,0.3932265341281891
sketch/horse/n02374451_12230-3.png,sketch,4,horse,5,house,0.9820719361305237
sketch/horse/n02374451_12230-4.png,sketch,4,horse,4,horse,0.7439137101173401
sketch/horse/n02374451_12230-5.png,sketch,4,horse,4,horse,0.6826754212379456
sketch/horse/n02374451_12230-6.png,sketch,4,horse,6,person,0.9722660183906555
sketch/horse/n02374451_12230-7.png,sketch,4,horse,4,horse,0.9896760582923889
sketch/horse/n02374451_12239-1.png,sketch,4,horse,4,horse,0.5395951271057129
sketch/horse/n02374451_12239-2.png,sketch,4,horse,4,horse,0.9646651744842529
sketch/horse/n02374451_12239-3.png,sketch,4,horse,2,giraffe,0.5889770984649658
sketch/horse/n02374451_12239-4.png,sketch,4,horse,0,dog,0.9419623613357544
sketch/horse/n02374451_12239-5.png,sketch,4,horse,2,giraffe,0.6269147992134094
sketch/horse/n02374451_12239-6.png,sketch,4,horse,0,dog,0.9214172959327698
sketch/horse/n02374451_12239-7.png,sketch,4,horse,4,horse,0.9348194599151611
sketch/horse/n02374451_12250-1.png,sketch,4,horse,0,dog,0.5360373258590698
sketch/horse/n02374451_12250-2.png,sketch,4,horse,5,house,0.9466671347618103
sketch/horse/n02374451_12250-3.png,sketch,4,horse,6,person,0.43529218435287476
sketch/horse/n02374451_12250-4.png,sketch,4,horse,4,horse,0.576698362827301
sketch/horse/n02374451_12250-5.png,sketch,4,horse,0,dog,0.802737295627594
sketch/horse/n02374451_12250-6.png,sketch,4,horse,0,dog,0.6713038682937622
sketch/horse/n02374451_12250-7.png,sketch,4,horse,6,person,0.5278115272521973
sketch/horse/n02374451_12254-1.png,sketch,4,horse,1,elephant,0.5987388491630554
sketch/horse/n02374451_12254-2.png,sketch,4,horse,4,horse,0.6183185577392578
sketch/horse/n02374451_12254-3.png,sketch,4,horse,1,elephant,0.30907800793647766
sketch/horse/n02374451_12254-4.png,sketch,4,horse,4,horse,0.7371835708618164
sketch/horse/n02374451_12254-5.png,sketch,4,horse,4,horse,0.6078752875328064
sketch/horse/n02374451_12254-6.png,sketch,4,horse,2,giraffe,0.4215816557407379
sketch/horse/n02374451_12254-7.png,sketch,4,horse,6,person,0.36599746346473694
sketch/horse/n02374451_12328-1.png,sketch,4,horse,0,dog,0.6735131144523621
sketch/horse/n02374451_12328-10.png,sketch,4,horse,2,giraffe,0.4915756583213806
sketch/horse/n02374451_12328-2.png,sketch,4,horse,4,horse,0.9077457189559937
sketch/horse/n02374451_12328-3.png,sketch,4,horse,4,horse,0.749143123626709
sketch/horse/n02374451_12328-4.png,sketch,4,horse,4,horse,0.8387516736984253
sketch/horse/n02374451_12328-5.png,sketch,4,horse,0,dog,0.3849574625492096
sketch/horse/n02374451_12328-6.png,sketch,4,horse,4,horse,0.5181952714920044
sketch/horse/n02374451_12328-7.png,sketch,4,horse,4,horse,0.7759460806846619
sketch/horse/n02374451_12328-8.png,sketch,4,horse,4,horse,0.7810016870498657
sketch/horse/n02374451_12328-9.png,sketch,4,horse,4,horse,0.6459645628929138
sketch/horse/n02374451_1234-1.png,sketch,4,horse,4,horse,0.839714765548706
sketch/horse/n02374451_1234-2.png,sketch,4,horse,4,horse,0.47522419691085815
sketch/horse/n02374451_1234-3.png,sketch,4,horse,4,horse,0.9809215068817139
sketch/horse/n02374451_1234-4.png,sketch,4,horse,4,horse,0.42653676867485046
sketch/horse/n02374451_1234-5.png,sketch,4,horse,0,dog,0.81623375415802
sketch/horse/n02374451_1234-6.png,sketch,4,horse,4,horse,0.969405472278595
sketch/horse/n02374451_12418-1.png,sketch,4,horse,4,horse,0.5416039228439331
sketch/horse/n02374451_12418-10.png,sketch,4,horse,2,giraffe,0.49938443303108215
sketch/horse/n02374451_12418-2.png,sketch,4,horse,4,horse,0.7003178000450134
sketch/horse/n02374451_12418-3.png,sketch,4,horse,4,horse,0.9688027501106262
sketch/horse/n02374451_12418-4.png,sketch,4,horse,2,giraffe,0.4891510009765625
sketch/horse/n02374451_12418-5.png,sketch,4,horse,2,giraffe,0.5030601024627686
sketch/horse/n02374451_12418-6.png,sketch,4,horse,2,giraffe,0.6137043833732605
sketch/horse/n02374451_12418-7.png,sketch,4,horse,4,horse,0.9821575880050659
sketch/horse/n02374451_12418-8.png,sketch,4,horse,4,horse,0.7214785814285278
sketch/horse/n02374451_12418-9.png,sketch,4,horse,2,giraffe,0.38715845346450806
sketch/horse/n02374451_12792-1.png,sketch,4,horse,4,horse,0.7893586158752441
sketch/horse/n02374451_12792-10.png,sketch,4,horse,4,horse,0.9878849387168884
sketch/horse/n02374451_12792-2.png,sketch,4,horse,4,horse,0.9727997779846191
sketch/horse/n02374451_12792-3.png,sketch,4,horse,4,horse,0.33346664905548096
sketch/horse/n02374451_12792-4.png,sketch,4,horse,4,horse,0.9909027218818665
sketch/horse/n02374451_12792-5.png,sketch,4,horse,2,giraffe,0.944858729839325
sketch/horse/n02374451_12792-6.png,sketch,4,horse,2,giraffe,0.9349734783172607
sketch/horse/n02374451_12792-7.png,sketch,4,horse,4,horse,0.7686693668365479
sketch/horse/n02374451_12792-8.png,sketch,4,horse,2,giraffe,0.8756943345069885
sketch/horse/n02374451_12792-9.png,sketch,4,horse,2,giraffe,0.9335522055625916
sketch/horse/n02374451_12847-1.png,sketch,4,horse,6,person,0.8558358550071716
sketch/horse/n02374451_12847-2.png,sketch,4,horse,4,horse,0.8326599597930908
sketch/horse/n02374451_12847-3.png,sketch,4,horse,4,horse,0.9091154932975769
sketch/horse/n02374451_12847-4.png,sketch,4,horse,0,dog,0.7364327311515808
sketch/horse/n02374451_12847-5.png,sketch,4,horse,5,house,0.6698585748672485
sketch/horse/n02374451_12847-6.png,sketch,4,horse,2,giraffe,0.3973844647407532
sketch/horse/n02374451_12847-7.png,sketch,4,horse,4,horse,0.9857202172279358
sketch/horse/n02374451_12847-8.png,sketch,4,horse,2,giraffe,0.5408910512924194
sketch/horse/n02374451_13132-1.png,sketch,4,horse,6,person,0.2963866591453552
sketch/horse/n02374451_13132-2.png,sketch,4,horse,4,horse,0.9971438050270081
sketch/horse/n02374451_13132-3.png,sketch,4,horse,5,house,0.9709620475769043
sketch/horse/n02374451_13132-4.png,sketch,4,horse,2,giraffe,0.6651771068572998
sketch/horse/n02374451_13132-5.png,sketch,4,horse,5,house,0.2940079867839813
sketch/horse/n02374451_13132-6.png,sketch,4,horse,4,horse,0.932041347026825
sketch/horse/n02374451_13132-7.png,sketch,4,horse,4,horse,0.969462513923645
sketch/horse/n02374451_13136-1.png,sketch,4,horse,4,horse,0.3232562839984894
sketch/horse/n02374451_13136-2.png,sketch,4,horse,0,dog,0.8280398845672607
sketch/horse/n02374451_13136-3.png,sketch,4,horse,2,giraffe,0.5677347183227539
sketch/horse/n02374451_13136-4.png,sketch,4,horse,4,horse,0.8570631146430969
sketch/horse/n02374451_13136-5.png,sketch,4,horse,4,horse,0.9248573780059814
sketch/horse/n02374451_13159-1.png,sketch,4,horse,4,horse,0.7318205833435059
sketch/horse/n02374451_13159-2.png,sketch,4,horse,5,house,0.4718483090400696
sketch/horse/n02374451_13159-3.png,sketch,4,horse,4,horse,0.7993559837341309
sketch/horse/n02374451_13159-4.png,sketch,4,horse,4,horse,0.5160803198814392
sketch/horse/n02374451_13159-5.png,sketch,4,horse,4,horse,0.5948116183280945
sketch/horse/n02374451_13159-6.png,sketch,4,horse,4,horse,0.9825056791305542
sketch/horse/n02374451_13159-7.png,sketch,4,horse,4,horse,0.5264250040054321
sketch/horse/n02374451_13159-8.png,sketch,4,horse,4,horse,0.36279237270355225
sketch/horse/n02374451_13171-1.png,sketch,4,horse,4,horse,0.7058186531066895
sketch/horse/n02374451_13171-2.png,sketch,4,horse,4,horse,0.8534287214279175
sketch/horse/n02374451_13171-3.png,sketch,4,horse,4,horse,0.9895054697990417
sketch/horse/n02374451_13171-4.png,sketch,4,horse,4,horse,0.9947665929794312
sketch/horse/n02374451_13171-5.png,sketch,4,horse,4,horse,0.3184807598590851
sketch/horse/n02374451_13171-6.png,sketch,4,horse,4,horse,0.9118551015853882
sketch/horse/n02374451_1340-1.png,sketch,4,horse,4,horse,0.5425808429718018
sketch/horse/n02374451_1340-10.png,sketch,4,horse,4,horse,0.526264488697052
sketch/horse/n02374451_1340-11.png,sketch,4,horse,4,horse,0.949277937412262
sketch/horse/n02374451_1340-2.png,sketch,4,horse,2,giraffe,0.5734490156173706
sketch/horse/n02374451_1340-3.png,sketch,4,horse,4,horse,0.8742958307266235
sketch/horse/n02374451_1340-4.png,sketch,4,horse,6,person,0.8207686543464661
sketch/horse/n02374451_1340-5.png,sketch,4,horse,4,horse,0.960296630859375
sketch/horse/n02374451_1340-6.png,sketch,4,horse,0,dog,0.5403296947479248
sketch/horse/n02374451_1340-7.png,sketch,4,horse,4,horse,0.947310209274292
sketch/horse/n02374451_1340-8.png,sketch,4,horse,4,horse,0.7069820761680603
sketch/horse/n02374451_1340-9.png,sketch,4,horse,4,horse,0.6220840215682983
sketch/horse/n02374451_13718-1.png,sketch,4,horse,2,giraffe,0.6379252076148987
sketch/horse/n02374451_13718-2.png,sketch,4,horse,6,person,0.7212600708007812
sketch/horse/n02374451_13718-3.png,sketch,4,horse,1,elephant,0.3749659061431885
sketch/horse/n02374451_13718-4.png,sketch,4,horse,4,horse,0.9598855972290039
sketch/horse/n02374451_13718-5.png,sketch,4,horse,2,giraffe,0.7282589673995972
sketch/horse/n02374451_13718-6.png,sketch,4,horse,4,horse,0.5650432109832764
sketch/horse/n02374451_14119-1.png,sketch,4,horse,6,person,0.6797367930412292
sketch/horse/n02374451_14119-2.png,sketch,4,horse,6,person,0.6016331911087036
sketch/horse/n02374451_14119-3.png,sketch,4,horse,1,elephant,0.9866098761558533
sketch/horse/n02374451_14119-4.png,sketch,4,horse,6,person,0.5381211042404175
sketch/horse/n02374451_14119-5.png,sketch,4,horse,1,elephant,0.6593608856201172
sketch/horse/n02374451_14119-6.png,sketch,4,horse,4,horse,0.47805461287498474
sketch/horse/n02374451_14119-7.png,sketch,4,horse,6,person,0.3514217734336853
sketch/horse/n02374451_14119-8.png,sketch,4,horse,6,person,0.27526721358299255
sketch/horse/n02374451_14119-9.png,sketch,4,horse,6,person,0.48400163650512695
sketch/horse/n02374451_14233-1.png,sketch,4,horse,6,person,0.594458281993866
sketch/horse/n02374451_14233-2.png,sketch,4,horse,5,house,0.7306662201881409
sketch/horse/n02374451_14233-3.png,sketch,4,horse,4,horse,0.8301926851272583
sketch/horse/n02374451_14233-4.png,sketch,4,horse,2,giraffe,0.6546680927276611
sketch/horse/n02374451_14233-5.png,sketch,4,horse,4,horse,0.9967562556266785
sketch/horse/n02374451_14399-1.png,sketch,4,horse,2,giraffe,0.5212079286575317
sketch/horse/n02374451_14399-2.png,sketch,4,horse,1,elephant,0.6273695230484009
sketch/horse/n02374451_14399-3.png,sketch,4,horse,4,horse,0.9159448742866516
sketch/horse/n02374451_14399-4.png,sketch,4,horse,2,giraffe,0.7656483054161072
sketch/horse/n02374451_14399-5.png,sketch,4,horse,4,horse,0.8471056222915649
sketch/horse/n02374451_14399-6.png,sketch,4,horse,4,horse,0.8223465085029602
sketch/horse/n02374451_14399-7.png,sketch,4,horse,4,horse,0.9517867565155029
sketch/horse/n02374451_14425-1.png,sketch,4,horse,1,elephant,0.6260959506034851
sketch/horse/n02374451_14425-10.png,sketch,4,horse,4,horse,0.9692183136940002
sketch/horse/n02374451_14425-2.png,sketch,4,horse,1,elephant,0.876879870891571
sketch/horse/n02374451_14425-3.png,sketch,4,horse,4,horse,0.9661585688591003
sketch/horse/n02374451_14425-4.png,sketch,4,horse,0,dog,0.8119497299194336
sketch/horse/n02374451_14425-5.png,sketch,4,horse,4,horse,0.9109817743301392
sketch/horse/n02374451_14425-6.png,sketch,4,horse,4,horse,0.9629356265068054
sketch/horse/n02374451_14425-7.png,sketch,4,horse,2,giraffe,0.476279616355896
sketch/horse/n02374451_14425-8.png,sketch,4,horse,4,horse,0.7341726422309875
sketch/horse/n02374451_14425-9.png,sketch,4,horse,4,horse,0.8339669704437256
sketch/horse/n02374451_1443-1.png,sketch,4,horse,2,giraffe,0.9948605895042419
sketch/horse/n02374451_1443-2.png,sketch,4,horse,2,giraffe,0.6847783923149109
sketch/horse/n02374451_1443-3.png,sketch,4,horse,2,giraffe,0.7865140438079834
sketch/horse/n02374451_1443-4.png,sketch,4,horse,4,horse,0.4360908567905426
sketch/horse/n02374451_1443-5.png,sketch,4,horse,5,house,0.8549845218658447
sketch/horse/n02374451_1443-6.png,sketch,4,horse,4,horse,0.9780706763267517
sketch/horse/n02374451_1443-7.png,sketch,4,horse,4,horse,0.9838598966598511
sketch/horse/n02374451_1443-8.png,sketch,4,horse,2,giraffe,0.6710656881332397
sketch/horse/n02374451_14738-1.png,sketch,4,horse,0,dog,0.9793270230293274
sketch/horse/n02374451_14738-2.png,sketch,4,horse,4,horse,0.9727379679679871
sketch/horse/n02374451_14738-3.png,sketch,4,horse,4,horse,0.8895301222801208
sketch/horse/n02374451_14738-4.png,sketch,4,horse,4,horse,0.9006566405296326
sketch/horse/n02374451_14738-5.png,sketch,4,horse,6,person,0.4702661335468292
sketch/horse/n02374451_14738-6.png,sketch,4,horse,4,horse,0.6039130687713623
sketch/horse/n02374451_14738-7.png,sketch,4,horse,4,horse,0.8725087642669678
sketch/horse/n02374451_14846-1.png,sketch,4,horse,4,horse,0.828944981098175
sketch/horse/n02374451_14846-2.png,sketch,4,horse,4,horse,0.6733381152153015
sketch/horse/n02374451_14846-3.png,sketch,4,horse,5,house,0.7339801788330078
sketch/horse/n02374451_14846-4.png,sketch,4,horse,6,person,0.9216105341911316
sketch/horse/n02374451_14846-5.png,sketch,4,horse,6,person,0.40719854831695557
sketch/horse/n02374451_14846-6.png,sketch,4,horse,6,person,0.5701915621757507
sketch/horse/n02374451_14846-7.png,sketch,4,horse,0,dog,0.6398848295211792
sketch/horse/n02374451_15307-1.png,sketch,4,horse,2,giraffe,0.9253158569335938
sketch/horse/n02374451_15307-2.png,sketch,4,horse,4,horse,0.9972213506698608
sketch/horse/n02374451_15307-3.png,sketch,4,horse,4,horse,0.7691794037818909
sketch/horse/n02374451_15307-4.png,sketch,4,horse,4,horse,0.6984328627586365
sketch/horse/n02374451_15307-5.png,sketch,4,horse,2,giraffe,0.9869419932365417
sketch/horse/n02374451_15307-6.png,sketch,4,horse,4,horse,0.5751165747642517
sketch/horse/n02374451_15440-1.png,sketch,4,horse,4,horse,0.948270320892334
sketch/horse/n02374451_15440-2.png,sketch,4,horse,6,person,0.5800368785858154
sketch/horse/n02374451_15440-3.png,sketch,4,horse,2,giraffe,0.895926833152771
sketch/horse/n02374451_15440-4.png,sketch,4,horse,4,horse,0.8882602453231812
sketch/horse/n02374451_15440-5.png,sketch,4,horse,2,giraffe,0.7345941662788391
sketch/horse/n02374451_15440-6.png,sketch,4,horse,2,giraffe,0.9337109923362732
sketch/horse/n02374451_15453-1.png,sketch,4,horse,4,horse,0.48887795209884644
sketch/horse/n02374451_15453-2.png,sketch,4,horse,2,giraffe,0.6789701581001282
sketch/horse/n02374451_15453-3.png,sketch,4,horse,2,giraffe,0.573747456073761
sketch/horse/n02374451_15453-4.png,sketch,4,horse,2,giraffe,0.9903036952018738
sketch/horse/n02374451_15453-5.png,sketch,4,horse,4,horse,0.596695601940155
sketch/horse/n02374451_15453-6.png,sketch,4,horse,6,person,0.9987686276435852
sketch/horse/n02374451_15453-7.png,sketch,4,horse,4,horse,0.8377712965011597
sketch/horse/n02374451_15669-1.png,sketch,4,horse,4,horse,0.6079221963882446
sketch/horse/n02374451_15669-2.png,sketch,4,horse,4,horse,0.911044180393219
sketch/horse/n02374451_15669-3.png,sketch,4,horse,4,horse,0.9258298277854919
sketch/horse/n02374451_15669-4.png,sketch,4,horse,4,horse,0.769839882850647
sketch/horse/n02374451_15669-5.png,sketch,4,horse,2,giraffe,0.8756007552146912
sketch/horse/n02374451_15669-6.png,sketch,4,horse,4,horse,0.9857239127159119
sketch/horse/n02374451_16194-1.png,sketch,4,horse,4,horse,0.8020800352096558
sketch/horse/n02374451_16194-2.png,sketch,4,horse,0,dog,0.42165493965148926
sketch/horse/n02374451_16194-3.png,sketch,4,horse,4,horse,0.5895687341690063
sketch/horse/n02374451_16194-4.png,sketch,4,horse,4,horse,0.8871523141860962
sketch/horse/n02374451_16194-5.png,sketch,4,horse,4,horse,0.44364118576049805
sketch/horse/n02374451_16194-6.png,sketch,4,horse,4,horse,0.5508149266242981
sketch/horse/n02374451_16358-1.png,sketch,4,horse,4,horse,0.7225316166877747
sketch/horse/n02374451_16358-2.png,sketch,4,horse,4,horse,0.9184431433677673
sketch/horse/n02374451_16358-3.png,sketch,4,horse,6,person,0.39565515518188477
sketch/horse/n02374451_16358-4.png,sketch,4,horse,6,person,0.4645253121852875
sketch/horse/n02374451_16358-5.png,sketch,4,horse,2,giraffe,0.9462135434150696
sketch/horse/n02374451_16358-6.png,sketch,4,horse,4,horse,0.6796943545341492
sketch/horse/n02374451_16948-1.png,sketch,4,horse,2,giraffe,0.8610290288925171
sketch/horse/n02374451_16948-2.png,sketch,4,horse,4,horse,0.5720819234848022
sketch/horse/n02374451_16948-3.png,sketch,4,horse,4,horse,0.7914043068885803
sketch/horse/n02374451_16948-4.png,sketch,4,horse,4,horse,0.9038633108139038
sketch/horse/n02374451_16948-5.png,sketch,4,horse,4,horse,0.972801685333252
sketch/horse/n02374451_16948-6.png,sketch,4,horse,4,horse,0.9852731823921204
sketch/horse/n02374451_16948-7.png,sketch,4,horse,4,horse,0.7097092866897583
sketch/horse/n02374451_16948-8.png,sketch,4,horse,6,person,0.9531245231628418
sketch/horse/n02374451_16948-9.png,sketch,4,horse,0,dog,0.4606638252735138
sketch/horse/n02374451_1695-1.png,sketch,4,horse,0,dog,0.5526054501533508
sketch/horse/n02374451_1695-2.png,sketch,4,horse,6,person,0.7640262842178345
sketch/horse/n02374451_1695-3.png,sketch,4,horse,2,giraffe,0.9243218302726746
sketch/horse/n02374451_1695-4.png,sketch,4,horse,2,giraffe,0.8358708620071411
sketch/horse/n02374451_1695-5.png,sketch,4,horse,4,horse,0.8902734518051147
sketch/horse/n02374451_1695-6.png,sketch,4,horse,4,horse,0.8241788148880005
sketch/horse/n02374451_1695-7.png,sketch,4,horse,0,dog,0.8253853917121887
sketch/horse/n02374451_17043-1.png,sketch,4,horse,4,horse,0.8466750979423523
sketch/horse/n02374451_17043-2.png,sketch,4,horse,6,person,0.5711878538131714
sketch/horse/n02374451_17043-3.png,sketch,4,horse,4,horse,0.9393250942230225
sketch/horse/n02374451_17043-4.png,sketch,4,horse,4,horse,0.571862518787384
sketch/horse/n02374451_17043-5.png,sketch,4,horse,4,horse,0.5825086236000061
sketch/horse/n02374451_17043-6.png,sketch,4,horse,0,dog,0.512261152267456
sketch/horse/n02374451_17384-1.png,sketch,4,horse,4,horse,0.7470917701721191
sketch/horse/n02374451_17384-2.png,sketch,4,horse,4,horse,0.5229120850563049
sketch/horse/n02374451_17384-3.png,sketch,4,horse,4,horse,0.9098615050315857
sketch/horse/n02374451_17384-4.png,sketch,4,horse,4,horse,0.9902832508087158
sketch/horse/n02374451_17384-5.png,sketch,4,horse,2,giraffe,0.43618878722190857
sketch/horse/n02374451_17384-6.png,sketch,4,horse,4,horse,0.9161618947982788
sketch/horse/n02374451_17384-7.png,sketch,4,horse,4,horse,0.6300522685050964
sketch/horse/n02374451_17384-8.png,sketch,4,horse,4,horse,0.7947543263435364
sketch/horse/n02374451_17474-1.png,sketch,4,horse,4,horse,0.9928973913192749
sketch/horse/n02374451_17474-2.png,sketch,4,horse,4,horse,0.9907833337783813
sketch/horse/n02374451_17474-3.png,sketch,4,horse,2,giraffe,0.6853551864624023
sketch/horse/n02374451_17474-4.png,sketch,4,horse,2,giraffe,0.5731504559516907
sketch/horse/n02374451_17474-5.png,sketch,4,horse,4,horse,0.348276287317276
sketch/horse/n02374451_17474-6.png,sketch,4,horse,4,horse,0.9906921982765198
sketch/horse/n02374451_17474-7.png,sketch,4,horse,4,horse,0.9451160430908203
sketch/horse/n02374451_17474-8.png,sketch,4,horse,4,horse,0.9556368589401245
sketch/horse/n02374451_17634-1.png,sketch,4,horse,4,horse,0.9344725608825684
sketch/horse/n02374451_17634-2.png,sketch,4,horse,2,giraffe,0.34323036670684814
sketch/horse/n02374451_17634-3.png,sketch,4,horse,2,giraffe,0.3866559565067291
sketch/horse/n02374451_17634-4.png,sketch,4,horse,4,horse,0.9919204711914062
sketch/horse/n02374451_17634-5.png,sketch,4,horse,4,horse,0.7569398880004883
sketch/horse/n02374451_17634-6.png,sketch,4,horse,4,horse,0.9885595440864563
sketch/horse/n02374451_18192-1.png,sketch,4,horse,4,horse,0.9626162052154541
sketch/horse/n02374451_18192-2.png,sketch,4,horse,4,horse,0.606040358543396
sketch/horse/n02374451_18192-3.png,sketch,4,horse,4,horse,0.7993724942207336
sketch/horse/n02374451_18192-4.png,sketch,4,horse,6,person,0.8818581700325012
sketch/horse/n02374451_18192-5.png,sketch,4,horse,6,person,0.47021782398223877
sketch/horse/n02374451_18192-6.png,sketch,4,horse,4,horse,0.992550253868103
sketch/horse/n02374451_18570-1.png,sketch,4,horse,2,giraffe,0.6392669677734375
sketch/horse/n02374451_18570-2.png,sketch,4,horse,0,dog,0.6379997134208679
sketch/horse/n02374451_18570-3.png,sketch,4,horse,4,horse,0.3881276845932007
sketch/horse/n02374451_18570-4.png,sketch,4,horse,4,horse,0.9808595180511475
sketch/horse/n02374451_18570-5.png,sketch,4,horse,6,person,0.9866705536842346
sketch/horse/n02374451_18570-6.png,sketch,4,horse,0,dog,0.4952743947505951
sketch/horse/n02374451_18570-7.png,sketch,4,horse,4,horse,0.8345018625259399
sketch/horse/n02374451_18909-1.png,sketch,4,horse,4,horse,0.9865409731864929
sketch/horse/n02374451_18909-2.png,sketch,4,horse,4,horse,0.976576566696167
sketch/horse/n02374451_18909-3.png,sketch,4,horse,2,giraffe,0.4722546339035034
sketch/horse/n02374451_18909-4.png,sketch,4,horse,2,giraffe,0.6805623769760132
sketch/horse/n02374451_18909-5.png,sketch,4,horse,4,horse,0.9197188019752502
sketch/horse/n02374451_18909-6.png,sketch,4,horse,4,horse,0.987087607383728
sketch/horse/n02374451_2233-1.png,sketch,4,horse,0,dog,0.37047234177589417
sketch/horse/n02374451_2233-2.png,sketch,4,horse,2,giraffe,0.73430335521698
sketch/horse/n02374451_2233-3.png,sketch,4,horse,4,horse,0.7328020930290222
sketch/horse/n02374451_2233-4.png,sketch,4,horse,4,horse,0.982219934463501
sketch/horse/n02374451_2233-5.png,sketch,4,horse,4,horse,0.942553699016571
sketch/horse/n02374451_2233-6.png,sketch,4,horse,4,horse,0.7311620116233826
sketch/horse/n02374451_2233-7.png,sketch,4,horse,4,horse,0.872938871383667
sketch/horse/n02374451_2248-1.png,sketch,4,horse,4,horse,0.83941650390625
sketch/horse/n02374451_2248-2.png,sketch,4,horse,6,person,0.32146719098091125
sketch/horse/n02374451_2248-3.png,sketch,4,horse,4,horse,0.9793140292167664
sketch/horse/n02374451_2248-4.png,sketch,4,horse,0,dog,0.4510951042175293
sketch/horse/n02374451_2248-5.png,sketch,4,horse,4,horse,0.7999556064605713
sketch/horse/n02374451_2248-6.png,sketch,4,horse,4,horse,0.9227421283721924
sketch/horse/n02374451_2248-7.png,sketch,4,horse,4,horse,0.7975234985351562
sketch/horse/n02374451_2248-8.png,sketch,4,horse,4,horse,0.9830856323242188
sketch/horse/n02374451_2372-1.png,sketch,4,horse,6,person,0.41586536169052124
sketch/horse/n02374451_2372-2.png,sketch,4,horse,2,giraffe,0.3915826082229614
sketch/horse/n02374451_2372-3.png,sketch,4,horse,0,dog,0.47820907831192017
sketch/horse/n02374451_2372-4.png,sketch,4,horse,0,dog,0.5358426570892334
sketch/horse/n02374451_2372-5.png,sketch,4,horse,0,dog,0.4900573790073395
sketch/horse/n02374451_2372-6.png,sketch,4,horse,4,horse,0.8438284993171692
sketch/horse/n02374451_2372-7.png,sketch,4,horse,0,dog,0.4710949659347534
sketch/horse/n02374451_2372-8.png,sketch,4,horse,4,horse,0.9805757403373718
sketch/horse/n02374451_245-1.png,sketch,4,horse,5,house,0.4658912122249603
sketch/horse/n02374451_245-2.png,sketch,4,horse,4,horse,0.4735962748527527
sketch/horse/n02374451_245-3.png,sketch,4,horse,4,horse,0.9486737847328186
sketch/horse/n02374451_245-4.png,sketch,4,horse,2,giraffe,0.5454100370407104
sketch/horse/n02374451_245-5.png,sketch,4,horse,4,horse,0.8608405590057373
sketch/horse/n02374451_245-6.png,sketch,4,horse,4,horse,0.7993017435073853
sketch/horse/n02374451_2478-1.png,sketch,4,horse,4,horse,0.43119990825653076
sketch/horse/n02374451_2478-2.png,sketch,4,horse,6,person,0.6527217030525208
sketch/horse/n02374451_2478-3.png,sketch,4,horse,4,horse,0.7204948663711548
sketch/horse/n02374451_2478-4.png,sketch,4,horse,4,horse,0.9984172582626343
sketch/horse/n02374451_2478-5.png,sketch,4,horse,4,horse,0.6915004253387451
sketch/horse/n02374451_257-1.png,sketch,4,horse,6,person,0.5975870490074158
sketch/horse/n02374451_257-2.png,sketch,4,horse,4,horse,0.858004093170166
sketch/horse/n02374451_257-3.png,sketch,4,horse,4,horse,0.8247493505477905
sketch/horse/n02374451_257-4.png,sketch,4,horse,2,giraffe,0.7830883264541626
sketch/horse/n02374451_257-5.png,sketch,4,horse,2,giraffe,0.7552942037582397
sketch/horse/n02374451_257-6.png,sketch,4,horse,2,giraffe,0.7512356042861938
sketch/horse/n02374451_257-7.png,sketch,4,horse,4,horse,0.8854824900627136
sketch/horse/n02374451_2616-1.png,sketch,4,horse,2,giraffe,0.4934558868408203
sketch/horse/n02374451_2616-10.png,sketch,4,horse,4,horse,0.6638124585151672
sketch/horse/n02374451_2616-2.png,sketch,4,horse,4,horse,0.9586068987846375
sketch/horse/n02374451_2616-3.png,sketch,4,horse,4,horse,0.5912819504737854
sketch/horse/n02374451_2616-4.png,sketch,4,horse,4,horse,0.9585728645324707
sketch/horse/n02374451_2616-5.png,sketch,4,horse,4,horse,0.8635903000831604
sketch/horse/n02374451_2616-6.png,sketch,4,horse,4,horse,0.5994717478752136
sketch/horse/n02374451_2616-7.png,sketch,4,horse,0,dog,0.5816768407821655
sketch/horse/n02374451_2616-8.png,sketch,4,horse,4,horse,0.6863329410552979
sketch/horse/n02374451_2616-9.png,sketch,4,horse,4,horse,0.879127562046051
sketch/horse/n02374451_262-1.png,sketch,4,horse,4,horse,0.9945225715637207
sketch/horse/n02374451_262-10.png,sketch,4,horse,4,horse,0.6953696608543396
sketch/horse/n02374451_262-11.png,sketch,4,horse,4,horse,0.9929509162902832
sketch/horse/n02374451_262-12.png,sketch,4,horse,2,giraffe,0.5745327472686768
sketch/horse/n02374451_262-2.png,sketch,4,horse,2,giraffe,0.7586117386817932
sketch/horse/n02374451_262-3.png,sketch,4,horse,4,horse,0.8037596344947815
sketch/horse/n02374451_262-4.png,sketch,4,horse,4,horse,0.6747593879699707
sketch/horse/n02374451_262-5.png,sketch,4,horse,4,horse,0.7199732661247253
sketch/horse/n02374451_262-6.png,sketch,4,horse,4,horse,0.5604844689369202
sketch/horse/n02374451_262-7.png,sketch,4,horse,5,house,0.42756614089012146
sketch/horse/n02374451_262-8.png,sketch,4,horse,2,giraffe,0.5345133543014526
sketch/horse/n02374451_262-9.png,sketch,4,horse,5,house,0.4745376408100128
sketch/horse/n02374451_2733-1.png,sketch,4,horse,4,horse,0.9362350702285767
sketch/horse/n02374451_2733-2.png,sketch,4,horse,5,house,0.9019765257835388
sketch/horse/n02374451_2733-3.png,sketch,4,horse,1,elephant,0.9535433650016785
sketch/horse/n02374451_2733-4.png,sketch,4,horse,2,giraffe,0.61049884557724
sketch/horse/n02374451_2733-5.png,sketch,4,horse,4,horse,0.47915762662887573
sketch/horse/n02374451_2733-6.png,sketch,4,horse,0,dog,0.46128734946250916
sketch/horse/n02374451_2733-7.png,sketch,4,horse,4,horse,0.9881319403648376
sketch/horse/n02374451_2743-1.png,sketch,4,horse,6,person,0.7424840927124023
sketch/horse/n02374451_2743-2.png,sketch,4,horse,2,giraffe,0.9392199516296387
sketch/horse/n02374451_2743-3.png,sketch,4,horse,4,horse,0.44769006967544556
sketch/horse/n02374451_2743-4.png,sketch,4,horse,6,person,0.8978210687637329
sketch/horse/n02374451_2743-5.png,sketch,4,horse,6,person,0.5056432485580444
sketch/horse/n02374451_2743-6.png,sketch,4,horse,4,horse,0.564436674118042
sketch/horse/n02374451_2743-7.png,sketch,4,horse,2,giraffe,0.7659734487533569
sketch/horse/n02374451_276-1.png,sketch,4,horse,6,person,0.7110454440116882
sketch/horse/n02374451_276-10.png,sketch,4,horse,2,giraffe,0.5054745078086853
sketch/horse/n02374451_276-2.png,sketch,4,horse,4,horse,0.7094922065734863
sketch/horse/n02374451_276-3.png,sketch,4,horse,6,person,0.40774089097976685
sketch/horse/n02374451_276-4.png,sketch,4,horse,4,horse,0.42903241515159607
sketch/horse/n02374451_276-5.png,sketch,4,horse,4,horse,0.5417937636375427
sketch/horse/n02374451_276-6.png,sketch,4,horse,4,horse,0.9183741807937622
sketch/horse/n02374451_276-7.png,sketch,4,horse,0,dog,0.6293094158172607
sketch/horse/n02374451_276-8.png,sketch,4,horse,4,horse,0.5926561951637268
sketch/horse/n02374451_276-9.png,sketch,4,horse,4,horse,0.8226078152656555
sketch/horse/n02374451_2825-1.png,sketch,4,horse,0,dog,0.6487023830413818
sketch/horse/n02374451_2825-10.png,sketch,4,horse,4,horse,0.7498728036880493
sketch/horse/n02374451_2825-2.png,sketch,4,horse,4,horse,0.8529337644577026
sketch/horse/n02374451_2825-3.png,sketch,4,horse,4,horse,0.9945427179336548
sketch/horse/n02374451_2825-4.png,sketch,4,horse,0,dog,0.42692098021507263
sketch/horse/n02374451_2825-5.png,sketch,4,horse,5,house,0.41403108835220337
sketch/horse/n02374451_2825-6.png,sketch,4,horse,4,horse,0.6159734129905701
sketch/horse/n02374451_2825-7.png,sketch,4,horse,4,horse,0.8718818426132202
sketch/horse/n02374451_2825-8.png,sketch,4,horse,0,dog,0.5307838916778564
sketch/horse/n02374451_2825-9.png,sketch,4,horse,0,dog,0.5228428244590759
sketch/horse/n02374451_2846-1.png,sketch,4,horse,5,house,0.5255448818206787
sketch/horse/n02374451_2846-2.png,sketch,4,horse,6,person,0.45202189683914185
sketch/horse/n02374451_2846-3.png,sketch,4,horse,4,horse,0.9657243490219116
sketch/horse/n02374451_2846-4.png,sketch,4,horse,0,dog,0.8810474872589111
sketch/horse/n02374451_2846-5.png,sketch,4,horse,0,dog,0.9154666662216187
sketch/horse/n02374451_2846-6.png,sketch,4,horse,0,dog,0.6729154586791992
sketch/horse/n02374451_2846-7.png,sketch,4,horse,4,horse,0.4974648356437683
sketch/horse/n02374451_2846-8.png,sketch,4,horse,2,giraffe,0.47861361503601074
sketch/horse/n02374451_2846-9.png,sketch,4,horse,5,house,0.4754025936126709
sketch/horse/n02374451_3388-1.png,sketch,4,horse,4,horse,0.9152493476867676
sketch/horse/n02374451_3388-2.png,sketch,4,horse,2,giraffe,0.9323691129684448
sketch/horse/n02374451_3388-3.png,sketch,4,horse,6,person,0.9936623573303223
sketch/horse/n02374451_3388-4.png,sketch,4,horse,2,giraffe,0.8515048623085022
sketch/horse/n02374451_3388-5.png,sketch,4,horse,2,giraffe,0.9171280264854431
sketch/horse/n02374451_3388-6.png,sketch,4,horse,6,person,0.9451256990432739
sketch/horse/n02374451_3388-7.png,sketch,4,horse,2,giraffe,0.9312906265258789
sketch/horse/n02374451_3388-8.png,sketch,4,horse,2,giraffe,0.8000528216362
sketch/horse/n02374451_3388-9.png,sketch,4,horse,2,giraffe,0.6984018683433533
sketch/horse/n02374451_3808-1.png,sketch,4,horse,0,dog,0.38071703910827637
sketch/horse/n02374451_3808-2.png,sketch,4,horse,4,horse,0.5235748887062073
sketch/horse/n02374451_3808-3.png,sketch,4,horse,6,person,0.30361825227737427
sketch/horse/n02374451_3808-4.png,sketch,4,horse,0,dog,0.4051504135131836
sketch/horse/n02374451_3808-5.png,sketch,4,horse,4,horse,0.5665062069892883
sketch/horse/n02374451_3808-6.png,sketch,4,horse,2,giraffe,0.5910851359367371
sketch/horse/n02374451_3808-7.png,sketch,4,horse,4,horse,0.6712995767593384
sketch/horse/n02374451_3808-8.png,sketch,4,horse,4,horse,0.48031625151634216
sketch/horse/n02374451_3808-9.png,sketch,4,horse,4,horse,0.8744338154792786
sketch/horse/n02374451_388-10.png,sketch,4,horse,6,person,0.7592538595199585
sketch/horse/n02374451_388-2.png,sketch,4,horse,6,person,0.9999129772186279
sketch/horse/n02374451_388-3.png,sketch,4,horse,6,person,0.6462395191192627
sketch/horse/n02374451_388-4.png,sketch,4,horse,6,person,0.8596170544624329
sketch/horse/n02374451_388-5.png,sketch,4,horse,6,person,0.48718321323394775
sketch/horse/n02374451_388-6.png,sketch,4,horse,6,person,0.8492187261581421
sketch/horse/n02374451_388-7.png,sketch,4,horse,2,giraffe,0.45620569586753845
sketch/horse/n02374451_388-8.png,sketch,4,horse,4,horse,0.7512559294700623
sketch/horse/n02374451_388-9.png,sketch,4,horse,4,horse,0.37138885259628296
sketch/horse/n02374451_4538-1.png,sketch,4,horse,4,horse,0.7655811905860901
sketch/horse/n02374451_4538-2.png,sketch,4,horse,6,person,0.33428898453712463
sketch/horse/n02374451_4538-3.png,sketch,4,horse,4,horse,0.8522241115570068
sketch/horse/n02374451_4538-4.png,sketch,4,horse,4,horse,0.6224095225334167
sketch/horse/n02374451_4538-5.png,sketch,4,horse,4,horse,0.4175410568714142
sketch/horse/n02374451_4538-6.png,sketch,4,horse,0,dog,0.6554259657859802
sketch/horse/n02374451_4538-7.png,sketch,4,horse,4,horse,0.8026998043060303
sketch/horse/n02374451_4538-8.png,sketch,4,horse,4,horse,0.5642558336257935
sketch/horse/n02374451_4538-9.png,sketch,4,horse,2,giraffe,0.460266649723053
sketch/horse/n02374451_4553-1.png,sketch,4,horse,2,giraffe,0.4931398034095764
sketch/horse/n02374451_4553-2.png,sketch,4,horse,4,horse,0.9988400340080261
sketch/horse/n02374451_4553-3.png,sketch,4,horse,2,giraffe,0.4219008684158325
sketch/horse/n02374451_4553-4.png,sketch,4,horse,4,horse,0.9526523351669312
sketch/horse/n02374451_4553-5.png,sketch,4,horse,4,horse,0.512975811958313
sketch/horse/n02374451_4553-6.png,sketch,4,horse,4,horse,0.996640682220459
sketch/horse/n02374451_4553-7.png,sketch,4,horse,4,horse,0.9161778688430786
sketch/horse/n02374451_468-1.png,sketch,4,horse,4,horse,0.9052053689956665
sketch/horse/n02374451_468-10.png,sketch,4,horse,4,horse,0.5807214975357056
sketch/horse/n02374451_468-2.png,sketch,4,horse,2,giraffe,0.7811331152915955
sketch/horse/n02374451_468-3.png,sketch,4,horse,2,giraffe,0.40037089586257935
sketch/horse/n02374451_468-4.png,sketch,4,horse,2,giraffe,0.8366560339927673
sketch/horse/n02374451_468-5.png,sketch,4,horse,2,giraffe,0.6479902267456055
sketch/horse/n02374451_468-6.png,sketch,4,horse,2,giraffe,0.7103622555732727
sketch/horse/n02374451_468-7.png,sketch,4,horse,2,giraffe,0.8277646899223328
sketch/horse/n02374451_468-8.png,sketch,4,horse,2,giraffe,0.9736584424972534
sketch/horse/n02374451_468-9.png,sketch,4,horse,4,horse,0.6010393500328064
sketch/horse/n02374451_4795-1.png,sketch,4,horse,4,horse,0.9235740900039673
sketch/horse/n02374451_4795-2.png,sketch,4,horse,4,horse,0.7426177859306335
sketch/horse/n02374451_4795-3.png,sketch,4,horse,4,horse,0.7216590642929077
sketch/horse/n02374451_4795-4.png,sketch,4,horse,4,horse,0.9131352305412292
sketch/horse/n02374451_4795-5.png,sketch,4,horse,6,person,0.2903915047645569
sketch/horse/n02374451_4795-6.png,sketch,4,horse,0,dog,0.43172794580459595
sketch/horse/n02374451_4795-7.png,sketch,4,horse,4,horse,0.9908674955368042
sketch/horse/n02374451_4795-8.png,sketch,4,horse,4,horse,0.9685978889465332
sketch/horse/n02374451_4818-1.png,sketch,4,horse,4,horse,0.6490952372550964
sketch/horse/n02374451_4818-2.png,sketch,4,horse,4,horse,0.914336621761322
sketch/horse/n02374451_4818-3.png,sketch,4,horse,6,person,0.8722096681594849
sketch/horse/n02374451_4818-4.png,sketch,4,horse,4,horse,0.9861807227134705
sketch/horse/n02374451_4818-5.png,sketch,4,horse,2,giraffe,0.9767330288887024
sketch/horse/n02374451_4818-6.png,sketch,4,horse,4,horse,0.7051382064819336
sketch/horse/n02374451_4818-7.png,sketch,4,horse,4,horse,0.6942827105522156
sketch/horse/n02374451_490-1.png,sketch,4,horse,4,horse,0.8664315342903137
sketch/horse/n02374451_490-2.png,sketch,4,horse,4,horse,0.9312668442726135
sketch/horse/n02374451_490-3.png,sketch,4,horse,4,horse,0.9943917393684387
sketch/horse/n02374451_490-4.png,sketch,4,horse,4,horse,0.9992079138755798
sketch/horse/n02374451_490-5.png,sketch,4,horse,0,dog,0.5163378119468689
sketch/horse/n02374451_490-6.png,sketch,4,horse,1,elephant,0.3377728760242462
sketch/horse/n02374451_490-7.png,sketch,4,horse,2,giraffe,0.496008038520813
sketch/horse/n02374451_4963-1.png,sketch,4,horse,4,horse,0.8216513395309448
sketch/horse/n02374451_4963-2.png,sketch,4,horse,0,dog,0.30082985758781433
sketch/horse/n02374451_4963-3.png,sketch,4,horse,0,dog,0.6284643411636353
sketch/horse/n02374451_4963-4.png,sketch,4,horse,4,horse,0.9798015356063843
sketch/horse/n02374451_4963-5.png,sketch,4,horse,0,dog,0.3884245753288269
sketch/horse/n02374451_4963-6.png,sketch,4,horse,4,horse,0.6122479438781738
sketch/horse/n02374451_503-1.png,sketch,4,horse,4,horse,0.9142655730247498
sketch/horse/n02374451_503-2.png,sketch,4,horse,4,horse,0.8622258305549622
sketch/horse/n02374451_503-3.png,sketch,4,horse,4,horse,0.9041750431060791
sketch/horse/n02374451_503-4.png,sketch,4,horse,4,horse,0.9702988266944885
sketch/horse/n02374451_503-5.png,sketch,4,horse,2,giraffe,0.43379536271095276
sketch/horse/n02374451_503-6.png,sketch,4,horse,4,horse,0.9685007333755493
sketch/horse/n02374451_5084-1.png,sketch,4,horse,4,horse,0.904504656791687
sketch/horse/n02374451_5084-2.png,sketch,4,horse,4,horse,0.9610955119132996
sketch/horse/n02374451_5084-3.png,sketch,4,horse,6,person,0.38446319103240967
sketch/horse/n02374451_5084-4.png,sketch,4,horse,4,horse,0.988315999507904
sketch/horse/n02374451_5084-5.png,sketch,4,horse,5,house,0.6382445693016052
sketch/horse/n02374451_5084-6.png,sketch,4,horse,4,horse,0.8669388890266418
sketch/horse/n02374451_54-1.png,sketch,4,horse,5,house,0.6207244992256165
sketch/horse/n02374451_54-10.png,sketch,4,horse,4,horse,0.9954892992973328
sketch/horse/n02374451_54-2.png,sketch,4,horse,4,horse,0.9540059566497803
sketch/horse/n02374451_54-3.png,sketch,4,horse,4,horse,0.6217062473297119
sketch/horse/n02374451_54-4.png,sketch,4,horse,4,horse,0.9995649456977844
sketch/horse/n02374451_54-5.png,sketch,4,horse,2,giraffe,0.6303807497024536
sketch/horse/n02374451_54-6.png,sketch,4,horse,4,horse,0.8064140677452087
sketch/horse/n02374451_54-7.png,sketch,4,horse,4,horse,0.707151472568512
sketch/horse/n02374451_54-8.png,sketch,4,horse,4,horse,0.5125921964645386
sketch/horse/n02374451_54-9.png,sketch,4,horse,2,giraffe,0.5090584754943848
sketch/horse/n02374451_557-1.png,sketch,4,horse,4,horse,0.5304847359657288
sketch/horse/n02374451_557-2.png,sketch,4,horse,4,horse,0.6754748225212097
sketch/horse/n02374451_557-3.png,sketch,4,horse,4,horse,0.47320717573165894
sketch/horse/n02374451_557-4.png,sketch,4,horse,2,giraffe,0.7147323489189148
sketch/horse/n02374451_557-5.png,sketch,4,horse,5,house,0.9972358345985413
sketch/horse/n02374451_597-1.png,sketch,4,horse,2,giraffe,0.9794561266899109
sketch/horse/n02374451_597-2.png,sketch,4,horse,2,giraffe,0.859669029712677
sketch/horse/n02374451_597-3.png,sketch,4,horse,4,horse,0.9794175028800964
sketch/horse/n02374451_597-4.png,sketch,4,horse,0,dog,0.5720949172973633
sketch/horse/n02374451_597-5.png,sketch,4,horse,2,giraffe,0.7838783860206604
sketch/horse/n02374451_597-6.png,sketch,4,horse,2,giraffe,0.3797129988670349
sketch/horse/n02374451_597-7.png,sketch,4,horse,2,giraffe,0.7736966609954834
sketch/horse/n02374451_6192-1.png,sketch,4,horse,4,horse,0.9805347323417664
sketch/horse/n02374451_6192-2.png,sketch,4,horse,2,giraffe,0.6968992948532104
sketch/horse/n02374451_6192-3.png,sketch,4,horse,4,horse,0.7939627766609192
sketch/horse/n02374451_6192-4.png,sketch,4,horse,4,horse,0.6459373831748962
sketch/horse/n02374451_6192-5.png,sketch,4,horse,4,horse,0.7356697916984558
sketch/horse/n02374451_6192-6.png,sketch,4,horse,4,horse,0.9913977384567261
sketch/horse/n02374451_6192-7.png,sketch,4,horse,4,horse,0.9250049591064453
sketch/horse/n02374451_6207-1.png,sketch,4,horse,6,person,0.6133957505226135
sketch/horse/n02374451_6207-2.png,sketch,4,horse,4,horse,0.7295601963996887
sketch/horse/n02374451_6207-3.png,sketch,4,horse,4,horse,0.4648140072822571
sketch/horse/n02374451_6207-4.png,sketch,4,horse,4,horse,0.8557860255241394
sketch/horse/n02374451_6207-5.png,sketch,4,horse,4,horse,0.760101318359375
sketch/horse/n02374451_6207-6.png,sketch,4,horse,4,horse,0.7515990734100342
sketch/horse/n02374451_7631-1.png,sketch,4,horse,2,giraffe,0.9632706642150879
sketch/horse/n02374451_7631-2.png,sketch,4,horse,4,horse,0.7084648609161377
sketch/horse/n02374451_7631-3.png,sketch,4,horse,4,horse,0.9848558306694031
sketch/horse/n02374451_7631-4.png,sketch,4,horse,4,horse,0.9662896990776062
sketch/horse/n02374451_7631-5.png,sketch,4,horse,4,horse,0.6580265760421753
sketch/horse/n02374451_7631-6.png,sketch,4,horse,4,horse,0.8225853443145752
sketch/horse/n02374451_7631-7.png,sketch,4,horse,4,horse,0.9876394867897034
sketch/horse/n02374451_777-1.png,sketch,4,horse,4,horse,0.5934661030769348
sketch/horse/n02374451_777-2.png,sketch,4,horse,4,horse,0.9364311099052429
sketch/horse/n02374451_777-3.png,sketch,4,horse,6,person,0.852846086025238
sketch/horse/n02374451_777-4.png,sketch,4,horse,4,horse,0.9125052690505981
sketch/horse/n02374451_777-5.png,sketch,4,horse,5,house,0.9642185568809509
sketch/horse/n02374451_777-6.png,sketch,4,horse,4,horse,0.91227126121521
sketch/horse/n02374451_779-1.png,sketch,4,horse,4,horse,0.7851908206939697
sketch/horse/n02374451_779-2.png,sketch,4,horse,4,horse,0.7119457125663757
sketch/horse/n02374451_779-3.png,sketch,4,horse,4,horse,0.9775494337081909
sketch/horse/n02374451_779-4.png,sketch,4,horse,5,house,0.5069422721862793
sketch/horse/n02374451_779-5.png,sketch,4,horse,4,horse,0.6074421405792236
sketch/horse/n02374451_779-6.png,sketch,4,horse,4,horse,0.808474600315094
sketch/horse/n02374451_779-7.png,sketch,4,horse,4,horse,0.977965772151947
sketch/horse/n02374451_779-8.png,sketch,4,horse,4,horse,0.9714078307151794
sketch/horse/n02374451_779-9.png,sketch,4,horse,4,horse,0.7103625535964966
sketch/horse/n02374451_8065-1.png,sketch,4,horse,6,person,0.9244327545166016
sketch/horse/n02374451_8065-2.png,sketch,4,horse,4,horse,0.7194415330886841
sketch/horse/n02374451_8065-3.png,sketch,4,horse,4,horse,0.4991227984428406
sketch/horse/n02374451_8065-4.png,sketch,4,horse,4,horse,0.8963445425033569
sketch/horse/n02374451_8065-5.png,sketch,4,horse,4,horse,0.8179236650466919
sketch/horse/n02374451_8065-6.png,sketch,4,horse,6,person,0.7970055937767029
sketch/horse/n02374451_8269-1.png,sketch,4,horse,4,horse,0.4051869511604309
sketch/horse/n02374451_8269-2.png,sketch,4,horse,4,horse,0.6237710118293762
sketch/horse/n02374451_8269-3.png,sketch,4,horse,1,elephant,0.8878264427185059
sketch/horse/n02374451_8269-4.png,sketch,4,horse,4,horse,0.9953592419624329
sketch/horse/n02374451_8269-5.png,sketch,4,horse,4,horse,0.8548241853713989
sketch/horse/n02374451_8269-6.png,sketch,4,horse,4,horse,0.9898307919502258
sketch/horse/n02374451_8269-7.png,sketch,4,horse,4,horse,0.7439590096473694
sketch/horse/n02374451_8269-8.png,sketch,4,horse,4,horse,0.47936585545539856
sketch/horse/n02374451_8269-9.png,sketch,4,horse,4,horse,0.9644588232040405
sketch/horse/n02374451_8526-1.png,sketch,4,horse,5,house,0.6601030230522156
sketch/horse/n02374451_8526-2.png,sketch,4,horse,2,giraffe,0.5756899118423462
sketch/horse/n02374451_8526-3.png,sketch,4,horse,4,horse,0.34456756711006165
sketch/horse/n02374451_8526-4.png,sketch,4,horse,4,horse,0.9389309287071228
sketch/horse/n02374451_8526-5.png,sketch,4,horse,4,horse,0.93174809217453
sketch/horse/n02374451_8526-6.png,sketch,4,horse,6,person,0.7685031294822693
sketch/horse/n02374451_8718-1.png,sketch,4,horse,4,horse,0.9865626692771912
sketch/horse/n02374451_8718-2.png,sketch,4,horse,6,person,0.4288223385810852
sketch/horse/n02374451_8718-3.png,sketch,4,horse,4,horse,0.9906392097473145
sketch/horse/n02374451_8718-4.png,sketch,4,horse,4,horse,0.9684503078460693
sketch/horse/n02374451_8718-5.png,sketch,4,horse,4,horse,0.6539022922515869
sketch/horse/n02374451_8718-6.png,sketch,4,horse,4,horse,0.9834709763526917
sketch/horse/n02374451_8744-1.png,sketch,4,horse,4,horse,0.7111199498176575
sketch/horse/n02374451_8744-10.png,sketch,4,horse,2,giraffe,0.5957014560699463
sketch/horse/n02374451_8744-2.png,sketch,4,horse,6,person,0.45793694257736206
sketch/horse/n02374451_8744-3.png,sketch,4,horse,4,horse,0.5243191719055176
sketch/horse/n02374451_8744-4.png,sketch,4,horse,4,horse,0.5590009093284607
sketch/horse/n02374451_8744-5.png,sketch,4,horse,5,house,0.6805736422538757
sketch/horse/n02374451_8744-6.png,sketch,4,horse,6,person,0.8569930791854858
sketch/horse/n02374451_8744-7.png,sketch,4,horse,4,horse,0.5295653939247131
sketch/horse/n02374451_8744-8.png,sketch,4,horse,5,house,0.8775397539138794
sketch/horse/n02374451_8744-9.png,sketch,4,horse,5,house,0.5562731623649597
sketch/horse/n02374451_8806-1.png,sketch,4,horse,2,giraffe,0.7527040839195251
sketch/horse/n02374451_8806-2.png,sketch,4,horse,4,horse,0.9829304814338684
sketch/horse/n02374451_8806-3.png,sketch,4,horse,4,horse,0.989559531211853
sketch/horse/n02374451_8806-4.png,sketch,4,horse,4,horse,0.9912624359130859
sketch/horse/n02374451_8806-5.png,sketch,4,horse,6,person,0.48762115836143494
sketch/horse/n02374451_8806-6.png,sketch,4,horse,4,horse,0.8113077878952026
sketch/horse/n02374451_8806-7.png,sketch,4,horse,4,horse,0.5325167775154114
sketch/horse/n02374451_8806-8.png,sketch,4,horse,6,person,0.9760571718215942
sketch/horse/n02374451_9064-1.png,sketch,4,horse,4,horse,0.9971411228179932
sketch/horse/n02374451_9064-2.png,sketch,4,horse,4,horse,0.6631870865821838
sketch/horse/n02374451_9064-3.png,sketch,4,horse,4,horse,0.9987442493438721
sketch/horse/n02374451_9064-4.png,sketch,4,horse,4,horse,0.8987647294998169
sketch/horse/n02374451_9064-5.png,sketch,4,horse,4,horse,0.9249774217605591
sketch/horse/n02374451_9064-6.png,sketch,4,horse,0,dog,0.4955289363861084
sketch/horse/n02374451_916-1.png,sketch,4,horse,4,horse,0.996415376663208
sketch/horse/n02374451_916-2.png,sketch,4,horse,6,person,0.6030925512313843
sketch/horse/n02374451_916-3.png,sketch,4,horse,4,horse,0.5342826843261719
sketch/horse/n02374451_916-4.png,sketch,4,horse,0,dog,0.6344961524009705
sketch/horse/n02374451_916-5.png,sketch,4,horse,4,horse,0.893621027469635
sketch/horse/n02374451_916-6.png,sketch,4,horse,4,horse,0.8466967344284058
sketch/horse/n02374451_9225-1.png,sketch,4,horse,6,person,0.4306255877017975
sketch/horse/n02374451_9225-2.png,sketch,4,horse,4,horse,0.7693859338760376
sketch/horse/n02374451_9225-3.png,sketch,4,horse,4,horse,0.9856280088424683
sketch/horse/n02374451_9225-4.png,sketch,4,horse,6,person,0.8726657629013062
sketch/horse/n02374451_9225-5.png,sketch,4,horse,4,horse,0.8162328600883484
sketch/horse/n02374451_9225-6.png,sketch,4,horse,4,horse,0.48949122428894043
sketch/horse/n02374451_9225-7.png,sketch,4,horse,0,dog,0.7531121969223022
sketch/horse/n02374451_9225-8.png,sketch,4,horse,4,horse,0.9513887763023376
sketch/horse/n02374451_925-1.png,sketch,4,horse,4,horse,0.9960851669311523
sketch/horse/n02374451_925-2.png,sketch,4,horse,2,giraffe,0.7346546053886414
sketch/horse/n02374451_925-3.png,sketch,4,horse,4,horse,0.931462287902832
sketch/horse/n02374451_925-4.png,sketch,4,horse,0,dog,0.5238385796546936
sketch/horse/n02374451_925-5.png,sketch,4,horse,4,horse,0.888773500919342
sketch/horse/n02374451_925-6.png,sketch,4,horse,4,horse,0.7742367386817932
sketch/horse/n02374451_925-7.png,sketch,4,horse,4,horse,0.932180643081665
sketch/horse/n02374451_929-1.png,sketch,4,horse,5,house,0.42242708802223206
sketch/horse/n02374451_929-2.png,sketch,4,horse,2,giraffe,0.5123535990715027
sketch/horse/n02374451_929-3.png,sketch,4,horse,2,giraffe,0.9343349933624268
sketch/horse/n02374451_929-4.png,sketch,4,horse,2,giraffe,0.7182632088661194
sketch/horse/n02374451_929-5.png,sketch,4,horse,4,horse,0.8516404032707214
sketch/horse/n02374451_929-6.png,sketch,4,horse,4,horse,0.3534340262413025
sketch/horse/n02374451_9443-1.png,sketch,4,horse,2,giraffe,0.7443979382514954
sketch/horse/n02374451_9443-2.png,sketch,4,horse,4,horse,0.9510216116905212
sketch/horse/n02374451_9443-3.png,sketch,4,horse,4,horse,0.9418323636054993
sketch/horse/n02374451_9443-4.png,sketch,4,horse,4,horse,0.9757341742515564
sketch/horse/n02374451_9443-5.png,sketch,4,horse,5,house,0.3477821350097656
sketch/horse/n02374451_9443-6.png,sketch,4,horse,4,horse,0.9933575987815857
sketch/horse/n02374451_9443-7.png,sketch,4,horse,4,horse,0.536143958568573
sketch/horse/n02374451_9892-1.png,sketch,4,horse,4,horse,0.9884194135665894
sketch/horse/n02374451_9892-2.png,sketch,4,horse,4,horse,0.935244083404541
sketch/horse/n02374451_9892-3.png,sketch,4,horse,4,horse,0.7379250526428223
sketch/horse/n02374451_9892-4.png,sketch,4,horse,4,horse,0.9595503807067871
sketch/horse/n02374451_9892-5.png,sketch,4,horse,4,horse,0.9573338031768799
sketch/horse/n02374451_9892-6.png,sketch,4,horse,4,horse,0.8739153146743774
sketch/horse/n02374451_9892-7.png,sketch,4,horse,4,horse,0.9367310404777527
sketch/house/8801.png,sketch,5,house,5,house,0.990288496017456
sketch/house/8802.png,sketch,5,house,5,house,0.9995361566543579
sketch/house/8803.png,sketch,5,house,5,house,0.9584839940071106
sketch/house/8804.png,sketch,5,house,5,house,0.9971680045127869
sketch/house/8805.png,sketch,5,house,5,house,0.9999415874481201
sketch/house/8806.png,sketch,5,house,5,house,0.9981437921524048
sketch/house/8807.png,sketch,5,house,5,house,0.9998414516448975
sketch/house/8808.png,sketch,5,house,5,house,0.954138994216919
sketch/house/8809.png,sketch,5,house,5,house,0.9999635219573975
sketch/house/8810.png,sketch,5,house,5,house,0.9884130358695984
sketch/house/8811.png,sketch,5,house,5,house,0.9999154806137085
sketch/house/8812.png,sketch,5,house,5,house,0.99959796667099
sketch/house/8813.png,sketch,5,house,5,house,0.9976934790611267
sketch/house/8814.png,sketch,5,house,5,house,0.9972802400588989
sketch/house/8815.png,sketch,5,house,5,house,0.9999704360961914
sketch/house/8816.png,sketch,5,house,5,house,0.9985449314117432
sketch/house/8817.png,sketch,5,house,5,house,0.9997132420539856
sketch/house/8818.png,sketch,5,house,5,house,0.6766895651817322
sketch/house/8819.png,sketch,5,house,5,house,0.9995146989822388
sketch/house/8820.png,sketch,5,house,5,house,0.9998875856399536
sketch/house/8821.png,sketch,5,house,5,house,0.9999657869338989
sketch/house/8822.png,sketch,5,house,5,house,0.9994981288909912
sketch/house/8823.png,sketch,5,house,5,house,0.9997475743293762
sketch/house/8824.png,sketch,5,house,5,house,0.9918658137321472
sketch/house/8825.png,sketch,5,house,5,house,0.9968776702880859
sketch/house/8826.png,sketch,5,house,5,house,0.9983510971069336
sketch/house/8827.png,sketch,5,house,5,house,0.9861674904823303
sketch/house/8828.png,sketch,5,house,5,house,0.9837754368782043
sketch/house/8829.png,sketch,5,house,5,house,0.9990803003311157
sketch/house/8830.png,sketch,5,house,5,house,0.9999419450759888
sketch/house/8831.png,sketch,5,house,5,house,0.966060996055603
sketch/house/8832.png,sketch,5,house,5,house,0.9996576309204102
sketch/house/8833.png,sketch,5,house,5,house,0.9999051094055176
sketch/house/8834.png,sketch,5,house,5,house,0.9998444318771362
sketch/house/8835.png,sketch,5,house,5,house,0.9999372959136963
sketch/house/8836.png,sketch,5,house,5,house,0.9998680353164673
sketch/house/8837.png,sketch,5,house,5,house,0.9999688863754272
sketch/house/8838.png,sketch,5,house,5,house,0.9966638684272766
sketch/house/8839.png,sketch,5,house,5,house,0.9902259707450867
sketch/house/8840.png,sketch,5,house,5,house,0.9996271133422852
sketch/house/8841.png,sketch,5,house,5,house,0.9994959831237793
sketch/house/8842.png,sketch,5,house,5,house,0.9995183944702148
sketch/house/8843.png,sketch,5,house,5,house,0.9736575484275818
sketch/house/8844.png,sketch,5,house,5,house,0.9988896250724792
sketch/house/8845.png,sketch,5,house,5,house,0.9968848824501038
sketch/house/8846.png,sketch,5,house,5,house,0.99741131067276
sketch/house/8847.png,sketch,5,house,5,house,0.9994506239891052
sketch/house/8848.png,sketch,5,house,5,house,0.9993916749954224
sketch/house/8849.png,sketch,5,house,5,house,0.9995306730270386
sketch/house/8850.png,sketch,5,house,5,house,0.9993923902511597
sketch/house/8851.png,sketch,5,house,5,house,0.999925971031189
sketch/house/8852.png,sketch,5,house,5,house,0.9999700784683228
sketch/house/8853.png,sketch,5,house,5,house,0.9997674822807312
sketch/house/8854.png,sketch,5,house,5,house,0.9999755620956421
sketch/house/8855.png,sketch,5,house,5,house,0.9993017911911011
sketch/house/8856.png,sketch,5,house,5,house,0.9996275901794434
sketch/house/8857.png,sketch,5,house,5,house,0.9996564388275146
sketch/house/8858.png,sketch,5,house,5,house,0.9999278783798218
sketch/house/8859.png,sketch,5,house,5,house,0.9996917247772217
sketch/house/8860.png,sketch,5,house,5,house,0.9999252557754517
sketch/house/8861.png,sketch,5,house,5,house,0.9972628355026245
sketch/house/8862.png,sketch,5,house,5,house,0.9995399713516235
sketch/house/8863.png,sketch,5,house,5,house,0.999752938747406
sketch/house/8864.png,sketch,5,house,5,house,0.9879108667373657
sketch/house/8865.png,sketch,5,house,5,house,0.9999405145645142
sketch/house/8866.png,sketch,5,house,5,house,0.9996193647384644
sketch/house/8867.png,sketch,5,house,5,house,0.9999639987945557
sketch/house/8868.png,sketch,5,house,5,house,0.9999450445175171
sketch/house/8869.png,sketch,5,house,5,house,0.9940881729125977
sketch/house/8870.png,sketch,5,house,5,house,0.8308522701263428
sketch/house/8871.png,sketch,5,house,5,house,0.9999686479568481
sketch/house/8872.png,sketch,5,house,5,house,0.99544757604599
sketch/house/8873.png,sketch,5,house,5,house,0.9799553751945496
sketch/house/8874.png,sketch,5,house,5,house,0.9999611377716064
sketch/house/8875.png,sketch,5,house,5,house,0.9991875290870667
sketch/house/8876.png,sketch,5,house,5,house,0.9997850060462952
sketch/house/8877.png,sketch,5,house,5,house,0.9974371194839478
sketch/house/8878.png,sketch,5,house,5,house,0.9992243051528931
sketch/house/8879.png,sketch,5,house,5,house,0.9986842274665833
sketch/house/8880.png,sketch,5,house,5,house,0.999642014503479
sketch/person/12081.png,sketch,6,person,6,person,0.9741420745849609
sketch/person/12082.png,sketch,6,person,6,person,0.9999099969863892
sketch/person/12083.png,sketch,6,person,6,person,0.9591406583786011
sketch/person/12084.png,sketch,6,person,6,person,0.9139577150344849
sketch/person/12085.png,sketch,6,person,6,person,0.33793118596076965
sketch/person/12086.png,sketch,6,person,6,person,0.9999712705612183
sketch/person/12087.png,sketch,6,person,6,person,0.8860687613487244
sketch/person/12088.png,sketch,6,person,6,person,0.6449965238571167
sketch/person/12089.png,sketch,6,person,6,person,0.9951410293579102
sketch/person/12090.png,sketch,6,person,6,person,0.9526484608650208
sketch/person/12091.png,sketch,6,person,6,person,0.9997442364692688
sketch/person/12092.png,sketch,6,person,6,person,0.9998921155929565
sketch/person/12093.png,sketch,6,person,6,person,0.9644227623939514
sketch/person/12094.png,sketch,6,person,5,house,0.7589778900146484
sketch/person/12095.png,sketch,6,person,6,person,0.9997689127922058
sketch/person/12096.png,sketch,6,person,6,person,0.9996823072433472
sketch/person/12097.png,sketch,6,person,0,dog,0.35801759362220764
sketch/person/12098.png,sketch,6,person,6,person,0.966412365436554
sketch/person/12099.png,sketch,6,person,6,person,0.9267719984054565
sketch/person/12100.png,sketch,6,person,6,person,0.9758460521697998
sketch/person/12101.png,sketch,6,person,6,person,0.9972533583641052
sketch/person/12102.png,sketch,6,person,6,person,0.9851389527320862
sketch/person/12103.png,sketch,6,person,6,person,0.9759554862976074
sketch/person/12104.png,sketch,6,person,6,person,0.9749822616577148
sketch/person/12105.png,sketch,6,person,6,person,0.8261753916740417
sketch/person/12106.png,sketch,6,person,6,person,0.9998587369918823
sketch/person/12107.png,sketch,6,person,6,person,0.9942881464958191
sketch/person/12108.png,sketch,6,person,6,person,0.9304423928260803
sketch/person/12109.png,sketch,6,person,6,person,0.984039843082428
sketch/person/12110.png,sketch,6,person,6,person,0.6843828558921814
sketch/person/12111.png,sketch,6,person,6,person,0.7484747171401978
sketch/person/12112.png,sketch,6,person,6,person,0.9993852376937866
sketch/person/12113.png,sketch,6,person,6,person,0.9820084571838379
sketch/person/12114.png,sketch,6,person,6,person,0.9944376945495605
sketch/person/12115.png,sketch,6,person,6,person,0.9993743300437927
sketch/person/12116.png,sketch,6,person,6,person,0.9872968196868896
sketch/person/12117.png,sketch,6,person,6,person,0.9883652925491333
sketch/person/12118.png,sketch,6,person,6,person,0.9999790191650391
sketch/person/12119.png,sketch,6,person,6,person,0.5630150437355042
sketch/person/12120.png,sketch,6,person,6,person,0.993689775466919
sketch/person/12121.png,sketch,6,person,6,person,0.9457022547721863
sketch/person/12122.png,sketch,6,person,6,person,0.9931400418281555
sketch/person/12123.png,sketch,6,person,6,person,0.9999542236328125
sketch/person/12124.png,sketch,6,person,6,person,0.9967783093452454
sketch/person/12125.png,sketch,6,person,6,person,0.8849536180496216
sketch/person/12126.png,sketch,6,person,6,person,0.6660942435264587
sketch/person/12127.png,sketch,6,person,6,person,0.9842392206192017
sketch/person/12128.png,sketch,6,person,6,person,0.9977527260780334
sketch/person/12129.png,sketch,6,person,6,person,0.6168900728225708
sketch/person/12130.png,sketch,6,person,6,person,0.9987047910690308
sketch/person/12131.png,sketch,6,person,6,person,0.9398939609527588
sketch/person/12132.png,sketch,6,person,5,house,0.5277473330497742
sketch/person/12133.png,sketch,6,person,2,giraffe,0.4385372996330261
sketch/person/12134.png,sketch,6,person,6,person,0.9783581495285034
sketch/person/12135.png,sketch,6,person,6,person,0.9973801970481873
sketch/person/12136.png,sketch,6,person,6,person,0.9926135540008545
sketch/person/12137.png,sketch,6,person,6,person,0.7318907976150513
sketch/person/12138.png,sketch,6,person,6,person,0.9990900754928589
sketch/person/12139.png,sketch,6,person,6,person,0.5704617500305176
sketch/person/12140.png,sketch,6,person,6,person,0.9998823404312134
sketch/person/12141.png,sketch,6,person,6,person,0.9960871934890747
sketch/person/12142.png,sketch,6,person,6,person,0.9805485010147095
sketch/person/12143.png,sketch,6,person,2,giraffe,0.6569952368736267
sketch/person/12144.png,sketch,6,person,2,giraffe,0.9635432958602905
sketch/person/12145.png,sketch,6,person,6,person,0.9929475784301758
sketch/person/12146.png,sketch,6,person,6,person,0.9684395790100098
sketch/person/12147.png,sketch,6,person,5,house,0.8914690613746643
sketch/person/12148.png,sketch,6,person,6,person,0.9242319464683533
sketch/person/12149.png,sketch,6,person,5,house,0.5793616771697998
sketch/person/12150.png,sketch,6,person,6,person,0.9881917834281921
sketch/person/12151.png,sketch,6,person,6,person,0.995795726776123
sketch/person/12152.png,sketch,6,person,6,person,0.9997640252113342
sketch/person/12153.png,sketch,6,person,2,giraffe,0.50920170545578
sketch/person/12154.png,sketch,6,person,6,person,0.9985204339027405
sketch/person/12155.png,sketch,6,person,6,person,0.4680337905883789
sketch/person/12156.png,sketch,6,person,6,person,0.9777988791465759
sketch/person/12157.png,sketch,6,person,6,person,0.9424925446510315
sketch/person/12158.png,sketch,6,person,6,person,0.9841054081916809
sketch/person/12159.png,sketch,6,person,6,person,0.9995155334472656
sketch/person/12160.png,sketch,6,person,6,person,0.880826473236084
sketch/person/12161.png,sketch,6,person,6,person,0.9934373497962952
sketch/person/12162.png,sketch,6,person,6,person,0.9739489555358887
sketch/person/12163.png,sketch,6,person,6,person,0.999962329864502
sketch/person/12164.png,sketch,6,person,6,person,0.999210000038147
sketch/person/12165.png,sketch,6,person,6,person,0.9998778104782104
sketch/person/12166.png,sketch,6,person,6,person,0.8767474293708801
sketch/person/12167.png,sketch,6,person,6,person,0.9820969700813293
sketch/person/12168.png,sketch,6,person,6,person,0.9932496547698975
sketch/person/12169.png,sketch,6,person,6,person,0.9825518131256104
sketch/person/12170.png,sketch,6,person,0,dog,0.5258053541183472
sketch/person/12171.png,sketch,6,person,6,person,0.995870053768158
sketch/person/12172.png,sketch,6,person,6,person,0.6864378452301025
sketch/person/12173.png,sketch,6,person,6,person,0.9925013780593872
sketch/person/12174.png,sketch,6,person,6,person,0.943015456199646
sketch/person/12175.png,sketch,6,person,6,person,0.9631335139274597
sketch/person/12176.png,sketch,6,person,6,person,0.9960556030273438
sketch/person/12177.png,sketch,6,person,6,person,0.9460894465446472
sketch/person/12178.png,sketch,6,person,6,person,0.9994500279426575
sketch/person/12179.png,sketch,6,person,6,person,0.9999963045120239
sketch/person/12180.png,sketch,6,person,6,person,0.9998915195465088
sketch/person/12181.png,sketch,6,person,5,house,0.747002363204956
sketch/person/12182.png,sketch,6,person,6,person,0.9999938011169434
sketch/person/12183.png,sketch,6,person,6,person,0.9990338087081909
sketch/person/12184.png,sketch,6,person,6,person,0.6204829216003418
sketch/person/12185.png,sketch,6,person,6,person,0.9983612895011902
sketch/person/12186.png,sketch,6,person,6,person,0.9346727728843689
sketch/person/12187.png,sketch,6,person,6,person,0.9999853372573853
sketch/person/12188.png,sketch,6,person,6,person,0.9865712523460388
sketch/person/12189.png,sketch,6,person,6,person,0.9947675466537476
sketch/person/12190.png,sketch,6,person,6,person,0.9267416596412659
sketch/person/12191.png,sketch,6,person,6,person,0.9944770932197571
sketch/person/12192.png,sketch,6,person,6,person,0.9996768236160278
sketch/person/12193.png,sketch,6,person,6,person,0.9926173090934753
sketch/person/12194.png,sketch,6,person,6,person,0.9920058846473694
sketch/person/12195.png,sketch,6,person,6,person,0.9997866749763489
sketch/person/12196.png,sketch,6,person,6,person,0.9144687056541443
sketch/person/12197.png,sketch,6,person,6,person,0.8843089938163757
sketch/person/12198.png,sketch,6,person,6,person,0.8847053647041321
sketch/person/12199.png,sketch,6,person,6,person,0.5397135615348816
sketch/person/12200.png,sketch,6,person,6,person,0.9865874648094177
sketch/person/12201.png,sketch,6,person,5,house,0.6498641967773438
sketch/person/12202.png,sketch,6,person,6,person,0.9999384880065918
sketch/person/12203.png,sketch,6,person,6,person,0.9999978542327881
sketch/person/12204.png,sketch,6,person,6,person,0.992397129535675
sketch/person/12205.png,sketch,6,person,6,person,0.999708354473114
sketch/person/12206.png,sketch,6,person,6,person,0.9999645948410034
sketch/person/12207.png,sketch,6,person,6,person,0.9999467134475708
sketch/person/12208.png,sketch,6,person,6,person,0.9745838642120361
sketch/person/12209.png,sketch,6,person,6,person,0.9999547004699707
sketch/person/12210.png,sketch,6,person,6,person,0.9907799363136292
sketch/person/12211.png,sketch,6,person,6,person,0.9998476505279541
sketch/person/12212.png,sketch,6,person,0,dog,0.5410064458847046
sketch/person/12213.png,sketch,6,person,6,person,0.9997934699058533
sketch/person/12214.png,sketch,6,person,6,person,0.7828498482704163
sketch/person/12215.png,sketch,6,person,6,person,0.7548389434814453
sketch/person/12216.png,sketch,6,person,5,house,0.7313164472579956
sketch/person/12217.png,sketch,6,person,2,giraffe,0.6026986837387085
sketch/person/12218.png,sketch,6,person,6,person,0.9911830425262451
sketch/person/12219.png,sketch,6,person,6,person,0.9985939860343933
sketch/person/12220.png,sketch,6,person,6,person,0.9571208357810974
sketch/person/12221.png,sketch,6,person,6,person,0.9654303789138794
sketch/person/12222.png,sketch,6,person,6,person,0.9704431891441345
sketch/person/12223.png,sketch,6,person,6,person,0.9999599456787109
sketch/person/12224.png,sketch,6,person,6,person,0.9881979823112488
sketch/person/12225.png,sketch,6,person,6,person,0.999402642250061
sketch/person/12226.png,sketch,6,person,6,person,0.9997345805168152
sketch/person/12227.png,sketch,6,person,3,guitar,0.6300147771835327
sketch/person/12228.png,sketch,6,person,6,person,0.541502833366394
sketch/person/12229.png,sketch,6,person,6,person,0.9999957084655762
sketch/person/12230.png,sketch,6,person,6,person,0.9990847110748291
sketch/person/12231.png,sketch,6,person,6,person,0.9608273506164551
sketch/person/12232.png,sketch,6,person,6,person,0.9999895095825195
sketch/person/12233.png,sketch,6,person,6,person,0.9999616146087646
sketch/person/12234.png,sketch,6,person,6,person,0.9994250535964966
sketch/person/12235.png,sketch,6,person,6,person,0.9990629553794861
sketch/person/12236.png,sketch,6,person,6,person,0.9991410970687866
sketch/person/12237.png,sketch,6,person,6,person,0.998100221157074
sketch/person/12238.png,sketch,6,person,6,person,0.9987718462944031
sketch/person/12239.png,sketch,6,person,6,person,0.9821974039077759
sketch/person/12240.png,sketch,6,person,6,person,0.9817541241645813
