path,domain,true_class_id,true_class_name,predicted_class_id,predicted_class_name,maximum_confidence
sketch/dog/5281.png,sketch,0,dog,1,elephant,0.716362714767456
sketch/dog/5282.png,sketch,0,dog,5,house,0.6420878767967224
sketch/dog/5283.png,sketch,0,dog,1,elephant,0.7384535670280457
sketch/dog/5284.png,sketch,0,dog,1,elephant,0.9762998223304749
sketch/dog/5285.png,sketch,0,dog,1,elephant,0.5156797170639038
sketch/dog/5286.png,sketch,0,dog,1,elephant,0.8443856835365295
sketch/dog/5287.png,sketch,0,dog,1,elephant,0.7371858954429626
sketch/dog/5288.png,sketch,0,dog,5,house,0.47019511461257935
sketch/dog/5289.png,sketch,0,dog,1,elephant,0.8701856732368469
sketch/dog/5290.png,sketch,0,dog,1,elephant,0.993482768535614
sketch/dog/5291.png,sketch,0,dog,1,elephant,0.8672113418579102
sketch/dog/5292.png,sketch,0,dog,1,elephant,0.6828545331954956
sketch/dog/5293.png,sketch,0,dog,5,house,0.7558648586273193
sketch/dog/5294.png,sketch,0,dog,5,house,0.5104906558990479
sketch/dog/5295.png,sketch,0,dog,1,elephant,0.9764660596847534
sketch/dog/5296.png,sketch,0,dog,1,elephant,0.7840398550033569
sketch/dog/5297.png,sketch,0,dog,1,elephant,0.709433376789093
sketch/dog/5298.png,sketch,0,dog,5,house,0.9426692128181458
sketch/dog/5299.png,sketch,0,dog,1,elephant,0.9704713821411133
sketch/dog/5300.png,sketch,0,dog,1,elephant,0.4797710180282593
sketch/dog/5301.png,sketch,0,dog,1,elephant,0.9044630527496338
sketch/dog/5302.png,sketch,0,dog,1,elephant,0.8830970525741577
sketch/dog/5303.png,sketch,0,dog,1,elephant,0.48673704266548157
sketch/dog/5304.png,sketch,0,dog,1,elephant,0.9867540001869202
sketch/dog/5305.png,sketch,0,dog,1,elephant,0.5489562153816223
sketch/dog/5306.png,sketch,0,dog,1,elephant,0.6168686747550964
sketch/dog/5307.png,sketch,0,dog,1,elephant,0.6429383158683777
sketch/dog/5308.png,sketch,0,dog,1,elephant,0.9518914222717285
sketch/dog/5309.png,sketch,0,dog,1,elephant,0.7023960947990417
sketch/dog/5310.png,sketch,0,dog,1,elephant,0.49919188022613525
sketch/dog/5311.png,sketch,0,dog,1,elephant,0.6089403629302979
sketch/dog/5312.png,sketch,0,dog,1,elephant,0.41859719157218933
sketch/dog/5313.png,sketch,0,dog,1,elephant,0.9429490566253662
sketch/dog/5314.png,sketch,0,dog,1,elephant,0.713472306728363
sketch/dog/5315.png,sketch,0,dog,5,house,0.9535744786262512
sketch/dog/5316.png,sketch,0,dog,1,elephant,0.667739987373352
sketch/dog/5317.png,sketch,0,dog,1,elephant,0.9851016998291016
sketch/dog/5318.png,sketch,0,dog,5,house,0.5262627601623535
sketch/dog/5319.png,sketch,0,dog,1,elephant,0.7523220777511597
sketch/dog/5320.png,sketch,0,dog,1,elephant,0.938401460647583
sketch/dog/5321.png,sketch,0,dog,5,house,0.9753247499465942
sketch/dog/5322.png,sketch,0,dog,1,elephant,0.8180935978889465
sketch/dog/5323.png,sketch,0,dog,5,house,0.8415917754173279
sketch/dog/5324.png,sketch,0,dog,1,elephant,0.9489458203315735
sketch/dog/5325.png,sketch,0,dog,1,elephant,0.6578836441040039
sketch/dog/5326.png,sketch,0,dog,1,elephant,0.8476660251617432
sketch/dog/5327.png,sketch,0,dog,1,elephant,0.8011235594749451
sketch/dog/5328.png,sketch,0,dog,1,elephant,0.7374065518379211
sketch/dog/5329.png,sketch,0,dog,1,elephant,0.92059326171875
sketch/dog/5330.png,sketch,0,dog,1,elephant,0.9603495001792908
sketch/dog/5331.png,sketch,0,dog,1,elephant,0.7632424235343933
sketch/dog/5332.png,sketch,0,dog,1,elephant,0.5602922439575195
sketch/dog/5333.png,sketch,0,dog,1,elephant,0.9899029731750488
sketch/dog/5334.png,sketch,0,dog,1,elephant,0.9519359469413757
sketch/dog/5335.png,sketch,0,dog,1,elephant,0.9567574262619019
sketch/dog/5336.png,sketch,0,dog,1,elephant,0.9571784138679504
sketch/dog/5337.png,sketch,0,dog,5,house,0.5535740256309509
sketch/dog/5338.png,sketch,0,dog,1,elephant,0.8406222462654114
sketch/dog/5339.png,sketch,0,dog,1,elephant,0.8799000382423401
sketch/dog/5340.png,sketch,0,dog,1,elephant,0.7002537846565247
sketch/dog/5341.png,sketch,0,dog,5,house,0.6526768207550049
sketch/dog/5342.png,sketch,0,dog,5,house,0.6239916682243347
sketch/dog/5343.png,sketch,0,dog,1,elephant,0.6007956862449646
sketch/dog/5344.png,sketch,0,dog,1,elephant,0.8112545609474182
sketch/dog/5345.png,sketch,0,dog,1,elephant,0.464899480342865
sketch/dog/5346.png,sketch,0,dog,2,giraffe,0.7730699181556702
sketch/dog/5347.png,sketch,0,dog,1,elephant,0.6440073847770691
sketch/dog/5348.png,sketch,0,dog,5,house,0.5280511379241943
sketch/dog/5349.png,sketch,0,dog,1,elephant,0.47635143995285034
sketch/dog/5350.png,sketch,0,dog,1,elephant,0.9778590798377991
sketch/dog/5351.png,sketch,0,dog,1,elephant,0.9801826477050781
sketch/dog/5352.png,sketch,0,dog,1,elephant,0.9904692769050598
sketch/dog/5353.png,sketch,0,dog,1,elephant,0.8867791295051575
sketch/dog/5354.png,sketch,0,dog,5,house,0.5001405477523804
sketch/dog/5355.png,sketch,0,dog,1,elephant,0.9115692973136902
sketch/dog/5356.png,sketch,0,dog,1,elephant,0.7917824983596802
sketch/dog/5357.png,sketch,0,dog,1,elephant,0.5601508021354675
sketch/dog/5358.png,sketch,0,dog,1,elephant,0.9481844902038574
sketch/dog/5359.png,sketch,0,dog,5,house,0.8912532329559326
sketch/dog/5360.png,sketch,0,dog,1,elephant,0.9419845342636108
sketch/dog/n02103406_1011-1.png,sketch,0,dog,1,elephant,0.9550854563713074
sketch/dog/n02103406_1011-2.png,sketch,0,dog,1,elephant,0.782376766204834
sketch/dog/n02103406_1011-3.png,sketch,0,dog,1,elephant,0.9280655384063721
sketch/dog/n02103406_1011-4.png,sketch,0,dog,1,elephant,0.8519325852394104
sketch/dog/n02103406_1011-5.png,sketch,0,dog,1,elephant,0.9703075885772705
sketch/dog/n02103406_1138-1.png,sketch,0,dog,1,elephant,0.7492953538894653
sketch/dog/n02103406_1138-2.png,sketch,0,dog,1,elephant,0.971233069896698
sketch/dog/n02103406_1138-3.png,sketch,0,dog,1,elephant,0.8119221329689026
sketch/dog/n02103406_1138-4.png,sketch,0,dog,1,elephant,0.8163610696792603
sketch/dog/n02103406_1138-5.png,sketch,0,dog,1,elephant,0.9325785040855408
sketch/dog/n02103406_1138-6.png,sketch,0,dog,1,elephant,0.9787132740020752
sketch/dog/n02103406_1138-7.png,sketch,0,dog,1,elephant,0.681102454662323
sketch/dog/n02103406_1138-8.png,sketch,0,dog,1,elephant,0.624066174030304
sketch/dog/n02103406_1170-1.png,sketch,0,dog,1,elephant,0.5216498374938965
sketch/dog/n02103406_1170-2.png,sketch,0,dog,5,house,0.3454694449901581
sketch/dog/n02103406_1170-3.png,sketch,0,dog,1,elephant,0.9589756727218628
sketch/dog/n02103406_1170-4.png,sketch,0,dog,5,house,0.4836758077144623
sketch/dog/n02103406_1170-5.png,sketch,0,dog,1,elephant,0.7094323039054871
sketch/dog/n02103406_1170-6.png,sketch,0,dog,5,house,0.3191702365875244
sketch/dog/n02103406_1247-1.png,sketch,0,dog,0,dog,0.3037143647670746
sketch/dog/n02103406_1247-2.png,sketch,0,dog,1,elephant,0.7259190082550049
sketch/dog/n02103406_1247-3.png,sketch,0,dog,6,person,0.6770827174186707
sketch/dog/n02103406_1247-4.png,sketch,0,dog,1,elephant,0.3964550495147705
sketch/dog/n02103406_1247-5.png,sketch,0,dog,1,elephant,0.9497746229171753
sketch/dog/n02103406_1247-6.png,sketch,0,dog,1,elephant,0.6193705797195435
sketch/dog/n02103406_1247-7.png,sketch,0,dog,1,elephant,0.564346194267273
sketch/dog/n02103406_13049-1.png,sketch,0,dog,2,giraffe,0.9299532771110535
sketch/dog/n02103406_13049-2.png,sketch,0,dog,1,elephant,0.5540500283241272
sketch/dog/n02103406_13049-3.png,sketch,0,dog,1,elephant,0.5547510385513306
sketch/dog/n02103406_13049-4.png,sketch,0,dog,1,elephant,0.6886521577835083
sketch/dog/n02103406_13049-5.png,sketch,0,dog,5,house,0.7460088729858398
sketch/dog/n02103406_13049-6.png,sketch,0,dog,2,giraffe,0.6127222180366516
sketch/dog/n02103406_1599-1.png,sketch,0,dog,2,giraffe,0.4723142981529236
sketch/dog/n02103406_1599-2.png,sketch,0,dog,1,elephant,0.7450345158576965
sketch/dog/n02103406_1599-3.png,sketch,0,dog,0,dog,0.7375789880752563
sketch/dog/n02103406_1599-4.png,sketch,0,dog,0,dog,0.35173535346984863
sketch/dog/n02103406_1599-5.png,sketch,0,dog,0,dog,0.5443110466003418
sketch/dog/n02103406_1754-1.png,sketch,0,dog,1,elephant,0.6947411298751831
sketch/dog/n02103406_1754-2.png,sketch,0,dog,1,elephant,0.7323674559593201
sketch/dog/n02103406_1754-3.png,sketch,0,dog,1,elephant,0.49842581152915955
sketch/dog/n02103406_1754-4.png,sketch,0,dog,0,dog,0.6476180553436279
sketch/dog/n02103406_1754-5.png,sketch,0,dog,1,elephant,0.42342036962509155
sketch/dog/n02103406_2209-1.png,sketch,0,dog,5,house,0.48201948404312134
sketch/dog/n02103406_2209-2.png,sketch,0,dog,5,house,0.4831780195236206
sketch/dog/n02103406_2209-3.png,sketch,0,dog,5,house,0.5345379114151001
sketch/dog/n02103406_2209-4.png,sketch,0,dog,5,house,0.41095826029777527
sketch/dog/n02103406_2209-5.png,sketch,0,dog,4,horse,0.4914228022098541
sketch/dog/n02103406_2209-6.png,sketch,0,dog,5,house,0.48352184891700745
sketch/dog/n02103406_2209-7.png,sketch,0,dog,5,house,0.28167226910591125
sketch/dog/n02103406_2209-8.png,sketch,0,dog,1,elephant,0.6170166730880737
sketch/dog/n02103406_2706-1.png,sketch,0,dog,2,giraffe,0.4473553001880646
sketch/dog/n02103406_2706-2.png,sketch,0,dog,2,giraffe,0.864362359046936
sketch/dog/n02103406_2706-3.png,sketch,0,dog,2,giraffe,0.4736715853214264
sketch/dog/n02103406_2706-4.png,sketch,0,dog,5,house,0.42338767647743225
sketch/dog/n02103406_2706-5.png,sketch,0,dog,2,giraffe,0.7800694108009338
sketch/dog/n02103406_2706-6.png,sketch,0,dog,2,giraffe,0.7517334818840027
sketch/dog/n02103406_2706-7.png,sketch,0,dog,2,giraffe,0.5131450891494751
sketch/dog/n02103406_2706-8.png,sketch,0,dog,6,person,0.4048977792263031
sketch/dog/n02103406_2706-9.png,sketch,0,dog,2,giraffe,0.8417976498603821
sketch/dog/n02103406_2954-1.png,sketch,0,dog,1,elephant,0.8320490717887878
sketch/dog/n02103406_2954-2.png,sketch,0,dog,1,elephant,0.9197281002998352
sketch/dog/n02103406_2954-3.png,sketch,0,dog,0,dog,0.7715489268302917
sketch/dog/n02103406_2954-4.png,sketch,0,dog,2,giraffe,0.49795809388160706
sketch/dog/n02103406_2954-5.png,sketch,0,dog,1,elephant,0.5722757577896118
sketch/dog/n02103406_2954-6.png,sketch,0,dog,0,dog,0.67254638671875
sketch/dog/n02103406_2976-1.png,sketch,0,dog,5,house,0.3818008005619049
sketch/dog/n02103406_2976-2.png,sketch,0,dog,1,elephant,0.6451197862625122
sketch/dog/n02103406_2976-3.png,sketch,0,dog,1,elephant,0.6439415216445923
sketch/dog/n02103406_2976-4.png,sketch,0,dog,1,elephant,0.7036806344985962
sketch/dog/n02103406_2976-5.png,sketch,0,dog,1,elephant,0.5784174203872681
sketch/dog/n02103406_2976-6.png,sketch,0,dog,1,elephant,0.565459132194519
sketch/dog/n02103406_2976-7.png,sketch,0,dog,1,elephant,0.8893158435821533
sketch/dog/n02103406_3056-1.png,sketch,0,dog,1,elephant,0.6304354667663574
sketch/dog/n02103406_3056-2.png,sketch,0,dog,1,elephant,0.8239525556564331
sketch/dog/n02103406_3056-3.png,sketch,0,dog,5,house,0.3436931371688843
sketch/dog/n02103406_3056-4.png,sketch,0,dog,0,dog,0.4118262231349945
sketch/dog/n02103406_3056-5.png,sketch,0,dog,5,house,0.4050524830818176
sketch/dog/n02103406_3108-1.png,sketch,0,dog,1,elephant,0.6544503569602966
sketch/dog/n02103406_3108-2.png,sketch,0,dog,1,elephant,0.3946616053581238
sketch/dog/n02103406_3108-3.png,sketch,0,dog,5,house,0.616228461265564
sketch/dog/n02103406_3108-4.png,sketch,0,dog,0,dog,0.4788246750831604
sketch/dog/n02103406_3108-5.png,sketch,0,dog,5,house,0.45549726486206055
sketch/dog/n02103406_3108-6.png,sketch,0,dog,1,elephant,0.7732652425765991
sketch/dog/n02103406_3132-1.png,sketch,0,dog,1,elephant,0.9619396328926086
sketch/dog/n02103406_3132-2.png,sketch,0,dog,0,dog,0.9423033595085144
sketch/dog/n02103406_3132-3.png,sketch,0,dog,1,elephant,0.519085705280304
sketch/dog/n02103406_3132-4.png,sketch,0,dog,1,elephant,0.784613311290741
sketch/dog/n02103406_3132-5.png,sketch,0,dog,1,elephant,0.8544891476631165
sketch/dog/n02103406_3132-6.png,sketch,0,dog,6,person,0.808915376663208
sketch/dog/n02103406_3132-7.png,sketch,0,dog,1,elephant,0.8041946887969971
sketch/dog/n02103406_3255-1.png,sketch,0,dog,1,elephant,0.6502346992492676
sketch/dog/n02103406_3255-10.png,sketch,0,dog,4,horse,0.6108900904655457
sketch/dog/n02103406_3255-11.png,sketch,0,dog,2,giraffe,0.47099223732948303
sketch/dog/n02103406_3255-2.png,sketch,0,dog,2,giraffe,0.7857133150100708
sketch/dog/n02103406_3255-3.png,sketch,0,dog,1,elephant,0.6922973990440369
sketch/dog/n02103406_3255-4.png,sketch,0,dog,2,giraffe,0.7445076107978821
sketch/dog/n02103406_3255-5.png,sketch,0,dog,2,giraffe,0.45676514506340027
sketch/dog/n02103406_3255-6.png,sketch,0,dog,2,giraffe,0.47417181730270386
sketch/dog/n02103406_3255-7.png,sketch,0,dog,2,giraffe,0.7198999524116516
sketch/dog/n02103406_3255-8.png,sketch,0,dog,2,giraffe,0.776506245136261
sketch/dog/n02103406_3255-9.png,sketch,0,dog,1,elephant,0.5210797190666199
sketch/dog/n02103406_3299-1.png,sketch,0,dog,1,elephant,0.7340922951698303
sketch/dog/n02103406_3299-2.png,sketch,0,dog,1,elephant,0.9254999160766602
sketch/dog/n02103406_3299-3.png,sketch,0,dog,1,elephant,0.3378756642341614
sketch/dog/n02103406_3299-4.png,sketch,0,dog,1,elephant,0.49572572112083435
sketch/dog/n02103406_3299-5.png,sketch,0,dog,2,giraffe,0.5701155066490173
sketch/dog/n02103406_3299-6.png,sketch,0,dog,1,elephant,0.4726720452308655
sketch/dog/n02103406_3299-7.png,sketch,0,dog,4,horse,0.6499297618865967
sketch/dog/n02103406_3299-8.png,sketch,0,dog,5,house,0.28682929277420044
sketch/dog/n02103406_3299-9.png,sketch,0,dog,2,giraffe,0.30234494805336
sketch/dog/n02103406_3326-1.png,sketch,0,dog,5,house,0.6814731359481812
sketch/dog/n02103406_3326-10.png,sketch,0,dog,1,elephant,0.9243817329406738
sketch/dog/n02103406_3326-11.png,sketch,0,dog,1,elephant,0.613366425037384
sketch/dog/n02103406_3326-12.png,sketch,0,dog,1,elephant,0.613358199596405
sketch/dog/n02103406_3326-13.png,sketch,0,dog,1,elephant,0.9063274264335632
sketch/dog/n02103406_3326-2.png,sketch,0,dog,1,elephant,0.8796821236610413
sketch/dog/n02103406_3326-3.png,sketch,0,dog,1,elephant,0.7520574331283569
sketch/dog/n02103406_3326-4.png,sketch,0,dog,2,giraffe,0.42633193731307983
sketch/dog/n02103406_3326-5.png,sketch,0,dog,1,elephant,0.6800851225852966
sketch/dog/n02103406_3326-6.png,sketch,0,dog,1,elephant,0.9763956069946289
sketch/dog/n02103406_3326-7.png,sketch,0,dog,1,elephant,0.8452443480491638
sketch/dog/n02103406_3326-8.png,sketch,0,dog,1,elephant,0.819504976272583
sketch/dog/n02103406_3326-9.png,sketch,0,dog,1,elephant,0.5804502964019775
sketch/dog/n02103406_3401-1.png,sketch,0,dog,4,horse,0.8839057683944702
sketch/dog/n02103406_3401-2.png,sketch,0,dog,1,elephant,0.39555761218070984
sketch/dog/n02103406_3401-3.png,sketch,0,dog,0,dog,0.7351894974708557
sketch/dog/n02103406_3401-4.png,sketch,0,dog,1,elephant,0.9173156023025513
sketch/dog/n02103406_3401-5.png,sketch,0,dog,2,giraffe,0.33012494444847107
sketch/dog/n02103406_3401-6.png,sketch,0,dog,1,elephant,0.35950347781181335
sketch/dog/n02103406_343-1.png,sketch,0,dog,0,dog,0.9141333699226379
sketch/dog/n02103406_343-2.png,sketch,0,dog,1,elephant,0.9612512588500977
sketch/dog/n02103406_343-3.png,sketch,0,dog,2,giraffe,0.6011475920677185
sketch/dog/n02103406_343-4.png,sketch,0,dog,2,giraffe,0.3190871477127075
sketch/dog/n02103406_343-5.png,sketch,0,dog,1,elephant,0.5338996648788452
sketch/dog/n02103406_343-6.png,sketch,0,dog,1,elephant,0.6158316731452942
sketch/dog/n02103406_343-7.png,sketch,0,dog,4,horse,0.3778456747531891
sketch/dog/n02103406_343-8.png,sketch,0,dog,5,house,0.5732939839363098
sketch/dog/n02103406_343-9.png,sketch,0,dog,5,house,0.5628326535224915
sketch/dog/n02103406_346-1.png,sketch,0,dog,1,elephant,0.7619194388389587
sketch/dog/n02103406_346-2.png,sketch,0,dog,1,elephant,0.35752618312835693
sketch/dog/n02103406_346-3.png,sketch,0,dog,1,elephant,0.8406343460083008
sketch/dog/n02103406_346-4.png,sketch,0,dog,1,elephant,0.6134803891181946
sketch/dog/n02103406_346-5.png,sketch,0,dog,1,elephant,0.7920284271240234
sketch/dog/n02103406_346-6.png,sketch,0,dog,1,elephant,0.5637224316596985
sketch/dog/n02103406_346-7.png,sketch,0,dog,0,dog,0.3787972331047058
sketch/dog/n02103406_3538-1.png,sketch,0,dog,5,house,0.41339126229286194
sketch/dog/n02103406_3538-2.png,sketch,0,dog,2,giraffe,0.4912415146827698
sketch/dog/n02103406_3538-3.png,sketch,0,dog,2,giraffe,0.8274750709533691
sketch/dog/n02103406_3538-4.png,sketch,0,dog,2,giraffe,0.6741580963134766
sketch/dog/n02103406_3538-5.png,sketch,0,dog,5,house,0.3005567789077759
sketch/dog/n02103406_3538-6.png,sketch,0,dog,5,house,0.3627691864967346
sketch/dog/n02103406_3538-7.png,sketch,0,dog,2,giraffe,0.5455644130706787
sketch/dog/n02103406_371-1.png,sketch,0,dog,1,elephant,0.6365045309066772
sketch/dog/n02103406_371-10.png,sketch,0,dog,1,elephant,0.7945358157157898
sketch/dog/n02103406_371-11.png,sketch,0,dog,1,elephant,0.6782494783401489
sketch/dog/n02103406_371-2.png,sketch,0,dog,1,elephant,0.9686791896820068
sketch/dog/n02103406_371-3.png,sketch,0,dog,1,elephant,0.8729327917098999
sketch/dog/n02103406_371-4.png,sketch,0,dog,1,elephant,0.760766327381134
sketch/dog/n02103406_371-5.png,sketch,0,dog,1,elephant,0.554830014705658
sketch/dog/n02103406_371-6.png,sketch,0,dog,1,elephant,0.5453149080276489
sketch/dog/n02103406_371-7.png,sketch,0,dog,1,elephant,0.8362278342247009
sketch/dog/n02103406_371-8.png,sketch,0,dog,1,elephant,0.3779272735118866
sketch/dog/n02103406_371-9.png,sketch,0,dog,1,elephant,0.8843174576759338
sketch/dog/n02103406_3743-1.png,sketch,0,dog,1,elephant,0.7241260409355164
sketch/dog/n02103406_3743-10.png,sketch,0,dog,1,elephant,0.8514026403427124
sketch/dog/n02103406_3743-2.png,sketch,0,dog,2,giraffe,0.5017887949943542
sketch/dog/n02103406_3743-3.png,sketch,0,dog,1,elephant,0.9591838121414185
sketch/dog/n02103406_3743-4.png,sketch,0,dog,2,giraffe,0.3285394012928009
sketch/dog/n02103406_3743-5.png,sketch,0,dog,1,elephant,0.7884135246276855
sketch/dog/n02103406_3743-6.png,sketch,0,dog,1,elephant,0.5850263237953186
sketch/dog/n02103406_3743-7.png,sketch,0,dog,0,dog,0.9715710878372192
sketch/dog/n02103406_3743-8.png,sketch,0,dog,1,elephant,0.5654203295707703
sketch/dog/n02103406_3743-9.png,sketch,0,dog,2,giraffe,0.6517885327339172
sketch/dog/n02103406_3750-1.png,sketch,0,dog,1,elephant,0.5334704518318176
sketch/dog/n02103406_3750-2.png,sketch,0,dog,1,elephant,0.9044091105461121
sketch/dog/n02103406_3750-3.png,sketch,0,dog,1,elephant,0.8865814208984375
sketch/dog/n02103406_3750-4.png,sketch,0,dog,0,dog,0.5135937333106995
sketch/dog/n02103406_3750-5.png,sketch,0,dog,1,elephant,0.6214748620986938
sketch/dog/n02103406_3750-6.png,sketch,0,dog,0,dog,0.5051355957984924
sketch/dog/n02103406_3964-1.png,sketch,0,dog,5,house,0.4119243025779724
sketch/dog/n02103406_3964-2.png,sketch,0,dog,2,giraffe,0.6088405847549438
sketch/dog/n02103406_3964-3.png,sketch,0,dog,6,person,0.289084255695343
sketch/dog/n02103406_3964-4.png,sketch,0,dog,1,elephant,0.5517287254333496
sketch/dog/n02103406_3964-5.png,sketch,0,dog,0,dog,0.26144981384277344
sketch/dog/n02103406_4068-1.png,sketch,0,dog,1,elephant,0.8763219714164734
sketch/dog/n02103406_4068-10.png,sketch,0,dog,4,horse,0.6076160073280334
sketch/dog/n02103406_4068-11.png,sketch,0,dog,4,horse,0.5082377195358276
sketch/dog/n02103406_4068-12.png,sketch,0,dog,4,horse,0.6455697417259216
sketch/dog/n02103406_4068-2.png,sketch,0,dog,5,house,0.6262001991271973
sketch/dog/n02103406_4068-3.png,sketch,0,dog,5,house,0.7128846645355225
sketch/dog/n02103406_4068-4.png,sketch,0,dog,4,horse,0.375914990901947
sketch/dog/n02103406_4068-5.png,sketch,0,dog,5,house,0.4684591591358185
sketch/dog/n02103406_4068-6.png,sketch,0,dog,5,house,0.7092076539993286
sketch/dog/n02103406_4068-7.png,sketch,0,dog,5,house,0.3298933207988739
sketch/dog/n02103406_4068-8.png,sketch,0,dog,1,elephant,0.7607620358467102
sketch/dog/n02103406_4068-9.png,sketch,0,dog,5,house,0.4508630931377411
sketch/dog/n02103406_4582-1.png,sketch,0,dog,1,elephant,0.6276145577430725
sketch/dog/n02103406_4582-2.png,sketch,0,dog,5,house,0.3946572244167328
sketch/dog/n02103406_4582-3.png,sketch,0,dog,0,dog,0.2609957158565521
sketch/dog/n02103406_4582-4.png,sketch,0,dog,4,horse,0.8936583399772644
sketch/dog/n02103406_4582-5.png,sketch,0,dog,2,giraffe,0.39835572242736816
sketch/dog/n02103406_4849-1.png,sketch,0,dog,1,elephant,0.5050033926963806
sketch/dog/n02103406_4849-2.png,sketch,0,dog,1,elephant,0.478244423866272
sketch/dog/n02103406_4849-3.png,sketch,0,dog,1,elephant,0.3815611004829407
sketch/dog/n02103406_4849-4.png,sketch,0,dog,2,giraffe,0.43550777435302734
sketch/dog/n02103406_4849-5.png,sketch,0,dog,5,house,0.4760788381099701
sketch/dog/n02103406_4849-6.png,sketch,0,dog,1,elephant,0.5905171632766724
sketch/dog/n02103406_4849-7.png,sketch,0,dog,2,giraffe,0.38701608777046204
sketch/dog/n02103406_4849-8.png,sketch,0,dog,1,elephant,0.8831655979156494
sketch/dog/n02103406_4849-9.png,sketch,0,dog,4,horse,0.8022323250770569
sketch/dog/n02103406_4916-1.png,sketch,0,dog,2,giraffe,0.4044499397277832
sketch/dog/n02103406_4916-2.png,sketch,0,dog,5,house,0.4308820366859436
sketch/dog/n02103406_4916-3.png,sketch,0,dog,2,giraffe,0.7665351629257202
sketch/dog/n02103406_4916-4.png,sketch,0,dog,2,giraffe,0.6178737282752991
sketch/dog/n02103406_4916-5.png,sketch,0,dog,5,house,0.4911916255950928
sketch/dog/n02103406_5035-1.png,sketch,0,dog,1,elephant,0.9805362224578857
sketch/dog/n02103406_5035-2.png,sketch,0,dog,1,elephant,0.7999164462089539
sketch/dog/n02103406_5035-3.png,sketch,0,dog,1,elephant,0.6198480129241943
sketch/dog/n02103406_5035-4.png,sketch,0,dog,1,elephant,0.32457754015922546
sketch/dog/n02103406_5035-5.png,sketch,0,dog,1,elephant,0.6402356624603271
sketch/dog/n02103406_5035-6.png,sketch,0,dog,1,elephant,0.6141283512115479
sketch/dog/n02103406_5216-1.png,sketch,0,dog,0,dog,0.39305683970451355
sketch/dog/n02103406_5216-2.png,sketch,0,dog,5,house,0.4949193000793457
sketch/dog/n02103406_5216-3.png,sketch,0,dog,5,house,0.5063906311988831
sketch/dog/n02103406_5216-4.png,sketch,0,dog,5,house,0.3016209006309509
sketch/dog/n02103406_5216-5.png,sketch,0,dog,1,elephant,0.29652199149131775
sketch/dog/n02103406_5224-1.png,sketch,0,dog,0,dog,0.3455323874950409
sketch/dog/n02103406_5224-2.png,sketch,0,dog,6,person,0.6968012452125549
sketch/dog/n02103406_5224-3.png,sketch,0,dog,1,elephant,0.8382688760757446
sketch/dog/n02103406_5224-4.png,sketch,0,dog,1,elephant,0.5169454216957092
sketch/dog/n02103406_5224-5.png,sketch,0,dog,1,elephant,0.5478241443634033
sketch/dog/n02103406_5224-6.png,sketch,0,dog,1,elephant,0.9736264944076538
sketch/dog/n02103406_5456-1.png,sketch,0,dog,6,person,0.5438944697380066
sketch/dog/n02103406_5456-2.png,sketch,0,dog,5,house,0.3349352180957794
sketch/dog/n02103406_5456-3.png,sketch,0,dog,6,person,0.9100509881973267
sketch/dog/n02103406_5456-4.png,sketch,0,dog,1,elephant,0.44049468636512756
sketch/dog/n02103406_5456-5.png,sketch,0,dog,1,elephant,0.41087666153907776
sketch/dog/n02103406_5456-6.png,sketch,0,dog,1,elephant,0.7737374901771545
sketch/dog/n02103406_5456-7.png,sketch,0,dog,0,dog,0.673467218875885
sketch/dog/n02103406_5456-8.png,sketch,0,dog,0,dog,0.3481181859970093
sketch/dog/n02103406_5456-9.png,sketch,0,dog,1,elephant,0.5224884152412415
sketch/dog/n02103406_5505-1.png,sketch,0,dog,2,giraffe,0.8529055714607239
sketch/dog/n02103406_5505-2.png,sketch,0,dog,2,giraffe,0.657731831073761
sketch/dog/n02103406_5505-3.png,sketch,0,dog,1,elephant,0.4200904369354248
sketch/dog/n02103406_5505-4.png,sketch,0,dog,2,giraffe,0.7093373537063599
sketch/dog/n02103406_5505-5.png,sketch,0,dog,1,elephant,0.5685036778450012
sketch/dog/n02103406_5505-6.png,sketch,0,dog,5,house,0.5516616106033325
sketch/dog/n02103406_5563-1.png,sketch,0,dog,1,elephant,0.8045743703842163
sketch/dog/n02103406_5563-2.png,sketch,0,dog,1,elephant,0.8447438478469849
sketch/dog/n02103406_5563-3.png,sketch,0,dog,6,person,0.9870017766952515
sketch/dog/n02103406_5563-4.png,sketch,0,dog,6,person,0.6931669116020203
sketch/dog/n02103406_5563-5.png,sketch,0,dog,1,elephant,0.767830491065979
sketch/dog/n02103406_5563-6.png,sketch,0,dog,6,person,0.8321207165718079
sketch/dog/n02103406_5563-7.png,sketch,0,dog,6,person,0.6087665557861328
sketch/dog/n02103406_5601-1.png,sketch,0,dog,5,house,0.3175163269042969
sketch/dog/n02103406_5601-2.png,sketch,0,dog,6,person,0.6060924530029297
sketch/dog/n02103406_5601-3.png,sketch,0,dog,6,person,0.5406703352928162
sketch/dog/n02103406_5601-4.png,sketch,0,dog,1,elephant,0.777995228767395
sketch/dog/n02103406_5601-5.png,sketch,0,dog,1,elephant,0.48334771394729614
sketch/dog/n02103406_5601-6.png,sketch,0,dog,2,giraffe,0.41159501671791077
sketch/dog/n02103406_6274-1.png,sketch,0,dog,1,elephant,0.7656146883964539
sketch/dog/n02103406_6274-2.png,sketch,0,dog,1,elephant,0.8692412972450256
sketch/dog/n02103406_6274-3.png,sketch,0,dog,1,elephant,0.5674651265144348
sketch/dog/n02103406_6274-4.png,sketch,0,dog,5,house,0.3850891888141632
sketch/dog/n02103406_6274-5.png,sketch,0,dog,1,elephant,0.4520765244960785
sketch/dog/n02103406_6461-1.png,sketch,0,dog,2,giraffe,0.3496559262275696
sketch/dog/n02103406_6461-2.png,sketch,0,dog,1,elephant,0.2733026444911957
sketch/dog/n02103406_6461-3.png,sketch,0,dog,1,elephant,0.5426933169364929
sketch/dog/n02103406_6461-4.png,sketch,0,dog,1,elephant,0.3614310026168823
sketch/dog/n02103406_6461-5.png,sketch,0,dog,1,elephant,0.47884178161621094
sketch/dog/n02103406_6461-6.png,sketch,0,dog,4,horse,0.5529354214668274
sketch/dog/n02103406_6461-7.png,sketch,0,dog,2,giraffe,0.5527244806289673
sketch/dog/n02103406_651-1.png,sketch,0,dog,0,dog,0.8804461359977722
sketch/dog/n02103406_651-2.png,sketch,0,dog,1,elephant,0.6011131405830383
sketch/dog/n02103406_651-3.png,sketch,0,dog,2,giraffe,0.40018293261528015
sketch/dog/n02103406_651-4.png,sketch,0,dog,1,elephant,0.9654788374900818
sketch/dog/n02103406_651-5.png,sketch,0,dog,2,giraffe,0.8636254072189331
sketch/dog/n02103406_651-6.png,sketch,0,dog,1,elephant,0.774066686630249
sketch/dog/n02103406_651-7.png,sketch,0,dog,1,elephant,0.6759961843490601
sketch/dog/n02103406_6530-1.png,sketch,0,dog,2,giraffe,0.4443258047103882
sketch/dog/n02103406_6530-2.png,sketch,0,dog,1,elephant,0.2683548927307129
sketch/dog/n02103406_6530-3.png,sketch,0,dog,2,giraffe,0.3171965479850769
sketch/dog/n02103406_6530-4.png,sketch,0,dog,2,giraffe,0.3063298761844635
sketch/dog/n02103406_6530-5.png,sketch,0,dog,2,giraffe,0.5226728916168213
sketch/dog/n02103406_6530-6.png,sketch,0,dog,1,elephant,0.6030105352401733
sketch/dog/n02103406_6530-7.png,sketch,0,dog,0,dog,0.517856240272522
sketch/dog/n02103406_6688-1.png,sketch,0,dog,6,person,0.46968305110931396
sketch/dog/n02103406_6688-2.png,sketch,0,dog,6,person,0.7706931233406067
sketch/dog/n02103406_6688-3.png,sketch,0,dog,0,dog,0.9935362935066223
sketch/dog/n02103406_6688-4.png,sketch,0,dog,4,horse,0.9728903770446777
sketch/dog/n02103406_6688-5.png,sketch,0,dog,6,person,0.3803972601890564
sketch/dog/n02103406_6688-6.png,sketch,0,dog,6,person,0.4969174265861511
sketch/dog/n02103406_6688-7.png,sketch,0,dog,6,person,0.7697147130966187
sketch/dog/n02103406_6688-8.png,sketch,0,dog,6,person,0.6754133105278015
sketch/dog/n02103406_6688-9.png,sketch,0,dog,1,elephant,0.3833828270435333
sketch/dog/n02103406_6852-1.png,sketch,0,dog,2,giraffe,0.9080533981323242
sketch/dog/n02103406_6852-2.png,sketch,0,dog,2,giraffe,0.7021551132202148
sketch/dog/n02103406_6852-3.png,sketch,0,dog,1,elephant,0.5162779092788696
sketch/dog/n02103406_6852-4.png,sketch,0,dog,5,house,0.5432990789413452
sketch/dog/n02103406_6852-5.png,sketch,0,dog,1,elephant,0.4419368803501129
sketch/dog/n02103406_6852-6.png,sketch,0,dog,1,elephant,0.4927123486995697
sketch/dog/n02103406_6852-7.png,sketch,0,dog,1,elephant,0.5705956816673279
sketch/dog/n02103406_6852-8.png,sketch,0,dog,1,elephant,0.9030377864837646
sketch/dog/n02103406_6852-9.png,sketch,0,dog,2,giraffe,0.9190507531166077
sketch/dog/n02103406_6857-1.png,sketch,0,dog,6,person,0.36266109347343445
sketch/dog/n02103406_6857-2.png,sketch,0,dog,5,house,0.5510663986206055
sketch/dog/n02103406_6857-3.png,sketch,0,dog,1,elephant,0.49999332427978516
sketch/dog/n02103406_6857-4.png,sketch,0,dog,2,giraffe,0.5592895746231079
sketch/dog/n02103406_6857-5.png,sketch,0,dog,1,elephant,0.34934717416763306
sketch/dog/n02103406_6857-6.png,sketch,0,dog,2,giraffe,0.6103733777999878
sketch/dog/n02103406_6857-7.png,sketch,0,dog,2,giraffe,0.8735000491142273
sketch/dog/n02103406_6857-8.png,sketch,0,dog,1,elephant,0.9282726645469666
sketch/dog/n02103406_7201-1.png,sketch,0,dog,1,elephant,0.7579901218414307
sketch/dog/n02103406_7201-2.png,sketch,0,dog,5,house,0.2478044182062149
sketch/dog/n02103406_7201-3.png,sketch,0,dog,4,horse,0.6081101298332214
sketch/dog/n02103406_7201-4.png,sketch,0,dog,1,elephant,0.3594911992549896
sketch/dog/n02103406_7201-5.png,sketch,0,dog,1,elephant,0.7827210426330566
sketch/dog/n02103406_7201-6.png,sketch,0,dog,1,elephant,0.6930900812149048
sketch/dog/n02103406_7368-1.png,sketch,0,dog,5,house,0.34086841344833374
sketch/dog/n02103406_7368-10.png,sketch,0,dog,2,giraffe,0.38400256633758545
sketch/dog/n02103406_7368-2.png,sketch,0,dog,1,elephant,0.652807891368866
sketch/dog/n02103406_7368-3.png,sketch,0,dog,2,giraffe,0.3587699234485626
sketch/dog/n02103406_7368-4.png,sketch,0,dog,5,house,0.5145363211631775
sketch/dog/n02103406_7368-5.png,sketch,0,dog,5,house,0.3459028899669647
sketch/dog/n02103406_7368-6.png,sketch,0,dog,1,elephant,0.354481041431427
sketch/dog/n02103406_7368-7.png,sketch,0,dog,1,elephant,0.43177804350852966
sketch/dog/n02103406_7368-8.png,sketch,0,dog,1,elephant,0.44106966257095337
sketch/dog/n02103406_7368-9.png,sketch,0,dog,5,house,0.3518303334712982
sketch/dog/n02103406_7521-1.png,sketch,0,dog,1,elephant,0.8793687224388123
sketch/dog/n02103406_7521-2.png,sketch,0,dog,1,elephant,0.5085114240646362
sketch/dog/n02103406_7521-3.png,sketch,0,dog,1,elephant,0.3282303512096405
sketch/dog/n02103406_7521-4.png,sketch,0,dog,1,elephant,0.8978819251060486
sketch/dog/n02103406_7521-5.png,sketch,0,dog,1,elephant,0.9170805215835571
sketch/dog/n02103406_7521-6.png,sketch,0,dog,1,elephant,0.6664099097251892
sketch/dog/n02103406_7521-7.png,sketch,0,dog,1,elephant,0.9908236265182495
sketch/dog/n02103406_7521-8.png,sketch,0,dog,1,elephant,0.9768303632736206
sketch/dog/n02103406_7708-1.png,sketch,0,dog,2,giraffe,0.5917029976844788
sketch/dog/n02103406_7708-10.png,sketch,0,dog,2,giraffe,0.43202024698257446
sketch/dog/n02103406_7708-2.png,sketch,0,dog,1,elephant,0.4014102518558502
sketch/dog/n02103406_7708-3.png,sketch,0,dog,2,giraffe,0.39376300573349
sketch/dog/n02103406_7708-4.png,sketch,0,dog,5,house,0.41140246391296387
sketch/dog/n02103406_7708-5.png,sketch,0,dog,5,house,0.42240411043167114
sketch/dog/n02103406_7708-6.png,sketch,0,dog,2,giraffe,0.7156893014907837
sketch/dog/n02103406_7708-7.png,sketch,0,dog,2,giraffe,0.4240903854370117
sketch/dog/n02103406_7708-8.png,sketch,0,dog,5,house,0.3038663864135742
sketch/dog/n02103406_7708-9.png,sketch,0,dog,6,person,0.5614380836486816
sketch/dog/n02103406_8004-1.png,sketch,0,dog,2,giraffe,0.9267898797988892
sketch/dog/n02103406_8004-2.png,sketch,0,dog,1,elephant,0.6183410882949829
sketch/dog/n02103406_8004-3.png,sketch,0,dog,5,house,0.39534419775009155
sketch/dog/n02103406_8004-4.png,sketch,0,dog,2,giraffe,0.46275806427001953
sketch/dog/n02103406_8004-5.png,sketch,0,dog,1,elephant,0.34917640686035156
sketch/dog/n02103406_8004-6.png,sketch,0,dog,2,giraffe,0.38792428374290466
sketch/dog/n02103406_8004-7.png,sketch,0,dog,2,giraffe,0.9415079355239868
sketch/dog/n02103406_8004-8.png,sketch,0,dog,2,giraffe,0.7515883445739746
sketch/dog/n02103406_8004-9.png,sketch,0,dog,2,giraffe,0.4064981937408447
sketch/dog/n02103406_8280-1.png,sketch,0,dog,1,elephant,0.857906699180603
sketch/dog/n02103406_8280-2.png,sketch,0,dog,1,elephant,0.9641516208648682
sketch/dog/n02103406_8280-3.png,sketch,0,dog,1,elephant,0.8389170169830322
sketch/dog/n02103406_8280-4.png,sketch,0,dog,1,elephant,0.8694424629211426
sketch/dog/n02103406_8280-5.png,sketch,0,dog,1,elephant,0.5953332185745239
sketch/dog/n02103406_8280-6.png,sketch,0,dog,1,elephant,0.9418160915374756
sketch/dog/n02103406_8362-1.png,sketch,0,dog,2,giraffe,0.6520286202430725
sketch/dog/n02103406_8362-10.png,sketch,0,dog,5,house,0.4986184239387512
sketch/dog/n02103406_8362-2.png,sketch,0,dog,5,house,0.603183388710022
sketch/dog/n02103406_8362-3.png,sketch,0,dog,0,dog,0.2854994535446167
sketch/dog/n02103406_8362-4.png,sketch,0,dog,5,house,0.3095583915710449
sketch/dog/n02103406_8362-5.png,sketch,0,dog,4,horse,0.5166646242141724
sketch/dog/n02103406_8362-6.png,sketch,0,dog,2,giraffe,0.4471043646335602
sketch/dog/n02103406_8362-7.png,sketch,0,dog,2,giraffe,0.6015216708183289
sketch/dog/n02103406_8362-8.png,sketch,0,dog,5,house,0.5348215699195862
sketch/dog/n02103406_8362-9.png,sketch,0,dog,4,horse,0.689650297164917
sketch/dog/n02103406_8421-1.png,sketch,0,dog,2,giraffe,0.7077174186706543
sketch/dog/n02103406_8421-2.png,sketch,0,dog,1,elephant,0.6531574726104736
sketch/dog/n02103406_8421-3.png,sketch,0,dog,1,elephant,0.9114426374435425
sketch/dog/n02103406_8421-4.png,sketch,0,dog,1,elephant,0.7240106463432312
sketch/dog/n02103406_8421-5.png,sketch,0,dog,1,elephant,0.8670483827590942
sketch/dog/n02103406_8421-6.png,sketch,0,dog,2,giraffe,0.5441659092903137
sketch/dog/n02103406_865-1.png,sketch,0,dog,1,elephant,0.8969688415527344
sketch/dog/n02103406_865-10.png,sketch,0,dog,0,dog,0.8304023146629333
sketch/dog/n02103406_865-11.png,sketch,0,dog,5,house,0.6519585847854614
sketch/dog/n02103406_865-2.png,sketch,0,dog,1,elephant,0.9529452323913574
sketch/dog/n02103406_865-3.png,sketch,0,dog,0,dog,0.39922019839286804
sketch/dog/n02103406_865-4.png,sketch,0,dog,1,elephant,0.9133294820785522
sketch/dog/n02103406_865-5.png,sketch,0,dog,1,elephant,0.7332845330238342
sketch/dog/n02103406_865-6.png,sketch,0,dog,1,elephant,0.6707534790039062
sketch/dog/n02103406_865-7.png,sketch,0,dog,0,dog,0.5509892106056213
sketch/dog/n02103406_865-8.png,sketch,0,dog,0,dog,0.4168214201927185
sketch/dog/n02103406_865-9.png,sketch,0,dog,0,dog,0.3371063470840454
sketch/dog/n02103406_936-1.png,sketch,0,dog,1,elephant,0.8138843774795532
sketch/dog/n02103406_936-2.png,sketch,0,dog,2,giraffe,0.8279989361763
sketch/dog/n02103406_936-3.png,sketch,0,dog,2,giraffe,0.63248211145401
sketch/dog/n02103406_936-4.png,sketch,0,dog,1,elephant,0.4843291640281677
sketch/dog/n02103406_936-5.png,sketch,0,dog,1,elephant,0.5824997425079346
sketch/dog/n02103406_936-6.png,sketch,0,dog,2,giraffe,0.698575496673584
sketch/dog/n02103406_936-7.png,sketch,0,dog,2,giraffe,0.5801780223846436
sketch/dog/n02103406_936-8.png,sketch,0,dog,2,giraffe,0.8992795944213867
sketch/dog/n02103406_936-9.png,sketch,0,dog,1,elephant,0.46427884697914124
sketch/dog/n02103406_995-1.png,sketch,0,dog,2,giraffe,0.9637033939361572
sketch/dog/n02103406_995-2.png,sketch,0,dog,1,elephant,0.5067917704582214
sketch/dog/n02103406_995-3.png,sketch,0,dog,1,elephant,0.4447253942489624
sketch/dog/n02103406_995-4.png,sketch,0,dog,2,giraffe,0.7083307504653931
sketch/dog/n02103406_995-5.png,sketch,0,dog,1,elephant,0.7543762922286987
sketch/dog/n02103406_995-6.png,sketch,0,dog,1,elephant,0.5548205971717834
sketch/dog/n02106662_10406-1.png,sketch,0,dog,1,elephant,0.6446462869644165
sketch/dog/n02106662_10406-2.png,sketch,0,dog,1,elephant,0.856268584728241
sketch/dog/n02106662_10406-3.png,sketch,0,dog,1,elephant,0.49142441153526306
sketch/dog/n02106662_10406-4.png,sketch,0,dog,2,giraffe,0.4539138376712799
sketch/dog/n02106662_10406-5.png,sketch,0,dog,4,horse,0.9071183800697327
sketch/dog/n02106662_10406-6.png,sketch,0,dog,1,elephant,0.5796513557434082
sketch/dog/n02106662_11133-1.png,sketch,0,dog,2,giraffe,0.22420254349708557
sketch/dog/n02106662_11133-2.png,sketch,0,dog,5,house,0.35544833540916443
sketch/dog/n02106662_11133-3.png,sketch,0,dog,2,giraffe,0.4932217001914978
sketch/dog/n02106662_11133-4.png,sketch,0,dog,2,giraffe,0.9866058230400085
sketch/dog/n02106662_11133-5.png,sketch,0,dog,2,giraffe,0.4907943606376648
sketch/dog/n02106662_13178-1.png,sketch,0,dog,2,giraffe,0.8288183212280273
sketch/dog/n02106662_13178-2.png,sketch,0,dog,1,elephant,0.5168101191520691
sketch/dog/n02106662_13178-3.png,sketch,0,dog,5,house,0.3448254466056824
sketch/dog/n02106662_13178-4.png,sketch,0,dog,2,giraffe,0.4484767019748688
sketch/dog/n02106662_13178-5.png,sketch,0,dog,2,giraffe,0.45410454273223877
sketch/dog/n02106662_13912-1.png,sketch,0,dog,2,giraffe,0.33058762550354004
sketch/dog/n02106662_13912-2.png,sketch,0,dog,1,elephant,0.6306219696998596
sketch/dog/n02106662_13912-3.png,sketch,0,dog,5,house,0.4403536319732666
sketch/dog/n02106662_13912-4.png,sketch,0,dog,1,elephant,0.48099401593208313
sketch/dog/n02106662_13912-5.png,sketch,0,dog,5,house,0.43656396865844727
sketch/dog/n02106662_15858-1.png,sketch,0,dog,4,horse,0.9910054206848145
sketch/dog/n02106662_15858-2.png,sketch,0,dog,1,elephant,0.41459211707115173
sketch/dog/n02106662_15858-3.png,sketch,0,dog,5,house,0.4396929442882538
sketch/dog/n02106662_15858-4.png,sketch,0,dog,5,house,0.7387509346008301
sketch/dog/n02106662_15858-5.png,sketch,0,dog,5,house,0.4665951430797577
sketch/dog/n02106662_15858-6.png,sketch,0,dog,4,horse,0.3749408423900604
sketch/dog/n02106662_18402-1.png,sketch,0,dog,2,giraffe,0.3955838084220886
sketch/dog/n02106662_18402-2.png,sketch,0,dog,5,house,0.3241490125656128
sketch/dog/n02106662_18402-3.png,sketch,0,dog,5,house,0.5985211730003357
sketch/dog/n02106662_18402-4.png,sketch,0,dog,5,house,0.5659182667732239
sketch/dog/n02106662_18402-5.png,sketch,0,dog,5,house,0.512017011642456
sketch/dog/n02106662_18405-1.png,sketch,0,dog,1,elephant,0.361281156539917
sketch/dog/n02106662_18405-2.png,sketch,0,dog,4,horse,0.36168372631073
sketch/dog/n02106662_18405-3.png,sketch,0,dog,2,giraffe,0.47232377529144287
sketch/dog/n02106662_18405-4.png,sketch,0,dog,4,horse,0.30219903588294983
sketch/dog/n02106662_18405-5.png,sketch,0,dog,5,house,0.48964524269104004
sketch/dog/n02106662_1874-1.png,sketch,0,dog,1,elephant,0.3396538496017456
sketch/dog/n02106662_1874-2.png,sketch,0,dog,2,giraffe,0.8705691695213318
sketch/dog/n02106662_1874-3.png,sketch,0,dog,0,dog,0.5893867611885071
sketch/dog/n02106662_1874-4.png,sketch,0,dog,1,elephant,0.4434962272644043
sketch/dog/n02106662_1874-5.png,sketch,0,dog,2,giraffe,0.7423735857009888
sketch/dog/n02106662_18922-1.png,sketch,0,dog,2,giraffe,0.468872606754303
sketch/dog/n02106662_18922-10.png,sketch,0,dog,5,house,0.7104687094688416
sketch/dog/n02106662_18922-11.png,sketch,0,dog,2,giraffe,0.9232388138771057
sketch/dog/n02106662_18922-2.png,sketch,0,dog,5,house,0.6187737584114075
sketch/dog/n02106662_18922-3.png,sketch,0,dog,2,giraffe,0.7466863989830017
sketch/dog/n02106662_18922-4.png,sketch,0,dog,2,giraffe,0.8916409611701965
sketch/dog/n02106662_18922-5.png,sketch,0,dog,2,giraffe,0.9101495146751404
sketch/dog/n02106662_18922-6.png,sketch,0,dog,2,giraffe,0.7734083533287048
sketch/dog/n02106662_18922-7.png,sketch,0,dog,2,giraffe,0.7869325280189514
sketch/dog/n02106662_18922-8.png,sketch,0,dog,1,elephant,0.863324761390686
sketch/dog/n02106662_18922-9.png,sketch,0,dog,2,giraffe,0.8059330582618713
sketch/dog/n02106662_18953-1.png,sketch,0,dog,4,horse,0.8280897736549377
sketch/dog/n02106662_18953-2.png,sketch,0,dog,5,house,0.4296224117279053
sketch/dog/n02106662_18953-3.png,sketch,0,dog,1,elephant,0.35203051567077637
sketch/dog/n02106662_18953-4.png,sketch,0,dog,4,horse,0.3483964204788208
sketch/dog/n02106662_18953-5.png,sketch,0,dog,1,elephant,0.37936487793922424
sketch/dog/n02106662_18953-6.png,sketch,0,dog,1,elephant,0.3379993438720703
sketch/dog/n02106662_18953-7.png,sketch,0,dog,5,house,0.3459247946739197
sketch/dog/n02106662_1922-1.png,sketch,0,dog,5,house,0.644774854183197
sketch/dog/n02106662_1922-2.png,sketch,0,dog,0,dog,0.920499861240387
sketch/dog/n02106662_1922-3.png,sketch,0,dog,5,house,0.5722240805625916
sketch/dog/n02106662_1922-4.png,sketch,0,dog,5,house,0.38956522941589355
sketch/dog/n02106662_1922-5.png,sketch,0,dog,2,giraffe,0.41947507858276367
sketch/dog/n02106662_2101-1.png,sketch,0,dog,2,giraffe,0.39305269718170166
sketch/dog/n02106662_2101-2.png,sketch,0,dog,5,house,0.48105356097221375
sketch/dog/n02106662_2101-3.png,sketch,0,dog,1,elephant,0.6451975107192993
sketch/dog/n02106662_2101-4.png,sketch,0,dog,2,giraffe,0.7252262830734253
sketch/dog/n02106662_2101-5.png,sketch,0,dog,5,house,0.637161374092102
sketch/dog/n02106662_2101-6.png,sketch,0,dog,5,house,0.4097895324230194
sketch/dog/n02106662_2101-7.png,sketch,0,dog,4,horse,0.4168398678302765
sketch/dog/n02106662_2101-8.png,sketch,0,dog,5,house,0.5600977540016174
sketch/dog/n02106662_2101-9.png,sketch,0,dog,5,house,0.40058213472366333
sketch/dog/n02106662_2157-1.png,sketch,0,dog,2,giraffe,0.5091891884803772
sketch/dog/n02106662_2157-2.png,sketch,0,dog,2,giraffe,0.4014640748500824
sketch/dog/n02106662_2157-3.png,sketch,0,dog,1,elephant,0.2721013128757477
sketch/dog/n02106662_2157-4.png,sketch,0,dog,1,elephant,0.7625097632408142
sketch/dog/n02106662_2157-5.png,sketch,0,dog,5,house,0.39375320076942444
sketch/dog/n02106662_2157-6.png,sketch,0,dog,5,house,0.3838191330432892
sketch/dog/n02106662_2377-1.png,sketch,0,dog,2,giraffe,0.5695760846138
sketch/dog/n02106662_2377-2.png,sketch,0,dog,1,elephant,0.8993942737579346
sketch/dog/n02106662_2377-3.png,sketch,0,dog,2,giraffe,0.7372905611991882
sketch/dog/n02106662_2377-4.png,sketch,0,dog,1,elephant,0.3548646867275238
sketch/dog/n02106662_2377-5.png,sketch,0,dog,1,elephant,0.7903203368186951
sketch/dog/n02106662_2377-6.png,sketch,0,dog,4,horse,0.6109619736671448
sketch/dog/n02106662_24019-1.png,sketch,0,dog,2,giraffe,0.915856659412384
sketch/dog/n02106662_24019-2.png,sketch,0,dog,1,elephant,0.9803277850151062
sketch/dog/n02106662_24019-3.png,sketch,0,dog,2,giraffe,0.7014871835708618
sketch/dog/n02106662_24019-4.png,sketch,0,dog,2,giraffe,0.4969708323478699
sketch/dog/n02106662_24019-5.png,sketch,0,dog,2,giraffe,0.8678413033485413
sketch/dog/n02106662_24019-6.png,sketch,0,dog,2,giraffe,0.8263505101203918
sketch/dog/n02106662_24019-7.png,sketch,0,dog,2,giraffe,0.8500344157218933
sketch/dog/n02106662_24019-8.png,sketch,0,dog,2,giraffe,0.5920443534851074
sketch/dog/n02106662_24577-1.png,sketch,0,dog,5,house,0.4732309877872467
sketch/dog/n02106662_24577-2.png,sketch,0,dog,4,horse,0.7823359370231628
sketch/dog/n02106662_24577-3.png,sketch,0,dog,5,house,0.40799304842948914
sketch/dog/n02106662_24577-4.png,sketch,0,dog,5,house,0.5321075320243835
sketch/dog/n02106662_24577-5.png,sketch,0,dog,1,elephant,0.6386500000953674
sketch/dog/n02106662_24786-1.png,sketch,0,dog,5,house,0.5153340101242065
sketch/dog/n02106662_24786-2.png,sketch,0,dog,5,house,0.5946177244186401
sketch/dog/n02106662_24786-3.png,sketch,0,dog,4,horse,0.723838746547699
sketch/dog/n02106662_24786-4.png,sketch,0,dog,2,giraffe,0.3570829927921295
sketch/dog/n02106662_24786-5.png,sketch,0,dog,4,horse,0.5021016597747803
sketch/dog/n02106662_24786-6.png,sketch,0,dog,4,horse,0.6944670677185059
sketch/dog/n02106662_24786-7.png,sketch,0,dog,1,elephant,0.986636221408844
sketch/dog/n02106662_25917-1.png,sketch,0,dog,2,giraffe,0.6377120614051819
sketch/dog/n02106662_25917-2.png,sketch,0,dog,5,house,0.48815658688545227
sketch/dog/n02106662_25917-3.png,sketch,0,dog,5,house,0.34599971771240234
sketch/dog/n02106662_25917-4.png,sketch,0,dog,4,horse,0.5330209732055664
sketch/dog/n02106662_25917-5.png,sketch,0,dog,4,horse,0.7241645455360413
sketch/dog/n02106662_25917-6.png,sketch,0,dog,2,giraffe,0.6970857977867126
sketch/dog/n02106662_25917-7.png,sketch,0,dog,4,horse,0.6668382883071899
sketch/dog/n02106662_26549-1.png,sketch,0,dog,2,giraffe,0.9564276337623596
sketch/dog/n02106662_26549-2.png,sketch,0,dog,2,giraffe,0.8386270999908447
sketch/dog/n02106662_26549-3.png,sketch,0,dog,2,giraffe,0.5522931218147278
sketch/dog/n02106662_26549-4.png,sketch,0,dog,4,horse,0.9740109443664551
sketch/dog/n02106662_26549-5.png,sketch,0,dog,0,dog,0.45198488235473633
sketch/dog/n02106662_26549-6.png,sketch,0,dog,2,giraffe,0.9485529661178589
sketch/dog/n02106662_27393-1.png,sketch,0,dog,5,house,0.36860716342926025
sketch/dog/n02106662_27393-2.png,sketch,0,dog,0,dog,0.3804289698600769
sketch/dog/n02106662_27393-3.png,sketch,0,dog,0,dog,0.6177095174789429
sketch/dog/n02106662_27393-4.png,sketch,0,dog,5,house,0.4578155279159546
sketch/dog/n02106662_27393-5.png,sketch,0,dog,5,house,0.4639459252357483
sketch/dog/n02106662_2740-1.png,sketch,0,dog,2,giraffe,0.4715181589126587
sketch/dog/n02106662_2740-2.png,sketch,0,dog,2,giraffe,0.6155238151550293
sketch/dog/n02106662_2740-3.png,sketch,0,dog,2,giraffe,0.45774921774864197
sketch/dog/n02106662_2740-4.png,sketch,0,dog,2,giraffe,0.7824009656906128
sketch/dog/n02106662_2740-5.png,sketch,0,dog,2,giraffe,0.4374796152114868
sketch/dog/n02106662_466-1.png,sketch,0,dog,2,giraffe,0.6482062339782715
sketch/dog/n02106662_466-2.png,sketch,0,dog,2,giraffe,0.6882234215736389
sketch/dog/n02106662_466-3.png,sketch,0,dog,2,giraffe,0.7655620574951172
sketch/dog/n02106662_466-4.png,sketch,0,dog,2,giraffe,0.5030691623687744
sketch/dog/n02106662_466-5.png,sketch,0,dog,5,house,0.44607433676719666
sketch/dog/n02106662_466-6.png,sketch,0,dog,2,giraffe,0.7294352650642395
sketch/dog/n02106662_466-7.png,sketch,0,dog,1,elephant,0.6388809680938721
sketch/dog/n02106662_5001-1.png,sketch,0,dog,2,giraffe,0.5708550214767456
sketch/dog/n02106662_5001-2.png,sketch,0,dog,5,house,0.5344051122665405
sketch/dog/n02106662_5001-3.png,sketch,0,dog,1,elephant,0.8620131015777588
sketch/dog/n02106662_5001-4.png,sketch,0,dog,4,horse,0.7383301854133606
sketch/dog/n02106662_5001-5.png,sketch,0,dog,1,elephant,0.5910690426826477
sketch/dog/n02106662_5001-6.png,sketch,0,dog,5,house,0.5173456072807312
sketch/dog/n02106662_5001-7.png,sketch,0,dog,4,horse,0.671674907207489
sketch/dog/n02106662_7885-1.png,sketch,0,dog,2,giraffe,0.36881574988365173
sketch/dog/n02106662_7885-2.png,sketch,0,dog,5,house,0.6034799814224243
sketch/dog/n02106662_7885-3.png,sketch,0,dog,5,house,0.41749107837677
sketch/dog/n02106662_7885-4.png,sketch,0,dog,2,giraffe,0.46558061242103577
sketch/dog/n02106662_7885-5.png,sketch,0,dog,5,house,0.343197762966156
sketch/dog/n02106662_7960-1.png,sketch,0,dog,5,house,0.6055640578269958
sketch/dog/n02106662_7960-2.png,sketch,0,dog,4,horse,0.36879923939704895
sketch/dog/n02106662_7960-3.png,sketch,0,dog,2,giraffe,0.492779016494751
sketch/dog/n02106662_7960-4.png,sketch,0,dog,2,giraffe,0.7912595868110657
sketch/dog/n02106662_7960-5.png,sketch,0,dog,2,giraffe,0.4992152154445648
sketch/dog/n02106662_7960-6.png,sketch,0,dog,5,house,0.5558725595474243
sketch/dog/n02106662_8511-1.png,sketch,0,dog,5,house,0.6366704702377319
sketch/dog/n02106662_8511-2.png,sketch,0,dog,5,house,0.387631356716156
sketch/dog/n02106662_8511-3.png,sketch,0,dog,2,giraffe,0.5133554339408875
sketch/dog/n02106662_8511-4.png,sketch,0,dog,2,giraffe,0.572228193283081
sketch/dog/n02106662_8511-5.png,sketch,0,dog,5,house,0.8340699076652527
sketch/dog/n02106662_8511-6.png,sketch,0,dog,2,giraffe,0.521939218044281
sketch/dog/n02106662_8870-1.png,sketch,0,dog,1,elephant,0.7227829098701477
sketch/dog/n02106662_8870-2.png,sketch,0,dog,1,elephant,0.6902676820755005
sketch/dog/n02106662_8870-3.png,sketch,0,dog,2,giraffe,0.37199726700782776
sketch/dog/n02106662_8870-4.png,sketch,0,dog,1,elephant,0.528916597366333
sketch/dog/n02106662_8870-5.png,sketch,0,dog,4,horse,0.31078875064849854
sketch/dog/n02106662_8870-6.png,sketch,0,dog,1,elephant,0.8848746418952942
sketch/dog/n02106662_8870-7.png,sketch,0,dog,1,elephant,0.47592151165008545
sketch/dog/n02106662_928-1.png,sketch,0,dog,1,elephant,0.8689605593681335
sketch/dog/n02106662_928-10.png,sketch,0,dog,5,house,0.8226880431175232
sketch/dog/n02106662_928-11.png,sketch,0,dog,5,house,0.5305101275444031
sketch/dog/n02106662_928-2.png,sketch,0,dog,1,elephant,0.5641850233078003
sketch/dog/n02106662_928-3.png,sketch,0,dog,1,elephant,0.7802567481994629
sketch/dog/n02106662_928-4.png,sketch,0,dog,2,giraffe,0.3205215632915497
sketch/dog/n02106662_928-5.png,sketch,0,dog,1,elephant,0.5691826343536377
sketch/dog/n02106662_928-6.png,sketch,0,dog,2,giraffe,0.4196353852748871
sketch/dog/n02106662_928-7.png,sketch,0,dog,1,elephant,0.9290918707847595
sketch/dog/n02106662_928-8.png,sketch,0,dog,4,horse,0.4304242432117462
sketch/dog/n02106662_928-9.png,sketch,0,dog,1,elephant,0.573398768901825
sketch/dog/n02109525_10297-1.png,sketch,0,dog,1,elephant,0.9490780830383301
sketch/dog/n02109525_10297-2.png,sketch,0,dog,1,elephant,0.934044599533081
sketch/dog/n02109525_10297-3.png,sketch,0,dog,1,elephant,0.9370445013046265
sketch/dog/n02109525_10297-4.png,sketch,0,dog,1,elephant,0.9377278685569763
sketch/dog/n02109525_10297-5.png,sketch,0,dog,1,elephant,0.7651172876358032
sketch/dog/n02109525_11444-1.png,sketch,0,dog,1,elephant,0.9333547353744507
sketch/dog/n02109525_11444-2.png,sketch,0,dog,1,elephant,0.8012708425521851
sketch/dog/n02109525_11444-3.png,sketch,0,dog,1,elephant,0.7779504060745239
sketch/dog/n02109525_11444-4.png,sketch,0,dog,2,giraffe,0.861804723739624
sketch/dog/n02109525_11444-5.png,sketch,0,dog,1,elephant,0.9423224329948425
sketch/dog/n02109525_12875-1.png,sketch,0,dog,1,elephant,0.384467214345932
sketch/dog/n02109525_12875-2.png,sketch,0,dog,1,elephant,0.35905560851097107
sketch/dog/n02109525_12875-3.png,sketch,0,dog,1,elephant,0.4951626658439636
sketch/dog/n02109525_12875-4.png,sketch,0,dog,1,elephant,0.9267323613166809
sketch/dog/n02109525_12875-5.png,sketch,0,dog,1,elephant,0.8965333700180054
sketch/dog/n02109525_12875-6.png,sketch,0,dog,1,elephant,0.6763450503349304
sketch/dog/n02109525_13700-1.png,sketch,0,dog,1,elephant,0.8451063632965088
sketch/dog/n02109525_13700-2.png,sketch,0,dog,1,elephant,0.7315355539321899
sketch/dog/n02109525_13700-3.png,sketch,0,dog,1,elephant,0.7211247682571411
sketch/dog/n02109525_13700-4.png,sketch,0,dog,1,elephant,0.9066458344459534
sketch/dog/n02109525_13700-5.png,sketch,0,dog,1,elephant,0.912543773651123
sketch/dog/n02109525_16346-1.png,sketch,0,dog,1,elephant,0.8955365419387817
sketch/dog/n02109525_16346-2.png,sketch,0,dog,1,elephant,0.8773199915885925
sketch/dog/n02109525_16346-3.png,sketch,0,dog,0,dog,0.8322772979736328
sketch/dog/n02109525_16346-4.png,sketch,0,dog,1,elephant,0.5974356532096863
sketch/dog/n02109525_16346-5.png,sketch,0,dog,0,dog,0.9696322083473206
sketch/dog/n02109525_16346-6.png,sketch,0,dog,1,elephant,0.6660181283950806
sketch/dog/n02109525_16346-7.png,sketch,0,dog,1,elephant,0.7271679639816284
sketch/dog/n02109525_16346-8.png,sketch,0,dog,1,elephant,0.41873788833618164
sketch/dog/n02109525_18347-1.png,sketch,0,dog,1,elephant,0.9448183178901672
sketch/dog/n02109525_18347-2.png,sketch,0,dog,1,elephant,0.9120963215827942
sketch/dog/n02109525_18347-3.png,sketch,0,dog,1,elephant,0.6809695363044739
sketch/dog/n02109525_18347-4.png,sketch,0,dog,1,elephant,0.3452180325984955
sketch/dog/n02109525_18347-5.png,sketch,0,dog,0,dog,0.608498215675354
sketch/dog/n02109525_18347-6.png,sketch,0,dog,1,elephant,0.9363629817962646
sketch/dog/n02109525_18347-7.png,sketch,0,dog,1,elephant,0.7054373621940613
sketch/dog/n02109525_1893-1.png,sketch,0,dog,6,person,0.8034155368804932
sketch/dog/n02109525_1893-2.png,sketch,0,dog,1,elephant,0.673112690448761
sketch/dog/n02109525_1893-3.png,sketch,0,dog,2,giraffe,0.48755329847335815
sketch/dog/n02109525_1893-4.png,sketch,0,dog,2,giraffe,0.35612067580223083
sketch/dog/n02109525_1893-5.png,sketch,0,dog,1,elephant,0.7493689060211182
sketch/dog/n02109525_1893-6.png,sketch,0,dog,1,elephant,0.844121515750885
sketch/dog/n02109525_1893-7.png,sketch,0,dog,1,elephant,0.40556034445762634
sketch/dog/n02109525_3202-1.png,sketch,0,dog,1,elephant,0.9697589874267578
sketch/dog/n02109525_3202-2.png,sketch,0,dog,0,dog,0.4948577582836151
sketch/dog/n02109525_3202-3.png,sketch,0,dog,1,elephant,0.8435215353965759
sketch/dog/n02109525_3202-4.png,sketch,0,dog,0,dog,0.43338510394096375
sketch/dog/n02109525_3202-5.png,sketch,0,dog,1,elephant,0.8299419283866882
sketch/dog/n02109525_3202-6.png,sketch,0,dog,1,elephant,0.7910746932029724
sketch/dog/n02109525_3782-1.png,sketch,0,dog,1,elephant,0.9456669688224792
sketch/dog/n02109525_3782-10.png,sketch,0,dog,1,elephant,0.9028136134147644
sketch/dog/n02109525_3782-2.png,sketch,0,dog,1,elephant,0.5480623841285706
sketch/dog/n02109525_3782-3.png,sketch,0,dog,1,elephant,0.8391229510307312
sketch/dog/n02109525_3782-4.png,sketch,0,dog,6,person,0.9062235951423645
sketch/dog/n02109525_3782-5.png,sketch,0,dog,1,elephant,0.5520164966583252
sketch/dog/n02109525_3782-6.png,sketch,0,dog,6,person,0.7125211358070374
sketch/dog/n02109525_3782-7.png,sketch,0,dog,1,elephant,0.7112693786621094
sketch/dog/n02109525_3782-8.png,sketch,0,dog,1,elephant,0.8356840014457703
sketch/dog/n02109525_3782-9.png,sketch,0,dog,6,person,0.6275426149368286
sketch/dog/n02109525_5013-1.png,sketch,0,dog,1,elephant,0.9586057066917419
sketch/dog/n02109525_5013-2.png,sketch,0,dog,1,elephant,0.9700690507888794
sketch/dog/n02109525_5013-3.png,sketch,0,dog,1,elephant,0.951785147190094
sketch/dog/n02109525_5013-4.png,sketch,0,dog,1,elephant,0.9496763348579407
sketch/dog/n02109525_5013-5.png,sketch,0,dog,1,elephant,0.81252521276474
sketch/dog/n02109525_5013-6.png,sketch,0,dog,1,elephant,0.9795626401901245
sketch/dog/n02109525_5583-1.png,sketch,0,dog,0,dog,0.9881719946861267
sketch/dog/n02109525_5583-2.png,sketch,0,dog,1,elephant,0.7437466382980347
sketch/dog/n02109525_5583-3.png,sketch,0,dog,1,elephant,0.7531349062919617
sketch/dog/n02109525_5583-4.png,sketch,0,dog,1,elephant,0.6480448842048645
sketch/dog/n02109525_5583-5.png,sketch,0,dog,6,person,0.3877256214618683
sketch/dog/n02109525_5583-6.png,sketch,0,dog,0,dog,0.3789004385471344
sketch/dog/n02109525_5583-7.png,sketch,0,dog,1,elephant,0.8005573153495789
sketch/dog/n02109525_5966-1.png,sketch,0,dog,1,elephant,0.9355442523956299
sketch/dog/n02109525_5966-2.png,sketch,0,dog,1,elephant,0.38147667050361633
sketch/dog/n02109525_5966-3.png,sketch,0,dog,1,elephant,0.413517028093338
sketch/dog/n02109525_5966-4.png,sketch,0,dog,6,person,0.3976021111011505
sketch/dog/n02109525_5966-5.png,sketch,0,dog,0,dog,0.30709561705589294
sketch/dog/n02109525_6693-1.png,sketch,0,dog,1,elephant,0.6229262948036194
sketch/dog/n02109525_6693-2.png,sketch,0,dog,0,dog,0.7339164614677429
sketch/dog/n02109525_6693-3.png,sketch,0,dog,1,elephant,0.9972822666168213
sketch/dog/n02109525_6693-4.png,sketch,0,dog,1,elephant,0.37747102975845337
sketch/dog/n02109525_6693-5.png,sketch,0,dog,0,dog,0.7864167094230652
sketch/dog/n02109525_704-1.png,sketch,0,dog,1,elephant,0.519498348236084
sketch/dog/n02109525_704-2.png,sketch,0,dog,1,elephant,0.7839011549949646
sketch/dog/n02109525_704-3.png,sketch,0,dog,1,elephant,0.610430121421814
sketch/dog/n02109525_704-4.png,sketch,0,dog,1,elephant,0.9316720962524414
sketch/dog/n02109525_704-5.png,sketch,0,dog,1,elephant,0.7530896663665771
sketch/dog/n02109525_704-6.png,sketch,0,dog,1,elephant,0.9148680567741394
sketch/dog/n02109525_7874-1.png,sketch,0,dog,1,elephant,0.5563870668411255
sketch/dog/n02109525_7874-2.png,sketch,0,dog,1,elephant,0.48709410429000854
sketch/dog/n02109525_7874-3.png,sketch,0,dog,0,dog,0.8725855946540833
sketch/dog/n02109525_7874-4.png,sketch,0,dog,6,person,0.6697008013725281
sketch/dog/n02109525_7874-5.png,sketch,0,dog,6,person,0.9921811819076538
sketch/dog/n02109525_7874-6.png,sketch,0,dog,5,house,0.3844955265522003
sketch/dog/n02109525_8211-1.png,sketch,0,dog,1,elephant,0.657415509223938
sketch/dog/n02109525_8211-2.png,sketch,0,dog,1,elephant,0.9454417824745178
sketch/dog/n02109525_8211-3.png,sketch,0,dog,0,dog,0.6209311485290527
sketch/dog/n02109525_8211-4.png,sketch,0,dog,1,elephant,0.9493963718414307
sketch/dog/n02109525_8211-5.png,sketch,0,dog,6,person,0.9062458872795105
sketch/dog/n02109525_8457-1.png,sketch,0,dog,1,elephant,0.8744451403617859
sketch/dog/n02109525_8457-2.png,sketch,0,dog,1,elephant,0.6589435935020447
sketch/dog/n02109525_8457-3.png,sketch,0,dog,1,elephant,0.5051985383033752
sketch/dog/n02109525_8457-4.png,sketch,0,dog,1,elephant,0.7796087861061096
sketch/dog/n02109525_8457-5.png,sketch,0,dog,1,elephant,0.7569813132286072
sketch/dog/n02109525_9037-1.png,sketch,0,dog,1,elephant,0.42006242275238037
sketch/dog/n02109525_9037-2.png,sketch,0,dog,1,elephant,0.9463419914245605
sketch/dog/n02109525_9037-3.png,sketch,0,dog,1,elephant,0.6581176519393921
sketch/dog/n02109525_9037-4.png,sketch,0,dog,1,elephant,0.8575893640518188
sketch/dog/n02109525_9037-5.png,sketch,0,dog,1,elephant,0.7414581179618835
sketch/dog/n02109525_9037-6.png,sketch,0,dog,1,elephant,0.8470639586448669
sketch/dog/n02109525_9037-7.png,sketch,0,dog,1,elephant,0.7559836506843567
sketch/elephant/5921.png,sketch,1,elephant,1,elephant,0.9587847590446472
sketch/elephant/5922.png,sketch,1,elephant,5,house,0.4988104999065399
sketch/elephant/5923.png,sketch,1,elephant,1,elephant,0.9682424664497375
sketch/elephant/5924.png,sketch,1,elephant,5,house,0.7848908305168152
sketch/elephant/5925.png,sketch,1,elephant,1,elephant,0.915581464767456
sketch/elephant/5926.png,sketch,1,elephant,1,elephant,0.9864445328712463
sketch/elephant/5927.png,sketch,1,elephant,1,elephant,0.9524579048156738
sketch/elephant/5928.png,sketch,1,elephant,5,house,0.8286730647087097
sketch/elephant/5929.png,sketch,1,elephant,1,elephant,0.5407880544662476
sketch/elephant/5930.png,sketch,1,elephant,1,elephant,0.989950954914093
sketch/elephant/5931.png,sketch,1,elephant,1,elephant,0.773030161857605
sketch/elephant/5932.png,sketch,1,elephant,1,elephant,0.9518654942512512
sketch/elephant/5933.png,sketch,1,elephant,1,elephant,0.6438484191894531
sketch/elephant/5934.png,sketch,1,elephant,1,elephant,0.974814236164093
sketch/elephant/5935.png,sketch,1,elephant,1,elephant,0.9564592838287354
sketch/elephant/5936.png,sketch,1,elephant,1,elephant,0.9649379253387451
sketch/elephant/5937.png,sketch,1,elephant,5,house,0.7088873386383057
sketch/elephant/5938.png,sketch,1,elephant,5,house,0.5724833607673645
sketch/elephant/5939.png,sketch,1,elephant,1,elephant,0.9297625422477722
sketch/elephant/5940.png,sketch,1,elephant,1,elephant,0.6324084401130676
sketch/elephant/5941.png,sketch,1,elephant,1,elephant,0.9137444496154785
sketch/elephant/5942.png,sketch,1,elephant,1,elephant,0.8846065402030945
sketch/elephant/5943.png,sketch,1,elephant,1,elephant,0.9764575362205505
sketch/elephant/5944.png,sketch,1,elephant,1,elephant,0.9676744341850281
sketch/elephant/5945.png,sketch,1,elephant,1,elephant,0.5997438430786133
sketch/elephant/5946.png,sketch,1,elephant,1,elephant,0.925967276096344
sketch/elephant/5947.png,sketch,1,elephant,1,elephant,0.9815244078636169
sketch/elephant/5948.png,sketch,1,elephant,1,elephant,0.9199029803276062
sketch/elephant/5949.png,sketch,1,elephant,1,elephant,0.9642159938812256
sketch/elephant/5950.png,sketch,1,elephant,1,elephant,0.952176034450531
sketch/elephant/5951.png,sketch,1,elephant,1,elephant,0.9941644072532654
sketch/elephant/5952.png,sketch,1,elephant,1,elephant,0.9558073878288269
sketch/elephant/5953.png,sketch,1,elephant,1,elephant,0.5193849802017212
sketch/elephant/5954.png,sketch,1,elephant,1,elephant,0.9411982297897339
sketch/elephant/5955.png,sketch,1,elephant,1,elephant,0.9653661251068115
sketch/elephant/5956.png,sketch,1,elephant,1,elephant,0.9816614389419556
sketch/elephant/5957.png,sketch,1,elephant,1,elephant,0.9717875123023987
sketch/elephant/5958.png,sketch,1,elephant,1,elephant,0.7944017648696899
sketch/elephant/5959.png,sketch,1,elephant,5,house,0.7573385238647461
sketch/elephant/5960.png,sketch,1,elephant,1,elephant,0.49315813183784485
sketch/elephant/5961.png,sketch,1,elephant,1,elephant,0.8992316126823425
sketch/elephant/5962.png,sketch,1,elephant,1,elephant,0.9238163232803345
sketch/elephant/5963.png,sketch,1,elephant,1,elephant,0.7331814169883728
sketch/elephant/5964.png,sketch,1,elephant,1,elephant,0.7391442656517029
sketch/elephant/5965.png,sketch,1,elephant,1,elephant,0.6391364932060242
sketch/elephant/5966.png,sketch,1,elephant,1,elephant,0.8228657841682434
sketch/elephant/5967.png,sketch,1,elephant,1,elephant,0.5573217272758484
sketch/elephant/5968.png,sketch,1,elephant,1,elephant,0.9233227372169495
sketch/elephant/5969.png,sketch,1,elephant,1,elephant,0.6472827792167664
sketch/elephant/5970.png,sketch,1,elephant,1,elephant,0.9806962609291077
sketch/elephant/5971.png,sketch,1,elephant,1,elephant,0.8037757277488708
sketch/elephant/5972.png,sketch,1,elephant,1,elephant,0.9560937881469727
sketch/elephant/5973.png,sketch,1,elephant,1,elephant,0.9869338274002075
sketch/elephant/5974.png,sketch,1,elephant,1,elephant,0.9204443097114563
sketch/elephant/5975.png,sketch,1,elephant,1,elephant,0.9235050082206726
sketch/elephant/5976.png,sketch,1,elephant,1,elephant,0.9193962216377258
sketch/elephant/5977.png,sketch,1,elephant,1,elephant,0.9347977042198181
sketch/elephant/5978.png,sketch,1,elephant,1,elephant,0.9953746199607849
sketch/elephant/5979.png,sketch,1,elephant,1,elephant,0.9859469532966614
sketch/elephant/5980.png,sketch,1,elephant,1,elephant,0.9120730757713318
sketch/elephant/5981.png,sketch,1,elephant,5,house,0.6354622840881348
sketch/elephant/5982.png,sketch,1,elephant,1,elephant,0.9459863901138306
sketch/elephant/5983.png,sketch,1,elephant,1,elephant,0.9263632893562317
sketch/elephant/5984.png,sketch,1,elephant,1,elephant,0.8169277310371399
sketch/elephant/5985.png,sketch,1,elephant,1,elephant,0.8957718014717102
sketch/elephant/5986.png,sketch,1,elephant,1,elephant,0.9831815361976624
sketch/elephant/5987.png,sketch,1,elephant,1,elephant,0.8195791244506836
sketch/elephant/5988.png,sketch,1,elephant,1,elephant,0.4588439464569092
sketch/elephant/5989.png,sketch,1,elephant,1,elephant,0.5713412165641785
sketch/elephant/5990.png,sketch,1,elephant,1,elephant,0.9419869780540466
sketch/elephant/5991.png,sketch,1,elephant,1,elephant,0.9951404333114624
sketch/elephant/5992.png,sketch,1,elephant,1,elephant,0.6813114285469055
sketch/elephant/5993.png,sketch,1,elephant,1,elephant,0.9864652156829834
sketch/elephant/5994.png,sketch,1,elephant,1,elephant,0.7666134834289551
sketch/elephant/5995.png,sketch,1,elephant,1,elephant,0.8010919690132141
sketch/elephant/5996.png,sketch,1,elephant,1,elephant,0.8661783933639526
sketch/elephant/5997.png,sketch,1,elephant,1,elephant,0.9655628204345703
sketch/elephant/5998.png,sketch,1,elephant,1,elephant,0.9905567169189453
sketch/elephant/5999.png,sketch,1,elephant,1,elephant,0.8848269581794739
sketch/elephant/6000.png,sketch,1,elephant,1,elephant,0.8661450743675232
sketch/elephant/n02503517_10036-1.png,sketch,1,elephant,1,elephant,0.9479070901870728
sketch/elephant/n02503517_10036-10.png,sketch,1,elephant,1,elephant,0.8517535328865051
sketch/elephant/n02503517_10036-2.png,sketch,1,elephant,0,dog,0.5177353024482727
sketch/elephant/n02503517_10036-3.png,sketch,1,elephant,1,elephant,0.751174807548523
sketch/elephant/n02503517_10036-4.png,sketch,1,elephant,1,elephant,0.5579333901405334
sketch/elephant/n02503517_10036-5.png,sketch,1,elephant,1,elephant,0.9917746782302856
sketch/elephant/n02503517_10036-6.png,sketch,1,elephant,1,elephant,0.6285246014595032
sketch/elephant/n02503517_10036-7.png,sketch,1,elephant,1,elephant,0.9124588966369629
sketch/elephant/n02503517_10036-8.png,sketch,1,elephant,1,elephant,0.8537204265594482
sketch/elephant/n02503517_10036-9.png,sketch,1,elephant,1,elephant,0.9608697295188904
sketch/elephant/n02503517_10075-1.png,sketch,1,elephant,1,elephant,0.9528169631958008
sketch/elephant/n02503517_10075-2.png,sketch,1,elephant,1,elephant,0.9512922167778015
sketch/elephant/n02503517_10075-3.png,sketch,1,elephant,1,elephant,0.7122085094451904
sketch/elephant/n02503517_10075-4.png,sketch,1,elephant,1,elephant,0.714118480682373
sketch/elephant/n02503517_10075-5.png,sketch,1,elephant,1,elephant,0.8537982702255249
sketch/elephant/n02503517_10193-1.png,sketch,1,elephant,1,elephant,0.8643953204154968
sketch/elephant/n02503517_10193-10.png,sketch,1,elephant,1,elephant,0.91133713722229
sketch/elephant/n02503517_10193-2.png,sketch,1,elephant,1,elephant,0.7497462034225464
sketch/elephant/n02503517_10193-3.png,sketch,1,elephant,1,elephant,0.7770509719848633
sketch/elephant/n02503517_10193-4.png,sketch,1,elephant,1,elephant,0.9945719838142395
sketch/elephant/n02503517_10193-5.png,sketch,1,elephant,1,elephant,0.9592458605766296
sketch/elephant/n02503517_10193-6.png,sketch,1,elephant,1,elephant,0.8984206914901733
sketch/elephant/n02503517_10193-7.png,sketch,1,elephant,1,elephant,0.9712918996810913
sketch/elephant/n02503517_10193-8.png,sketch,1,elephant,1,elephant,0.8982390761375427
sketch/elephant/n02503517_10193-9.png,sketch,1,elephant,1,elephant,0.9000442624092102
sketch/elephant/n02503517_10259-1.png,sketch,1,elephant,1,elephant,0.993847668170929
sketch/elephant/n02503517_10259-2.png,sketch,1,elephant,1,elephant,0.9806852340698242
sketch/elephant/n02503517_10259-3.png,sketch,1,elephant,1,elephant,0.9737599492073059
sketch/elephant/n02503517_10259-4.png,sketch,1,elephant,1,elephant,0.774217426776886
sketch/elephant/n02503517_10259-5.png,sketch,1,elephant,1,elephant,0.9760640859603882
sketch/elephant/n02503517_10259-6.png,sketch,1,elephant,1,elephant,0.9686833620071411
sketch/elephant/n02503517_10259-7.png,sketch,1,elephant,1,elephant,0.9113628268241882
sketch/elephant/n02503517_10259-8.png,sketch,1,elephant,1,elephant,0.9955163598060608
sketch/elephant/n02503517_10259-9.png,sketch,1,elephant,1,elephant,0.9916788935661316
sketch/elephant/n02503517_10275-1.png,sketch,1,elephant,1,elephant,0.9074100255966187
sketch/elephant/n02503517_10275-2.png,sketch,1,elephant,1,elephant,0.9538442492485046
sketch/elephant/n02503517_10275-3.png,sketch,1,elephant,1,elephant,0.7730918526649475
sketch/elephant/n02503517_10275-4.png,sketch,1,elephant,1,elephant,0.985463559627533
sketch/elephant/n02503517_10275-5.png,sketch,1,elephant,1,elephant,0.927739143371582
sketch/elephant/n02503517_10275-6.png,sketch,1,elephant,2,giraffe,0.6560934782028198
sketch/elephant/n02503517_10300-1.png,sketch,1,elephant,1,elephant,0.9838054180145264
sketch/elephant/n02503517_10300-2.png,sketch,1,elephant,1,elephant,0.8043636679649353
sketch/elephant/n02503517_10300-3.png,sketch,1,elephant,1,elephant,0.8928743600845337
sketch/elephant/n02503517_10300-4.png,sketch,1,elephant,1,elephant,0.9032421112060547
sketch/elephant/n02503517_10300-5.png,sketch,1,elephant,1,elephant,0.9738574028015137
sketch/elephant/n02503517_10439-1.png,sketch,1,elephant,1,elephant,0.9873178601264954
sketch/elephant/n02503517_10439-2.png,sketch,1,elephant,1,elephant,0.9195948839187622
sketch/elephant/n02503517_10439-3.png,sketch,1,elephant,5,house,0.7781767845153809
sketch/elephant/n02503517_10439-4.png,sketch,1,elephant,1,elephant,0.9883069396018982
sketch/elephant/n02503517_10439-5.png,sketch,1,elephant,1,elephant,0.4637221693992615
sketch/elephant/n02503517_10439-6.png,sketch,1,elephant,1,elephant,0.7526019215583801
sketch/elephant/n02503517_10439-7.png,sketch,1,elephant,1,elephant,0.9873505234718323
sketch/elephant/n02503517_10439-8.png,sketch,1,elephant,1,elephant,0.9921397566795349
sketch/elephant/n02503517_10440-1.png,sketch,1,elephant,1,elephant,0.9986282587051392
sketch/elephant/n02503517_10440-2.png,sketch,1,elephant,1,elephant,0.8787695169448853
sketch/elephant/n02503517_10440-3.png,sketch,1,elephant,1,elephant,0.9702942371368408
sketch/elephant/n02503517_10440-4.png,sketch,1,elephant,1,elephant,0.7882988452911377
sketch/elephant/n02503517_10440-5.png,sketch,1,elephant,1,elephant,0.8425166606903076
sketch/elephant/n02503517_10440-6.png,sketch,1,elephant,1,elephant,0.7396331429481506
sketch/elephant/n02503517_10440-7.png,sketch,1,elephant,1,elephant,0.6789137721061707
sketch/elephant/n02503517_10440-8.png,sketch,1,elephant,1,elephant,0.9963197708129883
sketch/elephant/n02503517_10440-9.png,sketch,1,elephant,1,elephant,0.9235534071922302
sketch/elephant/n02503517_10528-1.png,sketch,1,elephant,1,elephant,0.632912278175354
sketch/elephant/n02503517_10528-2.png,sketch,1,elephant,1,elephant,0.7916048169136047
sketch/elephant/n02503517_10528-3.png,sketch,1,elephant,1,elephant,0.8429120779037476
sketch/elephant/n02503517_10528-4.png,sketch,1,elephant,1,elephant,0.9949102997779846
sketch/elephant/n02503517_10528-5.png,sketch,1,elephant,1,elephant,0.9186918139457703
sketch/elephant/n02503517_10558-1.png,sketch,1,elephant,1,elephant,0.9876537919044495
sketch/elephant/n02503517_10558-2.png,sketch,1,elephant,1,elephant,0.8420009016990662
sketch/elephant/n02503517_10558-3.png,sketch,1,elephant,1,elephant,0.9750763177871704
sketch/elephant/n02503517_10558-4.png,sketch,1,elephant,1,elephant,0.960212230682373
sketch/elephant/n02503517_10558-5.png,sketch,1,elephant,1,elephant,0.9744250774383545
sketch/elephant/n02503517_10778-1.png,sketch,1,elephant,1,elephant,0.9620179533958435
sketch/elephant/n02503517_10778-2.png,sketch,1,elephant,1,elephant,0.8275645971298218
sketch/elephant/n02503517_10778-3.png,sketch,1,elephant,1,elephant,0.9813232421875
sketch/elephant/n02503517_10778-4.png,sketch,1,elephant,1,elephant,0.8855164647102356
sketch/elephant/n02503517_10778-5.png,sketch,1,elephant,1,elephant,0.9829016923904419
sketch/elephant/n02503517_10778-6.png,sketch,1,elephant,1,elephant,0.9635701775550842
sketch/elephant/n02503517_11873-1.png,sketch,1,elephant,1,elephant,0.9178630113601685
sketch/elephant/n02503517_11873-2.png,sketch,1,elephant,1,elephant,0.9507131576538086
sketch/elephant/n02503517_11873-3.png,sketch,1,elephant,1,elephant,0.9797367453575134
sketch/elephant/n02503517_11873-4.png,sketch,1,elephant,1,elephant,0.9961056113243103
sketch/elephant/n02503517_11873-5.png,sketch,1,elephant,1,elephant,0.9623203277587891
sketch/elephant/n02503517_11873-6.png,sketch,1,elephant,1,elephant,0.5327891707420349
sketch/elephant/n02503517_11873-7.png,sketch,1,elephant,1,elephant,0.8196389675140381
sketch/elephant/n02503517_11873-8.png,sketch,1,elephant,1,elephant,0.9201034307479858
sketch/elephant/n02503517_11873-9.png,sketch,1,elephant,1,elephant,0.7935171723365784
sketch/elephant/n02503517_12688-1.png,sketch,1,elephant,1,elephant,0.8645128011703491
sketch/elephant/n02503517_12688-2.png,sketch,1,elephant,1,elephant,0.8229783177375793
sketch/elephant/n02503517_12688-3.png,sketch,1,elephant,1,elephant,0.9578360915184021
sketch/elephant/n02503517_12688-4.png,sketch,1,elephant,1,elephant,0.9613306522369385
sketch/elephant/n02503517_12688-5.png,sketch,1,elephant,1,elephant,0.5612326860427856
sketch/elephant/n02503517_1292-1.png,sketch,1,elephant,1,elephant,0.5480769872665405
sketch/elephant/n02503517_1292-2.png,sketch,1,elephant,1,elephant,0.9970412850379944
sketch/elephant/n02503517_1292-3.png,sketch,1,elephant,1,elephant,0.9747542142868042
sketch/elephant/n02503517_1292-4.png,sketch,1,elephant,1,elephant,0.7675837278366089
sketch/elephant/n02503517_1292-5.png,sketch,1,elephant,1,elephant,0.985456645488739
sketch/elephant/n02503517_1292-6.png,sketch,1,elephant,1,elephant,0.867975115776062
sketch/elephant/n02503517_1292-7.png,sketch,1,elephant,1,elephant,0.8622192740440369
sketch/elephant/n02503517_1359-1.png,sketch,1,elephant,1,elephant,0.9599652290344238
sketch/elephant/n02503517_1359-2.png,sketch,1,elephant,1,elephant,0.8361887335777283
sketch/elephant/n02503517_1359-3.png,sketch,1,elephant,1,elephant,0.9785163402557373
sketch/elephant/n02503517_1359-4.png,sketch,1,elephant,1,elephant,0.9708648324012756
sketch/elephant/n02503517_1359-5.png,sketch,1,elephant,1,elephant,0.9886178374290466
sketch/elephant/n02503517_1359-6.png,sketch,1,elephant,1,elephant,0.9970460534095764
sketch/elephant/n02503517_1383-1.png,sketch,1,elephant,1,elephant,0.987151026725769
sketch/elephant/n02503517_1383-2.png,sketch,1,elephant,5,house,0.7799978256225586
sketch/elephant/n02503517_1383-3.png,sketch,1,elephant,1,elephant,0.8419522643089294
sketch/elephant/n02503517_1383-4.png,sketch,1,elephant,1,elephant,0.9288837313652039
sketch/elephant/n02503517_1383-5.png,sketch,1,elephant,1,elephant,0.9728594422340393
sketch/elephant/n02503517_1383-6.png,sketch,1,elephant,1,elephant,0.7812949419021606
sketch/elephant/n02503517_1415-1.png,sketch,1,elephant,1,elephant,0.9651966691017151
sketch/elephant/n02503517_1415-2.png,sketch,1,elephant,1,elephant,0.8865447640419006
sketch/elephant/n02503517_1415-3.png,sketch,1,elephant,1,elephant,0.9591727256774902
sketch/elephant/n02503517_1415-4.png,sketch,1,elephant,1,elephant,0.9421278834342957
sketch/elephant/n02503517_1415-5.png,sketch,1,elephant,1,elephant,0.9929543137550354
sketch/elephant/n02503517_1453-1.png,sketch,1,elephant,1,elephant,0.6669877767562866
sketch/elephant/n02503517_1453-2.png,sketch,1,elephant,1,elephant,0.772650957107544
sketch/elephant/n02503517_1453-3.png,sketch,1,elephant,1,elephant,0.9684246778488159
sketch/elephant/n02503517_1453-4.png,sketch,1,elephant,1,elephant,0.7367096543312073
sketch/elephant/n02503517_1453-5.png,sketch,1,elephant,1,elephant,0.7748985886573792
sketch/elephant/n02503517_1453-6.png,sketch,1,elephant,2,giraffe,0.7136539220809937
sketch/elephant/n02503517_1583-1.png,sketch,1,elephant,1,elephant,0.9766464829444885
sketch/elephant/n02503517_1583-2.png,sketch,1,elephant,1,elephant,0.9930318593978882
sketch/elephant/n02503517_1583-3.png,sketch,1,elephant,1,elephant,0.9923682808876038
sketch/elephant/n02503517_1583-4.png,sketch,1,elephant,1,elephant,0.9769352674484253
sketch/elephant/n02503517_1583-5.png,sketch,1,elephant,1,elephant,0.9880518913269043
sketch/elephant/n02503517_1583-6.png,sketch,1,elephant,1,elephant,0.9975121021270752
sketch/elephant/n02503517_1829-1.png,sketch,1,elephant,1,elephant,0.8815494179725647
sketch/elephant/n02503517_1829-2.png,sketch,1,elephant,1,elephant,0.9947252869606018
sketch/elephant/n02503517_1829-3.png,sketch,1,elephant,1,elephant,0.9948906898498535
sketch/elephant/n02503517_1829-4.png,sketch,1,elephant,1,elephant,0.8045449256896973
sketch/elephant/n02503517_1829-5.png,sketch,1,elephant,1,elephant,0.9581874012947083
sketch/elephant/n02503517_184-1.png,sketch,1,elephant,1,elephant,0.679716169834137
sketch/elephant/n02503517_184-2.png,sketch,1,elephant,1,elephant,0.7857133150100708
sketch/elephant/n02503517_184-3.png,sketch,1,elephant,1,elephant,0.9134777784347534
sketch/elephant/n02503517_184-4.png,sketch,1,elephant,1,elephant,0.9605185389518738
sketch/elephant/n02503517_184-5.png,sketch,1,elephant,1,elephant,0.9169244170188904
sketch/elephant/n02503517_184-6.png,sketch,1,elephant,1,elephant,0.6577295660972595
sketch/elephant/n02503517_184-7.png,sketch,1,elephant,1,elephant,0.8211343288421631
sketch/elephant/n02503517_184-8.png,sketch,1,elephant,1,elephant,0.5451363325119019
sketch/elephant/n02503517_184-9.png,sketch,1,elephant,1,elephant,0.800575852394104
sketch/elephant/n02503517_1852-1.png,sketch,1,elephant,2,giraffe,0.6209189891815186
sketch/elephant/n02503517_1852-2.png,sketch,1,elephant,2,giraffe,0.7681571841239929
sketch/elephant/n02503517_1852-3.png,sketch,1,elephant,2,giraffe,0.4903588593006134
sketch/elephant/n02503517_1852-4.png,sketch,1,elephant,2,giraffe,0.8480920195579529
sketch/elephant/n02503517_1852-5.png,sketch,1,elephant,1,elephant,0.5693880915641785
sketch/elephant/n02503517_194-1.png,sketch,1,elephant,1,elephant,0.8098235130310059
sketch/elephant/n02503517_194-2.png,sketch,1,elephant,1,elephant,0.5936627984046936
sketch/elephant/n02503517_194-3.png,sketch,1,elephant,1,elephant,0.6606677174568176
sketch/elephant/n02503517_194-4.png,sketch,1,elephant,1,elephant,0.9551353454589844
sketch/elephant/n02503517_194-5.png,sketch,1,elephant,1,elephant,0.8675333857536316
sketch/elephant/n02503517_194-6.png,sketch,1,elephant,1,elephant,0.9943112134933472
sketch/elephant/n02503517_1963-1.png,sketch,1,elephant,1,elephant,0.9940944314002991
sketch/elephant/n02503517_1963-2.png,sketch,1,elephant,1,elephant,0.9723765850067139
sketch/elephant/n02503517_1963-3.png,sketch,1,elephant,1,elephant,0.963775098323822
sketch/elephant/n02503517_1963-4.png,sketch,1,elephant,1,elephant,0.9521950483322144
sketch/elephant/n02503517_1963-5.png,sketch,1,elephant,1,elephant,0.997700035572052
sketch/elephant/n02503517_1984-1.png,sketch,1,elephant,1,elephant,0.9958975315093994
sketch/elephant/n02503517_1984-2.png,sketch,1,elephant,1,elephant,0.95209801197052
sketch/elephant/n02503517_1984-3.png,sketch,1,elephant,1,elephant,0.9648231863975525
sketch/elephant/n02503517_1984-4.png,sketch,1,elephant,1,elephant,0.9052640795707703
sketch/elephant/n02503517_1984-5.png,sketch,1,elephant,1,elephant,0.8501841425895691
sketch/elephant/n02503517_2061-1.png,sketch,1,elephant,1,elephant,0.7512861490249634
sketch/elephant/n02503517_2061-2.png,sketch,1,elephant,1,elephant,0.9413397312164307
sketch/elephant/n02503517_2061-3.png,sketch,1,elephant,1,elephant,0.9494295716285706
sketch/elephant/n02503517_2061-4.png,sketch,1,elephant,1,elephant,0.8476243615150452
sketch/elephant/n02503517_2061-5.png,sketch,1,elephant,1,elephant,0.9856342673301697
sketch/elephant/n02503517_2444-1.png,sketch,1,elephant,1,elephant,0.7167786359786987
sketch/elephant/n02503517_2444-2.png,sketch,1,elephant,1,elephant,0.7256418466567993
sketch/elephant/n02503517_2444-3.png,sketch,1,elephant,1,elephant,0.9363594055175781
sketch/elephant/n02503517_2444-4.png,sketch,1,elephant,1,elephant,0.6464481353759766
sketch/elephant/n02503517_2444-5.png,sketch,1,elephant,1,elephant,0.9943417310714722
sketch/elephant/n02503517_2547-1.png,sketch,1,elephant,1,elephant,0.9442321062088013
sketch/elephant/n02503517_2547-10.png,sketch,1,elephant,1,elephant,0.975106954574585
sketch/elephant/n02503517_2547-2.png,sketch,1,elephant,1,elephant,0.975957453250885
sketch/elephant/n02503517_2547-3.png,sketch,1,elephant,1,elephant,0.873776376247406
sketch/elephant/n02503517_2547-4.png,sketch,1,elephant,1,elephant,0.9184397459030151
sketch/elephant/n02503517_2547-5.png,sketch,1,elephant,1,elephant,0.6638491153717041
sketch/elephant/n02503517_2547-6.png,sketch,1,elephant,1,elephant,0.9801007509231567
sketch/elephant/n02503517_2547-7.png,sketch,1,elephant,1,elephant,0.9835277199745178
sketch/elephant/n02503517_2547-8.png,sketch,1,elephant,1,elephant,0.7504381537437439
sketch/elephant/n02503517_2547-9.png,sketch,1,elephant,1,elephant,0.9811441898345947
sketch/elephant/n02503517_2802-1.png,sketch,1,elephant,1,elephant,0.9940979480743408
sketch/elephant/n02503517_2802-2.png,sketch,1,elephant,1,elephant,0.9845392107963562
sketch/elephant/n02503517_2802-3.png,sketch,1,elephant,1,elephant,0.8370429873466492
sketch/elephant/n02503517_2802-4.png,sketch,1,elephant,1,elephant,0.9827147126197815
sketch/elephant/n02503517_2802-5.png,sketch,1,elephant,1,elephant,0.9666357636451721
sketch/elephant/n02503517_2802-6.png,sketch,1,elephant,1,elephant,0.9621677994728088
sketch/elephant/n02503517_2804-1.png,sketch,1,elephant,1,elephant,0.6448395848274231
sketch/elephant/n02503517_2804-2.png,sketch,1,elephant,1,elephant,0.9275237321853638
sketch/elephant/n02503517_2804-3.png,sketch,1,elephant,1,elephant,0.9260522127151489
sketch/elephant/n02503517_2804-4.png,sketch,1,elephant,1,elephant,0.9696263670921326
sketch/elephant/n02503517_2804-5.png,sketch,1,elephant,1,elephant,0.6369816660881042
sketch/elephant/n02503517_2925-1.png,sketch,1,elephant,1,elephant,0.8890831470489502
sketch/elephant/n02503517_2925-10.png,sketch,1,elephant,1,elephant,0.8508186340332031
sketch/elephant/n02503517_2925-2.png,sketch,1,elephant,1,elephant,0.8382934331893921
sketch/elephant/n02503517_2925-3.png,sketch,1,elephant,1,elephant,0.8428183197975159
sketch/elephant/n02503517_2925-4.png,sketch,1,elephant,1,elephant,0.9319261312484741
sketch/elephant/n02503517_2925-5.png,sketch,1,elephant,1,elephant,0.9608865976333618
sketch/elephant/n02503517_2925-6.png,sketch,1,elephant,1,elephant,0.9788240194320679
sketch/elephant/n02503517_2925-7.png,sketch,1,elephant,1,elephant,0.8173590898513794
sketch/elephant/n02503517_2925-8.png,sketch,1,elephant,1,elephant,0.9864006042480469
sketch/elephant/n02503517_2925-9.png,sketch,1,elephant,1,elephant,0.862800121307373
sketch/elephant/n02503517_2993-1.png,sketch,1,elephant,1,elephant,0.8938302993774414
sketch/elephant/n02503517_2993-10.png,sketch,1,elephant,1,elephant,0.7975346446037292
sketch/elephant/n02503517_2993-2.png,sketch,1,elephant,1,elephant,0.9539934992790222
sketch/elephant/n02503517_2993-3.png,sketch,1,elephant,1,elephant,0.9511359333992004
sketch/elephant/n02503517_2993-4.png,sketch,1,elephant,1,elephant,0.4962101876735687
sketch/elephant/n02503517_2993-5.png,sketch,1,elephant,2,giraffe,0.4756045937538147
sketch/elephant/n02503517_2993-6.png,sketch,1,elephant,1,elephant,0.9852723479270935
sketch/elephant/n02503517_2993-7.png,sketch,1,elephant,1,elephant,0.7301590442657471
sketch/elephant/n02503517_2993-8.png,sketch,1,elephant,1,elephant,0.9638952612876892
sketch/elephant/n02503517_2993-9.png,sketch,1,elephant,1,elephant,0.9535276293754578
sketch/elephant/n02503517_3037-1.png,sketch,1,elephant,1,elephant,0.9030322432518005
sketch/elephant/n02503517_3037-2.png,sketch,1,elephant,1,elephant,0.9682399034500122
sketch/elephant/n02503517_3037-3.png,sketch,1,elephant,1,elephant,0.9380599856376648
sketch/elephant/n02503517_3037-4.png,sketch,1,elephant,1,elephant,0.6344153881072998
sketch/elephant/n02503517_3037-5.png,sketch,1,elephant,1,elephant,0.9556721448898315
sketch/elephant/n02503517_3037-6.png,sketch,1,elephant,1,elephant,0.8348466753959656
sketch/elephant/n02503517_3037-7.png,sketch,1,elephant,1,elephant,0.9335448145866394
sketch/elephant/n02503517_3037-8.png,sketch,1,elephant,1,elephant,0.9041223526000977
sketch/elephant/n02503517_3072-1.png,sketch,1,elephant,1,elephant,0.8262861967086792
sketch/elephant/n02503517_3072-2.png,sketch,1,elephant,1,elephant,0.9625605940818787
sketch/elephant/n02503517_3072-3.png,sketch,1,elephant,1,elephant,0.8586772084236145
sketch/elephant/n02503517_3072-4.png,sketch,1,elephant,1,elephant,0.7412521243095398
sketch/elephant/n02503517_3072-5.png,sketch,1,elephant,1,elephant,0.36600053310394287
sketch/elephant/n02503517_3072-6.png,sketch,1,elephant,1,elephant,0.8817686438560486
sketch/elephant/n02503517_3108-1.png,sketch,1,elephant,1,elephant,0.9794535040855408
sketch/elephant/n02503517_3108-2.png,sketch,1,elephant,1,elephant,0.9533695578575134
sketch/elephant/n02503517_3108-3.png,sketch,1,elephant,1,elephant,0.9322607517242432
sketch/elephant/n02503517_3108-4.png,sketch,1,elephant,1,elephant,0.8602462410926819
sketch/elephant/n02503517_3108-5.png,sketch,1,elephant,1,elephant,0.9851670861244202
sketch/elephant/n02503517_3108-6.png,sketch,1,elephant,1,elephant,0.9229931235313416
sketch/elephant/n02503517_3108-7.png,sketch,1,elephant,1,elephant,0.9754028916358948
sketch/elephant/n02503517_3108-8.png,sketch,1,elephant,1,elephant,0.9490100145339966
sketch/elephant/n02503517_3108-9.png,sketch,1,elephant,1,elephant,0.9198859930038452
sketch/elephant/n02503517_311-1.png,sketch,1,elephant,1,elephant,0.894730269908905
sketch/elephant/n02503517_311-2.png,sketch,1,elephant,1,elephant,0.9801560640335083
sketch/elephant/n02503517_311-3.png,sketch,1,elephant,1,elephant,0.9614709615707397
sketch/elephant/n02503517_311-4.png,sketch,1,elephant,1,elephant,0.9521340727806091
sketch/elephant/n02503517_311-5.png,sketch,1,elephant,1,elephant,0.9675163626670837
sketch/elephant/n02503517_311-6.png,sketch,1,elephant,1,elephant,0.9883348941802979
sketch/elephant/n02503517_3799-1.png,sketch,1,elephant,1,elephant,0.5541307330131531
sketch/elephant/n02503517_3799-2.png,sketch,1,elephant,1,elephant,0.9681947827339172
sketch/elephant/n02503517_3799-3.png,sketch,1,elephant,1,elephant,0.9790199398994446
sketch/elephant/n02503517_3799-4.png,sketch,1,elephant,1,elephant,0.8084729909896851
sketch/elephant/n02503517_3799-5.png,sketch,1,elephant,1,elephant,0.942058265209198
sketch/elephant/n02503517_3803-1.png,sketch,1,elephant,1,elephant,0.9827942848205566
sketch/elephant/n02503517_3803-2.png,sketch,1,elephant,1,elephant,0.8312281370162964
sketch/elephant/n02503517_3803-3.png,sketch,1,elephant,1,elephant,0.9463909864425659
sketch/elephant/n02503517_3803-4.png,sketch,1,elephant,1,elephant,0.9586368203163147
sketch/elephant/n02503517_3803-5.png,sketch,1,elephant,1,elephant,0.99753737449646
sketch/elephant/n02503517_3803-6.png,sketch,1,elephant,1,elephant,0.9743818044662476
sketch/elephant/n02503517_3808-1.png,sketch,1,elephant,1,elephant,0.45489946007728577
sketch/elephant/n02503517_3808-10.png,sketch,1,elephant,1,elephant,0.9620001912117004
sketch/elephant/n02503517_3808-2.png,sketch,1,elephant,1,elephant,0.667241096496582
sketch/elephant/n02503517_3808-3.png,sketch,1,elephant,1,elephant,0.8831509947776794
sketch/elephant/n02503517_3808-4.png,sketch,1,elephant,0,dog,0.4670328199863434
sketch/elephant/n02503517_3808-5.png,sketch,1,elephant,1,elephant,0.9521939754486084
sketch/elephant/n02503517_3808-6.png,sketch,1,elephant,1,elephant,0.5600884556770325
sketch/elephant/n02503517_3808-7.png,sketch,1,elephant,1,elephant,0.46481236815452576
sketch/elephant/n02503517_3808-8.png,sketch,1,elephant,1,elephant,0.9985188841819763
sketch/elephant/n02503517_3808-9.png,sketch,1,elephant,1,elephant,0.805458128452301
sketch/elephant/n02503517_3879-1.png,sketch,1,elephant,1,elephant,0.9642831683158875
sketch/elephant/n02503517_3879-2.png,sketch,1,elephant,1,elephant,0.7398988008499146
sketch/elephant/n02503517_3879-3.png,sketch,1,elephant,1,elephant,0.9175180792808533
sketch/elephant/n02503517_3879-4.png,sketch,1,elephant,1,elephant,0.9584851264953613
sketch/elephant/n02503517_3879-5.png,sketch,1,elephant,1,elephant,0.6730857491493225
sketch/elephant/n02503517_3879-6.png,sketch,1,elephant,1,elephant,0.9466861486434937
sketch/elephant/n02503517_3879-7.png,sketch,1,elephant,1,elephant,0.9522145390510559
sketch/elephant/n02503517_4221-1.png,sketch,1,elephant,1,elephant,0.7817643284797668
sketch/elephant/n02503517_4221-2.png,sketch,1,elephant,1,elephant,0.991011381149292
sketch/elephant/n02503517_4221-3.png,sketch,1,elephant,1,elephant,0.9773444533348083
sketch/elephant/n02503517_4221-4.png,sketch,1,elephant,1,elephant,0.9881032109260559
sketch/elephant/n02503517_4221-5.png,sketch,1,elephant,1,elephant,0.7261166572570801
sketch/elephant/n02503517_4221-6.png,sketch,1,elephant,1,elephant,0.7807311415672302
sketch/elephant/n02503517_4221-7.png,sketch,1,elephant,1,elephant,0.9961230158805847
sketch/elephant/n02503517_4247-1.png,sketch,1,elephant,1,elephant,0.6476393938064575
sketch/elephant/n02503517_4247-10.png,sketch,1,elephant,1,elephant,0.9132339358329773
sketch/elephant/n02503517_4247-2.png,sketch,1,elephant,1,elephant,0.9382525086402893
sketch/elephant/n02503517_4247-3.png,sketch,1,elephant,1,elephant,0.717853307723999
sketch/elephant/n02503517_4247-4.png,sketch,1,elephant,1,elephant,0.8756207823753357
sketch/elephant/n02503517_4247-5.png,sketch,1,elephant,1,elephant,0.8915166258811951
sketch/elephant/n02503517_4247-6.png,sketch,1,elephant,1,elephant,0.6411805152893066
sketch/elephant/n02503517_4247-7.png,sketch,1,elephant,1,elephant,0.9566393494606018
sketch/elephant/n02503517_4247-8.png,sketch,1,elephant,1,elephant,0.8766595721244812
sketch/elephant/n02503517_4247-9.png,sketch,1,elephant,2,giraffe,0.321399986743927
sketch/elephant/n02503517_4253-1.png,sketch,1,elephant,1,elephant,0.9892767667770386
sketch/elephant/n02503517_4253-2.png,sketch,1,elephant,1,elephant,0.9932767152786255
sketch/elephant/n02503517_4253-3.png,sketch,1,elephant,1,elephant,0.7910584211349487
sketch/elephant/n02503517_4253-4.png,sketch,1,elephant,1,elephant,0.9979707598686218
sketch/elephant/n02503517_4253-5.png,sketch,1,elephant,1,elephant,0.9979973435401917
sketch/elephant/n02503517_4413-1.png,sketch,1,elephant,1,elephant,0.9893559813499451
sketch/elephant/n02503517_4413-10.png,sketch,1,elephant,1,elephant,0.9878990054130554
sketch/elephant/n02503517_4413-2.png,sketch,1,elephant,1,elephant,0.9926332831382751
sketch/elephant/n02503517_4413-3.png,sketch,1,elephant,1,elephant,0.989567220211029
sketch/elephant/n02503517_4413-4.png,sketch,1,elephant,1,elephant,0.8407182693481445
sketch/elephant/n02503517_4413-5.png,sketch,1,elephant,1,elephant,0.9739124774932861
sketch/elephant/n02503517_4413-6.png,sketch,1,elephant,1,elephant,0.9911262392997742
sketch/elephant/n02503517_4413-7.png,sketch,1,elephant,1,elephant,0.9720304012298584
sketch/elephant/n02503517_4413-8.png,sketch,1,elephant,1,elephant,0.8046438694000244
sketch/elephant/n02503517_4413-9.png,sketch,1,elephant,5,house,0.46693024039268494
sketch/elephant/n02503517_4605-1.png,sketch,1,elephant,1,elephant,0.7461367249488831
sketch/elephant/n02503517_4605-2.png,sketch,1,elephant,1,elephant,0.9406468868255615
sketch/elephant/n02503517_4605-3.png,sketch,1,elephant,1,elephant,0.9195023775100708
sketch/elephant/n02503517_4605-4.png,sketch,1,elephant,1,elephant,0.938327968120575
sketch/elephant/n02503517_4605-5.png,sketch,1,elephant,1,elephant,0.9914262294769287
sketch/elephant/n02503517_4687-1.png,sketch,1,elephant,1,elephant,0.9577722549438477
sketch/elephant/n02503517_4687-2.png,sketch,1,elephant,1,elephant,0.9410565495491028
sketch/elephant/n02503517_4687-3.png,sketch,1,elephant,1,elephant,0.9129866361618042
sketch/elephant/n02503517_4687-4.png,sketch,1,elephant,1,elephant,0.9978557229042053
sketch/elephant/n02503517_4687-5.png,sketch,1,elephant,2,giraffe,0.5105323195457458
sketch/elephant/n02503517_4687-6.png,sketch,1,elephant,1,elephant,0.5260846018791199
sketch/elephant/n02503517_5117-1.png,sketch,1,elephant,1,elephant,0.7625159621238708
sketch/elephant/n02503517_5117-2.png,sketch,1,elephant,1,elephant,0.741937518119812
sketch/elephant/n02503517_5117-3.png,sketch,1,elephant,1,elephant,0.5365957617759705
sketch/elephant/n02503517_5117-4.png,sketch,1,elephant,1,elephant,0.4974166750907898
sketch/elephant/n02503517_5117-5.png,sketch,1,elephant,1,elephant,0.9850009679794312
sketch/elephant/n02503517_5117-6.png,sketch,1,elephant,1,elephant,0.9273167252540588
sketch/elephant/n02503517_5267-1.png,sketch,1,elephant,1,elephant,0.941852867603302
sketch/elephant/n02503517_5267-2.png,sketch,1,elephant,1,elephant,0.434131920337677
sketch/elephant/n02503517_5267-3.png,sketch,1,elephant,1,elephant,0.9608047008514404
sketch/elephant/n02503517_5267-4.png,sketch,1,elephant,1,elephant,0.795188844203949
sketch/elephant/n02503517_5267-5.png,sketch,1,elephant,1,elephant,0.47393330931663513
sketch/elephant/n02503517_5267-6.png,sketch,1,elephant,1,elephant,0.915499746799469
sketch/elephant/n02503517_5267-7.png,sketch,1,elephant,1,elephant,0.7487470507621765
sketch/elephant/n02503517_5287-1.png,sketch,1,elephant,1,elephant,0.9951432943344116
sketch/elephant/n02503517_5287-2.png,sketch,1,elephant,1,elephant,0.9399960041046143
sketch/elephant/n02503517_5287-3.png,sketch,1,elephant,1,elephant,0.9527432322502136
sketch/elephant/n02503517_5287-4.png,sketch,1,elephant,1,elephant,0.8994221091270447
sketch/elephant/n02503517_5287-5.png,sketch,1,elephant,1,elephant,0.9911134839057922
sketch/elephant/n02503517_5418-1.png,sketch,1,elephant,1,elephant,0.9152340888977051
sketch/elephant/n02503517_5418-10.png,sketch,1,elephant,1,elephant,0.800656259059906
sketch/elephant/n02503517_5418-2.png,sketch,1,elephant,1,elephant,0.9010564684867859
sketch/elephant/n02503517_5418-3.png,sketch,1,elephant,1,elephant,0.7815316319465637
sketch/elephant/n02503517_5418-4.png,sketch,1,elephant,1,elephant,0.88924640417099
sketch/elephant/n02503517_5418-5.png,sketch,1,elephant,1,elephant,0.9501534104347229
sketch/elephant/n02503517_5418-6.png,sketch,1,elephant,1,elephant,0.9943305253982544
sketch/elephant/n02503517_5418-7.png,sketch,1,elephant,1,elephant,0.8959741592407227
sketch/elephant/n02503517_5418-8.png,sketch,1,elephant,1,elephant,0.6891399621963501
sketch/elephant/n02503517_5418-9.png,sketch,1,elephant,5,house,0.5672550797462463
sketch/elephant/n02503517_5420-1.png,sketch,1,elephant,1,elephant,0.7479815483093262
sketch/elephant/n02503517_5420-2.png,sketch,1,elephant,1,elephant,0.945796549320221
sketch/elephant/n02503517_5420-3.png,sketch,1,elephant,1,elephant,0.9108139872550964
sketch/elephant/n02503517_5420-4.png,sketch,1,elephant,1,elephant,0.6308830380439758
sketch/elephant/n02503517_5420-5.png,sketch,1,elephant,1,elephant,0.9598379135131836
sketch/elephant/n02503517_5420-6.png,sketch,1,elephant,1,elephant,0.966036856174469
sketch/elephant/n02503517_5420-7.png,sketch,1,elephant,1,elephant,0.7658628821372986
sketch/elephant/n02503517_5527-1.png,sketch,1,elephant,1,elephant,0.7811446785926819
sketch/elephant/n02503517_5527-2.png,sketch,1,elephant,1,elephant,0.9713358879089355
sketch/elephant/n02503517_5527-3.png,sketch,1,elephant,1,elephant,0.7618317008018494
sketch/elephant/n02503517_5527-4.png,sketch,1,elephant,1,elephant,0.9974785447120667
sketch/elephant/n02503517_5527-5.png,sketch,1,elephant,1,elephant,0.816683828830719
sketch/elephant/n02503517_5527-6.png,sketch,1,elephant,1,elephant,0.934577226638794
sketch/elephant/n02503517_564-1.png,sketch,1,elephant,1,elephant,0.6182613968849182
sketch/elephant/n02503517_564-2.png,sketch,1,elephant,1,elephant,0.9518366456031799
sketch/elephant/n02503517_564-3.png,sketch,1,elephant,1,elephant,0.9170599579811096
sketch/elephant/n02503517_564-4.png,sketch,1,elephant,1,elephant,0.6458055973052979
sketch/elephant/n02503517_564-5.png,sketch,1,elephant,1,elephant,0.571131706237793
sketch/elephant/n02503517_5892-1.png,sketch,1,elephant,1,elephant,0.6985349059104919
sketch/elephant/n02503517_5892-2.png,sketch,1,elephant,1,elephant,0.5885148644447327
sketch/elephant/n02503517_5892-3.png,sketch,1,elephant,1,elephant,0.8860865831375122
sketch/elephant/n02503517_5892-4.png,sketch,1,elephant,1,elephant,0.9046949148178101
sketch/elephant/n02503517_5892-5.png,sketch,1,elephant,1,elephant,0.8677109479904175
sketch/elephant/n02503517_5892-6.png,sketch,1,elephant,1,elephant,0.895759642124176
sketch/elephant/n02503517_5892-7.png,sketch,1,elephant,1,elephant,0.871790885925293
sketch/elephant/n02503517_5905-10.png,sketch,1,elephant,1,elephant,0.7692805528640747
sketch/elephant/n02503517_5905-11.png,sketch,1,elephant,1,elephant,0.9104273915290833
sketch/elephant/n02503517_5905-2.png,sketch,1,elephant,1,elephant,0.7709983587265015
sketch/elephant/n02503517_5905-3.png,sketch,1,elephant,1,elephant,0.9800288677215576
sketch/elephant/n02503517_5905-4.png,sketch,1,elephant,1,elephant,0.9364046454429626
sketch/elephant/n02503517_5905-5.png,sketch,1,elephant,1,elephant,0.9811907410621643
sketch/elephant/n02503517_5905-6.png,sketch,1,elephant,1,elephant,0.9617026448249817
sketch/elephant/n02503517_5905-7.png,sketch,1,elephant,1,elephant,0.8636177778244019
sketch/elephant/n02503517_5905-8.png,sketch,1,elephant,1,elephant,0.967245876789093
sketch/elephant/n02503517_5905-9.png,sketch,1,elephant,1,elephant,0.9238886833190918
sketch/elephant/n02503517_5909-1.png,sketch,1,elephant,1,elephant,0.9506675601005554
sketch/elephant/n02503517_5909-2.png,sketch,1,elephant,1,elephant,0.9635363221168518
sketch/elephant/n02503517_5909-3.png,sketch,1,elephant,1,elephant,0.9795011878013611
sketch/elephant/n02503517_5909-4.png,sketch,1,elephant,1,elephant,0.9106467962265015
sketch/elephant/n02503517_5909-5.png,sketch,1,elephant,1,elephant,0.5275470614433289
sketch/elephant/n02503517_6032-1.png,sketch,1,elephant,1,elephant,0.9003186225891113
sketch/elephant/n02503517_6032-2.png,sketch,1,elephant,1,elephant,0.9368923306465149
sketch/elephant/n02503517_6032-3.png,sketch,1,elephant,1,elephant,0.8681166172027588
sketch/elephant/n02503517_6032-4.png,sketch,1,elephant,1,elephant,0.9875963926315308
sketch/elephant/n02503517_6032-5.png,sketch,1,elephant,1,elephant,0.8785411715507507
sketch/elephant/n02503517_6032-6.png,sketch,1,elephant,1,elephant,0.7645487189292908
sketch/elephant/n02503517_6043-1.png,sketch,1,elephant,1,elephant,0.9623546600341797
sketch/elephant/n02503517_6043-2.png,sketch,1,elephant,1,elephant,0.9701114296913147
sketch/elephant/n02503517_6043-3.png,sketch,1,elephant,1,elephant,0.9800419211387634
sketch/elephant/n02503517_6043-4.png,sketch,1,elephant,1,elephant,0.9035575985908508
sketch/elephant/n02503517_6043-5.png,sketch,1,elephant,2,giraffe,0.7315372824668884
sketch/elephant/n02503517_6043-6.png,sketch,1,elephant,1,elephant,0.8687738180160522
sketch/elephant/n02503517_6232-1.png,sketch,1,elephant,1,elephant,0.9139693379402161
sketch/elephant/n02503517_6232-2.png,sketch,1,elephant,1,elephant,0.8522093892097473
sketch/elephant/n02503517_6232-3.png,sketch,1,elephant,1,elephant,0.9970552921295166
sketch/elephant/n02503517_6232-4.png,sketch,1,elephant,1,elephant,0.9725780487060547
sketch/elephant/n02503517_6232-5.png,sketch,1,elephant,1,elephant,0.9970449805259705
sketch/elephant/n02503517_6232-6.png,sketch,1,elephant,1,elephant,0.963874101638794
sketch/elephant/n02503517_6232-7.png,sketch,1,elephant,1,elephant,0.9960099458694458
sketch/elephant/n02503517_6396-1.png,sketch,1,elephant,1,elephant,0.8800127506256104
sketch/elephant/n02503517_6396-2.png,sketch,1,elephant,1,elephant,0.9840132594108582
sketch/elephant/n02503517_6396-3.png,sketch,1,elephant,1,elephant,0.9643151164054871
sketch/elephant/n02503517_6396-4.png,sketch,1,elephant,1,elephant,0.9432613253593445
sketch/elephant/n02503517_6396-5.png,sketch,1,elephant,1,elephant,0.8149315714836121
sketch/elephant/n02503517_6429-1.png,sketch,1,elephant,1,elephant,0.9046784043312073
sketch/elephant/n02503517_6429-2.png,sketch,1,elephant,1,elephant,0.9640302062034607
sketch/elephant/n02503517_6429-3.png,sketch,1,elephant,1,elephant,0.7444485425949097
sketch/elephant/n02503517_6429-4.png,sketch,1,elephant,1,elephant,0.7363600730895996
sketch/elephant/n02503517_6429-5.png,sketch,1,elephant,1,elephant,0.875171422958374
sketch/elephant/n02503517_6479-1.png,sketch,1,elephant,1,elephant,0.9693031311035156
sketch/elephant/n02503517_6479-2.png,sketch,1,elephant,1,elephant,0.9790406227111816
sketch/elephant/n02503517_6479-3.png,sketch,1,elephant,1,elephant,0.9946423768997192
sketch/elephant/n02503517_6479-4.png,sketch,1,elephant,1,elephant,0.8194407820701599
sketch/elephant/n02503517_6479-5.png,sketch,1,elephant,1,elephant,0.8394001722335815
sketch/elephant/n02503517_6479-6.png,sketch,1,elephant,1,elephant,0.9820609092712402
sketch/elephant/n02503517_6479-7.png,sketch,1,elephant,1,elephant,0.9803358316421509
sketch/elephant/n02503517_6479-8.png,sketch,1,elephant,1,elephant,0.9973129630088806
sketch/elephant/n02503517_6511-1.png,sketch,1,elephant,1,elephant,0.8808122873306274
sketch/elephant/n02503517_6511-2.png,sketch,1,elephant,1,elephant,0.9336329698562622
sketch/elephant/n02503517_6511-3.png,sketch,1,elephant,1,elephant,0.9572862982749939
sketch/elephant/n02503517_6511-4.png,sketch,1,elephant,1,elephant,0.9743782877922058
sketch/elephant/n02503517_6511-5.png,sketch,1,elephant,1,elephant,0.990371584892273
sketch/elephant/n02503517_6611-1.png,sketch,1,elephant,1,elephant,0.9476181864738464
sketch/elephant/n02503517_6611-10.png,sketch,1,elephant,1,elephant,0.9905553460121155
sketch/elephant/n02503517_6611-2.png,sketch,1,elephant,1,elephant,0.8237881660461426
sketch/elephant/n02503517_6611-3.png,sketch,1,elephant,1,elephant,0.9901022911071777
sketch/elephant/n02503517_6611-4.png,sketch,1,elephant,1,elephant,0.8494381904602051
sketch/elephant/n02503517_6611-5.png,sketch,1,elephant,1,elephant,0.8951646685600281
sketch/elephant/n02503517_6611-6.png,sketch,1,elephant,1,elephant,0.9113190770149231
sketch/elephant/n02503517_6611-7.png,sketch,1,elephant,1,elephant,0.9784500002861023
sketch/elephant/n02503517_6611-8.png,sketch,1,elephant,1,elephant,0.8629342317581177
sketch/elephant/n02503517_6611-9.png,sketch,1,elephant,1,elephant,0.9925273656845093
sketch/elephant/n02503517_6613-1.png,sketch,1,elephant,1,elephant,0.9243535399436951
sketch/elephant/n02503517_6613-2.png,sketch,1,elephant,1,elephant,0.925435483455658
sketch/elephant/n02503517_6613-3.png,sketch,1,elephant,1,elephant,0.966798722743988
sketch/elephant/n02503517_6613-4.png,sketch,1,elephant,1,elephant,0.9813799262046814
sketch/elephant/n02503517_6613-5.png,sketch,1,elephant,1,elephant,0.9017427563667297
sketch/elephant/n02503517_6624-1.png,sketch,1,elephant,1,elephant,0.995381772518158
sketch/elephant/n02503517_6624-2.png,sketch,1,elephant,1,elephant,0.9944748282432556
sketch/elephant/n02503517_6624-3.png,sketch,1,elephant,1,elephant,0.9740774631500244
sketch/elephant/n02503517_6624-4.png,sketch,1,elephant,1,elephant,0.9549883604049683
sketch/elephant/n02503517_6624-5.png,sketch,1,elephant,1,elephant,0.6051819920539856
sketch/elephant/n02503517_6624-6.png,sketch,1,elephant,1,elephant,0.9760323762893677
sketch/elephant/n02503517_6661-1.png,sketch,1,elephant,1,elephant,0.9308037161827087
sketch/elephant/n02503517_6661-2.png,sketch,1,elephant,1,elephant,0.995614767074585
sketch/elephant/n02503517_6661-3.png,sketch,1,elephant,1,elephant,0.9855222702026367
sketch/elephant/n02503517_6661-4.png,sketch,1,elephant,1,elephant,0.8530042767524719
sketch/elephant/n02503517_6661-5.png,sketch,1,elephant,1,elephant,0.9836994409561157
sketch/elephant/n02503517_6784-1.png,sketch,1,elephant,1,elephant,0.9144180417060852
sketch/elephant/n02503517_6784-2.png,sketch,1,elephant,1,elephant,0.8821752667427063
sketch/elephant/n02503517_6784-3.png,sketch,1,elephant,1,elephant,0.9923614263534546
sketch/elephant/n02503517_6784-4.png,sketch,1,elephant,1,elephant,0.9911147356033325
sketch/elephant/n02503517_6784-5.png,sketch,1,elephant,1,elephant,0.9742932319641113
sketch/elephant/n02503517_6880-1.png,sketch,1,elephant,1,elephant,0.9861169457435608
sketch/elephant/n02503517_6880-2.png,sketch,1,elephant,1,elephant,0.9699922204017639
sketch/elephant/n02503517_6880-3.png,sketch,1,elephant,1,elephant,0.9781002402305603
sketch/elephant/n02503517_6880-4.png,sketch,1,elephant,1,elephant,0.9851378202438354
sketch/elephant/n02503517_6880-5.png,sketch,1,elephant,1,elephant,0.7911338806152344
sketch/elephant/n02503517_6937-1.png,sketch,1,elephant,6,person,0.45823052525520325
sketch/elephant/n02503517_6937-2.png,sketch,1,elephant,1,elephant,0.8495125770568848
sketch/elephant/n02503517_6937-3.png,sketch,1,elephant,1,elephant,0.7784816026687622
sketch/elephant/n02503517_6937-4.png,sketch,1,elephant,1,elephant,0.7059288024902344
sketch/elephant/n02503517_6937-5.png,sketch,1,elephant,1,elephant,0.7607116103172302
sketch/elephant/n02503517_6937-6.png,sketch,1,elephant,1,elephant,0.9077333211898804
sketch/elephant/n02503517_7020-1.png,sketch,1,elephant,1,elephant,0.7962140440940857
sketch/elephant/n02503517_7020-2.png,sketch,1,elephant,1,elephant,0.8835263252258301
sketch/elephant/n02503517_7020-3.png,sketch,1,elephant,1,elephant,0.7536673545837402
sketch/elephant/n02503517_7020-4.png,sketch,1,elephant,1,elephant,0.44546979665756226
sketch/elephant/n02503517_7020-5.png,sketch,1,elephant,1,elephant,0.9687873125076294
sketch/elephant/n02503517_7020-6.png,sketch,1,elephant,1,elephant,0.8900632262229919
sketch/elephant/n02503517_7031-1.png,sketch,1,elephant,1,elephant,0.9040936231613159
sketch/elephant/n02503517_7031-10.png,sketch,1,elephant,1,elephant,0.9470807909965515
sketch/elephant/n02503517_7031-2.png,sketch,1,elephant,1,elephant,0.9252138733863831
sketch/elephant/n02503517_7031-3.png,sketch,1,elephant,1,elephant,0.9032960534095764
sketch/elephant/n02503517_7031-4.png,sketch,1,elephant,1,elephant,0.9812878370285034
sketch/elephant/n02503517_7031-5.png,sketch,1,elephant,1,elephant,0.9475720524787903
sketch/elephant/n02503517_7031-6.png,sketch,1,elephant,1,elephant,0.9913880228996277
sketch/elephant/n02503517_7031-7.png,sketch,1,elephant,1,elephant,0.8794789910316467
sketch/elephant/n02503517_7031-8.png,sketch,1,elephant,1,elephant,0.887483537197113
sketch/elephant/n02503517_7031-9.png,sketch,1,elephant,1,elephant,0.9848120212554932
sketch/elephant/n02503517_7083-1.png,sketch,1,elephant,1,elephant,0.969282865524292
sketch/elephant/n02503517_7083-2.png,sketch,1,elephant,1,elephant,0.9523276090621948
sketch/elephant/n02503517_7083-3.png,sketch,1,elephant,1,elephant,0.8125197887420654
sketch/elephant/n02503517_7083-4.png,sketch,1,elephant,1,elephant,0.9600213766098022
sketch/elephant/n02503517_7083-5.png,sketch,1,elephant,1,elephant,0.9594833850860596
sketch/elephant/n02503517_7173-1.png,sketch,1,elephant,1,elephant,0.9877936244010925
sketch/elephant/n02503517_7173-2.png,sketch,1,elephant,1,elephant,0.8112332224845886
sketch/elephant/n02503517_7173-3.png,sketch,1,elephant,1,elephant,0.7460821866989136
sketch/elephant/n02503517_7173-4.png,sketch,1,elephant,1,elephant,0.9930046200752258
sketch/elephant/n02503517_7173-5.png,sketch,1,elephant,1,elephant,0.9975271821022034
sketch/elephant/n02503517_7211-1.png,sketch,1,elephant,1,elephant,0.9504320025444031
sketch/elephant/n02503517_7211-2.png,sketch,1,elephant,1,elephant,0.8922458291053772
sketch/elephant/n02503517_7211-3.png,sketch,1,elephant,1,elephant,0.9742243885993958
sketch/elephant/n02503517_7211-4.png,sketch,1,elephant,1,elephant,0.9795132279396057
sketch/elephant/n02503517_7211-5.png,sketch,1,elephant,1,elephant,0.980968177318573
sketch/elephant/n02503517_7393-1.png,sketch,1,elephant,1,elephant,0.5520374774932861
sketch/elephant/n02503517_7393-2.png,sketch,1,elephant,1,elephant,0.9913421273231506
sketch/elephant/n02503517_7393-3.png,sketch,1,elephant,1,elephant,0.8622469902038574
sketch/elephant/n02503517_7393-4.png,sketch,1,elephant,1,elephant,0.9787449836730957
sketch/elephant/n02503517_7393-5.png,sketch,1,elephant,1,elephant,0.8282731771469116
sketch/elephant/n02503517_7393-6.png,sketch,1,elephant,1,elephant,0.9598993062973022
sketch/elephant/n02503517_7393-7.png,sketch,1,elephant,1,elephant,0.867525041103363
sketch/elephant/n02503517_753-1.png,sketch,1,elephant,1,elephant,0.9482055902481079
sketch/elephant/n02503517_753-2.png,sketch,1,elephant,1,elephant,0.8800877928733826
sketch/elephant/n02503517_753-3.png,sketch,1,elephant,1,elephant,0.9339196085929871
sketch/elephant/n02503517_753-4.png,sketch,1,elephant,1,elephant,0.889775812625885
sketch/elephant/n02503517_753-5.png,sketch,1,elephant,1,elephant,0.9124701023101807
sketch/elephant/n02503517_753-6.png,sketch,1,elephant,1,elephant,0.8552380800247192
sketch/elephant/n02503517_759-1.png,sketch,1,elephant,1,elephant,0.878743052482605
sketch/elephant/n02503517_759-2.png,sketch,1,elephant,1,elephant,0.9819637537002563
sketch/elephant/n02503517_759-3.png,sketch,1,elephant,1,elephant,0.9538894891738892
sketch/elephant/n02503517_759-4.png,sketch,1,elephant,1,elephant,0.9691113829612732
sketch/elephant/n02503517_759-5.png,sketch,1,elephant,1,elephant,0.9679864048957825
sketch/elephant/n02503517_759-6.png,sketch,1,elephant,1,elephant,0.8127207159996033
sketch/elephant/n02503517_759-7.png,sketch,1,elephant,1,elephant,0.8988077640533447
sketch/elephant/n02503517_759-8.png,sketch,1,elephant,1,elephant,0.9764890074729919
sketch/elephant/n02503517_7592-1.png,sketch,1,elephant,1,elephant,0.8899233341217041
sketch/elephant/n02503517_7592-2.png,sketch,1,elephant,1,elephant,0.8966013789176941
sketch/elephant/n02503517_7592-3.png,sketch,1,elephant,1,elephant,0.29027000069618225
sketch/elephant/n02503517_7592-4.png,sketch,1,elephant,1,elephant,0.9907681345939636
sketch/elephant/n02503517_7592-5.png,sketch,1,elephant,1,elephant,0.9435123801231384
sketch/elephant/n02503517_7592-6.png,sketch,1,elephant,1,elephant,0.7389713525772095
sketch/elephant/n02503517_7592-7.png,sketch,1,elephant,1,elephant,0.9186702966690063
sketch/elephant/n02503517_7592-8.png,sketch,1,elephant,1,elephant,0.9587454199790955
sketch/elephant/n02503517_79-1.png,sketch,1,elephant,1,elephant,0.9305140376091003
sketch/elephant/n02503517_79-2.png,sketch,1,elephant,1,elephant,0.9698561429977417
sketch/elephant/n02503517_79-3.png,sketch,1,elephant,1,elephant,0.9969953298568726
sketch/elephant/n02503517_79-4.png,sketch,1,elephant,1,elephant,0.9319136738777161
sketch/elephant/n02503517_79-5.png,sketch,1,elephant,1,elephant,0.9640262126922607
sketch/elephant/n02503517_792-1.png,sketch,1,elephant,1,elephant,0.7680348753929138
sketch/elephant/n02503517_792-2.png,sketch,1,elephant,1,elephant,0.9407492280006409
sketch/elephant/n02503517_792-3.png,sketch,1,elephant,1,elephant,0.933911919593811
sketch/elephant/n02503517_792-4.png,sketch,1,elephant,1,elephant,0.9396259188652039
sketch/elephant/n02503517_792-5.png,sketch,1,elephant,1,elephant,0.9750816822052002
sketch/elephant/n02503517_8137-1.png,sketch,1,elephant,1,elephant,0.9675137996673584
sketch/elephant/n02503517_8137-2.png,sketch,1,elephant,1,elephant,0.9841235280036926
sketch/elephant/n02503517_8137-3.png,sketch,1,elephant,1,elephant,0.9591796398162842
sketch/elephant/n02503517_8137-4.png,sketch,1,elephant,1,elephant,0.9881149530410767
sketch/elephant/n02503517_8137-5.png,sketch,1,elephant,1,elephant,0.9258066415786743
sketch/elephant/n02503517_8205-1.png,sketch,1,elephant,1,elephant,0.9753764271736145
sketch/elephant/n02503517_8205-2.png,sketch,1,elephant,1,elephant,0.9913843870162964
sketch/elephant/n02503517_8205-3.png,sketch,1,elephant,1,elephant,0.9907959699630737
sketch/elephant/n02503517_8205-4.png,sketch,1,elephant,1,elephant,0.9411845803260803
sketch/elephant/n02503517_8205-5.png,sketch,1,elephant,1,elephant,0.9613966941833496
sketch/elephant/n02503517_8222-1.png,sketch,1,elephant,1,elephant,0.7831006050109863
sketch/elephant/n02503517_8222-2.png,sketch,1,elephant,1,elephant,0.9788013100624084
sketch/elephant/n02503517_8222-3.png,sketch,1,elephant,1,elephant,0.9373899698257446
sketch/elephant/n02503517_8222-4.png,sketch,1,elephant,1,elephant,0.9812604188919067
sketch/elephant/n02503517_8222-5.png,sketch,1,elephant,1,elephant,0.9478821158409119
sketch/elephant/n02503517_8265-1.png,sketch,1,elephant,1,elephant,0.9655607342720032
sketch/elephant/n02503517_8265-2.png,sketch,1,elephant,1,elephant,0.980221152305603
sketch/elephant/n02503517_8265-3.png,sketch,1,elephant,1,elephant,0.9555794596672058
sketch/elephant/n02503517_8265-4.png,sketch,1,elephant,1,elephant,0.9623384475708008
sketch/elephant/n02503517_8265-5.png,sketch,1,elephant,1,elephant,0.9940788745880127
sketch/elephant/n02503517_8292-1.png,sketch,1,elephant,1,elephant,0.9635505080223083
sketch/elephant/n02503517_8292-2.png,sketch,1,elephant,1,elephant,0.7015273571014404
sketch/elephant/n02503517_8292-3.png,sketch,1,elephant,1,elephant,0.8471294641494751
sketch/elephant/n02503517_8292-4.png,sketch,1,elephant,1,elephant,0.808580219745636
sketch/elephant/n02503517_8292-5.png,sketch,1,elephant,1,elephant,0.995280921459198
sketch/elephant/n02503517_8292-6.png,sketch,1,elephant,1,elephant,0.9965167045593262
sketch/elephant/n02503517_8518-1.png,sketch,1,elephant,1,elephant,0.7754655480384827
sketch/elephant/n02503517_8518-2.png,sketch,1,elephant,1,elephant,0.9183934926986694
sketch/elephant/n02503517_8518-3.png,sketch,1,elephant,1,elephant,0.988349199295044
sketch/elephant/n02503517_8518-4.png,sketch,1,elephant,1,elephant,0.9753736257553101
sketch/elephant/n02503517_8518-5.png,sketch,1,elephant,1,elephant,0.9334045052528381
sketch/elephant/n02503517_8518-6.png,sketch,1,elephant,1,elephant,0.9776290059089661
sketch/elephant/n02503517_8571-1.png,sketch,1,elephant,1,elephant,0.9428225159645081
sketch/elephant/n02503517_8571-2.png,sketch,1,elephant,2,giraffe,0.6709275245666504
sketch/elephant/n02503517_8571-3.png,sketch,1,elephant,1,elephant,0.6403421759605408
sketch/elephant/n02503517_8571-4.png,sketch,1,elephant,1,elephant,0.9826282262802124
sketch/elephant/n02503517_8571-5.png,sketch,1,elephant,1,elephant,0.9589213132858276
sketch/elephant/n02503517_8571-6.png,sketch,1,elephant,2,giraffe,0.5830960273742676
sketch/elephant/n02503517_86-1.png,sketch,1,elephant,1,elephant,0.5590051412582397
sketch/elephant/n02503517_86-2.png,sketch,1,elephant,1,elephant,0.9761491417884827
sketch/elephant/n02503517_86-3.png,sketch,1,elephant,1,elephant,0.9935677647590637
sketch/elephant/n02503517_86-4.png,sketch,1,elephant,1,elephant,0.7083749771118164
sketch/elephant/n02503517_86-5.png,sketch,1,elephant,2,giraffe,0.8013398051261902
sketch/elephant/n02503517_86-6.png,sketch,1,elephant,1,elephant,0.9682320952415466
sketch/elephant/n02503517_8757-1.png,sketch,1,elephant,2,giraffe,0.5027092099189758
sketch/elephant/n02503517_8757-2.png,sketch,1,elephant,1,elephant,0.6796025037765503
sketch/elephant/n02503517_8757-3.png,sketch,1,elephant,1,elephant,0.9994180202484131
sketch/elephant/n02503517_8757-4.png,sketch,1,elephant,1,elephant,0.8756516575813293
sketch/elephant/n02503517_8757-5.png,sketch,1,elephant,2,giraffe,0.7754056453704834
sketch/elephant/n02503517_8757-6.png,sketch,1,elephant,1,elephant,0.9810780882835388
sketch/elephant/n02503517_8901-1.png,sketch,1,elephant,1,elephant,0.990906834602356
sketch/elephant/n02503517_8901-2.png,sketch,1,elephant,1,elephant,0.7831793427467346
sketch/elephant/n02503517_8901-3.png,sketch,1,elephant,1,elephant,0.9926581978797913
sketch/elephant/n02503517_8901-4.png,sketch,1,elephant,1,elephant,0.9520823359489441
sketch/elephant/n02503517_8901-5.png,sketch,1,elephant,1,elephant,0.982428252696991
sketch/elephant/n02503517_8901-6.png,sketch,1,elephant,1,elephant,0.9545092582702637
sketch/elephant/n02503517_8901-7.png,sketch,1,elephant,1,elephant,0.7609273791313171
sketch/elephant/n02503517_8904-1.png,sketch,1,elephant,1,elephant,0.9954243302345276
sketch/elephant/n02503517_8904-2.png,sketch,1,elephant,1,elephant,0.48483458161354065
sketch/elephant/n02503517_8904-3.png,sketch,1,elephant,1,elephant,0.9288852214813232
sketch/elephant/n02503517_8904-4.png,sketch,1,elephant,1,elephant,0.8521871566772461
sketch/elephant/n02503517_8904-5.png,sketch,1,elephant,1,elephant,0.7587499618530273
sketch/elephant/n02503517_8904-6.png,sketch,1,elephant,1,elephant,0.9904200434684753
sketch/elephant/n02503517_8938-1.png,sketch,1,elephant,1,elephant,0.8480755090713501
sketch/elephant/n02503517_8938-2.png,sketch,1,elephant,1,elephant,0.9481921792030334
sketch/elephant/n02503517_8938-3.png,sketch,1,elephant,1,elephant,0.9400392174720764
sketch/elephant/n02503517_8938-4.png,sketch,1,elephant,1,elephant,0.9758344888687134
sketch/elephant/n02503517_8938-5.png,sketch,1,elephant,1,elephant,0.7385000586509705
sketch/elephant/n02503517_8938-6.png,sketch,1,elephant,1,elephant,0.7251303791999817
sketch/elephant/n02503517_9043-1.png,sketch,1,elephant,2,giraffe,0.4937137961387634
sketch/elephant/n02503517_9043-10.png,sketch,1,elephant,1,elephant,0.8695756793022156
sketch/elephant/n02503517_9043-2.png,sketch,1,elephant,2,giraffe,0.5780291557312012
sketch/elephant/n02503517_9043-3.png,sketch,1,elephant,0,dog,0.4273953437805176
sketch/elephant/n02503517_9043-4.png,sketch,1,elephant,1,elephant,0.8656434416770935
sketch/elephant/n02503517_9043-5.png,sketch,1,elephant,1,elephant,0.7760111689567566
sketch/elephant/n02503517_9043-6.png,sketch,1,elephant,1,elephant,0.8358175754547119
sketch/elephant/n02503517_9043-7.png,sketch,1,elephant,2,giraffe,0.4937937557697296
sketch/elephant/n02503517_9043-8.png,sketch,1,elephant,1,elephant,0.6447631120681763
sketch/elephant/n02503517_9043-9.png,sketch,1,elephant,1,elephant,0.6278004050254822
sketch/elephant/n02503517_9154-1.png,sketch,1,elephant,2,giraffe,0.3801059126853943
sketch/elephant/n02503517_9154-2.png,sketch,1,elephant,2,giraffe,0.4059104025363922
sketch/elephant/n02503517_9154-3.png,sketch,1,elephant,2,giraffe,0.4181678593158722
sketch/elephant/n02503517_9154-4.png,sketch,1,elephant,2,giraffe,0.5505138039588928
sketch/elephant/n02503517_9154-5.png,sketch,1,elephant,1,elephant,0.5977092385292053
sketch/elephant/n02503517_9154-6.png,sketch,1,elephant,1,elephant,0.5464791655540466
sketch/elephant/n02503517_9237-1.png,sketch,1,elephant,1,elephant,0.9750980734825134
sketch/elephant/n02503517_9237-2.png,sketch,1,elephant,1,elephant,0.9375951886177063
sketch/elephant/n02503517_9237-3.png,sketch,1,elephant,1,elephant,0.9837532043457031
sketch/elephant/n02503517_9237-4.png,sketch,1,elephant,1,elephant,0.9312728643417358
sketch/elephant/n02503517_9237-5.png,sketch,1,elephant,1,elephant,0.7810857892036438
sketch/elephant/n02503517_9237-6.png,sketch,1,elephant,1,elephant,0.7286388278007507
sketch/elephant/n02503517_9237-7.png,sketch,1,elephant,1,elephant,0.9344666600227356
sketch/elephant/n02503517_9241-1.png,sketch,1,elephant,1,elephant,0.875933825969696
sketch/elephant/n02503517_9241-2.png,sketch,1,elephant,1,elephant,0.9531892538070679
sketch/elephant/n02503517_9241-3.png,sketch,1,elephant,1,elephant,0.9960592985153198
sketch/elephant/n02503517_9241-4.png,sketch,1,elephant,1,elephant,0.9568448662757874
sketch/elephant/n02503517_9241-5.png,sketch,1,elephant,1,elephant,0.7880104184150696
sketch/elephant/n02503517_9270-1.png,sketch,1,elephant,1,elephant,0.9575474858283997
sketch/elephant/n02503517_9270-10.png,sketch,1,elephant,1,elephant,0.8966740369796753
sketch/elephant/n02503517_9270-2.png,sketch,1,elephant,1,elephant,0.630865216255188
sketch/elephant/n02503517_9270-3.png,sketch,1,elephant,1,elephant,0.9963523149490356
sketch/elephant/n02503517_9270-4.png,sketch,1,elephant,1,elephant,0.9885767102241516
sketch/elephant/n02503517_9270-5.png,sketch,1,elephant,1,elephant,0.9949210286140442
sketch/elephant/n02503517_9270-6.png,sketch,1,elephant,1,elephant,0.6906218528747559
sketch/elephant/n02503517_9270-7.png,sketch,1,elephant,1,elephant,0.9836090207099915
sketch/elephant/n02503517_9270-8.png,sketch,1,elephant,1,elephant,0.9804791212081909
sketch/elephant/n02503517_9270-9.png,sketch,1,elephant,1,elephant,0.9977420568466187
sketch/elephant/n02503517_9421-1.png,sketch,1,elephant,1,elephant,0.9729049205780029
sketch/elephant/n02503517_9421-2.png,sketch,1,elephant,1,elephant,0.9309351444244385
sketch/elephant/n02503517_9421-3.png,sketch,1,elephant,1,elephant,0.9602215886116028
sketch/elephant/n02503517_9421-4.png,sketch,1,elephant,1,elephant,0.9703744649887085
sketch/elephant/n02503517_9421-5.png,sketch,1,elephant,1,elephant,0.8943141102790833
sketch/elephant/n02503517_9421-6.png,sketch,1,elephant,1,elephant,0.9857309460639954
sketch/elephant/n02503517_9421-7.png,sketch,1,elephant,1,elephant,0.9473993182182312
sketch/elephant/n02503517_9421-8.png,sketch,1,elephant,1,elephant,0.972052276134491
sketch/elephant/n02503517_9421-9.png,sketch,1,elephant,1,elephant,0.8721020221710205
sketch/elephant/n02503517_9827-1.png,sketch,1,elephant,1,elephant,0.9698032736778259
sketch/elephant/n02503517_9827-2.png,sketch,1,elephant,1,elephant,0.5633473992347717
sketch/elephant/n02503517_9827-3.png,sketch,1,elephant,1,elephant,0.9194610118865967
sketch/elephant/n02503517_9827-4.png,sketch,1,elephant,1,elephant,0.9806715846061707
sketch/elephant/n02503517_9827-5.png,sketch,1,elephant,1,elephant,0.8016509413719177
sketch/elephant/n02503517_9827-6.png,sketch,1,elephant,1,elephant,0.9647014737129211
sketch/elephant/n02503517_9827-7.png,sketch,1,elephant,1,elephant,0.991594135761261
sketch/elephant/n02503517_9827-8.png,sketch,1,elephant,1,elephant,0.9762439131736755
sketch/giraffe/7361.png,sketch,2,giraffe,2,giraffe,0.9317249655723572
sketch/giraffe/7362.png,sketch,2,giraffe,2,giraffe,0.9849986433982849
sketch/giraffe/7363.png,sketch,2,giraffe,2,giraffe,0.962498128414154
sketch/giraffe/7364.png,sketch,2,giraffe,5,house,0.9081610441207886
sketch/giraffe/7365.png,sketch,2,giraffe,2,giraffe,0.998586893081665
sketch/giraffe/7366.png,sketch,2,giraffe,2,giraffe,0.9959127306938171
sketch/giraffe/7367.png,sketch,2,giraffe,2,giraffe,0.9866798520088196
sketch/giraffe/7368.png,sketch,2,giraffe,1,elephant,0.702305018901825
sketch/giraffe/7369.png,sketch,2,giraffe,2,giraffe,0.7095375061035156
sketch/giraffe/7370.png,sketch,2,giraffe,1,elephant,0.943108856678009
sketch/giraffe/7371.png,sketch,2,giraffe,1,elephant,0.8657475709915161
sketch/giraffe/7372.png,sketch,2,giraffe,1,elephant,0.3781873881816864
sketch/giraffe/7373.png,sketch,2,giraffe,5,house,0.5563398599624634
sketch/giraffe/7374.png,sketch,2,giraffe,5,house,0.5028371810913086
sketch/giraffe/7375.png,sketch,2,giraffe,1,elephant,0.5083612203598022
sketch/giraffe/7376.png,sketch,2,giraffe,2,giraffe,0.5567064881324768
sketch/giraffe/7377.png,sketch,2,giraffe,2,giraffe,0.8626170754432678
sketch/giraffe/7378.png,sketch,2,giraffe,2,giraffe,0.9014422297477722
sketch/giraffe/7379.png,sketch,2,giraffe,2,giraffe,0.7848060131072998
sketch/giraffe/7380.png,sketch,2,giraffe,2,giraffe,0.9077625870704651
sketch/giraffe/7381.png,sketch,2,giraffe,5,house,0.6890276074409485
sketch/giraffe/7382.png,sketch,2,giraffe,2,giraffe,0.9717648029327393
sketch/giraffe/7383.png,sketch,2,giraffe,2,giraffe,0.9328911900520325
sketch/giraffe/7384.png,sketch,2,giraffe,1,elephant,0.7249475717544556
sketch/giraffe/7385.png,sketch,2,giraffe,2,giraffe,0.43591341376304626
sketch/giraffe/7386.png,sketch,2,giraffe,2,giraffe,0.7581984996795654
sketch/giraffe/7387.png,sketch,2,giraffe,1,elephant,0.5954272747039795
sketch/giraffe/7388.png,sketch,2,giraffe,5,house,0.6782726049423218
sketch/giraffe/7389.png,sketch,2,giraffe,1,elephant,0.8438847064971924
sketch/giraffe/7390.png,sketch,2,giraffe,2,giraffe,0.9491434097290039
sketch/giraffe/7391.png,sketch,2,giraffe,5,house,0.4724212884902954
sketch/giraffe/7392.png,sketch,2,giraffe,2,giraffe,0.8692449331283569
sketch/giraffe/7393.png,sketch,2,giraffe,2,giraffe,0.7518726587295532
sketch/giraffe/7394.png,sketch,2,giraffe,2,giraffe,0.8619778156280518
sketch/giraffe/7395.png,sketch,2,giraffe,2,giraffe,0.9474326968193054
sketch/giraffe/7396.png,sketch,2,giraffe,1,elephant,0.5146835446357727
sketch/giraffe/7397.png,sketch,2,giraffe,1,elephant,0.44609126448631287
sketch/giraffe/7398.png,sketch,2,giraffe,2,giraffe,0.9497900009155273
sketch/giraffe/7399.png,sketch,2,giraffe,2,giraffe,0.5151828527450562
sketch/giraffe/7400.png,sketch,2,giraffe,5,house,0.41167113184928894
sketch/giraffe/7401.png,sketch,2,giraffe,2,giraffe,0.3862735331058502
sketch/giraffe/7402.png,sketch,2,giraffe,2,giraffe,0.7583336234092712
sketch/giraffe/7403.png,sketch,2,giraffe,5,house,0.6030012369155884
sketch/giraffe/7404.png,sketch,2,giraffe,2,giraffe,0.5493888854980469
sketch/giraffe/7405.png,sketch,2,giraffe,2,giraffe,0.6654120683670044
sketch/giraffe/7406.png,sketch,2,giraffe,2,giraffe,0.7978149652481079
sketch/giraffe/7407.png,sketch,2,giraffe,2,giraffe,0.7009829878807068
sketch/giraffe/7408.png,sketch,2,giraffe,5,house,0.8092372417449951
sketch/giraffe/7409.png,sketch,2,giraffe,2,giraffe,0.35000553727149963
sketch/giraffe/7410.png,sketch,2,giraffe,1,elephant,0.5622726678848267
sketch/giraffe/7411.png,sketch,2,giraffe,2,giraffe,0.9864044189453125
sketch/giraffe/7412.png,sketch,2,giraffe,2,giraffe,0.9240114092826843
sketch/giraffe/7413.png,sketch,2,giraffe,5,house,0.5223917961120605
sketch/giraffe/7414.png,sketch,2,giraffe,1,elephant,0.46202024817466736
sketch/giraffe/7415.png,sketch,2,giraffe,5,house,0.5263769030570984
sketch/giraffe/7416.png,sketch,2,giraffe,2,giraffe,0.7841622829437256
sketch/giraffe/7417.png,sketch,2,giraffe,2,giraffe,0.766429603099823
sketch/giraffe/7418.png,sketch,2,giraffe,2,giraffe,0.842466413974762
sketch/giraffe/7419.png,sketch,2,giraffe,2,giraffe,0.8881683349609375
sketch/giraffe/7420.png,sketch,2,giraffe,5,house,0.5832216143608093
sketch/giraffe/7421.png,sketch,2,giraffe,5,house,0.8015767335891724
sketch/giraffe/7422.png,sketch,2,giraffe,1,elephant,0.5007119178771973
sketch/giraffe/7423.png,sketch,2,giraffe,2,giraffe,0.4812595546245575
sketch/giraffe/7424.png,sketch,2,giraffe,2,giraffe,0.5280163884162903
sketch/giraffe/7425.png,sketch,2,giraffe,2,giraffe,0.7681446075439453
sketch/giraffe/7426.png,sketch,2,giraffe,3,guitar,0.4129905104637146
sketch/giraffe/7427.png,sketch,2,giraffe,2,giraffe,0.811336874961853
sketch/giraffe/7428.png,sketch,2,giraffe,5,house,0.4248175621032715
sketch/giraffe/7429.png,sketch,2,giraffe,2,giraffe,0.7876879572868347
sketch/giraffe/7430.png,sketch,2,giraffe,2,giraffe,0.8260233998298645
sketch/giraffe/7431.png,sketch,2,giraffe,5,house,0.7255121469497681
sketch/giraffe/7432.png,sketch,2,giraffe,5,house,0.3747069835662842
sketch/giraffe/7433.png,sketch,2,giraffe,5,house,0.4546816051006317
sketch/giraffe/7434.png,sketch,2,giraffe,2,giraffe,0.6693016290664673
sketch/giraffe/7435.png,sketch,2,giraffe,1,elephant,0.762481153011322
sketch/giraffe/7436.png,sketch,2,giraffe,2,giraffe,0.9975554943084717
sketch/giraffe/7437.png,sketch,2,giraffe,2,giraffe,0.9422736167907715
sketch/giraffe/7438.png,sketch,2,giraffe,5,house,0.9607577919960022
sketch/giraffe/7439.png,sketch,2,giraffe,1,elephant,0.720509946346283
sketch/giraffe/7440.png,sketch,2,giraffe,2,giraffe,0.5041832327842712
sketch/giraffe/n02439033_10130-1.png,sketch,2,giraffe,2,giraffe,0.9072600603103638
sketch/giraffe/n02439033_10130-2.png,sketch,2,giraffe,2,giraffe,0.5321916341781616
sketch/giraffe/n02439033_10130-3.png,sketch,2,giraffe,2,giraffe,0.9042623043060303
sketch/giraffe/n02439033_10130-4.png,sketch,2,giraffe,2,giraffe,0.6266772747039795
sketch/giraffe/n02439033_10130-5.png,sketch,2,giraffe,2,giraffe,0.5396703481674194
sketch/giraffe/n02439033_10130-6.png,sketch,2,giraffe,1,elephant,0.6298813819885254
sketch/giraffe/n02439033_10130-7.png,sketch,2,giraffe,2,giraffe,0.9199899435043335
sketch/giraffe/n02439033_10164-1.png,sketch,2,giraffe,2,giraffe,0.8737713694572449
sketch/giraffe/n02439033_10164-10.png,sketch,2,giraffe,5,house,0.3778298795223236
sketch/giraffe/n02439033_10164-2.png,sketch,2,giraffe,2,giraffe,0.9717178344726562
sketch/giraffe/n02439033_10164-3.png,sketch,2,giraffe,2,giraffe,0.9832688570022583
sketch/giraffe/n02439033_10164-4.png,sketch,2,giraffe,2,giraffe,0.9003636240959167
sketch/giraffe/n02439033_10164-5.png,sketch,2,giraffe,2,giraffe,0.9797497987747192
sketch/giraffe/n02439033_10164-6.png,sketch,2,giraffe,2,giraffe,0.8891981244087219
sketch/giraffe/n02439033_10164-7.png,sketch,2,giraffe,2,giraffe,0.8808006644248962
sketch/giraffe/n02439033_10164-8.png,sketch,2,giraffe,2,giraffe,0.97186678647995
sketch/giraffe/n02439033_10164-9.png,sketch,2,giraffe,2,giraffe,0.9840807914733887
sketch/giraffe/n02439033_10279-1.png,sketch,2,giraffe,2,giraffe,0.9818432927131653
sketch/giraffe/n02439033_10279-2.png,sketch,2,giraffe,2,giraffe,0.7788338661193848
sketch/giraffe/n02439033_10279-3.png,sketch,2,giraffe,2,giraffe,0.8764920830726624
sketch/giraffe/n02439033_10279-4.png,sketch,2,giraffe,2,giraffe,0.7811205983161926
sketch/giraffe/n02439033_10279-5.png,sketch,2,giraffe,2,giraffe,0.7857833504676819
sketch/giraffe/n02439033_10279-6.png,sketch,2,giraffe,2,giraffe,0.6129395365715027
sketch/giraffe/n02439033_10295-1.png,sketch,2,giraffe,5,house,0.6808654069900513
sketch/giraffe/n02439033_10295-2.png,sketch,2,giraffe,5,house,0.3753602206707001
sketch/giraffe/n02439033_10295-3.png,sketch,2,giraffe,2,giraffe,0.4254269599914551
sketch/giraffe/n02439033_10295-4.png,sketch,2,giraffe,2,giraffe,0.9791836142539978
sketch/giraffe/n02439033_10295-5.png,sketch,2,giraffe,4,horse,0.6486903429031372
sketch/giraffe/n02439033_10453-1.png,sketch,2,giraffe,2,giraffe,0.9463673830032349
sketch/giraffe/n02439033_10453-2.png,sketch,2,giraffe,2,giraffe,0.9794552326202393
sketch/giraffe/n02439033_10453-3.png,sketch,2,giraffe,2,giraffe,0.9965831637382507
sketch/giraffe/n02439033_10453-4.png,sketch,2,giraffe,2,giraffe,0.4585573673248291
sketch/giraffe/n02439033_10453-5.png,sketch,2,giraffe,1,elephant,0.5800043940544128
sketch/giraffe/n02439033_10453-6.png,sketch,2,giraffe,2,giraffe,0.9812366962432861
sketch/giraffe/n02439033_10491-1.png,sketch,2,giraffe,2,giraffe,0.9764087796211243
sketch/giraffe/n02439033_10491-2.png,sketch,2,giraffe,2,giraffe,0.9456426501274109
sketch/giraffe/n02439033_10491-3.png,sketch,2,giraffe,2,giraffe,0.9781224727630615
sketch/giraffe/n02439033_10491-4.png,sketch,2,giraffe,2,giraffe,0.5131356120109558
sketch/giraffe/n02439033_10491-5.png,sketch,2,giraffe,2,giraffe,0.9995719790458679
sketch/giraffe/n02439033_10491-6.png,sketch,2,giraffe,2,giraffe,0.9979240894317627
sketch/giraffe/n02439033_10541-1.png,sketch,2,giraffe,2,giraffe,0.48485317826271057
sketch/giraffe/n02439033_10541-2.png,sketch,2,giraffe,2,giraffe,0.4985972046852112
sketch/giraffe/n02439033_10541-3.png,sketch,2,giraffe,5,house,0.3440667688846588
sketch/giraffe/n02439033_10541-4.png,sketch,2,giraffe,2,giraffe,0.42984098196029663
sketch/giraffe/n02439033_10541-5.png,sketch,2,giraffe,5,house,0.4746626019477844
sketch/giraffe/n02439033_10541-6.png,sketch,2,giraffe,1,elephant,0.6613922119140625
sketch/giraffe/n02439033_10616-1.png,sketch,2,giraffe,1,elephant,0.5636275410652161
sketch/giraffe/n02439033_10616-2.png,sketch,2,giraffe,5,house,0.34737932682037354
sketch/giraffe/n02439033_10616-3.png,sketch,2,giraffe,1,elephant,0.5526280999183655
sketch/giraffe/n02439033_10616-4.png,sketch,2,giraffe,1,elephant,0.38029342889785767
sketch/giraffe/n02439033_10616-5.png,sketch,2,giraffe,2,giraffe,0.45868563652038574
sketch/giraffe/n02439033_10802-1.png,sketch,2,giraffe,2,giraffe,0.9680091738700867
sketch/giraffe/n02439033_10802-2.png,sketch,2,giraffe,4,horse,0.7310900688171387
sketch/giraffe/n02439033_10802-3.png,sketch,2,giraffe,4,horse,0.5495415925979614
sketch/giraffe/n02439033_10802-4.png,sketch,2,giraffe,2,giraffe,0.5974097847938538
sketch/giraffe/n02439033_10802-5.png,sketch,2,giraffe,2,giraffe,0.872248649597168
sketch/giraffe/n02439033_10802-6.png,sketch,2,giraffe,2,giraffe,0.7237581610679626
sketch/giraffe/n02439033_10802-7.png,sketch,2,giraffe,2,giraffe,0.9188669919967651
sketch/giraffe/n02439033_10802-8.png,sketch,2,giraffe,2,giraffe,0.6287342309951782
sketch/giraffe/n02439033_10803-1.png,sketch,2,giraffe,2,giraffe,0.9272497892379761
sketch/giraffe/n02439033_10803-2.png,sketch,2,giraffe,2,giraffe,0.8037523627281189
sketch/giraffe/n02439033_10803-3.png,sketch,2,giraffe,2,giraffe,0.9695059061050415
sketch/giraffe/n02439033_10803-4.png,sketch,2,giraffe,2,giraffe,0.6696628332138062
sketch/giraffe/n02439033_10803-5.png,sketch,2,giraffe,2,giraffe,0.9997460246086121
sketch/giraffe/n02439033_10811-1.png,sketch,2,giraffe,2,giraffe,0.9584832191467285
sketch/giraffe/n02439033_10811-2.png,sketch,2,giraffe,5,house,0.5801657438278198
sketch/giraffe/n02439033_10811-3.png,sketch,2,giraffe,2,giraffe,0.8587381839752197
sketch/giraffe/n02439033_10811-4.png,sketch,2,giraffe,2,giraffe,0.9140700101852417
sketch/giraffe/n02439033_10811-5.png,sketch,2,giraffe,2,giraffe,0.9509350657463074
sketch/giraffe/n02439033_10811-6.png,sketch,2,giraffe,2,giraffe,0.7327654957771301
sketch/giraffe/n02439033_10811-7.png,sketch,2,giraffe,4,horse,0.43010151386260986
sketch/giraffe/n02439033_10839-1.png,sketch,2,giraffe,2,giraffe,0.9757746458053589
sketch/giraffe/n02439033_10839-2.png,sketch,2,giraffe,2,giraffe,0.9644307494163513
sketch/giraffe/n02439033_10839-3.png,sketch,2,giraffe,2,giraffe,0.3484354019165039
sketch/giraffe/n02439033_10839-4.png,sketch,2,giraffe,2,giraffe,0.6527128219604492
sketch/giraffe/n02439033_10839-5.png,sketch,2,giraffe,2,giraffe,0.9805597066879272
sketch/giraffe/n02439033_10839-6.png,sketch,2,giraffe,2,giraffe,0.9962041974067688
sketch/giraffe/n02439033_10839-7.png,sketch,2,giraffe,2,giraffe,0.780337929725647
sketch/giraffe/n02439033_10919-1.png,sketch,2,giraffe,2,giraffe,0.9055501222610474
sketch/giraffe/n02439033_10919-2.png,sketch,2,giraffe,2,giraffe,0.7890706062316895
sketch/giraffe/n02439033_10919-3.png,sketch,2,giraffe,2,giraffe,0.8540056347846985
sketch/giraffe/n02439033_10919-4.png,sketch,2,giraffe,1,elephant,0.42168959975242615
sketch/giraffe/n02439033_10919-5.png,sketch,2,giraffe,2,giraffe,0.6832337379455566
sketch/giraffe/n02439033_10919-6.png,sketch,2,giraffe,5,house,0.28972458839416504
sketch/giraffe/n02439033_11059-1.png,sketch,2,giraffe,1,elephant,0.6002716422080994
sketch/giraffe/n02439033_11059-2.png,sketch,2,giraffe,2,giraffe,0.906204104423523
sketch/giraffe/n02439033_11059-3.png,sketch,2,giraffe,2,giraffe,0.9446055293083191
sketch/giraffe/n02439033_11059-4.png,sketch,2,giraffe,2,giraffe,0.9866995811462402
sketch/giraffe/n02439033_11059-5.png,sketch,2,giraffe,2,giraffe,0.9947569370269775
sketch/giraffe/n02439033_11059-6.png,sketch,2,giraffe,2,giraffe,0.9597719311714172
sketch/giraffe/n02439033_11059-7.png,sketch,2,giraffe,2,giraffe,0.8942373394966125
sketch/giraffe/n02439033_11059-8.png,sketch,2,giraffe,2,giraffe,0.787757158279419
sketch/giraffe/n02439033_11059-9.png,sketch,2,giraffe,2,giraffe,0.8783392310142517
sketch/giraffe/n02439033_11114-1.png,sketch,2,giraffe,1,elephant,0.56175297498703
sketch/giraffe/n02439033_11114-2.png,sketch,2,giraffe,4,horse,0.40207067131996155
sketch/giraffe/n02439033_11114-3.png,sketch,2,giraffe,2,giraffe,0.44990044832229614
sketch/giraffe/n02439033_11114-4.png,sketch,2,giraffe,2,giraffe,0.8057346343994141
sketch/giraffe/n02439033_11114-5.png,sketch,2,giraffe,2,giraffe,0.7044853568077087
sketch/giraffe/n02439033_11130-1.png,sketch,2,giraffe,5,house,0.48529884219169617
sketch/giraffe/n02439033_11130-2.png,sketch,2,giraffe,2,giraffe,0.36712023615837097
sketch/giraffe/n02439033_11130-3.png,sketch,2,giraffe,5,house,0.35648831725120544
sketch/giraffe/n02439033_11130-4.png,sketch,2,giraffe,4,horse,0.5332067608833313
sketch/giraffe/n02439033_11130-5.png,sketch,2,giraffe,5,house,0.5244382619857788
sketch/giraffe/n02439033_11130-6.png,sketch,2,giraffe,5,house,0.6034431457519531
sketch/giraffe/n02439033_11215-1.png,sketch,2,giraffe,2,giraffe,0.7827752828598022
sketch/giraffe/n02439033_11215-2.png,sketch,2,giraffe,2,giraffe,0.9734473824501038
sketch/giraffe/n02439033_11215-3.png,sketch,2,giraffe,2,giraffe,0.7798617482185364
sketch/giraffe/n02439033_11215-4.png,sketch,2,giraffe,2,giraffe,0.6969611644744873
sketch/giraffe/n02439033_11215-5.png,sketch,2,giraffe,2,giraffe,0.9503965973854065
sketch/giraffe/n02439033_11273-1.png,sketch,2,giraffe,2,giraffe,0.8129191398620605
sketch/giraffe/n02439033_11273-2.png,sketch,2,giraffe,2,giraffe,0.8758057951927185
sketch/giraffe/n02439033_11273-3.png,sketch,2,giraffe,2,giraffe,0.9027385115623474
sketch/giraffe/n02439033_11273-4.png,sketch,2,giraffe,2,giraffe,0.9835786819458008
sketch/giraffe/n02439033_11273-5.png,sketch,2,giraffe,2,giraffe,0.8791707158088684
sketch/giraffe/n02439033_11273-6.png,sketch,2,giraffe,2,giraffe,0.9138211011886597
sketch/giraffe/n02439033_11328-1.png,sketch,2,giraffe,2,giraffe,0.8766703605651855
sketch/giraffe/n02439033_11328-2.png,sketch,2,giraffe,1,elephant,0.5299112796783447
sketch/giraffe/n02439033_11328-3.png,sketch,2,giraffe,2,giraffe,0.7645866870880127
sketch/giraffe/n02439033_11328-4.png,sketch,2,giraffe,2,giraffe,0.8920195698738098
sketch/giraffe/n02439033_11328-5.png,sketch,2,giraffe,2,giraffe,0.8015958666801453
sketch/giraffe/n02439033_11328-6.png,sketch,2,giraffe,2,giraffe,0.9498290419578552
sketch/giraffe/n02439033_11458-1.png,sketch,2,giraffe,2,giraffe,0.9547473788261414
sketch/giraffe/n02439033_11458-2.png,sketch,2,giraffe,2,giraffe,0.9996551275253296
sketch/giraffe/n02439033_11458-3.png,sketch,2,giraffe,2,giraffe,0.9893640279769897
sketch/giraffe/n02439033_11458-4.png,sketch,2,giraffe,2,giraffe,0.8954387307167053
sketch/giraffe/n02439033_11458-5.png,sketch,2,giraffe,2,giraffe,0.9184702038764954
sketch/giraffe/n02439033_11458-6.png,sketch,2,giraffe,2,giraffe,0.9921935796737671
sketch/giraffe/n02439033_11486-1.png,sketch,2,giraffe,2,giraffe,0.999345600605011
sketch/giraffe/n02439033_11486-2.png,sketch,2,giraffe,2,giraffe,0.696170449256897
sketch/giraffe/n02439033_11486-3.png,sketch,2,giraffe,2,giraffe,0.9867968559265137
sketch/giraffe/n02439033_11486-4.png,sketch,2,giraffe,2,giraffe,0.7396872043609619
sketch/giraffe/n02439033_11486-5.png,sketch,2,giraffe,2,giraffe,0.9901185631752014
sketch/giraffe/n02439033_11487-1.png,sketch,2,giraffe,2,giraffe,0.9159703850746155
sketch/giraffe/n02439033_11487-2.png,sketch,2,giraffe,1,elephant,0.5213807225227356
sketch/giraffe/n02439033_11487-3.png,sketch,2,giraffe,2,giraffe,0.998324453830719
sketch/giraffe/n02439033_11487-4.png,sketch,2,giraffe,2,giraffe,0.7060189843177795
sketch/giraffe/n02439033_11487-5.png,sketch,2,giraffe,2,giraffe,0.8973961472511292
sketch/giraffe/n02439033_11487-6.png,sketch,2,giraffe,2,giraffe,0.8749968409538269
sketch/giraffe/n02439033_11487-7.png,sketch,2,giraffe,2,giraffe,0.7016348838806152
sketch/giraffe/n02439033_11504-1.png,sketch,2,giraffe,4,horse,0.7230597734451294
sketch/giraffe/n02439033_11504-2.png,sketch,2,giraffe,2,giraffe,0.9908245801925659
sketch/giraffe/n02439033_11504-3.png,sketch,2,giraffe,5,house,0.512449324131012
sketch/giraffe/n02439033_11504-4.png,sketch,2,giraffe,5,house,0.45781269669532776
sketch/giraffe/n02439033_11504-5.png,sketch,2,giraffe,2,giraffe,0.685658872127533
sketch/giraffe/n02439033_11504-6.png,sketch,2,giraffe,4,horse,0.4262930452823639
sketch/giraffe/n02439033_11504-7.png,sketch,2,giraffe,5,house,0.800194501876831
sketch/giraffe/n02439033_11599-1.png,sketch,2,giraffe,2,giraffe,0.9609217047691345
sketch/giraffe/n02439033_11599-2.png,sketch,2,giraffe,2,giraffe,0.9237334132194519
sketch/giraffe/n02439033_11599-3.png,sketch,2,giraffe,2,giraffe,0.905777096748352
sketch/giraffe/n02439033_11599-4.png,sketch,2,giraffe,2,giraffe,0.9733417630195618
sketch/giraffe/n02439033_11599-5.png,sketch,2,giraffe,2,giraffe,0.9220792055130005
sketch/giraffe/n02439033_11599-6.png,sketch,2,giraffe,2,giraffe,0.9921025633811951
sketch/giraffe/n02439033_11599-7.png,sketch,2,giraffe,2,giraffe,0.9965600371360779
sketch/giraffe/n02439033_11599-8.png,sketch,2,giraffe,2,giraffe,0.9772517681121826
sketch/giraffe/n02439033_11627-1.png,sketch,2,giraffe,2,giraffe,0.8255990147590637
sketch/giraffe/n02439033_11627-2.png,sketch,2,giraffe,2,giraffe,0.9365957975387573
sketch/giraffe/n02439033_11627-3.png,sketch,2,giraffe,1,elephant,0.6793838739395142
sketch/giraffe/n02439033_11627-4.png,sketch,2,giraffe,2,giraffe,0.9933611154556274
sketch/giraffe/n02439033_11627-5.png,sketch,2,giraffe,2,giraffe,0.5816735029220581
sketch/giraffe/n02439033_11627-6.png,sketch,2,giraffe,2,giraffe,0.6980123519897461
sketch/giraffe/n02439033_11627-7.png,sketch,2,giraffe,2,giraffe,0.7552995681762695
sketch/giraffe/n02439033_11666-1.png,sketch,2,giraffe,2,giraffe,0.4749220907688141
sketch/giraffe/n02439033_11666-2.png,sketch,2,giraffe,1,elephant,0.6263636946678162
sketch/giraffe/n02439033_11666-3.png,sketch,2,giraffe,2,giraffe,0.7843143939971924
sketch/giraffe/n02439033_11666-4.png,sketch,2,giraffe,2,giraffe,0.7078657746315002
sketch/giraffe/n02439033_11666-5.png,sketch,2,giraffe,2,giraffe,0.9778543710708618
sketch/giraffe/n02439033_11666-6.png,sketch,2,giraffe,2,giraffe,0.7947343587875366
sketch/giraffe/n02439033_11666-7.png,sketch,2,giraffe,2,giraffe,0.6751675605773926
sketch/giraffe/n02439033_11683-1.png,sketch,2,giraffe,2,giraffe,0.7076116800308228
sketch/giraffe/n02439033_11683-2.png,sketch,2,giraffe,2,giraffe,0.9460251927375793
sketch/giraffe/n02439033_11683-3.png,sketch,2,giraffe,2,giraffe,0.8904560208320618
sketch/giraffe/n02439033_11683-4.png,sketch,2,giraffe,2,giraffe,0.4858320951461792
sketch/giraffe/n02439033_11683-5.png,sketch,2,giraffe,2,giraffe,0.44770780205726624
sketch/giraffe/n02439033_11683-6.png,sketch,2,giraffe,2,giraffe,0.993768572807312
sketch/giraffe/n02439033_11683-7.png,sketch,2,giraffe,2,giraffe,0.7907642722129822
sketch/giraffe/n02439033_11715-1.png,sketch,2,giraffe,2,giraffe,0.9587323665618896
sketch/giraffe/n02439033_11715-2.png,sketch,2,giraffe,2,giraffe,0.8194118142127991
sketch/giraffe/n02439033_11715-3.png,sketch,2,giraffe,2,giraffe,0.9996457099914551
sketch/giraffe/n02439033_11715-4.png,sketch,2,giraffe,2,giraffe,0.9975800514221191
sketch/giraffe/n02439033_11715-5.png,sketch,2,giraffe,2,giraffe,0.9329271912574768
sketch/giraffe/n02439033_11715-6.png,sketch,2,giraffe,2,giraffe,0.9766004085540771
sketch/giraffe/n02439033_11845-1.png,sketch,2,giraffe,2,giraffe,0.587838888168335
sketch/giraffe/n02439033_11845-10.png,sketch,2,giraffe,2,giraffe,0.8250893950462341
sketch/giraffe/n02439033_11845-2.png,sketch,2,giraffe,2,giraffe,0.9433678388595581
sketch/giraffe/n02439033_11845-3.png,sketch,2,giraffe,2,giraffe,0.8864507079124451
sketch/giraffe/n02439033_11845-4.png,sketch,2,giraffe,2,giraffe,0.7577243447303772
sketch/giraffe/n02439033_11845-5.png,sketch,2,giraffe,2,giraffe,0.9770830869674683
sketch/giraffe/n02439033_11845-6.png,sketch,2,giraffe,2,giraffe,0.9286254644393921
sketch/giraffe/n02439033_11845-7.png,sketch,2,giraffe,2,giraffe,0.8542226552963257
sketch/giraffe/n02439033_11845-8.png,sketch,2,giraffe,4,horse,0.9052488803863525
sketch/giraffe/n02439033_11845-9.png,sketch,2,giraffe,2,giraffe,0.9351067543029785
sketch/giraffe/n02439033_11894-1.png,sketch,2,giraffe,2,giraffe,0.8264439702033997
sketch/giraffe/n02439033_11894-2.png,sketch,2,giraffe,2,giraffe,0.9885480403900146
sketch/giraffe/n02439033_11894-3.png,sketch,2,giraffe,2,giraffe,0.5748278498649597
sketch/giraffe/n02439033_11894-4.png,sketch,2,giraffe,2,giraffe,0.8545199632644653
sketch/giraffe/n02439033_11894-5.png,sketch,2,giraffe,2,giraffe,0.9379428029060364
sketch/giraffe/n02439033_11894-6.png,sketch,2,giraffe,2,giraffe,0.9825175404548645
sketch/giraffe/n02439033_11894-7.png,sketch,2,giraffe,2,giraffe,0.950480580329895
sketch/giraffe/n02439033_11894-8.png,sketch,2,giraffe,1,elephant,0.8627292513847351
sketch/giraffe/n02439033_11894-9.png,sketch,2,giraffe,2,giraffe,0.9400783777236938
sketch/giraffe/n02439033_12059-1.png,sketch,2,giraffe,2,giraffe,0.932256281375885
sketch/giraffe/n02439033_12059-2.png,sketch,2,giraffe,2,giraffe,0.9640027284622192
sketch/giraffe/n02439033_12059-3.png,sketch,2,giraffe,2,giraffe,0.9419843554496765
sketch/giraffe/n02439033_12059-4.png,sketch,2,giraffe,2,giraffe,0.9965587258338928
sketch/giraffe/n02439033_12059-5.png,sketch,2,giraffe,2,giraffe,0.8067367672920227
sketch/giraffe/n02439033_12413-1.png,sketch,2,giraffe,2,giraffe,0.9358327984809875
sketch/giraffe/n02439033_12413-2.png,sketch,2,giraffe,2,giraffe,0.9678727984428406
sketch/giraffe/n02439033_12413-3.png,sketch,2,giraffe,2,giraffe,0.929165780544281
sketch/giraffe/n02439033_12413-4.png,sketch,2,giraffe,5,house,0.4778119623661041
sketch/giraffe/n02439033_12413-5.png,sketch,2,giraffe,2,giraffe,0.8958193063735962
sketch/giraffe/n02439033_12413-6.png,sketch,2,giraffe,2,giraffe,0.9951980710029602
sketch/giraffe/n02439033_12413-7.png,sketch,2,giraffe,2,giraffe,0.9437872767448425
sketch/giraffe/n02439033_12485-1.png,sketch,2,giraffe,2,giraffe,0.9862980842590332
sketch/giraffe/n02439033_12485-2.png,sketch,2,giraffe,2,giraffe,0.6181766390800476
sketch/giraffe/n02439033_12485-3.png,sketch,2,giraffe,2,giraffe,0.6307023763656616
sketch/giraffe/n02439033_12485-4.png,sketch,2,giraffe,2,giraffe,0.85133957862854
sketch/giraffe/n02439033_12485-5.png,sketch,2,giraffe,2,giraffe,0.7260225415229797
sketch/giraffe/n02439033_12485-6.png,sketch,2,giraffe,2,giraffe,0.5490086078643799
sketch/giraffe/n02439033_12680-1.png,sketch,2,giraffe,2,giraffe,0.9401360154151917
sketch/giraffe/n02439033_12680-2.png,sketch,2,giraffe,2,giraffe,0.7445758581161499
sketch/giraffe/n02439033_12680-3.png,sketch,2,giraffe,2,giraffe,0.9893321990966797
sketch/giraffe/n02439033_12680-4.png,sketch,2,giraffe,2,giraffe,0.8686835765838623
sketch/giraffe/n02439033_12680-5.png,sketch,2,giraffe,2,giraffe,0.9865168333053589
sketch/giraffe/n02439033_12930-1.png,sketch,2,giraffe,2,giraffe,0.5812012553215027
sketch/giraffe/n02439033_12930-2.png,sketch,2,giraffe,5,house,0.36384475231170654
sketch/giraffe/n02439033_12930-3.png,sketch,2,giraffe,2,giraffe,0.7380660772323608
sketch/giraffe/n02439033_12930-4.png,sketch,2,giraffe,2,giraffe,0.8575247526168823
sketch/giraffe/n02439033_12930-5.png,sketch,2,giraffe,2,giraffe,0.9941332936286926
sketch/giraffe/n02439033_12939-1.png,sketch,2,giraffe,2,giraffe,0.9420195817947388
sketch/giraffe/n02439033_12939-2.png,sketch,2,giraffe,2,giraffe,0.6769979000091553
sketch/giraffe/n02439033_12939-3.png,sketch,2,giraffe,2,giraffe,0.9312703609466553
sketch/giraffe/n02439033_12939-4.png,sketch,2,giraffe,2,giraffe,0.9970324039459229
sketch/giraffe/n02439033_12939-5.png,sketch,2,giraffe,2,giraffe,0.8143629431724548
sketch/giraffe/n02439033_12939-6.png,sketch,2,giraffe,2,giraffe,0.9607329368591309
sketch/giraffe/n02439033_12939-7.png,sketch,2,giraffe,2,giraffe,0.9018265008926392
sketch/giraffe/n02439033_12939-8.png,sketch,2,giraffe,2,giraffe,0.9943047165870667
sketch/giraffe/n02439033_12987-1.png,sketch,2,giraffe,2,giraffe,0.6631274223327637
sketch/giraffe/n02439033_12987-2.png,sketch,2,giraffe,1,elephant,0.4835858941078186
sketch/giraffe/n02439033_12987-3.png,sketch,2,giraffe,2,giraffe,0.89832603931427
sketch/giraffe/n02439033_12987-4.png,sketch,2,giraffe,1,elephant,0.6792925596237183
sketch/giraffe/n02439033_12987-5.png,sketch,2,giraffe,2,giraffe,0.6955938935279846
sketch/giraffe/n02439033_12987-6.png,sketch,2,giraffe,1,elephant,0.6217808127403259
sketch/giraffe/n02439033_13236-1.png,sketch,2,giraffe,1,elephant,0.5123826265335083
sketch/giraffe/n02439033_13236-2.png,sketch,2,giraffe,1,elephant,0.9052770137786865
sketch/giraffe/n02439033_13236-3.png,sketch,2,giraffe,4,horse,0.5865334272384644
sketch/giraffe/n02439033_13236-4.png,sketch,2,giraffe,1,elephant,0.742680013179779
sketch/giraffe/n02439033_13236-5.png,sketch,2,giraffe,1,elephant,0.5908097624778748
sketch/giraffe/n02439033_13236-6.png,sketch,2,giraffe,1,elephant,0.8793708682060242
sketch/giraffe/n02439033_1327-1.png,sketch,2,giraffe,2,giraffe,0.9251536726951599
sketch/giraffe/n02439033_1327-2.png,sketch,2,giraffe,2,giraffe,0.891522228717804
sketch/giraffe/n02439033_1327-3.png,sketch,2,giraffe,2,giraffe,0.9670973420143127
sketch/giraffe/n02439033_1327-4.png,sketch,2,giraffe,2,giraffe,0.7906364798545837
sketch/giraffe/n02439033_1327-5.png,sketch,2,giraffe,2,giraffe,0.9847751259803772
sketch/giraffe/n02439033_13384-1.png,sketch,2,giraffe,1,elephant,0.7915230989456177
sketch/giraffe/n02439033_13384-2.png,sketch,2,giraffe,2,giraffe,0.8551140427589417
sketch/giraffe/n02439033_13384-3.png,sketch,2,giraffe,2,giraffe,0.8915573954582214
sketch/giraffe/n02439033_13384-4.png,sketch,2,giraffe,2,giraffe,0.7116601467132568
sketch/giraffe/n02439033_13384-5.png,sketch,2,giraffe,2,giraffe,0.98867267370224
sketch/giraffe/n02439033_13384-6.png,sketch,2,giraffe,2,giraffe,0.9641672372817993
sketch/giraffe/n02439033_13430-1.png,sketch,2,giraffe,2,giraffe,0.9938550591468811
sketch/giraffe/n02439033_13430-2.png,sketch,2,giraffe,2,giraffe,0.3403764069080353
sketch/giraffe/n02439033_13430-3.png,sketch,2,giraffe,2,giraffe,0.7132980227470398
sketch/giraffe/n02439033_13430-4.png,sketch,2,giraffe,2,giraffe,0.9503198266029358
sketch/giraffe/n02439033_13430-5.png,sketch,2,giraffe,2,giraffe,0.9805421829223633
sketch/giraffe/n02439033_13602-1.png,sketch,2,giraffe,2,giraffe,0.728029727935791
sketch/giraffe/n02439033_13602-2.png,sketch,2,giraffe,2,giraffe,0.5427988767623901
sketch/giraffe/n02439033_13602-3.png,sketch,2,giraffe,2,giraffe,0.41284283995628357
sketch/giraffe/n02439033_13602-4.png,sketch,2,giraffe,2,giraffe,0.851254403591156
sketch/giraffe/n02439033_13602-5.png,sketch,2,giraffe,5,house,0.40145447850227356
sketch/giraffe/n02439033_13602-6.png,sketch,2,giraffe,2,giraffe,0.9733471870422363
sketch/giraffe/n02439033_13602-7.png,sketch,2,giraffe,4,horse,0.37031644582748413
sketch/giraffe/n02439033_13868-1.png,sketch,2,giraffe,5,house,0.6786155104637146
sketch/giraffe/n02439033_13868-2.png,sketch,2,giraffe,2,giraffe,0.951590359210968
sketch/giraffe/n02439033_13868-3.png,sketch,2,giraffe,1,elephant,0.6858728528022766
sketch/giraffe/n02439033_13868-4.png,sketch,2,giraffe,2,giraffe,0.7159091830253601
sketch/giraffe/n02439033_13868-5.png,sketch,2,giraffe,5,house,0.8078098297119141
sketch/giraffe/n02439033_13868-6.png,sketch,2,giraffe,1,elephant,0.5020937919616699
sketch/giraffe/n02439033_13868-7.png,sketch,2,giraffe,2,giraffe,0.8799784779548645
sketch/giraffe/n02439033_14040-1.png,sketch,2,giraffe,2,giraffe,0.7686811089515686
sketch/giraffe/n02439033_14040-2.png,sketch,2,giraffe,2,giraffe,0.8975528478622437
sketch/giraffe/n02439033_14040-3.png,sketch,2,giraffe,1,elephant,0.6131894588470459
sketch/giraffe/n02439033_14040-4.png,sketch,2,giraffe,2,giraffe,0.7222406268119812
sketch/giraffe/n02439033_14040-5.png,sketch,2,giraffe,1,elephant,0.6036483645439148
sketch/giraffe/n02439033_14040-6.png,sketch,2,giraffe,1,elephant,0.46100205183029175
sketch/giraffe/n02439033_14060-1.png,sketch,2,giraffe,2,giraffe,0.7966803908348083
sketch/giraffe/n02439033_14060-2.png,sketch,2,giraffe,2,giraffe,0.9704774618148804
sketch/giraffe/n02439033_14060-3.png,sketch,2,giraffe,2,giraffe,0.8555982112884521
sketch/giraffe/n02439033_14060-4.png,sketch,2,giraffe,2,giraffe,0.9995075464248657
sketch/giraffe/n02439033_14060-5.png,sketch,2,giraffe,2,giraffe,0.9738238453865051
sketch/giraffe/n02439033_14060-6.png,sketch,2,giraffe,2,giraffe,0.9563241600990295
sketch/giraffe/n02439033_14060-7.png,sketch,2,giraffe,2,giraffe,0.9170387387275696
sketch/giraffe/n02439033_14060-8.png,sketch,2,giraffe,2,giraffe,0.9150571227073669
sketch/giraffe/n02439033_14121-1.png,sketch,2,giraffe,2,giraffe,0.518988847732544
sketch/giraffe/n02439033_14121-10.png,sketch,2,giraffe,2,giraffe,0.9731931686401367
sketch/giraffe/n02439033_14121-2.png,sketch,2,giraffe,2,giraffe,0.6229142546653748
sketch/giraffe/n02439033_14121-3.png,sketch,2,giraffe,2,giraffe,0.8044145107269287
sketch/giraffe/n02439033_14121-4.png,sketch,2,giraffe,2,giraffe,0.99577796459198
sketch/giraffe/n02439033_14121-5.png,sketch,2,giraffe,1,elephant,0.36346790194511414
sketch/giraffe/n02439033_14121-6.png,sketch,2,giraffe,2,giraffe,0.9921690821647644
sketch/giraffe/n02439033_14121-7.png,sketch,2,giraffe,1,elephant,0.4218538701534271
sketch/giraffe/n02439033_14121-8.png,sketch,2,giraffe,2,giraffe,0.7684164643287659
sketch/giraffe/n02439033_14121-9.png,sketch,2,giraffe,2,giraffe,0.929833710193634
sketch/giraffe/n02439033_14148-1.png,sketch,2,giraffe,2,giraffe,0.9936398863792419
sketch/giraffe/n02439033_14148-10.png,sketch,2,giraffe,2,giraffe,0.9671725034713745
sketch/giraffe/n02439033_14148-2.png,sketch,2,giraffe,2,giraffe,0.8084616661071777
sketch/giraffe/n02439033_14148-3.png,sketch,2,giraffe,2,giraffe,0.9976943135261536
sketch/giraffe/n02439033_14148-4.png,sketch,2,giraffe,2,giraffe,0.9904240965843201
sketch/giraffe/n02439033_14148-5.png,sketch,2,giraffe,2,giraffe,0.991880476474762
sketch/giraffe/n02439033_14148-6.png,sketch,2,giraffe,2,giraffe,0.8034775257110596
sketch/giraffe/n02439033_14148-7.png,sketch,2,giraffe,2,giraffe,0.8662846088409424
sketch/giraffe/n02439033_14148-8.png,sketch,2,giraffe,4,horse,0.8773909211158752
sketch/giraffe/n02439033_14148-9.png,sketch,2,giraffe,2,giraffe,0.9986822009086609
sketch/giraffe/n02439033_14184-1.png,sketch,2,giraffe,2,giraffe,0.9889910221099854
sketch/giraffe/n02439033_14184-2.png,sketch,2,giraffe,2,giraffe,0.8641175031661987
sketch/giraffe/n02439033_14184-3.png,sketch,2,giraffe,2,giraffe,0.6954478025436401
sketch/giraffe/n02439033_14184-4.png,sketch,2,giraffe,2,giraffe,0.9663639068603516
sketch/giraffe/n02439033_14184-5.png,sketch,2,giraffe,2,giraffe,0.651418924331665
sketch/giraffe/n02439033_14322-1.png,sketch,2,giraffe,1,elephant,0.5135260224342346
sketch/giraffe/n02439033_14322-2.png,sketch,2,giraffe,5,house,0.7354733943939209
sketch/giraffe/n02439033_14322-3.png,sketch,2,giraffe,2,giraffe,0.9278340339660645
sketch/giraffe/n02439033_14322-4.png,sketch,2,giraffe,2,giraffe,0.6324736475944519
sketch/giraffe/n02439033_14322-5.png,sketch,2,giraffe,1,elephant,0.916122555732727
sketch/giraffe/n02439033_14497-1.png,sketch,2,giraffe,2,giraffe,0.9151880145072937
sketch/giraffe/n02439033_14497-2.png,sketch,2,giraffe,2,giraffe,0.9138065576553345
sketch/giraffe/n02439033_14497-3.png,sketch,2,giraffe,4,horse,0.7431409358978271
sketch/giraffe/n02439033_14497-4.png,sketch,2,giraffe,2,giraffe,0.9823988080024719
sketch/giraffe/n02439033_14497-5.png,sketch,2,giraffe,2,giraffe,0.9800901412963867
sketch/giraffe/n02439033_14497-6.png,sketch,2,giraffe,2,giraffe,0.9678984880447388
sketch/giraffe/n02439033_14554-1.png,sketch,2,giraffe,2,giraffe,0.6727375984191895
sketch/giraffe/n02439033_14554-2.png,sketch,2,giraffe,2,giraffe,0.999776303768158
sketch/giraffe/n02439033_14554-3.png,sketch,2,giraffe,2,giraffe,0.6519865989685059
sketch/giraffe/n02439033_14554-4.png,sketch,2,giraffe,2,giraffe,0.9129860401153564
sketch/giraffe/n02439033_14554-5.png,sketch,2,giraffe,5,house,0.8213757872581482
sketch/giraffe/n02439033_14554-6.png,sketch,2,giraffe,2,giraffe,0.9295253157615662
sketch/giraffe/n02439033_14554-7.png,sketch,2,giraffe,2,giraffe,0.6135895848274231
sketch/giraffe/n02439033_14554-8.png,sketch,2,giraffe,2,giraffe,0.995296061038971
sketch/giraffe/n02439033_14554-9.png,sketch,2,giraffe,5,house,0.7937257289886475
sketch/giraffe/n02439033_14580-1.png,sketch,2,giraffe,2,giraffe,0.9970840811729431
sketch/giraffe/n02439033_14580-10.png,sketch,2,giraffe,2,giraffe,0.854444682598114
sketch/giraffe/n02439033_14580-2.png,sketch,2,giraffe,2,giraffe,0.9397053718566895
sketch/giraffe/n02439033_14580-3.png,sketch,2,giraffe,2,giraffe,0.8652819991111755
sketch/giraffe/n02439033_14580-4.png,sketch,2,giraffe,2,giraffe,0.898185670375824
sketch/giraffe/n02439033_14580-5.png,sketch,2,giraffe,2,giraffe,0.9927754402160645
sketch/giraffe/n02439033_14580-6.png,sketch,2,giraffe,2,giraffe,0.668296217918396
sketch/giraffe/n02439033_14580-7.png,sketch,2,giraffe,2,giraffe,0.9921872615814209
sketch/giraffe/n02439033_14580-8.png,sketch,2,giraffe,2,giraffe,0.7845637798309326
sketch/giraffe/n02439033_14580-9.png,sketch,2,giraffe,2,giraffe,0.9785504341125488
sketch/giraffe/n02439033_14600-1.png,sketch,2,giraffe,1,elephant,0.850608229637146
sketch/giraffe/n02439033_14600-2.png,sketch,2,giraffe,1,elephant,0.5288941860198975
sketch/giraffe/n02439033_14600-3.png,sketch,2,giraffe,1,elephant,0.48605164885520935
sketch/giraffe/n02439033_14600-4.png,sketch,2,giraffe,1,elephant,0.4784875810146332
sketch/giraffe/n02439033_14600-5.png,sketch,2,giraffe,5,house,0.4282899498939514
sketch/giraffe/n02439033_14600-6.png,sketch,2,giraffe,5,house,0.49729153513908386
sketch/giraffe/n02439033_14600-7.png,sketch,2,giraffe,2,giraffe,0.5683897137641907
sketch/giraffe/n02439033_14600-8.png,sketch,2,giraffe,1,elephant,0.7737888097763062
sketch/giraffe/n02439033_14600-9.png,sketch,2,giraffe,1,elephant,0.45596620440483093
sketch/giraffe/n02439033_14609-1.png,sketch,2,giraffe,2,giraffe,0.4693966507911682
sketch/giraffe/n02439033_14609-2.png,sketch,2,giraffe,1,elephant,0.4571298062801361
sketch/giraffe/n02439033_14609-3.png,sketch,2,giraffe,1,elephant,0.3895348608493805
sketch/giraffe/n02439033_14609-4.png,sketch,2,giraffe,2,giraffe,0.8657209873199463
sketch/giraffe/n02439033_14609-5.png,sketch,2,giraffe,2,giraffe,0.8040182590484619
sketch/giraffe/n02439033_14609-6.png,sketch,2,giraffe,2,giraffe,0.7250900268554688
sketch/giraffe/n02439033_14724-1.png,sketch,2,giraffe,2,giraffe,0.7686347961425781
sketch/giraffe/n02439033_14724-2.png,sketch,2,giraffe,2,giraffe,0.902787446975708
sketch/giraffe/n02439033_14724-3.png,sketch,2,giraffe,2,giraffe,0.6473273634910583
sketch/giraffe/n02439033_14724-4.png,sketch,2,giraffe,2,giraffe,0.9668601155281067
sketch/giraffe/n02439033_14724-5.png,sketch,2,giraffe,2,giraffe,0.9505771994590759
sketch/giraffe/n02439033_14764-1.png,sketch,2,giraffe,2,giraffe,0.7490623593330383
sketch/giraffe/n02439033_14764-2.png,sketch,2,giraffe,2,giraffe,0.7967614531517029
sketch/giraffe/n02439033_14764-3.png,sketch,2,giraffe,2,giraffe,0.5492438673973083
sketch/giraffe/n02439033_14764-4.png,sketch,2,giraffe,2,giraffe,0.6598649621009827
sketch/giraffe/n02439033_14764-5.png,sketch,2,giraffe,2,giraffe,0.938622772693634
sketch/giraffe/n02439033_14781-1.png,sketch,2,giraffe,2,giraffe,0.8970463871955872
sketch/giraffe/n02439033_14781-2.png,sketch,2,giraffe,2,giraffe,0.8139635324478149
sketch/giraffe/n02439033_14781-3.png,sketch,2,giraffe,2,giraffe,0.7037377953529358
sketch/giraffe/n02439033_14781-4.png,sketch,2,giraffe,2,giraffe,0.9726249575614929
sketch/giraffe/n02439033_14781-5.png,sketch,2,giraffe,2,giraffe,0.9914485812187195
sketch/giraffe/n02439033_14781-6.png,sketch,2,giraffe,2,giraffe,0.7637315988540649
sketch/giraffe/n02439033_14781-7.png,sketch,2,giraffe,2,giraffe,0.9478415250778198
sketch/giraffe/n02439033_14781-8.png,sketch,2,giraffe,2,giraffe,0.6477798819541931
sketch/giraffe/n02439033_14784-1.png,sketch,2,giraffe,2,giraffe,0.6968962550163269
sketch/giraffe/n02439033_14784-2.png,sketch,2,giraffe,5,house,0.46173039078712463
sketch/giraffe/n02439033_14784-3.png,sketch,2,giraffe,1,elephant,0.8431738615036011
sketch/giraffe/n02439033_14784-4.png,sketch,2,giraffe,2,giraffe,0.8682476878166199
sketch/giraffe/n02439033_14784-5.png,sketch,2,giraffe,2,giraffe,0.688934862613678
sketch/giraffe/n02439033_14784-6.png,sketch,2,giraffe,2,giraffe,0.40775951743125916
sketch/giraffe/n02439033_14846-1.png,sketch,2,giraffe,2,giraffe,0.9007745385169983
sketch/giraffe/n02439033_14846-2.png,sketch,2,giraffe,2,giraffe,0.9787899851799011
sketch/giraffe/n02439033_14846-3.png,sketch,2,giraffe,2,giraffe,0.9467289447784424
sketch/giraffe/n02439033_14846-4.png,sketch,2,giraffe,2,giraffe,0.9998249411582947
sketch/giraffe/n02439033_14846-5.png,sketch,2,giraffe,2,giraffe,0.9802901148796082
sketch/giraffe/n02439033_14846-6.png,sketch,2,giraffe,2,giraffe,0.9967045187950134
sketch/giraffe/n02439033_14846-7.png,sketch,2,giraffe,2,giraffe,0.9750978946685791
sketch/giraffe/n02439033_14846-8.png,sketch,2,giraffe,2,giraffe,0.9998061060905457
sketch/giraffe/n02439033_14872-1.png,sketch,2,giraffe,2,giraffe,0.9093332290649414
sketch/giraffe/n02439033_14872-2.png,sketch,2,giraffe,2,giraffe,0.9109438061714172
sketch/giraffe/n02439033_14872-3.png,sketch,2,giraffe,2,giraffe,0.6747025847434998
sketch/giraffe/n02439033_14872-4.png,sketch,2,giraffe,2,giraffe,0.761014997959137
sketch/giraffe/n02439033_14872-5.png,sketch,2,giraffe,2,giraffe,0.8500496745109558
sketch/giraffe/n02439033_14872-6.png,sketch,2,giraffe,2,giraffe,0.9844501614570618
sketch/giraffe/n02439033_14885-1.png,sketch,2,giraffe,4,horse,0.5026328563690186
sketch/giraffe/n02439033_14885-2.png,sketch,2,giraffe,1,elephant,0.3490559160709381
sketch/giraffe/n02439033_14885-3.png,sketch,2,giraffe,4,horse,0.5550941824913025
sketch/giraffe/n02439033_14885-4.png,sketch,2,giraffe,2,giraffe,0.434844046831131
sketch/giraffe/n02439033_14885-5.png,sketch,2,giraffe,2,giraffe,0.9010635614395142
sketch/giraffe/n02439033_14962-1.png,sketch,2,giraffe,2,giraffe,0.7123727202415466
sketch/giraffe/n02439033_14962-2.png,sketch,2,giraffe,1,elephant,0.394380122423172
sketch/giraffe/n02439033_14962-3.png,sketch,2,giraffe,2,giraffe,0.4805108308792114
sketch/giraffe/n02439033_14962-4.png,sketch,2,giraffe,2,giraffe,0.9112067222595215
sketch/giraffe/n02439033_14962-5.png,sketch,2,giraffe,1,elephant,0.7815940380096436
sketch/giraffe/n02439033_14962-6.png,sketch,2,giraffe,2,giraffe,0.9279743432998657
sketch/giraffe/n02439033_14962-7.png,sketch,2,giraffe,1,elephant,0.5085108876228333
sketch/giraffe/n02439033_15005-1.png,sketch,2,giraffe,2,giraffe,0.9166195392608643
sketch/giraffe/n02439033_15005-10.png,sketch,2,giraffe,2,giraffe,0.7362402677536011
sketch/giraffe/n02439033_15005-2.png,sketch,2,giraffe,5,house,0.4424991309642792
sketch/giraffe/n02439033_15005-3.png,sketch,2,giraffe,1,elephant,0.7703947424888611
sketch/giraffe/n02439033_15005-4.png,sketch,2,giraffe,2,giraffe,0.6512047052383423
sketch/giraffe/n02439033_15005-5.png,sketch,2,giraffe,2,giraffe,0.9956919550895691
sketch/giraffe/n02439033_15005-6.png,sketch,2,giraffe,2,giraffe,0.7624502182006836
sketch/giraffe/n02439033_15005-7.png,sketch,2,giraffe,2,giraffe,0.9037668108940125
sketch/giraffe/n02439033_15005-8.png,sketch,2,giraffe,2,giraffe,0.9986341595649719
sketch/giraffe/n02439033_15005-9.png,sketch,2,giraffe,2,giraffe,0.9300965666770935
sketch/giraffe/n02439033_1508-1.png,sketch,2,giraffe,2,giraffe,0.9903298616409302
sketch/giraffe/n02439033_1508-2.png,sketch,2,giraffe,2,giraffe,0.9248579740524292
sketch/giraffe/n02439033_1508-3.png,sketch,2,giraffe,2,giraffe,0.926345944404602
sketch/giraffe/n02439033_1508-4.png,sketch,2,giraffe,2,giraffe,0.945951521396637
sketch/giraffe/n02439033_1508-5.png,sketch,2,giraffe,2,giraffe,0.7221840023994446
sketch/giraffe/n02439033_1508-6.png,sketch,2,giraffe,2,giraffe,0.9982089996337891
sketch/giraffe/n02439033_1508-7.png,sketch,2,giraffe,2,giraffe,0.9972622394561768
sketch/giraffe/n02439033_1508-8.png,sketch,2,giraffe,2,giraffe,0.5611923336982727
sketch/giraffe/n02439033_1508-9.png,sketch,2,giraffe,2,giraffe,0.8133761286735535
sketch/giraffe/n02439033_15384-1.png,sketch,2,giraffe,5,house,0.42139628529548645
sketch/giraffe/n02439033_15384-2.png,sketch,2,giraffe,2,giraffe,0.956409215927124
sketch/giraffe/n02439033_15384-3.png,sketch,2,giraffe,5,house,0.5292494297027588
sketch/giraffe/n02439033_15384-4.png,sketch,2,giraffe,2,giraffe,0.4634944498538971
sketch/giraffe/n02439033_15384-5.png,sketch,2,giraffe,2,giraffe,0.9083602428436279
sketch/giraffe/n02439033_15401-1.png,sketch,2,giraffe,2,giraffe,0.8248419761657715
sketch/giraffe/n02439033_15401-2.png,sketch,2,giraffe,2,giraffe,0.9895580410957336
sketch/giraffe/n02439033_15401-3.png,sketch,2,giraffe,2,giraffe,0.4994107186794281
sketch/giraffe/n02439033_15401-4.png,sketch,2,giraffe,2,giraffe,0.7907789349555969
sketch/giraffe/n02439033_15401-5.png,sketch,2,giraffe,3,guitar,0.47370094060897827
sketch/giraffe/n02439033_15453-1.png,sketch,2,giraffe,2,giraffe,0.5819334387779236
sketch/giraffe/n02439033_15453-2.png,sketch,2,giraffe,2,giraffe,0.40871208906173706
sketch/giraffe/n02439033_15453-3.png,sketch,2,giraffe,2,giraffe,0.6523773670196533
sketch/giraffe/n02439033_15453-4.png,sketch,2,giraffe,2,giraffe,0.9827929735183716
sketch/giraffe/n02439033_15453-5.png,sketch,2,giraffe,2,giraffe,0.5874701738357544
sketch/giraffe/n02439033_15453-6.png,sketch,2,giraffe,2,giraffe,0.9626343250274658
sketch/giraffe/n02439033_15453-7.png,sketch,2,giraffe,2,giraffe,0.9716858863830566
sketch/giraffe/n02439033_15453-8.png,sketch,2,giraffe,2,giraffe,0.9993641972541809
sketch/giraffe/n02439033_15453-9.png,sketch,2,giraffe,2,giraffe,0.9985313415527344
sketch/giraffe/n02439033_15479-1.png,sketch,2,giraffe,2,giraffe,0.9407731294631958
sketch/giraffe/n02439033_15479-2.png,sketch,2,giraffe,2,giraffe,0.9793123006820679
sketch/giraffe/n02439033_15479-3.png,sketch,2,giraffe,2,giraffe,0.9973959922790527
sketch/giraffe/n02439033_15479-4.png,sketch,2,giraffe,2,giraffe,0.9780956506729126
sketch/giraffe/n02439033_15479-5.png,sketch,2,giraffe,2,giraffe,0.9924495220184326
sketch/giraffe/n02439033_15479-6.png,sketch,2,giraffe,2,giraffe,0.9993721842765808
sketch/giraffe/n02439033_15479-7.png,sketch,2,giraffe,2,giraffe,0.9823439121246338
sketch/giraffe/n02439033_15540-1.png,sketch,2,giraffe,2,giraffe,0.8779357075691223
sketch/giraffe/n02439033_15540-2.png,sketch,2,giraffe,2,giraffe,0.9812992215156555
sketch/giraffe/n02439033_15540-3.png,sketch,2,giraffe,2,giraffe,0.9979148507118225
sketch/giraffe/n02439033_15540-4.png,sketch,2,giraffe,2,giraffe,0.965001106262207
sketch/giraffe/n02439033_15540-5.png,sketch,2,giraffe,2,giraffe,0.9914054870605469
sketch/giraffe/n02439033_15540-6.png,sketch,2,giraffe,2,giraffe,0.9443303942680359
sketch/giraffe/n02439033_15555-1.png,sketch,2,giraffe,2,giraffe,0.6255913376808167
sketch/giraffe/n02439033_15555-2.png,sketch,2,giraffe,2,giraffe,0.9997277855873108
sketch/giraffe/n02439033_15555-3.png,sketch,2,giraffe,2,giraffe,0.9503083229064941
sketch/giraffe/n02439033_15555-4.png,sketch,2,giraffe,2,giraffe,0.981307864189148
sketch/giraffe/n02439033_15555-5.png,sketch,2,giraffe,2,giraffe,0.9976945519447327
sketch/giraffe/n02439033_15936-1.png,sketch,2,giraffe,2,giraffe,0.9872605800628662
sketch/giraffe/n02439033_15936-2.png,sketch,2,giraffe,2,giraffe,0.9894212484359741
sketch/giraffe/n02439033_15936-3.png,sketch,2,giraffe,2,giraffe,0.9910696744918823
sketch/giraffe/n02439033_15936-4.png,sketch,2,giraffe,2,giraffe,0.9566988348960876
sketch/giraffe/n02439033_15936-5.png,sketch,2,giraffe,2,giraffe,0.9864309430122375
sketch/giraffe/n02439033_15936-6.png,sketch,2,giraffe,2,giraffe,0.889636754989624
sketch/giraffe/n02439033_15936-7.png,sketch,2,giraffe,2,giraffe,0.9244030117988586
sketch/giraffe/n02439033_16085-1.png,sketch,2,giraffe,2,giraffe,0.8657789826393127
sketch/giraffe/n02439033_16085-2.png,sketch,2,giraffe,2,giraffe,0.44763365387916565
sketch/giraffe/n02439033_16085-3.png,sketch,2,giraffe,2,giraffe,0.9877871870994568
sketch/giraffe/n02439033_16085-4.png,sketch,2,giraffe,2,giraffe,0.988250732421875
sketch/giraffe/n02439033_16085-5.png,sketch,2,giraffe,2,giraffe,0.744812548160553
sketch/giraffe/n02439033_16356-1.png,sketch,2,giraffe,2,giraffe,0.6015232801437378
sketch/giraffe/n02439033_16356-2.png,sketch,2,giraffe,2,giraffe,0.9753172397613525
sketch/giraffe/n02439033_16356-3.png,sketch,2,giraffe,2,giraffe,0.9910287261009216
sketch/giraffe/n02439033_16356-4.png,sketch,2,giraffe,2,giraffe,0.9615532755851746
sketch/giraffe/n02439033_16356-5.png,sketch,2,giraffe,2,giraffe,0.7176034450531006
sketch/giraffe/n02439033_16483-1.png,sketch,2,giraffe,2,giraffe,0.9988272786140442
sketch/giraffe/n02439033_16483-2.png,sketch,2,giraffe,2,giraffe,0.6830968260765076
sketch/giraffe/n02439033_16483-3.png,sketch,2,giraffe,2,giraffe,0.9455037713050842
sketch/giraffe/n02439033_16483-4.png,sketch,2,giraffe,2,giraffe,0.9383068680763245
sketch/giraffe/n02439033_16483-5.png,sketch,2,giraffe,2,giraffe,0.9977957010269165
sketch/giraffe/n02439033_16483-6.png,sketch,2,giraffe,2,giraffe,0.667855978012085
sketch/giraffe/n02439033_221-1.png,sketch,2,giraffe,2,giraffe,0.9732624292373657
sketch/giraffe/n02439033_221-2.png,sketch,2,giraffe,2,giraffe,0.8928775787353516
sketch/giraffe/n02439033_221-3.png,sketch,2,giraffe,2,giraffe,0.995449960231781
sketch/giraffe/n02439033_221-4.png,sketch,2,giraffe,2,giraffe,0.9912390112876892
sketch/giraffe/n02439033_221-5.png,sketch,2,giraffe,4,horse,0.8427850008010864
sketch/giraffe/n02439033_221-6.png,sketch,2,giraffe,2,giraffe,0.9653631448745728
sketch/giraffe/n02439033_2486-1.png,sketch,2,giraffe,2,giraffe,0.9760476350784302
sketch/giraffe/n02439033_2486-2.png,sketch,2,giraffe,2,giraffe,0.8210904598236084
sketch/giraffe/n02439033_2486-3.png,sketch,2,giraffe,2,giraffe,0.995928943157196
sketch/giraffe/n02439033_2486-4.png,sketch,2,giraffe,2,giraffe,0.9884799122810364
sketch/giraffe/n02439033_2486-5.png,sketch,2,giraffe,2,giraffe,0.9809296131134033
sketch/giraffe/n02439033_2486-6.png,sketch,2,giraffe,2,giraffe,0.9617801308631897
sketch/giraffe/n02439033_2500-1.png,sketch,2,giraffe,2,giraffe,0.9344736933708191
sketch/giraffe/n02439033_2500-2.png,sketch,2,giraffe,2,giraffe,0.9975259900093079
sketch/giraffe/n02439033_2500-3.png,sketch,2,giraffe,2,giraffe,0.9913490414619446
sketch/giraffe/n02439033_2500-4.png,sketch,2,giraffe,2,giraffe,0.9466853141784668
sketch/giraffe/n02439033_2500-5.png,sketch,2,giraffe,2,giraffe,0.8846516013145447
sketch/giraffe/n02439033_2500-6.png,sketch,2,giraffe,2,giraffe,0.9619815349578857
sketch/giraffe/n02439033_2677-1.png,sketch,2,giraffe,2,giraffe,0.44705989956855774
sketch/giraffe/n02439033_2677-2.png,sketch,2,giraffe,2,giraffe,0.9592275619506836
sketch/giraffe/n02439033_2677-3.png,sketch,2,giraffe,2,giraffe,0.9199542999267578
sketch/giraffe/n02439033_2677-4.png,sketch,2,giraffe,2,giraffe,0.7087375521659851
sketch/giraffe/n02439033_2677-5.png,sketch,2,giraffe,2,giraffe,0.811612069606781
sketch/giraffe/n02439033_2677-6.png,sketch,2,giraffe,2,giraffe,0.9880971908569336
sketch/giraffe/n02439033_2677-7.png,sketch,2,giraffe,2,giraffe,0.9945639371871948
sketch/giraffe/n02439033_376-1.png,sketch,2,giraffe,1,elephant,0.7938292622566223
sketch/giraffe/n02439033_376-2.png,sketch,2,giraffe,1,elephant,0.6409460306167603
sketch/giraffe/n02439033_376-3.png,sketch,2,giraffe,1,elephant,0.8260263204574585
sketch/giraffe/n02439033_376-4.png,sketch,2,giraffe,2,giraffe,0.9298553466796875
sketch/giraffe/n02439033_376-5.png,sketch,2,giraffe,2,giraffe,0.9327395558357239
sketch/giraffe/n02439033_3944-1.png,sketch,2,giraffe,1,elephant,0.49607017636299133
sketch/giraffe/n02439033_3944-10.png,sketch,2,giraffe,1,elephant,0.6427378058433533
sketch/giraffe/n02439033_3944-2.png,sketch,2,giraffe,2,giraffe,0.853873610496521
sketch/giraffe/n02439033_3944-3.png,sketch,2,giraffe,1,elephant,0.7847007513046265
sketch/giraffe/n02439033_3944-4.png,sketch,2,giraffe,2,giraffe,0.9479484558105469
sketch/giraffe/n02439033_3944-5.png,sketch,2,giraffe,1,elephant,0.9698196053504944
sketch/giraffe/n02439033_3944-6.png,sketch,2,giraffe,2,giraffe,0.4016726016998291
sketch/giraffe/n02439033_3944-7.png,sketch,2,giraffe,1,elephant,0.49825337529182434
sketch/giraffe/n02439033_3944-8.png,sketch,2,giraffe,1,elephant,0.7983477115631104
sketch/giraffe/n02439033_3944-9.png,sketch,2,giraffe,1,elephant,0.8740509748458862
sketch/giraffe/n02439033_4601-1.png,sketch,2,giraffe,2,giraffe,0.9430105686187744
sketch/giraffe/n02439033_4601-2.png,sketch,2,giraffe,2,giraffe,0.9993378520011902
sketch/giraffe/n02439033_4601-3.png,sketch,2,giraffe,2,giraffe,0.9975144863128662
sketch/giraffe/n02439033_4601-4.png,sketch,2,giraffe,5,house,0.7507896423339844
sketch/giraffe/n02439033_4601-5.png,sketch,2,giraffe,2,giraffe,0.9650144577026367
sketch/giraffe/n02439033_5004-1.png,sketch,2,giraffe,2,giraffe,0.914936363697052
sketch/giraffe/n02439033_5004-2.png,sketch,2,giraffe,2,giraffe,0.9299684166908264
sketch/giraffe/n02439033_5004-3.png,sketch,2,giraffe,2,giraffe,0.9780802726745605
sketch/giraffe/n02439033_5004-4.png,sketch,2,giraffe,2,giraffe,0.7897053360939026
sketch/giraffe/n02439033_5004-5.png,sketch,2,giraffe,2,giraffe,0.4192172586917877
sketch/giraffe/n02439033_5004-6.png,sketch,2,giraffe,2,giraffe,0.882926881313324
sketch/giraffe/n02439033_5004-7.png,sketch,2,giraffe,2,giraffe,0.8958057165145874
sketch/giraffe/n02439033_5004-8.png,sketch,2,giraffe,1,elephant,0.3575160801410675
sketch/giraffe/n02439033_5652-1.png,sketch,2,giraffe,2,giraffe,0.9905840158462524
sketch/giraffe/n02439033_5652-2.png,sketch,2,giraffe,2,giraffe,0.7439489960670471
sketch/giraffe/n02439033_5652-3.png,sketch,2,giraffe,2,giraffe,0.4175618588924408
sketch/giraffe/n02439033_5652-4.png,sketch,2,giraffe,2,giraffe,0.3451150357723236
sketch/giraffe/n02439033_5652-5.png,sketch,2,giraffe,1,elephant,0.9295560717582703
sketch/giraffe/n02439033_569-1.png,sketch,2,giraffe,2,giraffe,0.8009782433509827
sketch/giraffe/n02439033_569-2.png,sketch,2,giraffe,2,giraffe,0.5063182711601257
sketch/giraffe/n02439033_569-3.png,sketch,2,giraffe,2,giraffe,0.8255221843719482
sketch/giraffe/n02439033_569-4.png,sketch,2,giraffe,2,giraffe,0.5338860750198364
sketch/giraffe/n02439033_569-5.png,sketch,2,giraffe,2,giraffe,0.9761840105056763
sketch/giraffe/n02439033_628-1.png,sketch,2,giraffe,2,giraffe,0.9922617673873901
sketch/giraffe/n02439033_628-10.png,sketch,2,giraffe,2,giraffe,0.9469303488731384
sketch/giraffe/n02439033_628-2.png,sketch,2,giraffe,2,giraffe,0.5819932222366333
sketch/giraffe/n02439033_628-3.png,sketch,2,giraffe,2,giraffe,0.9300664663314819
sketch/giraffe/n02439033_628-4.png,sketch,2,giraffe,2,giraffe,0.7976220846176147
sketch/giraffe/n02439033_628-5.png,sketch,2,giraffe,2,giraffe,0.8882496953010559
sketch/giraffe/n02439033_628-6.png,sketch,2,giraffe,2,giraffe,0.5479093194007874
sketch/giraffe/n02439033_628-7.png,sketch,2,giraffe,2,giraffe,0.8949182033538818
sketch/giraffe/n02439033_628-8.png,sketch,2,giraffe,5,house,0.7276471853256226
sketch/giraffe/n02439033_628-9.png,sketch,2,giraffe,2,giraffe,0.9826598167419434
sketch/giraffe/n02439033_6552-1.png,sketch,2,giraffe,2,giraffe,0.9339666962623596
sketch/giraffe/n02439033_6552-2.png,sketch,2,giraffe,2,giraffe,0.9730958938598633
sketch/giraffe/n02439033_6552-3.png,sketch,2,giraffe,2,giraffe,0.9573342800140381
sketch/giraffe/n02439033_6552-4.png,sketch,2,giraffe,2,giraffe,0.9671134948730469
sketch/giraffe/n02439033_6552-5.png,sketch,2,giraffe,2,giraffe,0.6949585676193237
sketch/giraffe/n02439033_67-1.png,sketch,2,giraffe,2,giraffe,0.976161777973175
sketch/giraffe/n02439033_67-2.png,sketch,2,giraffe,2,giraffe,0.8709372282028198
sketch/giraffe/n02439033_67-3.png,sketch,2,giraffe,2,giraffe,0.9903361797332764
sketch/giraffe/n02439033_67-4.png,sketch,2,giraffe,2,giraffe,0.9858586192131042
sketch/giraffe/n02439033_67-5.png,sketch,2,giraffe,2,giraffe,0.984844982624054
sketch/giraffe/n02439033_67-6.png,sketch,2,giraffe,2,giraffe,0.9998770952224731
sketch/giraffe/n02439033_67-7.png,sketch,2,giraffe,2,giraffe,0.9998551607131958
sketch/giraffe/n02439033_866-1.png,sketch,2,giraffe,2,giraffe,0.8897151350975037
sketch/giraffe/n02439033_866-2.png,sketch,2,giraffe,2,giraffe,0.9018308520317078
sketch/giraffe/n02439033_866-3.png,sketch,2,giraffe,2,giraffe,0.7214015126228333
sketch/giraffe/n02439033_866-4.png,sketch,2,giraffe,2,giraffe,0.4220466613769531
sketch/giraffe/n02439033_866-5.png,sketch,2,giraffe,2,giraffe,0.9704266786575317
sketch/giraffe/n02439033_866-6.png,sketch,2,giraffe,2,giraffe,0.9080951809883118
sketch/giraffe/n02439033_8789-1.png,sketch,2,giraffe,2,giraffe,0.9956478476524353
sketch/giraffe/n02439033_8789-2.png,sketch,2,giraffe,2,giraffe,0.968139111995697
sketch/giraffe/n02439033_8789-3.png,sketch,2,giraffe,2,giraffe,0.9283871054649353
sketch/giraffe/n02439033_8789-4.png,sketch,2,giraffe,2,giraffe,0.5991726517677307
sketch/giraffe/n02439033_8789-5.png,sketch,2,giraffe,2,giraffe,0.9967579245567322
sketch/giraffe/n02439033_8846-1.png,sketch,2,giraffe,2,giraffe,0.700644850730896
sketch/giraffe/n02439033_8846-10.png,sketch,2,giraffe,2,giraffe,0.9793647527694702
sketch/giraffe/n02439033_8846-11.png,sketch,2,giraffe,4,horse,0.48688027262687683
sketch/giraffe/n02439033_8846-12.png,sketch,2,giraffe,2,giraffe,0.8199928998947144
sketch/giraffe/n02439033_8846-13.png,sketch,2,giraffe,2,giraffe,0.9278753399848938
sketch/giraffe/n02439033_8846-2.png,sketch,2,giraffe,2,giraffe,0.6138520240783691
sketch/giraffe/n02439033_8846-3.png,sketch,2,giraffe,2,giraffe,0.8836557865142822
sketch/giraffe/n02439033_8846-4.png,sketch,2,giraffe,5,house,0.4749102294445038
sketch/giraffe/n02439033_8846-5.png,sketch,2,giraffe,5,house,0.36450037360191345
sketch/giraffe/n02439033_8846-6.png,sketch,2,giraffe,1,elephant,0.5835557579994202
sketch/giraffe/n02439033_8846-7.png,sketch,2,giraffe,2,giraffe,0.6307476162910461
sketch/giraffe/n02439033_8846-8.png,sketch,2,giraffe,2,giraffe,0.993950605392456
sketch/giraffe/n02439033_8846-9.png,sketch,2,giraffe,2,giraffe,0.9157714247703552
sketch/giraffe/n02439033_8875-1.png,sketch,2,giraffe,2,giraffe,0.9799618721008301
sketch/giraffe/n02439033_8875-2.png,sketch,2,giraffe,1,elephant,0.41476914286613464
sketch/giraffe/n02439033_8875-3.png,sketch,2,giraffe,1,elephant,0.43690916895866394
sketch/giraffe/n02439033_8875-4.png,sketch,2,giraffe,5,house,0.8078808188438416
sketch/giraffe/n02439033_8875-5.png,sketch,2,giraffe,2,giraffe,0.4172177314758301
sketch/giraffe/n02439033_8875-6.png,sketch,2,giraffe,1,elephant,0.4783374071121216
sketch/giraffe/n02439033_8875-7.png,sketch,2,giraffe,1,elephant,0.451067179441452
sketch/giraffe/n02439033_8875-8.png,sketch,2,giraffe,5,house,0.6921446323394775
sketch/giraffe/n02439033_9257-1.png,sketch,2,giraffe,2,giraffe,0.9908145070075989
sketch/giraffe/n02439033_9257-2.png,sketch,2,giraffe,2,giraffe,0.9863495230674744
sketch/giraffe/n02439033_9257-3.png,sketch,2,giraffe,2,giraffe,0.8567488789558411
sketch/giraffe/n02439033_9257-4.png,sketch,2,giraffe,2,giraffe,0.552732527256012
sketch/giraffe/n02439033_9257-5.png,sketch,2,giraffe,2,giraffe,0.44364672899246216
sketch/giraffe/n02439033_9257-6.png,sketch,2,giraffe,2,giraffe,0.9469878673553467
sketch/giraffe/n02439033_9261-1.png,sketch,2,giraffe,2,giraffe,0.4859677851200104
sketch/giraffe/n02439033_9261-2.png,sketch,2,giraffe,2,giraffe,0.5823885202407837
sketch/giraffe/n02439033_9261-3.png,sketch,2,giraffe,2,giraffe,0.7928070425987244
sketch/giraffe/n02439033_9261-4.png,sketch,2,giraffe,2,giraffe,0.8921587467193604
sketch/giraffe/n02439033_9261-5.png,sketch,2,giraffe,2,giraffe,0.9910525679588318
sketch/giraffe/n02439033_9398-1.png,sketch,2,giraffe,2,giraffe,0.5519362688064575
sketch/giraffe/n02439033_9398-2.png,sketch,2,giraffe,2,giraffe,0.5112317800521851
sketch/giraffe/n02439033_9398-3.png,sketch,2,giraffe,2,giraffe,0.8233760595321655
sketch/giraffe/n02439033_9398-4.png,sketch,2,giraffe,2,giraffe,0.9873627424240112
sketch/giraffe/n02439033_9398-5.png,sketch,2,giraffe,2,giraffe,0.9563790559768677
sketch/giraffe/n02439033_9398-6.png,sketch,2,giraffe,2,giraffe,0.9698734283447266
sketch/giraffe/n02439033_9472-1.png,sketch,2,giraffe,2,giraffe,0.9921407699584961
sketch/giraffe/n02439033_9472-10.png,sketch,2,giraffe,2,giraffe,0.711970865726471
sketch/giraffe/n02439033_9472-2.png,sketch,2,giraffe,2,giraffe,0.7928789258003235
sketch/giraffe/n02439033_9472-3.png,sketch,2,giraffe,2,giraffe,0.9043416380882263
sketch/giraffe/n02439033_9472-4.png,sketch,2,giraffe,2,giraffe,0.9796687960624695
sketch/giraffe/n02439033_9472-5.png,sketch,2,giraffe,2,giraffe,0.9404851198196411
sketch/giraffe/n02439033_9472-6.png,sketch,2,giraffe,2,giraffe,0.9297755360603333
sketch/giraffe/n02439033_9472-7.png,sketch,2,giraffe,2,giraffe,0.8565057516098022
sketch/giraffe/n02439033_9472-8.png,sketch,2,giraffe,2,giraffe,0.9998759031295776
sketch/giraffe/n02439033_9472-9.png,sketch,2,giraffe,2,giraffe,0.999936580657959
sketch/giraffe/n02439033_9598-1.png,sketch,2,giraffe,2,giraffe,0.737740695476532
sketch/giraffe/n02439033_9598-10.png,sketch,2,giraffe,5,house,0.4138677418231964
sketch/giraffe/n02439033_9598-2.png,sketch,2,giraffe,2,giraffe,0.8312005400657654
sketch/giraffe/n02439033_9598-3.png,sketch,2,giraffe,2,giraffe,0.5124928951263428
sketch/giraffe/n02439033_9598-4.png,sketch,2,giraffe,4,horse,0.4790872037410736
sketch/giraffe/n02439033_9598-5.png,sketch,2,giraffe,2,giraffe,0.3988008201122284
sketch/giraffe/n02439033_9598-6.png,sketch,2,giraffe,1,elephant,0.7754063010215759
sketch/giraffe/n02439033_9598-7.png,sketch,2,giraffe,2,giraffe,0.5369934439659119
sketch/giraffe/n02439033_9598-8.png,sketch,2,giraffe,2,giraffe,0.4107438623905182
sketch/giraffe/n02439033_9598-9.png,sketch,2,giraffe,6,person,0.8349279761314392
sketch/giraffe/n02439033_9604-1.png,sketch,2,giraffe,2,giraffe,0.6159740686416626
sketch/giraffe/n02439033_9604-2.png,sketch,2,giraffe,2,giraffe,0.8253086805343628
sketch/giraffe/n02439033_9604-3.png,sketch,2,giraffe,2,giraffe,0.8425479531288147
sketch/giraffe/n02439033_9604-4.png,sketch,2,giraffe,2,giraffe,0.6587101817131042
sketch/giraffe/n02439033_9604-5.png,sketch,2,giraffe,2,giraffe,0.3893396854400635
sketch/giraffe/n02439033_9679-1.png,sketch,2,giraffe,2,giraffe,0.976865291595459
sketch/giraffe/n02439033_9679-2.png,sketch,2,giraffe,2,giraffe,0.9401633143424988
sketch/giraffe/n02439033_9679-3.png,sketch,2,giraffe,2,giraffe,0.4200715124607086
sketch/giraffe/n02439033_9679-4.png,sketch,2,giraffe,5,house,0.48485785722732544
sketch/giraffe/n02439033_9679-5.png,sketch,2,giraffe,2,giraffe,0.9985857009887695
sketch/giraffe/n02439033_9719-1.png,sketch,2,giraffe,1,elephant,0.6055707931518555
sketch/giraffe/n02439033_9719-2.png,sketch,2,giraffe,2,giraffe,0.9272966384887695
sketch/giraffe/n02439033_9719-3.png,sketch,2,giraffe,5,house,0.43526318669319153
sketch/giraffe/n02439033_9719-4.png,sketch,2,giraffe,2,giraffe,0.8593437075614929
sketch/giraffe/n02439033_9719-5.png,sketch,2,giraffe,5,house,0.63703852891922
sketch/giraffe/n02439033_9719-6.png,sketch,2,giraffe,5,house,0.7224950194358826
sketch/giraffe/n02439033_9719-7.png,sketch,2,giraffe,4,horse,0.617797315120697
sketch/giraffe/n02439033_9719-8.png,sketch,2,giraffe,4,horse,0.48118698596954346
sketch/giraffe/n02439033_9719-9.png,sketch,2,giraffe,5,house,0.4463500380516052
sketch/giraffe/n02439033_991-1.png,sketch,2,giraffe,1,elephant,0.7534446120262146
sketch/giraffe/n02439033_991-2.png,sketch,2,giraffe,1,elephant,0.6571823358535767
sketch/giraffe/n02439033_991-3.png,sketch,2,giraffe,1,elephant,0.6944336891174316
sketch/giraffe/n02439033_991-4.png,sketch,2,giraffe,1,elephant,0.718095600605011
sketch/giraffe/n02439033_991-5.png,sketch,2,giraffe,1,elephant,0.915084183216095
sketch/giraffe/n02439033_991-6.png,sketch,2,giraffe,1,elephant,0.9448516964912415
sketch/giraffe/n02439033_991-7.png,sketch,2,giraffe,1,elephant,0.8989328742027283
sketch/giraffe/n02439033_991-8.png,sketch,2,giraffe,1,elephant,0.6074222326278687
sketch/giraffe/n02439033_991-9.png,sketch,2,giraffe,1,elephant,0.9122188687324524
sketch/guitar/7601.png,sketch,3,guitar,2,giraffe,0.41833803057670593
sketch/guitar/7602.png,sketch,3,guitar,1,elephant,0.3195049464702606
sketch/guitar/7603.png,sketch,3,guitar,1,elephant,0.7874085307121277
sketch/guitar/7604.png,sketch,3,guitar,1,elephant,0.5035669207572937
sketch/guitar/7605.png,sketch,3,guitar,3,guitar,0.6989307403564453
sketch/guitar/7606.png,sketch,3,guitar,3,guitar,0.9985176920890808
sketch/guitar/7607.png,sketch,3,guitar,3,guitar,0.5682275295257568
sketch/guitar/7608.png,sketch,3,guitar,3,guitar,0.922035813331604
sketch/guitar/7609.png,sketch,3,guitar,1,elephant,0.504334032535553
sketch/guitar/7610.png,sketch,3,guitar,1,elephant,0.4104273021221161
sketch/guitar/7611.png,sketch,3,guitar,3,guitar,0.9718870520591736
sketch/guitar/7612.png,sketch,3,guitar,3,guitar,0.8145245313644409
sketch/guitar/7613.png,sketch,3,guitar,3,guitar,0.9909805655479431
sketch/guitar/7614.png,sketch,3,guitar,1,elephant,0.5530067682266235
sketch/guitar/7615.png,sketch,3,guitar,3,guitar,0.8665337562561035
sketch/guitar/7616.png,sketch,3,guitar,3,guitar,0.37611356377601624
sketch/guitar/7617.png,sketch,3,guitar,1,elephant,0.8047060370445251
sketch/guitar/7618.png,sketch,3,guitar,2,giraffe,0.3291034698486328
sketch/guitar/7619.png,sketch,3,guitar,3,guitar,0.47067785263061523
sketch/guitar/7620.png,sketch,3,guitar,2,giraffe,0.34949660301208496
sketch/guitar/7621.png,sketch,3,guitar,3,guitar,0.8703447580337524
sketch/guitar/7622.png,sketch,3,guitar,3,guitar,0.652077853679657
sketch/guitar/7623.png,sketch,3,guitar,2,giraffe,0.8427528142929077
sketch/guitar/7624.png,sketch,3,guitar,3,guitar,0.7881503105163574
sketch/guitar/7625.png,sketch,3,guitar,3,guitar,0.6617180705070496
sketch/guitar/7626.png,sketch,3,guitar,2,giraffe,0.6502092480659485
sketch/guitar/7627.png,sketch,3,guitar,2,giraffe,0.4156982898712158
sketch/guitar/7628.png,sketch,3,guitar,3,guitar,0.9733870625495911
sketch/guitar/7629.png,sketch,3,guitar,1,elephant,0.9089384078979492
sketch/guitar/7630.png,sketch,3,guitar,2,giraffe,0.5813972353935242
sketch/guitar/7631.png,sketch,3,guitar,3,guitar,0.9888907670974731
sketch/guitar/7632.png,sketch,3,guitar,3,guitar,0.91217041015625
sketch/guitar/7633.png,sketch,3,guitar,2,giraffe,0.48694875836372375
sketch/guitar/7634.png,sketch,3,guitar,3,guitar,0.996960461139679
sketch/guitar/7635.png,sketch,3,guitar,3,guitar,0.4260644316673279
sketch/guitar/7636.png,sketch,3,guitar,5,house,0.8284100890159607
sketch/guitar/7637.png,sketch,3,guitar,3,guitar,0.8215343952178955
sketch/guitar/7638.png,sketch,3,guitar,2,giraffe,0.3393065929412842
sketch/guitar/7639.png,sketch,3,guitar,3,guitar,0.5818852186203003
sketch/guitar/7640.png,sketch,3,guitar,3,guitar,0.5790107250213623
sketch/guitar/7641.png,sketch,3,guitar,1,elephant,0.5080267190933228
sketch/guitar/7642.png,sketch,3,guitar,3,guitar,0.7611912488937378
sketch/guitar/7643.png,sketch,3,guitar,1,elephant,0.4485657215118408
sketch/guitar/7644.png,sketch,3,guitar,2,giraffe,0.47493886947631836
sketch/guitar/7645.png,sketch,3,guitar,3,guitar,0.7679311633110046
sketch/guitar/7646.png,sketch,3,guitar,1,elephant,0.8336928486824036
sketch/guitar/7647.png,sketch,3,guitar,1,elephant,0.6902212500572205
sketch/guitar/7648.png,sketch,3,guitar,3,guitar,0.47051721811294556
sketch/guitar/7649.png,sketch,3,guitar,1,elephant,0.9680485129356384
sketch/guitar/7650.png,sketch,3,guitar,1,elephant,0.44450825452804565
sketch/guitar/7651.png,sketch,3,guitar,3,guitar,0.988436222076416
sketch/guitar/7652.png,sketch,3,guitar,5,house,0.5513574481010437
sketch/guitar/7653.png,sketch,3,guitar,1,elephant,0.9061890840530396
sketch/guitar/7654.png,sketch,3,guitar,2,giraffe,0.5077486634254456
sketch/guitar/7655.png,sketch,3,guitar,3,guitar,0.7120145559310913
sketch/guitar/7656.png,sketch,3,guitar,1,elephant,0.635341227054596
sketch/guitar/7657.png,sketch,3,guitar,3,guitar,0.9341104626655579
sketch/guitar/7658.png,sketch,3,guitar,2,giraffe,0.5159645676612854
sketch/guitar/7659.png,sketch,3,guitar,2,giraffe,0.7058525085449219
sketch/guitar/7660.png,sketch,3,guitar,1,elephant,0.8728057742118835
sketch/guitar/7661.png,sketch,3,guitar,1,elephant,0.7617789506912231
sketch/guitar/7662.png,sketch,3,guitar,1,elephant,0.47753629088401794
sketch/guitar/7663.png,sketch,3,guitar,1,elephant,0.8105466961860657
sketch/guitar/7664.png,sketch,3,guitar,3,guitar,0.3986394703388214
sketch/guitar/7665.png,sketch,3,guitar,3,guitar,0.754543662071228
sketch/guitar/7666.png,sketch,3,guitar,3,guitar,0.9513373374938965
sketch/guitar/7667.png,sketch,3,guitar,2,giraffe,0.39080166816711426
sketch/guitar/7668.png,sketch,3,guitar,1,elephant,0.5696598887443542
sketch/guitar/7669.png,sketch,3,guitar,2,giraffe,0.5268121361732483
sketch/guitar/7670.png,sketch,3,guitar,3,guitar,0.7990350723266602
sketch/guitar/7671.png,sketch,3,guitar,2,giraffe,0.42104941606521606
sketch/guitar/7672.png,sketch,3,guitar,3,guitar,0.6083720922470093
sketch/guitar/7673.png,sketch,3,guitar,3,guitar,0.9644048810005188
sketch/guitar/7674.png,sketch,3,guitar,1,elephant,0.5128987431526184
sketch/guitar/7675.png,sketch,3,guitar,3,guitar,0.7706606984138489
sketch/guitar/7676.png,sketch,3,guitar,3,guitar,0.9198678731918335
sketch/guitar/7677.png,sketch,3,guitar,1,elephant,0.6247186064720154
sketch/guitar/7678.png,sketch,3,guitar,2,giraffe,0.7724477648735046
sketch/guitar/7679.png,sketch,3,guitar,3,guitar,0.9051381945610046
sketch/guitar/7680.png,sketch,3,guitar,1,elephant,0.6894823908805847
sketch/guitar/n02676566_11377-1.png,sketch,3,guitar,1,elephant,0.6359937787055969
sketch/guitar/n02676566_11377-2.png,sketch,3,guitar,3,guitar,0.88149094581604
sketch/guitar/n02676566_11377-3.png,sketch,3,guitar,3,guitar,0.9996925592422485
sketch/guitar/n02676566_11377-4.png,sketch,3,guitar,3,guitar,0.9997654557228088
sketch/guitar/n02676566_11377-5.png,sketch,3,guitar,3,guitar,0.800078272819519
sketch/guitar/n02676566_11573-1.png,sketch,3,guitar,3,guitar,0.9656273126602173
sketch/guitar/n02676566_11573-2.png,sketch,3,guitar,3,guitar,0.9292993545532227
sketch/guitar/n02676566_11573-3.png,sketch,3,guitar,3,guitar,0.9973504543304443
sketch/guitar/n02676566_11573-4.png,sketch,3,guitar,1,elephant,0.9380736351013184
sketch/guitar/n02676566_11573-5.png,sketch,3,guitar,3,guitar,0.9409090876579285
sketch/guitar/n02676566_12344-1.png,sketch,3,guitar,3,guitar,0.9997023940086365
sketch/guitar/n02676566_12344-2.png,sketch,3,guitar,3,guitar,0.9163914322853088
sketch/guitar/n02676566_12344-3.png,sketch,3,guitar,3,guitar,0.6868990063667297
sketch/guitar/n02676566_12344-4.png,sketch,3,guitar,2,giraffe,0.5796399116516113
sketch/guitar/n02676566_12344-5.png,sketch,3,guitar,3,guitar,0.9557577967643738
sketch/guitar/n02676566_1324-1.png,sketch,3,guitar,3,guitar,0.9906275272369385
sketch/guitar/n02676566_1324-2.png,sketch,3,guitar,3,guitar,0.9979069232940674
sketch/guitar/n02676566_1324-3.png,sketch,3,guitar,3,guitar,0.9480893015861511
sketch/guitar/n02676566_1324-4.png,sketch,3,guitar,3,guitar,0.9978392720222473
sketch/guitar/n02676566_1324-5.png,sketch,3,guitar,3,guitar,0.995280921459198
sketch/guitar/n02676566_2380-1.png,sketch,3,guitar,3,guitar,0.917410671710968
sketch/guitar/n02676566_2380-2.png,sketch,3,guitar,3,guitar,0.9976593255996704
sketch/guitar/n02676566_2380-3.png,sketch,3,guitar,3,guitar,0.9753890037536621
sketch/guitar/n02676566_2380-4.png,sketch,3,guitar,3,guitar,0.9994547963142395
sketch/guitar/n02676566_2380-5.png,sketch,3,guitar,3,guitar,0.999868631362915
sketch/guitar/n02676566_2866-1.png,sketch,3,guitar,1,elephant,0.6591295003890991
sketch/guitar/n02676566_2866-2.png,sketch,3,guitar,3,guitar,0.9965872764587402
sketch/guitar/n02676566_2866-3.png,sketch,3,guitar,3,guitar,0.9750627279281616
sketch/guitar/n02676566_2866-4.png,sketch,3,guitar,3,guitar,0.9999866485595703
sketch/guitar/n02676566_2866-5.png,sketch,3,guitar,3,guitar,0.5259716510772705
sketch/guitar/n02676566_307-1.png,sketch,3,guitar,3,guitar,0.6313045620918274
sketch/guitar/n02676566_307-2.png,sketch,3,guitar,3,guitar,0.7556977272033691
sketch/guitar/n02676566_307-3.png,sketch,3,guitar,3,guitar,0.9969509840011597
sketch/guitar/n02676566_307-4.png,sketch,3,guitar,3,guitar,0.9577298164367676
sketch/guitar/n02676566_307-5.png,sketch,3,guitar,3,guitar,0.9973905682563782
sketch/guitar/n02676566_330-1.png,sketch,3,guitar,3,guitar,0.9923421740531921
sketch/guitar/n02676566_330-2.png,sketch,3,guitar,3,guitar,0.999580442905426
sketch/guitar/n02676566_330-3.png,sketch,3,guitar,3,guitar,0.9140251278877258
sketch/guitar/n02676566_330-4.png,sketch,3,guitar,3,guitar,0.9977593421936035
sketch/guitar/n02676566_330-5.png,sketch,3,guitar,3,guitar,0.9012097120285034
sketch/guitar/n02676566_330-6.png,sketch,3,guitar,3,guitar,0.9951274394989014
sketch/guitar/n02676566_3360-1.png,sketch,3,guitar,3,guitar,0.9370175004005432
sketch/guitar/n02676566_3360-2.png,sketch,3,guitar,3,guitar,0.9962220191955566
sketch/guitar/n02676566_3360-3.png,sketch,3,guitar,2,giraffe,0.6314773559570312
sketch/guitar/n02676566_3360-4.png,sketch,3,guitar,3,guitar,0.8661327958106995
sketch/guitar/n02676566_3360-5.png,sketch,3,guitar,3,guitar,0.6115184426307678
sketch/guitar/n02676566_3360-6.png,sketch,3,guitar,3,guitar,0.9911086559295654
sketch/guitar/n02676566_4058-1.png,sketch,3,guitar,1,elephant,0.8214869499206543
sketch/guitar/n02676566_4058-2.png,sketch,3,guitar,1,elephant,0.9872344136238098
sketch/guitar/n02676566_4058-3.png,sketch,3,guitar,1,elephant,0.8217045068740845
sketch/guitar/n02676566_4058-4.png,sketch,3,guitar,3,guitar,0.8725357055664062
sketch/guitar/n02676566_4058-5.png,sketch,3,guitar,3,guitar,0.9995765089988708
sketch/guitar/n02676566_4058-6.png,sketch,3,guitar,1,elephant,0.994640052318573
sketch/guitar/n02676566_4189-1.png,sketch,3,guitar,3,guitar,0.9430443048477173
sketch/guitar/n02676566_4189-2.png,sketch,3,guitar,3,guitar,0.999671459197998
sketch/guitar/n02676566_4189-3.png,sketch,3,guitar,3,guitar,0.9723019599914551
sketch/guitar/n02676566_4189-4.png,sketch,3,guitar,3,guitar,0.9997972846031189
sketch/guitar/n02676566_4189-5.png,sketch,3,guitar,3,guitar,0.9995589852333069
sketch/guitar/n02676566_4469-1.png,sketch,3,guitar,3,guitar,0.9592545628547668
sketch/guitar/n02676566_4469-2.png,sketch,3,guitar,3,guitar,0.7360125780105591
sketch/guitar/n02676566_4469-3.png,sketch,3,guitar,3,guitar,0.9013913869857788
sketch/guitar/n02676566_4469-4.png,sketch,3,guitar,3,guitar,0.9836421012878418
sketch/guitar/n02676566_4469-5.png,sketch,3,guitar,3,guitar,0.9251648187637329
sketch/guitar/n02676566_4605-1.png,sketch,3,guitar,2,giraffe,0.7723796367645264
sketch/guitar/n02676566_4605-2.png,sketch,3,guitar,3,guitar,0.5687749981880188
sketch/guitar/n02676566_4605-3.png,sketch,3,guitar,2,giraffe,0.6081719994544983
sketch/guitar/n02676566_4605-4.png,sketch,3,guitar,2,giraffe,0.5376539826393127
sketch/guitar/n02676566_4605-5.png,sketch,3,guitar,2,giraffe,0.9247449040412903
sketch/guitar/n02676566_4605-6.png,sketch,3,guitar,2,giraffe,0.7210756540298462
sketch/guitar/n02676566_4699-1.png,sketch,3,guitar,3,guitar,0.9979630708694458
sketch/guitar/n02676566_4699-2.png,sketch,3,guitar,3,guitar,0.8925536274909973
sketch/guitar/n02676566_4699-3.png,sketch,3,guitar,3,guitar,0.9784854650497437
sketch/guitar/n02676566_4699-4.png,sketch,3,guitar,3,guitar,0.9460208415985107
sketch/guitar/n02676566_4699-5.png,sketch,3,guitar,3,guitar,0.9501479268074036
sketch/guitar/n02676566_5134-1.png,sketch,3,guitar,1,elephant,0.5684752464294434
sketch/guitar/n02676566_5134-2.png,sketch,3,guitar,3,guitar,0.9994704127311707
sketch/guitar/n02676566_5134-3.png,sketch,3,guitar,3,guitar,0.981268584728241
sketch/guitar/n02676566_5134-4.png,sketch,3,guitar,3,guitar,0.9869689345359802
sketch/guitar/n02676566_5134-5.png,sketch,3,guitar,3,guitar,0.6806768178939819
sketch/guitar/n02676566_5489-1.png,sketch,3,guitar,3,guitar,0.9817687273025513
sketch/guitar/n02676566_5489-2.png,sketch,3,guitar,3,guitar,0.972910463809967
sketch/guitar/n02676566_5489-3.png,sketch,3,guitar,3,guitar,0.7481573224067688
sketch/guitar/n02676566_5489-4.png,sketch,3,guitar,2,giraffe,0.702277660369873
sketch/guitar/n02676566_5489-5.png,sketch,3,guitar,2,giraffe,0.5551507472991943
sketch/guitar/n02676566_5489-6.png,sketch,3,guitar,3,guitar,0.9884786009788513
sketch/guitar/n02676566_5489-7.png,sketch,3,guitar,3,guitar,0.9470939636230469
sketch/guitar/n02676566_5735-1.png,sketch,3,guitar,3,guitar,0.9999841451644897
sketch/guitar/n02676566_5735-2.png,sketch,3,guitar,3,guitar,0.9999809265136719
sketch/guitar/n02676566_5735-3.png,sketch,3,guitar,3,guitar,0.9998812675476074
sketch/guitar/n02676566_5735-4.png,sketch,3,guitar,2,giraffe,0.5454331636428833
sketch/guitar/n02676566_5735-5.png,sketch,3,guitar,3,guitar,0.9997352957725525
sketch/guitar/n02676566_6150-1.png,sketch,3,guitar,3,guitar,0.9990641474723816
sketch/guitar/n02676566_6150-2.png,sketch,3,guitar,3,guitar,0.9970698356628418
sketch/guitar/n02676566_6150-3.png,sketch,3,guitar,3,guitar,0.7190610766410828
sketch/guitar/n02676566_6150-4.png,sketch,3,guitar,3,guitar,0.9593449234962463
sketch/guitar/n02676566_6150-5.png,sketch,3,guitar,3,guitar,0.9536797404289246
sketch/guitar/n02676566_6402-1.png,sketch,3,guitar,3,guitar,0.9909433722496033
sketch/guitar/n02676566_6402-2.png,sketch,3,guitar,3,guitar,0.9997063279151917
sketch/guitar/n02676566_6402-3.png,sketch,3,guitar,3,guitar,0.9982113838195801
sketch/guitar/n02676566_6402-4.png,sketch,3,guitar,3,guitar,0.8777992725372314
sketch/guitar/n02676566_6402-5.png,sketch,3,guitar,3,guitar,0.9989544153213501
sketch/guitar/n02676566_6430-1.png,sketch,3,guitar,3,guitar,0.9977370500564575
sketch/guitar/n02676566_6430-2.png,sketch,3,guitar,3,guitar,0.8414738178253174
sketch/guitar/n02676566_6430-3.png,sketch,3,guitar,3,guitar,0.5072237253189087
sketch/guitar/n02676566_6430-4.png,sketch,3,guitar,3,guitar,0.982506513595581
sketch/guitar/n02676566_6430-5.png,sketch,3,guitar,3,guitar,0.9039422869682312
sketch/guitar/n02676566_6560-1.png,sketch,3,guitar,3,guitar,0.7466998100280762
sketch/guitar/n02676566_6560-2.png,sketch,3,guitar,3,guitar,0.9839851260185242
sketch/guitar/n02676566_6560-3.png,sketch,3,guitar,3,guitar,0.9681060314178467
sketch/guitar/n02676566_6560-4.png,sketch,3,guitar,2,giraffe,0.5556793808937073
sketch/guitar/n02676566_6560-5.png,sketch,3,guitar,3,guitar,0.9924508929252625
sketch/guitar/n02676566_659-1.png,sketch,3,guitar,3,guitar,0.9992163181304932
sketch/guitar/n02676566_659-2.png,sketch,3,guitar,3,guitar,0.891461968421936
sketch/guitar/n02676566_659-3.png,sketch,3,guitar,3,guitar,0.9993271827697754
sketch/guitar/n02676566_659-4.png,sketch,3,guitar,3,guitar,0.9972659349441528
sketch/guitar/n02676566_659-5.png,sketch,3,guitar,3,guitar,0.8924248814582825
sketch/guitar/n02676566_6631-1.png,sketch,3,guitar,3,guitar,0.9974918365478516
sketch/guitar/n02676566_6631-2.png,sketch,3,guitar,3,guitar,0.9981136322021484
sketch/guitar/n02676566_6631-3.png,sketch,3,guitar,3,guitar,0.9990156888961792
sketch/guitar/n02676566_6631-4.png,sketch,3,guitar,3,guitar,0.7238184213638306
sketch/guitar/n02676566_6631-5.png,sketch,3,guitar,3,guitar,0.9814704060554504
sketch/guitar/n02676566_6704-1.png,sketch,3,guitar,3,guitar,0.9768004417419434
sketch/guitar/n02676566_6704-2.png,sketch,3,guitar,3,guitar,0.8284474611282349
sketch/guitar/n02676566_6704-3.png,sketch,3,guitar,3,guitar,0.9990463852882385
sketch/guitar/n02676566_6704-4.png,sketch,3,guitar,3,guitar,0.9702579975128174
sketch/guitar/n02676566_6704-5.png,sketch,3,guitar,3,guitar,0.9833886623382568
sketch/guitar/n02676566_6864-1.png,sketch,3,guitar,1,elephant,0.9970876574516296
sketch/guitar/n02676566_6864-2.png,sketch,3,guitar,3,guitar,0.8127531409263611
sketch/guitar/n02676566_6864-3.png,sketch,3,guitar,1,elephant,0.8732038140296936
sketch/guitar/n02676566_6864-4.png,sketch,3,guitar,1,elephant,0.9936862587928772
sketch/guitar/n02676566_6864-5.png,sketch,3,guitar,3,guitar,0.9998934268951416
sketch/guitar/n02676566_6914-1.png,sketch,3,guitar,3,guitar,0.9220420122146606
sketch/guitar/n02676566_6914-2.png,sketch,3,guitar,3,guitar,0.9799723029136658
sketch/guitar/n02676566_6914-3.png,sketch,3,guitar,3,guitar,0.5628049969673157
sketch/guitar/n02676566_6914-4.png,sketch,3,guitar,3,guitar,0.9968575239181519
sketch/guitar/n02676566_6914-5.png,sketch,3,guitar,3,guitar,0.9815793037414551
sketch/guitar/n02676566_6948-1.png,sketch,3,guitar,3,guitar,0.9990720748901367
sketch/guitar/n02676566_6948-2.png,sketch,3,guitar,3,guitar,0.9700291156768799
sketch/guitar/n02676566_6948-3.png,sketch,3,guitar,3,guitar,0.9460812211036682
sketch/guitar/n02676566_6948-4.png,sketch,3,guitar,3,guitar,0.9732320308685303
sketch/guitar/n02676566_6948-5.png,sketch,3,guitar,3,guitar,0.9990535378456116
sketch/guitar/n02676566_6980-1.png,sketch,3,guitar,1,elephant,0.92403644323349
sketch/guitar/n02676566_6980-2.png,sketch,3,guitar,3,guitar,0.9892332553863525
sketch/guitar/n02676566_6980-3.png,sketch,3,guitar,1,elephant,0.7982713580131531
sketch/guitar/n02676566_6980-4.png,sketch,3,guitar,1,elephant,0.9731823205947876
sketch/guitar/n02676566_6980-5.png,sketch,3,guitar,3,guitar,0.9892979860305786
sketch/guitar/n02676566_7385-1.png,sketch,3,guitar,3,guitar,0.9999309778213501
sketch/guitar/n02676566_7385-2.png,sketch,3,guitar,3,guitar,0.8819918632507324
sketch/guitar/n02676566_7385-3.png,sketch,3,guitar,3,guitar,0.9956446886062622
sketch/guitar/n02676566_7385-4.png,sketch,3,guitar,3,guitar,0.98618084192276
sketch/guitar/n02676566_7385-5.png,sketch,3,guitar,3,guitar,0.9893860816955566
sketch/guitar/n02676566_7385-6.png,sketch,3,guitar,3,guitar,0.9925805330276489
sketch/guitar/n02676566_7770-1.png,sketch,3,guitar,3,guitar,0.8839800953865051
sketch/guitar/n02676566_7770-2.png,sketch,3,guitar,1,elephant,0.9280848503112793
sketch/guitar/n02676566_7770-3.png,sketch,3,guitar,1,elephant,0.5899187922477722
sketch/guitar/n02676566_7770-4.png,sketch,3,guitar,3,guitar,0.9393396973609924
sketch/guitar/n02676566_7770-5.png,sketch,3,guitar,1,elephant,0.8284256458282471
sketch/guitar/n02676566_7830-1.png,sketch,3,guitar,3,guitar,0.997908353805542
sketch/guitar/n02676566_7830-2.png,sketch,3,guitar,3,guitar,0.9872708916664124
sketch/guitar/n02676566_7830-3.png,sketch,3,guitar,3,guitar,0.9949317574501038
sketch/guitar/n02676566_7830-4.png,sketch,3,guitar,3,guitar,0.9971815347671509
sketch/guitar/n02676566_7830-5.png,sketch,3,guitar,3,guitar,0.9958546757698059
sketch/guitar/n02676566_7844-1.png,sketch,3,guitar,3,guitar,0.9905259609222412
sketch/guitar/n02676566_7844-2.png,sketch,3,guitar,3,guitar,0.9508588314056396
sketch/guitar/n02676566_7844-3.png,sketch,3,guitar,3,guitar,0.9887020587921143
sketch/guitar/n02676566_7844-4.png,sketch,3,guitar,3,guitar,0.9936113953590393
sketch/guitar/n02676566_7844-5.png,sketch,3,guitar,3,guitar,0.9930875897407532
sketch/guitar/n02676566_7927-1.png,sketch,3,guitar,3,guitar,0.9932838678359985
sketch/guitar/n02676566_7927-2.png,sketch,3,guitar,3,guitar,0.7107416987419128
sketch/guitar/n02676566_7927-3.png,sketch,3,guitar,2,giraffe,0.5883616209030151
sketch/guitar/n02676566_7927-4.png,sketch,3,guitar,3,guitar,0.9505687952041626
sketch/guitar/n02676566_7927-5.png,sketch,3,guitar,3,guitar,0.9317011833190918
sketch/guitar/n02676566_7927-6.png,sketch,3,guitar,3,guitar,0.9970501661300659
sketch/guitar/n02676566_8268-1.png,sketch,3,guitar,3,guitar,0.9998550415039062
sketch/guitar/n02676566_8268-2.png,sketch,3,guitar,3,guitar,0.9983400106430054
sketch/guitar/n02676566_8268-3.png,sketch,3,guitar,3,guitar,0.7273751497268677
sketch/guitar/n02676566_8268-4.png,sketch,3,guitar,3,guitar,0.9797948598861694
sketch/guitar/n02676566_8268-5.png,sketch,3,guitar,3,guitar,0.9984437823295593
sketch/guitar/n02676566_8309-1.png,sketch,3,guitar,3,guitar,0.9244179725646973
sketch/guitar/n02676566_8309-2.png,sketch,3,guitar,3,guitar,0.9033026695251465
sketch/guitar/n02676566_8309-3.png,sketch,3,guitar,3,guitar,0.9956833124160767
sketch/guitar/n02676566_8309-4.png,sketch,3,guitar,3,guitar,0.9969559907913208
sketch/guitar/n02676566_8309-5.png,sketch,3,guitar,3,guitar,0.9980319142341614
sketch/guitar/n02676566_8467-1.png,sketch,3,guitar,3,guitar,0.9930040240287781
sketch/guitar/n02676566_8467-2.png,sketch,3,guitar,3,guitar,0.880713939666748
sketch/guitar/n02676566_8467-3.png,sketch,3,guitar,3,guitar,0.5639943480491638
sketch/guitar/n02676566_8467-4.png,sketch,3,guitar,3,guitar,0.9946933388710022
sketch/guitar/n02676566_8467-5.png,sketch,3,guitar,3,guitar,0.9971113204956055
sketch/guitar/n02676566_8618-1.png,sketch,3,guitar,3,guitar,0.994288444519043
sketch/guitar/n02676566_8618-2.png,sketch,3,guitar,3,guitar,0.9002300500869751
sketch/guitar/n02676566_8618-3.png,sketch,3,guitar,3,guitar,0.6610638499259949
sketch/guitar/n02676566_8618-4.png,sketch,3,guitar,3,guitar,0.9196012616157532
sketch/guitar/n02676566_8618-5.png,sketch,3,guitar,3,guitar,0.9668763875961304
sketch/guitar/n02676566_8618-6.png,sketch,3,guitar,3,guitar,0.9707552790641785
sketch/guitar/n02676566_8820-1.png,sketch,3,guitar,3,guitar,0.9829069972038269
sketch/guitar/n02676566_8820-2.png,sketch,3,guitar,2,giraffe,0.6411654949188232
sketch/guitar/n02676566_8820-3.png,sketch,3,guitar,3,guitar,0.924369215965271
sketch/guitar/n02676566_8820-4.png,sketch,3,guitar,3,guitar,0.9955675005912781
sketch/guitar/n02676566_8820-5.png,sketch,3,guitar,2,giraffe,0.4980261027812958
sketch/guitar/n02676566_8859-1.png,sketch,3,guitar,3,guitar,0.9185280203819275
sketch/guitar/n02676566_8859-2.png,sketch,3,guitar,2,giraffe,0.4816093444824219
sketch/guitar/n02676566_8859-3.png,sketch,3,guitar,3,guitar,0.9973520040512085
sketch/guitar/n02676566_8859-4.png,sketch,3,guitar,3,guitar,0.940209150314331
sketch/guitar/n02676566_8859-5.png,sketch,3,guitar,3,guitar,0.8648600578308105
sketch/guitar/n02676566_8859-6.png,sketch,3,guitar,3,guitar,0.997692346572876
sketch/guitar/n02676566_8997-1.png,sketch,3,guitar,3,guitar,0.9998194575309753
sketch/guitar/n02676566_8997-2.png,sketch,3,guitar,3,guitar,0.9586624503135681
sketch/guitar/n02676566_8997-3.png,sketch,3,guitar,3,guitar,0.9985314607620239
sketch/guitar/n02676566_8997-4.png,sketch,3,guitar,3,guitar,0.9588472247123718
sketch/guitar/n02676566_8997-5.png,sketch,3,guitar,3,guitar,0.9596080780029297
sketch/guitar/n02676566_9062-1.png,sketch,3,guitar,3,guitar,0.5762847065925598
sketch/guitar/n02676566_9062-2.png,sketch,3,guitar,3,guitar,0.9953609108924866
sketch/guitar/n02676566_9062-3.png,sketch,3,guitar,3,guitar,0.9235720038414001
sketch/guitar/n02676566_9062-4.png,sketch,3,guitar,3,guitar,0.9998055100440979
sketch/guitar/n02676566_9062-5.png,sketch,3,guitar,3,guitar,0.9988868832588196
sketch/guitar/n02676566_9243-1.png,sketch,3,guitar,3,guitar,0.9679733514785767
sketch/guitar/n02676566_9243-2.png,sketch,3,guitar,1,elephant,0.39230453968048096
sketch/guitar/n02676566_9243-3.png,sketch,3,guitar,3,guitar,0.9984550476074219
sketch/guitar/n02676566_9243-4.png,sketch,3,guitar,3,guitar,0.9923244714736938
sketch/guitar/n02676566_9243-5.png,sketch,3,guitar,3,guitar,0.9990652203559875
sketch/guitar/n02676566_9243-6.png,sketch,3,guitar,3,guitar,0.9695608019828796
sketch/guitar/n02676566_9254-1.png,sketch,3,guitar,3,guitar,0.9676767587661743
sketch/guitar/n02676566_9254-2.png,sketch,3,guitar,1,elephant,0.7942400574684143
sketch/guitar/n02676566_9254-3.png,sketch,3,guitar,3,guitar,0.99985671043396
sketch/guitar/n02676566_9254-4.png,sketch,3,guitar,2,giraffe,0.6981859803199768
sketch/guitar/n02676566_9254-5.png,sketch,3,guitar,3,guitar,0.9999258518218994
sketch/guitar/n02676566_9451-1.png,sketch,3,guitar,3,guitar,0.9991638660430908
sketch/guitar/n02676566_9451-2.png,sketch,3,guitar,3,guitar,0.985302209854126
sketch/guitar/n02676566_9451-3.png,sketch,3,guitar,3,guitar,0.6062501668930054
sketch/guitar/n02676566_9451-4.png,sketch,3,guitar,3,guitar,0.9840828776359558
sketch/guitar/n02676566_9451-5.png,sketch,3,guitar,3,guitar,0.4601671099662781
sketch/guitar/n02676566_9577-1.png,sketch,3,guitar,3,guitar,0.9936606287956238
sketch/guitar/n02676566_9577-2.png,sketch,3,guitar,3,guitar,0.9982782602310181
sketch/guitar/n02676566_9577-3.png,sketch,3,guitar,3,guitar,0.9863535165786743
sketch/guitar/n02676566_9577-4.png,sketch,3,guitar,2,giraffe,0.4183865189552307
sketch/guitar/n02676566_9577-5.png,sketch,3,guitar,3,guitar,0.9983553290367126
sketch/guitar/n02676566_9577-6.png,sketch,3,guitar,3,guitar,0.97330641746521
sketch/guitar/n02676566_9612-1.png,sketch,3,guitar,3,guitar,0.881292462348938
sketch/guitar/n02676566_9612-2.png,sketch,3,guitar,3,guitar,0.8561922907829285
sketch/guitar/n02676566_9612-3.png,sketch,3,guitar,3,guitar,0.9949620962142944
sketch/guitar/n02676566_9612-4.png,sketch,3,guitar,1,elephant,0.5534714460372925
sketch/guitar/n02676566_9612-5.png,sketch,3,guitar,3,guitar,0.700042724609375
sketch/guitar/n02676566_9661-1.png,sketch,3,guitar,3,guitar,0.7361407279968262
sketch/guitar/n02676566_9661-2.png,sketch,3,guitar,3,guitar,0.9819872975349426
sketch/guitar/n02676566_9661-3.png,sketch,3,guitar,3,guitar,0.9999262094497681
sketch/guitar/n02676566_9661-4.png,sketch,3,guitar,3,guitar,0.9826425313949585
sketch/guitar/n02676566_9661-5.png,sketch,3,guitar,3,guitar,0.9947041869163513
sketch/guitar/n02676566_9661-6.png,sketch,3,guitar,3,guitar,0.9868351817131042
sketch/guitar/n02676566_970-1.png,sketch,3,guitar,3,guitar,0.9966260194778442
sketch/guitar/n02676566_970-2.png,sketch,3,guitar,3,guitar,0.9495198130607605
sketch/guitar/n02676566_970-3.png,sketch,3,guitar,1,elephant,0.43060722947120667
sketch/guitar/n02676566_970-4.png,sketch,3,guitar,3,guitar,0.98894202709198
sketch/guitar/n02676566_970-5.png,sketch,3,guitar,1,elephant,0.5137055516242981
sketch/guitar/n02676566_970-6.png,sketch,3,guitar,3,guitar,0.5511524677276611
sketch/guitar/n02676566_9936-1.png,sketch,3,guitar,3,guitar,0.8425670862197876
sketch/guitar/n02676566_9936-2.png,sketch,3,guitar,3,guitar,0.994383692741394
sketch/guitar/n02676566_9936-3.png,sketch,3,guitar,3,guitar,0.9077664613723755
sketch/guitar/n02676566_9936-4.png,sketch,3,guitar,3,guitar,0.993634819984436
sketch/guitar/n02676566_9936-5.png,sketch,3,guitar,3,guitar,0.9533984661102295
sketch/guitar/n03272010_10441-1.png,sketch,3,guitar,3,guitar,0.9483127593994141
sketch/guitar/n03272010_10441-2.png,sketch,3,guitar,3,guitar,0.8807503581047058
sketch/guitar/n03272010_10441-3.png,sketch,3,guitar,3,guitar,0.9775469303131104
sketch/guitar/n03272010_10441-4.png,sketch,3,guitar,3,guitar,0.9921316504478455
sketch/guitar/n03272010_10441-5.png,sketch,3,guitar,3,guitar,0.999275267124176
sketch/guitar/n03272010_10795-1.png,sketch,3,guitar,3,guitar,0.9856444597244263
sketch/guitar/n03272010_10795-2.png,sketch,3,guitar,3,guitar,0.9275408387184143
sketch/guitar/n03272010_10795-3.png,sketch,3,guitar,2,giraffe,0.6433141231536865
sketch/guitar/n03272010_10795-4.png,sketch,3,guitar,3,guitar,0.993815541267395
sketch/guitar/n03272010_10795-5.png,sketch,3,guitar,3,guitar,0.9672929048538208
sketch/guitar/n03272010_11646-1.png,sketch,3,guitar,3,guitar,0.998608410358429
sketch/guitar/n03272010_11646-2.png,sketch,3,guitar,3,guitar,0.9985822439193726
sketch/guitar/n03272010_11646-3.png,sketch,3,guitar,3,guitar,0.7230841517448425
sketch/guitar/n03272010_11646-4.png,sketch,3,guitar,3,guitar,0.9993085861206055
sketch/guitar/n03272010_11646-5.png,sketch,3,guitar,3,guitar,0.9964041709899902
sketch/guitar/n03272010_12151-1.png,sketch,3,guitar,3,guitar,0.9900424480438232
sketch/guitar/n03272010_12151-2.png,sketch,3,guitar,3,guitar,0.9984605312347412
sketch/guitar/n03272010_12151-3.png,sketch,3,guitar,3,guitar,0.8760860562324524
sketch/guitar/n03272010_12151-4.png,sketch,3,guitar,3,guitar,0.9984287619590759
sketch/guitar/n03272010_12151-5.png,sketch,3,guitar,3,guitar,0.9987786412239075
sketch/guitar/n03272010_12468-1.png,sketch,3,guitar,3,guitar,0.9794124364852905
sketch/guitar/n03272010_12468-2.png,sketch,3,guitar,3,guitar,0.5024957656860352
sketch/guitar/n03272010_12468-3.png,sketch,3,guitar,3,guitar,0.7391659021377563
sketch/guitar/n03272010_12468-4.png,sketch,3,guitar,3,guitar,0.9652007818222046
sketch/guitar/n03272010_12468-5.png,sketch,3,guitar,3,guitar,0.9925008416175842
sketch/guitar/n03272010_1708-1.png,sketch,3,guitar,3,guitar,0.9064525365829468
sketch/guitar/n03272010_1708-2.png,sketch,3,guitar,3,guitar,0.9732094407081604
sketch/guitar/n03272010_1708-3.png,sketch,3,guitar,3,guitar,0.9690901637077332
sketch/guitar/n03272010_1708-4.png,sketch,3,guitar,3,guitar,0.7205581665039062
sketch/guitar/n03272010_1708-5.png,sketch,3,guitar,3,guitar,0.9987241625785828
sketch/guitar/n03272010_1708-6.png,sketch,3,guitar,3,guitar,0.9842372536659241
sketch/guitar/n03272010_3732-1.png,sketch,3,guitar,3,guitar,0.9534213542938232
sketch/guitar/n03272010_3732-2.png,sketch,3,guitar,3,guitar,0.9996927976608276
sketch/guitar/n03272010_3732-3.png,sketch,3,guitar,3,guitar,0.9663870930671692
sketch/guitar/n03272010_3732-4.png,sketch,3,guitar,3,guitar,0.9999512434005737
sketch/guitar/n03272010_3732-5.png,sketch,3,guitar,3,guitar,0.9988792538642883
sketch/guitar/n03272010_3732-6.png,sketch,3,guitar,3,guitar,0.9937734007835388
sketch/guitar/n03272010_392-1.png,sketch,3,guitar,3,guitar,0.837997317314148
sketch/guitar/n03272010_392-2.png,sketch,3,guitar,2,giraffe,0.50299072265625
sketch/guitar/n03272010_392-3.png,sketch,3,guitar,3,guitar,0.9979689717292786
sketch/guitar/n03272010_392-4.png,sketch,3,guitar,3,guitar,0.9988740086555481
sketch/guitar/n03272010_392-5.png,sketch,3,guitar,2,giraffe,0.6393357515335083
sketch/guitar/n03272010_446-1.png,sketch,3,guitar,3,guitar,0.9906526803970337
sketch/guitar/n03272010_446-2.png,sketch,3,guitar,3,guitar,0.9843648076057434
sketch/guitar/n03272010_446-3.png,sketch,3,guitar,3,guitar,0.9982922673225403
sketch/guitar/n03272010_446-4.png,sketch,3,guitar,3,guitar,0.9578263759613037
sketch/guitar/n03272010_446-5.png,sketch,3,guitar,3,guitar,0.9182255268096924
sketch/guitar/n03272010_5483-1.png,sketch,3,guitar,2,giraffe,0.8092622756958008
sketch/guitar/n03272010_5483-2.png,sketch,3,guitar,3,guitar,0.9507997632026672
sketch/guitar/n03272010_5483-3.png,sketch,3,guitar,2,giraffe,0.794847846031189
sketch/guitar/n03272010_5483-4.png,sketch,3,guitar,3,guitar,0.9953774213790894
sketch/guitar/n03272010_5483-5.png,sketch,3,guitar,3,guitar,0.9748262763023376
sketch/guitar/n03272010_5483-6.png,sketch,3,guitar,3,guitar,0.9996463060379028
sketch/guitar/n03272010_5875-1.png,sketch,3,guitar,1,elephant,0.8132375478744507
sketch/guitar/n03272010_5875-2.png,sketch,3,guitar,1,elephant,0.5678176879882812
sketch/guitar/n03272010_5875-3.png,sketch,3,guitar,1,elephant,0.9642359614372253
sketch/guitar/n03272010_5875-4.png,sketch,3,guitar,3,guitar,0.9073755741119385
sketch/guitar/n03272010_5875-5.png,sketch,3,guitar,3,guitar,0.6166552305221558
sketch/guitar/n03272010_5887-1.png,sketch,3,guitar,3,guitar,0.7093756198883057
sketch/guitar/n03272010_5887-2.png,sketch,3,guitar,1,elephant,0.3987497389316559
sketch/guitar/n03272010_5887-3.png,sketch,3,guitar,1,elephant,0.7881291508674622
sketch/guitar/n03272010_5887-4.png,sketch,3,guitar,1,elephant,0.8011945486068726
sketch/guitar/n03272010_5887-5.png,sketch,3,guitar,3,guitar,0.786864697933197
sketch/guitar/n03272010_5887-6.png,sketch,3,guitar,3,guitar,0.9829803705215454
sketch/guitar/n03272010_5887-7.png,sketch,3,guitar,3,guitar,0.9115638732910156
sketch/guitar/n03272010_6152-1.png,sketch,3,guitar,3,guitar,0.9930475354194641
sketch/guitar/n03272010_6152-2.png,sketch,3,guitar,3,guitar,0.9999641180038452
sketch/guitar/n03272010_6152-3.png,sketch,3,guitar,3,guitar,0.998286783695221
sketch/guitar/n03272010_6152-4.png,sketch,3,guitar,3,guitar,0.9957477450370789
sketch/guitar/n03272010_6152-5.png,sketch,3,guitar,2,giraffe,0.6164018511772156
sketch/guitar/n03272010_6255-1.png,sketch,3,guitar,3,guitar,0.9937773942947388
sketch/guitar/n03272010_6255-2.png,sketch,3,guitar,3,guitar,0.873923122882843
sketch/guitar/n03272010_6255-3.png,sketch,3,guitar,3,guitar,0.8545673489570618
sketch/guitar/n03272010_6255-4.png,sketch,3,guitar,3,guitar,0.9643165469169617
sketch/guitar/n03272010_6255-5.png,sketch,3,guitar,3,guitar,0.996002733707428
sketch/guitar/n03272010_6291-1.png,sketch,3,guitar,3,guitar,0.9664582014083862
sketch/guitar/n03272010_6291-2.png,sketch,3,guitar,3,guitar,0.5988873839378357
sketch/guitar/n03272010_6291-3.png,sketch,3,guitar,3,guitar,0.9851476550102234
sketch/guitar/n03272010_6291-4.png,sketch,3,guitar,3,guitar,0.9509686827659607
sketch/guitar/n03272010_6291-5.png,sketch,3,guitar,3,guitar,0.871749997138977
sketch/guitar/n03272010_6650-1.png,sketch,3,guitar,3,guitar,0.9978078007698059
sketch/guitar/n03272010_6650-2.png,sketch,3,guitar,1,elephant,0.4386744797229767
sketch/guitar/n03272010_6650-3.png,sketch,3,guitar,3,guitar,0.9661300778388977
sketch/guitar/n03272010_6650-4.png,sketch,3,guitar,3,guitar,0.9930972456932068
sketch/guitar/n03272010_6650-5.png,sketch,3,guitar,3,guitar,0.5459930896759033
sketch/guitar/n03272010_6650-6.png,sketch,3,guitar,2,giraffe,0.8384538292884827
sketch/guitar/n03272010_6662-1.png,sketch,3,guitar,3,guitar,0.9204390645027161
sketch/guitar/n03272010_6662-2.png,sketch,3,guitar,3,guitar,0.9994136095046997
sketch/guitar/n03272010_6662-3.png,sketch,3,guitar,3,guitar,0.9991545677185059
sketch/guitar/n03272010_6662-4.png,sketch,3,guitar,3,guitar,0.9942219853401184
sketch/guitar/n03272010_6662-5.png,sketch,3,guitar,3,guitar,0.6577287316322327
sketch/guitar/n03272010_6662-6.png,sketch,3,guitar,3,guitar,0.9833325147628784
sketch/guitar/n03272010_6662-7.png,sketch,3,guitar,3,guitar,0.7753756642341614
sketch/guitar/n03272010_6718-1.png,sketch,3,guitar,3,guitar,0.9996817111968994
sketch/guitar/n03272010_6718-2.png,sketch,3,guitar,3,guitar,0.9897117614746094
sketch/guitar/n03272010_6718-3.png,sketch,3,guitar,2,giraffe,0.8268099427223206
sketch/guitar/n03272010_6718-4.png,sketch,3,guitar,3,guitar,0.9980960488319397
sketch/guitar/n03272010_6718-5.png,sketch,3,guitar,3,guitar,0.6398371458053589
sketch/guitar/n03272010_6725-1.png,sketch,3,guitar,2,giraffe,0.9161007404327393
sketch/guitar/n03272010_6725-2.png,sketch,3,guitar,1,elephant,0.7570095062255859
sketch/guitar/n03272010_6725-3.png,sketch,3,guitar,3,guitar,0.9863408803939819
sketch/guitar/n03272010_6725-4.png,sketch,3,guitar,3,guitar,0.9856767654418945
sketch/guitar/n03272010_6725-5.png,sketch,3,guitar,3,guitar,0.9999499320983887
sketch/guitar/n03272010_6727-1.png,sketch,3,guitar,3,guitar,0.612246036529541
sketch/guitar/n03272010_6727-2.png,sketch,3,guitar,2,giraffe,0.5945286154747009
sketch/guitar/n03272010_6727-3.png,sketch,3,guitar,3,guitar,0.6542916893959045
sketch/guitar/n03272010_6727-4.png,sketch,3,guitar,3,guitar,0.8560715317726135
sketch/guitar/n03272010_6727-5.png,sketch,3,guitar,3,guitar,0.6058968901634216
sketch/guitar/n03272010_6737-1.png,sketch,3,guitar,3,guitar,0.980492115020752
sketch/guitar/n03272010_6737-2.png,sketch,3,guitar,2,giraffe,0.5808054208755493
sketch/guitar/n03272010_6737-3.png,sketch,3,guitar,3,guitar,0.9922295212745667
sketch/guitar/n03272010_6737-4.png,sketch,3,guitar,3,guitar,0.9983440637588501
sketch/guitar/n03272010_6737-5.png,sketch,3,guitar,3,guitar,0.7280518412590027
sketch/guitar/n03272010_6737-6.png,sketch,3,guitar,3,guitar,0.923935055732727
sketch/guitar/n03272010_6799-1.png,sketch,3,guitar,3,guitar,0.9930397272109985
sketch/guitar/n03272010_6799-2.png,sketch,3,guitar,3,guitar,0.9838000535964966
sketch/guitar/n03272010_6799-3.png,sketch,3,guitar,3,guitar,0.9604989886283875
sketch/guitar/n03272010_6799-4.png,sketch,3,guitar,2,giraffe,0.6911967992782593
sketch/guitar/n03272010_6799-5.png,sketch,3,guitar,3,guitar,0.9805365800857544
sketch/guitar/n03272010_6809-1.png,sketch,3,guitar,3,guitar,0.9994035959243774
sketch/guitar/n03272010_6809-2.png,sketch,3,guitar,3,guitar,0.9941267967224121
sketch/guitar/n03272010_6809-3.png,sketch,3,guitar,3,guitar,0.9648428559303284
sketch/guitar/n03272010_6809-4.png,sketch,3,guitar,3,guitar,0.9969757795333862
sketch/guitar/n03272010_6809-5.png,sketch,3,guitar,3,guitar,0.9972022771835327
sketch/guitar/n03272010_6820-1.png,sketch,3,guitar,3,guitar,0.989200234413147
sketch/guitar/n03272010_6820-2.png,sketch,3,guitar,3,guitar,0.9916361570358276
sketch/guitar/n03272010_6820-3.png,sketch,3,guitar,3,guitar,0.9993563294410706
sketch/guitar/n03272010_6820-4.png,sketch,3,guitar,3,guitar,0.8830531239509583
sketch/guitar/n03272010_6820-5.png,sketch,3,guitar,3,guitar,0.966855525970459
sketch/guitar/n03272010_6926-1.png,sketch,3,guitar,3,guitar,0.9289253950119019
sketch/guitar/n03272010_6926-2.png,sketch,3,guitar,3,guitar,0.9303370118141174
sketch/guitar/n03272010_6926-3.png,sketch,3,guitar,3,guitar,0.9971771240234375
sketch/guitar/n03272010_6926-4.png,sketch,3,guitar,2,giraffe,0.6266336441040039
sketch/guitar/n03272010_6926-5.png,sketch,3,guitar,3,guitar,0.994191586971283
sketch/guitar/n03272010_7000-1.png,sketch,3,guitar,3,guitar,0.9978395700454712
sketch/guitar/n03272010_7000-2.png,sketch,3,guitar,3,guitar,0.8666101098060608
sketch/guitar/n03272010_7000-3.png,sketch,3,guitar,3,guitar,0.9909937977790833
sketch/guitar/n03272010_7000-4.png,sketch,3,guitar,3,guitar,0.9650996923446655
sketch/guitar/n03272010_7000-5.png,sketch,3,guitar,3,guitar,0.9930121302604675
sketch/guitar/n03272010_7092-1.png,sketch,3,guitar,3,guitar,0.9586102962493896
sketch/guitar/n03272010_7092-2.png,sketch,3,guitar,3,guitar,0.9647147059440613
sketch/guitar/n03272010_7092-3.png,sketch,3,guitar,3,guitar,0.9936767220497131
sketch/guitar/n03272010_7092-4.png,sketch,3,guitar,2,giraffe,0.48691999912261963
sketch/guitar/n03272010_7092-5.png,sketch,3,guitar,3,guitar,0.9994187355041504
sketch/guitar/n03272010_7383-1.png,sketch,3,guitar,3,guitar,0.9887948036193848
sketch/guitar/n03272010_7383-2.png,sketch,3,guitar,3,guitar,0.7489842772483826
sketch/guitar/n03272010_7383-3.png,sketch,3,guitar,3,guitar,0.9999951124191284
sketch/guitar/n03272010_7383-4.png,sketch,3,guitar,3,guitar,0.7782124280929565
sketch/guitar/n03272010_7383-5.png,sketch,3,guitar,3,guitar,0.5928366780281067
sketch/guitar/n03272010_7390-1.png,sketch,3,guitar,3,guitar,0.9874540567398071
sketch/guitar/n03272010_7390-2.png,sketch,3,guitar,3,guitar,0.9732182621955872
sketch/guitar/n03272010_7390-3.png,sketch,3,guitar,1,elephant,0.6828168630599976
sketch/guitar/n03272010_7390-4.png,sketch,3,guitar,3,guitar,0.9993959665298462
sketch/guitar/n03272010_7390-5.png,sketch,3,guitar,3,guitar,0.805533766746521
sketch/guitar/n03272010_7635-1.png,sketch,3,guitar,3,guitar,0.9972900152206421
sketch/guitar/n03272010_7635-2.png,sketch,3,guitar,3,guitar,0.994786262512207
sketch/guitar/n03272010_7635-3.png,sketch,3,guitar,3,guitar,0.801925539970398
sketch/guitar/n03272010_7635-4.png,sketch,3,guitar,3,guitar,0.665923535823822
sketch/guitar/n03272010_7635-5.png,sketch,3,guitar,3,guitar,0.999750554561615
sketch/guitar/n03272010_7729-1.png,sketch,3,guitar,3,guitar,0.5017672181129456
sketch/guitar/n03272010_7729-2.png,sketch,3,guitar,3,guitar,0.9968157410621643
sketch/guitar/n03272010_7729-3.png,sketch,3,guitar,3,guitar,0.9959273934364319
sketch/guitar/n03272010_7729-4.png,sketch,3,guitar,3,guitar,0.9894798398017883
sketch/guitar/n03272010_7729-5.png,sketch,3,guitar,3,guitar,0.9527527689933777
sketch/guitar/n03272010_9557-1.png,sketch,3,guitar,3,guitar,0.9257133603096008
sketch/guitar/n03272010_9557-2.png,sketch,3,guitar,3,guitar,0.7480753064155579
sketch/guitar/n03272010_9557-3.png,sketch,3,guitar,3,guitar,0.9983823299407959
sketch/guitar/n03272010_9557-4.png,sketch,3,guitar,3,guitar,0.49117547273635864
sketch/guitar/n03272010_9557-5.png,sketch,3,guitar,2,giraffe,0.6593458652496338
sketch/guitar/n03272010_9557-6.png,sketch,3,guitar,3,guitar,0.6879341006278992
sketch/guitar/n03272010_9858-1.png,sketch,3,guitar,3,guitar,0.9939728379249573
sketch/guitar/n03272010_9858-2.png,sketch,3,guitar,3,guitar,0.6984304785728455
sketch/guitar/n03272010_9858-3.png,sketch,3,guitar,3,guitar,0.9173765778541565
sketch/guitar/n03272010_9858-4.png,sketch,3,guitar,3,guitar,0.9937902092933655
sketch/guitar/n03272010_9858-5.png,sketch,3,guitar,3,guitar,0.9884125590324402
sketch/guitar/n03272010_9899-1.png,sketch,3,guitar,3,guitar,0.5145249962806702
sketch/guitar/n03272010_9899-2.png,sketch,3,guitar,3,guitar,0.9707210063934326
sketch/guitar/n03272010_9899-3.png,sketch,3,guitar,3,guitar,0.9243835806846619
sketch/guitar/n03272010_9899-4.png,sketch,3,guitar,3,guitar,0.5355463624000549
sketch/guitar/n03272010_9899-5.png,sketch,3,guitar,3,guitar,0.9961361289024353
sketch/guitar/n03467517_11020-1.png,sketch,3,guitar,5,house,0.5363758206367493
sketch/guitar/n03467517_11020-2.png,sketch,3,guitar,1,elephant,0.7216523885726929
sketch/guitar/n03467517_11020-3.png,sketch,3,guitar,3,guitar,0.7630602121353149
sketch/guitar/n03467517_11020-4.png,sketch,3,guitar,1,elephant,0.4139498770236969
sketch/guitar/n03467517_11020-5.png,sketch,3,guitar,0,dog,0.3318067491054535
sketch/guitar/n03467517_12925-1.png,sketch,3,guitar,3,guitar,0.9715062975883484
sketch/guitar/n03467517_12925-2.png,sketch,3,guitar,3,guitar,0.9986452460289001
sketch/guitar/n03467517_12925-3.png,sketch,3,guitar,3,guitar,0.993209183216095
sketch/guitar/n03467517_12925-4.png,sketch,3,guitar,3,guitar,0.9969624876976013
sketch/guitar/n03467517_12925-5.png,sketch,3,guitar,3,guitar,0.9859198331832886
sketch/guitar/n03467517_16911-1.png,sketch,3,guitar,1,elephant,0.9418524503707886
sketch/guitar/n03467517_16911-2.png,sketch,3,guitar,1,elephant,0.7165788412094116
sketch/guitar/n03467517_16911-3.png,sketch,3,guitar,3,guitar,0.6096717715263367
sketch/guitar/n03467517_16911-4.png,sketch,3,guitar,3,guitar,0.9145560264587402
sketch/guitar/n03467517_16911-5.png,sketch,3,guitar,3,guitar,0.9919399619102478
sketch/guitar/n03467517_17233-1.png,sketch,3,guitar,3,guitar,0.7432083487510681
sketch/guitar/n03467517_17233-2.png,sketch,3,guitar,3,guitar,0.5209540724754333
sketch/guitar/n03467517_17233-3.png,sketch,3,guitar,3,guitar,0.9887328147888184
sketch/guitar/n03467517_17233-4.png,sketch,3,guitar,3,guitar,0.999974250793457
sketch/guitar/n03467517_17233-5.png,sketch,3,guitar,3,guitar,0.9985319375991821
sketch/guitar/n03467517_19701-1.png,sketch,3,guitar,3,guitar,0.7772820591926575
sketch/guitar/n03467517_19701-2.png,sketch,3,guitar,3,guitar,0.9359819293022156
sketch/guitar/n03467517_19701-3.png,sketch,3,guitar,1,elephant,0.7625788450241089
sketch/guitar/n03467517_19701-4.png,sketch,3,guitar,1,elephant,0.6345983147621155
sketch/guitar/n03467517_19701-5.png,sketch,3,guitar,1,elephant,0.5096250772476196
sketch/guitar/n03467517_21782-1.png,sketch,3,guitar,3,guitar,0.9158803820610046
sketch/guitar/n03467517_21782-2.png,sketch,3,guitar,1,elephant,0.7791285514831543
sketch/guitar/n03467517_21782-3.png,sketch,3,guitar,1,elephant,0.755657970905304
sketch/guitar/n03467517_21782-4.png,sketch,3,guitar,3,guitar,0.6773051023483276
sketch/guitar/n03467517_21782-5.png,sketch,3,guitar,1,elephant,0.5688854455947876
sketch/guitar/n03467517_21884-1.png,sketch,3,guitar,3,guitar,0.9861903190612793
sketch/guitar/n03467517_21884-2.png,sketch,3,guitar,3,guitar,0.6015939712524414
sketch/guitar/n03467517_21884-3.png,sketch,3,guitar,3,guitar,0.9972671270370483
sketch/guitar/n03467517_21884-4.png,sketch,3,guitar,2,giraffe,0.5378892421722412
sketch/guitar/n03467517_21884-5.png,sketch,3,guitar,3,guitar,0.5225493907928467
sketch/guitar/n03467517_21884-6.png,sketch,3,guitar,3,guitar,0.9705369472503662
sketch/guitar/n03467517_22246-1.png,sketch,3,guitar,3,guitar,0.9862735867500305
sketch/guitar/n03467517_22246-2.png,sketch,3,guitar,3,guitar,0.9980754852294922
sketch/guitar/n03467517_22246-3.png,sketch,3,guitar,3,guitar,0.9923309087753296
sketch/guitar/n03467517_22246-4.png,sketch,3,guitar,3,guitar,0.999835729598999
sketch/guitar/n03467517_22246-5.png,sketch,3,guitar,3,guitar,0.9985587000846863
sketch/guitar/n03467517_22246-6.png,sketch,3,guitar,3,guitar,0.9902288913726807
sketch/guitar/n03467517_22374-1.png,sketch,3,guitar,3,guitar,0.9846618175506592
sketch/guitar/n03467517_22374-2.png,sketch,3,guitar,3,guitar,0.9963864088058472
sketch/guitar/n03467517_22374-3.png,sketch,3,guitar,3,guitar,0.9897094368934631
sketch/guitar/n03467517_22374-4.png,sketch,3,guitar,2,giraffe,0.6468760371208191
sketch/guitar/n03467517_22374-5.png,sketch,3,guitar,3,guitar,0.9995002746582031
sketch/guitar/n03467517_22785-1.png,sketch,3,guitar,1,elephant,0.919069766998291
sketch/guitar/n03467517_22785-2.png,sketch,3,guitar,3,guitar,0.7018471956253052
sketch/guitar/n03467517_22785-3.png,sketch,3,guitar,3,guitar,0.9969698786735535
sketch/guitar/n03467517_22785-4.png,sketch,3,guitar,3,guitar,0.7520252466201782
sketch/guitar/n03467517_22785-5.png,sketch,3,guitar,1,elephant,0.43514418601989746
sketch/guitar/n03467517_22871-1.png,sketch,3,guitar,3,guitar,0.9419675469398499
sketch/guitar/n03467517_22871-2.png,sketch,3,guitar,3,guitar,0.7482925057411194
sketch/guitar/n03467517_22871-3.png,sketch,3,guitar,3,guitar,0.9998918771743774
sketch/guitar/n03467517_22871-4.png,sketch,3,guitar,1,elephant,0.7805578112602234
sketch/guitar/n03467517_22871-5.png,sketch,3,guitar,1,elephant,0.8919672966003418
sketch/guitar/n03467517_23229-1.png,sketch,3,guitar,3,guitar,0.9403274059295654
sketch/guitar/n03467517_23229-2.png,sketch,3,guitar,3,guitar,0.865254282951355
sketch/guitar/n03467517_23229-3.png,sketch,3,guitar,3,guitar,0.7658004760742188
sketch/guitar/n03467517_23229-4.png,sketch,3,guitar,3,guitar,0.9909113049507141
sketch/guitar/n03467517_23229-5.png,sketch,3,guitar,2,giraffe,0.6765934228897095
sketch/guitar/n03467517_24525-1.png,sketch,3,guitar,3,guitar,0.9994062185287476
sketch/guitar/n03467517_24525-2.png,sketch,3,guitar,3,guitar,0.9945863485336304
sketch/guitar/n03467517_24525-3.png,sketch,3,guitar,3,guitar,0.9939364790916443
sketch/guitar/n03467517_24525-4.png,sketch,3,guitar,3,guitar,0.9983199238777161
sketch/guitar/n03467517_24525-5.png,sketch,3,guitar,3,guitar,0.9991118311882019
sketch/guitar/n03467517_24525-6.png,sketch,3,guitar,3,guitar,0.9978967905044556
sketch/guitar/n03467517_3203-1.png,sketch,3,guitar,1,elephant,0.8589450716972351
sketch/guitar/n03467517_3203-2.png,sketch,3,guitar,1,elephant,0.8216771483421326
sketch/guitar/n03467517_3203-3.png,sketch,3,guitar,1,elephant,0.9274089932441711
sketch/guitar/n03467517_3203-4.png,sketch,3,guitar,3,guitar,0.5514639616012573
sketch/guitar/n03467517_3203-5.png,sketch,3,guitar,3,guitar,0.9977152347564697
sketch/guitar/n03467517_6423-1.png,sketch,3,guitar,3,guitar,0.8985483050346375
sketch/guitar/n03467517_6423-2.png,sketch,3,guitar,3,guitar,0.997931957244873
sketch/guitar/n03467517_6423-3.png,sketch,3,guitar,3,guitar,0.5047731399536133
sketch/guitar/n03467517_6423-4.png,sketch,3,guitar,3,guitar,0.9945850968360901
sketch/guitar/n03467517_6423-5.png,sketch,3,guitar,3,guitar,0.9971491694450378
sketch/guitar/n03467517_7007-1.png,sketch,3,guitar,3,guitar,0.5909286737442017
sketch/guitar/n03467517_7007-2.png,sketch,3,guitar,3,guitar,0.9538559317588806
sketch/guitar/n03467517_7007-3.png,sketch,3,guitar,3,guitar,0.9651053547859192
sketch/guitar/n03467517_7007-4.png,sketch,3,guitar,3,guitar,0.9558678269386292
sketch/guitar/n03467517_7007-5.png,sketch,3,guitar,3,guitar,0.9919717311859131
sketch/guitar/n03467517_7007-6.png,sketch,3,guitar,3,guitar,0.9896984696388245
sketch/guitar/n03467517_8929-1.png,sketch,3,guitar,3,guitar,0.9935916066169739
sketch/guitar/n03467517_8929-2.png,sketch,3,guitar,3,guitar,0.9851655960083008
sketch/guitar/n03467517_8929-3.png,sketch,3,guitar,3,guitar,0.9923321008682251
sketch/guitar/n03467517_8929-4.png,sketch,3,guitar,3,guitar,0.8284722566604614
sketch/guitar/n03467517_8929-5.png,sketch,3,guitar,3,guitar,0.9766155481338501
sketch/horse/8481.png,sketch,4,horse,5,house,0.5020812749862671
sketch/horse/8482.png,sketch,4,horse,5,house,0.8324806690216064
sketch/horse/8483.png,sketch,4,horse,5,house,0.8557005524635315
sketch/horse/8484.png,sketch,4,horse,1,elephant,0.6780787110328674
sketch/horse/8485.png,sketch,4,horse,5,house,0.5071066617965698
sketch/horse/8486.png,sketch,4,horse,5,house,0.8822789192199707
sketch/horse/8487.png,sketch,4,horse,5,house,0.7559543251991272
sketch/horse/8488.png,sketch,4,horse,1,elephant,0.5256664752960205
sketch/horse/8489.png,sketch,4,horse,1,elephant,0.8353850841522217
sketch/horse/8490.png,sketch,4,horse,1,elephant,0.7005223035812378
sketch/horse/8491.png,sketch,4,horse,1,elephant,0.8479359149932861
sketch/horse/8492.png,sketch,4,horse,5,house,0.4682524502277374
sketch/horse/8493.png,sketch,4,horse,1,elephant,0.5215954780578613
sketch/horse/8494.png,sketch,4,horse,1,elephant,0.5010761022567749
sketch/horse/8495.png,sketch,4,horse,1,elephant,0.728550136089325
sketch/horse/8496.png,sketch,4,horse,1,elephant,0.49649637937545776
sketch/horse/8497.png,sketch,4,horse,1,elephant,0.5172895193099976
sketch/horse/8498.png,sketch,4,horse,1,elephant,0.7084106206893921
sketch/horse/8499.png,sketch,4,horse,1,elephant,0.4788258671760559
sketch/horse/8500.png,sketch,4,horse,1,elephant,0.8209287524223328
sketch/horse/8501.png,sketch,4,horse,1,elephant,0.8299408555030823
sketch/horse/8502.png,sketch,4,horse,5,house,0.540576159954071
sketch/horse/8503.png,sketch,4,horse,1,elephant,0.8086246848106384
sketch/horse/8504.png,sketch,4,horse,5,house,0.5981329679489136
sketch/horse/8505.png,sketch,4,horse,1,elephant,0.49769100546836853
sketch/horse/8506.png,sketch,4,horse,5,house,0.6114362478256226
sketch/horse/8507.png,sketch,4,horse,5,house,0.6698988676071167
sketch/horse/8508.png,sketch,4,horse,1,elephant,0.8070976138114929
sketch/horse/8509.png,sketch,4,horse,1,elephant,0.7315495014190674
sketch/horse/8510.png,sketch,4,horse,1,elephant,0.9775525331497192
sketch/horse/8511.png,sketch,4,horse,1,elephant,0.5331847667694092
sketch/horse/8512.png,sketch,4,horse,5,house,0.9624162912368774
sketch/horse/8513.png,sketch,4,horse,1,elephant,0.724355161190033
sketch/horse/8514.png,sketch,4,horse,1,elephant,0.9243593215942383
sketch/horse/8515.png,sketch,4,horse,5,house,0.5058533549308777
sketch/horse/8516.png,sketch,4,horse,1,elephant,0.9351781606674194
sketch/horse/8517.png,sketch,4,horse,1,elephant,0.5175266265869141
sketch/horse/8518.png,sketch,4,horse,5,house,0.7715373039245605
sketch/horse/8519.png,sketch,4,horse,1,elephant,0.686176061630249
sketch/horse/8520.png,sketch,4,horse,1,elephant,0.8799549341201782
sketch/horse/8521.png,sketch,4,horse,1,elephant,0.4542168080806732
sketch/horse/8522.png,sketch,4,horse,5,house,0.4539931118488312
sketch/horse/8523.png,sketch,4,horse,1,elephant,0.5725772976875305
sketch/horse/8524.png,sketch,4,horse,1,elephant,0.8456698060035706
sketch/horse/8525.png,sketch,4,horse,5,house,0.9104405641555786
sketch/horse/8526.png,sketch,4,horse,1,elephant,0.6562600135803223
sketch/horse/8527.png,sketch,4,horse,5,house,0.6442514657974243
sketch/horse/8528.png,sketch,4,horse,1,elephant,0.4412498474121094
sketch/horse/8529.png,sketch,4,horse,1,elephant,0.6139408349990845
sketch/horse/8530.png,sketch,4,horse,1,elephant,0.9065253734588623
sketch/horse/8531.png,sketch,4,horse,1,elephant,0.8932413458824158
sketch/horse/8532.png,sketch,4,horse,1,elephant,0.9171338677406311
sketch/horse/8533.png,sketch,4,horse,5,house,0.4869247376918793
sketch/horse/8534.png,sketch,4,horse,1,elephant,0.4319165349006653
sketch/horse/8535.png,sketch,4,horse,1,elephant,0.6231779456138611
sketch/horse/8536.png,sketch,4,horse,5,house,0.7581201791763306
sketch/horse/8537.png,sketch,4,horse,1,elephant,0.6479957103729248
sketch/horse/8538.png,sketch,4,horse,5,house,0.4650748074054718
sketch/horse/8539.png,sketch,4,horse,1,elephant,0.5005691647529602
sketch/horse/8540.png,sketch,4,horse,1,elephant,0.5598002076148987
sketch/horse/8541.png,sketch,4,horse,5,house,0.808982253074646
sketch/horse/8542.png,sketch,4,horse,2,giraffe,0.36640942096710205
sketch/horse/8543.png,sketch,4,horse,5,house,0.6101017594337463
sketch/horse/8544.png,sketch,4,horse,5,house,0.755957841873169
sketch/horse/8545.png,sketch,4,horse,5,house,0.5443528890609741
sketch/horse/8546.png,sketch,4,horse,5,house,0.552352249622345
sketch/horse/8547.png,sketch,4,horse,5,house,0.5263928174972534
sketch/horse/8548.png,sketch,4,horse,1,elephant,0.5165805816650391
sketch/horse/8549.png,sketch,4,horse,1,elephant,0.7784987092018127
sketch/horse/8550.png,sketch,4,horse,1,elephant,0.8521483540534973
sketch/horse/8551.png,sketch,4,horse,1,elephant,0.8625278472900391
sketch/horse/8552.png,sketch,4,horse,5,house,0.6297003626823425
sketch/horse/8553.png,sketch,4,horse,1,elephant,0.6786672472953796
sketch/horse/8554.png,sketch,4,horse,1,elephant,0.8190418481826782
sketch/horse/8555.png,sketch,4,horse,1,elephant,0.5451211929321289
sketch/horse/8556.png,sketch,4,horse,1,elephant,0.6120608448982239
sketch/horse/8557.png,sketch,4,horse,5,house,0.43380093574523926
sketch/horse/8558.png,sketch,4,horse,5,house,0.6199849843978882
sketch/horse/8559.png,sketch,4,horse,1,elephant,0.9488527774810791
sketch/horse/8560.png,sketch,4,horse,1,elephant,0.5750910639762878
sketch/horse/n02374451_10081-1.png,sketch,4,horse,1,elephant,0.47696009278297424
sketch/horse/n02374451_10081-2.png,sketch,4,horse,1,elephant,0.39020678400993347
sketch/horse/n02374451_10081-3.png,sketch,4,horse,4,horse,0.4012368619441986
sketch/horse/n02374451_10081-4.png,sketch,4,horse,5,house,0.5100276470184326
sketch/horse/n02374451_10081-5.png,sketch,4,horse,1,elephant,0.5779602527618408
sketch/horse/n02374451_10081-6.png,sketch,4,horse,4,horse,0.7122691869735718
sketch/horse/n02374451_10098-1.png,sketch,4,horse,1,elephant,0.4911006987094879
sketch/horse/n02374451_10098-2.png,sketch,4,horse,5,house,0.6921803951263428
sketch/horse/n02374451_10098-3.png,sketch,4,horse,4,horse,0.6640462279319763
sketch/horse/n02374451_10098-4.png,sketch,4,horse,4,horse,0.44674235582351685
sketch/horse/n02374451_10098-5.png,sketch,4,horse,5,house,0.6424714922904968
sketch/horse/n02374451_10098-6.png,sketch,4,horse,4,horse,0.7818933129310608
sketch/horse/n02374451_10098-7.png,sketch,4,horse,4,horse,0.5355910658836365
sketch/horse/n02374451_10099-1.png,sketch,4,horse,1,elephant,0.7129018306732178
sketch/horse/n02374451_10099-2.png,sketch,4,horse,1,elephant,0.831745982170105
sketch/horse/n02374451_10099-3.png,sketch,4,horse,4,horse,0.504077136516571
sketch/horse/n02374451_10099-4.png,sketch,4,horse,1,elephant,0.8884782195091248
sketch/horse/n02374451_10099-5.png,sketch,4,horse,4,horse,0.6408525705337524
sketch/horse/n02374451_10099-6.png,sketch,4,horse,4,horse,0.9934456944465637
sketch/horse/n02374451_10099-7.png,sketch,4,horse,4,horse,0.8895949125289917
sketch/horse/n02374451_10099-8.png,sketch,4,horse,4,horse,0.5734917521476746
sketch/horse/n02374451_10099-9.png,sketch,4,horse,4,horse,0.7057949304580688
sketch/horse/n02374451_10118-1.png,sketch,4,horse,1,elephant,0.44367900490760803
sketch/horse/n02374451_10118-2.png,sketch,4,horse,1,elephant,0.5082142353057861
sketch/horse/n02374451_10118-3.png,sketch,4,horse,4,horse,0.7304143905639648
sketch/horse/n02374451_10118-4.png,sketch,4,horse,4,horse,0.6866183876991272
sketch/horse/n02374451_10118-5.png,sketch,4,horse,4,horse,0.9422276020050049
sketch/horse/n02374451_10331-1.png,sketch,4,horse,5,house,0.8109530806541443
sketch/horse/n02374451_10331-2.png,sketch,4,horse,4,horse,0.9561198353767395
sketch/horse/n02374451_10331-3.png,sketch,4,horse,5,house,0.5704775452613831
sketch/horse/n02374451_10331-4.png,sketch,4,horse,4,horse,0.4744361937046051
sketch/horse/n02374451_10331-5.png,sketch,4,horse,5,house,0.9015960097312927
sketch/horse/n02374451_10669-1.png,sketch,4,horse,1,elephant,0.40330952405929565
sketch/horse/n02374451_10669-2.png,sketch,4,horse,5,house,0.6396052241325378
sketch/horse/n02374451_10669-3.png,sketch,4,horse,5,house,0.6378005743026733
sketch/horse/n02374451_10669-4.png,sketch,4,horse,1,elephant,0.8965139985084534
sketch/horse/n02374451_10669-5.png,sketch,4,horse,1,elephant,0.6900330781936646
sketch/horse/n02374451_10669-6.png,sketch,4,horse,1,elephant,0.8994737267494202
sketch/horse/n02374451_10669-7.png,sketch,4,horse,1,elephant,0.629563570022583
sketch/horse/n02374451_10669-8.png,sketch,4,horse,5,house,0.7950829267501831
sketch/horse/n02374451_10669-9.png,sketch,4,horse,5,house,0.44902917742729187
sketch/horse/n02374451_10761-1.png,sketch,4,horse,1,elephant,0.4100553095340729
sketch/horse/n02374451_10761-10.png,sketch,4,horse,2,giraffe,0.4340486228466034
sketch/horse/n02374451_10761-2.png,sketch,4,horse,2,giraffe,0.5169891119003296
sketch/horse/n02374451_10761-3.png,sketch,4,horse,2,giraffe,0.5236306190490723
sketch/horse/n02374451_10761-4.png,sketch,4,horse,1,elephant,0.5394276976585388
sketch/horse/n02374451_10761-5.png,sketch,4,horse,1,elephant,0.8028048276901245
sketch/horse/n02374451_10761-6.png,sketch,4,horse,1,elephant,0.7193758487701416
sketch/horse/n02374451_10761-7.png,sketch,4,horse,4,horse,0.6129630208015442
sketch/horse/n02374451_10761-8.png,sketch,4,horse,2,giraffe,0.6379532217979431
sketch/horse/n02374451_10761-9.png,sketch,4,horse,1,elephant,0.4228101372718811
sketch/horse/n02374451_10809-1.png,sketch,4,horse,4,horse,0.6937371492385864
sketch/horse/n02374451_10809-2.png,sketch,4,horse,5,house,0.5805050730705261
sketch/horse/n02374451_10809-4.png,sketch,4,horse,4,horse,0.9763919711112976
sketch/horse/n02374451_10809-5.png,sketch,4,horse,4,horse,0.9972500205039978
sketch/horse/n02374451_10809-6.png,sketch,4,horse,5,house,0.486702561378479
sketch/horse/n02374451_10809-7.png,sketch,4,horse,4,horse,0.4857162833213806
sketch/horse/n02374451_10809-8.png,sketch,4,horse,4,horse,0.9832467436790466
sketch/horse/n02374451_11479-1.png,sketch,4,horse,1,elephant,0.6224839687347412
sketch/horse/n02374451_11479-2.png,sketch,4,horse,5,house,0.41252630949020386
sketch/horse/n02374451_11479-3.png,sketch,4,horse,1,elephant,0.7093554735183716
sketch/horse/n02374451_11479-4.png,sketch,4,horse,5,house,0.4828164875507355
sketch/horse/n02374451_11479-5.png,sketch,4,horse,2,giraffe,0.4904395341873169
sketch/horse/n02374451_11479-6.png,sketch,4,horse,4,horse,0.5119990110397339
sketch/horse/n02374451_11479-7.png,sketch,4,horse,4,horse,0.5156887769699097
sketch/horse/n02374451_11483-1.png,sketch,4,horse,2,giraffe,0.9393385648727417
sketch/horse/n02374451_11483-2.png,sketch,4,horse,4,horse,0.9653468132019043
sketch/horse/n02374451_11483-3.png,sketch,4,horse,1,elephant,0.754525363445282
sketch/horse/n02374451_11483-4.png,sketch,4,horse,2,giraffe,0.38440537452697754
sketch/horse/n02374451_11483-5.png,sketch,4,horse,4,horse,0.7819007635116577
sketch/horse/n02374451_11483-6.png,sketch,4,horse,2,giraffe,0.8212645649909973
sketch/horse/n02374451_11492-1.png,sketch,4,horse,2,giraffe,0.7568618655204773
sketch/horse/n02374451_11492-2.png,sketch,4,horse,4,horse,0.6152572631835938
sketch/horse/n02374451_11492-3.png,sketch,4,horse,5,house,0.4068584442138672
sketch/horse/n02374451_11492-4.png,sketch,4,horse,5,house,0.5045745372772217
sketch/horse/n02374451_11492-5.png,sketch,4,horse,4,horse,0.978445291519165
sketch/horse/n02374451_11492-6.png,sketch,4,horse,2,giraffe,0.45022547245025635
sketch/horse/n02374451_1189-1.png,sketch,4,horse,4,horse,0.9819934964179993
sketch/horse/n02374451_1189-2.png,sketch,4,horse,2,giraffe,0.7913294434547424
sketch/horse/n02374451_1189-3.png,sketch,4,horse,2,giraffe,0.770929753780365
sketch/horse/n02374451_1189-4.png,sketch,4,horse,1,elephant,0.5633951425552368
sketch/horse/n02374451_1189-5.png,sketch,4,horse,1,elephant,0.7012044191360474
sketch/horse/n02374451_1189-6.png,sketch,4,horse,4,horse,0.9817245006561279
sketch/horse/n02374451_1189-7.png,sketch,4,horse,4,horse,0.9955594539642334
sketch/horse/n02374451_11894-1.png,sketch,4,horse,4,horse,0.8729914426803589
sketch/horse/n02374451_11894-2.png,sketch,4,horse,4,horse,0.8747438192367554
sketch/horse/n02374451_11894-3.png,sketch,4,horse,4,horse,0.8679935932159424
sketch/horse/n02374451_11894-4.png,sketch,4,horse,1,elephant,0.5579814910888672
sketch/horse/n02374451_11894-5.png,sketch,4,horse,1,elephant,0.3407638967037201
sketch/horse/n02374451_11894-6.png,sketch,4,horse,1,elephant,0.5145165324211121
sketch/horse/n02374451_11894-7.png,sketch,4,horse,1,elephant,0.9022090435028076
sketch/horse/n02374451_11894-8.png,sketch,4,horse,1,elephant,0.8952036499977112
sketch/horse/n02374451_11894-9.png,sketch,4,horse,1,elephant,0.5596029162406921
sketch/horse/n02374451_12128-1.png,sketch,4,horse,5,house,0.8461316227912903
sketch/horse/n02374451_12128-2.png,sketch,4,horse,4,horse,0.9104232788085938
sketch/horse/n02374451_12128-3.png,sketch,4,horse,4,horse,0.5370129942893982
sketch/horse/n02374451_12128-4.png,sketch,4,horse,4,horse,0.42922526597976685
sketch/horse/n02374451_12128-5.png,sketch,4,horse,1,elephant,0.6647056937217712
sketch/horse/n02374451_12128-6.png,sketch,4,horse,4,horse,0.6704424619674683
sketch/horse/n02374451_12128-7.png,sketch,4,horse,4,horse,0.8063920140266418
sketch/horse/n02374451_12128-8.png,sketch,4,horse,5,house,0.48696890473365784
sketch/horse/n02374451_12174-1.png,sketch,4,horse,5,house,0.6083114147186279
sketch/horse/n02374451_12174-2.png,sketch,4,horse,5,house,0.9401279091835022
sketch/horse/n02374451_12174-3.png,sketch,4,horse,4,horse,0.8823105096817017
sketch/horse/n02374451_12174-4.png,sketch,4,horse,4,horse,0.9816224575042725
sketch/horse/n02374451_12174-5.png,sketch,4,horse,1,elephant,0.42620086669921875
sketch/horse/n02374451_12174-6.png,sketch,4,horse,4,horse,0.9996545314788818
sketch/horse/n02374451_12200-1.png,sketch,4,horse,5,house,0.6163825392723083
sketch/horse/n02374451_12200-2.png,sketch,4,horse,5,house,0.4515863358974457
sketch/horse/n02374451_12200-3.png,sketch,4,horse,4,horse,0.9111419916152954
sketch/horse/n02374451_12200-4.png,sketch,4,horse,1,elephant,0.6302019953727722
sketch/horse/n02374451_12200-5.png,sketch,4,horse,1,elephant,0.5138797760009766
sketch/horse/n02374451_12200-6.png,sketch,4,horse,4,horse,0.9946215152740479
sketch/horse/n02374451_12200-7.png,sketch,4,horse,1,elephant,0.813032865524292
sketch/horse/n02374451_12225-1.png,sketch,4,horse,4,horse,0.8770299553871155
sketch/horse/n02374451_12225-2.png,sketch,4,horse,5,house,0.7408548593521118
sketch/horse/n02374451_12225-3.png,sketch,4,horse,4,horse,0.9801220893859863
sketch/horse/n02374451_12225-4.png,sketch,4,horse,4,horse,0.8924679756164551
sketch/horse/n02374451_12225-5.png,sketch,4,horse,5,house,0.920824408531189
sketch/horse/n02374451_12225-6.png,sketch,4,horse,2,giraffe,0.44592010974884033
sketch/horse/n02374451_12230-1.png,sketch,4,horse,2,giraffe,0.4295557737350464
sketch/horse/n02374451_12230-2.png,sketch,4,horse,5,house,0.5563719868659973
sketch/horse/n02374451_12230-3.png,sketch,4,horse,5,house,0.9023199677467346
sketch/horse/n02374451_12230-4.png,sketch,4,horse,2,giraffe,0.5396052598953247
sketch/horse/n02374451_12230-5.png,sketch,4,horse,4,horse,0.8670238256454468
sketch/horse/n02374451_12230-6.png,sketch,4,horse,5,house,0.5395273566246033
sketch/horse/n02374451_12230-7.png,sketch,4,horse,4,horse,0.8449897766113281
sketch/horse/n02374451_12239-1.png,sketch,4,horse,5,house,0.8825913667678833
sketch/horse/n02374451_12239-2.png,sketch,4,horse,4,horse,0.26701509952545166
sketch/horse/n02374451_12239-3.png,sketch,4,horse,5,house,0.74758380651474
sketch/horse/n02374451_12239-4.png,sketch,4,horse,5,house,0.4794410765171051
sketch/horse/n02374451_12239-5.png,sketch,4,horse,2,giraffe,0.4321154057979584
sketch/horse/n02374451_12239-6.png,sketch,4,horse,4,horse,0.4911334216594696
sketch/horse/n02374451_12239-7.png,sketch,4,horse,4,horse,0.8123563528060913
sketch/horse/n02374451_12250-1.png,sketch,4,horse,4,horse,0.8752676248550415
sketch/horse/n02374451_12250-2.png,sketch,4,horse,5,house,0.8300693035125732
sketch/horse/n02374451_12250-3.png,sketch,4,horse,5,house,0.8142390251159668
sketch/horse/n02374451_12250-4.png,sketch,4,horse,1,elephant,0.662878692150116
sketch/horse/n02374451_12250-5.png,sketch,4,horse,4,horse,0.39594170451164246
sketch/horse/n02374451_12250-6.png,sketch,4,horse,1,elephant,0.745317280292511
sketch/horse/n02374451_12250-7.png,sketch,4,horse,5,house,0.5163909196853638
sketch/horse/n02374451_12254-1.png,sketch,4,horse,5,house,0.5454260110855103
sketch/horse/n02374451_12254-2.png,sketch,4,horse,1,elephant,0.5180850028991699
sketch/horse/n02374451_12254-3.png,sketch,4,horse,1,elephant,0.6696627140045166
sketch/horse/n02374451_12254-4.png,sketch,4,horse,1,elephant,0.45661479234695435
sketch/horse/n02374451_12254-5.png,sketch,4,horse,1,elephant,0.4484606981277466
sketch/horse/n02374451_12254-6.png,sketch,4,horse,5,house,0.8459901213645935
sketch/horse/n02374451_12254-7.png,sketch,4,horse,1,elephant,0.4117944836616516
sketch/horse/n02374451_12328-1.png,sketch,4,horse,1,elephant,0.4279915988445282
sketch/horse/n02374451_12328-10.png,sketch,4,horse,5,house,0.5567858219146729
sketch/horse/n02374451_12328-2.png,sketch,4,horse,4,horse,0.39972618222236633
sketch/horse/n02374451_12328-3.png,sketch,4,horse,4,horse,0.3332332372665405
sketch/horse/n02374451_12328-4.png,sketch,4,horse,1,elephant,0.4539496898651123
sketch/horse/n02374451_12328-5.png,sketch,4,horse,1,elephant,0.726539671421051
sketch/horse/n02374451_12328-6.png,sketch,4,horse,5,house,0.4239019751548767
sketch/horse/n02374451_12328-7.png,sketch,4,horse,4,horse,0.9922081828117371
sketch/horse/n02374451_12328-8.png,sketch,4,horse,1,elephant,0.5425447821617126
sketch/horse/n02374451_12328-9.png,sketch,4,horse,1,elephant,0.46181002259254456
sketch/horse/n02374451_1234-1.png,sketch,4,horse,4,horse,0.922217071056366
sketch/horse/n02374451_1234-2.png,sketch,4,horse,5,house,0.4326397180557251
sketch/horse/n02374451_1234-3.png,sketch,4,horse,4,horse,0.8128331303596497
sketch/horse/n02374451_1234-4.png,sketch,4,horse,4,horse,0.42642298340797424
sketch/horse/n02374451_1234-5.png,sketch,4,horse,4,horse,0.2773582935333252
sketch/horse/n02374451_1234-6.png,sketch,4,horse,4,horse,0.48313748836517334
sketch/horse/n02374451_12418-1.png,sketch,4,horse,1,elephant,0.48575228452682495
sketch/horse/n02374451_12418-10.png,sketch,4,horse,2,giraffe,0.5479571223258972
sketch/horse/n02374451_12418-2.png,sketch,4,horse,1,elephant,0.37777143716812134
sketch/horse/n02374451_12418-3.png,sketch,4,horse,4,horse,0.5293252468109131
sketch/horse/n02374451_12418-4.png,sketch,4,horse,5,house,0.533968985080719
sketch/horse/n02374451_12418-5.png,sketch,4,horse,5,house,0.49245473742485046
sketch/horse/n02374451_12418-6.png,sketch,4,horse,2,giraffe,0.6243112087249756
sketch/horse/n02374451_12418-7.png,sketch,4,horse,4,horse,0.38026753067970276
sketch/horse/n02374451_12418-8.png,sketch,4,horse,4,horse,0.902401328086853
sketch/horse/n02374451_12418-9.png,sketch,4,horse,1,elephant,0.48995187878608704
sketch/horse/n02374451_12792-1.png,sketch,4,horse,1,elephant,0.34010064601898193
sketch/horse/n02374451_12792-10.png,sketch,4,horse,4,horse,0.9943726062774658
sketch/horse/n02374451_12792-2.png,sketch,4,horse,4,horse,0.7235080003738403
sketch/horse/n02374451_12792-3.png,sketch,4,horse,5,house,0.48540815711021423
sketch/horse/n02374451_12792-4.png,sketch,4,horse,4,horse,0.9945755004882812
sketch/horse/n02374451_12792-5.png,sketch,4,horse,5,house,0.6782452464103699
sketch/horse/n02374451_12792-6.png,sketch,4,horse,1,elephant,0.6381502151489258
sketch/horse/n02374451_12792-7.png,sketch,4,horse,4,horse,0.498920202255249
sketch/horse/n02374451_12792-8.png,sketch,4,horse,1,elephant,0.8335205912590027
sketch/horse/n02374451_12792-9.png,sketch,4,horse,5,house,0.6382662653923035
sketch/horse/n02374451_12847-1.png,sketch,4,horse,1,elephant,0.5113730430603027
sketch/horse/n02374451_12847-2.png,sketch,4,horse,4,horse,0.5147491097450256
sketch/horse/n02374451_12847-3.png,sketch,4,horse,4,horse,0.9547430276870728
sketch/horse/n02374451_12847-4.png,sketch,4,horse,1,elephant,0.36689573526382446
sketch/horse/n02374451_12847-5.png,sketch,4,horse,5,house,0.6494531035423279
sketch/horse/n02374451_12847-6.png,sketch,4,horse,4,horse,0.43258994817733765
sketch/horse/n02374451_12847-7.png,sketch,4,horse,4,horse,0.9585645198822021
sketch/horse/n02374451_12847-8.png,sketch,4,horse,1,elephant,0.5288081765174866
sketch/horse/n02374451_13132-1.png,sketch,4,horse,5,house,0.9359471797943115
sketch/horse/n02374451_13132-2.png,sketch,4,horse,4,horse,0.978824257850647
sketch/horse/n02374451_13132-3.png,sketch,4,horse,5,house,0.9582000970840454
sketch/horse/n02374451_13132-4.png,sketch,4,horse,5,house,0.3613363206386566
sketch/horse/n02374451_13132-5.png,sketch,4,horse,5,house,0.6225865483283997
sketch/horse/n02374451_13132-6.png,sketch,4,horse,5,house,0.8230077624320984
sketch/horse/n02374451_13132-7.png,sketch,4,horse,4,horse,0.9980306029319763
sketch/horse/n02374451_13136-1.png,sketch,4,horse,5,house,0.48238202929496765
sketch/horse/n02374451_13136-2.png,sketch,4,horse,1,elephant,0.927506685256958
sketch/horse/n02374451_13136-3.png,sketch,4,horse,5,house,0.3207164406776428
sketch/horse/n02374451_13136-4.png,sketch,4,horse,4,horse,0.7142968773841858
sketch/horse/n02374451_13136-5.png,sketch,4,horse,4,horse,0.690759539604187
sketch/horse/n02374451_13159-1.png,sketch,4,horse,5,house,0.4808695614337921
sketch/horse/n02374451_13159-2.png,sketch,4,horse,2,giraffe,0.5544351935386658
sketch/horse/n02374451_13159-3.png,sketch,4,horse,2,giraffe,0.5050755143165588
sketch/horse/n02374451_13159-4.png,sketch,4,horse,1,elephant,0.5697742104530334
sketch/horse/n02374451_13159-5.png,sketch,4,horse,2,giraffe,0.9013474583625793
sketch/horse/n02374451_13159-6.png,sketch,4,horse,2,giraffe,0.4821765124797821
sketch/horse/n02374451_13159-7.png,sketch,4,horse,1,elephant,0.7251324653625488
sketch/horse/n02374451_13159-8.png,sketch,4,horse,1,elephant,0.5792239904403687
sketch/horse/n02374451_13171-1.png,sketch,4,horse,1,elephant,0.8123270869255066
sketch/horse/n02374451_13171-2.png,sketch,4,horse,1,elephant,0.8138933181762695
sketch/horse/n02374451_13171-3.png,sketch,4,horse,4,horse,0.884993851184845
sketch/horse/n02374451_13171-4.png,sketch,4,horse,4,horse,0.7782709002494812
sketch/horse/n02374451_13171-5.png,sketch,4,horse,5,house,0.9217817187309265
sketch/horse/n02374451_13171-6.png,sketch,4,horse,5,house,0.3482495844364166
sketch/horse/n02374451_1340-1.png,sketch,4,horse,1,elephant,0.5535217523574829
sketch/horse/n02374451_1340-10.png,sketch,4,horse,5,house,0.4647826850414276
sketch/horse/n02374451_1340-11.png,sketch,4,horse,4,horse,0.60544753074646
sketch/horse/n02374451_1340-2.png,sketch,4,horse,5,house,0.4170985221862793
sketch/horse/n02374451_1340-3.png,sketch,4,horse,4,horse,0.5271329283714294
sketch/horse/n02374451_1340-4.png,sketch,4,horse,1,elephant,0.4819983243942261
sketch/horse/n02374451_1340-5.png,sketch,4,horse,4,horse,0.9991099238395691
sketch/horse/n02374451_1340-6.png,sketch,4,horse,5,house,0.5370864272117615
sketch/horse/n02374451_1340-7.png,sketch,4,horse,4,horse,0.7837726473808289
sketch/horse/n02374451_1340-8.png,sketch,4,horse,1,elephant,0.5728896856307983
sketch/horse/n02374451_1340-9.png,sketch,4,horse,4,horse,0.38683727383613586
sketch/horse/n02374451_13718-1.png,sketch,4,horse,1,elephant,0.4258817434310913
sketch/horse/n02374451_13718-2.png,sketch,4,horse,1,elephant,0.7837711572647095
sketch/horse/n02374451_13718-3.png,sketch,4,horse,1,elephant,0.7720298171043396
sketch/horse/n02374451_13718-4.png,sketch,4,horse,4,horse,0.6993815898895264
sketch/horse/n02374451_13718-5.png,sketch,4,horse,5,house,0.5161116123199463
sketch/horse/n02374451_13718-6.png,sketch,4,horse,5,house,0.6509552597999573
sketch/horse/n02374451_14119-1.png,sketch,4,horse,1,elephant,0.6273892521858215
sketch/horse/n02374451_14119-2.png,sketch,4,horse,2,giraffe,0.7004391551017761
sketch/horse/n02374451_14119-3.png,sketch,4,horse,1,elephant,0.9391704797744751
sketch/horse/n02374451_14119-4.png,sketch,4,horse,1,elephant,0.9499373435974121
sketch/horse/n02374451_14119-5.png,sketch,4,horse,1,elephant,0.894413948059082
sketch/horse/n02374451_14119-6.png,sketch,4,horse,4,horse,0.818709671497345
sketch/horse/n02374451_14119-7.png,sketch,4,horse,1,elephant,0.7815173268318176
sketch/horse/n02374451_14119-8.png,sketch,4,horse,5,house,0.38182225823402405
sketch/horse/n02374451_14119-9.png,sketch,4,horse,1,elephant,0.6469918489456177
sketch/horse/n02374451_14233-1.png,sketch,4,horse,4,horse,0.734814465045929
sketch/horse/n02374451_14233-2.png,sketch,4,horse,5,house,0.8459831476211548
sketch/horse/n02374451_14233-3.png,sketch,4,horse,5,house,0.45297837257385254
sketch/horse/n02374451_14233-4.png,sketch,4,horse,5,house,0.5491319894790649
sketch/horse/n02374451_14233-5.png,sketch,4,horse,4,horse,0.7073803544044495
sketch/horse/n02374451_14399-1.png,sketch,4,horse,5,house,0.49149203300476074
sketch/horse/n02374451_14399-2.png,sketch,4,horse,1,elephant,0.9268227815628052
sketch/horse/n02374451_14399-3.png,sketch,4,horse,4,horse,0.988734245300293
sketch/horse/n02374451_14399-4.png,sketch,4,horse,1,elephant,0.34616777300834656
sketch/horse/n02374451_14399-5.png,sketch,4,horse,4,horse,0.9611079692840576
sketch/horse/n02374451_14399-6.png,sketch,4,horse,4,horse,0.631650984287262
sketch/horse/n02374451_14399-7.png,sketch,4,horse,4,horse,0.45853856205940247
sketch/horse/n02374451_14425-1.png,sketch,4,horse,1,elephant,0.8178901076316833
sketch/horse/n02374451_14425-10.png,sketch,4,horse,1,elephant,0.5927783250808716
sketch/horse/n02374451_14425-2.png,sketch,4,horse,1,elephant,0.7011353969573975
sketch/horse/n02374451_14425-3.png,sketch,4,horse,4,horse,0.8002097010612488
sketch/horse/n02374451_14425-4.png,sketch,4,horse,1,elephant,0.5056232810020447
sketch/horse/n02374451_14425-5.png,sketch,4,horse,1,elephant,0.38687360286712646
sketch/horse/n02374451_14425-6.png,sketch,4,horse,4,horse,0.8148322701454163
sketch/horse/n02374451_14425-7.png,sketch,4,horse,5,house,0.40029430389404297
sketch/horse/n02374451_14425-8.png,sketch,4,horse,4,horse,0.9966492056846619
sketch/horse/n02374451_14425-9.png,sketch,4,horse,4,horse,0.4970274865627289
sketch/horse/n02374451_1443-1.png,sketch,4,horse,2,giraffe,0.7245057821273804
sketch/horse/n02374451_1443-2.png,sketch,4,horse,5,house,0.426469624042511
sketch/horse/n02374451_1443-3.png,sketch,4,horse,1,elephant,0.5347269177436829
sketch/horse/n02374451_1443-4.png,sketch,4,horse,2,giraffe,0.4400947391986847
sketch/horse/n02374451_1443-5.png,sketch,4,horse,2,giraffe,0.6064098477363586
sketch/horse/n02374451_1443-6.png,sketch,4,horse,4,horse,0.97614985704422
sketch/horse/n02374451_1443-7.png,sketch,4,horse,4,horse,0.9433367848396301
sketch/horse/n02374451_1443-8.png,sketch,4,horse,2,giraffe,0.5972962379455566
sketch/horse/n02374451_14738-1.png,sketch,4,horse,1,elephant,0.5287779569625854
sketch/horse/n02374451_14738-2.png,sketch,4,horse,4,horse,0.9965929388999939
sketch/horse/n02374451_14738-3.png,sketch,4,horse,4,horse,0.5261169075965881
sketch/horse/n02374451_14738-4.png,sketch,4,horse,4,horse,0.6386895775794983
sketch/horse/n02374451_14738-5.png,sketch,4,horse,1,elephant,0.7459685206413269
sketch/horse/n02374451_14738-6.png,sketch,4,horse,4,horse,0.6231061816215515
sketch/horse/n02374451_14738-7.png,sketch,4,horse,4,horse,0.41029325127601624
sketch/horse/n02374451_14846-1.png,sketch,4,horse,4,horse,0.6255815625190735
sketch/horse/n02374451_14846-2.png,sketch,4,horse,5,house,0.7067322731018066
sketch/horse/n02374451_14846-3.png,sketch,4,horse,5,house,0.8226178288459778
sketch/horse/n02374451_14846-4.png,sketch,4,horse,1,elephant,0.6843481063842773
sketch/horse/n02374451_14846-5.png,sketch,4,horse,2,giraffe,0.43844857811927795
sketch/horse/n02374451_14846-6.png,sketch,4,horse,1,elephant,0.7797646522521973
sketch/horse/n02374451_14846-7.png,sketch,4,horse,1,elephant,0.803413450717926
sketch/horse/n02374451_15307-1.png,sketch,4,horse,2,giraffe,0.8358530402183533
sketch/horse/n02374451_15307-2.png,sketch,4,horse,4,horse,0.9753684997558594
sketch/horse/n02374451_15307-3.png,sketch,4,horse,2,giraffe,0.6030138731002808
sketch/horse/n02374451_15307-4.png,sketch,4,horse,1,elephant,0.41279828548431396
sketch/horse/n02374451_15307-5.png,sketch,4,horse,4,horse,0.6225802302360535
sketch/horse/n02374451_15307-6.png,sketch,4,horse,2,giraffe,0.401594340801239
sketch/horse/n02374451_15440-1.png,sketch,4,horse,4,horse,0.8529226779937744
sketch/horse/n02374451_15440-2.png,sketch,4,horse,2,giraffe,0.300165057182312
sketch/horse/n02374451_15440-3.png,sketch,4,horse,2,giraffe,0.36431601643562317
sketch/horse/n02374451_15440-4.png,sketch,4,horse,4,horse,0.9517876505851746
sketch/horse/n02374451_15440-5.png,sketch,4,horse,4,horse,0.9243894815444946
sketch/horse/n02374451_15440-6.png,sketch,4,horse,2,giraffe,0.7737453579902649
sketch/horse/n02374451_15453-1.png,sketch,4,horse,1,elephant,0.5424001812934875
sketch/horse/n02374451_15453-2.png,sketch,4,horse,4,horse,0.49188271164894104
sketch/horse/n02374451_15453-3.png,sketch,4,horse,1,elephant,0.3944348990917206
sketch/horse/n02374451_15453-4.png,sketch,4,horse,2,giraffe,0.9788573980331421
sketch/horse/n02374451_15453-5.png,sketch,4,horse,4,horse,0.5907633304595947
sketch/horse/n02374451_15453-6.png,sketch,4,horse,1,elephant,0.8457199335098267
sketch/horse/n02374451_15453-7.png,sketch,4,horse,2,giraffe,0.6206732988357544
sketch/horse/n02374451_15669-1.png,sketch,4,horse,4,horse,0.6976604461669922
sketch/horse/n02374451_15669-2.png,sketch,4,horse,4,horse,0.558147668838501
sketch/horse/n02374451_15669-3.png,sketch,4,horse,4,horse,0.7300163507461548
sketch/horse/n02374451_15669-4.png,sketch,4,horse,4,horse,0.887641966342926
sketch/horse/n02374451_15669-5.png,sketch,4,horse,4,horse,0.7218602299690247
sketch/horse/n02374451_15669-6.png,sketch,4,horse,4,horse,0.9883230328559875
sketch/horse/n02374451_16194-1.png,sketch,4,horse,1,elephant,0.667667806148529
sketch/horse/n02374451_16194-2.png,sketch,4,horse,4,horse,0.9018996953964233
sketch/horse/n02374451_16194-3.png,sketch,4,horse,4,horse,0.7287726402282715
sketch/horse/n02374451_16194-4.png,sketch,4,horse,4,horse,0.5543068051338196
sketch/horse/n02374451_16194-5.png,sketch,4,horse,4,horse,0.5965266823768616
sketch/horse/n02374451_16194-6.png,sketch,4,horse,1,elephant,0.8135485649108887
sketch/horse/n02374451_16358-1.png,sketch,4,horse,4,horse,0.6418356895446777
sketch/horse/n02374451_16358-2.png,sketch,4,horse,1,elephant,0.29893413186073303
sketch/horse/n02374451_16358-3.png,sketch,4,horse,1,elephant,0.5967674851417542
sketch/horse/n02374451_16358-4.png,sketch,4,horse,5,house,0.3938961923122406
sketch/horse/n02374451_16358-5.png,sketch,4,horse,2,giraffe,0.480679452419281
sketch/horse/n02374451_16358-6.png,sketch,4,horse,4,horse,0.36660289764404297
sketch/horse/n02374451_16948-1.png,sketch,4,horse,5,house,0.4556351602077484
sketch/horse/n02374451_16948-2.png,sketch,4,horse,5,house,0.6736665368080139
sketch/horse/n02374451_16948-3.png,sketch,4,horse,5,house,0.342597097158432
sketch/horse/n02374451_16948-4.png,sketch,4,horse,1,elephant,0.6358098387718201
sketch/horse/n02374451_16948-5.png,sketch,4,horse,4,horse,0.9103689193725586
sketch/horse/n02374451_16948-6.png,sketch,4,horse,4,horse,0.9490231275558472
sketch/horse/n02374451_16948-7.png,sketch,4,horse,4,horse,0.9736146330833435
sketch/horse/n02374451_16948-8.png,sketch,4,horse,1,elephant,0.6032330989837646
sketch/horse/n02374451_16948-9.png,sketch,4,horse,1,elephant,0.7961278557777405
sketch/horse/n02374451_1695-1.png,sketch,4,horse,2,giraffe,0.4955798089504242
sketch/horse/n02374451_1695-2.png,sketch,4,horse,1,elephant,0.35503464937210083
sketch/horse/n02374451_1695-3.png,sketch,4,horse,5,house,0.5566607713699341
sketch/horse/n02374451_1695-4.png,sketch,4,horse,4,horse,0.7478777766227722
sketch/horse/n02374451_1695-5.png,sketch,4,horse,1,elephant,0.377767950296402
sketch/horse/n02374451_1695-6.png,sketch,4,horse,5,house,0.3674662113189697
sketch/horse/n02374451_1695-7.png,sketch,4,horse,4,horse,0.49797511100769043
sketch/horse/n02374451_17043-1.png,sketch,4,horse,5,house,0.33967462182044983
sketch/horse/n02374451_17043-2.png,sketch,4,horse,5,house,0.4033997058868408
sketch/horse/n02374451_17043-3.png,sketch,4,horse,4,horse,0.9208036661148071
sketch/horse/n02374451_17043-4.png,sketch,4,horse,4,horse,0.41017505526542664
sketch/horse/n02374451_17043-5.png,sketch,4,horse,1,elephant,0.40409740805625916
sketch/horse/n02374451_17043-6.png,sketch,4,horse,5,house,0.5172101259231567
sketch/horse/n02374451_17384-1.png,sketch,4,horse,4,horse,0.7214429378509521
sketch/horse/n02374451_17384-2.png,sketch,4,horse,1,elephant,0.5612645745277405
sketch/horse/n02374451_17384-3.png,sketch,4,horse,4,horse,0.7139652967453003
sketch/horse/n02374451_17384-4.png,sketch,4,horse,4,horse,0.6825182437896729
sketch/horse/n02374451_17384-5.png,sketch,4,horse,5,house,0.6133320927619934
sketch/horse/n02374451_17384-6.png,sketch,4,horse,1,elephant,0.5028420090675354
sketch/horse/n02374451_17384-7.png,sketch,4,horse,4,horse,0.7321001291275024
sketch/horse/n02374451_17384-8.png,sketch,4,horse,5,house,0.6103653907775879
sketch/horse/n02374451_17474-1.png,sketch,4,horse,4,horse,0.3899807035923004
sketch/horse/n02374451_17474-2.png,sketch,4,horse,1,elephant,0.5965574979782104
sketch/horse/n02374451_17474-3.png,sketch,4,horse,1,elephant,0.47789645195007324
sketch/horse/n02374451_17474-4.png,sketch,4,horse,2,giraffe,0.6506708264350891
sketch/horse/n02374451_17474-5.png,sketch,4,horse,5,house,0.43812108039855957
sketch/horse/n02374451_17474-6.png,sketch,4,horse,4,horse,0.8239414691925049
sketch/horse/n02374451_17474-7.png,sketch,4,horse,4,horse,0.9836114048957825
sketch/horse/n02374451_17474-8.png,sketch,4,horse,4,horse,0.9890804886817932
sketch/horse/n02374451_17634-1.png,sketch,4,horse,4,horse,0.8198958039283752
sketch/horse/n02374451_17634-2.png,sketch,4,horse,1,elephant,0.679011344909668
sketch/horse/n02374451_17634-3.png,sketch,4,horse,5,house,0.5035656690597534
sketch/horse/n02374451_17634-4.png,sketch,4,horse,4,horse,0.9819374084472656
sketch/horse/n02374451_17634-5.png,sketch,4,horse,5,house,0.4218847155570984
sketch/horse/n02374451_17634-6.png,sketch,4,horse,4,horse,0.9819971919059753
sketch/horse/n02374451_18192-1.png,sketch,4,horse,4,horse,0.747692883014679
sketch/horse/n02374451_18192-2.png,sketch,4,horse,1,elephant,0.8474693298339844
sketch/horse/n02374451_18192-3.png,sketch,4,horse,4,horse,0.9226200580596924
sketch/horse/n02374451_18192-4.png,sketch,4,horse,5,house,0.46578964591026306
sketch/horse/n02374451_18192-5.png,sketch,4,horse,2,giraffe,0.5949277877807617
sketch/horse/n02374451_18192-6.png,sketch,4,horse,4,horse,0.9680812358856201
sketch/horse/n02374451_18570-1.png,sketch,4,horse,1,elephant,0.4053554832935333
sketch/horse/n02374451_18570-2.png,sketch,4,horse,5,house,0.37781378626823425
sketch/horse/n02374451_18570-3.png,sketch,4,horse,5,house,0.5845096111297607
sketch/horse/n02374451_18570-4.png,sketch,4,horse,4,horse,0.8999733924865723
sketch/horse/n02374451_18570-5.png,sketch,4,horse,1,elephant,0.4255979657173157
sketch/horse/n02374451_18570-6.png,sketch,4,horse,4,horse,0.5616168975830078
sketch/horse/n02374451_18570-7.png,sketch,4,horse,1,elephant,0.46655601263046265
sketch/horse/n02374451_18909-1.png,sketch,4,horse,4,horse,0.9989390969276428
sketch/horse/n02374451_18909-2.png,sketch,4,horse,4,horse,0.9440088272094727
sketch/horse/n02374451_18909-3.png,sketch,4,horse,2,giraffe,0.5352160930633545
sketch/horse/n02374451_18909-4.png,sketch,4,horse,5,house,0.8048785924911499
sketch/horse/n02374451_18909-5.png,sketch,4,horse,5,house,0.4026811122894287
sketch/horse/n02374451_18909-6.png,sketch,4,horse,4,horse,0.5737996697425842
sketch/horse/n02374451_2233-1.png,sketch,4,horse,2,giraffe,0.6088825464248657
sketch/horse/n02374451_2233-2.png,sketch,4,horse,5,house,0.4757969081401825
sketch/horse/n02374451_2233-3.png,sketch,4,horse,4,horse,0.8904414772987366
sketch/horse/n02374451_2233-4.png,sketch,4,horse,4,horse,0.9521247148513794
sketch/horse/n02374451_2233-5.png,sketch,4,horse,1,elephant,0.7173132300376892
sketch/horse/n02374451_2233-6.png,sketch,4,horse,4,horse,0.5528704524040222
sketch/horse/n02374451_2233-7.png,sketch,4,horse,4,horse,0.7341683506965637
sketch/horse/n02374451_2248-1.png,sketch,4,horse,4,horse,0.8360627293586731
sketch/horse/n02374451_2248-2.png,sketch,4,horse,1,elephant,0.6919800043106079
sketch/horse/n02374451_2248-3.png,sketch,4,horse,1,elephant,0.49495866894721985
sketch/horse/n02374451_2248-4.png,sketch,4,horse,1,elephant,0.6397303938865662
sketch/horse/n02374451_2248-5.png,sketch,4,horse,4,horse,0.7733095288276672
sketch/horse/n02374451_2248-6.png,sketch,4,horse,1,elephant,0.6452045440673828
sketch/horse/n02374451_2248-7.png,sketch,4,horse,5,house,0.5154671669006348
sketch/horse/n02374451_2248-8.png,sketch,4,horse,4,horse,0.975911021232605
sketch/horse/n02374451_2372-1.png,sketch,4,horse,5,house,0.5616137385368347
sketch/horse/n02374451_2372-2.png,sketch,4,horse,5,house,0.3683575391769409
sketch/horse/n02374451_2372-3.png,sketch,4,horse,2,giraffe,0.3290306627750397
sketch/horse/n02374451_2372-4.png,sketch,4,horse,1,elephant,0.7050504684448242
sketch/horse/n02374451_2372-5.png,sketch,4,horse,1,elephant,0.625423789024353
sketch/horse/n02374451_2372-6.png,sketch,4,horse,4,horse,0.476138174533844
sketch/horse/n02374451_2372-7.png,sketch,4,horse,1,elephant,0.8872410655021667
sketch/horse/n02374451_2372-8.png,sketch,4,horse,4,horse,0.996147871017456
sketch/horse/n02374451_245-1.png,sketch,4,horse,5,house,0.7852123379707336
sketch/horse/n02374451_245-2.png,sketch,4,horse,1,elephant,0.398889422416687
sketch/horse/n02374451_245-3.png,sketch,4,horse,1,elephant,0.6945061087608337
sketch/horse/n02374451_245-4.png,sketch,4,horse,1,elephant,0.37195369601249695
sketch/horse/n02374451_245-5.png,sketch,4,horse,1,elephant,0.4145881235599518
sketch/horse/n02374451_245-6.png,sketch,4,horse,1,elephant,0.6814659237861633
sketch/horse/n02374451_2478-1.png,sketch,4,horse,5,house,0.6299428939819336
sketch/horse/n02374451_2478-2.png,sketch,4,horse,4,horse,0.45655182003974915
sketch/horse/n02374451_2478-3.png,sketch,4,horse,4,horse,0.9751465916633606
sketch/horse/n02374451_2478-4.png,sketch,4,horse,4,horse,0.9998838901519775
sketch/horse/n02374451_2478-5.png,sketch,4,horse,4,horse,0.9954774975776672
sketch/horse/n02374451_257-1.png,sketch,4,horse,1,elephant,0.47750693559646606
sketch/horse/n02374451_257-2.png,sketch,4,horse,4,horse,0.9996212720870972
sketch/horse/n02374451_257-3.png,sketch,4,horse,2,giraffe,0.38539400696754456
sketch/horse/n02374451_257-4.png,sketch,4,horse,2,giraffe,0.4843638241291046
sketch/horse/n02374451_257-5.png,sketch,4,horse,4,horse,0.9925253391265869
sketch/horse/n02374451_257-6.png,sketch,4,horse,2,giraffe,0.571209728717804
sketch/horse/n02374451_257-7.png,sketch,4,horse,4,horse,0.9959695339202881
sketch/horse/n02374451_2616-1.png,sketch,4,horse,1,elephant,0.5766094326972961
sketch/horse/n02374451_2616-10.png,sketch,4,horse,1,elephant,0.48355478048324585
sketch/horse/n02374451_2616-2.png,sketch,4,horse,4,horse,0.6012704372406006
sketch/horse/n02374451_2616-3.png,sketch,4,horse,1,elephant,0.8802859783172607
sketch/horse/n02374451_2616-4.png,sketch,4,horse,4,horse,0.8005974292755127
sketch/horse/n02374451_2616-5.png,sketch,4,horse,5,house,0.5218785405158997
sketch/horse/n02374451_2616-6.png,sketch,4,horse,5,house,0.5457801818847656
sketch/horse/n02374451_2616-7.png,sketch,4,horse,5,house,0.6223607659339905
sketch/horse/n02374451_2616-8.png,sketch,4,horse,1,elephant,0.8578563928604126
sketch/horse/n02374451_2616-9.png,sketch,4,horse,4,horse,0.9555338621139526
sketch/horse/n02374451_262-1.png,sketch,4,horse,4,horse,0.9987694621086121
sketch/horse/n02374451_262-10.png,sketch,4,horse,1,elephant,0.47816967964172363
sketch/horse/n02374451_262-11.png,sketch,4,horse,4,horse,0.9682644009590149
sketch/horse/n02374451_262-12.png,sketch,4,horse,2,giraffe,0.3757030665874481
sketch/horse/n02374451_262-2.png,sketch,4,horse,5,house,0.35181093215942383
sketch/horse/n02374451_262-3.png,sketch,4,horse,5,house,0.46847447752952576
sketch/horse/n02374451_262-4.png,sketch,4,horse,2,giraffe,0.3612104058265686
sketch/horse/n02374451_262-5.png,sketch,4,horse,5,house,0.3674532473087311
sketch/horse/n02374451_262-6.png,sketch,4,horse,1,elephant,0.5505117774009705
sketch/horse/n02374451_262-7.png,sketch,4,horse,4,horse,0.7677016854286194
sketch/horse/n02374451_262-8.png,sketch,4,horse,2,giraffe,0.4871056377887726
sketch/horse/n02374451_262-9.png,sketch,4,horse,1,elephant,0.45388656854629517
sketch/horse/n02374451_2733-1.png,sketch,4,horse,4,horse,0.4928181767463684
sketch/horse/n02374451_2733-2.png,sketch,4,horse,5,house,0.9096015095710754
sketch/horse/n02374451_2733-3.png,sketch,4,horse,1,elephant,0.9511102437973022
sketch/horse/n02374451_2733-4.png,sketch,4,horse,4,horse,0.7257917523384094
sketch/horse/n02374451_2733-5.png,sketch,4,horse,4,horse,0.8750675916671753
sketch/horse/n02374451_2733-6.png,sketch,4,horse,5,house,0.44247129559516907
sketch/horse/n02374451_2733-7.png,sketch,4,horse,4,horse,0.904332160949707
sketch/horse/n02374451_2743-1.png,sketch,4,horse,1,elephant,0.9118765592575073
sketch/horse/n02374451_2743-2.png,sketch,4,horse,2,giraffe,0.9493400454521179
sketch/horse/n02374451_2743-3.png,sketch,4,horse,4,horse,0.7145963311195374
sketch/horse/n02374451_2743-4.png,sketch,4,horse,1,elephant,0.44230079650878906
sketch/horse/n02374451_2743-5.png,sketch,4,horse,2,giraffe,0.8728014230728149
sketch/horse/n02374451_2743-6.png,sketch,4,horse,4,horse,0.450046181678772
sketch/horse/n02374451_2743-7.png,sketch,4,horse,2,giraffe,0.7891993522644043
sketch/horse/n02374451_276-1.png,sketch,4,horse,2,giraffe,0.3500063717365265
sketch/horse/n02374451_276-10.png,sketch,4,horse,4,horse,0.39913448691368103
sketch/horse/n02374451_276-2.png,sketch,4,horse,1,elephant,0.6451581120491028
sketch/horse/n02374451_276-3.png,sketch,4,horse,1,elephant,0.7672361731529236
sketch/horse/n02374451_276-4.png,sketch,4,horse,5,house,0.35608935356140137
sketch/horse/n02374451_276-5.png,sketch,4,horse,1,elephant,0.6868725419044495
sketch/horse/n02374451_276-6.png,sketch,4,horse,1,elephant,0.36977624893188477
sketch/horse/n02374451_276-7.png,sketch,4,horse,1,elephant,0.39995646476745605
sketch/horse/n02374451_276-8.png,sketch,4,horse,4,horse,0.49930253624916077
sketch/horse/n02374451_276-9.png,sketch,4,horse,5,house,0.5280214548110962
sketch/horse/n02374451_2825-1.png,sketch,4,horse,2,giraffe,0.3664388060569763
sketch/horse/n02374451_2825-10.png,sketch,4,horse,1,elephant,0.5153337121009827
sketch/horse/n02374451_2825-2.png,sketch,4,horse,4,horse,0.8846740126609802
sketch/horse/n02374451_2825-3.png,sketch,4,horse,4,horse,0.9927639365196228
sketch/horse/n02374451_2825-4.png,sketch,4,horse,5,house,0.4786235988140106
sketch/horse/n02374451_2825-5.png,sketch,4,horse,5,house,0.6343734264373779
sketch/horse/n02374451_2825-6.png,sketch,4,horse,5,house,0.43092963099479675
sketch/horse/n02374451_2825-7.png,sketch,4,horse,1,elephant,0.502716600894928
sketch/horse/n02374451_2825-8.png,sketch,4,horse,1,elephant,0.8233758211135864
sketch/horse/n02374451_2825-9.png,sketch,4,horse,1,elephant,0.5114688873291016
sketch/horse/n02374451_2846-1.png,sketch,4,horse,2,giraffe,0.4858276844024658
sketch/horse/n02374451_2846-2.png,sketch,4,horse,5,house,0.5981559157371521
sketch/horse/n02374451_2846-3.png,sketch,4,horse,4,horse,0.639970600605011
sketch/horse/n02374451_2846-4.png,sketch,4,horse,5,house,0.4852403402328491
sketch/horse/n02374451_2846-5.png,sketch,4,horse,5,house,0.4916428029537201
sketch/horse/n02374451_2846-6.png,sketch,4,horse,1,elephant,0.6015448570251465
sketch/horse/n02374451_2846-7.png,sketch,4,horse,5,house,0.7104387879371643
sketch/horse/n02374451_2846-8.png,sketch,4,horse,2,giraffe,0.6719739437103271
sketch/horse/n02374451_2846-9.png,sketch,4,horse,5,house,0.6299638152122498
sketch/horse/n02374451_3388-1.png,sketch,4,horse,4,horse,0.9988295435905457
sketch/horse/n02374451_3388-2.png,sketch,4,horse,2,giraffe,0.8647194504737854
sketch/horse/n02374451_3388-3.png,sketch,4,horse,6,person,0.4915216267108917
sketch/horse/n02374451_3388-4.png,sketch,4,horse,2,giraffe,0.8778337836265564
sketch/horse/n02374451_3388-5.png,sketch,4,horse,2,giraffe,0.454122930765152
sketch/horse/n02374451_3388-6.png,sketch,4,horse,2,giraffe,0.7661700248718262
sketch/horse/n02374451_3388-7.png,sketch,4,horse,2,giraffe,0.5591354966163635
sketch/horse/n02374451_3388-8.png,sketch,4,horse,1,elephant,0.6493300795555115
sketch/horse/n02374451_3388-9.png,sketch,4,horse,2,giraffe,0.3802455961704254
sketch/horse/n02374451_3808-1.png,sketch,4,horse,2,giraffe,0.4703979790210724
sketch/horse/n02374451_3808-2.png,sketch,4,horse,1,elephant,0.4084959030151367
sketch/horse/n02374451_3808-3.png,sketch,4,horse,1,elephant,0.47582316398620605
sketch/horse/n02374451_3808-4.png,sketch,4,horse,5,house,0.5630238056182861
sketch/horse/n02374451_3808-5.png,sketch,4,horse,1,elephant,0.6190451979637146
sketch/horse/n02374451_3808-6.png,sketch,4,horse,5,house,0.521644115447998
sketch/horse/n02374451_3808-7.png,sketch,4,horse,4,horse,0.689760148525238
sketch/horse/n02374451_3808-8.png,sketch,4,horse,5,house,0.33504658937454224
sketch/horse/n02374451_3808-9.png,sketch,4,horse,4,horse,0.9982696771621704
sketch/horse/n02374451_388-10.png,sketch,4,horse,1,elephant,0.9015989303588867
sketch/horse/n02374451_388-2.png,sketch,4,horse,6,person,0.7290311455726624
sketch/horse/n02374451_388-3.png,sketch,4,horse,1,elephant,0.7304363250732422
sketch/horse/n02374451_388-4.png,sketch,4,horse,4,horse,0.7082166075706482
sketch/horse/n02374451_388-5.png,sketch,4,horse,1,elephant,0.647435188293457
sketch/horse/n02374451_388-6.png,sketch,4,horse,4,horse,0.7218480110168457
sketch/horse/n02374451_388-7.png,sketch,4,horse,2,giraffe,0.484870970249176
sketch/horse/n02374451_388-8.png,sketch,4,horse,2,giraffe,0.6010782122612
sketch/horse/n02374451_388-9.png,sketch,4,horse,1,elephant,0.7376899719238281
sketch/horse/n02374451_4538-1.png,sketch,4,horse,5,house,0.49903595447540283
sketch/horse/n02374451_4538-2.png,sketch,4,horse,1,elephant,0.48957157135009766
sketch/horse/n02374451_4538-3.png,sketch,4,horse,1,elephant,0.543293297290802
sketch/horse/n02374451_4538-4.png,sketch,4,horse,2,giraffe,0.49076828360557556
sketch/horse/n02374451_4538-5.png,sketch,4,horse,1,elephant,0.38927966356277466
sketch/horse/n02374451_4538-6.png,sketch,4,horse,2,giraffe,0.36201050877571106
sketch/horse/n02374451_4538-7.png,sketch,4,horse,1,elephant,0.8647937178611755
sketch/horse/n02374451_4538-8.png,sketch,4,horse,4,horse,0.41215774416923523
sketch/horse/n02374451_4538-9.png,sketch,4,horse,2,giraffe,0.4121074080467224
sketch/horse/n02374451_4553-1.png,sketch,4,horse,5,house,0.6824384927749634
sketch/horse/n02374451_4553-2.png,sketch,4,horse,4,horse,0.9994012117385864
sketch/horse/n02374451_4553-3.png,sketch,4,horse,5,house,0.7241424918174744
sketch/horse/n02374451_4553-4.png,sketch,4,horse,4,horse,0.8284152150154114
sketch/horse/n02374451_4553-5.png,sketch,4,horse,4,horse,0.6743838787078857
sketch/horse/n02374451_4553-6.png,sketch,4,horse,4,horse,0.9850110411643982
sketch/horse/n02374451_4553-7.png,sketch,4,horse,4,horse,0.9894381761550903
sketch/horse/n02374451_468-1.png,sketch,4,horse,4,horse,0.44411709904670715
sketch/horse/n02374451_468-10.png,sketch,4,horse,4,horse,0.9433764219284058
sketch/horse/n02374451_468-2.png,sketch,4,horse,2,giraffe,0.448634535074234
sketch/horse/n02374451_468-3.png,sketch,4,horse,4,horse,0.6734917759895325
sketch/horse/n02374451_468-4.png,sketch,4,horse,2,giraffe,0.7769902944564819
sketch/horse/n02374451_468-5.png,sketch,4,horse,2,giraffe,0.6350405812263489
sketch/horse/n02374451_468-6.png,sketch,4,horse,2,giraffe,0.5933413505554199
sketch/horse/n02374451_468-7.png,sketch,4,horse,4,horse,0.5404168963432312
sketch/horse/n02374451_468-8.png,sketch,4,horse,2,giraffe,0.6123364567756653
sketch/horse/n02374451_468-9.png,sketch,4,horse,4,horse,0.9762375354766846
sketch/horse/n02374451_4795-1.png,sketch,4,horse,5,house,0.43673843145370483
sketch/horse/n02374451_4795-2.png,sketch,4,horse,5,house,0.570701003074646
sketch/horse/n02374451_4795-3.png,sketch,4,horse,1,elephant,0.464476078748703
sketch/horse/n02374451_4795-4.png,sketch,4,horse,5,house,0.545518696308136
sketch/horse/n02374451_4795-5.png,sketch,4,horse,1,elephant,0.5559155941009521
sketch/horse/n02374451_4795-6.png,sketch,4,horse,1,elephant,0.39642900228500366
sketch/horse/n02374451_4795-7.png,sketch,4,horse,4,horse,0.9953698515892029
sketch/horse/n02374451_4795-8.png,sketch,4,horse,4,horse,0.8956791758537292
sketch/horse/n02374451_4818-1.png,sketch,4,horse,4,horse,0.4405610263347626
sketch/horse/n02374451_4818-2.png,sketch,4,horse,4,horse,0.9954286813735962
sketch/horse/n02374451_4818-3.png,sketch,4,horse,4,horse,0.7335793972015381
sketch/horse/n02374451_4818-4.png,sketch,4,horse,4,horse,0.9921741485595703
sketch/horse/n02374451_4818-5.png,sketch,4,horse,2,giraffe,0.6701782941818237
sketch/horse/n02374451_4818-6.png,sketch,4,horse,5,house,0.34799352288246155
sketch/horse/n02374451_4818-7.png,sketch,4,horse,5,house,0.419484943151474
sketch/horse/n02374451_490-1.png,sketch,4,horse,4,horse,0.6241819858551025
sketch/horse/n02374451_490-2.png,sketch,4,horse,1,elephant,0.637851357460022
sketch/horse/n02374451_490-3.png,sketch,4,horse,4,horse,0.9894561171531677
sketch/horse/n02374451_490-4.png,sketch,4,horse,4,horse,0.9921905398368835
sketch/horse/n02374451_490-5.png,sketch,4,horse,5,house,0.7919979691505432
sketch/horse/n02374451_490-6.png,sketch,4,horse,1,elephant,0.8185572028160095
sketch/horse/n02374451_490-7.png,sketch,4,horse,1,elephant,0.761978805065155
sketch/horse/n02374451_4963-1.png,sketch,4,horse,1,elephant,0.36974138021469116
sketch/horse/n02374451_4963-2.png,sketch,4,horse,5,house,0.5492850542068481
sketch/horse/n02374451_4963-3.png,sketch,4,horse,1,elephant,0.5661844611167908
sketch/horse/n02374451_4963-4.png,sketch,4,horse,4,horse,0.9370875358581543
sketch/horse/n02374451_4963-5.png,sketch,4,horse,1,elephant,0.7586140036582947
sketch/horse/n02374451_4963-6.png,sketch,4,horse,1,elephant,0.47021540999412537
sketch/horse/n02374451_503-1.png,sketch,4,horse,4,horse,0.49077746272087097
sketch/horse/n02374451_503-2.png,sketch,4,horse,5,house,0.9185507893562317
sketch/horse/n02374451_503-3.png,sketch,4,horse,1,elephant,0.502877414226532
sketch/horse/n02374451_503-4.png,sketch,4,horse,1,elephant,0.609916627407074
sketch/horse/n02374451_503-5.png,sketch,4,horse,5,house,0.3741488754749298
sketch/horse/n02374451_503-6.png,sketch,4,horse,5,house,0.43752703070640564
sketch/horse/n02374451_5084-1.png,sketch,4,horse,4,horse,0.5491028428077698
sketch/horse/n02374451_5084-2.png,sketch,4,horse,1,elephant,0.8548251986503601
sketch/horse/n02374451_5084-3.png,sketch,4,horse,1,elephant,0.6956800818443298
sketch/horse/n02374451_5084-4.png,sketch,4,horse,4,horse,0.7786402702331543
sketch/horse/n02374451_5084-5.png,sketch,4,horse,5,house,0.9446013569831848
sketch/horse/n02374451_5084-6.png,sketch,4,horse,1,elephant,0.8452656269073486
sketch/horse/n02374451_54-1.png,sketch,4,horse,5,house,0.5870488882064819
sketch/horse/n02374451_54-10.png,sketch,4,horse,4,horse,0.9975256323814392
sketch/horse/n02374451_54-2.png,sketch,4,horse,4,horse,0.8992587924003601
sketch/horse/n02374451_54-3.png,sketch,4,horse,5,house,0.5429494380950928
sketch/horse/n02374451_54-4.png,sketch,4,horse,4,horse,0.999836802482605
sketch/horse/n02374451_54-5.png,sketch,4,horse,2,giraffe,0.692939043045044
sketch/horse/n02374451_54-6.png,sketch,4,horse,1,elephant,0.8328181505203247
sketch/horse/n02374451_54-7.png,sketch,4,horse,4,horse,0.5642640590667725
sketch/horse/n02374451_54-8.png,sketch,4,horse,4,horse,0.8629167675971985
sketch/horse/n02374451_54-9.png,sketch,4,horse,1,elephant,0.4885578155517578
sketch/horse/n02374451_557-1.png,sketch,4,horse,4,horse,0.633488118648529
sketch/horse/n02374451_557-2.png,sketch,4,horse,5,house,0.4167855679988861
sketch/horse/n02374451_557-3.png,sketch,4,horse,5,house,0.7575769424438477
sketch/horse/n02374451_557-4.png,sketch,4,horse,5,house,0.4049948453903198
sketch/horse/n02374451_557-5.png,sketch,4,horse,5,house,0.9325155019760132
sketch/horse/n02374451_597-1.png,sketch,4,horse,2,giraffe,0.41924992203712463
sketch/horse/n02374451_597-2.png,sketch,4,horse,2,giraffe,0.6352762579917908
sketch/horse/n02374451_597-3.png,sketch,4,horse,4,horse,0.9994361996650696
sketch/horse/n02374451_597-4.png,sketch,4,horse,2,giraffe,0.6592034697532654
sketch/horse/n02374451_597-5.png,sketch,4,horse,2,giraffe,0.8819025158882141
sketch/horse/n02374451_597-6.png,sketch,4,horse,1,elephant,0.7711597681045532
sketch/horse/n02374451_597-7.png,sketch,4,horse,2,giraffe,0.7952784299850464
sketch/horse/n02374451_6192-1.png,sketch,4,horse,4,horse,0.5601857304573059
sketch/horse/n02374451_6192-2.png,sketch,4,horse,5,house,0.8108272552490234
sketch/horse/n02374451_6192-3.png,sketch,4,horse,1,elephant,0.7756175398826599
sketch/horse/n02374451_6192-4.png,sketch,4,horse,1,elephant,0.5380641222000122
sketch/horse/n02374451_6192-5.png,sketch,4,horse,1,elephant,0.7951496839523315
sketch/horse/n02374451_6192-6.png,sketch,4,horse,4,horse,0.9656131863594055
sketch/horse/n02374451_6192-7.png,sketch,4,horse,4,horse,0.7877166271209717
sketch/horse/n02374451_6207-1.png,sketch,4,horse,4,horse,0.3919254541397095
sketch/horse/n02374451_6207-2.png,sketch,4,horse,1,elephant,0.39476004242897034
sketch/horse/n02374451_6207-3.png,sketch,4,horse,5,house,0.41694748401641846
sketch/horse/n02374451_6207-4.png,sketch,4,horse,4,horse,0.5567784905433655
sketch/horse/n02374451_6207-5.png,sketch,4,horse,4,horse,0.9754476547241211
sketch/horse/n02374451_6207-6.png,sketch,4,horse,4,horse,0.49932190775871277
sketch/horse/n02374451_7631-1.png,sketch,4,horse,4,horse,0.7727187275886536
sketch/horse/n02374451_7631-2.png,sketch,4,horse,4,horse,0.9252440929412842
sketch/horse/n02374451_7631-3.png,sketch,4,horse,4,horse,0.8104892373085022
sketch/horse/n02374451_7631-4.png,sketch,4,horse,1,elephant,0.5621269345283508
sketch/horse/n02374451_7631-5.png,sketch,4,horse,1,elephant,0.42937907576560974
sketch/horse/n02374451_7631-6.png,sketch,4,horse,1,elephant,0.5809723734855652
sketch/horse/n02374451_7631-7.png,sketch,4,horse,4,horse,0.950722873210907
sketch/horse/n02374451_777-1.png,sketch,4,horse,2,giraffe,0.40973931550979614
sketch/horse/n02374451_777-2.png,sketch,4,horse,4,horse,0.9790806174278259
sketch/horse/n02374451_777-3.png,sketch,4,horse,2,giraffe,0.4633263945579529
sketch/horse/n02374451_777-4.png,sketch,4,horse,5,house,0.803446352481842
sketch/horse/n02374451_777-5.png,sketch,4,horse,5,house,0.7653992772102356
sketch/horse/n02374451_777-6.png,sketch,4,horse,4,horse,0.8883240818977356
sketch/horse/n02374451_779-1.png,sketch,4,horse,1,elephant,0.41300418972969055
sketch/horse/n02374451_779-2.png,sketch,4,horse,5,house,0.6204599738121033
sketch/horse/n02374451_779-3.png,sketch,4,horse,4,horse,0.9438465237617493
sketch/horse/n02374451_779-4.png,sketch,4,horse,5,house,0.43603867292404175
sketch/horse/n02374451_779-5.png,sketch,4,horse,5,house,0.5167999863624573
sketch/horse/n02374451_779-6.png,sketch,4,horse,2,giraffe,0.3666149079799652
sketch/horse/n02374451_779-7.png,sketch,4,horse,1,elephant,0.4512436091899872
sketch/horse/n02374451_779-8.png,sketch,4,horse,4,horse,0.9978766441345215
sketch/horse/n02374451_779-9.png,sketch,4,horse,4,horse,0.6746488809585571
sketch/horse/n02374451_8065-1.png,sketch,4,horse,1,elephant,0.5389551520347595
sketch/horse/n02374451_8065-2.png,sketch,4,horse,4,horse,0.8309911489486694
sketch/horse/n02374451_8065-3.png,sketch,4,horse,5,house,0.5181707143783569
sketch/horse/n02374451_8065-4.png,sketch,4,horse,1,elephant,0.4224693179130554
sketch/horse/n02374451_8065-5.png,sketch,4,horse,4,horse,0.7168299555778503
sketch/horse/n02374451_8065-6.png,sketch,4,horse,2,giraffe,0.45930057764053345
sketch/horse/n02374451_8269-1.png,sketch,4,horse,5,house,0.6172376871109009
sketch/horse/n02374451_8269-2.png,sketch,4,horse,5,house,0.48583051562309265
sketch/horse/n02374451_8269-3.png,sketch,4,horse,1,elephant,0.8836816549301147
sketch/horse/n02374451_8269-4.png,sketch,4,horse,4,horse,0.9975252747535706
sketch/horse/n02374451_8269-5.png,sketch,4,horse,1,elephant,0.6123567819595337
sketch/horse/n02374451_8269-6.png,sketch,4,horse,4,horse,0.6226895451545715
sketch/horse/n02374451_8269-7.png,sketch,4,horse,1,elephant,0.3893805742263794
sketch/horse/n02374451_8269-8.png,sketch,4,horse,4,horse,0.6849219799041748
sketch/horse/n02374451_8269-9.png,sketch,4,horse,4,horse,0.9484653472900391
sketch/horse/n02374451_8526-1.png,sketch,4,horse,5,house,0.8241761326789856
sketch/horse/n02374451_8526-2.png,sketch,4,horse,2,giraffe,0.8636698126792908
sketch/horse/n02374451_8526-3.png,sketch,4,horse,2,giraffe,0.47847065329551697
sketch/horse/n02374451_8526-4.png,sketch,4,horse,4,horse,0.9100099205970764
sketch/horse/n02374451_8526-5.png,sketch,4,horse,1,elephant,0.43210938572883606
sketch/horse/n02374451_8526-6.png,sketch,4,horse,1,elephant,0.525471568107605
sketch/horse/n02374451_8718-1.png,sketch,4,horse,2,giraffe,0.32053491473197937
sketch/horse/n02374451_8718-2.png,sketch,4,horse,5,house,0.4862395226955414
sketch/horse/n02374451_8718-3.png,sketch,4,horse,4,horse,0.999523401260376
sketch/horse/n02374451_8718-4.png,sketch,4,horse,4,horse,0.9981595873832703
sketch/horse/n02374451_8718-5.png,sketch,4,horse,4,horse,0.5214177966117859
sketch/horse/n02374451_8718-6.png,sketch,4,horse,4,horse,0.9831385612487793
sketch/horse/n02374451_8744-1.png,sketch,4,horse,4,horse,0.5182336568832397
sketch/horse/n02374451_8744-10.png,sketch,4,horse,2,giraffe,0.538619875907898
sketch/horse/n02374451_8744-2.png,sketch,4,horse,4,horse,0.774722695350647
sketch/horse/n02374451_8744-3.png,sketch,4,horse,2,giraffe,0.6044114828109741
sketch/horse/n02374451_8744-4.png,sketch,4,horse,5,house,0.3376309871673584
sketch/horse/n02374451_8744-5.png,sketch,4,horse,5,house,0.5436310768127441
sketch/horse/n02374451_8744-6.png,sketch,4,horse,5,house,0.37603968381881714
sketch/horse/n02374451_8744-7.png,sketch,4,horse,4,horse,0.7075139284133911
sketch/horse/n02374451_8744-8.png,sketch,4,horse,5,house,0.4992177188396454
sketch/horse/n02374451_8744-9.png,sketch,4,horse,5,house,0.847985029220581
sketch/horse/n02374451_8806-1.png,sketch,4,horse,5,house,0.5113930702209473
sketch/horse/n02374451_8806-2.png,sketch,4,horse,4,horse,0.9985435009002686
sketch/horse/n02374451_8806-3.png,sketch,4,horse,4,horse,0.970687210559845
sketch/horse/n02374451_8806-4.png,sketch,4,horse,4,horse,0.5667527914047241
sketch/horse/n02374451_8806-5.png,sketch,4,horse,4,horse,0.6261278986930847
sketch/horse/n02374451_8806-6.png,sketch,4,horse,4,horse,0.9673826098442078
sketch/horse/n02374451_8806-7.png,sketch,4,horse,4,horse,0.6950571537017822
sketch/horse/n02374451_8806-8.png,sketch,4,horse,1,elephant,0.5507712364196777
sketch/horse/n02374451_9064-1.png,sketch,4,horse,4,horse,0.990402340888977
sketch/horse/n02374451_9064-2.png,sketch,4,horse,5,house,0.6405461430549622
sketch/horse/n02374451_9064-3.png,sketch,4,horse,4,horse,0.9998791217803955
sketch/horse/n02374451_9064-4.png,sketch,4,horse,4,horse,0.38587629795074463
sketch/horse/n02374451_9064-5.png,sketch,4,horse,4,horse,0.45057180523872375
sketch/horse/n02374451_9064-6.png,sketch,4,horse,4,horse,0.6555206775665283
sketch/horse/n02374451_916-1.png,sketch,4,horse,4,horse,0.9924047589302063
sketch/horse/n02374451_916-2.png,sketch,4,horse,5,house,0.5836150646209717
sketch/horse/n02374451_916-3.png,sketch,4,horse,1,elephant,0.6069402098655701
sketch/horse/n02374451_916-4.png,sketch,4,horse,5,house,0.5411400198936462
sketch/horse/n02374451_916-5.png,sketch,4,horse,5,house,0.46519291400909424
sketch/horse/n02374451_916-6.png,sketch,4,horse,4,horse,0.9849501848220825
sketch/horse/n02374451_9225-1.png,sketch,4,horse,4,horse,0.5529083609580994
sketch/horse/n02374451_9225-2.png,sketch,4,horse,4,horse,0.6833731532096863
sketch/horse/n02374451_9225-3.png,sketch,4,horse,4,horse,0.9916731715202332
sketch/horse/n02374451_9225-4.png,sketch,4,horse,5,house,0.39269980788230896
sketch/horse/n02374451_9225-5.png,sketch,4,horse,1,elephant,0.8607780337333679
sketch/horse/n02374451_9225-6.png,sketch,4,horse,4,horse,0.40508806705474854
sketch/horse/n02374451_9225-7.png,sketch,4,horse,1,elephant,0.6289493441581726
sketch/horse/n02374451_9225-8.png,sketch,4,horse,4,horse,0.882726788520813
sketch/horse/n02374451_925-1.png,sketch,4,horse,4,horse,0.9915335774421692
sketch/horse/n02374451_925-2.png,sketch,4,horse,2,giraffe,0.5806613564491272
sketch/horse/n02374451_925-3.png,sketch,4,horse,1,elephant,0.5124213695526123
sketch/horse/n02374451_925-4.png,sketch,4,horse,2,giraffe,0.7098512649536133
sketch/horse/n02374451_925-5.png,sketch,4,horse,2,giraffe,0.4834820628166199
sketch/horse/n02374451_925-6.png,sketch,4,horse,2,giraffe,0.8585190176963806
sketch/horse/n02374451_925-7.png,sketch,4,horse,4,horse,0.5785569548606873
sketch/horse/n02374451_929-1.png,sketch,4,horse,2,giraffe,0.6116747856140137
sketch/horse/n02374451_929-2.png,sketch,4,horse,5,house,0.527691662311554
sketch/horse/n02374451_929-3.png,sketch,4,horse,2,giraffe,0.7736883163452148
sketch/horse/n02374451_929-4.png,sketch,4,horse,4,horse,0.46542635560035706
sketch/horse/n02374451_929-5.png,sketch,4,horse,2,giraffe,0.652416467666626
sketch/horse/n02374451_929-6.png,sketch,4,horse,5,house,0.4686149060726166
sketch/horse/n02374451_9443-1.png,sketch,4,horse,5,house,0.47138240933418274
sketch/horse/n02374451_9443-2.png,sketch,4,horse,4,horse,0.9989257454872131
sketch/horse/n02374451_9443-3.png,sketch,4,horse,4,horse,0.9873237609863281
sketch/horse/n02374451_9443-4.png,sketch,4,horse,4,horse,0.9814660549163818
sketch/horse/n02374451_9443-5.png,sketch,4,horse,5,house,0.6677680015563965
sketch/horse/n02374451_9443-6.png,sketch,4,horse,4,horse,0.7168939113616943
sketch/horse/n02374451_9443-7.png,sketch,4,horse,1,elephant,0.6990225315093994
sketch/horse/n02374451_9892-1.png,sketch,4,horse,4,horse,0.9469034075737
sketch/horse/n02374451_9892-2.png,sketch,4,horse,4,horse,0.8178062438964844
sketch/horse/n02374451_9892-3.png,sketch,4,horse,5,house,0.4118911921977997
sketch/horse/n02374451_9892-4.png,sketch,4,horse,5,house,0.713591992855072
sketch/horse/n02374451_9892-5.png,sketch,4,horse,4,horse,0.9549511671066284
sketch/horse/n02374451_9892-6.png,sketch,4,horse,4,horse,0.28476595878601074
sketch/horse/n02374451_9892-7.png,sketch,4,horse,2,giraffe,0.32643386721611023
sketch/house/8801.png,sketch,5,house,5,house,0.9064035415649414
sketch/house/8802.png,sketch,5,house,5,house,0.9934799671173096
sketch/house/8803.png,sketch,5,house,5,house,0.8359140157699585
sketch/house/8804.png,sketch,5,house,5,house,0.9869140982627869
sketch/house/8805.png,sketch,5,house,5,house,0.9990569949150085
sketch/house/8806.png,sketch,5,house,5,house,0.9295610189437866
sketch/house/8807.png,sketch,5,house,5,house,0.9894047975540161
sketch/house/8808.png,sketch,5,house,5,house,0.9480723738670349
sketch/house/8809.png,sketch,5,house,5,house,0.997541069984436
sketch/house/8810.png,sketch,5,house,5,house,0.969216525554657
sketch/house/8811.png,sketch,5,house,5,house,0.998734176158905
sketch/house/8812.png,sketch,5,house,5,house,0.9967821836471558
sketch/house/8813.png,sketch,5,house,5,house,0.989597499370575
sketch/house/8814.png,sketch,5,house,5,house,0.9821047186851501
sketch/house/8815.png,sketch,5,house,5,house,0.9966417551040649
sketch/house/8816.png,sketch,5,house,5,house,0.9891357421875
sketch/house/8817.png,sketch,5,house,5,house,0.9795317649841309
sketch/house/8818.png,sketch,5,house,5,house,0.8293543457984924
sketch/house/8819.png,sketch,5,house,5,house,0.9419293403625488
sketch/house/8820.png,sketch,5,house,5,house,0.997471809387207
sketch/house/8821.png,sketch,5,house,5,house,0.992536187171936
sketch/house/8822.png,sketch,5,house,5,house,0.997401237487793
sketch/house/8823.png,sketch,5,house,5,house,0.998969554901123
sketch/house/8824.png,sketch,5,house,5,house,0.9817609190940857
sketch/house/8825.png,sketch,5,house,5,house,0.9730883240699768
sketch/house/8826.png,sketch,5,house,5,house,0.9323016405105591
sketch/house/8827.png,sketch,5,house,5,house,0.9459874629974365
sketch/house/8828.png,sketch,5,house,5,house,0.9370825886726379
sketch/house/8829.png,sketch,5,house,5,house,0.9988651275634766
sketch/house/8830.png,sketch,5,house,5,house,0.9996583461761475
sketch/house/8831.png,sketch,5,house,5,house,0.8359636068344116
sketch/house/8832.png,sketch,5,house,5,house,0.9985730648040771
sketch/house/8833.png,sketch,5,house,5,house,0.9994196891784668
sketch/house/8834.png,sketch,5,house,5,house,0.9973565340042114
sketch/house/8835.png,sketch,5,house,5,house,0.9976344108581543
sketch/house/8836.png,sketch,5,house,5,house,0.9987185001373291
sketch/house/8837.png,sketch,5,house,5,house,0.9953480362892151
sketch/house/8838.png,sketch,5,house,5,house,0.9936552047729492
sketch/house/8839.png,sketch,5,house,5,house,0.9821277856826782
sketch/house/8840.png,sketch,5,house,5,house,0.9957697987556458
sketch/house/8841.png,sketch,5,house,5,house,0.9972952008247375
sketch/house/8842.png,sketch,5,house,5,house,0.9242193102836609
sketch/house/8843.png,sketch,5,house,5,house,0.9187187552452087
sketch/house/8844.png,sketch,5,house,5,house,0.9711326360702515
sketch/house/8845.png,sketch,5,house,5,house,0.9618818163871765
sketch/house/8846.png,sketch,5,house,5,house,0.9000623226165771
sketch/house/8847.png,sketch,5,house,5,house,0.9928209185600281
sketch/house/8848.png,sketch,5,house,5,house,0.9892832040786743
sketch/house/8849.png,sketch,5,house,5,house,0.9935463070869446
sketch/house/8850.png,sketch,5,house,5,house,0.990035891532898
sketch/house/8851.png,sketch,5,house,5,house,0.9979265928268433
sketch/house/8852.png,sketch,5,house,5,house,0.9931315779685974
sketch/house/8853.png,sketch,5,house,5,house,0.999739944934845
sketch/house/8854.png,sketch,5,house,5,house,0.9982755184173584
sketch/house/8855.png,sketch,5,house,5,house,0.973824143409729
sketch/house/8856.png,sketch,5,house,5,house,0.9953625202178955
sketch/house/8857.png,sketch,5,house,5,house,0.9961430430412292
sketch/house/8858.png,sketch,5,house,5,house,0.9953259229660034
sketch/house/8859.png,sketch,5,house,5,house,0.9920527935028076
sketch/house/8860.png,sketch,5,house,5,house,0.9993703961372375
sketch/house/8861.png,sketch,5,house,5,house,0.7315303683280945
sketch/house/8862.png,sketch,5,house,5,house,0.9977649450302124
sketch/house/8863.png,sketch,5,house,5,house,0.9904319643974304
sketch/house/8864.png,sketch,5,house,5,house,0.9685221910476685
sketch/house/8865.png,sketch,5,house,5,house,0.9986361861228943
sketch/house/8866.png,sketch,5,house,5,house,0.9983283877372742
sketch/house/8867.png,sketch,5,house,5,house,0.9986625909805298
sketch/house/8868.png,sketch,5,house,5,house,0.9987896084785461
sketch/house/8869.png,sketch,5,house,5,house,0.9475905895233154
sketch/house/8870.png,sketch,5,house,5,house,0.7487719058990479
sketch/house/8871.png,sketch,5,house,5,house,0.9997214674949646
sketch/house/8872.png,sketch,5,house,5,house,0.9484997987747192
sketch/house/8873.png,sketch,5,house,5,house,0.8112109303474426
sketch/house/8874.png,sketch,5,house,5,house,0.9897183179855347
sketch/house/8875.png,sketch,5,house,5,house,0.9812658429145813
sketch/house/8876.png,sketch,5,house,5,house,0.996649444103241
sketch/house/8877.png,sketch,5,house,5,house,0.9793897271156311
sketch/house/8878.png,sketch,5,house,5,house,0.9774343967437744
sketch/house/8879.png,sketch,5,house,5,house,0.9816287755966187
sketch/house/8880.png,sketch,5,house,5,house,0.9776997566223145
sketch/person/12081.png,sketch,6,person,5,house,0.3795388340950012
sketch/person/12082.png,sketch,6,person,1,elephant,0.7176029682159424
sketch/person/12083.png,sketch,6,person,5,house,0.8437355756759644
sketch/person/12084.png,sketch,6,person,5,house,0.6445456743240356
sketch/person/12085.png,sketch,6,person,5,house,0.6399095058441162
sketch/person/12086.png,sketch,6,person,6,person,0.4487871825695038
sketch/person/12087.png,sketch,6,person,5,house,0.5070468187332153
sketch/person/12088.png,sketch,6,person,5,house,0.5524235367774963
sketch/person/12089.png,sketch,6,person,1,elephant,0.6579974293708801
sketch/person/12090.png,sketch,6,person,1,elephant,0.9228096008300781
sketch/person/12091.png,sketch,6,person,6,person,0.6228924989700317
sketch/person/12092.png,sketch,6,person,5,house,0.36237916350364685
sketch/person/12093.png,sketch,6,person,2,giraffe,0.5587087869644165
sketch/person/12094.png,sketch,6,person,5,house,0.7804767489433289
sketch/person/12095.png,sketch,6,person,1,elephant,0.4816650450229645
sketch/person/12096.png,sketch,6,person,5,house,0.5170824527740479
sketch/person/12097.png,sketch,6,person,5,house,0.836834728717804
sketch/person/12098.png,sketch,6,person,5,house,0.47916120290756226
sketch/person/12099.png,sketch,6,person,1,elephant,0.5178698301315308
sketch/person/12100.png,sketch,6,person,1,elephant,0.9290997982025146
sketch/person/12101.png,sketch,6,person,1,elephant,0.41974684596061707
sketch/person/12102.png,sketch,6,person,2,giraffe,0.7254272103309631
sketch/person/12103.png,sketch,6,person,5,house,0.8133912682533264
sketch/person/12104.png,sketch,6,person,5,house,0.42370280623435974
sketch/person/12105.png,sketch,6,person,1,elephant,0.8834062218666077
sketch/person/12106.png,sketch,6,person,1,elephant,0.9177727103233337
sketch/person/12107.png,sketch,6,person,1,elephant,0.9203598499298096
sketch/person/12108.png,sketch,6,person,5,house,0.5904799103736877
sketch/person/12109.png,sketch,6,person,5,house,0.5029227137565613
sketch/person/12110.png,sketch,6,person,1,elephant,0.49546870589256287
sketch/person/12111.png,sketch,6,person,1,elephant,0.7205166816711426
sketch/person/12112.png,sketch,6,person,1,elephant,0.6832414865493774
sketch/person/12113.png,sketch,6,person,1,elephant,0.4300735592842102
sketch/person/12114.png,sketch,6,person,5,house,0.554194450378418
sketch/person/12115.png,sketch,6,person,1,elephant,0.43755441904067993
sketch/person/12116.png,sketch,6,person,1,elephant,0.9347312450408936
sketch/person/12117.png,sketch,6,person,5,house,0.4424072206020355
sketch/person/12118.png,sketch,6,person,1,elephant,0.8762462139129639
sketch/person/12119.png,sketch,6,person,5,house,0.6083890199661255
sketch/person/12120.png,sketch,6,person,5,house,0.48348522186279297
sketch/person/12121.png,sketch,6,person,5,house,0.6075703501701355
sketch/person/12122.png,sketch,6,person,5,house,0.6971820592880249
sketch/person/12123.png,sketch,6,person,1,elephant,0.5139662027359009
sketch/person/12124.png,sketch,6,person,1,elephant,0.6325045228004456
sketch/person/12125.png,sketch,6,person,5,house,0.8727695345878601
sketch/person/12126.png,sketch,6,person,5,house,0.8706039786338806
sketch/person/12127.png,sketch,6,person,5,house,0.7774505019187927
sketch/person/12128.png,sketch,6,person,1,elephant,0.8677840232849121
sketch/person/12129.png,sketch,6,person,2,giraffe,0.4186963737010956
sketch/person/12130.png,sketch,6,person,5,house,0.7171667814254761
sketch/person/12131.png,sketch,6,person,5,house,0.6605054140090942
sketch/person/12132.png,sketch,6,person,1,elephant,0.4219650626182556
sketch/person/12133.png,sketch,6,person,5,house,0.4069717824459076
sketch/person/12134.png,sketch,6,person,1,elephant,0.5609489679336548
sketch/person/12135.png,sketch,6,person,1,elephant,0.7777605056762695
sketch/person/12136.png,sketch,6,person,1,elephant,0.5798459649085999
sketch/person/12137.png,sketch,6,person,1,elephant,0.5734756588935852
sketch/person/12138.png,sketch,6,person,1,elephant,0.4217701554298401
sketch/person/12139.png,sketch,6,person,5,house,0.8212079405784607
sketch/person/12140.png,sketch,6,person,1,elephant,0.7383359670639038
sketch/person/12141.png,sketch,6,person,1,elephant,0.8256850838661194
sketch/person/12142.png,sketch,6,person,2,giraffe,0.4837391674518585
sketch/person/12143.png,sketch,6,person,2,giraffe,0.7332161664962769
sketch/person/12144.png,sketch,6,person,5,house,0.5190463662147522
sketch/person/12145.png,sketch,6,person,5,house,0.594646155834198
sketch/person/12146.png,sketch,6,person,5,house,0.5181053876876831
sketch/person/12147.png,sketch,6,person,5,house,0.6200528144836426
sketch/person/12148.png,sketch,6,person,1,elephant,0.6248180866241455
sketch/person/12149.png,sketch,6,person,5,house,0.7885101437568665
sketch/person/12150.png,sketch,6,person,2,giraffe,0.515496551990509
sketch/person/12151.png,sketch,6,person,1,elephant,0.8446815609931946
sketch/person/12152.png,sketch,6,person,1,elephant,0.5393535494804382
sketch/person/12153.png,sketch,6,person,1,elephant,0.7122580409049988
sketch/person/12154.png,sketch,6,person,1,elephant,0.5303310751914978
sketch/person/12155.png,sketch,6,person,5,house,0.7703756093978882
sketch/person/12156.png,sketch,6,person,5,house,0.5135753750801086
sketch/person/12157.png,sketch,6,person,1,elephant,0.9561172127723694
sketch/person/12158.png,sketch,6,person,1,elephant,0.5789944529533386
sketch/person/12159.png,sketch,6,person,1,elephant,0.8851172924041748
sketch/person/12160.png,sketch,6,person,1,elephant,0.9518463015556335
sketch/person/12161.png,sketch,6,person,2,giraffe,0.6805025339126587
sketch/person/12162.png,sketch,6,person,2,giraffe,0.5342268943786621
sketch/person/12163.png,sketch,6,person,2,giraffe,0.6151238083839417
sketch/person/12164.png,sketch,6,person,6,person,0.5720748901367188
sketch/person/12165.png,sketch,6,person,1,elephant,0.7942814826965332
sketch/person/12166.png,sketch,6,person,2,giraffe,0.6018076539039612
sketch/person/12167.png,sketch,6,person,5,house,0.6973618865013123
sketch/person/12168.png,sketch,6,person,5,house,0.7216114401817322
sketch/person/12169.png,sketch,6,person,2,giraffe,0.7339894771575928
sketch/person/12170.png,sketch,6,person,1,elephant,0.7274342775344849
sketch/person/12171.png,sketch,6,person,1,elephant,0.5167871713638306
sketch/person/12172.png,sketch,6,person,2,giraffe,0.9045925736427307
sketch/person/12173.png,sketch,6,person,5,house,0.396432101726532
sketch/person/12174.png,sketch,6,person,2,giraffe,0.7976372241973877
sketch/person/12175.png,sketch,6,person,2,giraffe,0.4672228991985321
sketch/person/12176.png,sketch,6,person,5,house,0.5359967350959778
sketch/person/12177.png,sketch,6,person,1,elephant,0.5291962027549744
sketch/person/12178.png,sketch,6,person,2,giraffe,0.6933292150497437
sketch/person/12179.png,sketch,6,person,6,person,0.658713698387146
sketch/person/12180.png,sketch,6,person,1,elephant,0.4725429117679596
sketch/person/12181.png,sketch,6,person,5,house,0.8817634582519531
sketch/person/12182.png,sketch,6,person,2,giraffe,0.4120677411556244
sketch/person/12183.png,sketch,6,person,1,elephant,0.8166797161102295
sketch/person/12184.png,sketch,6,person,5,house,0.46012404561042786
sketch/person/12185.png,sketch,6,person,1,elephant,0.8816219568252563
sketch/person/12186.png,sketch,6,person,2,giraffe,0.5161423087120056
sketch/person/12187.png,sketch,6,person,1,elephant,0.8656615018844604
sketch/person/12188.png,sketch,6,person,2,giraffe,0.5209552049636841
sketch/person/12189.png,sketch,6,person,2,giraffe,0.8309202790260315
sketch/person/12190.png,sketch,6,person,2,giraffe,0.6751846075057983
sketch/person/12191.png,sketch,6,person,2,giraffe,0.3780357241630554
sketch/person/12192.png,sketch,6,person,2,giraffe,0.8534625768661499
sketch/person/12193.png,sketch,6,person,1,elephant,0.5765657424926758
sketch/person/12194.png,sketch,6,person,1,elephant,0.4349581301212311
sketch/person/12195.png,sketch,6,person,6,person,0.25438156723976135
sketch/person/12196.png,sketch,6,person,2,giraffe,0.9295544624328613
sketch/person/12197.png,sketch,6,person,1,elephant,0.3938622772693634
sketch/person/12198.png,sketch,6,person,5,house,0.5559648275375366
sketch/person/12199.png,sketch,6,person,2,giraffe,0.9519995450973511
sketch/person/12200.png,sketch,6,person,2,giraffe,0.7642210125923157
sketch/person/12201.png,sketch,6,person,5,house,0.9645175933837891
sketch/person/12202.png,sketch,6,person,1,elephant,0.6382575631141663
sketch/person/12203.png,sketch,6,person,6,person,0.7707088589668274
sketch/person/12204.png,sketch,6,person,2,giraffe,0.4400746524333954
sketch/person/12205.png,sketch,6,person,2,giraffe,0.7684699296951294
sketch/person/12206.png,sketch,6,person,6,person,0.42387327551841736
sketch/person/12207.png,sketch,6,person,1,elephant,0.4944444000720978
sketch/person/12208.png,sketch,6,person,2,giraffe,0.6511850953102112
sketch/person/12209.png,sketch,6,person,1,elephant,0.541955828666687
sketch/person/12210.png,sketch,6,person,1,elephant,0.4960882365703583
sketch/person/12211.png,sketch,6,person,2,giraffe,0.7885811924934387
sketch/person/12212.png,sketch,6,person,1,elephant,0.7194092869758606
sketch/person/12213.png,sketch,6,person,2,giraffe,0.5480459928512573
sketch/person/12214.png,sketch,6,person,2,giraffe,0.9542217254638672
sketch/person/12215.png,sketch,6,person,1,elephant,0.7334017157554626
sketch/person/12216.png,sketch,6,person,5,house,0.898222029209137
sketch/person/12217.png,sketch,6,person,2,giraffe,0.9420357346534729
sketch/person/12218.png,sketch,6,person,2,giraffe,0.5965197682380676
sketch/person/12219.png,sketch,6,person,1,elephant,0.768349826335907
sketch/person/12220.png,sketch,6,person,5,house,0.5272409915924072
sketch/person/12221.png,sketch,6,person,5,house,0.5368445515632629
sketch/person/12222.png,sketch,6,person,2,giraffe,0.4481969475746155
sketch/person/12223.png,sketch,6,person,5,house,0.4830673336982727
sketch/person/12224.png,sketch,6,person,2,giraffe,0.8476724624633789
sketch/person/12225.png,sketch,6,person,1,elephant,0.39790552854537964
sketch/person/12226.png,sketch,6,person,1,elephant,0.49873149394989014
sketch/person/12227.png,sketch,6,person,2,giraffe,0.6086495518684387
sketch/person/12228.png,sketch,6,person,2,giraffe,0.9864405989646912
sketch/person/12229.png,sketch,6,person,1,elephant,0.3847217857837677
sketch/person/12230.png,sketch,6,person,1,elephant,0.6815750002861023
sketch/person/12231.png,sketch,6,person,2,giraffe,0.7939562797546387
sketch/person/12232.png,sketch,6,person,6,person,0.7739458084106445
sketch/person/12233.png,sketch,6,person,6,person,0.7047533988952637
sketch/person/12234.png,sketch,6,person,5,house,0.4875466525554657
sketch/person/12235.png,sketch,6,person,1,elephant,0.4627279043197632
sketch/person/12236.png,sketch,6,person,2,giraffe,0.5398077368736267
sketch/person/12237.png,sketch,6,person,2,giraffe,0.3913978636264801
sketch/person/12238.png,sketch,6,person,2,giraffe,0.71854567527771
sketch/person/12239.png,sketch,6,person,1,elephant,0.6025949716567993
sketch/person/12240.png,sketch,6,person,2,giraffe,0.3687567412853241
