path,domain,true_class_id,true_class_name,predicted_class_id,predicted_class_name,maximum_confidence
sketch/dog/5281.png,sketch,0,dog,0,dog,0.7206453084945679
sketch/dog/5282.png,sketch,0,dog,2,giraffe,0.48329246044158936
sketch/dog/5283.png,sketch,0,dog,2,giraffe,0.3997347056865692
sketch/dog/5284.png,sketch,0,dog,0,dog,0.9562190771102905
sketch/dog/5285.png,sketch,0,dog,0,dog,0.8902071714401245
sketch/dog/5286.png,sketch,0,dog,0,dog,0.5801776647567749
sketch/dog/5287.png,sketch,0,dog,0,dog,0.6759235858917236
sketch/dog/5288.png,sketch,0,dog,0,dog,0.916240394115448
sketch/dog/5289.png,sketch,0,dog,0,dog,0.6904405951499939
sketch/dog/5290.png,sketch,0,dog,1,elephant,0.7293421030044556
sketch/dog/5291.png,sketch,0,dog,0,dog,0.6044076085090637
sketch/dog/5292.png,sketch,0,dog,0,dog,0.7843136787414551
sketch/dog/5293.png,sketch,0,dog,2,giraffe,0.6515081524848938
sketch/dog/5294.png,sketch,0,dog,4,horse,0.6796135306358337
sketch/dog/5295.png,sketch,0,dog,0,dog,0.5406761169433594
sketch/dog/5296.png,sketch,0,dog,1,elephant,0.5036299228668213
sketch/dog/5297.png,sketch,0,dog,0,dog,0.9712546467781067
sketch/dog/5298.png,sketch,0,dog,4,horse,0.7554769515991211
sketch/dog/5299.png,sketch,0,dog,0,dog,0.8397001624107361
sketch/dog/5300.png,sketch,0,dog,1,elephant,0.6005445122718811
sketch/dog/5301.png,sketch,0,dog,0,dog,0.9425308108329773
sketch/dog/5302.png,sketch,0,dog,0,dog,0.8022710680961609
sketch/dog/5303.png,sketch,0,dog,0,dog,0.9894857406616211
sketch/dog/5304.png,sketch,0,dog,0,dog,0.9993846416473389
sketch/dog/5305.png,sketch,0,dog,1,elephant,0.3907943069934845
sketch/dog/5306.png,sketch,0,dog,0,dog,0.9307113289833069
sketch/dog/5307.png,sketch,0,dog,0,dog,0.87385094165802
sketch/dog/5308.png,sketch,0,dog,0,dog,0.9984692931175232
sketch/dog/5309.png,sketch,0,dog,0,dog,0.9924538731575012
sketch/dog/5310.png,sketch,0,dog,6,person,0.6767331957817078
sketch/dog/5311.png,sketch,0,dog,1,elephant,0.6655657887458801
sketch/dog/5312.png,sketch,0,dog,0,dog,0.992605447769165
sketch/dog/5313.png,sketch,0,dog,0,dog,0.9002736806869507
sketch/dog/5314.png,sketch,0,dog,0,dog,0.8458167910575867
sketch/dog/5315.png,sketch,0,dog,2,giraffe,0.8683639764785767
sketch/dog/5316.png,sketch,0,dog,0,dog,0.7624042630195618
sketch/dog/5317.png,sketch,0,dog,1,elephant,0.5129782557487488
sketch/dog/5318.png,sketch,0,dog,1,elephant,0.5202495455741882
sketch/dog/5319.png,sketch,0,dog,4,horse,0.577268660068512
sketch/dog/5320.png,sketch,0,dog,0,dog,0.8658786416053772
sketch/dog/5321.png,sketch,0,dog,2,giraffe,0.4563220739364624
sketch/dog/5322.png,sketch,0,dog,0,dog,0.9970851540565491
sketch/dog/5323.png,sketch,0,dog,4,horse,0.3994288742542267
sketch/dog/5324.png,sketch,0,dog,0,dog,0.6891842484474182
sketch/dog/5325.png,sketch,0,dog,1,elephant,0.739425778388977
sketch/dog/5326.png,sketch,0,dog,0,dog,0.9949393272399902
sketch/dog/5327.png,sketch,0,dog,1,elephant,0.4754471480846405
sketch/dog/5328.png,sketch,0,dog,0,dog,0.8509849309921265
sketch/dog/5329.png,sketch,0,dog,1,elephant,0.5002580881118774
sketch/dog/5330.png,sketch,0,dog,1,elephant,0.6069948673248291
sketch/dog/5331.png,sketch,0,dog,4,horse,0.5767638683319092
sketch/dog/5332.png,sketch,0,dog,0,dog,0.7143935561180115
sketch/dog/5333.png,sketch,0,dog,1,elephant,0.7394960522651672
sketch/dog/5334.png,sketch,0,dog,0,dog,0.896933376789093
sketch/dog/5335.png,sketch,0,dog,1,elephant,0.8821876049041748
sketch/dog/5336.png,sketch,0,dog,1,elephant,0.597715437412262
sketch/dog/5337.png,sketch,0,dog,0,dog,0.6509604454040527
sketch/dog/5338.png,sketch,0,dog,0,dog,0.5842804312705994
sketch/dog/5339.png,sketch,0,dog,0,dog,0.8024123311042786
sketch/dog/5340.png,sketch,0,dog,0,dog,0.8514328002929688
sketch/dog/5341.png,sketch,0,dog,2,giraffe,0.42572569847106934
sketch/dog/5342.png,sketch,0,dog,4,horse,0.31624001264572144
sketch/dog/5343.png,sketch,0,dog,0,dog,0.9723845720291138
sketch/dog/5344.png,sketch,0,dog,0,dog,0.5095779299736023
sketch/dog/5345.png,sketch,0,dog,0,dog,0.7297928929328918
sketch/dog/5346.png,sketch,0,dog,0,dog,0.9255579113960266
sketch/dog/5347.png,sketch,0,dog,0,dog,0.9671453833580017
sketch/dog/5348.png,sketch,0,dog,1,elephant,0.5611668825149536
sketch/dog/5349.png,sketch,0,dog,0,dog,0.7290736436843872
sketch/dog/5350.png,sketch,0,dog,0,dog,0.8597149848937988
sketch/dog/5351.png,sketch,0,dog,1,elephant,0.6239347457885742
sketch/dog/5352.png,sketch,0,dog,1,elephant,0.5428833961486816
sketch/dog/5353.png,sketch,0,dog,1,elephant,0.6764259338378906
sketch/dog/5354.png,sketch,0,dog,0,dog,0.9096587896347046
sketch/dog/5355.png,sketch,0,dog,0,dog,0.7737382054328918
sketch/dog/5356.png,sketch,0,dog,0,dog,0.9779049158096313
sketch/dog/5357.png,sketch,0,dog,0,dog,0.6933721303939819
sketch/dog/5358.png,sketch,0,dog,0,dog,0.6026681065559387
sketch/dog/5359.png,sketch,0,dog,6,person,0.4470781087875366
sketch/dog/5360.png,sketch,0,dog,0,dog,0.6540418267250061
sketch/dog/n02103406_1011-1.png,sketch,0,dog,1,elephant,0.5462050437927246
sketch/dog/n02103406_1011-2.png,sketch,0,dog,0,dog,0.5939438939094543
sketch/dog/n02103406_1011-3.png,sketch,0,dog,1,elephant,0.7778942584991455
sketch/dog/n02103406_1011-4.png,sketch,0,dog,1,elephant,0.6546883583068848
sketch/dog/n02103406_1011-5.png,sketch,0,dog,0,dog,0.7229694128036499
sketch/dog/n02103406_1138-1.png,sketch,0,dog,1,elephant,0.7379083037376404
sketch/dog/n02103406_1138-2.png,sketch,0,dog,0,dog,0.7286952137947083
sketch/dog/n02103406_1138-3.png,sketch,0,dog,0,dog,0.9778507351875305
sketch/dog/n02103406_1138-4.png,sketch,0,dog,0,dog,0.9956340193748474
sketch/dog/n02103406_1138-5.png,sketch,0,dog,0,dog,0.9869953989982605
sketch/dog/n02103406_1138-6.png,sketch,0,dog,0,dog,0.6771404147148132
sketch/dog/n02103406_1138-7.png,sketch,0,dog,0,dog,0.9827804565429688
sketch/dog/n02103406_1138-8.png,sketch,0,dog,0,dog,0.989550769329071
sketch/dog/n02103406_1170-1.png,sketch,0,dog,0,dog,0.9965642094612122
sketch/dog/n02103406_1170-2.png,sketch,0,dog,0,dog,0.9959325194358826
sketch/dog/n02103406_1170-3.png,sketch,0,dog,4,horse,0.549732506275177
sketch/dog/n02103406_1170-4.png,sketch,0,dog,0,dog,0.9483025074005127
sketch/dog/n02103406_1170-5.png,sketch,0,dog,0,dog,0.980854868888855
sketch/dog/n02103406_1170-6.png,sketch,0,dog,0,dog,0.9692299962043762
sketch/dog/n02103406_1247-1.png,sketch,0,dog,0,dog,0.9993615746498108
sketch/dog/n02103406_1247-2.png,sketch,0,dog,6,person,0.409001886844635
sketch/dog/n02103406_1247-3.png,sketch,0,dog,0,dog,0.9673752188682556
sketch/dog/n02103406_1247-4.png,sketch,0,dog,0,dog,0.9999921321868896
sketch/dog/n02103406_1247-5.png,sketch,0,dog,1,elephant,0.5894991159439087
sketch/dog/n02103406_1247-6.png,sketch,0,dog,0,dog,0.9893484115600586
sketch/dog/n02103406_1247-7.png,sketch,0,dog,0,dog,0.9996979236602783
sketch/dog/n02103406_13049-1.png,sketch,0,dog,2,giraffe,0.5346865653991699
sketch/dog/n02103406_13049-2.png,sketch,0,dog,0,dog,0.6787453889846802
sketch/dog/n02103406_13049-3.png,sketch,0,dog,0,dog,0.9091859459877014
sketch/dog/n02103406_13049-4.png,sketch,0,dog,6,person,0.5113973021507263
sketch/dog/n02103406_13049-5.png,sketch,0,dog,0,dog,0.9028435945510864
sketch/dog/n02103406_13049-6.png,sketch,0,dog,0,dog,0.9373475313186646
sketch/dog/n02103406_1599-1.png,sketch,0,dog,2,giraffe,0.5814383029937744
sketch/dog/n02103406_1599-2.png,sketch,0,dog,0,dog,0.9121575951576233
sketch/dog/n02103406_1599-3.png,sketch,0,dog,0,dog,0.9852555990219116
sketch/dog/n02103406_1599-4.png,sketch,0,dog,0,dog,0.7140930891036987
sketch/dog/n02103406_1599-5.png,sketch,0,dog,0,dog,0.9084516763687134
sketch/dog/n02103406_1754-1.png,sketch,0,dog,4,horse,0.5216971635818481
sketch/dog/n02103406_1754-2.png,sketch,0,dog,0,dog,0.7366191148757935
sketch/dog/n02103406_1754-3.png,sketch,0,dog,4,horse,0.5800204277038574
sketch/dog/n02103406_1754-4.png,sketch,0,dog,0,dog,0.8064761161804199
sketch/dog/n02103406_1754-5.png,sketch,0,dog,0,dog,0.6406164169311523
sketch/dog/n02103406_2209-1.png,sketch,0,dog,0,dog,0.9932438731193542
sketch/dog/n02103406_2209-2.png,sketch,0,dog,0,dog,0.9524877071380615
sketch/dog/n02103406_2209-3.png,sketch,0,dog,0,dog,0.49029338359832764
sketch/dog/n02103406_2209-4.png,sketch,0,dog,0,dog,0.999427080154419
sketch/dog/n02103406_2209-5.png,sketch,0,dog,2,giraffe,0.5159755945205688
sketch/dog/n02103406_2209-6.png,sketch,0,dog,0,dog,0.9718927145004272
sketch/dog/n02103406_2209-7.png,sketch,0,dog,0,dog,0.9171079993247986
sketch/dog/n02103406_2209-8.png,sketch,0,dog,0,dog,0.9989705085754395
sketch/dog/n02103406_2706-1.png,sketch,0,dog,0,dog,0.8906350135803223
sketch/dog/n02103406_2706-2.png,sketch,0,dog,2,giraffe,0.9705705046653748
sketch/dog/n02103406_2706-3.png,sketch,0,dog,0,dog,0.8796490430831909
sketch/dog/n02103406_2706-4.png,sketch,0,dog,0,dog,0.9011676907539368
sketch/dog/n02103406_2706-5.png,sketch,0,dog,2,giraffe,0.8465741276741028
sketch/dog/n02103406_2706-6.png,sketch,0,dog,0,dog,0.9120755791664124
sketch/dog/n02103406_2706-7.png,sketch,0,dog,0,dog,0.903984785079956
sketch/dog/n02103406_2706-8.png,sketch,0,dog,0,dog,0.9804184436798096
sketch/dog/n02103406_2706-9.png,sketch,0,dog,2,giraffe,0.7304847836494446
sketch/dog/n02103406_2954-1.png,sketch,0,dog,0,dog,0.9290891289710999
sketch/dog/n02103406_2954-2.png,sketch,0,dog,0,dog,0.9358356595039368
sketch/dog/n02103406_2954-3.png,sketch,0,dog,0,dog,0.9973689317703247
sketch/dog/n02103406_2954-4.png,sketch,0,dog,0,dog,0.7659648656845093
sketch/dog/n02103406_2954-5.png,sketch,0,dog,0,dog,0.8921298980712891
sketch/dog/n02103406_2954-6.png,sketch,0,dog,0,dog,0.8928802609443665
sketch/dog/n02103406_2976-1.png,sketch,0,dog,2,giraffe,0.48614123463630676
sketch/dog/n02103406_2976-2.png,sketch,0,dog,0,dog,0.8309738636016846
sketch/dog/n02103406_2976-3.png,sketch,0,dog,0,dog,0.5287876725196838
sketch/dog/n02103406_2976-4.png,sketch,0,dog,0,dog,0.9833727478981018
sketch/dog/n02103406_2976-5.png,sketch,0,dog,0,dog,0.4808162748813629
sketch/dog/n02103406_2976-6.png,sketch,0,dog,0,dog,0.8823893070220947
sketch/dog/n02103406_2976-7.png,sketch,0,dog,0,dog,0.8839393854141235
sketch/dog/n02103406_3056-1.png,sketch,0,dog,0,dog,0.9794870018959045
sketch/dog/n02103406_3056-2.png,sketch,0,dog,0,dog,0.8531790971755981
sketch/dog/n02103406_3056-3.png,sketch,0,dog,0,dog,0.8974737524986267
sketch/dog/n02103406_3056-4.png,sketch,0,dog,0,dog,0.9900943636894226
sketch/dog/n02103406_3056-5.png,sketch,0,dog,0,dog,0.9770510792732239
sketch/dog/n02103406_3108-1.png,sketch,0,dog,4,horse,0.9296754002571106
sketch/dog/n02103406_3108-2.png,sketch,0,dog,0,dog,0.9078715443611145
sketch/dog/n02103406_3108-3.png,sketch,0,dog,2,giraffe,0.933261513710022
sketch/dog/n02103406_3108-4.png,sketch,0,dog,0,dog,0.9968612194061279
sketch/dog/n02103406_3108-5.png,sketch,0,dog,0,dog,0.772365391254425
sketch/dog/n02103406_3108-6.png,sketch,0,dog,4,horse,0.7819322347640991
sketch/dog/n02103406_3132-1.png,sketch,0,dog,1,elephant,0.6600835919380188
sketch/dog/n02103406_3132-2.png,sketch,0,dog,0,dog,0.999936580657959
sketch/dog/n02103406_3132-3.png,sketch,0,dog,0,dog,0.999649167060852
sketch/dog/n02103406_3132-4.png,sketch,0,dog,0,dog,0.982822835445404
sketch/dog/n02103406_3132-5.png,sketch,0,dog,1,elephant,0.5495202541351318
sketch/dog/n02103406_3132-6.png,sketch,0,dog,0,dog,0.9752171039581299
sketch/dog/n02103406_3132-7.png,sketch,0,dog,0,dog,0.9901010990142822
sketch/dog/n02103406_3255-1.png,sketch,0,dog,4,horse,0.7801026701927185
sketch/dog/n02103406_3255-10.png,sketch,0,dog,2,giraffe,0.7236931324005127
sketch/dog/n02103406_3255-11.png,sketch,0,dog,0,dog,0.9490759372711182
sketch/dog/n02103406_3255-2.png,sketch,0,dog,0,dog,0.775337278842926
sketch/dog/n02103406_3255-3.png,sketch,0,dog,1,elephant,0.9302616119384766
sketch/dog/n02103406_3255-4.png,sketch,0,dog,0,dog,0.4133945405483246
sketch/dog/n02103406_3255-5.png,sketch,0,dog,0,dog,0.832302451133728
sketch/dog/n02103406_3255-6.png,sketch,0,dog,0,dog,0.597499430179596
sketch/dog/n02103406_3255-7.png,sketch,0,dog,0,dog,0.4313966631889343
sketch/dog/n02103406_3255-8.png,sketch,0,dog,0,dog,0.8980300426483154
sketch/dog/n02103406_3255-9.png,sketch,0,dog,4,horse,0.6541117429733276
sketch/dog/n02103406_3299-1.png,sketch,0,dog,0,dog,0.9385166168212891
sketch/dog/n02103406_3299-2.png,sketch,0,dog,0,dog,0.9998124241828918
sketch/dog/n02103406_3299-3.png,sketch,0,dog,0,dog,0.9526837468147278
sketch/dog/n02103406_3299-4.png,sketch,0,dog,0,dog,0.7135560512542725
sketch/dog/n02103406_3299-5.png,sketch,0,dog,0,dog,0.5405469536781311
sketch/dog/n02103406_3299-6.png,sketch,0,dog,0,dog,0.8548643589019775
sketch/dog/n02103406_3299-7.png,sketch,0,dog,4,horse,0.8748500943183899
sketch/dog/n02103406_3299-8.png,sketch,0,dog,0,dog,0.9892645478248596
sketch/dog/n02103406_3299-9.png,sketch,0,dog,0,dog,0.9978210926055908
sketch/dog/n02103406_3326-1.png,sketch,0,dog,1,elephant,0.3245334327220917
sketch/dog/n02103406_3326-10.png,sketch,0,dog,1,elephant,0.7395774722099304
sketch/dog/n02103406_3326-11.png,sketch,0,dog,0,dog,0.7054646611213684
sketch/dog/n02103406_3326-12.png,sketch,0,dog,0,dog,0.771149218082428
sketch/dog/n02103406_3326-13.png,sketch,0,dog,4,horse,0.8789321780204773
sketch/dog/n02103406_3326-2.png,sketch,0,dog,0,dog,0.4322054088115692
sketch/dog/n02103406_3326-3.png,sketch,0,dog,0,dog,0.4524504542350769
sketch/dog/n02103406_3326-4.png,sketch,0,dog,2,giraffe,0.7994496822357178
sketch/dog/n02103406_3326-5.png,sketch,0,dog,1,elephant,0.5713464021682739
sketch/dog/n02103406_3326-6.png,sketch,0,dog,0,dog,0.6209439039230347
sketch/dog/n02103406_3326-7.png,sketch,0,dog,1,elephant,0.5155381560325623
sketch/dog/n02103406_3326-8.png,sketch,0,dog,0,dog,0.8140804171562195
sketch/dog/n02103406_3326-9.png,sketch,0,dog,1,elephant,0.8033589124679565
sketch/dog/n02103406_3401-1.png,sketch,0,dog,0,dog,0.8887361288070679
sketch/dog/n02103406_3401-2.png,sketch,0,dog,0,dog,0.9918495416641235
sketch/dog/n02103406_3401-3.png,sketch,0,dog,0,dog,0.9999967813491821
sketch/dog/n02103406_3401-4.png,sketch,0,dog,0,dog,0.9212259650230408
sketch/dog/n02103406_3401-5.png,sketch,0,dog,0,dog,0.9944390058517456
sketch/dog/n02103406_3401-6.png,sketch,0,dog,0,dog,0.9527150988578796
sketch/dog/n02103406_343-1.png,sketch,0,dog,0,dog,0.9998980760574341
sketch/dog/n02103406_343-2.png,sketch,0,dog,0,dog,0.934097945690155
sketch/dog/n02103406_343-3.png,sketch,0,dog,0,dog,0.934007465839386
sketch/dog/n02103406_343-4.png,sketch,0,dog,0,dog,0.3390512764453888
sketch/dog/n02103406_343-5.png,sketch,0,dog,0,dog,0.9846681952476501
sketch/dog/n02103406_343-6.png,sketch,0,dog,0,dog,0.8829922080039978
sketch/dog/n02103406_343-7.png,sketch,0,dog,0,dog,0.5742329955101013
sketch/dog/n02103406_343-8.png,sketch,0,dog,0,dog,0.7823460102081299
sketch/dog/n02103406_343-9.png,sketch,0,dog,0,dog,0.6416676044464111
sketch/dog/n02103406_346-1.png,sketch,0,dog,0,dog,0.9036681652069092
sketch/dog/n02103406_346-2.png,sketch,0,dog,0,dog,0.9996426105499268
sketch/dog/n02103406_346-3.png,sketch,0,dog,0,dog,0.9932631850242615
sketch/dog/n02103406_346-4.png,sketch,0,dog,0,dog,0.9995549321174622
sketch/dog/n02103406_346-5.png,sketch,0,dog,0,dog,0.9619876146316528
sketch/dog/n02103406_346-6.png,sketch,0,dog,0,dog,0.999580442905426
sketch/dog/n02103406_346-7.png,sketch,0,dog,0,dog,0.9998447895050049
sketch/dog/n02103406_3538-1.png,sketch,0,dog,0,dog,0.9736353754997253
sketch/dog/n02103406_3538-2.png,sketch,0,dog,2,giraffe,0.576834499835968
sketch/dog/n02103406_3538-3.png,sketch,0,dog,0,dog,0.9693408608436584
sketch/dog/n02103406_3538-4.png,sketch,0,dog,0,dog,0.9654862284660339
sketch/dog/n02103406_3538-5.png,sketch,0,dog,0,dog,0.9784189462661743
sketch/dog/n02103406_3538-6.png,sketch,0,dog,0,dog,0.9990599751472473
sketch/dog/n02103406_3538-7.png,sketch,0,dog,0,dog,0.6783474683761597
sketch/dog/n02103406_371-1.png,sketch,0,dog,0,dog,0.9502928853034973
sketch/dog/n02103406_371-10.png,sketch,0,dog,0,dog,0.9282838702201843
sketch/dog/n02103406_371-11.png,sketch,0,dog,0,dog,0.9900572896003723
sketch/dog/n02103406_371-2.png,sketch,0,dog,1,elephant,0.7471271753311157
sketch/dog/n02103406_371-3.png,sketch,0,dog,4,horse,0.8491551876068115
sketch/dog/n02103406_371-4.png,sketch,0,dog,0,dog,0.9960291385650635
sketch/dog/n02103406_371-5.png,sketch,0,dog,0,dog,0.7726507782936096
sketch/dog/n02103406_371-6.png,sketch,0,dog,0,dog,0.36348918080329895
sketch/dog/n02103406_371-7.png,sketch,0,dog,4,horse,0.5479544997215271
sketch/dog/n02103406_371-8.png,sketch,0,dog,0,dog,0.997008740901947
sketch/dog/n02103406_371-9.png,sketch,0,dog,0,dog,0.9721250534057617
sketch/dog/n02103406_3743-1.png,sketch,0,dog,4,horse,0.6717496514320374
sketch/dog/n02103406_3743-10.png,sketch,0,dog,0,dog,0.9434390068054199
sketch/dog/n02103406_3743-2.png,sketch,0,dog,0,dog,0.7072651386260986
sketch/dog/n02103406_3743-3.png,sketch,0,dog,1,elephant,0.7407857775688171
sketch/dog/n02103406_3743-4.png,sketch,0,dog,6,person,0.6626231074333191
sketch/dog/n02103406_3743-5.png,sketch,0,dog,0,dog,0.8553919196128845
sketch/dog/n02103406_3743-6.png,sketch,0,dog,0,dog,0.7944823503494263
sketch/dog/n02103406_3743-7.png,sketch,0,dog,0,dog,0.9794448018074036
sketch/dog/n02103406_3743-8.png,sketch,0,dog,0,dog,0.7162529826164246
sketch/dog/n02103406_3743-9.png,sketch,0,dog,0,dog,0.9213776588439941
sketch/dog/n02103406_3750-1.png,sketch,0,dog,0,dog,0.9480210542678833
sketch/dog/n02103406_3750-2.png,sketch,0,dog,0,dog,0.49341851472854614
sketch/dog/n02103406_3750-3.png,sketch,0,dog,0,dog,0.9559197425842285
sketch/dog/n02103406_3750-4.png,sketch,0,dog,0,dog,0.9973675608634949
sketch/dog/n02103406_3750-5.png,sketch,0,dog,0,dog,0.9948853850364685
sketch/dog/n02103406_3750-6.png,sketch,0,dog,0,dog,0.9983924031257629
sketch/dog/n02103406_3964-1.png,sketch,0,dog,0,dog,0.5297762751579285
sketch/dog/n02103406_3964-2.png,sketch,0,dog,0,dog,0.9952860474586487
sketch/dog/n02103406_3964-3.png,sketch,0,dog,0,dog,0.9958181977272034
sketch/dog/n02103406_3964-4.png,sketch,0,dog,0,dog,0.8392804265022278
sketch/dog/n02103406_3964-5.png,sketch,0,dog,0,dog,0.9997422099113464
sketch/dog/n02103406_4068-1.png,sketch,0,dog,1,elephant,0.5948363542556763
sketch/dog/n02103406_4068-10.png,sketch,0,dog,4,horse,0.9945781230926514
sketch/dog/n02103406_4068-11.png,sketch,0,dog,4,horse,0.7132240533828735
sketch/dog/n02103406_4068-12.png,sketch,0,dog,4,horse,0.4901556968688965
sketch/dog/n02103406_4068-2.png,sketch,0,dog,4,horse,0.9129747152328491
sketch/dog/n02103406_4068-3.png,sketch,0,dog,0,dog,0.8006696701049805
sketch/dog/n02103406_4068-4.png,sketch,0,dog,4,horse,0.6449763774871826
sketch/dog/n02103406_4068-5.png,sketch,0,dog,4,horse,0.934747576713562
sketch/dog/n02103406_4068-6.png,sketch,0,dog,2,giraffe,0.5573850870132446
sketch/dog/n02103406_4068-7.png,sketch,0,dog,0,dog,0.749008059501648
sketch/dog/n02103406_4068-8.png,sketch,0,dog,4,horse,0.9538304805755615
sketch/dog/n02103406_4068-9.png,sketch,0,dog,0,dog,0.8653189539909363
sketch/dog/n02103406_4582-1.png,sketch,0,dog,0,dog,0.5980225801467896
sketch/dog/n02103406_4582-2.png,sketch,0,dog,0,dog,0.677780270576477
sketch/dog/n02103406_4582-3.png,sketch,0,dog,0,dog,0.9134990572929382
sketch/dog/n02103406_4582-4.png,sketch,0,dog,4,horse,0.8590149283409119
sketch/dog/n02103406_4582-5.png,sketch,0,dog,4,horse,0.9355143904685974
sketch/dog/n02103406_4849-1.png,sketch,0,dog,0,dog,0.8774980902671814
sketch/dog/n02103406_4849-2.png,sketch,0,dog,0,dog,0.9969600439071655
sketch/dog/n02103406_4849-3.png,sketch,0,dog,0,dog,0.9731948971748352
sketch/dog/n02103406_4849-4.png,sketch,0,dog,2,giraffe,0.7719829082489014
sketch/dog/n02103406_4849-5.png,sketch,0,dog,2,giraffe,0.9423496127128601
sketch/dog/n02103406_4849-6.png,sketch,0,dog,2,giraffe,0.4214642643928528
sketch/dog/n02103406_4849-7.png,sketch,0,dog,2,giraffe,0.8849474191665649
sketch/dog/n02103406_4849-8.png,sketch,0,dog,0,dog,0.5122756361961365
sketch/dog/n02103406_4849-9.png,sketch,0,dog,4,horse,0.6152598857879639
sketch/dog/n02103406_4916-1.png,sketch,0,dog,3,guitar,0.5073667764663696
sketch/dog/n02103406_4916-2.png,sketch,0,dog,0,dog,0.5290392637252808
sketch/dog/n02103406_4916-3.png,sketch,0,dog,0,dog,0.5717706680297852
sketch/dog/n02103406_4916-4.png,sketch,0,dog,0,dog,0.7733851075172424
sketch/dog/n02103406_4916-5.png,sketch,0,dog,0,dog,0.7607121467590332
sketch/dog/n02103406_5035-1.png,sketch,0,dog,4,horse,0.9734374284744263
sketch/dog/n02103406_5035-2.png,sketch,0,dog,0,dog,0.9727103114128113
sketch/dog/n02103406_5035-3.png,sketch,0,dog,0,dog,0.8926392793655396
sketch/dog/n02103406_5035-4.png,sketch,0,dog,0,dog,0.6513115167617798
sketch/dog/n02103406_5035-5.png,sketch,0,dog,4,horse,0.5933784246444702
sketch/dog/n02103406_5035-6.png,sketch,0,dog,6,person,0.48738956451416016
sketch/dog/n02103406_5216-1.png,sketch,0,dog,0,dog,0.9989107847213745
sketch/dog/n02103406_5216-2.png,sketch,0,dog,0,dog,0.9987911581993103
sketch/dog/n02103406_5216-3.png,sketch,0,dog,2,giraffe,0.4802645444869995
sketch/dog/n02103406_5216-4.png,sketch,0,dog,0,dog,0.9999374151229858
sketch/dog/n02103406_5216-5.png,sketch,0,dog,0,dog,0.9990441203117371
sketch/dog/n02103406_5224-1.png,sketch,0,dog,0,dog,0.9985836744308472
sketch/dog/n02103406_5224-2.png,sketch,0,dog,0,dog,0.9971670508384705
sketch/dog/n02103406_5224-3.png,sketch,0,dog,0,dog,0.7684981822967529
sketch/dog/n02103406_5224-4.png,sketch,0,dog,0,dog,0.9701169729232788
sketch/dog/n02103406_5224-5.png,sketch,0,dog,0,dog,0.9979189038276672
sketch/dog/n02103406_5224-6.png,sketch,0,dog,0,dog,0.9829699993133545
sketch/dog/n02103406_5456-1.png,sketch,0,dog,0,dog,0.9922629594802856
sketch/dog/n02103406_5456-2.png,sketch,0,dog,0,dog,0.7927980422973633
sketch/dog/n02103406_5456-3.png,sketch,0,dog,0,dog,0.5927850604057312
sketch/dog/n02103406_5456-4.png,sketch,0,dog,0,dog,0.6127671599388123
sketch/dog/n02103406_5456-5.png,sketch,0,dog,0,dog,0.9999793767929077
sketch/dog/n02103406_5456-6.png,sketch,0,dog,0,dog,0.9949710369110107
sketch/dog/n02103406_5456-7.png,sketch,0,dog,0,dog,0.9999841451644897
sketch/dog/n02103406_5456-8.png,sketch,0,dog,0,dog,0.9999958276748657
sketch/dog/n02103406_5456-9.png,sketch,0,dog,0,dog,0.9999706745147705
sketch/dog/n02103406_5505-1.png,sketch,0,dog,2,giraffe,0.9138351082801819
sketch/dog/n02103406_5505-2.png,sketch,0,dog,0,dog,0.5165875554084778
sketch/dog/n02103406_5505-3.png,sketch,0,dog,0,dog,0.9985944628715515
sketch/dog/n02103406_5505-4.png,sketch,0,dog,2,giraffe,0.4946032762527466
sketch/dog/n02103406_5505-5.png,sketch,0,dog,0,dog,0.9432245492935181
sketch/dog/n02103406_5505-6.png,sketch,0,dog,0,dog,0.9997343420982361
sketch/dog/n02103406_5563-1.png,sketch,0,dog,0,dog,0.822763204574585
sketch/dog/n02103406_5563-2.png,sketch,0,dog,1,elephant,0.6913670301437378
sketch/dog/n02103406_5563-3.png,sketch,0,dog,0,dog,0.9852241277694702
sketch/dog/n02103406_5563-4.png,sketch,0,dog,0,dog,0.9774121046066284
sketch/dog/n02103406_5563-5.png,sketch,0,dog,0,dog,0.9688587784767151
sketch/dog/n02103406_5563-6.png,sketch,0,dog,0,dog,0.9993665814399719
sketch/dog/n02103406_5563-7.png,sketch,0,dog,0,dog,0.9816369414329529
sketch/dog/n02103406_5601-1.png,sketch,0,dog,0,dog,0.9959779381752014
sketch/dog/n02103406_5601-2.png,sketch,0,dog,0,dog,0.9975536465644836
sketch/dog/n02103406_5601-3.png,sketch,0,dog,0,dog,0.8385477662086487
sketch/dog/n02103406_5601-4.png,sketch,0,dog,0,dog,0.9988827109336853
sketch/dog/n02103406_5601-5.png,sketch,0,dog,0,dog,0.6506472826004028
sketch/dog/n02103406_5601-6.png,sketch,0,dog,0,dog,0.9961250424385071
sketch/dog/n02103406_6274-1.png,sketch,0,dog,1,elephant,0.48801177740097046
sketch/dog/n02103406_6274-2.png,sketch,0,dog,0,dog,0.7885111570358276
sketch/dog/n02103406_6274-3.png,sketch,0,dog,6,person,0.4426558315753937
sketch/dog/n02103406_6274-4.png,sketch,0,dog,0,dog,0.8977409601211548
sketch/dog/n02103406_6274-5.png,sketch,0,dog,0,dog,0.9746301770210266
sketch/dog/n02103406_6461-1.png,sketch,0,dog,0,dog,0.6734755635261536
sketch/dog/n02103406_6461-2.png,sketch,0,dog,0,dog,0.9655621647834778
sketch/dog/n02103406_6461-3.png,sketch,0,dog,0,dog,0.9999533891677856
sketch/dog/n02103406_6461-4.png,sketch,0,dog,0,dog,0.9603967070579529
sketch/dog/n02103406_6461-5.png,sketch,0,dog,0,dog,0.9147180914878845
sketch/dog/n02103406_6461-6.png,sketch,0,dog,0,dog,0.9950520396232605
sketch/dog/n02103406_6461-7.png,sketch,0,dog,0,dog,0.8418238759040833
sketch/dog/n02103406_651-1.png,sketch,0,dog,0,dog,0.9989722967147827
sketch/dog/n02103406_651-2.png,sketch,0,dog,4,horse,0.7845839858055115
sketch/dog/n02103406_651-3.png,sketch,0,dog,0,dog,0.9581153988838196
sketch/dog/n02103406_651-4.png,sketch,0,dog,0,dog,0.6802346110343933
sketch/dog/n02103406_651-5.png,sketch,0,dog,2,giraffe,0.5239549279212952
sketch/dog/n02103406_651-6.png,sketch,0,dog,0,dog,0.9987242817878723
sketch/dog/n02103406_651-7.png,sketch,0,dog,0,dog,0.9994714856147766
sketch/dog/n02103406_6530-1.png,sketch,0,dog,2,giraffe,0.424160897731781
sketch/dog/n02103406_6530-2.png,sketch,0,dog,0,dog,0.8949746489524841
sketch/dog/n02103406_6530-3.png,sketch,0,dog,0,dog,0.9438576102256775
sketch/dog/n02103406_6530-4.png,sketch,0,dog,0,dog,0.9851735830307007
sketch/dog/n02103406_6530-5.png,sketch,0,dog,6,person,0.6004979610443115
sketch/dog/n02103406_6530-6.png,sketch,0,dog,0,dog,0.981594443321228
sketch/dog/n02103406_6530-7.png,sketch,0,dog,0,dog,0.8032135367393494
sketch/dog/n02103406_6688-1.png,sketch,0,dog,0,dog,1.0
sketch/dog/n02103406_6688-2.png,sketch,0,dog,0,dog,0.4449731111526489
sketch/dog/n02103406_6688-3.png,sketch,0,dog,0,dog,0.9999979734420776
sketch/dog/n02103406_6688-4.png,sketch,0,dog,4,horse,0.9955012202262878
sketch/dog/n02103406_6688-5.png,sketch,0,dog,0,dog,0.9999769926071167
sketch/dog/n02103406_6688-6.png,sketch,0,dog,0,dog,0.9999922513961792
sketch/dog/n02103406_6688-7.png,sketch,0,dog,0,dog,0.862686276435852
sketch/dog/n02103406_6688-8.png,sketch,0,dog,0,dog,0.9999672174453735
sketch/dog/n02103406_6688-9.png,sketch,0,dog,0,dog,0.9928633570671082
sketch/dog/n02103406_6852-1.png,sketch,0,dog,2,giraffe,0.8193703293800354
sketch/dog/n02103406_6852-2.png,sketch,0,dog,2,giraffe,0.574887752532959
sketch/dog/n02103406_6852-3.png,sketch,0,dog,0,dog,0.8529289960861206
sketch/dog/n02103406_6852-4.png,sketch,0,dog,0,dog,0.5991478562355042
sketch/dog/n02103406_6852-5.png,sketch,0,dog,0,dog,0.7461364269256592
sketch/dog/n02103406_6852-6.png,sketch,0,dog,0,dog,0.7525207996368408
sketch/dog/n02103406_6852-7.png,sketch,0,dog,0,dog,0.6757360696792603
sketch/dog/n02103406_6852-8.png,sketch,0,dog,0,dog,0.7621623873710632
sketch/dog/n02103406_6852-9.png,sketch,0,dog,0,dog,0.5934664011001587
sketch/dog/n02103406_6857-1.png,sketch,0,dog,0,dog,0.939617931842804
sketch/dog/n02103406_6857-2.png,sketch,0,dog,2,giraffe,0.9241677522659302
sketch/dog/n02103406_6857-3.png,sketch,0,dog,0,dog,0.45338916778564453
sketch/dog/n02103406_6857-4.png,sketch,0,dog,0,dog,0.9296755194664001
sketch/dog/n02103406_6857-5.png,sketch,0,dog,4,horse,0.40722957253456116
sketch/dog/n02103406_6857-6.png,sketch,0,dog,0,dog,0.5273560285568237
sketch/dog/n02103406_6857-7.png,sketch,0,dog,2,giraffe,0.45662373304367065
sketch/dog/n02103406_6857-8.png,sketch,0,dog,0,dog,0.4179835617542267
sketch/dog/n02103406_7201-1.png,sketch,0,dog,0,dog,0.9381247162818909
sketch/dog/n02103406_7201-2.png,sketch,0,dog,0,dog,0.9955653548240662
sketch/dog/n02103406_7201-3.png,sketch,0,dog,4,horse,0.8952354788780212
sketch/dog/n02103406_7201-4.png,sketch,0,dog,0,dog,0.9847954511642456
sketch/dog/n02103406_7201-5.png,sketch,0,dog,0,dog,0.9786278605461121
sketch/dog/n02103406_7201-6.png,sketch,0,dog,0,dog,0.9574921727180481
sketch/dog/n02103406_7368-1.png,sketch,0,dog,0,dog,0.9057844281196594
sketch/dog/n02103406_7368-10.png,sketch,0,dog,2,giraffe,0.5063828229904175
sketch/dog/n02103406_7368-2.png,sketch,0,dog,4,horse,0.5023751258850098
sketch/dog/n02103406_7368-3.png,sketch,0,dog,4,horse,0.55907142162323
sketch/dog/n02103406_7368-4.png,sketch,0,dog,2,giraffe,0.5200116038322449
sketch/dog/n02103406_7368-5.png,sketch,0,dog,0,dog,0.47087007761001587
sketch/dog/n02103406_7368-6.png,sketch,0,dog,4,horse,0.4173039495944977
sketch/dog/n02103406_7368-7.png,sketch,0,dog,4,horse,0.7119963765144348
sketch/dog/n02103406_7368-8.png,sketch,0,dog,4,horse,0.4825894832611084
sketch/dog/n02103406_7368-9.png,sketch,0,dog,0,dog,0.90767502784729
sketch/dog/n02103406_7521-1.png,sketch,0,dog,0,dog,0.9360664486885071
sketch/dog/n02103406_7521-2.png,sketch,0,dog,0,dog,0.9373218417167664
sketch/dog/n02103406_7521-3.png,sketch,0,dog,0,dog,0.9390102028846741
sketch/dog/n02103406_7521-4.png,sketch,0,dog,0,dog,0.8161603808403015
sketch/dog/n02103406_7521-5.png,sketch,0,dog,0,dog,0.6497766375541687
sketch/dog/n02103406_7521-6.png,sketch,0,dog,0,dog,0.783616304397583
sketch/dog/n02103406_7521-7.png,sketch,0,dog,0,dog,0.9657809138298035
sketch/dog/n02103406_7521-8.png,sketch,0,dog,0,dog,0.9944822788238525
sketch/dog/n02103406_7708-1.png,sketch,0,dog,0,dog,0.6858505010604858
sketch/dog/n02103406_7708-10.png,sketch,0,dog,0,dog,0.7939850687980652
sketch/dog/n02103406_7708-2.png,sketch,0,dog,2,giraffe,0.8552632331848145
sketch/dog/n02103406_7708-3.png,sketch,0,dog,0,dog,0.9705600738525391
sketch/dog/n02103406_7708-4.png,sketch,0,dog,0,dog,0.9144533276557922
sketch/dog/n02103406_7708-5.png,sketch,0,dog,0,dog,0.9996927976608276
sketch/dog/n02103406_7708-6.png,sketch,0,dog,0,dog,0.9048779606819153
sketch/dog/n02103406_7708-7.png,sketch,0,dog,2,giraffe,0.5676957368850708
sketch/dog/n02103406_7708-8.png,sketch,0,dog,0,dog,0.9938035011291504
sketch/dog/n02103406_7708-9.png,sketch,0,dog,0,dog,0.9859297871589661
sketch/dog/n02103406_8004-1.png,sketch,0,dog,2,giraffe,0.6590538024902344
sketch/dog/n02103406_8004-2.png,sketch,0,dog,0,dog,0.881000280380249
sketch/dog/n02103406_8004-3.png,sketch,0,dog,2,giraffe,0.7963258624076843
sketch/dog/n02103406_8004-4.png,sketch,0,dog,2,giraffe,0.5934509038925171
sketch/dog/n02103406_8004-5.png,sketch,0,dog,0,dog,0.9876713752746582
sketch/dog/n02103406_8004-6.png,sketch,0,dog,2,giraffe,0.7047268152236938
sketch/dog/n02103406_8004-7.png,sketch,0,dog,2,giraffe,0.9345775246620178
sketch/dog/n02103406_8004-8.png,sketch,0,dog,0,dog,0.7180479764938354
sketch/dog/n02103406_8004-9.png,sketch,0,dog,4,horse,0.6464863419532776
sketch/dog/n02103406_8280-1.png,sketch,0,dog,4,horse,0.6643494963645935
sketch/dog/n02103406_8280-2.png,sketch,0,dog,0,dog,0.901536226272583
sketch/dog/n02103406_8280-3.png,sketch,0,dog,0,dog,0.5457913279533386
sketch/dog/n02103406_8280-4.png,sketch,0,dog,0,dog,0.916082501411438
sketch/dog/n02103406_8280-5.png,sketch,0,dog,4,horse,0.9828518629074097
sketch/dog/n02103406_8280-6.png,sketch,0,dog,4,horse,0.8035172820091248
sketch/dog/n02103406_8362-1.png,sketch,0,dog,0,dog,0.7611380219459534
sketch/dog/n02103406_8362-10.png,sketch,0,dog,0,dog,0.9637284874916077
sketch/dog/n02103406_8362-2.png,sketch,0,dog,6,person,0.5082672834396362
sketch/dog/n02103406_8362-3.png,sketch,0,dog,0,dog,0.8986403346061707
sketch/dog/n02103406_8362-4.png,sketch,0,dog,4,horse,0.6026798486709595
sketch/dog/n02103406_8362-5.png,sketch,0,dog,0,dog,0.9162071943283081
sketch/dog/n02103406_8362-6.png,sketch,0,dog,0,dog,0.7979910969734192
sketch/dog/n02103406_8362-7.png,sketch,0,dog,0,dog,0.5213136672973633
sketch/dog/n02103406_8362-8.png,sketch,0,dog,4,horse,0.9659758806228638
sketch/dog/n02103406_8362-9.png,sketch,0,dog,4,horse,0.9958226680755615
sketch/dog/n02103406_8421-1.png,sketch,0,dog,0,dog,0.7684884667396545
sketch/dog/n02103406_8421-2.png,sketch,0,dog,0,dog,0.9981386661529541
sketch/dog/n02103406_8421-3.png,sketch,0,dog,0,dog,0.6579143404960632
sketch/dog/n02103406_8421-4.png,sketch,0,dog,0,dog,0.8623327016830444
sketch/dog/n02103406_8421-5.png,sketch,0,dog,0,dog,0.987114429473877
sketch/dog/n02103406_8421-6.png,sketch,0,dog,0,dog,0.9460943341255188
sketch/dog/n02103406_865-1.png,sketch,0,dog,1,elephant,0.6803205609321594
sketch/dog/n02103406_865-10.png,sketch,0,dog,0,dog,0.9986085295677185
sketch/dog/n02103406_865-11.png,sketch,0,dog,0,dog,0.6673625111579895
sketch/dog/n02103406_865-2.png,sketch,0,dog,1,elephant,0.5420665740966797
sketch/dog/n02103406_865-3.png,sketch,0,dog,0,dog,0.9559435248374939
sketch/dog/n02103406_865-4.png,sketch,0,dog,0,dog,0.9490628242492676
sketch/dog/n02103406_865-5.png,sketch,0,dog,1,elephant,0.733330249786377
sketch/dog/n02103406_865-6.png,sketch,0,dog,0,dog,0.8608240485191345
sketch/dog/n02103406_865-7.png,sketch,0,dog,0,dog,0.9968703389167786
sketch/dog/n02103406_865-8.png,sketch,0,dog,0,dog,0.9808565378189087
sketch/dog/n02103406_865-9.png,sketch,0,dog,0,dog,0.8230626583099365
sketch/dog/n02103406_936-1.png,sketch,0,dog,0,dog,0.889902651309967
sketch/dog/n02103406_936-2.png,sketch,0,dog,2,giraffe,0.5772727131843567
sketch/dog/n02103406_936-3.png,sketch,0,dog,2,giraffe,0.7269946336746216
sketch/dog/n02103406_936-4.png,sketch,0,dog,0,dog,0.4214188754558563
sketch/dog/n02103406_936-5.png,sketch,0,dog,1,elephant,0.3420977294445038
sketch/dog/n02103406_936-6.png,sketch,0,dog,2,giraffe,0.7263314127922058
sketch/dog/n02103406_936-7.png,sketch,0,dog,0,dog,0.8673242330551147
sketch/dog/n02103406_936-8.png,sketch,0,dog,0,dog,0.4654539227485657
sketch/dog/n02103406_936-9.png,sketch,0,dog,0,dog,0.9938938021659851
sketch/dog/n02103406_995-1.png,sketch,0,dog,2,giraffe,0.9662783145904541
sketch/dog/n02103406_995-2.png,sketch,0,dog,0,dog,0.467026948928833
sketch/dog/n02103406_995-3.png,sketch,0,dog,0,dog,0.8331190347671509
sketch/dog/n02103406_995-4.png,sketch,0,dog,0,dog,0.7213995456695557
sketch/dog/n02103406_995-5.png,sketch,0,dog,0,dog,0.9355757832527161
sketch/dog/n02103406_995-6.png,sketch,0,dog,0,dog,0.9016510844230652
sketch/dog/n02106662_10406-1.png,sketch,0,dog,0,dog,0.515438973903656
sketch/dog/n02106662_10406-2.png,sketch,0,dog,4,horse,0.9863280653953552
sketch/dog/n02106662_10406-3.png,sketch,0,dog,4,horse,0.8929020166397095
sketch/dog/n02106662_10406-4.png,sketch,0,dog,2,giraffe,0.46281009912490845
sketch/dog/n02106662_10406-5.png,sketch,0,dog,4,horse,0.9918531775474548
sketch/dog/n02106662_10406-6.png,sketch,0,dog,4,horse,0.9494252800941467
sketch/dog/n02106662_11133-1.png,sketch,0,dog,0,dog,0.9172458648681641
sketch/dog/n02106662_11133-2.png,sketch,0,dog,0,dog,0.9953072667121887
sketch/dog/n02106662_11133-3.png,sketch,0,dog,2,giraffe,0.9556846618652344
sketch/dog/n02106662_11133-4.png,sketch,0,dog,2,giraffe,0.8306782245635986
sketch/dog/n02106662_11133-5.png,sketch,0,dog,0,dog,0.9214188456535339
sketch/dog/n02106662_13178-1.png,sketch,0,dog,4,horse,0.5858615636825562
sketch/dog/n02106662_13178-2.png,sketch,0,dog,0,dog,0.42983391880989075
sketch/dog/n02106662_13178-3.png,sketch,0,dog,2,giraffe,0.5396941304206848
sketch/dog/n02106662_13178-4.png,sketch,0,dog,0,dog,0.7381574511528015
sketch/dog/n02106662_13178-5.png,sketch,0,dog,0,dog,0.7644730806350708
sketch/dog/n02106662_13912-1.png,sketch,0,dog,0,dog,0.6738932132720947
sketch/dog/n02106662_13912-2.png,sketch,0,dog,0,dog,0.7300019860267639
sketch/dog/n02106662_13912-3.png,sketch,0,dog,0,dog,0.9100595116615295
sketch/dog/n02106662_13912-4.png,sketch,0,dog,0,dog,0.9301900267601013
sketch/dog/n02106662_13912-5.png,sketch,0,dog,4,horse,0.5623188018798828
sketch/dog/n02106662_15858-1.png,sketch,0,dog,4,horse,0.9988006353378296
sketch/dog/n02106662_15858-2.png,sketch,0,dog,0,dog,0.37687382102012634
sketch/dog/n02106662_15858-3.png,sketch,0,dog,0,dog,0.9397690892219543
sketch/dog/n02106662_15858-4.png,sketch,0,dog,4,horse,0.7158148884773254
sketch/dog/n02106662_15858-5.png,sketch,0,dog,0,dog,0.9392346739768982
sketch/dog/n02106662_15858-6.png,sketch,0,dog,0,dog,0.8332710266113281
sketch/dog/n02106662_18402-1.png,sketch,0,dog,0,dog,0.5331823825836182
sketch/dog/n02106662_18402-2.png,sketch,0,dog,0,dog,0.8731312155723572
sketch/dog/n02106662_18402-3.png,sketch,0,dog,2,giraffe,0.5302978754043579
sketch/dog/n02106662_18402-4.png,sketch,0,dog,0,dog,0.948840320110321
sketch/dog/n02106662_18402-5.png,sketch,0,dog,0,dog,0.6094366908073425
sketch/dog/n02106662_18405-1.png,sketch,0,dog,0,dog,0.9928909540176392
sketch/dog/n02106662_18405-2.png,sketch,0,dog,0,dog,0.8058154582977295
sketch/dog/n02106662_18405-3.png,sketch,0,dog,0,dog,0.8752309083938599
sketch/dog/n02106662_18405-4.png,sketch,0,dog,0,dog,0.9612578749656677
sketch/dog/n02106662_18405-5.png,sketch,0,dog,0,dog,0.9848774671554565
sketch/dog/n02106662_1874-1.png,sketch,0,dog,0,dog,0.9833145141601562
sketch/dog/n02106662_1874-2.png,sketch,0,dog,2,giraffe,0.9252036809921265
sketch/dog/n02106662_1874-3.png,sketch,0,dog,0,dog,0.9999996423721313
sketch/dog/n02106662_1874-4.png,sketch,0,dog,0,dog,0.9999716281890869
sketch/dog/n02106662_1874-5.png,sketch,0,dog,0,dog,0.9103889465332031
sketch/dog/n02106662_18922-1.png,sketch,0,dog,0,dog,0.8747098445892334
sketch/dog/n02106662_18922-10.png,sketch,0,dog,0,dog,0.7956573963165283
sketch/dog/n02106662_18922-11.png,sketch,0,dog,2,giraffe,0.9360577464103699
sketch/dog/n02106662_18922-2.png,sketch,0,dog,0,dog,0.9495068192481995
sketch/dog/n02106662_18922-3.png,sketch,0,dog,0,dog,0.9692484736442566
sketch/dog/n02106662_18922-4.png,sketch,0,dog,0,dog,0.9847415089607239
sketch/dog/n02106662_18922-5.png,sketch,0,dog,2,giraffe,0.8235235810279846
sketch/dog/n02106662_18922-6.png,sketch,0,dog,0,dog,0.9532085657119751
sketch/dog/n02106662_18922-7.png,sketch,0,dog,2,giraffe,0.9269900321960449
sketch/dog/n02106662_18922-8.png,sketch,0,dog,0,dog,0.924053430557251
sketch/dog/n02106662_18922-9.png,sketch,0,dog,0,dog,0.9519810080528259
sketch/dog/n02106662_18953-1.png,sketch,0,dog,4,horse,0.9165389537811279
sketch/dog/n02106662_18953-2.png,sketch,0,dog,0,dog,0.6740836501121521
sketch/dog/n02106662_18953-3.png,sketch,0,dog,2,giraffe,0.6608901023864746
sketch/dog/n02106662_18953-4.png,sketch,0,dog,0,dog,0.6694318652153015
sketch/dog/n02106662_18953-5.png,sketch,0,dog,4,horse,0.5299860835075378
sketch/dog/n02106662_18953-6.png,sketch,0,dog,0,dog,0.8731912970542908
sketch/dog/n02106662_18953-7.png,sketch,0,dog,0,dog,0.5975369811058044
sketch/dog/n02106662_1922-1.png,sketch,0,dog,0,dog,0.8521519899368286
sketch/dog/n02106662_1922-2.png,sketch,0,dog,0,dog,0.9999998807907104
sketch/dog/n02106662_1922-3.png,sketch,0,dog,0,dog,0.8000219464302063
sketch/dog/n02106662_1922-4.png,sketch,0,dog,0,dog,0.5778489112854004
sketch/dog/n02106662_1922-5.png,sketch,0,dog,0,dog,0.8679189682006836
sketch/dog/n02106662_2101-1.png,sketch,0,dog,0,dog,0.7095188498497009
sketch/dog/n02106662_2101-2.png,sketch,0,dog,0,dog,0.9322295784950256
sketch/dog/n02106662_2101-3.png,sketch,0,dog,0,dog,0.9379113912582397
sketch/dog/n02106662_2101-4.png,sketch,0,dog,0,dog,0.5645803213119507
sketch/dog/n02106662_2101-5.png,sketch,0,dog,0,dog,0.5495938658714294
sketch/dog/n02106662_2101-6.png,sketch,0,dog,0,dog,0.9177922010421753
sketch/dog/n02106662_2101-7.png,sketch,0,dog,0,dog,0.8392030000686646
sketch/dog/n02106662_2101-8.png,sketch,0,dog,0,dog,0.963787853717804
sketch/dog/n02106662_2101-9.png,sketch,0,dog,0,dog,0.9690403342247009
sketch/dog/n02106662_2157-1.png,sketch,0,dog,2,giraffe,0.7618396282196045
sketch/dog/n02106662_2157-2.png,sketch,0,dog,0,dog,0.8478773236274719
sketch/dog/n02106662_2157-3.png,sketch,0,dog,0,dog,0.9872851967811584
sketch/dog/n02106662_2157-4.png,sketch,0,dog,0,dog,0.9746087789535522
sketch/dog/n02106662_2157-5.png,sketch,0,dog,0,dog,0.9619741439819336
sketch/dog/n02106662_2157-6.png,sketch,0,dog,0,dog,0.8358957171440125
sketch/dog/n02106662_2377-1.png,sketch,0,dog,2,giraffe,0.7525318264961243
sketch/dog/n02106662_2377-2.png,sketch,0,dog,0,dog,0.965908944606781
sketch/dog/n02106662_2377-3.png,sketch,0,dog,2,giraffe,0.750562310218811
sketch/dog/n02106662_2377-4.png,sketch,0,dog,0,dog,0.9554696679115295
sketch/dog/n02106662_2377-5.png,sketch,0,dog,0,dog,0.8223764300346375
sketch/dog/n02106662_2377-6.png,sketch,0,dog,4,horse,0.9596919417381287
sketch/dog/n02106662_24019-1.png,sketch,0,dog,2,giraffe,0.9206413626670837
sketch/dog/n02106662_24019-2.png,sketch,0,dog,0,dog,0.5058636665344238
sketch/dog/n02106662_24019-3.png,sketch,0,dog,2,giraffe,0.5356510281562805
sketch/dog/n02106662_24019-4.png,sketch,0,dog,0,dog,0.9916104674339294
sketch/dog/n02106662_24019-5.png,sketch,0,dog,2,giraffe,0.6408320665359497
sketch/dog/n02106662_24019-6.png,sketch,0,dog,2,giraffe,0.5833746194839478
sketch/dog/n02106662_24019-7.png,sketch,0,dog,0,dog,0.8037073016166687
sketch/dog/n02106662_24019-8.png,sketch,0,dog,4,horse,0.5783146023750305
sketch/dog/n02106662_24577-1.png,sketch,0,dog,0,dog,0.9736922383308411
sketch/dog/n02106662_24577-2.png,sketch,0,dog,2,giraffe,0.6961348056793213
sketch/dog/n02106662_24577-3.png,sketch,0,dog,0,dog,0.9322177171707153
sketch/dog/n02106662_24577-4.png,sketch,0,dog,0,dog,0.9909550547599792
sketch/dog/n02106662_24577-5.png,sketch,0,dog,0,dog,0.9791426658630371
sketch/dog/n02106662_24786-1.png,sketch,0,dog,4,horse,0.3839568495750427
sketch/dog/n02106662_24786-2.png,sketch,0,dog,4,horse,0.563001811504364
sketch/dog/n02106662_24786-3.png,sketch,0,dog,4,horse,0.959221601486206
sketch/dog/n02106662_24786-4.png,sketch,0,dog,0,dog,0.9123997688293457
sketch/dog/n02106662_24786-5.png,sketch,0,dog,4,horse,0.8519641160964966
sketch/dog/n02106662_24786-6.png,sketch,0,dog,4,horse,0.9240792989730835
sketch/dog/n02106662_24786-7.png,sketch,0,dog,0,dog,0.660714864730835
sketch/dog/n02106662_25917-1.png,sketch,0,dog,0,dog,0.9255603551864624
sketch/dog/n02106662_25917-2.png,sketch,0,dog,2,giraffe,0.9005223512649536
sketch/dog/n02106662_25917-3.png,sketch,0,dog,0,dog,0.9204989075660706
sketch/dog/n02106662_25917-4.png,sketch,0,dog,4,horse,0.856658935546875
sketch/dog/n02106662_25917-5.png,sketch,0,dog,2,giraffe,0.9311428070068359
sketch/dog/n02106662_25917-6.png,sketch,0,dog,4,horse,0.6225566864013672
sketch/dog/n02106662_25917-7.png,sketch,0,dog,4,horse,0.9891547560691833
sketch/dog/n02106662_26549-1.png,sketch,0,dog,2,giraffe,0.9250349402427673
sketch/dog/n02106662_26549-2.png,sketch,0,dog,0,dog,0.8804696202278137
sketch/dog/n02106662_26549-3.png,sketch,0,dog,0,dog,0.7206137776374817
sketch/dog/n02106662_26549-4.png,sketch,0,dog,0,dog,0.690768837928772
sketch/dog/n02106662_26549-5.png,sketch,0,dog,0,dog,0.9998382329940796
sketch/dog/n02106662_26549-6.png,sketch,0,dog,0,dog,0.575895369052887
sketch/dog/n02106662_27393-1.png,sketch,0,dog,4,horse,0.7944547533988953
sketch/dog/n02106662_27393-2.png,sketch,0,dog,0,dog,0.9562203288078308
sketch/dog/n02106662_27393-3.png,sketch,0,dog,0,dog,0.9368293285369873
sketch/dog/n02106662_27393-4.png,sketch,0,dog,0,dog,0.8454188108444214
sketch/dog/n02106662_27393-5.png,sketch,0,dog,4,horse,0.955386221408844
sketch/dog/n02106662_2740-1.png,sketch,0,dog,2,giraffe,0.36957669258117676
sketch/dog/n02106662_2740-2.png,sketch,0,dog,0,dog,0.9817059636116028
sketch/dog/n02106662_2740-3.png,sketch,0,dog,0,dog,0.8231180310249329
sketch/dog/n02106662_2740-4.png,sketch,0,dog,0,dog,0.7929681539535522
sketch/dog/n02106662_2740-5.png,sketch,0,dog,0,dog,0.5629803538322449
sketch/dog/n02106662_466-1.png,sketch,0,dog,2,giraffe,0.571331262588501
sketch/dog/n02106662_466-2.png,sketch,0,dog,2,giraffe,0.7426674365997314
sketch/dog/n02106662_466-3.png,sketch,0,dog,4,horse,0.4741615355014801
sketch/dog/n02106662_466-4.png,sketch,0,dog,4,horse,0.6965638399124146
sketch/dog/n02106662_466-5.png,sketch,0,dog,0,dog,0.9998679161071777
sketch/dog/n02106662_466-6.png,sketch,0,dog,0,dog,0.6544721126556396
sketch/dog/n02106662_466-7.png,sketch,0,dog,0,dog,0.918003261089325
sketch/dog/n02106662_5001-1.png,sketch,0,dog,0,dog,0.4417623281478882
sketch/dog/n02106662_5001-2.png,sketch,0,dog,4,horse,0.6374086737632751
sketch/dog/n02106662_5001-3.png,sketch,0,dog,0,dog,0.9928547739982605
sketch/dog/n02106662_5001-4.png,sketch,0,dog,4,horse,0.8714780211448669
sketch/dog/n02106662_5001-5.png,sketch,0,dog,0,dog,0.9525042772293091
sketch/dog/n02106662_5001-6.png,sketch,0,dog,4,horse,0.563791036605835
sketch/dog/n02106662_5001-7.png,sketch,0,dog,4,horse,0.5724502205848694
sketch/dog/n02106662_7885-1.png,sketch,0,dog,4,horse,0.7374017238616943
sketch/dog/n02106662_7885-2.png,sketch,0,dog,2,giraffe,0.8347004652023315
sketch/dog/n02106662_7885-3.png,sketch,0,dog,4,horse,0.9560906887054443
sketch/dog/n02106662_7885-4.png,sketch,0,dog,2,giraffe,0.8085609674453735
sketch/dog/n02106662_7885-5.png,sketch,0,dog,0,dog,0.9976773858070374
sketch/dog/n02106662_7960-1.png,sketch,0,dog,2,giraffe,0.6697853207588196
sketch/dog/n02106662_7960-2.png,sketch,0,dog,4,horse,0.4203668534755707
sketch/dog/n02106662_7960-3.png,sketch,0,dog,0,dog,0.9990315437316895
sketch/dog/n02106662_7960-4.png,sketch,0,dog,2,giraffe,0.7697926759719849
sketch/dog/n02106662_7960-5.png,sketch,0,dog,0,dog,0.9648864269256592
sketch/dog/n02106662_7960-6.png,sketch,0,dog,0,dog,0.6240658760070801
sketch/dog/n02106662_8511-1.png,sketch,0,dog,0,dog,0.4708937108516693
sketch/dog/n02106662_8511-2.png,sketch,0,dog,0,dog,0.6572665572166443
sketch/dog/n02106662_8511-3.png,sketch,0,dog,0,dog,0.37519463896751404
sketch/dog/n02106662_8511-4.png,sketch,0,dog,0,dog,0.9090619087219238
sketch/dog/n02106662_8511-5.png,sketch,0,dog,2,giraffe,0.8323010802268982
sketch/dog/n02106662_8511-6.png,sketch,0,dog,0,dog,0.9995349645614624
sketch/dog/n02106662_8870-1.png,sketch,0,dog,0,dog,0.9158884882926941
sketch/dog/n02106662_8870-2.png,sketch,0,dog,0,dog,0.5494354963302612
sketch/dog/n02106662_8870-3.png,sketch,0,dog,4,horse,0.8794997334480286
sketch/dog/n02106662_8870-4.png,sketch,0,dog,0,dog,0.8842129707336426
sketch/dog/n02106662_8870-5.png,sketch,0,dog,0,dog,0.9349875450134277
sketch/dog/n02106662_8870-6.png,sketch,0,dog,4,horse,0.719089150428772
sketch/dog/n02106662_8870-7.png,sketch,0,dog,0,dog,0.7939942479133606
sketch/dog/n02106662_928-1.png,sketch,0,dog,0,dog,0.7329725027084351
sketch/dog/n02106662_928-10.png,sketch,0,dog,2,giraffe,0.5380083918571472
sketch/dog/n02106662_928-11.png,sketch,0,dog,4,horse,0.9297842383384705
sketch/dog/n02106662_928-2.png,sketch,0,dog,4,horse,0.9345349073410034
sketch/dog/n02106662_928-3.png,sketch,0,dog,4,horse,0.749175488948822
sketch/dog/n02106662_928-4.png,sketch,0,dog,0,dog,0.9177846908569336
sketch/dog/n02106662_928-5.png,sketch,0,dog,4,horse,0.9886295795440674
sketch/dog/n02106662_928-6.png,sketch,0,dog,0,dog,0.5655532479286194
sketch/dog/n02106662_928-7.png,sketch,0,dog,0,dog,0.6382915377616882
sketch/dog/n02106662_928-8.png,sketch,0,dog,4,horse,0.9939841628074646
sketch/dog/n02106662_928-9.png,sketch,0,dog,0,dog,0.7549294829368591
sketch/dog/n02109525_10297-1.png,sketch,0,dog,0,dog,0.9997000694274902
sketch/dog/n02109525_10297-2.png,sketch,0,dog,0,dog,0.5268102288246155
sketch/dog/n02109525_10297-3.png,sketch,0,dog,0,dog,0.9922120571136475
sketch/dog/n02109525_10297-4.png,sketch,0,dog,1,elephant,0.3392956256866455
sketch/dog/n02109525_10297-5.png,sketch,0,dog,0,dog,0.8747851848602295
sketch/dog/n02109525_11444-1.png,sketch,0,dog,1,elephant,0.5044986605644226
sketch/dog/n02109525_11444-2.png,sketch,0,dog,0,dog,0.9438887238502502
sketch/dog/n02109525_11444-3.png,sketch,0,dog,0,dog,0.8400095105171204
sketch/dog/n02109525_11444-4.png,sketch,0,dog,4,horse,0.5517032742500305
sketch/dog/n02109525_11444-5.png,sketch,0,dog,4,horse,0.41840431094169617
sketch/dog/n02109525_12875-1.png,sketch,0,dog,0,dog,0.9999579191207886
sketch/dog/n02109525_12875-2.png,sketch,0,dog,0,dog,0.9999567270278931
sketch/dog/n02109525_12875-3.png,sketch,0,dog,0,dog,0.9999194145202637
sketch/dog/n02109525_12875-4.png,sketch,0,dog,0,dog,0.9864283204078674
sketch/dog/n02109525_12875-5.png,sketch,0,dog,0,dog,0.9233531355857849
sketch/dog/n02109525_12875-6.png,sketch,0,dog,0,dog,0.987514853477478
sketch/dog/n02109525_13700-1.png,sketch,0,dog,0,dog,0.553888201713562
sketch/dog/n02109525_13700-2.png,sketch,0,dog,0,dog,0.98893141746521
sketch/dog/n02109525_13700-3.png,sketch,0,dog,0,dog,0.7085808515548706
sketch/dog/n02109525_13700-4.png,sketch,0,dog,0,dog,0.8868524432182312
sketch/dog/n02109525_13700-5.png,sketch,0,dog,0,dog,0.7866194248199463
sketch/dog/n02109525_16346-1.png,sketch,0,dog,0,dog,0.6631478667259216
sketch/dog/n02109525_16346-2.png,sketch,0,dog,0,dog,0.8717597723007202
sketch/dog/n02109525_16346-3.png,sketch,0,dog,0,dog,0.9999995231628418
sketch/dog/n02109525_16346-4.png,sketch,0,dog,0,dog,0.9993902444839478
sketch/dog/n02109525_16346-5.png,sketch,0,dog,0,dog,0.9999887943267822
sketch/dog/n02109525_16346-6.png,sketch,0,dog,0,dog,0.9681230187416077
sketch/dog/n02109525_16346-7.png,sketch,0,dog,0,dog,0.8802332878112793
sketch/dog/n02109525_16346-8.png,sketch,0,dog,0,dog,0.9997432827949524
sketch/dog/n02109525_18347-1.png,sketch,0,dog,0,dog,0.8043254017829895
sketch/dog/n02109525_18347-2.png,sketch,0,dog,0,dog,0.9190099835395813
sketch/dog/n02109525_18347-3.png,sketch,0,dog,0,dog,0.9991157650947571
sketch/dog/n02109525_18347-4.png,sketch,0,dog,0,dog,0.9297413229942322
sketch/dog/n02109525_18347-5.png,sketch,0,dog,0,dog,0.9999961853027344
sketch/dog/n02109525_18347-6.png,sketch,0,dog,0,dog,0.960114061832428
sketch/dog/n02109525_18347-7.png,sketch,0,dog,0,dog,0.6217231154441833
sketch/dog/n02109525_1893-1.png,sketch,0,dog,0,dog,0.9999898672103882
sketch/dog/n02109525_1893-2.png,sketch,0,dog,0,dog,0.9867302179336548
sketch/dog/n02109525_1893-3.png,sketch,0,dog,0,dog,0.7072749137878418
sketch/dog/n02109525_1893-4.png,sketch,0,dog,4,horse,0.7123824954032898
sketch/dog/n02109525_1893-5.png,sketch,0,dog,0,dog,0.5740521550178528
sketch/dog/n02109525_1893-6.png,sketch,0,dog,0,dog,0.7876367568969727
sketch/dog/n02109525_1893-7.png,sketch,0,dog,0,dog,0.9447557330131531
sketch/dog/n02109525_3202-1.png,sketch,0,dog,0,dog,0.9569287896156311
sketch/dog/n02109525_3202-2.png,sketch,0,dog,0,dog,0.9993041753768921
sketch/dog/n02109525_3202-3.png,sketch,0,dog,0,dog,0.9993519186973572
sketch/dog/n02109525_3202-4.png,sketch,0,dog,0,dog,0.9985058307647705
sketch/dog/n02109525_3202-5.png,sketch,0,dog,0,dog,0.9977442026138306
sketch/dog/n02109525_3202-6.png,sketch,0,dog,0,dog,0.9868472218513489
sketch/dog/n02109525_3782-1.png,sketch,0,dog,0,dog,0.9052081108093262
sketch/dog/n02109525_3782-10.png,sketch,0,dog,0,dog,0.9688934683799744
sketch/dog/n02109525_3782-2.png,sketch,0,dog,0,dog,0.9962091445922852
sketch/dog/n02109525_3782-3.png,sketch,0,dog,0,dog,0.996220052242279
sketch/dog/n02109525_3782-4.png,sketch,0,dog,0,dog,0.9924367070198059
sketch/dog/n02109525_3782-5.png,sketch,0,dog,0,dog,0.9937136769294739
sketch/dog/n02109525_3782-6.png,sketch,0,dog,0,dog,0.9981061220169067
sketch/dog/n02109525_3782-7.png,sketch,0,dog,0,dog,0.9999747276306152
sketch/dog/n02109525_3782-8.png,sketch,0,dog,0,dog,0.9585350751876831
sketch/dog/n02109525_3782-9.png,sketch,0,dog,0,dog,0.9995679259300232
sketch/dog/n02109525_5013-1.png,sketch,0,dog,0,dog,0.538945734500885
sketch/dog/n02109525_5013-2.png,sketch,0,dog,0,dog,0.9283580183982849
sketch/dog/n02109525_5013-3.png,sketch,0,dog,0,dog,0.8642964363098145
sketch/dog/n02109525_5013-4.png,sketch,0,dog,0,dog,0.6334801912307739
sketch/dog/n02109525_5013-5.png,sketch,0,dog,0,dog,0.898625910282135
sketch/dog/n02109525_5013-6.png,sketch,0,dog,0,dog,0.7393732666969299
sketch/dog/n02109525_5583-1.png,sketch,0,dog,0,dog,0.9999996423721313
sketch/dog/n02109525_5583-2.png,sketch,0,dog,0,dog,0.7435135245323181
sketch/dog/n02109525_5583-3.png,sketch,0,dog,0,dog,0.980697751045227
sketch/dog/n02109525_5583-4.png,sketch,0,dog,0,dog,0.9966874718666077
sketch/dog/n02109525_5583-5.png,sketch,0,dog,0,dog,0.9765403866767883
sketch/dog/n02109525_5583-6.png,sketch,0,dog,0,dog,0.9712755680084229
sketch/dog/n02109525_5583-7.png,sketch,0,dog,0,dog,0.9920666217803955
sketch/dog/n02109525_5966-1.png,sketch,0,dog,0,dog,0.9932636022567749
sketch/dog/n02109525_5966-2.png,sketch,0,dog,0,dog,0.9999974966049194
sketch/dog/n02109525_5966-3.png,sketch,0,dog,0,dog,0.9999821186065674
sketch/dog/n02109525_5966-4.png,sketch,0,dog,0,dog,0.9996615648269653
sketch/dog/n02109525_5966-5.png,sketch,0,dog,0,dog,0.9984954595565796
sketch/dog/n02109525_6693-1.png,sketch,0,dog,0,dog,0.9944143295288086
sketch/dog/n02109525_6693-2.png,sketch,0,dog,0,dog,0.9999834299087524
sketch/dog/n02109525_6693-3.png,sketch,0,dog,0,dog,0.7561930418014526
sketch/dog/n02109525_6693-4.png,sketch,0,dog,0,dog,0.9999183416366577
sketch/dog/n02109525_6693-5.png,sketch,0,dog,0,dog,0.9999983310699463
sketch/dog/n02109525_704-1.png,sketch,0,dog,0,dog,0.5581923723220825
sketch/dog/n02109525_704-2.png,sketch,0,dog,0,dog,0.937289297580719
sketch/dog/n02109525_704-3.png,sketch,0,dog,0,dog,0.7366268634796143
sketch/dog/n02109525_704-4.png,sketch,0,dog,0,dog,0.9974695444107056
sketch/dog/n02109525_704-5.png,sketch,0,dog,0,dog,0.9423874020576477
sketch/dog/n02109525_704-6.png,sketch,0,dog,0,dog,0.5447450876235962
sketch/dog/n02109525_7874-1.png,sketch,0,dog,0,dog,0.9097405076026917
sketch/dog/n02109525_7874-2.png,sketch,0,dog,0,dog,0.9939578771591187
sketch/dog/n02109525_7874-3.png,sketch,0,dog,0,dog,0.9999984502792358
sketch/dog/n02109525_7874-4.png,sketch,0,dog,0,dog,0.9994732737541199
sketch/dog/n02109525_7874-5.png,sketch,0,dog,0,dog,0.9941965341567993
sketch/dog/n02109525_7874-6.png,sketch,0,dog,0,dog,0.9828214645385742
sketch/dog/n02109525_8211-1.png,sketch,0,dog,0,dog,0.9960941672325134
sketch/dog/n02109525_8211-2.png,sketch,0,dog,0,dog,0.9519678950309753
sketch/dog/n02109525_8211-3.png,sketch,0,dog,0,dog,0.9999270439147949
sketch/dog/n02109525_8211-4.png,sketch,0,dog,0,dog,0.9892184138298035
sketch/dog/n02109525_8211-5.png,sketch,0,dog,0,dog,0.9990062117576599
sketch/dog/n02109525_8457-1.png,sketch,0,dog,0,dog,0.9835742712020874
sketch/dog/n02109525_8457-2.png,sketch,0,dog,0,dog,0.995180606842041
sketch/dog/n02109525_8457-3.png,sketch,0,dog,0,dog,0.5043873190879822
sketch/dog/n02109525_8457-4.png,sketch,0,dog,0,dog,0.7729579210281372
sketch/dog/n02109525_8457-5.png,sketch,0,dog,0,dog,0.9847941994667053
sketch/dog/n02109525_9037-1.png,sketch,0,dog,0,dog,0.9951818585395813
sketch/dog/n02109525_9037-2.png,sketch,0,dog,0,dog,0.7452471256256104
sketch/dog/n02109525_9037-3.png,sketch,0,dog,0,dog,0.977375864982605
sketch/dog/n02109525_9037-4.png,sketch,0,dog,0,dog,0.9094852209091187
sketch/dog/n02109525_9037-5.png,sketch,0,dog,0,dog,0.439238965511322
sketch/dog/n02109525_9037-6.png,sketch,0,dog,0,dog,0.9735291004180908
sketch/dog/n02109525_9037-7.png,sketch,0,dog,0,dog,0.9123417139053345
sketch/elephant/5921.png,sketch,1,elephant,0,dog,0.5858298540115356
sketch/elephant/5922.png,sketch,1,elephant,1,elephant,0.964001476764679
sketch/elephant/5923.png,sketch,1,elephant,1,elephant,0.9222517013549805
sketch/elephant/5924.png,sketch,1,elephant,1,elephant,0.9356226921081543
sketch/elephant/5925.png,sketch,1,elephant,1,elephant,0.8765727281570435
sketch/elephant/5926.png,sketch,1,elephant,1,elephant,0.5654689073562622
sketch/elephant/5927.png,sketch,1,elephant,1,elephant,0.6032281517982483
sketch/elephant/5928.png,sketch,1,elephant,1,elephant,0.363361656665802
sketch/elephant/5929.png,sketch,1,elephant,1,elephant,0.9123124480247498
sketch/elephant/5930.png,sketch,1,elephant,1,elephant,0.7139440178871155
sketch/elephant/5931.png,sketch,1,elephant,1,elephant,0.5952710509300232
sketch/elephant/5932.png,sketch,1,elephant,0,dog,0.5690386295318604
sketch/elephant/5933.png,sketch,1,elephant,1,elephant,0.9833267331123352
sketch/elephant/5934.png,sketch,1,elephant,1,elephant,0.8616353869438171
sketch/elephant/5935.png,sketch,1,elephant,1,elephant,0.9296131730079651
sketch/elephant/5936.png,sketch,1,elephant,1,elephant,0.8172788619995117
sketch/elephant/5937.png,sketch,1,elephant,1,elephant,0.8203585743904114
sketch/elephant/5938.png,sketch,1,elephant,1,elephant,0.7242606282234192
sketch/elephant/5939.png,sketch,1,elephant,1,elephant,0.7707461714744568
sketch/elephant/5940.png,sketch,1,elephant,1,elephant,0.9712495803833008
sketch/elephant/5941.png,sketch,1,elephant,1,elephant,0.5137758255004883
sketch/elephant/5942.png,sketch,1,elephant,0,dog,0.430691659450531
sketch/elephant/5943.png,sketch,1,elephant,1,elephant,0.8016929626464844
sketch/elephant/5944.png,sketch,1,elephant,1,elephant,0.7736425995826721
sketch/elephant/5945.png,sketch,1,elephant,1,elephant,0.8556935787200928
sketch/elephant/5946.png,sketch,1,elephant,1,elephant,0.9814422726631165
sketch/elephant/5947.png,sketch,1,elephant,1,elephant,0.7765427827835083
sketch/elephant/5948.png,sketch,1,elephant,1,elephant,0.7985992431640625
sketch/elephant/5949.png,sketch,1,elephant,1,elephant,0.8645817637443542
sketch/elephant/5950.png,sketch,1,elephant,0,dog,0.6317304968833923
sketch/elephant/5951.png,sketch,1,elephant,1,elephant,0.9032721519470215
sketch/elephant/5952.png,sketch,1,elephant,1,elephant,0.8037508130073547
sketch/elephant/5953.png,sketch,1,elephant,1,elephant,0.7743487358093262
sketch/elephant/5954.png,sketch,1,elephant,1,elephant,0.9821673631668091
sketch/elephant/5955.png,sketch,1,elephant,1,elephant,0.9638611674308777
sketch/elephant/5956.png,sketch,1,elephant,1,elephant,0.7607203125953674
sketch/elephant/5957.png,sketch,1,elephant,1,elephant,0.652511715888977
sketch/elephant/5958.png,sketch,1,elephant,0,dog,0.3852047324180603
sketch/elephant/5959.png,sketch,1,elephant,1,elephant,0.8439874053001404
sketch/elephant/5960.png,sketch,1,elephant,1,elephant,0.8583267331123352
sketch/elephant/5961.png,sketch,1,elephant,0,dog,0.5611246228218079
sketch/elephant/5962.png,sketch,1,elephant,1,elephant,0.49356609582901
sketch/elephant/5963.png,sketch,1,elephant,1,elephant,0.6296131014823914
sketch/elephant/5964.png,sketch,1,elephant,1,elephant,0.9849773645401001
sketch/elephant/5965.png,sketch,1,elephant,1,elephant,0.9169368743896484
sketch/elephant/5966.png,sketch,1,elephant,0,dog,0.45849624276161194
sketch/elephant/5967.png,sketch,1,elephant,1,elephant,0.882336437702179
sketch/elephant/5968.png,sketch,1,elephant,0,dog,0.7497243881225586
sketch/elephant/5969.png,sketch,1,elephant,1,elephant,0.8463720083236694
sketch/elephant/5970.png,sketch,1,elephant,1,elephant,0.8026868104934692
sketch/elephant/5971.png,sketch,1,elephant,4,horse,0.6794957518577576
sketch/elephant/5972.png,sketch,1,elephant,1,elephant,0.8622865676879883
sketch/elephant/5973.png,sketch,1,elephant,1,elephant,0.7816422581672668
sketch/elephant/5974.png,sketch,1,elephant,1,elephant,0.9748801589012146
sketch/elephant/5975.png,sketch,1,elephant,1,elephant,0.941966712474823
sketch/elephant/5976.png,sketch,1,elephant,1,elephant,0.9497615098953247
sketch/elephant/5977.png,sketch,1,elephant,1,elephant,0.6499953269958496
sketch/elephant/5978.png,sketch,1,elephant,1,elephant,0.7903985977172852
sketch/elephant/5979.png,sketch,1,elephant,1,elephant,0.6547353863716125
sketch/elephant/5980.png,sketch,1,elephant,1,elephant,0.9949780106544495
sketch/elephant/5981.png,sketch,1,elephant,1,elephant,0.9307307004928589
sketch/elephant/5982.png,sketch,1,elephant,1,elephant,0.9736170768737793
sketch/elephant/5983.png,sketch,1,elephant,1,elephant,0.9372032284736633
sketch/elephant/5984.png,sketch,1,elephant,1,elephant,0.6673271059989929
sketch/elephant/5985.png,sketch,1,elephant,1,elephant,0.5429462194442749
sketch/elephant/5986.png,sketch,1,elephant,1,elephant,0.9879846572875977
sketch/elephant/5987.png,sketch,1,elephant,1,elephant,0.6319065690040588
sketch/elephant/5988.png,sketch,1,elephant,1,elephant,0.7770975232124329
sketch/elephant/5989.png,sketch,1,elephant,1,elephant,0.8045234084129333
sketch/elephant/5990.png,sketch,1,elephant,1,elephant,0.9921031594276428
sketch/elephant/5991.png,sketch,1,elephant,1,elephant,0.660902202129364
sketch/elephant/5992.png,sketch,1,elephant,1,elephant,0.6918126344680786
sketch/elephant/5993.png,sketch,1,elephant,1,elephant,0.7720248103141785
sketch/elephant/5994.png,sketch,1,elephant,1,elephant,0.9121980667114258
sketch/elephant/5995.png,sketch,1,elephant,1,elephant,0.974065899848938
sketch/elephant/5996.png,sketch,1,elephant,1,elephant,0.8870545625686646
sketch/elephant/5997.png,sketch,1,elephant,1,elephant,0.6651688814163208
sketch/elephant/5998.png,sketch,1,elephant,1,elephant,0.678564727306366
sketch/elephant/5999.png,sketch,1,elephant,1,elephant,0.5108845829963684
sketch/elephant/6000.png,sketch,1,elephant,0,dog,0.6189877986907959
sketch/elephant/n02503517_10036-1.png,sketch,1,elephant,0,dog,0.8836766481399536
sketch/elephant/n02503517_10036-10.png,sketch,1,elephant,0,dog,0.9572958946228027
sketch/elephant/n02503517_10036-2.png,sketch,1,elephant,0,dog,0.999790608882904
sketch/elephant/n02503517_10036-3.png,sketch,1,elephant,0,dog,0.6568461060523987
sketch/elephant/n02503517_10036-4.png,sketch,1,elephant,2,giraffe,0.6485458016395569
sketch/elephant/n02503517_10036-5.png,sketch,1,elephant,1,elephant,0.7071124911308289
sketch/elephant/n02503517_10036-6.png,sketch,1,elephant,0,dog,0.6483791470527649
sketch/elephant/n02503517_10036-7.png,sketch,1,elephant,0,dog,0.5168704390525818
sketch/elephant/n02503517_10036-8.png,sketch,1,elephant,0,dog,0.996931791305542
sketch/elephant/n02503517_10036-9.png,sketch,1,elephant,1,elephant,0.6601073741912842
sketch/elephant/n02503517_10075-1.png,sketch,1,elephant,1,elephant,0.8214575052261353
sketch/elephant/n02503517_10075-2.png,sketch,1,elephant,0,dog,0.7394678592681885
sketch/elephant/n02503517_10075-3.png,sketch,1,elephant,0,dog,0.7321577072143555
sketch/elephant/n02503517_10075-4.png,sketch,1,elephant,1,elephant,0.6674907803535461
sketch/elephant/n02503517_10075-5.png,sketch,1,elephant,0,dog,0.6202985048294067
sketch/elephant/n02503517_10193-1.png,sketch,1,elephant,0,dog,0.6805747747421265
sketch/elephant/n02503517_10193-10.png,sketch,1,elephant,1,elephant,0.8572189211845398
sketch/elephant/n02503517_10193-2.png,sketch,1,elephant,0,dog,0.6063022017478943
sketch/elephant/n02503517_10193-3.png,sketch,1,elephant,0,dog,0.8597691655158997
sketch/elephant/n02503517_10193-4.png,sketch,1,elephant,1,elephant,0.9450148940086365
sketch/elephant/n02503517_10193-5.png,sketch,1,elephant,1,elephant,0.9077677130699158
sketch/elephant/n02503517_10193-6.png,sketch,1,elephant,0,dog,0.7868366837501526
sketch/elephant/n02503517_10193-7.png,sketch,1,elephant,0,dog,0.7646026611328125
sketch/elephant/n02503517_10193-8.png,sketch,1,elephant,0,dog,0.5570754408836365
sketch/elephant/n02503517_10193-9.png,sketch,1,elephant,1,elephant,0.6426865458488464
sketch/elephant/n02503517_10259-1.png,sketch,1,elephant,1,elephant,0.8401512503623962
sketch/elephant/n02503517_10259-2.png,sketch,1,elephant,1,elephant,0.7116380333900452
sketch/elephant/n02503517_10259-3.png,sketch,1,elephant,1,elephant,0.607867419719696
sketch/elephant/n02503517_10259-4.png,sketch,1,elephant,0,dog,0.9721043109893799
sketch/elephant/n02503517_10259-5.png,sketch,1,elephant,0,dog,0.8997402191162109
sketch/elephant/n02503517_10259-6.png,sketch,1,elephant,0,dog,0.6501089334487915
sketch/elephant/n02503517_10259-7.png,sketch,1,elephant,0,dog,0.9803608059883118
sketch/elephant/n02503517_10259-8.png,sketch,1,elephant,1,elephant,0.6867934465408325
sketch/elephant/n02503517_10259-9.png,sketch,1,elephant,1,elephant,0.9285328388214111
sketch/elephant/n02503517_10275-1.png,sketch,1,elephant,1,elephant,0.5031554698944092
sketch/elephant/n02503517_10275-2.png,sketch,1,elephant,1,elephant,0.5615136623382568
sketch/elephant/n02503517_10275-3.png,sketch,1,elephant,0,dog,0.7545412182807922
sketch/elephant/n02503517_10275-4.png,sketch,1,elephant,1,elephant,0.41202378273010254
sketch/elephant/n02503517_10275-5.png,sketch,1,elephant,1,elephant,0.6590661406517029
sketch/elephant/n02503517_10275-6.png,sketch,1,elephant,2,giraffe,0.41442325711250305
sketch/elephant/n02503517_10300-1.png,sketch,1,elephant,1,elephant,0.4525336027145386
sketch/elephant/n02503517_10300-2.png,sketch,1,elephant,0,dog,0.9400978684425354
sketch/elephant/n02503517_10300-3.png,sketch,1,elephant,0,dog,0.6335680484771729
sketch/elephant/n02503517_10300-4.png,sketch,1,elephant,0,dog,0.9732125997543335
sketch/elephant/n02503517_10300-5.png,sketch,1,elephant,1,elephant,0.5215045213699341
sketch/elephant/n02503517_10439-1.png,sketch,1,elephant,0,dog,0.4853890538215637
sketch/elephant/n02503517_10439-2.png,sketch,1,elephant,0,dog,0.8087618350982666
sketch/elephant/n02503517_10439-3.png,sketch,1,elephant,1,elephant,0.7519221305847168
sketch/elephant/n02503517_10439-4.png,sketch,1,elephant,0,dog,0.6180787682533264
sketch/elephant/n02503517_10439-5.png,sketch,1,elephant,0,dog,0.6536250114440918
sketch/elephant/n02503517_10439-6.png,sketch,1,elephant,0,dog,0.9781140089035034
sketch/elephant/n02503517_10439-7.png,sketch,1,elephant,0,dog,0.6270052790641785
sketch/elephant/n02503517_10439-8.png,sketch,1,elephant,0,dog,0.9401764869689941
sketch/elephant/n02503517_10440-1.png,sketch,1,elephant,1,elephant,0.6385997533798218
sketch/elephant/n02503517_10440-2.png,sketch,1,elephant,1,elephant,0.9894199371337891
sketch/elephant/n02503517_10440-3.png,sketch,1,elephant,0,dog,0.5912994742393494
sketch/elephant/n02503517_10440-4.png,sketch,1,elephant,0,dog,0.8966926336288452
sketch/elephant/n02503517_10440-5.png,sketch,1,elephant,0,dog,0.7343034148216248
sketch/elephant/n02503517_10440-6.png,sketch,1,elephant,0,dog,0.6705014705657959
sketch/elephant/n02503517_10440-7.png,sketch,1,elephant,1,elephant,0.48009029030799866
sketch/elephant/n02503517_10440-8.png,sketch,1,elephant,0,dog,0.6581857800483704
sketch/elephant/n02503517_10440-9.png,sketch,1,elephant,0,dog,0.7247850298881531
sketch/elephant/n02503517_10528-1.png,sketch,1,elephant,0,dog,0.9857348799705505
sketch/elephant/n02503517_10528-2.png,sketch,1,elephant,0,dog,0.9477701187133789
sketch/elephant/n02503517_10528-3.png,sketch,1,elephant,0,dog,0.9684351086616516
sketch/elephant/n02503517_10528-4.png,sketch,1,elephant,0,dog,0.9420353174209595
sketch/elephant/n02503517_10528-5.png,sketch,1,elephant,0,dog,0.6379256248474121
sketch/elephant/n02503517_10558-1.png,sketch,1,elephant,0,dog,0.9026710987091064
sketch/elephant/n02503517_10558-2.png,sketch,1,elephant,1,elephant,0.6817355751991272
sketch/elephant/n02503517_10558-3.png,sketch,1,elephant,1,elephant,0.5292313694953918
sketch/elephant/n02503517_10558-4.png,sketch,1,elephant,0,dog,0.8272309899330139
sketch/elephant/n02503517_10558-5.png,sketch,1,elephant,1,elephant,0.7483423352241516
sketch/elephant/n02503517_10778-1.png,sketch,1,elephant,4,horse,0.46079221367836
sketch/elephant/n02503517_10778-2.png,sketch,1,elephant,0,dog,0.9819366335868835
sketch/elephant/n02503517_10778-3.png,sketch,1,elephant,1,elephant,0.8036675453186035
sketch/elephant/n02503517_10778-4.png,sketch,1,elephant,1,elephant,0.7530561685562134
sketch/elephant/n02503517_10778-5.png,sketch,1,elephant,0,dog,0.8874003291130066
sketch/elephant/n02503517_10778-6.png,sketch,1,elephant,0,dog,0.6924097537994385
sketch/elephant/n02503517_11873-1.png,sketch,1,elephant,1,elephant,0.5681694149971008
sketch/elephant/n02503517_11873-2.png,sketch,1,elephant,1,elephant,0.6750065088272095
sketch/elephant/n02503517_11873-3.png,sketch,1,elephant,0,dog,0.6988526582717896
sketch/elephant/n02503517_11873-4.png,sketch,1,elephant,1,elephant,0.870762825012207
sketch/elephant/n02503517_11873-5.png,sketch,1,elephant,1,elephant,0.5851680040359497
sketch/elephant/n02503517_11873-6.png,sketch,1,elephant,0,dog,0.740220844745636
sketch/elephant/n02503517_11873-7.png,sketch,1,elephant,1,elephant,0.9333555102348328
sketch/elephant/n02503517_11873-8.png,sketch,1,elephant,1,elephant,0.5083832740783691
sketch/elephant/n02503517_11873-9.png,sketch,1,elephant,0,dog,0.43481501936912537
sketch/elephant/n02503517_12688-1.png,sketch,1,elephant,1,elephant,0.5054008960723877
sketch/elephant/n02503517_12688-2.png,sketch,1,elephant,0,dog,0.7540311217308044
sketch/elephant/n02503517_12688-3.png,sketch,1,elephant,0,dog,0.993520200252533
sketch/elephant/n02503517_12688-4.png,sketch,1,elephant,1,elephant,0.5717677474021912
sketch/elephant/n02503517_12688-5.png,sketch,1,elephant,0,dog,0.772183895111084
sketch/elephant/n02503517_1292-1.png,sketch,1,elephant,6,person,0.29521048069000244
sketch/elephant/n02503517_1292-2.png,sketch,1,elephant,1,elephant,0.5475537776947021
sketch/elephant/n02503517_1292-3.png,sketch,1,elephant,0,dog,0.7073279619216919
sketch/elephant/n02503517_1292-4.png,sketch,1,elephant,0,dog,0.9627084136009216
sketch/elephant/n02503517_1292-5.png,sketch,1,elephant,1,elephant,0.9809731841087341
sketch/elephant/n02503517_1292-6.png,sketch,1,elephant,1,elephant,0.8378630876541138
sketch/elephant/n02503517_1292-7.png,sketch,1,elephant,0,dog,0.828212320804596
sketch/elephant/n02503517_1359-1.png,sketch,1,elephant,0,dog,0.6007198095321655
sketch/elephant/n02503517_1359-2.png,sketch,1,elephant,0,dog,0.36684945225715637
sketch/elephant/n02503517_1359-3.png,sketch,1,elephant,1,elephant,0.707099199295044
sketch/elephant/n02503517_1359-4.png,sketch,1,elephant,0,dog,0.9982852339744568
sketch/elephant/n02503517_1359-5.png,sketch,1,elephant,4,horse,0.42181819677352905
sketch/elephant/n02503517_1359-6.png,sketch,1,elephant,1,elephant,0.924262285232544
sketch/elephant/n02503517_1383-1.png,sketch,1,elephant,1,elephant,0.5326068997383118
sketch/elephant/n02503517_1383-2.png,sketch,1,elephant,0,dog,0.4308466613292694
sketch/elephant/n02503517_1383-3.png,sketch,1,elephant,0,dog,0.714210569858551
sketch/elephant/n02503517_1383-4.png,sketch,1,elephant,1,elephant,0.8352041244506836
sketch/elephant/n02503517_1383-5.png,sketch,1,elephant,0,dog,0.7530432343482971
sketch/elephant/n02503517_1383-6.png,sketch,1,elephant,0,dog,0.7107827663421631
sketch/elephant/n02503517_1415-1.png,sketch,1,elephant,1,elephant,0.6512162089347839
sketch/elephant/n02503517_1415-2.png,sketch,1,elephant,0,dog,0.9932637214660645
sketch/elephant/n02503517_1415-3.png,sketch,1,elephant,0,dog,0.9298118352890015
sketch/elephant/n02503517_1415-4.png,sketch,1,elephant,0,dog,0.7029057741165161
sketch/elephant/n02503517_1415-5.png,sketch,1,elephant,1,elephant,0.8927544951438904
sketch/elephant/n02503517_1453-1.png,sketch,1,elephant,2,giraffe,0.6476165652275085
sketch/elephant/n02503517_1453-2.png,sketch,1,elephant,0,dog,0.5466658473014832
sketch/elephant/n02503517_1453-3.png,sketch,1,elephant,0,dog,0.6653690338134766
sketch/elephant/n02503517_1453-4.png,sketch,1,elephant,0,dog,0.9322164058685303
sketch/elephant/n02503517_1453-5.png,sketch,1,elephant,0,dog,0.9910889863967896
sketch/elephant/n02503517_1453-6.png,sketch,1,elephant,2,giraffe,0.6205759644508362
sketch/elephant/n02503517_1583-1.png,sketch,1,elephant,1,elephant,0.9671195149421692
sketch/elephant/n02503517_1583-2.png,sketch,1,elephant,1,elephant,0.8355094194412231
sketch/elephant/n02503517_1583-3.png,sketch,1,elephant,0,dog,0.5542283654212952
sketch/elephant/n02503517_1583-4.png,sketch,1,elephant,1,elephant,0.9995500445365906
sketch/elephant/n02503517_1583-5.png,sketch,1,elephant,1,elephant,0.9714531898498535
sketch/elephant/n02503517_1583-6.png,sketch,1,elephant,1,elephant,0.7176254391670227
sketch/elephant/n02503517_1829-1.png,sketch,1,elephant,0,dog,0.4288928806781769
sketch/elephant/n02503517_1829-2.png,sketch,1,elephant,1,elephant,0.5090686082839966
sketch/elephant/n02503517_1829-3.png,sketch,1,elephant,1,elephant,0.5450776815414429
sketch/elephant/n02503517_1829-4.png,sketch,1,elephant,1,elephant,0.43162816762924194
sketch/elephant/n02503517_1829-5.png,sketch,1,elephant,1,elephant,0.5182397961616516
sketch/elephant/n02503517_184-1.png,sketch,1,elephant,1,elephant,0.5140949487686157
sketch/elephant/n02503517_184-2.png,sketch,1,elephant,0,dog,0.9974973797798157
sketch/elephant/n02503517_184-3.png,sketch,1,elephant,0,dog,0.8831013441085815
sketch/elephant/n02503517_184-4.png,sketch,1,elephant,1,elephant,0.9674509763717651
sketch/elephant/n02503517_184-5.png,sketch,1,elephant,0,dog,0.6306445002555847
sketch/elephant/n02503517_184-6.png,sketch,1,elephant,0,dog,0.5379770398139954
sketch/elephant/n02503517_184-7.png,sketch,1,elephant,0,dog,0.452053964138031
sketch/elephant/n02503517_184-8.png,sketch,1,elephant,0,dog,0.8635526895523071
sketch/elephant/n02503517_184-9.png,sketch,1,elephant,0,dog,0.7240047454833984
sketch/elephant/n02503517_1852-1.png,sketch,1,elephant,2,giraffe,0.5359496474266052
sketch/elephant/n02503517_1852-2.png,sketch,1,elephant,2,giraffe,0.9120354056358337
sketch/elephant/n02503517_1852-3.png,sketch,1,elephant,2,giraffe,0.8254978656768799
sketch/elephant/n02503517_1852-4.png,sketch,1,elephant,6,person,0.37931695580482483
sketch/elephant/n02503517_1852-5.png,sketch,1,elephant,0,dog,0.4908181428909302
sketch/elephant/n02503517_194-1.png,sketch,1,elephant,0,dog,0.8258799314498901
sketch/elephant/n02503517_194-2.png,sketch,1,elephant,0,dog,0.8821004629135132
sketch/elephant/n02503517_194-3.png,sketch,1,elephant,0,dog,0.9544013142585754
sketch/elephant/n02503517_194-4.png,sketch,1,elephant,0,dog,0.8997609615325928
sketch/elephant/n02503517_194-5.png,sketch,1,elephant,0,dog,0.8864702582359314
sketch/elephant/n02503517_194-6.png,sketch,1,elephant,1,elephant,0.8647950291633606
sketch/elephant/n02503517_1963-1.png,sketch,1,elephant,1,elephant,0.9827651381492615
sketch/elephant/n02503517_1963-2.png,sketch,1,elephant,1,elephant,0.9823702573776245
sketch/elephant/n02503517_1963-3.png,sketch,1,elephant,0,dog,0.5467356443405151
sketch/elephant/n02503517_1963-4.png,sketch,1,elephant,0,dog,0.8436652421951294
sketch/elephant/n02503517_1963-5.png,sketch,1,elephant,1,elephant,0.6090535521507263
sketch/elephant/n02503517_1984-1.png,sketch,1,elephant,0,dog,0.6208644509315491
sketch/elephant/n02503517_1984-2.png,sketch,1,elephant,0,dog,0.551023542881012
sketch/elephant/n02503517_1984-3.png,sketch,1,elephant,4,horse,0.5360515117645264
sketch/elephant/n02503517_1984-4.png,sketch,1,elephant,1,elephant,0.9081732034683228
sketch/elephant/n02503517_1984-5.png,sketch,1,elephant,1,elephant,0.5494076013565063
sketch/elephant/n02503517_2061-1.png,sketch,1,elephant,0,dog,0.945178210735321
sketch/elephant/n02503517_2061-2.png,sketch,1,elephant,0,dog,0.699657142162323
sketch/elephant/n02503517_2061-3.png,sketch,1,elephant,0,dog,0.829805314540863
sketch/elephant/n02503517_2061-4.png,sketch,1,elephant,0,dog,0.768551766872406
sketch/elephant/n02503517_2061-5.png,sketch,1,elephant,1,elephant,0.5908658504486084
sketch/elephant/n02503517_2444-1.png,sketch,1,elephant,1,elephant,0.5095371007919312
sketch/elephant/n02503517_2444-2.png,sketch,1,elephant,4,horse,0.48481059074401855
sketch/elephant/n02503517_2444-3.png,sketch,1,elephant,1,elephant,0.7136548757553101
sketch/elephant/n02503517_2444-4.png,sketch,1,elephant,0,dog,0.8382856249809265
sketch/elephant/n02503517_2444-5.png,sketch,1,elephant,1,elephant,0.796101987361908
sketch/elephant/n02503517_2547-1.png,sketch,1,elephant,0,dog,0.7870428562164307
sketch/elephant/n02503517_2547-10.png,sketch,1,elephant,0,dog,0.9050482511520386
sketch/elephant/n02503517_2547-2.png,sketch,1,elephant,4,horse,0.6262988448143005
sketch/elephant/n02503517_2547-3.png,sketch,1,elephant,1,elephant,0.5048256516456604
sketch/elephant/n02503517_2547-4.png,sketch,1,elephant,1,elephant,0.6017327904701233
sketch/elephant/n02503517_2547-5.png,sketch,1,elephant,0,dog,0.7920606136322021
sketch/elephant/n02503517_2547-6.png,sketch,1,elephant,0,dog,0.4732550084590912
sketch/elephant/n02503517_2547-7.png,sketch,1,elephant,1,elephant,0.814056396484375
sketch/elephant/n02503517_2547-8.png,sketch,1,elephant,0,dog,0.8808580636978149
sketch/elephant/n02503517_2547-9.png,sketch,1,elephant,0,dog,0.9688311219215393
sketch/elephant/n02503517_2802-1.png,sketch,1,elephant,1,elephant,0.605102002620697
sketch/elephant/n02503517_2802-2.png,sketch,1,elephant,0,dog,0.5910871028900146
sketch/elephant/n02503517_2802-3.png,sketch,1,elephant,0,dog,0.8431930541992188
sketch/elephant/n02503517_2802-4.png,sketch,1,elephant,1,elephant,0.8069078922271729
sketch/elephant/n02503517_2802-5.png,sketch,1,elephant,1,elephant,0.9003955125808716
sketch/elephant/n02503517_2802-6.png,sketch,1,elephant,0,dog,0.8175562024116516
sketch/elephant/n02503517_2804-1.png,sketch,1,elephant,1,elephant,0.7725912928581238
sketch/elephant/n02503517_2804-2.png,sketch,1,elephant,0,dog,0.9259520769119263
sketch/elephant/n02503517_2804-3.png,sketch,1,elephant,0,dog,0.6357234120368958
sketch/elephant/n02503517_2804-4.png,sketch,1,elephant,0,dog,0.565801203250885
sketch/elephant/n02503517_2804-5.png,sketch,1,elephant,0,dog,0.813245415687561
sketch/elephant/n02503517_2925-1.png,sketch,1,elephant,1,elephant,0.5787518620491028
sketch/elephant/n02503517_2925-10.png,sketch,1,elephant,0,dog,0.4877070486545563
sketch/elephant/n02503517_2925-2.png,sketch,1,elephant,0,dog,0.7423354387283325
sketch/elephant/n02503517_2925-3.png,sketch,1,elephant,0,dog,0.4988236725330353
sketch/elephant/n02503517_2925-4.png,sketch,1,elephant,0,dog,0.7081757187843323
sketch/elephant/n02503517_2925-5.png,sketch,1,elephant,1,elephant,0.48330873250961304
sketch/elephant/n02503517_2925-6.png,sketch,1,elephant,1,elephant,0.7798187732696533
sketch/elephant/n02503517_2925-7.png,sketch,1,elephant,1,elephant,0.9897318482398987
sketch/elephant/n02503517_2925-8.png,sketch,1,elephant,1,elephant,0.8783314228057861
sketch/elephant/n02503517_2925-9.png,sketch,1,elephant,1,elephant,0.8435877561569214
sketch/elephant/n02503517_2993-1.png,sketch,1,elephant,0,dog,0.7461457848548889
sketch/elephant/n02503517_2993-10.png,sketch,1,elephant,0,dog,0.957501232624054
sketch/elephant/n02503517_2993-2.png,sketch,1,elephant,0,dog,0.9492773413658142
sketch/elephant/n02503517_2993-3.png,sketch,1,elephant,0,dog,0.9127169251441956
sketch/elephant/n02503517_2993-4.png,sketch,1,elephant,0,dog,0.5544779896736145
sketch/elephant/n02503517_2993-5.png,sketch,1,elephant,0,dog,0.9902944564819336
sketch/elephant/n02503517_2993-6.png,sketch,1,elephant,0,dog,0.9061263799667358
sketch/elephant/n02503517_2993-7.png,sketch,1,elephant,0,dog,0.5717765688896179
sketch/elephant/n02503517_2993-8.png,sketch,1,elephant,0,dog,0.8715037703514099
sketch/elephant/n02503517_2993-9.png,sketch,1,elephant,0,dog,0.9842092990875244
sketch/elephant/n02503517_3037-1.png,sketch,1,elephant,0,dog,0.5524911880493164
sketch/elephant/n02503517_3037-2.png,sketch,1,elephant,0,dog,0.4306468665599823
sketch/elephant/n02503517_3037-3.png,sketch,1,elephant,0,dog,0.9794510006904602
sketch/elephant/n02503517_3037-4.png,sketch,1,elephant,0,dog,0.7569120526313782
sketch/elephant/n02503517_3037-5.png,sketch,1,elephant,0,dog,0.856255292892456
sketch/elephant/n02503517_3037-6.png,sketch,1,elephant,6,person,0.34158822894096375
sketch/elephant/n02503517_3037-7.png,sketch,1,elephant,0,dog,0.9910144209861755
sketch/elephant/n02503517_3037-8.png,sketch,1,elephant,0,dog,0.5750855803489685
sketch/elephant/n02503517_3072-1.png,sketch,1,elephant,0,dog,0.9010157585144043
sketch/elephant/n02503517_3072-2.png,sketch,1,elephant,1,elephant,0.51051265001297
sketch/elephant/n02503517_3072-3.png,sketch,1,elephant,0,dog,0.9820876717567444
sketch/elephant/n02503517_3072-4.png,sketch,1,elephant,0,dog,0.9866712689399719
sketch/elephant/n02503517_3072-5.png,sketch,1,elephant,0,dog,0.4538417160511017
sketch/elephant/n02503517_3072-6.png,sketch,1,elephant,1,elephant,0.8158180117607117
sketch/elephant/n02503517_3108-1.png,sketch,1,elephant,0,dog,0.7087352275848389
sketch/elephant/n02503517_3108-2.png,sketch,1,elephant,1,elephant,0.8815073370933533
sketch/elephant/n02503517_3108-3.png,sketch,1,elephant,1,elephant,0.742999255657196
sketch/elephant/n02503517_3108-4.png,sketch,1,elephant,0,dog,0.864093005657196
sketch/elephant/n02503517_3108-5.png,sketch,1,elephant,1,elephant,0.8191920518875122
sketch/elephant/n02503517_3108-6.png,sketch,1,elephant,1,elephant,0.6628037095069885
sketch/elephant/n02503517_3108-7.png,sketch,1,elephant,0,dog,0.4595276415348053
sketch/elephant/n02503517_3108-8.png,sketch,1,elephant,0,dog,0.634677529335022
sketch/elephant/n02503517_3108-9.png,sketch,1,elephant,1,elephant,0.5757285952568054
sketch/elephant/n02503517_311-1.png,sketch,1,elephant,0,dog,0.9067593812942505
sketch/elephant/n02503517_311-2.png,sketch,1,elephant,1,elephant,0.9585198163986206
sketch/elephant/n02503517_311-3.png,sketch,1,elephant,1,elephant,0.7147693037986755
sketch/elephant/n02503517_311-4.png,sketch,1,elephant,0,dog,0.9345673322677612
sketch/elephant/n02503517_311-5.png,sketch,1,elephant,1,elephant,0.942933201789856
sketch/elephant/n02503517_311-6.png,sketch,1,elephant,0,dog,0.8660191893577576
sketch/elephant/n02503517_3799-1.png,sketch,1,elephant,0,dog,0.6643506288528442
sketch/elephant/n02503517_3799-2.png,sketch,1,elephant,0,dog,0.9133608937263489
sketch/elephant/n02503517_3799-3.png,sketch,1,elephant,0,dog,0.5225725769996643
sketch/elephant/n02503517_3799-4.png,sketch,1,elephant,0,dog,0.9965296387672424
sketch/elephant/n02503517_3799-5.png,sketch,1,elephant,0,dog,0.8109697103500366
sketch/elephant/n02503517_3803-1.png,sketch,1,elephant,0,dog,0.8199155330657959
sketch/elephant/n02503517_3803-2.png,sketch,1,elephant,0,dog,0.957355260848999
sketch/elephant/n02503517_3803-3.png,sketch,1,elephant,0,dog,0.8669369220733643
sketch/elephant/n02503517_3803-4.png,sketch,1,elephant,0,dog,0.9009333848953247
sketch/elephant/n02503517_3803-5.png,sketch,1,elephant,1,elephant,0.8474524617195129
sketch/elephant/n02503517_3803-6.png,sketch,1,elephant,0,dog,0.9907117486000061
sketch/elephant/n02503517_3808-1.png,sketch,1,elephant,2,giraffe,0.7366588115692139
sketch/elephant/n02503517_3808-10.png,sketch,1,elephant,1,elephant,0.5371096730232239
sketch/elephant/n02503517_3808-2.png,sketch,1,elephant,0,dog,0.950268030166626
sketch/elephant/n02503517_3808-3.png,sketch,1,elephant,1,elephant,0.7890751957893372
sketch/elephant/n02503517_3808-4.png,sketch,1,elephant,0,dog,0.997632622718811
sketch/elephant/n02503517_3808-5.png,sketch,1,elephant,0,dog,0.9445899724960327
sketch/elephant/n02503517_3808-6.png,sketch,1,elephant,2,giraffe,0.4779660403728485
sketch/elephant/n02503517_3808-7.png,sketch,1,elephant,0,dog,0.7466197609901428
sketch/elephant/n02503517_3808-8.png,sketch,1,elephant,1,elephant,0.9836433529853821
sketch/elephant/n02503517_3808-9.png,sketch,1,elephant,1,elephant,0.35467642545700073
sketch/elephant/n02503517_3879-1.png,sketch,1,elephant,0,dog,0.5794270634651184
sketch/elephant/n02503517_3879-2.png,sketch,1,elephant,0,dog,0.5029171705245972
sketch/elephant/n02503517_3879-3.png,sketch,1,elephant,1,elephant,0.42589959502220154
sketch/elephant/n02503517_3879-4.png,sketch,1,elephant,1,elephant,0.7905907034873962
sketch/elephant/n02503517_3879-5.png,sketch,1,elephant,0,dog,0.7814518213272095
sketch/elephant/n02503517_3879-6.png,sketch,1,elephant,1,elephant,0.7930781245231628
sketch/elephant/n02503517_3879-7.png,sketch,1,elephant,1,elephant,0.43435001373291016
sketch/elephant/n02503517_4221-1.png,sketch,1,elephant,0,dog,0.8386685848236084
sketch/elephant/n02503517_4221-2.png,sketch,1,elephant,1,elephant,0.8689531683921814
sketch/elephant/n02503517_4221-3.png,sketch,1,elephant,1,elephant,0.46292251348495483
sketch/elephant/n02503517_4221-4.png,sketch,1,elephant,0,dog,0.838463306427002
sketch/elephant/n02503517_4221-5.png,sketch,1,elephant,1,elephant,0.49811089038848877
sketch/elephant/n02503517_4221-6.png,sketch,1,elephant,0,dog,0.8654770851135254
sketch/elephant/n02503517_4221-7.png,sketch,1,elephant,1,elephant,0.951155424118042
sketch/elephant/n02503517_4247-1.png,sketch,1,elephant,1,elephant,0.6872673034667969
sketch/elephant/n02503517_4247-10.png,sketch,1,elephant,0,dog,0.950173556804657
sketch/elephant/n02503517_4247-2.png,sketch,1,elephant,1,elephant,0.682974100112915
sketch/elephant/n02503517_4247-3.png,sketch,1,elephant,0,dog,0.6940135955810547
sketch/elephant/n02503517_4247-4.png,sketch,1,elephant,0,dog,0.895082950592041
sketch/elephant/n02503517_4247-5.png,sketch,1,elephant,1,elephant,0.5104407668113708
sketch/elephant/n02503517_4247-6.png,sketch,1,elephant,1,elephant,0.2645196318626404
sketch/elephant/n02503517_4247-7.png,sketch,1,elephant,0,dog,0.6504939794540405
sketch/elephant/n02503517_4247-8.png,sketch,1,elephant,0,dog,0.9314894080162048
sketch/elephant/n02503517_4247-9.png,sketch,1,elephant,0,dog,0.9151996970176697
sketch/elephant/n02503517_4253-1.png,sketch,1,elephant,1,elephant,0.9769869446754456
sketch/elephant/n02503517_4253-2.png,sketch,1,elephant,1,elephant,0.9456267952919006
sketch/elephant/n02503517_4253-3.png,sketch,1,elephant,1,elephant,0.6974458694458008
sketch/elephant/n02503517_4253-4.png,sketch,1,elephant,1,elephant,0.7290904521942139
sketch/elephant/n02503517_4253-5.png,sketch,1,elephant,1,elephant,0.9505048990249634
sketch/elephant/n02503517_4413-1.png,sketch,1,elephant,1,elephant,0.931612491607666
sketch/elephant/n02503517_4413-10.png,sketch,1,elephant,0,dog,0.9312856793403625
sketch/elephant/n02503517_4413-2.png,sketch,1,elephant,0,dog,0.6625709533691406
sketch/elephant/n02503517_4413-3.png,sketch,1,elephant,0,dog,0.7411114573478699
sketch/elephant/n02503517_4413-4.png,sketch,1,elephant,4,horse,0.5256971716880798
sketch/elephant/n02503517_4413-5.png,sketch,1,elephant,1,elephant,0.9205483198165894
sketch/elephant/n02503517_4413-6.png,sketch,1,elephant,1,elephant,0.48915231227874756
sketch/elephant/n02503517_4413-7.png,sketch,1,elephant,1,elephant,0.6078121662139893
sketch/elephant/n02503517_4413-8.png,sketch,1,elephant,0,dog,0.46949562430381775
sketch/elephant/n02503517_4413-9.png,sketch,1,elephant,1,elephant,0.48538050055503845
sketch/elephant/n02503517_4605-1.png,sketch,1,elephant,0,dog,0.5006284713745117
sketch/elephant/n02503517_4605-2.png,sketch,1,elephant,0,dog,0.858847439289093
sketch/elephant/n02503517_4605-3.png,sketch,1,elephant,1,elephant,0.9255902767181396
sketch/elephant/n02503517_4605-4.png,sketch,1,elephant,0,dog,0.8328878879547119
sketch/elephant/n02503517_4605-5.png,sketch,1,elephant,1,elephant,0.5331953167915344
sketch/elephant/n02503517_4687-1.png,sketch,1,elephant,0,dog,0.7786538004875183
sketch/elephant/n02503517_4687-2.png,sketch,1,elephant,0,dog,0.9335078597068787
sketch/elephant/n02503517_4687-3.png,sketch,1,elephant,0,dog,0.8558114171028137
sketch/elephant/n02503517_4687-4.png,sketch,1,elephant,1,elephant,0.7188209295272827
sketch/elephant/n02503517_4687-5.png,sketch,1,elephant,0,dog,0.7720188498497009
sketch/elephant/n02503517_4687-6.png,sketch,1,elephant,2,giraffe,0.8460508584976196
sketch/elephant/n02503517_5117-1.png,sketch,1,elephant,0,dog,0.8536504507064819
sketch/elephant/n02503517_5117-2.png,sketch,1,elephant,0,dog,0.9937366247177124
sketch/elephant/n02503517_5117-3.png,sketch,1,elephant,0,dog,0.7693532109260559
sketch/elephant/n02503517_5117-4.png,sketch,1,elephant,1,elephant,0.5538634657859802
sketch/elephant/n02503517_5117-5.png,sketch,1,elephant,1,elephant,0.8951908349990845
sketch/elephant/n02503517_5117-6.png,sketch,1,elephant,0,dog,0.596783459186554
sketch/elephant/n02503517_5267-1.png,sketch,1,elephant,1,elephant,0.6619895100593567
sketch/elephant/n02503517_5267-2.png,sketch,1,elephant,4,horse,0.5481871962547302
sketch/elephant/n02503517_5267-3.png,sketch,1,elephant,0,dog,0.6967446804046631
sketch/elephant/n02503517_5267-4.png,sketch,1,elephant,0,dog,0.5150176286697388
sketch/elephant/n02503517_5267-5.png,sketch,1,elephant,0,dog,0.9851211309432983
sketch/elephant/n02503517_5267-6.png,sketch,1,elephant,0,dog,0.9202451705932617
sketch/elephant/n02503517_5267-7.png,sketch,1,elephant,0,dog,0.7231144905090332
sketch/elephant/n02503517_5287-1.png,sketch,1,elephant,0,dog,0.5252847075462341
sketch/elephant/n02503517_5287-2.png,sketch,1,elephant,0,dog,0.9423520565032959
sketch/elephant/n02503517_5287-3.png,sketch,1,elephant,0,dog,0.9374073147773743
sketch/elephant/n02503517_5287-4.png,sketch,1,elephant,0,dog,0.846796989440918
sketch/elephant/n02503517_5287-5.png,sketch,1,elephant,1,elephant,0.5247123837471008
sketch/elephant/n02503517_5418-1.png,sketch,1,elephant,1,elephant,0.5875524878501892
sketch/elephant/n02503517_5418-10.png,sketch,1,elephant,1,elephant,0.870556652545929
sketch/elephant/n02503517_5418-2.png,sketch,1,elephant,1,elephant,0.4751756191253662
sketch/elephant/n02503517_5418-3.png,sketch,1,elephant,0,dog,0.7066180109977722
sketch/elephant/n02503517_5418-4.png,sketch,1,elephant,0,dog,0.6960093975067139
sketch/elephant/n02503517_5418-5.png,sketch,1,elephant,1,elephant,0.9097194671630859
sketch/elephant/n02503517_5418-6.png,sketch,1,elephant,1,elephant,0.9574469327926636
sketch/elephant/n02503517_5418-7.png,sketch,1,elephant,1,elephant,0.9782065153121948
sketch/elephant/n02503517_5418-8.png,sketch,1,elephant,1,elephant,0.8680223822593689
sketch/elephant/n02503517_5418-9.png,sketch,1,elephant,1,elephant,0.5205267071723938
sketch/elephant/n02503517_5420-1.png,sketch,1,elephant,6,person,0.3066650927066803
sketch/elephant/n02503517_5420-2.png,sketch,1,elephant,0,dog,0.5092941522598267
sketch/elephant/n02503517_5420-3.png,sketch,1,elephant,0,dog,0.8079836368560791
sketch/elephant/n02503517_5420-4.png,sketch,1,elephant,1,elephant,0.6443392038345337
sketch/elephant/n02503517_5420-5.png,sketch,1,elephant,0,dog,0.6802953481674194
sketch/elephant/n02503517_5420-6.png,sketch,1,elephant,0,dog,0.6276087760925293
sketch/elephant/n02503517_5420-7.png,sketch,1,elephant,0,dog,0.760183572769165
sketch/elephant/n02503517_5527-1.png,sketch,1,elephant,0,dog,0.8489885330200195
sketch/elephant/n02503517_5527-2.png,sketch,1,elephant,0,dog,0.9905277490615845
sketch/elephant/n02503517_5527-3.png,sketch,1,elephant,4,horse,0.5588807463645935
sketch/elephant/n02503517_5527-4.png,sketch,1,elephant,1,elephant,0.7418760061264038
sketch/elephant/n02503517_5527-5.png,sketch,1,elephant,1,elephant,0.9155545830726624
sketch/elephant/n02503517_5527-6.png,sketch,1,elephant,1,elephant,0.6015036106109619
sketch/elephant/n02503517_564-1.png,sketch,1,elephant,0,dog,0.3629898726940155
sketch/elephant/n02503517_564-2.png,sketch,1,elephant,0,dog,0.7307567596435547
sketch/elephant/n02503517_564-3.png,sketch,1,elephant,2,giraffe,0.7120336294174194
sketch/elephant/n02503517_564-4.png,sketch,1,elephant,0,dog,0.9325783252716064
sketch/elephant/n02503517_564-5.png,sketch,1,elephant,0,dog,0.9857307076454163
sketch/elephant/n02503517_5892-1.png,sketch,1,elephant,1,elephant,0.5605462193489075
sketch/elephant/n02503517_5892-2.png,sketch,1,elephant,0,dog,0.8449848890304565
sketch/elephant/n02503517_5892-3.png,sketch,1,elephant,1,elephant,0.5748331546783447
sketch/elephant/n02503517_5892-4.png,sketch,1,elephant,1,elephant,0.5512422323226929
sketch/elephant/n02503517_5892-5.png,sketch,1,elephant,0,dog,0.5814460515975952
sketch/elephant/n02503517_5892-6.png,sketch,1,elephant,1,elephant,0.5508496165275574
sketch/elephant/n02503517_5892-7.png,sketch,1,elephant,0,dog,0.5091379880905151
sketch/elephant/n02503517_5905-10.png,sketch,1,elephant,1,elephant,0.5968971252441406
sketch/elephant/n02503517_5905-11.png,sketch,1,elephant,0,dog,0.6652258038520813
sketch/elephant/n02503517_5905-2.png,sketch,1,elephant,1,elephant,0.5303871631622314
sketch/elephant/n02503517_5905-3.png,sketch,1,elephant,1,elephant,0.6314094066619873
sketch/elephant/n02503517_5905-4.png,sketch,1,elephant,4,horse,0.675096869468689
sketch/elephant/n02503517_5905-5.png,sketch,1,elephant,0,dog,0.9014099836349487
sketch/elephant/n02503517_5905-6.png,sketch,1,elephant,1,elephant,0.968907356262207
sketch/elephant/n02503517_5905-7.png,sketch,1,elephant,0,dog,0.3597825765609741
sketch/elephant/n02503517_5905-8.png,sketch,1,elephant,1,elephant,0.8323042392730713
sketch/elephant/n02503517_5905-9.png,sketch,1,elephant,1,elephant,0.6092413067817688
sketch/elephant/n02503517_5909-1.png,sketch,1,elephant,0,dog,0.9461207985877991
sketch/elephant/n02503517_5909-2.png,sketch,1,elephant,0,dog,0.5621089935302734
sketch/elephant/n02503517_5909-3.png,sketch,1,elephant,0,dog,0.5490009188652039
sketch/elephant/n02503517_5909-4.png,sketch,1,elephant,0,dog,0.77303546667099
sketch/elephant/n02503517_5909-5.png,sketch,1,elephant,0,dog,0.9082158803939819
sketch/elephant/n02503517_6032-1.png,sketch,1,elephant,0,dog,0.7478345036506653
sketch/elephant/n02503517_6032-2.png,sketch,1,elephant,0,dog,0.9212074279785156
sketch/elephant/n02503517_6032-3.png,sketch,1,elephant,0,dog,0.7802565693855286
sketch/elephant/n02503517_6032-4.png,sketch,1,elephant,1,elephant,0.49138128757476807
sketch/elephant/n02503517_6032-5.png,sketch,1,elephant,1,elephant,0.501676619052887
sketch/elephant/n02503517_6032-6.png,sketch,1,elephant,0,dog,0.7510541677474976
sketch/elephant/n02503517_6043-1.png,sketch,1,elephant,0,dog,0.7620841264724731
sketch/elephant/n02503517_6043-2.png,sketch,1,elephant,0,dog,0.9508813619613647
sketch/elephant/n02503517_6043-3.png,sketch,1,elephant,0,dog,0.9092825651168823
sketch/elephant/n02503517_6043-4.png,sketch,1,elephant,0,dog,0.9916566610336304
sketch/elephant/n02503517_6043-5.png,sketch,1,elephant,6,person,0.3609541058540344
sketch/elephant/n02503517_6043-6.png,sketch,1,elephant,0,dog,0.920982837677002
sketch/elephant/n02503517_6232-1.png,sketch,1,elephant,0,dog,0.9626862406730652
sketch/elephant/n02503517_6232-2.png,sketch,1,elephant,0,dog,0.9255932569503784
sketch/elephant/n02503517_6232-3.png,sketch,1,elephant,0,dog,0.5979510545730591
sketch/elephant/n02503517_6232-4.png,sketch,1,elephant,0,dog,0.8483377695083618
sketch/elephant/n02503517_6232-5.png,sketch,1,elephant,0,dog,0.9803152084350586
sketch/elephant/n02503517_6232-6.png,sketch,1,elephant,0,dog,0.9270203709602356
sketch/elephant/n02503517_6232-7.png,sketch,1,elephant,0,dog,0.7588984966278076
sketch/elephant/n02503517_6396-1.png,sketch,1,elephant,1,elephant,0.6957892179489136
sketch/elephant/n02503517_6396-2.png,sketch,1,elephant,1,elephant,0.9772262573242188
sketch/elephant/n02503517_6396-3.png,sketch,1,elephant,0,dog,0.507093608379364
sketch/elephant/n02503517_6396-4.png,sketch,1,elephant,1,elephant,0.900035560131073
sketch/elephant/n02503517_6396-5.png,sketch,1,elephant,0,dog,0.9337849020957947
sketch/elephant/n02503517_6429-1.png,sketch,1,elephant,1,elephant,0.83794766664505
sketch/elephant/n02503517_6429-2.png,sketch,1,elephant,1,elephant,0.6302695870399475
sketch/elephant/n02503517_6429-3.png,sketch,1,elephant,2,giraffe,0.4873843491077423
sketch/elephant/n02503517_6429-4.png,sketch,1,elephant,4,horse,0.49412524700164795
sketch/elephant/n02503517_6429-5.png,sketch,1,elephant,1,elephant,0.5237981081008911
sketch/elephant/n02503517_6479-1.png,sketch,1,elephant,0,dog,0.7972761392593384
sketch/elephant/n02503517_6479-2.png,sketch,1,elephant,0,dog,0.8907760977745056
sketch/elephant/n02503517_6479-3.png,sketch,1,elephant,0,dog,0.4883856773376465
sketch/elephant/n02503517_6479-4.png,sketch,1,elephant,0,dog,0.9691462516784668
sketch/elephant/n02503517_6479-5.png,sketch,1,elephant,1,elephant,0.9260146021842957
sketch/elephant/n02503517_6479-6.png,sketch,1,elephant,0,dog,0.8294623494148254
sketch/elephant/n02503517_6479-7.png,sketch,1,elephant,0,dog,0.7118839621543884
sketch/elephant/n02503517_6479-8.png,sketch,1,elephant,1,elephant,0.92003333568573
sketch/elephant/n02503517_6511-1.png,sketch,1,elephant,1,elephant,0.6509645581245422
sketch/elephant/n02503517_6511-2.png,sketch,1,elephant,0,dog,0.6629548668861389
sketch/elephant/n02503517_6511-3.png,sketch,1,elephant,1,elephant,0.4624309241771698
sketch/elephant/n02503517_6511-4.png,sketch,1,elephant,0,dog,0.719319760799408
sketch/elephant/n02503517_6511-5.png,sketch,1,elephant,1,elephant,0.9819549918174744
sketch/elephant/n02503517_6611-1.png,sketch,1,elephant,1,elephant,0.9990140199661255
sketch/elephant/n02503517_6611-10.png,sketch,1,elephant,0,dog,0.8943101763725281
sketch/elephant/n02503517_6611-2.png,sketch,1,elephant,1,elephant,0.47399377822875977
sketch/elephant/n02503517_6611-3.png,sketch,1,elephant,1,elephant,0.8721246719360352
sketch/elephant/n02503517_6611-4.png,sketch,1,elephant,0,dog,0.9182901382446289
sketch/elephant/n02503517_6611-5.png,sketch,1,elephant,0,dog,0.86204594373703
sketch/elephant/n02503517_6611-6.png,sketch,1,elephant,0,dog,0.7240052223205566
sketch/elephant/n02503517_6611-7.png,sketch,1,elephant,1,elephant,0.5728732347488403
sketch/elephant/n02503517_6611-8.png,sketch,1,elephant,0,dog,0.5474424362182617
sketch/elephant/n02503517_6611-9.png,sketch,1,elephant,0,dog,0.4140487611293793
sketch/elephant/n02503517_6613-1.png,sketch,1,elephant,0,dog,0.48585638403892517
sketch/elephant/n02503517_6613-2.png,sketch,1,elephant,0,dog,0.7610979676246643
sketch/elephant/n02503517_6613-3.png,sketch,1,elephant,1,elephant,0.8122078776359558
sketch/elephant/n02503517_6613-4.png,sketch,1,elephant,0,dog,0.682776689529419
sketch/elephant/n02503517_6613-5.png,sketch,1,elephant,0,dog,0.7463231682777405
sketch/elephant/n02503517_6624-1.png,sketch,1,elephant,1,elephant,0.919208824634552
sketch/elephant/n02503517_6624-2.png,sketch,1,elephant,0,dog,0.7407858371734619
sketch/elephant/n02503517_6624-3.png,sketch,1,elephant,1,elephant,0.5887942910194397
sketch/elephant/n02503517_6624-4.png,sketch,1,elephant,0,dog,0.5311096906661987
sketch/elephant/n02503517_6624-5.png,sketch,1,elephant,0,dog,0.9553832411766052
sketch/elephant/n02503517_6624-6.png,sketch,1,elephant,0,dog,0.7708861827850342
sketch/elephant/n02503517_6661-1.png,sketch,1,elephant,0,dog,0.9485095739364624
sketch/elephant/n02503517_6661-2.png,sketch,1,elephant,1,elephant,0.7977423071861267
sketch/elephant/n02503517_6661-3.png,sketch,1,elephant,1,elephant,0.9445772171020508
sketch/elephant/n02503517_6661-4.png,sketch,1,elephant,0,dog,0.6600978374481201
sketch/elephant/n02503517_6661-5.png,sketch,1,elephant,0,dog,0.7147006988525391
sketch/elephant/n02503517_6784-1.png,sketch,1,elephant,0,dog,0.893311619758606
sketch/elephant/n02503517_6784-2.png,sketch,1,elephant,6,person,0.3996416926383972
sketch/elephant/n02503517_6784-3.png,sketch,1,elephant,0,dog,0.9142263531684875
sketch/elephant/n02503517_6784-4.png,sketch,1,elephant,1,elephant,0.548716127872467
sketch/elephant/n02503517_6784-5.png,sketch,1,elephant,1,elephant,0.577472984790802
sketch/elephant/n02503517_6880-1.png,sketch,1,elephant,0,dog,0.9602560997009277
sketch/elephant/n02503517_6880-2.png,sketch,1,elephant,1,elephant,0.8799548745155334
sketch/elephant/n02503517_6880-3.png,sketch,1,elephant,4,horse,0.7423886060714722
sketch/elephant/n02503517_6880-4.png,sketch,1,elephant,0,dog,0.6690024733543396
sketch/elephant/n02503517_6880-5.png,sketch,1,elephant,0,dog,0.7578282952308655
sketch/elephant/n02503517_6937-1.png,sketch,1,elephant,0,dog,0.8556268215179443
sketch/elephant/n02503517_6937-2.png,sketch,1,elephant,0,dog,0.9984733462333679
sketch/elephant/n02503517_6937-3.png,sketch,1,elephant,0,dog,0.9664162397384644
sketch/elephant/n02503517_6937-4.png,sketch,1,elephant,0,dog,0.7343326807022095
sketch/elephant/n02503517_6937-5.png,sketch,1,elephant,0,dog,0.6704236268997192
sketch/elephant/n02503517_6937-6.png,sketch,1,elephant,0,dog,0.768310546875
sketch/elephant/n02503517_7020-1.png,sketch,1,elephant,1,elephant,0.604909360408783
sketch/elephant/n02503517_7020-2.png,sketch,1,elephant,0,dog,0.6276251673698425
sketch/elephant/n02503517_7020-3.png,sketch,1,elephant,0,dog,0.9264480471611023
sketch/elephant/n02503517_7020-4.png,sketch,1,elephant,0,dog,0.9263862371444702
sketch/elephant/n02503517_7020-5.png,sketch,1,elephant,0,dog,0.7361992597579956
sketch/elephant/n02503517_7020-6.png,sketch,1,elephant,0,dog,0.9756190776824951
sketch/elephant/n02503517_7031-1.png,sketch,1,elephant,1,elephant,0.7135992646217346
sketch/elephant/n02503517_7031-10.png,sketch,1,elephant,1,elephant,0.8105022311210632
sketch/elephant/n02503517_7031-2.png,sketch,1,elephant,0,dog,0.6070309281349182
sketch/elephant/n02503517_7031-3.png,sketch,1,elephant,0,dog,0.9157530069351196
sketch/elephant/n02503517_7031-4.png,sketch,1,elephant,1,elephant,0.7302549481391907
sketch/elephant/n02503517_7031-5.png,sketch,1,elephant,1,elephant,0.8319437503814697
sketch/elephant/n02503517_7031-6.png,sketch,1,elephant,0,dog,0.5902519226074219
sketch/elephant/n02503517_7031-7.png,sketch,1,elephant,0,dog,0.718805730342865
sketch/elephant/n02503517_7031-8.png,sketch,1,elephant,0,dog,0.7503063678741455
sketch/elephant/n02503517_7031-9.png,sketch,1,elephant,1,elephant,0.9545634388923645
sketch/elephant/n02503517_7083-1.png,sketch,1,elephant,1,elephant,0.9348907470703125
sketch/elephant/n02503517_7083-2.png,sketch,1,elephant,1,elephant,0.77108234167099
sketch/elephant/n02503517_7083-3.png,sketch,1,elephant,0,dog,0.8827415108680725
sketch/elephant/n02503517_7083-4.png,sketch,1,elephant,0,dog,0.7642413377761841
sketch/elephant/n02503517_7083-5.png,sketch,1,elephant,0,dog,0.5827494859695435
sketch/elephant/n02503517_7173-1.png,sketch,1,elephant,1,elephant,0.7161117792129517
sketch/elephant/n02503517_7173-2.png,sketch,1,elephant,0,dog,0.9707557559013367
sketch/elephant/n02503517_7173-3.png,sketch,1,elephant,0,dog,0.9795912504196167
sketch/elephant/n02503517_7173-4.png,sketch,1,elephant,0,dog,0.7632239460945129
sketch/elephant/n02503517_7173-5.png,sketch,1,elephant,1,elephant,0.962118923664093
sketch/elephant/n02503517_7211-1.png,sketch,1,elephant,0,dog,0.9044182896614075
sketch/elephant/n02503517_7211-2.png,sketch,1,elephant,1,elephant,0.7452808022499084
sketch/elephant/n02503517_7211-3.png,sketch,1,elephant,1,elephant,0.5761520266532898
sketch/elephant/n02503517_7211-4.png,sketch,1,elephant,0,dog,0.5885871052742004
sketch/elephant/n02503517_7211-5.png,sketch,1,elephant,0,dog,0.653331995010376
sketch/elephant/n02503517_7393-1.png,sketch,1,elephant,0,dog,0.6273636221885681
sketch/elephant/n02503517_7393-2.png,sketch,1,elephant,0,dog,0.5198296308517456
sketch/elephant/n02503517_7393-3.png,sketch,1,elephant,1,elephant,0.7589094042778015
sketch/elephant/n02503517_7393-4.png,sketch,1,elephant,0,dog,0.9017254710197449
sketch/elephant/n02503517_7393-5.png,sketch,1,elephant,0,dog,0.5106176733970642
sketch/elephant/n02503517_7393-6.png,sketch,1,elephant,0,dog,0.9629718065261841
sketch/elephant/n02503517_7393-7.png,sketch,1,elephant,0,dog,0.9372421503067017
sketch/elephant/n02503517_753-1.png,sketch,1,elephant,0,dog,0.6897523999214172
sketch/elephant/n02503517_753-2.png,sketch,1,elephant,0,dog,0.9512035250663757
sketch/elephant/n02503517_753-3.png,sketch,1,elephant,0,dog,0.9701343178749084
sketch/elephant/n02503517_753-4.png,sketch,1,elephant,0,dog,0.906457781791687
sketch/elephant/n02503517_753-5.png,sketch,1,elephant,0,dog,0.9717534184455872
sketch/elephant/n02503517_753-6.png,sketch,1,elephant,0,dog,0.9530248045921326
sketch/elephant/n02503517_759-1.png,sketch,1,elephant,0,dog,0.920881986618042
sketch/elephant/n02503517_759-2.png,sketch,1,elephant,1,elephant,0.7974802851676941
sketch/elephant/n02503517_759-3.png,sketch,1,elephant,0,dog,0.5615966320037842
sketch/elephant/n02503517_759-4.png,sketch,1,elephant,0,dog,0.6539952754974365
sketch/elephant/n02503517_759-5.png,sketch,1,elephant,1,elephant,0.8015640377998352
sketch/elephant/n02503517_759-6.png,sketch,1,elephant,1,elephant,0.9534369111061096
sketch/elephant/n02503517_759-7.png,sketch,1,elephant,1,elephant,0.8802478313446045
sketch/elephant/n02503517_759-8.png,sketch,1,elephant,0,dog,0.53143310546875
sketch/elephant/n02503517_7592-1.png,sketch,1,elephant,0,dog,0.9937554597854614
sketch/elephant/n02503517_7592-2.png,sketch,1,elephant,1,elephant,0.6057763695716858
sketch/elephant/n02503517_7592-3.png,sketch,1,elephant,0,dog,0.942619264125824
sketch/elephant/n02503517_7592-4.png,sketch,1,elephant,1,elephant,0.6735855340957642
sketch/elephant/n02503517_7592-5.png,sketch,1,elephant,1,elephant,0.5520628094673157
sketch/elephant/n02503517_7592-6.png,sketch,1,elephant,0,dog,0.7197725772857666
sketch/elephant/n02503517_7592-7.png,sketch,1,elephant,4,horse,0.47169914841651917
sketch/elephant/n02503517_7592-8.png,sketch,1,elephant,1,elephant,0.6222176551818848
sketch/elephant/n02503517_79-1.png,sketch,1,elephant,0,dog,0.7591503262519836
sketch/elephant/n02503517_79-2.png,sketch,1,elephant,4,horse,0.5957534313201904
sketch/elephant/n02503517_79-3.png,sketch,1,elephant,0,dog,0.7962743043899536
sketch/elephant/n02503517_79-4.png,sketch,1,elephant,0,dog,0.5323849320411682
sketch/elephant/n02503517_79-5.png,sketch,1,elephant,0,dog,0.5011923313140869
sketch/elephant/n02503517_792-1.png,sketch,1,elephant,0,dog,0.4527786374092102
sketch/elephant/n02503517_792-2.png,sketch,1,elephant,0,dog,0.8734842538833618
sketch/elephant/n02503517_792-3.png,sketch,1,elephant,1,elephant,0.3296401798725128
sketch/elephant/n02503517_792-4.png,sketch,1,elephant,0,dog,0.8053190112113953
sketch/elephant/n02503517_792-5.png,sketch,1,elephant,0,dog,0.9916894435882568
sketch/elephant/n02503517_8137-1.png,sketch,1,elephant,0,dog,0.7304295301437378
sketch/elephant/n02503517_8137-2.png,sketch,1,elephant,0,dog,0.7479139566421509
sketch/elephant/n02503517_8137-3.png,sketch,1,elephant,1,elephant,0.6664848923683167
sketch/elephant/n02503517_8137-4.png,sketch,1,elephant,1,elephant,0.7806267738342285
sketch/elephant/n02503517_8137-5.png,sketch,1,elephant,0,dog,0.7776389718055725
sketch/elephant/n02503517_8205-1.png,sketch,1,elephant,0,dog,0.9786003232002258
sketch/elephant/n02503517_8205-2.png,sketch,1,elephant,0,dog,0.595770537853241
sketch/elephant/n02503517_8205-3.png,sketch,1,elephant,0,dog,0.6694287061691284
sketch/elephant/n02503517_8205-4.png,sketch,1,elephant,1,elephant,0.5951430797576904
sketch/elephant/n02503517_8205-5.png,sketch,1,elephant,1,elephant,0.6298726797103882
sketch/elephant/n02503517_8222-1.png,sketch,1,elephant,0,dog,0.9404128789901733
sketch/elephant/n02503517_8222-2.png,sketch,1,elephant,1,elephant,0.49500772356987
sketch/elephant/n02503517_8222-3.png,sketch,1,elephant,0,dog,0.9879875183105469
sketch/elephant/n02503517_8222-4.png,sketch,1,elephant,1,elephant,0.8052859902381897
sketch/elephant/n02503517_8222-5.png,sketch,1,elephant,0,dog,0.502661406993866
sketch/elephant/n02503517_8265-1.png,sketch,1,elephant,0,dog,0.9447177648544312
sketch/elephant/n02503517_8265-2.png,sketch,1,elephant,4,horse,0.660244882106781
sketch/elephant/n02503517_8265-3.png,sketch,1,elephant,0,dog,0.44880250096321106
sketch/elephant/n02503517_8265-4.png,sketch,1,elephant,1,elephant,0.8842148184776306
sketch/elephant/n02503517_8265-5.png,sketch,1,elephant,1,elephant,0.8441625833511353
sketch/elephant/n02503517_8292-1.png,sketch,1,elephant,1,elephant,0.5062731504440308
sketch/elephant/n02503517_8292-2.png,sketch,1,elephant,0,dog,0.5659822225570679
sketch/elephant/n02503517_8292-3.png,sketch,1,elephant,0,dog,0.48392602801322937
sketch/elephant/n02503517_8292-4.png,sketch,1,elephant,0,dog,0.9580973386764526
sketch/elephant/n02503517_8292-5.png,sketch,1,elephant,0,dog,0.5030306577682495
sketch/elephant/n02503517_8292-6.png,sketch,1,elephant,0,dog,0.6137722134590149
sketch/elephant/n02503517_8518-1.png,sketch,1,elephant,0,dog,0.8656657934188843
sketch/elephant/n02503517_8518-2.png,sketch,1,elephant,1,elephant,0.6643768548965454
sketch/elephant/n02503517_8518-3.png,sketch,1,elephant,1,elephant,0.5742213129997253
sketch/elephant/n02503517_8518-4.png,sketch,1,elephant,0,dog,0.8191795945167542
sketch/elephant/n02503517_8518-5.png,sketch,1,elephant,0,dog,0.7948921918869019
sketch/elephant/n02503517_8518-6.png,sketch,1,elephant,1,elephant,0.8014139533042908
sketch/elephant/n02503517_8571-1.png,sketch,1,elephant,0,dog,0.5704554915428162
sketch/elephant/n02503517_8571-2.png,sketch,1,elephant,2,giraffe,0.30108052492141724
sketch/elephant/n02503517_8571-3.png,sketch,1,elephant,6,person,0.36414897441864014
sketch/elephant/n02503517_8571-4.png,sketch,1,elephant,0,dog,0.8368430137634277
sketch/elephant/n02503517_8571-5.png,sketch,1,elephant,1,elephant,0.4882299602031708
sketch/elephant/n02503517_8571-6.png,sketch,1,elephant,2,giraffe,0.35547491908073425
sketch/elephant/n02503517_86-1.png,sketch,1,elephant,0,dog,0.8678066730499268
sketch/elephant/n02503517_86-2.png,sketch,1,elephant,4,horse,0.48736199736595154
sketch/elephant/n02503517_86-3.png,sketch,1,elephant,1,elephant,0.5275148749351501
sketch/elephant/n02503517_86-4.png,sketch,1,elephant,0,dog,0.446858674287796
sketch/elephant/n02503517_86-5.png,sketch,1,elephant,2,giraffe,0.6408017873764038
sketch/elephant/n02503517_86-6.png,sketch,1,elephant,0,dog,0.5508569478988647
sketch/elephant/n02503517_8757-1.png,sketch,1,elephant,0,dog,0.690295398235321
sketch/elephant/n02503517_8757-2.png,sketch,1,elephant,0,dog,0.904190182685852
sketch/elephant/n02503517_8757-3.png,sketch,1,elephant,1,elephant,0.6565642952919006
sketch/elephant/n02503517_8757-4.png,sketch,1,elephant,0,dog,0.9200797080993652
sketch/elephant/n02503517_8757-5.png,sketch,1,elephant,6,person,0.34041154384613037
sketch/elephant/n02503517_8757-6.png,sketch,1,elephant,0,dog,0.6939931511878967
sketch/elephant/n02503517_8901-1.png,sketch,1,elephant,0,dog,0.8277090191841125
sketch/elephant/n02503517_8901-2.png,sketch,1,elephant,0,dog,0.794438362121582
sketch/elephant/n02503517_8901-3.png,sketch,1,elephant,1,elephant,0.6565185785293579
sketch/elephant/n02503517_8901-4.png,sketch,1,elephant,1,elephant,0.5595762133598328
sketch/elephant/n02503517_8901-5.png,sketch,1,elephant,1,elephant,0.718355119228363
sketch/elephant/n02503517_8901-6.png,sketch,1,elephant,1,elephant,0.6669540405273438
sketch/elephant/n02503517_8901-7.png,sketch,1,elephant,0,dog,0.6602806448936462
sketch/elephant/n02503517_8904-1.png,sketch,1,elephant,1,elephant,0.7868195176124573
sketch/elephant/n02503517_8904-2.png,sketch,1,elephant,0,dog,0.6659039258956909
sketch/elephant/n02503517_8904-3.png,sketch,1,elephant,1,elephant,0.9343143701553345
sketch/elephant/n02503517_8904-4.png,sketch,1,elephant,1,elephant,0.7653502225875854
sketch/elephant/n02503517_8904-5.png,sketch,1,elephant,1,elephant,0.8165113925933838
sketch/elephant/n02503517_8904-6.png,sketch,1,elephant,1,elephant,0.9020704030990601
sketch/elephant/n02503517_8938-1.png,sketch,1,elephant,0,dog,0.4520792067050934
sketch/elephant/n02503517_8938-2.png,sketch,1,elephant,1,elephant,0.6922008991241455
sketch/elephant/n02503517_8938-3.png,sketch,1,elephant,0,dog,0.8040531873703003
sketch/elephant/n02503517_8938-4.png,sketch,1,elephant,0,dog,0.8863875865936279
sketch/elephant/n02503517_8938-5.png,sketch,1,elephant,0,dog,0.5098727941513062
sketch/elephant/n02503517_8938-6.png,sketch,1,elephant,0,dog,0.5828709006309509
sketch/elephant/n02503517_9043-1.png,sketch,1,elephant,1,elephant,0.6867700219154358
sketch/elephant/n02503517_9043-10.png,sketch,1,elephant,1,elephant,0.8442145586013794
sketch/elephant/n02503517_9043-2.png,sketch,1,elephant,0,dog,0.6162277460098267
sketch/elephant/n02503517_9043-3.png,sketch,1,elephant,0,dog,0.9438058733940125
sketch/elephant/n02503517_9043-4.png,sketch,1,elephant,1,elephant,0.6844789385795593
sketch/elephant/n02503517_9043-5.png,sketch,1,elephant,0,dog,0.8180310130119324
sketch/elephant/n02503517_9043-6.png,sketch,1,elephant,0,dog,0.6873895525932312
sketch/elephant/n02503517_9043-7.png,sketch,1,elephant,2,giraffe,0.3844255208969116
sketch/elephant/n02503517_9043-8.png,sketch,1,elephant,1,elephant,0.5271680951118469
sketch/elephant/n02503517_9043-9.png,sketch,1,elephant,1,elephant,0.3603554368019104
sketch/elephant/n02503517_9154-1.png,sketch,1,elephant,2,giraffe,0.9622380137443542
sketch/elephant/n02503517_9154-2.png,sketch,1,elephant,0,dog,0.7412768006324768
sketch/elephant/n02503517_9154-3.png,sketch,1,elephant,2,giraffe,0.65974360704422
sketch/elephant/n02503517_9154-4.png,sketch,1,elephant,2,giraffe,0.8207302093505859
sketch/elephant/n02503517_9154-5.png,sketch,1,elephant,0,dog,0.6990642547607422
sketch/elephant/n02503517_9154-6.png,sketch,1,elephant,0,dog,0.9474863409996033
sketch/elephant/n02503517_9237-1.png,sketch,1,elephant,1,elephant,0.7801896333694458
sketch/elephant/n02503517_9237-2.png,sketch,1,elephant,0,dog,0.9095122814178467
sketch/elephant/n02503517_9237-3.png,sketch,1,elephant,0,dog,0.8027833104133606
sketch/elephant/n02503517_9237-4.png,sketch,1,elephant,0,dog,0.8939704298973083
sketch/elephant/n02503517_9237-5.png,sketch,1,elephant,0,dog,0.7442166209220886
sketch/elephant/n02503517_9237-6.png,sketch,1,elephant,0,dog,0.8990619778633118
sketch/elephant/n02503517_9237-7.png,sketch,1,elephant,0,dog,0.9801833629608154
sketch/elephant/n02503517_9241-1.png,sketch,1,elephant,0,dog,0.9824407696723938
sketch/elephant/n02503517_9241-2.png,sketch,1,elephant,0,dog,0.7214338183403015
sketch/elephant/n02503517_9241-3.png,sketch,1,elephant,0,dog,0.5909119248390198
sketch/elephant/n02503517_9241-4.png,sketch,1,elephant,1,elephant,0.9827659130096436
sketch/elephant/n02503517_9241-5.png,sketch,1,elephant,0,dog,0.9662104249000549
sketch/elephant/n02503517_9270-1.png,sketch,1,elephant,0,dog,0.5296657085418701
sketch/elephant/n02503517_9270-10.png,sketch,1,elephant,1,elephant,0.4875078499317169
sketch/elephant/n02503517_9270-2.png,sketch,1,elephant,0,dog,0.6051322817802429
sketch/elephant/n02503517_9270-3.png,sketch,1,elephant,1,elephant,0.6493006348609924
sketch/elephant/n02503517_9270-4.png,sketch,1,elephant,0,dog,0.6349635124206543
sketch/elephant/n02503517_9270-5.png,sketch,1,elephant,4,horse,0.9230027198791504
sketch/elephant/n02503517_9270-6.png,sketch,1,elephant,0,dog,0.591310441493988
sketch/elephant/n02503517_9270-7.png,sketch,1,elephant,1,elephant,0.5452154278755188
sketch/elephant/n02503517_9270-8.png,sketch,1,elephant,1,elephant,0.8267490863800049
sketch/elephant/n02503517_9270-9.png,sketch,1,elephant,0,dog,0.5585905909538269
sketch/elephant/n02503517_9421-1.png,sketch,1,elephant,4,horse,0.37322863936424255
sketch/elephant/n02503517_9421-2.png,sketch,1,elephant,0,dog,0.9567089676856995
sketch/elephant/n02503517_9421-3.png,sketch,1,elephant,0,dog,0.7096670866012573
sketch/elephant/n02503517_9421-4.png,sketch,1,elephant,1,elephant,0.7830373048782349
sketch/elephant/n02503517_9421-5.png,sketch,1,elephant,0,dog,0.6985885500907898
sketch/elephant/n02503517_9421-6.png,sketch,1,elephant,0,dog,0.5745803117752075
sketch/elephant/n02503517_9421-7.png,sketch,1,elephant,0,dog,0.7558386921882629
sketch/elephant/n02503517_9421-8.png,sketch,1,elephant,1,elephant,0.7492507696151733
sketch/elephant/n02503517_9421-9.png,sketch,1,elephant,0,dog,0.8970638513565063
sketch/elephant/n02503517_9827-1.png,sketch,1,elephant,0,dog,0.6417279839515686
sketch/elephant/n02503517_9827-2.png,sketch,1,elephant,4,horse,0.9588602185249329
sketch/elephant/n02503517_9827-3.png,sketch,1,elephant,0,dog,0.9522589445114136
sketch/elephant/n02503517_9827-4.png,sketch,1,elephant,1,elephant,0.9427833557128906
sketch/elephant/n02503517_9827-5.png,sketch,1,elephant,1,elephant,0.696753740310669
sketch/elephant/n02503517_9827-6.png,sketch,1,elephant,0,dog,0.8556669354438782
sketch/elephant/n02503517_9827-7.png,sketch,1,elephant,0,dog,0.9395827651023865
sketch/elephant/n02503517_9827-8.png,sketch,1,elephant,1,elephant,0.57752925157547
sketch/giraffe/7361.png,sketch,2,giraffe,2,giraffe,0.9995906949043274
sketch/giraffe/7362.png,sketch,2,giraffe,2,giraffe,0.9999980926513672
sketch/giraffe/7363.png,sketch,2,giraffe,2,giraffe,0.9709435105323792
sketch/giraffe/7364.png,sketch,2,giraffe,4,horse,0.44189906120300293
sketch/giraffe/7365.png,sketch,2,giraffe,2,giraffe,0.9999929666519165
sketch/giraffe/7366.png,sketch,2,giraffe,2,giraffe,0.9990293979644775
sketch/giraffe/7367.png,sketch,2,giraffe,2,giraffe,0.9994271993637085
sketch/giraffe/7368.png,sketch,2,giraffe,4,horse,0.36770617961883545
sketch/giraffe/7369.png,sketch,2,giraffe,2,giraffe,0.7981416583061218
sketch/giraffe/7370.png,sketch,2,giraffe,0,dog,0.6788901090621948
sketch/giraffe/7371.png,sketch,2,giraffe,0,dog,0.44600769877433777
sketch/giraffe/7372.png,sketch,2,giraffe,2,giraffe,0.5602596402168274
sketch/giraffe/7373.png,sketch,2,giraffe,2,giraffe,0.9847790598869324
sketch/giraffe/7374.png,sketch,2,giraffe,2,giraffe,0.5710601210594177
sketch/giraffe/7375.png,sketch,2,giraffe,4,horse,0.4439886510372162
sketch/giraffe/7376.png,sketch,2,giraffe,2,giraffe,0.9547407627105713
sketch/giraffe/7377.png,sketch,2,giraffe,2,giraffe,0.9997819066047668
sketch/giraffe/7378.png,sketch,2,giraffe,2,giraffe,0.9945940375328064
sketch/giraffe/7379.png,sketch,2,giraffe,2,giraffe,0.914456844329834
sketch/giraffe/7380.png,sketch,2,giraffe,2,giraffe,0.835206925868988
sketch/giraffe/7381.png,sketch,2,giraffe,2,giraffe,0.9780989289283752
sketch/giraffe/7382.png,sketch,2,giraffe,2,giraffe,0.99517422914505
sketch/giraffe/7383.png,sketch,2,giraffe,2,giraffe,0.9973247051239014
sketch/giraffe/7384.png,sketch,2,giraffe,2,giraffe,0.6345615983009338
sketch/giraffe/7385.png,sketch,2,giraffe,2,giraffe,0.9766740798950195
sketch/giraffe/7386.png,sketch,2,giraffe,2,giraffe,0.8615833520889282
sketch/giraffe/7387.png,sketch,2,giraffe,2,giraffe,0.996444046497345
sketch/giraffe/7388.png,sketch,2,giraffe,2,giraffe,0.8761671185493469
sketch/giraffe/7389.png,sketch,2,giraffe,0,dog,0.8063982129096985
sketch/giraffe/7390.png,sketch,2,giraffe,2,giraffe,0.9951326251029968
sketch/giraffe/7391.png,sketch,2,giraffe,2,giraffe,0.7041208148002625
sketch/giraffe/7392.png,sketch,2,giraffe,2,giraffe,0.9989413619041443
sketch/giraffe/7393.png,sketch,2,giraffe,2,giraffe,0.9955281615257263
sketch/giraffe/7394.png,sketch,2,giraffe,2,giraffe,0.9977973699569702
sketch/giraffe/7395.png,sketch,2,giraffe,2,giraffe,0.999671220779419
sketch/giraffe/7396.png,sketch,2,giraffe,0,dog,0.9248723387718201
sketch/giraffe/7397.png,sketch,2,giraffe,2,giraffe,0.650448739528656
sketch/giraffe/7398.png,sketch,2,giraffe,2,giraffe,0.9884070754051208
sketch/giraffe/7399.png,sketch,2,giraffe,2,giraffe,0.5419206023216248
sketch/giraffe/7400.png,sketch,2,giraffe,2,giraffe,0.7740483283996582
sketch/giraffe/7401.png,sketch,2,giraffe,2,giraffe,0.5417838096618652
sketch/giraffe/7402.png,sketch,2,giraffe,2,giraffe,0.9717515110969543
sketch/giraffe/7403.png,sketch,2,giraffe,2,giraffe,0.9846662282943726
sketch/giraffe/7404.png,sketch,2,giraffe,2,giraffe,0.9827067852020264
sketch/giraffe/7405.png,sketch,2,giraffe,2,giraffe,0.9429343342781067
sketch/giraffe/7406.png,sketch,2,giraffe,2,giraffe,0.7072938680648804
sketch/giraffe/7407.png,sketch,2,giraffe,0,dog,0.6086075305938721
sketch/giraffe/7408.png,sketch,2,giraffe,2,giraffe,0.4231089949607849
sketch/giraffe/7409.png,sketch,2,giraffe,2,giraffe,0.6807603240013123
sketch/giraffe/7410.png,sketch,2,giraffe,0,dog,0.7376452684402466
sketch/giraffe/7411.png,sketch,2,giraffe,2,giraffe,0.9995630383491516
sketch/giraffe/7412.png,sketch,2,giraffe,2,giraffe,0.9997887015342712
sketch/giraffe/7413.png,sketch,2,giraffe,2,giraffe,0.3909168243408203
sketch/giraffe/7414.png,sketch,2,giraffe,2,giraffe,0.517896294593811
sketch/giraffe/7415.png,sketch,2,giraffe,6,person,0.5848913192749023
sketch/giraffe/7416.png,sketch,2,giraffe,2,giraffe,0.8753658533096313
sketch/giraffe/7417.png,sketch,2,giraffe,2,giraffe,0.9999649524688721
sketch/giraffe/7418.png,sketch,2,giraffe,2,giraffe,0.9947842955589294
sketch/giraffe/7419.png,sketch,2,giraffe,2,giraffe,0.89109206199646
sketch/giraffe/7420.png,sketch,2,giraffe,2,giraffe,0.8222821354866028
sketch/giraffe/7421.png,sketch,2,giraffe,2,giraffe,0.937035322189331
sketch/giraffe/7422.png,sketch,2,giraffe,0,dog,0.6806246042251587
sketch/giraffe/7423.png,sketch,2,giraffe,2,giraffe,0.9971953630447388
sketch/giraffe/7424.png,sketch,2,giraffe,2,giraffe,0.9671931266784668
sketch/giraffe/7425.png,sketch,2,giraffe,2,giraffe,0.9763867259025574
sketch/giraffe/7426.png,sketch,2,giraffe,2,giraffe,0.9871264100074768
sketch/giraffe/7427.png,sketch,2,giraffe,2,giraffe,0.984025776386261
sketch/giraffe/7428.png,sketch,2,giraffe,2,giraffe,0.9994901418685913
sketch/giraffe/7429.png,sketch,2,giraffe,2,giraffe,0.996046245098114
sketch/giraffe/7430.png,sketch,2,giraffe,2,giraffe,0.9745859503746033
sketch/giraffe/7431.png,sketch,2,giraffe,0,dog,0.576196014881134
sketch/giraffe/7432.png,sketch,2,giraffe,2,giraffe,0.7090486884117126
sketch/giraffe/7433.png,sketch,2,giraffe,3,guitar,0.2923150658607483
sketch/giraffe/7434.png,sketch,2,giraffe,2,giraffe,0.9204320907592773
sketch/giraffe/7435.png,sketch,2,giraffe,0,dog,0.5717637538909912
sketch/giraffe/7436.png,sketch,2,giraffe,2,giraffe,1.0
sketch/giraffe/7437.png,sketch,2,giraffe,2,giraffe,0.9992524981498718
sketch/giraffe/7438.png,sketch,2,giraffe,2,giraffe,0.6273274421691895
sketch/giraffe/7439.png,sketch,2,giraffe,2,giraffe,0.931850016117096
sketch/giraffe/7440.png,sketch,2,giraffe,2,giraffe,0.9305900931358337
sketch/giraffe/n02439033_10130-1.png,sketch,2,giraffe,2,giraffe,0.7606334686279297
sketch/giraffe/n02439033_10130-2.png,sketch,2,giraffe,2,giraffe,0.88569176197052
sketch/giraffe/n02439033_10130-3.png,sketch,2,giraffe,2,giraffe,0.7597610354423523
sketch/giraffe/n02439033_10130-4.png,sketch,2,giraffe,0,dog,0.5153570175170898
sketch/giraffe/n02439033_10130-5.png,sketch,2,giraffe,2,giraffe,0.4314975440502167
sketch/giraffe/n02439033_10130-6.png,sketch,2,giraffe,0,dog,0.6955229043960571
sketch/giraffe/n02439033_10130-7.png,sketch,2,giraffe,2,giraffe,0.9379342198371887
sketch/giraffe/n02439033_10164-1.png,sketch,2,giraffe,0,dog,0.43267562985420227
sketch/giraffe/n02439033_10164-10.png,sketch,2,giraffe,4,horse,0.639894962310791
sketch/giraffe/n02439033_10164-2.png,sketch,2,giraffe,2,giraffe,0.9304352402687073
sketch/giraffe/n02439033_10164-3.png,sketch,2,giraffe,2,giraffe,0.9945377707481384
sketch/giraffe/n02439033_10164-4.png,sketch,2,giraffe,0,dog,0.5049930214881897
sketch/giraffe/n02439033_10164-5.png,sketch,2,giraffe,2,giraffe,0.9458223581314087
sketch/giraffe/n02439033_10164-6.png,sketch,2,giraffe,2,giraffe,0.7694511413574219
sketch/giraffe/n02439033_10164-7.png,sketch,2,giraffe,0,dog,0.663690984249115
sketch/giraffe/n02439033_10164-8.png,sketch,2,giraffe,2,giraffe,0.9952614903450012
sketch/giraffe/n02439033_10164-9.png,sketch,2,giraffe,2,giraffe,0.9993964433670044
sketch/giraffe/n02439033_10279-1.png,sketch,2,giraffe,2,giraffe,0.9674617052078247
sketch/giraffe/n02439033_10279-2.png,sketch,2,giraffe,2,giraffe,0.7890843152999878
sketch/giraffe/n02439033_10279-3.png,sketch,2,giraffe,2,giraffe,0.9894875288009644
sketch/giraffe/n02439033_10279-4.png,sketch,2,giraffe,2,giraffe,0.7509374022483826
sketch/giraffe/n02439033_10279-5.png,sketch,2,giraffe,0,dog,0.6834937930107117
sketch/giraffe/n02439033_10279-6.png,sketch,2,giraffe,0,dog,0.3040037751197815
sketch/giraffe/n02439033_10295-1.png,sketch,2,giraffe,0,dog,0.6099323034286499
sketch/giraffe/n02439033_10295-2.png,sketch,2,giraffe,2,giraffe,0.8875124454498291
sketch/giraffe/n02439033_10295-3.png,sketch,2,giraffe,0,dog,0.7574121952056885
sketch/giraffe/n02439033_10295-4.png,sketch,2,giraffe,2,giraffe,0.9807455539703369
sketch/giraffe/n02439033_10295-5.png,sketch,2,giraffe,4,horse,0.5125856995582581
sketch/giraffe/n02439033_10453-1.png,sketch,2,giraffe,2,giraffe,0.8703334331512451
sketch/giraffe/n02439033_10453-2.png,sketch,2,giraffe,2,giraffe,0.9883456230163574
sketch/giraffe/n02439033_10453-3.png,sketch,2,giraffe,2,giraffe,0.9998981952667236
sketch/giraffe/n02439033_10453-4.png,sketch,2,giraffe,0,dog,0.555205762386322
sketch/giraffe/n02439033_10453-5.png,sketch,2,giraffe,0,dog,0.7244071364402771
sketch/giraffe/n02439033_10453-6.png,sketch,2,giraffe,2,giraffe,0.9991425275802612
sketch/giraffe/n02439033_10491-1.png,sketch,2,giraffe,2,giraffe,0.993746280670166
sketch/giraffe/n02439033_10491-2.png,sketch,2,giraffe,2,giraffe,0.9041997194290161
sketch/giraffe/n02439033_10491-3.png,sketch,2,giraffe,2,giraffe,0.9955690503120422
sketch/giraffe/n02439033_10491-4.png,sketch,2,giraffe,2,giraffe,0.6456590294837952
sketch/giraffe/n02439033_10491-5.png,sketch,2,giraffe,2,giraffe,0.9999955892562866
sketch/giraffe/n02439033_10491-6.png,sketch,2,giraffe,2,giraffe,0.9999974966049194
sketch/giraffe/n02439033_10541-1.png,sketch,2,giraffe,0,dog,0.9755325317382812
sketch/giraffe/n02439033_10541-2.png,sketch,2,giraffe,2,giraffe,0.43243613839149475
sketch/giraffe/n02439033_10541-3.png,sketch,2,giraffe,4,horse,0.9478335976600647
sketch/giraffe/n02439033_10541-4.png,sketch,2,giraffe,2,giraffe,0.774844229221344
sketch/giraffe/n02439033_10541-5.png,sketch,2,giraffe,4,horse,0.7553574442863464
sketch/giraffe/n02439033_10541-6.png,sketch,2,giraffe,4,horse,0.7490807771682739
sketch/giraffe/n02439033_10616-1.png,sketch,2,giraffe,4,horse,0.6565297245979309
sketch/giraffe/n02439033_10616-2.png,sketch,2,giraffe,4,horse,0.3943299353122711
sketch/giraffe/n02439033_10616-3.png,sketch,2,giraffe,4,horse,0.6172065734863281
sketch/giraffe/n02439033_10616-4.png,sketch,2,giraffe,0,dog,0.9333010911941528
sketch/giraffe/n02439033_10616-5.png,sketch,2,giraffe,0,dog,0.9141138792037964
sketch/giraffe/n02439033_10802-1.png,sketch,2,giraffe,2,giraffe,0.9904373288154602
sketch/giraffe/n02439033_10802-2.png,sketch,2,giraffe,0,dog,0.49152272939682007
sketch/giraffe/n02439033_10802-3.png,sketch,2,giraffe,4,horse,0.877415657043457
sketch/giraffe/n02439033_10802-4.png,sketch,2,giraffe,0,dog,0.7682085633277893
sketch/giraffe/n02439033_10802-5.png,sketch,2,giraffe,2,giraffe,0.9913496971130371
sketch/giraffe/n02439033_10802-6.png,sketch,2,giraffe,4,horse,0.9131410121917725
sketch/giraffe/n02439033_10802-7.png,sketch,2,giraffe,2,giraffe,0.9953098893165588
sketch/giraffe/n02439033_10802-8.png,sketch,2,giraffe,0,dog,0.9645007252693176
sketch/giraffe/n02439033_10803-1.png,sketch,2,giraffe,2,giraffe,0.9981460571289062
sketch/giraffe/n02439033_10803-2.png,sketch,2,giraffe,2,giraffe,0.9974270462989807
sketch/giraffe/n02439033_10803-3.png,sketch,2,giraffe,2,giraffe,0.9520403146743774
sketch/giraffe/n02439033_10803-4.png,sketch,2,giraffe,2,giraffe,0.9423996210098267
sketch/giraffe/n02439033_10803-5.png,sketch,2,giraffe,2,giraffe,1.0
sketch/giraffe/n02439033_10811-1.png,sketch,2,giraffe,2,giraffe,0.9928568601608276
sketch/giraffe/n02439033_10811-2.png,sketch,2,giraffe,4,horse,0.7531195878982544
sketch/giraffe/n02439033_10811-3.png,sketch,2,giraffe,2,giraffe,0.9502550363540649
sketch/giraffe/n02439033_10811-4.png,sketch,2,giraffe,2,giraffe,0.9651690125465393
sketch/giraffe/n02439033_10811-5.png,sketch,2,giraffe,2,giraffe,0.9999419450759888
sketch/giraffe/n02439033_10811-6.png,sketch,2,giraffe,2,giraffe,0.9409375786781311
sketch/giraffe/n02439033_10811-7.png,sketch,2,giraffe,4,horse,0.588103175163269
sketch/giraffe/n02439033_10839-1.png,sketch,2,giraffe,2,giraffe,0.9961472749710083
sketch/giraffe/n02439033_10839-2.png,sketch,2,giraffe,2,giraffe,0.9285033345222473
sketch/giraffe/n02439033_10839-3.png,sketch,2,giraffe,2,giraffe,0.9561504125595093
sketch/giraffe/n02439033_10839-4.png,sketch,2,giraffe,2,giraffe,0.8731276392936707
sketch/giraffe/n02439033_10839-5.png,sketch,2,giraffe,2,giraffe,0.9999245405197144
sketch/giraffe/n02439033_10839-6.png,sketch,2,giraffe,2,giraffe,0.9999924898147583
sketch/giraffe/n02439033_10839-7.png,sketch,2,giraffe,2,giraffe,0.9956679344177246
sketch/giraffe/n02439033_10919-1.png,sketch,2,giraffe,2,giraffe,0.7265598773956299
sketch/giraffe/n02439033_10919-2.png,sketch,2,giraffe,3,guitar,0.3324975371360779
sketch/giraffe/n02439033_10919-3.png,sketch,2,giraffe,2,giraffe,0.9973468780517578
sketch/giraffe/n02439033_10919-4.png,sketch,2,giraffe,4,horse,0.8446764945983887
sketch/giraffe/n02439033_10919-5.png,sketch,2,giraffe,2,giraffe,0.8104156255722046
sketch/giraffe/n02439033_10919-6.png,sketch,2,giraffe,4,horse,0.8863598704338074
sketch/giraffe/n02439033_11059-1.png,sketch,2,giraffe,2,giraffe,0.9508598446846008
sketch/giraffe/n02439033_11059-2.png,sketch,2,giraffe,2,giraffe,0.9967501163482666
sketch/giraffe/n02439033_11059-3.png,sketch,2,giraffe,2,giraffe,0.999085545539856
sketch/giraffe/n02439033_11059-4.png,sketch,2,giraffe,2,giraffe,0.9999730587005615
sketch/giraffe/n02439033_11059-5.png,sketch,2,giraffe,2,giraffe,0.9997598528862
sketch/giraffe/n02439033_11059-6.png,sketch,2,giraffe,2,giraffe,0.9991297125816345
sketch/giraffe/n02439033_11059-7.png,sketch,2,giraffe,2,giraffe,0.9991982579231262
sketch/giraffe/n02439033_11059-8.png,sketch,2,giraffe,0,dog,0.9208555221557617
sketch/giraffe/n02439033_11059-9.png,sketch,2,giraffe,2,giraffe,0.9972907900810242
sketch/giraffe/n02439033_11114-1.png,sketch,2,giraffe,2,giraffe,0.6931285858154297
sketch/giraffe/n02439033_11114-2.png,sketch,2,giraffe,0,dog,0.9500837922096252
sketch/giraffe/n02439033_11114-3.png,sketch,2,giraffe,4,horse,0.8070111870765686
sketch/giraffe/n02439033_11114-4.png,sketch,2,giraffe,0,dog,0.8333737850189209
sketch/giraffe/n02439033_11114-5.png,sketch,2,giraffe,3,guitar,0.9439115524291992
sketch/giraffe/n02439033_11130-1.png,sketch,2,giraffe,2,giraffe,0.7906548976898193
sketch/giraffe/n02439033_11130-2.png,sketch,2,giraffe,2,giraffe,0.4413565397262573
sketch/giraffe/n02439033_11130-3.png,sketch,2,giraffe,4,horse,0.8426916599273682
sketch/giraffe/n02439033_11130-4.png,sketch,2,giraffe,2,giraffe,0.5527323484420776
sketch/giraffe/n02439033_11130-5.png,sketch,2,giraffe,4,horse,0.9902196526527405
sketch/giraffe/n02439033_11130-6.png,sketch,2,giraffe,4,horse,0.815378725528717
sketch/giraffe/n02439033_11215-1.png,sketch,2,giraffe,2,giraffe,0.9107205867767334
sketch/giraffe/n02439033_11215-2.png,sketch,2,giraffe,2,giraffe,0.9291691780090332
sketch/giraffe/n02439033_11215-3.png,sketch,2,giraffe,2,giraffe,0.6902194619178772
sketch/giraffe/n02439033_11215-4.png,sketch,2,giraffe,2,giraffe,0.6115632057189941
sketch/giraffe/n02439033_11215-5.png,sketch,2,giraffe,2,giraffe,0.9860061407089233
sketch/giraffe/n02439033_11273-1.png,sketch,2,giraffe,2,giraffe,0.9365968108177185
sketch/giraffe/n02439033_11273-2.png,sketch,2,giraffe,0,dog,0.5143358111381531
sketch/giraffe/n02439033_11273-3.png,sketch,2,giraffe,2,giraffe,0.8236628174781799
sketch/giraffe/n02439033_11273-4.png,sketch,2,giraffe,2,giraffe,0.9138410687446594
sketch/giraffe/n02439033_11273-5.png,sketch,2,giraffe,2,giraffe,0.9509361386299133
sketch/giraffe/n02439033_11273-6.png,sketch,2,giraffe,2,giraffe,0.9824835062026978
sketch/giraffe/n02439033_11328-1.png,sketch,2,giraffe,4,horse,0.5443107485771179
sketch/giraffe/n02439033_11328-2.png,sketch,2,giraffe,0,dog,0.5697378516197205
sketch/giraffe/n02439033_11328-3.png,sketch,2,giraffe,2,giraffe,0.6101950407028198
sketch/giraffe/n02439033_11328-4.png,sketch,2,giraffe,4,horse,0.3816109001636505
sketch/giraffe/n02439033_11328-5.png,sketch,2,giraffe,2,giraffe,0.993101954460144
sketch/giraffe/n02439033_11328-6.png,sketch,2,giraffe,2,giraffe,0.7617151737213135
sketch/giraffe/n02439033_11458-1.png,sketch,2,giraffe,2,giraffe,0.9933568835258484
sketch/giraffe/n02439033_11458-2.png,sketch,2,giraffe,2,giraffe,0.9999986886978149
sketch/giraffe/n02439033_11458-3.png,sketch,2,giraffe,2,giraffe,0.9957219362258911
sketch/giraffe/n02439033_11458-4.png,sketch,2,giraffe,2,giraffe,0.9946869611740112
sketch/giraffe/n02439033_11458-5.png,sketch,2,giraffe,2,giraffe,0.9391357898712158
sketch/giraffe/n02439033_11458-6.png,sketch,2,giraffe,2,giraffe,0.9996127486228943
sketch/giraffe/n02439033_11486-1.png,sketch,2,giraffe,2,giraffe,1.0
sketch/giraffe/n02439033_11486-2.png,sketch,2,giraffe,2,giraffe,0.9611377120018005
sketch/giraffe/n02439033_11486-3.png,sketch,2,giraffe,2,giraffe,0.9994161128997803
sketch/giraffe/n02439033_11486-4.png,sketch,2,giraffe,2,giraffe,0.9932996034622192
sketch/giraffe/n02439033_11486-5.png,sketch,2,giraffe,2,giraffe,0.9999974966049194
sketch/giraffe/n02439033_11487-1.png,sketch,2,giraffe,2,giraffe,0.9899959564208984
sketch/giraffe/n02439033_11487-2.png,sketch,2,giraffe,0,dog,0.9899431467056274
sketch/giraffe/n02439033_11487-3.png,sketch,2,giraffe,2,giraffe,0.9999923706054688
sketch/giraffe/n02439033_11487-4.png,sketch,2,giraffe,2,giraffe,0.8735674619674683
sketch/giraffe/n02439033_11487-5.png,sketch,2,giraffe,2,giraffe,0.9943122863769531
sketch/giraffe/n02439033_11487-6.png,sketch,2,giraffe,2,giraffe,0.9777098894119263
sketch/giraffe/n02439033_11487-7.png,sketch,2,giraffe,2,giraffe,0.8973566293716431
sketch/giraffe/n02439033_11504-1.png,sketch,2,giraffe,4,horse,0.9194300770759583
sketch/giraffe/n02439033_11504-2.png,sketch,2,giraffe,2,giraffe,0.9976422190666199
sketch/giraffe/n02439033_11504-3.png,sketch,2,giraffe,2,giraffe,0.5317350029945374
sketch/giraffe/n02439033_11504-4.png,sketch,2,giraffe,4,horse,0.8049861788749695
sketch/giraffe/n02439033_11504-5.png,sketch,2,giraffe,2,giraffe,0.9914361834526062
sketch/giraffe/n02439033_11504-6.png,sketch,2,giraffe,2,giraffe,0.9775936603546143
sketch/giraffe/n02439033_11504-7.png,sketch,2,giraffe,2,giraffe,0.8653544783592224
sketch/giraffe/n02439033_11599-1.png,sketch,2,giraffe,2,giraffe,0.9993175268173218
sketch/giraffe/n02439033_11599-2.png,sketch,2,giraffe,2,giraffe,0.9996496438980103
sketch/giraffe/n02439033_11599-3.png,sketch,2,giraffe,2,giraffe,0.9975735545158386
sketch/giraffe/n02439033_11599-4.png,sketch,2,giraffe,2,giraffe,0.9443567991256714
sketch/giraffe/n02439033_11599-5.png,sketch,2,giraffe,3,guitar,0.6604273319244385
sketch/giraffe/n02439033_11599-6.png,sketch,2,giraffe,2,giraffe,0.9994648098945618
sketch/giraffe/n02439033_11599-7.png,sketch,2,giraffe,2,giraffe,0.9997475743293762
sketch/giraffe/n02439033_11599-8.png,sketch,2,giraffe,2,giraffe,0.9999451637268066
sketch/giraffe/n02439033_11627-1.png,sketch,2,giraffe,2,giraffe,0.8036229610443115
sketch/giraffe/n02439033_11627-2.png,sketch,2,giraffe,2,giraffe,0.9153090715408325
sketch/giraffe/n02439033_11627-3.png,sketch,2,giraffe,0,dog,0.5222663283348083
sketch/giraffe/n02439033_11627-4.png,sketch,2,giraffe,2,giraffe,0.9762267470359802
sketch/giraffe/n02439033_11627-5.png,sketch,2,giraffe,2,giraffe,0.8258869647979736
sketch/giraffe/n02439033_11627-6.png,sketch,2,giraffe,4,horse,0.9077011942863464
sketch/giraffe/n02439033_11627-7.png,sketch,2,giraffe,0,dog,0.8725783824920654
sketch/giraffe/n02439033_11666-1.png,sketch,2,giraffe,0,dog,0.8902905583381653
sketch/giraffe/n02439033_11666-2.png,sketch,2,giraffe,0,dog,0.8177686929702759
sketch/giraffe/n02439033_11666-3.png,sketch,2,giraffe,0,dog,0.5249132513999939
sketch/giraffe/n02439033_11666-4.png,sketch,2,giraffe,0,dog,0.9771752953529358
sketch/giraffe/n02439033_11666-5.png,sketch,2,giraffe,2,giraffe,0.9842286109924316
sketch/giraffe/n02439033_11666-6.png,sketch,2,giraffe,0,dog,0.6566938161849976
sketch/giraffe/n02439033_11666-7.png,sketch,2,giraffe,0,dog,0.5076352953910828
sketch/giraffe/n02439033_11683-1.png,sketch,2,giraffe,2,giraffe,0.9201019406318665
sketch/giraffe/n02439033_11683-2.png,sketch,2,giraffe,2,giraffe,0.8631980419158936
sketch/giraffe/n02439033_11683-3.png,sketch,2,giraffe,2,giraffe,0.7868289947509766
sketch/giraffe/n02439033_11683-4.png,sketch,2,giraffe,2,giraffe,0.9191020131111145
sketch/giraffe/n02439033_11683-5.png,sketch,2,giraffe,2,giraffe,0.5445156097412109
sketch/giraffe/n02439033_11683-6.png,sketch,2,giraffe,2,giraffe,0.9982497096061707
sketch/giraffe/n02439033_11683-7.png,sketch,2,giraffe,2,giraffe,0.5501410961151123
sketch/giraffe/n02439033_11715-1.png,sketch,2,giraffe,2,giraffe,0.8056799173355103
sketch/giraffe/n02439033_11715-2.png,sketch,2,giraffe,2,giraffe,0.9884903430938721
sketch/giraffe/n02439033_11715-3.png,sketch,2,giraffe,2,giraffe,0.9999996423721313
sketch/giraffe/n02439033_11715-4.png,sketch,2,giraffe,2,giraffe,0.9999946355819702
sketch/giraffe/n02439033_11715-5.png,sketch,2,giraffe,2,giraffe,0.9847365021705627
sketch/giraffe/n02439033_11715-6.png,sketch,2,giraffe,2,giraffe,0.9863515496253967
sketch/giraffe/n02439033_11845-1.png,sketch,2,giraffe,2,giraffe,0.38110604882240295
sketch/giraffe/n02439033_11845-10.png,sketch,2,giraffe,2,giraffe,0.9694252014160156
sketch/giraffe/n02439033_11845-2.png,sketch,2,giraffe,2,giraffe,0.9799884557723999
sketch/giraffe/n02439033_11845-3.png,sketch,2,giraffe,2,giraffe,0.8669314980506897
sketch/giraffe/n02439033_11845-4.png,sketch,2,giraffe,0,dog,0.5375873446464539
sketch/giraffe/n02439033_11845-5.png,sketch,2,giraffe,2,giraffe,0.9941233992576599
sketch/giraffe/n02439033_11845-6.png,sketch,2,giraffe,0,dog,0.9168352484703064
sketch/giraffe/n02439033_11845-7.png,sketch,2,giraffe,2,giraffe,0.9187088012695312
sketch/giraffe/n02439033_11845-8.png,sketch,2,giraffe,2,giraffe,0.897087037563324
sketch/giraffe/n02439033_11845-9.png,sketch,2,giraffe,2,giraffe,0.7730804681777954
sketch/giraffe/n02439033_11894-1.png,sketch,2,giraffe,2,giraffe,0.9666741490364075
sketch/giraffe/n02439033_11894-2.png,sketch,2,giraffe,2,giraffe,0.9994028806686401
sketch/giraffe/n02439033_11894-3.png,sketch,2,giraffe,2,giraffe,0.9771501421928406
sketch/giraffe/n02439033_11894-4.png,sketch,2,giraffe,2,giraffe,0.9863802790641785
sketch/giraffe/n02439033_11894-5.png,sketch,2,giraffe,3,guitar,0.6698631644248962
sketch/giraffe/n02439033_11894-6.png,sketch,2,giraffe,2,giraffe,0.9349620938301086
sketch/giraffe/n02439033_11894-7.png,sketch,2,giraffe,2,giraffe,0.9431028962135315
sketch/giraffe/n02439033_11894-8.png,sketch,2,giraffe,0,dog,0.8709622025489807
sketch/giraffe/n02439033_11894-9.png,sketch,2,giraffe,2,giraffe,0.9503850936889648
sketch/giraffe/n02439033_12059-1.png,sketch,2,giraffe,2,giraffe,0.9693350195884705
sketch/giraffe/n02439033_12059-2.png,sketch,2,giraffe,2,giraffe,0.9975157976150513
sketch/giraffe/n02439033_12059-3.png,sketch,2,giraffe,2,giraffe,0.9598671197891235
sketch/giraffe/n02439033_12059-4.png,sketch,2,giraffe,2,giraffe,0.9999986886978149
sketch/giraffe/n02439033_12059-5.png,sketch,2,giraffe,2,giraffe,0.9858808517456055
sketch/giraffe/n02439033_12413-1.png,sketch,2,giraffe,2,giraffe,0.9402922987937927
sketch/giraffe/n02439033_12413-2.png,sketch,2,giraffe,2,giraffe,0.9971024394035339
sketch/giraffe/n02439033_12413-3.png,sketch,2,giraffe,2,giraffe,0.986944854259491
sketch/giraffe/n02439033_12413-4.png,sketch,2,giraffe,2,giraffe,0.8864569067955017
sketch/giraffe/n02439033_12413-5.png,sketch,2,giraffe,2,giraffe,0.9909231066703796
sketch/giraffe/n02439033_12413-6.png,sketch,2,giraffe,2,giraffe,0.9997406601905823
sketch/giraffe/n02439033_12413-7.png,sketch,2,giraffe,2,giraffe,0.9969140291213989
sketch/giraffe/n02439033_12485-1.png,sketch,2,giraffe,2,giraffe,0.9990057349205017
sketch/giraffe/n02439033_12485-2.png,sketch,2,giraffe,0,dog,0.5275360345840454
sketch/giraffe/n02439033_12485-3.png,sketch,2,giraffe,0,dog,0.8474579453468323
sketch/giraffe/n02439033_12485-4.png,sketch,2,giraffe,2,giraffe,0.6370217800140381
sketch/giraffe/n02439033_12485-5.png,sketch,2,giraffe,0,dog,0.7492290735244751
sketch/giraffe/n02439033_12485-6.png,sketch,2,giraffe,0,dog,0.880932629108429
sketch/giraffe/n02439033_12680-1.png,sketch,2,giraffe,2,giraffe,0.998994767665863
sketch/giraffe/n02439033_12680-2.png,sketch,2,giraffe,2,giraffe,0.9626941680908203
sketch/giraffe/n02439033_12680-3.png,sketch,2,giraffe,2,giraffe,0.9987340569496155
sketch/giraffe/n02439033_12680-4.png,sketch,2,giraffe,2,giraffe,0.9753252863883972
sketch/giraffe/n02439033_12680-5.png,sketch,2,giraffe,2,giraffe,0.9982033967971802
sketch/giraffe/n02439033_12930-1.png,sketch,2,giraffe,2,giraffe,0.853489339351654
sketch/giraffe/n02439033_12930-2.png,sketch,2,giraffe,4,horse,0.762075662612915
sketch/giraffe/n02439033_12930-3.png,sketch,2,giraffe,2,giraffe,0.9933979511260986
sketch/giraffe/n02439033_12930-4.png,sketch,2,giraffe,2,giraffe,0.7938275337219238
sketch/giraffe/n02439033_12930-5.png,sketch,2,giraffe,2,giraffe,0.9999825954437256
sketch/giraffe/n02439033_12939-1.png,sketch,2,giraffe,2,giraffe,0.9978832602500916
sketch/giraffe/n02439033_12939-2.png,sketch,2,giraffe,2,giraffe,0.9791063070297241
sketch/giraffe/n02439033_12939-3.png,sketch,2,giraffe,2,giraffe,0.9945493340492249
sketch/giraffe/n02439033_12939-4.png,sketch,2,giraffe,2,giraffe,1.0
sketch/giraffe/n02439033_12939-5.png,sketch,2,giraffe,2,giraffe,0.9952903985977173
sketch/giraffe/n02439033_12939-6.png,sketch,2,giraffe,2,giraffe,0.9967111349105835
sketch/giraffe/n02439033_12939-7.png,sketch,2,giraffe,2,giraffe,0.990128219127655
sketch/giraffe/n02439033_12939-8.png,sketch,2,giraffe,2,giraffe,0.9999958276748657
sketch/giraffe/n02439033_12987-1.png,sketch,2,giraffe,2,giraffe,0.9719861745834351
sketch/giraffe/n02439033_12987-2.png,sketch,2,giraffe,2,giraffe,0.930488109588623
sketch/giraffe/n02439033_12987-3.png,sketch,2,giraffe,2,giraffe,0.9904800057411194
sketch/giraffe/n02439033_12987-4.png,sketch,2,giraffe,2,giraffe,0.49742215871810913
sketch/giraffe/n02439033_12987-5.png,sketch,2,giraffe,2,giraffe,0.8291947841644287
sketch/giraffe/n02439033_12987-6.png,sketch,2,giraffe,2,giraffe,0.8686488270759583
sketch/giraffe/n02439033_13236-1.png,sketch,2,giraffe,0,dog,0.4203585386276245
sketch/giraffe/n02439033_13236-2.png,sketch,2,giraffe,0,dog,0.6200302839279175
sketch/giraffe/n02439033_13236-3.png,sketch,2,giraffe,3,guitar,0.7102873921394348
sketch/giraffe/n02439033_13236-4.png,sketch,2,giraffe,4,horse,0.4517672657966614
sketch/giraffe/n02439033_13236-5.png,sketch,2,giraffe,4,horse,0.8151686787605286
sketch/giraffe/n02439033_13236-6.png,sketch,2,giraffe,4,horse,0.858012855052948
sketch/giraffe/n02439033_1327-1.png,sketch,2,giraffe,0,dog,0.5708977580070496
sketch/giraffe/n02439033_1327-2.png,sketch,2,giraffe,0,dog,0.6266436576843262
sketch/giraffe/n02439033_1327-3.png,sketch,2,giraffe,2,giraffe,0.9053734540939331
sketch/giraffe/n02439033_1327-4.png,sketch,2,giraffe,0,dog,0.5259780287742615
sketch/giraffe/n02439033_1327-5.png,sketch,2,giraffe,2,giraffe,0.999858021736145
sketch/giraffe/n02439033_13384-1.png,sketch,2,giraffe,2,giraffe,0.78546142578125
sketch/giraffe/n02439033_13384-2.png,sketch,2,giraffe,0,dog,0.7598494291305542
sketch/giraffe/n02439033_13384-3.png,sketch,2,giraffe,4,horse,0.5704214572906494
sketch/giraffe/n02439033_13384-4.png,sketch,2,giraffe,2,giraffe,0.9565557241439819
sketch/giraffe/n02439033_13384-5.png,sketch,2,giraffe,2,giraffe,1.0
sketch/giraffe/n02439033_13384-6.png,sketch,2,giraffe,2,giraffe,0.9998613595962524
sketch/giraffe/n02439033_13430-1.png,sketch,2,giraffe,2,giraffe,0.9999970197677612
sketch/giraffe/n02439033_13430-2.png,sketch,2,giraffe,2,giraffe,0.9010693430900574
sketch/giraffe/n02439033_13430-3.png,sketch,2,giraffe,2,giraffe,0.9967729449272156
sketch/giraffe/n02439033_13430-4.png,sketch,2,giraffe,2,giraffe,0.9999740123748779
sketch/giraffe/n02439033_13430-5.png,sketch,2,giraffe,2,giraffe,0.9995869994163513
sketch/giraffe/n02439033_13602-1.png,sketch,2,giraffe,2,giraffe,0.9992157220840454
sketch/giraffe/n02439033_13602-2.png,sketch,2,giraffe,2,giraffe,0.8079367876052856
sketch/giraffe/n02439033_13602-3.png,sketch,2,giraffe,2,giraffe,0.8718781471252441
sketch/giraffe/n02439033_13602-4.png,sketch,2,giraffe,2,giraffe,0.9989676475524902
sketch/giraffe/n02439033_13602-5.png,sketch,2,giraffe,2,giraffe,0.593517541885376
sketch/giraffe/n02439033_13602-6.png,sketch,2,giraffe,2,giraffe,0.9997921586036682
sketch/giraffe/n02439033_13602-7.png,sketch,2,giraffe,2,giraffe,0.5508579015731812
sketch/giraffe/n02439033_13868-1.png,sketch,2,giraffe,2,giraffe,0.8819684982299805
sketch/giraffe/n02439033_13868-2.png,sketch,2,giraffe,2,giraffe,0.9638383388519287
sketch/giraffe/n02439033_13868-3.png,sketch,2,giraffe,4,horse,0.9861663579940796
sketch/giraffe/n02439033_13868-4.png,sketch,2,giraffe,2,giraffe,0.9940304160118103
sketch/giraffe/n02439033_13868-5.png,sketch,2,giraffe,2,giraffe,0.4135315716266632
sketch/giraffe/n02439033_13868-6.png,sketch,2,giraffe,4,horse,0.7483435869216919
sketch/giraffe/n02439033_13868-7.png,sketch,2,giraffe,4,horse,0.5529747605323792
sketch/giraffe/n02439033_14040-1.png,sketch,2,giraffe,3,guitar,0.5661633014678955
sketch/giraffe/n02439033_14040-2.png,sketch,2,giraffe,2,giraffe,0.8369157910346985
sketch/giraffe/n02439033_14040-3.png,sketch,2,giraffe,0,dog,0.9500471949577332
sketch/giraffe/n02439033_14040-4.png,sketch,2,giraffe,2,giraffe,0.8004514575004578
sketch/giraffe/n02439033_14040-5.png,sketch,2,giraffe,0,dog,0.8602744340896606
sketch/giraffe/n02439033_14040-6.png,sketch,2,giraffe,4,horse,0.8761725425720215
sketch/giraffe/n02439033_14060-1.png,sketch,2,giraffe,2,giraffe,0.9555721879005432
sketch/giraffe/n02439033_14060-2.png,sketch,2,giraffe,2,giraffe,0.9956651329994202
sketch/giraffe/n02439033_14060-3.png,sketch,2,giraffe,2,giraffe,0.8567747473716736
sketch/giraffe/n02439033_14060-4.png,sketch,2,giraffe,2,giraffe,0.9999990463256836
sketch/giraffe/n02439033_14060-5.png,sketch,2,giraffe,2,giraffe,0.9999914169311523
sketch/giraffe/n02439033_14060-6.png,sketch,2,giraffe,2,giraffe,0.9555897116661072
sketch/giraffe/n02439033_14060-7.png,sketch,2,giraffe,2,giraffe,0.9405427575111389
sketch/giraffe/n02439033_14060-8.png,sketch,2,giraffe,2,giraffe,0.975918710231781
sketch/giraffe/n02439033_14121-1.png,sketch,2,giraffe,2,giraffe,0.9899590611457825
sketch/giraffe/n02439033_14121-10.png,sketch,2,giraffe,2,giraffe,0.9999996423721313
sketch/giraffe/n02439033_14121-2.png,sketch,2,giraffe,2,giraffe,0.8484893441200256
sketch/giraffe/n02439033_14121-3.png,sketch,2,giraffe,2,giraffe,0.9958454966545105
sketch/giraffe/n02439033_14121-4.png,sketch,2,giraffe,2,giraffe,0.9999909400939941
sketch/giraffe/n02439033_14121-5.png,sketch,2,giraffe,2,giraffe,0.9305486083030701
sketch/giraffe/n02439033_14121-6.png,sketch,2,giraffe,2,giraffe,0.999980092048645
sketch/giraffe/n02439033_14121-7.png,sketch,2,giraffe,2,giraffe,0.5099358558654785
sketch/giraffe/n02439033_14121-8.png,sketch,2,giraffe,2,giraffe,0.9904770851135254
sketch/giraffe/n02439033_14121-9.png,sketch,2,giraffe,2,giraffe,0.9999277591705322
sketch/giraffe/n02439033_14148-1.png,sketch,2,giraffe,2,giraffe,0.9998449087142944
sketch/giraffe/n02439033_14148-10.png,sketch,2,giraffe,2,giraffe,0.9988743662834167
sketch/giraffe/n02439033_14148-2.png,sketch,2,giraffe,2,giraffe,0.7129551768302917
sketch/giraffe/n02439033_14148-3.png,sketch,2,giraffe,2,giraffe,0.9957767128944397
sketch/giraffe/n02439033_14148-4.png,sketch,2,giraffe,2,giraffe,0.9999337196350098
sketch/giraffe/n02439033_14148-5.png,sketch,2,giraffe,2,giraffe,0.9990918636322021
sketch/giraffe/n02439033_14148-6.png,sketch,2,giraffe,2,giraffe,0.8905825614929199
sketch/giraffe/n02439033_14148-7.png,sketch,2,giraffe,2,giraffe,0.8799456357955933
sketch/giraffe/n02439033_14148-8.png,sketch,2,giraffe,4,horse,0.9839247465133667
sketch/giraffe/n02439033_14148-9.png,sketch,2,giraffe,2,giraffe,0.999992847442627
sketch/giraffe/n02439033_14184-1.png,sketch,2,giraffe,2,giraffe,0.9878151416778564
sketch/giraffe/n02439033_14184-2.png,sketch,2,giraffe,2,giraffe,0.9272781610488892
sketch/giraffe/n02439033_14184-3.png,sketch,2,giraffe,0,dog,0.6348246335983276
sketch/giraffe/n02439033_14184-4.png,sketch,2,giraffe,2,giraffe,0.9954264760017395
sketch/giraffe/n02439033_14184-5.png,sketch,2,giraffe,2,giraffe,0.9554393291473389
sketch/giraffe/n02439033_14322-1.png,sketch,2,giraffe,3,guitar,0.9538205862045288
sketch/giraffe/n02439033_14322-2.png,sketch,2,giraffe,0,dog,0.9201919436454773
sketch/giraffe/n02439033_14322-3.png,sketch,2,giraffe,2,giraffe,0.9604512453079224
sketch/giraffe/n02439033_14322-4.png,sketch,2,giraffe,2,giraffe,0.8295883536338806
sketch/giraffe/n02439033_14322-5.png,sketch,2,giraffe,0,dog,0.6730998158454895
sketch/giraffe/n02439033_14497-1.png,sketch,2,giraffe,2,giraffe,0.9872501492500305
sketch/giraffe/n02439033_14497-2.png,sketch,2,giraffe,2,giraffe,0.9938762784004211
sketch/giraffe/n02439033_14497-3.png,sketch,2,giraffe,2,giraffe,0.8239802718162537
sketch/giraffe/n02439033_14497-4.png,sketch,2,giraffe,2,giraffe,0.9998558759689331
sketch/giraffe/n02439033_14497-5.png,sketch,2,giraffe,2,giraffe,0.9998315572738647
sketch/giraffe/n02439033_14497-6.png,sketch,2,giraffe,2,giraffe,0.9988687634468079
sketch/giraffe/n02439033_14554-1.png,sketch,2,giraffe,2,giraffe,0.9978060126304626
sketch/giraffe/n02439033_14554-2.png,sketch,2,giraffe,2,giraffe,1.0
sketch/giraffe/n02439033_14554-3.png,sketch,2,giraffe,2,giraffe,0.8131707310676575
sketch/giraffe/n02439033_14554-4.png,sketch,2,giraffe,2,giraffe,0.9962592124938965
sketch/giraffe/n02439033_14554-5.png,sketch,2,giraffe,4,horse,0.7040003538131714
sketch/giraffe/n02439033_14554-6.png,sketch,2,giraffe,2,giraffe,0.9996386766433716
sketch/giraffe/n02439033_14554-7.png,sketch,2,giraffe,2,giraffe,0.8353215456008911
sketch/giraffe/n02439033_14554-8.png,sketch,2,giraffe,2,giraffe,0.9999920129776001
sketch/giraffe/n02439033_14554-9.png,sketch,2,giraffe,2,giraffe,0.9063354134559631
sketch/giraffe/n02439033_14580-1.png,sketch,2,giraffe,2,giraffe,0.9981649518013
sketch/giraffe/n02439033_14580-10.png,sketch,2,giraffe,4,horse,0.3713974356651306
sketch/giraffe/n02439033_14580-2.png,sketch,2,giraffe,2,giraffe,0.99607914686203
sketch/giraffe/n02439033_14580-3.png,sketch,2,giraffe,2,giraffe,0.9595034718513489
sketch/giraffe/n02439033_14580-4.png,sketch,2,giraffe,2,giraffe,0.5205158591270447
sketch/giraffe/n02439033_14580-5.png,sketch,2,giraffe,2,giraffe,0.9999921321868896
sketch/giraffe/n02439033_14580-6.png,sketch,2,giraffe,2,giraffe,0.48324301838874817
sketch/giraffe/n02439033_14580-7.png,sketch,2,giraffe,2,giraffe,0.999994158744812
sketch/giraffe/n02439033_14580-8.png,sketch,2,giraffe,2,giraffe,0.826050877571106
sketch/giraffe/n02439033_14580-9.png,sketch,2,giraffe,2,giraffe,0.9491258859634399
sketch/giraffe/n02439033_14600-1.png,sketch,2,giraffe,0,dog,0.35801658034324646
sketch/giraffe/n02439033_14600-2.png,sketch,2,giraffe,1,elephant,0.5360618829727173
sketch/giraffe/n02439033_14600-3.png,sketch,2,giraffe,0,dog,0.9040184617042542
sketch/giraffe/n02439033_14600-4.png,sketch,2,giraffe,2,giraffe,0.4238918721675873
sketch/giraffe/n02439033_14600-5.png,sketch,2,giraffe,4,horse,0.9448607563972473
sketch/giraffe/n02439033_14600-6.png,sketch,2,giraffe,4,horse,0.8002139329910278
sketch/giraffe/n02439033_14600-7.png,sketch,2,giraffe,2,giraffe,0.9511252641677856
sketch/giraffe/n02439033_14600-8.png,sketch,2,giraffe,4,horse,0.6054863929748535
sketch/giraffe/n02439033_14600-9.png,sketch,2,giraffe,4,horse,0.5686808228492737
sketch/giraffe/n02439033_14609-1.png,sketch,2,giraffe,0,dog,0.9434691667556763
sketch/giraffe/n02439033_14609-2.png,sketch,2,giraffe,1,elephant,0.7825538516044617
sketch/giraffe/n02439033_14609-3.png,sketch,2,giraffe,0,dog,0.388140469789505
sketch/giraffe/n02439033_14609-4.png,sketch,2,giraffe,0,dog,0.8247154355049133
sketch/giraffe/n02439033_14609-5.png,sketch,2,giraffe,2,giraffe,0.5709089040756226
sketch/giraffe/n02439033_14609-6.png,sketch,2,giraffe,0,dog,0.46286576986312866
sketch/giraffe/n02439033_14724-1.png,sketch,2,giraffe,2,giraffe,0.9981555342674255
sketch/giraffe/n02439033_14724-2.png,sketch,2,giraffe,2,giraffe,0.6651594638824463
sketch/giraffe/n02439033_14724-3.png,sketch,2,giraffe,3,guitar,0.8392308354377747
sketch/giraffe/n02439033_14724-4.png,sketch,2,giraffe,2,giraffe,0.9962616562843323
sketch/giraffe/n02439033_14724-5.png,sketch,2,giraffe,2,giraffe,0.9994146823883057
sketch/giraffe/n02439033_14764-1.png,sketch,2,giraffe,2,giraffe,0.9863408803939819
sketch/giraffe/n02439033_14764-2.png,sketch,2,giraffe,2,giraffe,0.999060332775116
sketch/giraffe/n02439033_14764-3.png,sketch,2,giraffe,2,giraffe,0.9970585107803345
sketch/giraffe/n02439033_14764-4.png,sketch,2,giraffe,2,giraffe,0.9679853916168213
sketch/giraffe/n02439033_14764-5.png,sketch,2,giraffe,2,giraffe,0.9999374151229858
sketch/giraffe/n02439033_14781-1.png,sketch,2,giraffe,2,giraffe,0.9868525862693787
sketch/giraffe/n02439033_14781-2.png,sketch,2,giraffe,2,giraffe,0.5772889852523804
sketch/giraffe/n02439033_14781-3.png,sketch,2,giraffe,2,giraffe,0.8899309039115906
sketch/giraffe/n02439033_14781-4.png,sketch,2,giraffe,2,giraffe,0.9534519910812378
sketch/giraffe/n02439033_14781-5.png,sketch,2,giraffe,2,giraffe,0.9966461062431335
sketch/giraffe/n02439033_14781-6.png,sketch,2,giraffe,2,giraffe,0.9491726756095886
sketch/giraffe/n02439033_14781-7.png,sketch,2,giraffe,2,giraffe,0.9707090854644775
sketch/giraffe/n02439033_14781-8.png,sketch,2,giraffe,2,giraffe,0.9498416185379028
sketch/giraffe/n02439033_14784-1.png,sketch,2,giraffe,2,giraffe,0.7022701501846313
sketch/giraffe/n02439033_14784-2.png,sketch,2,giraffe,0,dog,0.7359293699264526
sketch/giraffe/n02439033_14784-3.png,sketch,2,giraffe,4,horse,0.6486794948577881
sketch/giraffe/n02439033_14784-4.png,sketch,2,giraffe,2,giraffe,0.6881135702133179
sketch/giraffe/n02439033_14784-5.png,sketch,2,giraffe,2,giraffe,0.8322559595108032
sketch/giraffe/n02439033_14784-6.png,sketch,2,giraffe,0,dog,0.6383591294288635
sketch/giraffe/n02439033_14846-1.png,sketch,2,giraffe,2,giraffe,0.9124652743339539
sketch/giraffe/n02439033_14846-2.png,sketch,2,giraffe,2,giraffe,0.9972521662712097
sketch/giraffe/n02439033_14846-3.png,sketch,2,giraffe,2,giraffe,0.999416708946228
sketch/giraffe/n02439033_14846-4.png,sketch,2,giraffe,2,giraffe,0.9999998807907104
sketch/giraffe/n02439033_14846-5.png,sketch,2,giraffe,2,giraffe,0.9951992630958557
sketch/giraffe/n02439033_14846-6.png,sketch,2,giraffe,2,giraffe,0.999962329864502
sketch/giraffe/n02439033_14846-7.png,sketch,2,giraffe,2,giraffe,0.9999996423721313
sketch/giraffe/n02439033_14846-8.png,sketch,2,giraffe,2,giraffe,1.0
sketch/giraffe/n02439033_14872-1.png,sketch,2,giraffe,2,giraffe,0.9986075758934021
sketch/giraffe/n02439033_14872-2.png,sketch,2,giraffe,2,giraffe,0.9967443943023682
sketch/giraffe/n02439033_14872-3.png,sketch,2,giraffe,2,giraffe,0.9978342652320862
sketch/giraffe/n02439033_14872-4.png,sketch,2,giraffe,2,giraffe,0.9995242357254028
sketch/giraffe/n02439033_14872-5.png,sketch,2,giraffe,2,giraffe,0.9722251892089844
sketch/giraffe/n02439033_14872-6.png,sketch,2,giraffe,2,giraffe,0.9998500347137451
sketch/giraffe/n02439033_14885-1.png,sketch,2,giraffe,2,giraffe,0.9222916960716248
sketch/giraffe/n02439033_14885-2.png,sketch,2,giraffe,2,giraffe,0.57375168800354
sketch/giraffe/n02439033_14885-3.png,sketch,2,giraffe,4,horse,0.631643533706665
sketch/giraffe/n02439033_14885-4.png,sketch,2,giraffe,2,giraffe,0.6162576079368591
sketch/giraffe/n02439033_14885-5.png,sketch,2,giraffe,2,giraffe,0.9603235721588135
sketch/giraffe/n02439033_14962-1.png,sketch,2,giraffe,0,dog,0.7440040111541748
sketch/giraffe/n02439033_14962-2.png,sketch,2,giraffe,4,horse,0.933617889881134
sketch/giraffe/n02439033_14962-3.png,sketch,2,giraffe,0,dog,0.5113363265991211
sketch/giraffe/n02439033_14962-4.png,sketch,2,giraffe,2,giraffe,0.9558171629905701
sketch/giraffe/n02439033_14962-5.png,sketch,2,giraffe,0,dog,0.546800971031189
sketch/giraffe/n02439033_14962-6.png,sketch,2,giraffe,2,giraffe,0.9281850457191467
sketch/giraffe/n02439033_14962-7.png,sketch,2,giraffe,0,dog,0.8750225305557251
sketch/giraffe/n02439033_15005-1.png,sketch,2,giraffe,2,giraffe,0.9998704195022583
sketch/giraffe/n02439033_15005-10.png,sketch,2,giraffe,2,giraffe,0.7125610113143921
sketch/giraffe/n02439033_15005-2.png,sketch,2,giraffe,2,giraffe,0.6141368746757507
sketch/giraffe/n02439033_15005-3.png,sketch,2,giraffe,0,dog,0.6767913103103638
sketch/giraffe/n02439033_15005-4.png,sketch,2,giraffe,2,giraffe,0.8771809935569763
sketch/giraffe/n02439033_15005-5.png,sketch,2,giraffe,2,giraffe,0.9999432563781738
sketch/giraffe/n02439033_15005-6.png,sketch,2,giraffe,2,giraffe,0.9654626846313477
sketch/giraffe/n02439033_15005-7.png,sketch,2,giraffe,2,giraffe,0.9993211030960083
sketch/giraffe/n02439033_15005-8.png,sketch,2,giraffe,2,giraffe,0.9999997615814209
sketch/giraffe/n02439033_15005-9.png,sketch,2,giraffe,2,giraffe,0.8579877614974976
sketch/giraffe/n02439033_1508-1.png,sketch,2,giraffe,2,giraffe,0.9999992847442627
sketch/giraffe/n02439033_1508-2.png,sketch,2,giraffe,2,giraffe,0.9811639189720154
sketch/giraffe/n02439033_1508-3.png,sketch,2,giraffe,2,giraffe,0.9967970252037048
sketch/giraffe/n02439033_1508-4.png,sketch,2,giraffe,2,giraffe,0.8958548307418823
sketch/giraffe/n02439033_1508-5.png,sketch,2,giraffe,2,giraffe,0.9931214451789856
sketch/giraffe/n02439033_1508-6.png,sketch,2,giraffe,2,giraffe,0.9999552965164185
sketch/giraffe/n02439033_1508-7.png,sketch,2,giraffe,2,giraffe,0.9998679161071777
sketch/giraffe/n02439033_1508-8.png,sketch,2,giraffe,2,giraffe,0.9945172667503357
sketch/giraffe/n02439033_1508-9.png,sketch,2,giraffe,2,giraffe,0.9080188870429993
sketch/giraffe/n02439033_15384-1.png,sketch,2,giraffe,4,horse,0.8807567358016968
sketch/giraffe/n02439033_15384-2.png,sketch,2,giraffe,2,giraffe,0.9821420907974243
sketch/giraffe/n02439033_15384-3.png,sketch,2,giraffe,2,giraffe,0.9186016917228699
sketch/giraffe/n02439033_15384-4.png,sketch,2,giraffe,2,giraffe,0.5690883994102478
sketch/giraffe/n02439033_15384-5.png,sketch,2,giraffe,2,giraffe,0.993006706237793
sketch/giraffe/n02439033_15401-1.png,sketch,2,giraffe,2,giraffe,0.9829092025756836
sketch/giraffe/n02439033_15401-2.png,sketch,2,giraffe,2,giraffe,0.9904354810714722
sketch/giraffe/n02439033_15401-3.png,sketch,2,giraffe,4,horse,0.564521849155426
sketch/giraffe/n02439033_15401-4.png,sketch,2,giraffe,2,giraffe,0.977409839630127
sketch/giraffe/n02439033_15401-5.png,sketch,2,giraffe,3,guitar,0.9984530210494995
sketch/giraffe/n02439033_15453-1.png,sketch,2,giraffe,2,giraffe,0.6686400175094604
sketch/giraffe/n02439033_15453-2.png,sketch,2,giraffe,2,giraffe,0.8814446330070496
sketch/giraffe/n02439033_15453-3.png,sketch,2,giraffe,2,giraffe,0.8523228764533997
sketch/giraffe/n02439033_15453-4.png,sketch,2,giraffe,2,giraffe,0.9969391822814941
sketch/giraffe/n02439033_15453-5.png,sketch,2,giraffe,0,dog,0.6952417492866516
sketch/giraffe/n02439033_15453-6.png,sketch,2,giraffe,2,giraffe,0.9259831309318542
sketch/giraffe/n02439033_15453-7.png,sketch,2,giraffe,2,giraffe,0.9937273263931274
sketch/giraffe/n02439033_15453-8.png,sketch,2,giraffe,2,giraffe,0.9999948740005493
sketch/giraffe/n02439033_15453-9.png,sketch,2,giraffe,2,giraffe,0.9998613595962524
sketch/giraffe/n02439033_15479-1.png,sketch,2,giraffe,2,giraffe,0.9853644967079163
sketch/giraffe/n02439033_15479-2.png,sketch,2,giraffe,2,giraffe,0.9994491934776306
sketch/giraffe/n02439033_15479-3.png,sketch,2,giraffe,2,giraffe,0.9999172687530518
sketch/giraffe/n02439033_15479-4.png,sketch,2,giraffe,2,giraffe,0.9999550580978394
sketch/giraffe/n02439033_15479-5.png,sketch,2,giraffe,2,giraffe,0.9991544485092163
sketch/giraffe/n02439033_15479-6.png,sketch,2,giraffe,2,giraffe,0.9999086856842041
sketch/giraffe/n02439033_15479-7.png,sketch,2,giraffe,2,giraffe,0.999993085861206
sketch/giraffe/n02439033_15540-1.png,sketch,2,giraffe,2,giraffe,0.9829279780387878
sketch/giraffe/n02439033_15540-2.png,sketch,2,giraffe,2,giraffe,0.9962336421012878
sketch/giraffe/n02439033_15540-3.png,sketch,2,giraffe,2,giraffe,0.9999768733978271
sketch/giraffe/n02439033_15540-4.png,sketch,2,giraffe,2,giraffe,0.9470572471618652
sketch/giraffe/n02439033_15540-5.png,sketch,2,giraffe,2,giraffe,0.9923219084739685
sketch/giraffe/n02439033_15540-6.png,sketch,2,giraffe,2,giraffe,0.9839596152305603
sketch/giraffe/n02439033_15555-1.png,sketch,2,giraffe,2,giraffe,0.8712442517280579
sketch/giraffe/n02439033_15555-2.png,sketch,2,giraffe,2,giraffe,0.9999864101409912
sketch/giraffe/n02439033_15555-3.png,sketch,2,giraffe,2,giraffe,0.9994770884513855
sketch/giraffe/n02439033_15555-4.png,sketch,2,giraffe,2,giraffe,0.9709985852241516
sketch/giraffe/n02439033_15555-5.png,sketch,2,giraffe,2,giraffe,0.9998724460601807
sketch/giraffe/n02439033_15936-1.png,sketch,2,giraffe,2,giraffe,0.977207601070404
sketch/giraffe/n02439033_15936-2.png,sketch,2,giraffe,2,giraffe,0.9908077120780945
sketch/giraffe/n02439033_15936-3.png,sketch,2,giraffe,2,giraffe,0.7168349027633667
sketch/giraffe/n02439033_15936-4.png,sketch,2,giraffe,2,giraffe,0.9995688796043396
sketch/giraffe/n02439033_15936-5.png,sketch,2,giraffe,2,giraffe,0.9894469976425171
sketch/giraffe/n02439033_15936-6.png,sketch,2,giraffe,2,giraffe,0.9338867664337158
sketch/giraffe/n02439033_15936-7.png,sketch,2,giraffe,2,giraffe,0.9999947547912598
sketch/giraffe/n02439033_16085-1.png,sketch,2,giraffe,2,giraffe,0.9899638295173645
sketch/giraffe/n02439033_16085-2.png,sketch,2,giraffe,2,giraffe,0.9435805082321167
sketch/giraffe/n02439033_16085-3.png,sketch,2,giraffe,2,giraffe,0.9982325434684753
sketch/giraffe/n02439033_16085-4.png,sketch,2,giraffe,2,giraffe,0.998433530330658
sketch/giraffe/n02439033_16085-5.png,sketch,2,giraffe,2,giraffe,0.9487384557723999
sketch/giraffe/n02439033_16356-1.png,sketch,2,giraffe,2,giraffe,0.9260057210922241
sketch/giraffe/n02439033_16356-2.png,sketch,2,giraffe,2,giraffe,0.9974544644355774
sketch/giraffe/n02439033_16356-3.png,sketch,2,giraffe,2,giraffe,0.9999910593032837
sketch/giraffe/n02439033_16356-4.png,sketch,2,giraffe,2,giraffe,0.9007334113121033
sketch/giraffe/n02439033_16356-5.png,sketch,2,giraffe,2,giraffe,0.9691686034202576
sketch/giraffe/n02439033_16483-1.png,sketch,2,giraffe,2,giraffe,0.9999978542327881
sketch/giraffe/n02439033_16483-2.png,sketch,2,giraffe,2,giraffe,0.8818840384483337
sketch/giraffe/n02439033_16483-3.png,sketch,2,giraffe,2,giraffe,0.9961560368537903
sketch/giraffe/n02439033_16483-4.png,sketch,2,giraffe,2,giraffe,0.9726393818855286
sketch/giraffe/n02439033_16483-5.png,sketch,2,giraffe,2,giraffe,0.999998927116394
sketch/giraffe/n02439033_16483-6.png,sketch,2,giraffe,2,giraffe,0.9200783371925354
sketch/giraffe/n02439033_221-1.png,sketch,2,giraffe,2,giraffe,0.5260024666786194
sketch/giraffe/n02439033_221-2.png,sketch,2,giraffe,2,giraffe,0.9238972067832947
sketch/giraffe/n02439033_221-3.png,sketch,2,giraffe,2,giraffe,0.9999963045120239
sketch/giraffe/n02439033_221-4.png,sketch,2,giraffe,2,giraffe,0.9999516010284424
sketch/giraffe/n02439033_221-5.png,sketch,2,giraffe,2,giraffe,0.8128046989440918
sketch/giraffe/n02439033_221-6.png,sketch,2,giraffe,2,giraffe,0.9992349147796631
sketch/giraffe/n02439033_2486-1.png,sketch,2,giraffe,2,giraffe,0.9862456321716309
sketch/giraffe/n02439033_2486-2.png,sketch,2,giraffe,2,giraffe,0.972285270690918
sketch/giraffe/n02439033_2486-3.png,sketch,2,giraffe,2,giraffe,0.9959558844566345
sketch/giraffe/n02439033_2486-4.png,sketch,2,giraffe,2,giraffe,0.9991549253463745
sketch/giraffe/n02439033_2486-5.png,sketch,2,giraffe,2,giraffe,0.9771807193756104
sketch/giraffe/n02439033_2486-6.png,sketch,2,giraffe,2,giraffe,0.9170349836349487
sketch/giraffe/n02439033_2500-1.png,sketch,2,giraffe,2,giraffe,0.9365195631980896
sketch/giraffe/n02439033_2500-2.png,sketch,2,giraffe,2,giraffe,0.9796739220619202
sketch/giraffe/n02439033_2500-3.png,sketch,2,giraffe,2,giraffe,0.9985978007316589
sketch/giraffe/n02439033_2500-4.png,sketch,2,giraffe,2,giraffe,0.9880084991455078
sketch/giraffe/n02439033_2500-5.png,sketch,2,giraffe,2,giraffe,0.9383646845817566
sketch/giraffe/n02439033_2500-6.png,sketch,2,giraffe,2,giraffe,0.9577372670173645
sketch/giraffe/n02439033_2677-1.png,sketch,2,giraffe,2,giraffe,0.8375450968742371
sketch/giraffe/n02439033_2677-2.png,sketch,2,giraffe,2,giraffe,0.999601423740387
sketch/giraffe/n02439033_2677-3.png,sketch,2,giraffe,2,giraffe,0.9572063684463501
sketch/giraffe/n02439033_2677-4.png,sketch,2,giraffe,2,giraffe,0.9897764921188354
sketch/giraffe/n02439033_2677-5.png,sketch,2,giraffe,2,giraffe,0.6121782660484314
sketch/giraffe/n02439033_2677-6.png,sketch,2,giraffe,2,giraffe,0.999946117401123
sketch/giraffe/n02439033_2677-7.png,sketch,2,giraffe,2,giraffe,0.9999593496322632
sketch/giraffe/n02439033_376-1.png,sketch,2,giraffe,0,dog,0.6868773698806763
sketch/giraffe/n02439033_376-2.png,sketch,2,giraffe,0,dog,0.7551414370536804
sketch/giraffe/n02439033_376-3.png,sketch,2,giraffe,0,dog,0.8319390416145325
sketch/giraffe/n02439033_376-4.png,sketch,2,giraffe,2,giraffe,0.9911074042320251
sketch/giraffe/n02439033_376-5.png,sketch,2,giraffe,2,giraffe,0.9927155375480652
sketch/giraffe/n02439033_3944-1.png,sketch,2,giraffe,0,dog,0.992358386516571
sketch/giraffe/n02439033_3944-10.png,sketch,2,giraffe,4,horse,0.44519054889678955
sketch/giraffe/n02439033_3944-2.png,sketch,2,giraffe,2,giraffe,0.7275294661521912
sketch/giraffe/n02439033_3944-3.png,sketch,2,giraffe,4,horse,0.9428364038467407
sketch/giraffe/n02439033_3944-4.png,sketch,2,giraffe,2,giraffe,0.974103569984436
sketch/giraffe/n02439033_3944-5.png,sketch,2,giraffe,1,elephant,0.5938809514045715
sketch/giraffe/n02439033_3944-6.png,sketch,2,giraffe,4,horse,0.9402176737785339
sketch/giraffe/n02439033_3944-7.png,sketch,2,giraffe,4,horse,0.5277751088142395
sketch/giraffe/n02439033_3944-8.png,sketch,2,giraffe,4,horse,0.9429532289505005
sketch/giraffe/n02439033_3944-9.png,sketch,2,giraffe,4,horse,0.6817994117736816
sketch/giraffe/n02439033_4601-1.png,sketch,2,giraffe,2,giraffe,0.999657392501831
sketch/giraffe/n02439033_4601-2.png,sketch,2,giraffe,2,giraffe,1.0
sketch/giraffe/n02439033_4601-3.png,sketch,2,giraffe,2,giraffe,0.9999998807907104
sketch/giraffe/n02439033_4601-4.png,sketch,2,giraffe,2,giraffe,0.9535052180290222
sketch/giraffe/n02439033_4601-5.png,sketch,2,giraffe,2,giraffe,0.9966501593589783
sketch/giraffe/n02439033_5004-1.png,sketch,2,giraffe,2,giraffe,0.9167340397834778
sketch/giraffe/n02439033_5004-2.png,sketch,2,giraffe,2,giraffe,0.8662316203117371
sketch/giraffe/n02439033_5004-3.png,sketch,2,giraffe,2,giraffe,0.8722632527351379
sketch/giraffe/n02439033_5004-4.png,sketch,2,giraffe,2,giraffe,0.7035979628562927
sketch/giraffe/n02439033_5004-5.png,sketch,2,giraffe,4,horse,0.9723770022392273
sketch/giraffe/n02439033_5004-6.png,sketch,2,giraffe,2,giraffe,0.7454193830490112
sketch/giraffe/n02439033_5004-7.png,sketch,2,giraffe,2,giraffe,0.7468084692955017
sketch/giraffe/n02439033_5004-8.png,sketch,2,giraffe,6,person,0.8159806132316589
sketch/giraffe/n02439033_5652-1.png,sketch,2,giraffe,2,giraffe,0.9991783499717712
sketch/giraffe/n02439033_5652-2.png,sketch,2,giraffe,0,dog,0.7078447937965393
sketch/giraffe/n02439033_5652-3.png,sketch,2,giraffe,0,dog,0.5321617722511292
sketch/giraffe/n02439033_5652-4.png,sketch,2,giraffe,0,dog,0.8952934741973877
sketch/giraffe/n02439033_5652-5.png,sketch,2,giraffe,0,dog,0.6947312951087952
sketch/giraffe/n02439033_569-1.png,sketch,2,giraffe,2,giraffe,0.9776836633682251
sketch/giraffe/n02439033_569-2.png,sketch,2,giraffe,2,giraffe,0.9869565963745117
sketch/giraffe/n02439033_569-3.png,sketch,2,giraffe,2,giraffe,0.9757639169692993
sketch/giraffe/n02439033_569-4.png,sketch,2,giraffe,2,giraffe,0.8849349617958069
sketch/giraffe/n02439033_569-5.png,sketch,2,giraffe,2,giraffe,0.9999946355819702
sketch/giraffe/n02439033_628-1.png,sketch,2,giraffe,2,giraffe,0.99335116147995
sketch/giraffe/n02439033_628-10.png,sketch,2,giraffe,2,giraffe,0.9935925602912903
sketch/giraffe/n02439033_628-2.png,sketch,2,giraffe,2,giraffe,0.7969179749488831
sketch/giraffe/n02439033_628-3.png,sketch,2,giraffe,2,giraffe,0.9608156085014343
sketch/giraffe/n02439033_628-4.png,sketch,2,giraffe,2,giraffe,0.993728756904602
sketch/giraffe/n02439033_628-5.png,sketch,2,giraffe,2,giraffe,0.9969037175178528
sketch/giraffe/n02439033_628-6.png,sketch,2,giraffe,2,giraffe,0.9983406066894531
sketch/giraffe/n02439033_628-7.png,sketch,2,giraffe,2,giraffe,0.7831567525863647
sketch/giraffe/n02439033_628-8.png,sketch,2,giraffe,2,giraffe,0.8395054340362549
sketch/giraffe/n02439033_628-9.png,sketch,2,giraffe,2,giraffe,0.9865022897720337
sketch/giraffe/n02439033_6552-1.png,sketch,2,giraffe,0,dog,0.849206268787384
sketch/giraffe/n02439033_6552-2.png,sketch,2,giraffe,2,giraffe,0.7739419937133789
sketch/giraffe/n02439033_6552-3.png,sketch,2,giraffe,2,giraffe,0.9545256495475769
sketch/giraffe/n02439033_6552-4.png,sketch,2,giraffe,2,giraffe,0.8552551865577698
sketch/giraffe/n02439033_6552-5.png,sketch,2,giraffe,2,giraffe,0.9655100107192993
sketch/giraffe/n02439033_67-1.png,sketch,2,giraffe,2,giraffe,0.9290691614151001
sketch/giraffe/n02439033_67-2.png,sketch,2,giraffe,2,giraffe,0.9188896417617798
sketch/giraffe/n02439033_67-3.png,sketch,2,giraffe,2,giraffe,0.999808132648468
sketch/giraffe/n02439033_67-4.png,sketch,2,giraffe,2,giraffe,0.9908650517463684
sketch/giraffe/n02439033_67-5.png,sketch,2,giraffe,2,giraffe,0.978518009185791
sketch/giraffe/n02439033_67-6.png,sketch,2,giraffe,2,giraffe,0.9999988079071045
sketch/giraffe/n02439033_67-7.png,sketch,2,giraffe,2,giraffe,0.9999971389770508
sketch/giraffe/n02439033_866-1.png,sketch,2,giraffe,2,giraffe,0.6594074964523315
sketch/giraffe/n02439033_866-2.png,sketch,2,giraffe,3,guitar,0.5764109492301941
sketch/giraffe/n02439033_866-3.png,sketch,2,giraffe,2,giraffe,0.5054574608802795
sketch/giraffe/n02439033_866-4.png,sketch,2,giraffe,2,giraffe,0.49908721446990967
sketch/giraffe/n02439033_866-5.png,sketch,2,giraffe,2,giraffe,0.9995918869972229
sketch/giraffe/n02439033_866-6.png,sketch,2,giraffe,2,giraffe,0.8935970067977905
sketch/giraffe/n02439033_8789-1.png,sketch,2,giraffe,2,giraffe,0.9580605626106262
sketch/giraffe/n02439033_8789-2.png,sketch,2,giraffe,2,giraffe,0.9673314094543457
sketch/giraffe/n02439033_8789-3.png,sketch,2,giraffe,2,giraffe,0.9179380536079407
sketch/giraffe/n02439033_8789-4.png,sketch,2,giraffe,2,giraffe,0.7189529538154602
sketch/giraffe/n02439033_8789-5.png,sketch,2,giraffe,2,giraffe,0.9961827397346497
sketch/giraffe/n02439033_8846-1.png,sketch,2,giraffe,2,giraffe,0.9779648780822754
sketch/giraffe/n02439033_8846-10.png,sketch,2,giraffe,2,giraffe,0.9980621933937073
sketch/giraffe/n02439033_8846-11.png,sketch,2,giraffe,4,horse,0.894568145275116
sketch/giraffe/n02439033_8846-12.png,sketch,2,giraffe,2,giraffe,0.8591049909591675
sketch/giraffe/n02439033_8846-13.png,sketch,2,giraffe,2,giraffe,0.9974966645240784
sketch/giraffe/n02439033_8846-2.png,sketch,2,giraffe,2,giraffe,0.8107470273971558
sketch/giraffe/n02439033_8846-3.png,sketch,2,giraffe,2,giraffe,0.9407864212989807
sketch/giraffe/n02439033_8846-4.png,sketch,2,giraffe,2,giraffe,0.7389664053916931
sketch/giraffe/n02439033_8846-5.png,sketch,2,giraffe,4,horse,0.9541255831718445
sketch/giraffe/n02439033_8846-6.png,sketch,2,giraffe,0,dog,0.8017430901527405
sketch/giraffe/n02439033_8846-7.png,sketch,2,giraffe,2,giraffe,0.5834156274795532
sketch/giraffe/n02439033_8846-8.png,sketch,2,giraffe,2,giraffe,0.997938334941864
sketch/giraffe/n02439033_8846-9.png,sketch,2,giraffe,2,giraffe,0.9397264122962952
sketch/giraffe/n02439033_8875-1.png,sketch,2,giraffe,2,giraffe,0.9954127669334412
sketch/giraffe/n02439033_8875-2.png,sketch,2,giraffe,4,horse,0.966049075126648
sketch/giraffe/n02439033_8875-3.png,sketch,2,giraffe,2,giraffe,0.7877717614173889
sketch/giraffe/n02439033_8875-4.png,sketch,2,giraffe,4,horse,0.8375698328018188
sketch/giraffe/n02439033_8875-5.png,sketch,2,giraffe,2,giraffe,0.7818855047225952
sketch/giraffe/n02439033_8875-6.png,sketch,2,giraffe,4,horse,0.5079030990600586
sketch/giraffe/n02439033_8875-7.png,sketch,2,giraffe,4,horse,0.997786283493042
sketch/giraffe/n02439033_8875-8.png,sketch,2,giraffe,4,horse,0.9548300504684448
sketch/giraffe/n02439033_9257-1.png,sketch,2,giraffe,2,giraffe,0.9961221814155579
sketch/giraffe/n02439033_9257-2.png,sketch,2,giraffe,2,giraffe,0.9995759129524231
sketch/giraffe/n02439033_9257-3.png,sketch,2,giraffe,2,giraffe,0.8998026251792908
sketch/giraffe/n02439033_9257-4.png,sketch,2,giraffe,3,guitar,0.4946438670158386
sketch/giraffe/n02439033_9257-5.png,sketch,2,giraffe,2,giraffe,0.9472694396972656
sketch/giraffe/n02439033_9257-6.png,sketch,2,giraffe,2,giraffe,0.9989277720451355
sketch/giraffe/n02439033_9261-1.png,sketch,2,giraffe,2,giraffe,0.8578248023986816
sketch/giraffe/n02439033_9261-2.png,sketch,2,giraffe,2,giraffe,0.9805437922477722
sketch/giraffe/n02439033_9261-3.png,sketch,2,giraffe,2,giraffe,0.99603670835495
sketch/giraffe/n02439033_9261-4.png,sketch,2,giraffe,2,giraffe,0.9999920129776001
sketch/giraffe/n02439033_9261-5.png,sketch,2,giraffe,2,giraffe,0.9999774694442749
sketch/giraffe/n02439033_9398-1.png,sketch,2,giraffe,2,giraffe,0.8541683554649353
sketch/giraffe/n02439033_9398-2.png,sketch,2,giraffe,0,dog,0.7604357600212097
sketch/giraffe/n02439033_9398-3.png,sketch,2,giraffe,4,horse,0.7294645309448242
sketch/giraffe/n02439033_9398-4.png,sketch,2,giraffe,2,giraffe,0.9997596144676208
sketch/giraffe/n02439033_9398-5.png,sketch,2,giraffe,2,giraffe,0.9428040981292725
sketch/giraffe/n02439033_9398-6.png,sketch,2,giraffe,2,giraffe,0.9984123706817627
sketch/giraffe/n02439033_9472-1.png,sketch,2,giraffe,2,giraffe,0.9989696741104126
sketch/giraffe/n02439033_9472-10.png,sketch,2,giraffe,2,giraffe,0.9903963804244995
sketch/giraffe/n02439033_9472-2.png,sketch,2,giraffe,2,giraffe,0.8860800266265869
sketch/giraffe/n02439033_9472-3.png,sketch,2,giraffe,2,giraffe,0.998675525188446
sketch/giraffe/n02439033_9472-4.png,sketch,2,giraffe,2,giraffe,0.999947190284729
sketch/giraffe/n02439033_9472-5.png,sketch,2,giraffe,2,giraffe,0.9437657594680786
sketch/giraffe/n02439033_9472-6.png,sketch,2,giraffe,2,giraffe,0.9839693307876587
sketch/giraffe/n02439033_9472-7.png,sketch,2,giraffe,2,giraffe,0.995730459690094
sketch/giraffe/n02439033_9472-8.png,sketch,2,giraffe,2,giraffe,0.9999998807907104
sketch/giraffe/n02439033_9472-9.png,sketch,2,giraffe,2,giraffe,1.0
sketch/giraffe/n02439033_9598-1.png,sketch,2,giraffe,2,giraffe,0.9914675951004028
sketch/giraffe/n02439033_9598-10.png,sketch,2,giraffe,0,dog,0.5522523522377014
sketch/giraffe/n02439033_9598-2.png,sketch,2,giraffe,2,giraffe,0.9999996423721313
sketch/giraffe/n02439033_9598-3.png,sketch,2,giraffe,2,giraffe,0.6238181591033936
sketch/giraffe/n02439033_9598-4.png,sketch,2,giraffe,2,giraffe,0.9918210506439209
sketch/giraffe/n02439033_9598-5.png,sketch,2,giraffe,2,giraffe,0.7254736423492432
sketch/giraffe/n02439033_9598-6.png,sketch,2,giraffe,0,dog,0.7965977787971497
sketch/giraffe/n02439033_9598-7.png,sketch,2,giraffe,2,giraffe,0.2515418231487274
sketch/giraffe/n02439033_9598-8.png,sketch,2,giraffe,0,dog,0.928851842880249
sketch/giraffe/n02439033_9598-9.png,sketch,2,giraffe,6,person,0.5599544048309326
sketch/giraffe/n02439033_9604-1.png,sketch,2,giraffe,2,giraffe,0.5465641021728516
sketch/giraffe/n02439033_9604-2.png,sketch,2,giraffe,4,horse,0.5056707262992859
sketch/giraffe/n02439033_9604-3.png,sketch,2,giraffe,2,giraffe,0.9933302998542786
sketch/giraffe/n02439033_9604-4.png,sketch,2,giraffe,2,giraffe,0.9956867098808289
sketch/giraffe/n02439033_9604-5.png,sketch,2,giraffe,0,dog,0.8298934698104858
sketch/giraffe/n02439033_9679-1.png,sketch,2,giraffe,2,giraffe,0.9998576641082764
sketch/giraffe/n02439033_9679-2.png,sketch,2,giraffe,4,horse,0.61412513256073
sketch/giraffe/n02439033_9679-3.png,sketch,2,giraffe,2,giraffe,0.9731137156486511
sketch/giraffe/n02439033_9679-4.png,sketch,2,giraffe,2,giraffe,0.9540444016456604
sketch/giraffe/n02439033_9679-5.png,sketch,2,giraffe,2,giraffe,0.9999866485595703
sketch/giraffe/n02439033_9719-1.png,sketch,2,giraffe,0,dog,0.9029896855354309
sketch/giraffe/n02439033_9719-2.png,sketch,2,giraffe,2,giraffe,0.9331529140472412
sketch/giraffe/n02439033_9719-3.png,sketch,2,giraffe,0,dog,0.5592677593231201
sketch/giraffe/n02439033_9719-4.png,sketch,2,giraffe,2,giraffe,0.5275341272354126
sketch/giraffe/n02439033_9719-5.png,sketch,2,giraffe,4,horse,0.6453250050544739
sketch/giraffe/n02439033_9719-6.png,sketch,2,giraffe,4,horse,0.9333264827728271
sketch/giraffe/n02439033_9719-7.png,sketch,2,giraffe,4,horse,0.5286546349525452
sketch/giraffe/n02439033_9719-8.png,sketch,2,giraffe,2,giraffe,0.5429515838623047
sketch/giraffe/n02439033_9719-9.png,sketch,2,giraffe,4,horse,0.6136468052864075
sketch/giraffe/n02439033_991-1.png,sketch,2,giraffe,0,dog,0.40506017208099365
sketch/giraffe/n02439033_991-2.png,sketch,2,giraffe,0,dog,0.32880014181137085
sketch/giraffe/n02439033_991-3.png,sketch,2,giraffe,4,horse,0.6370888948440552
sketch/giraffe/n02439033_991-4.png,sketch,2,giraffe,1,elephant,0.6983647346496582
sketch/giraffe/n02439033_991-5.png,sketch,2,giraffe,1,elephant,0.6112450361251831
sketch/giraffe/n02439033_991-6.png,sketch,2,giraffe,0,dog,0.6985477209091187
sketch/giraffe/n02439033_991-7.png,sketch,2,giraffe,0,dog,0.8823126554489136
sketch/giraffe/n02439033_991-8.png,sketch,2,giraffe,4,horse,0.9415034055709839
sketch/giraffe/n02439033_991-9.png,sketch,2,giraffe,4,horse,0.8267448544502258
sketch/guitar/7601.png,sketch,3,guitar,3,guitar,0.9476333856582642
sketch/guitar/7602.png,sketch,3,guitar,3,guitar,0.9925852417945862
sketch/guitar/7603.png,sketch,3,guitar,1,elephant,0.41853806376457214
sketch/guitar/7604.png,sketch,3,guitar,3,guitar,0.9997077584266663
sketch/guitar/7605.png,sketch,3,guitar,3,guitar,0.9999929666519165
sketch/guitar/7606.png,sketch,3,guitar,3,guitar,0.9999998807907104
sketch/guitar/7607.png,sketch,3,guitar,3,guitar,0.9613285660743713
sketch/guitar/7608.png,sketch,3,guitar,3,guitar,0.998877227306366
sketch/guitar/7609.png,sketch,3,guitar,3,guitar,0.7050179243087769
sketch/guitar/7610.png,sketch,3,guitar,3,guitar,0.9987902045249939
sketch/guitar/7611.png,sketch,3,guitar,3,guitar,0.9984936714172363
sketch/guitar/7612.png,sketch,3,guitar,3,guitar,0.9999963045120239
sketch/guitar/7613.png,sketch,3,guitar,3,guitar,0.9999998807907104
sketch/guitar/7614.png,sketch,3,guitar,3,guitar,0.999437153339386
sketch/guitar/7615.png,sketch,3,guitar,3,guitar,0.9970057606697083
sketch/guitar/7616.png,sketch,3,guitar,3,guitar,0.9999607801437378
sketch/guitar/7617.png,sketch,3,guitar,0,dog,0.487705796957016
sketch/guitar/7618.png,sketch,3,guitar,3,guitar,0.9998888969421387
sketch/guitar/7619.png,sketch,3,guitar,2,giraffe,0.8778851628303528
sketch/guitar/7620.png,sketch,3,guitar,3,guitar,0.6739577054977417
sketch/guitar/7621.png,sketch,3,guitar,3,guitar,0.7404266595840454
sketch/guitar/7622.png,sketch,3,guitar,3,guitar,0.9969480633735657
sketch/guitar/7623.png,sketch,3,guitar,2,giraffe,0.722166895866394
sketch/guitar/7624.png,sketch,3,guitar,3,guitar,0.8832416534423828
sketch/guitar/7625.png,sketch,3,guitar,3,guitar,0.9999830722808838
sketch/guitar/7626.png,sketch,3,guitar,2,giraffe,0.4532940089702606
sketch/guitar/7627.png,sketch,3,guitar,3,guitar,0.9999141693115234
sketch/guitar/7628.png,sketch,3,guitar,3,guitar,0.9999709129333496
sketch/guitar/7629.png,sketch,3,guitar,1,elephant,0.9146114587783813
sketch/guitar/7630.png,sketch,3,guitar,3,guitar,0.9999967813491821
sketch/guitar/7631.png,sketch,3,guitar,2,giraffe,0.6019339561462402
sketch/guitar/7632.png,sketch,3,guitar,3,guitar,0.9896083474159241
sketch/guitar/7633.png,sketch,3,guitar,3,guitar,0.9546933770179749
sketch/guitar/7634.png,sketch,3,guitar,3,guitar,1.0
sketch/guitar/7635.png,sketch,3,guitar,3,guitar,0.999213695526123
sketch/guitar/7636.png,sketch,3,guitar,5,house,0.3657260239124298
sketch/guitar/7637.png,sketch,3,guitar,3,guitar,0.9824977517127991
sketch/guitar/7638.png,sketch,3,guitar,2,giraffe,0.4680856168270111
sketch/guitar/7639.png,sketch,3,guitar,3,guitar,0.7961496114730835
sketch/guitar/7640.png,sketch,3,guitar,3,guitar,0.7991281747817993
sketch/guitar/7641.png,sketch,3,guitar,3,guitar,0.8059903383255005
sketch/guitar/7642.png,sketch,3,guitar,3,guitar,0.9999997615814209
sketch/guitar/7643.png,sketch,3,guitar,3,guitar,0.9948968291282654
sketch/guitar/7644.png,sketch,3,guitar,3,guitar,0.9999929666519165
sketch/guitar/7645.png,sketch,3,guitar,3,guitar,0.894553005695343
sketch/guitar/7646.png,sketch,3,guitar,0,dog,0.6237772107124329
sketch/guitar/7647.png,sketch,3,guitar,3,guitar,0.8038507103919983
sketch/guitar/7648.png,sketch,3,guitar,3,guitar,0.9943686127662659
sketch/guitar/7649.png,sketch,3,guitar,1,elephant,0.6186865568161011
sketch/guitar/7650.png,sketch,3,guitar,3,guitar,0.9959122538566589
sketch/guitar/7651.png,sketch,3,guitar,3,guitar,0.9490078687667847
sketch/guitar/7652.png,sketch,3,guitar,3,guitar,0.9576762318611145
sketch/guitar/7653.png,sketch,3,guitar,1,elephant,0.4361061751842499
sketch/guitar/7654.png,sketch,3,guitar,3,guitar,0.9981557726860046
sketch/guitar/7655.png,sketch,3,guitar,3,guitar,0.9756101369857788
sketch/guitar/7656.png,sketch,3,guitar,3,guitar,0.9911295175552368
sketch/guitar/7657.png,sketch,3,guitar,3,guitar,0.999962568283081
sketch/guitar/7658.png,sketch,3,guitar,3,guitar,0.9999532699584961
sketch/guitar/7659.png,sketch,3,guitar,3,guitar,0.9999722242355347
sketch/guitar/7660.png,sketch,3,guitar,1,elephant,0.40990814566612244
sketch/guitar/7661.png,sketch,3,guitar,0,dog,0.6145896315574646
sketch/guitar/7662.png,sketch,3,guitar,3,guitar,0.9882547855377197
sketch/guitar/7663.png,sketch,3,guitar,3,guitar,0.8078486323356628
sketch/guitar/7664.png,sketch,3,guitar,3,guitar,0.9922135472297668
sketch/guitar/7665.png,sketch,3,guitar,3,guitar,0.9600404500961304
sketch/guitar/7666.png,sketch,3,guitar,3,guitar,1.0
sketch/guitar/7667.png,sketch,3,guitar,0,dog,0.5621019005775452
sketch/guitar/7668.png,sketch,3,guitar,1,elephant,0.39436179399490356
sketch/guitar/7669.png,sketch,3,guitar,3,guitar,0.625578761100769
sketch/guitar/7670.png,sketch,3,guitar,3,guitar,0.99055415391922
sketch/guitar/7671.png,sketch,3,guitar,3,guitar,0.9842740893363953
sketch/guitar/7672.png,sketch,3,guitar,3,guitar,1.0
sketch/guitar/7673.png,sketch,3,guitar,3,guitar,0.9993407130241394
sketch/guitar/7674.png,sketch,3,guitar,3,guitar,0.7866727113723755
sketch/guitar/7675.png,sketch,3,guitar,3,guitar,0.9999998807907104
sketch/guitar/7676.png,sketch,3,guitar,3,guitar,0.9992126226425171
sketch/guitar/7677.png,sketch,3,guitar,3,guitar,0.666445255279541
sketch/guitar/7678.png,sketch,3,guitar,3,guitar,0.6463322639465332
sketch/guitar/7679.png,sketch,3,guitar,3,guitar,0.9840952754020691
sketch/guitar/7680.png,sketch,3,guitar,3,guitar,0.9600145220756531
sketch/guitar/n02676566_11377-1.png,sketch,3,guitar,3,guitar,0.990423321723938
sketch/guitar/n02676566_11377-2.png,sketch,3,guitar,3,guitar,1.0
sketch/guitar/n02676566_11377-3.png,sketch,3,guitar,3,guitar,1.0
sketch/guitar/n02676566_11377-4.png,sketch,3,guitar,3,guitar,0.9999980926513672
sketch/guitar/n02676566_11377-5.png,sketch,3,guitar,3,guitar,0.9999573230743408
sketch/guitar/n02676566_11573-1.png,sketch,3,guitar,3,guitar,0.9993426203727722
sketch/guitar/n02676566_11573-2.png,sketch,3,guitar,3,guitar,0.809634268283844
sketch/guitar/n02676566_11573-3.png,sketch,3,guitar,2,giraffe,0.7751691341400146
sketch/guitar/n02676566_11573-4.png,sketch,3,guitar,3,guitar,0.6728197932243347
sketch/guitar/n02676566_11573-5.png,sketch,3,guitar,3,guitar,0.809296727180481
sketch/guitar/n02676566_12344-1.png,sketch,3,guitar,3,guitar,0.9999991655349731
sketch/guitar/n02676566_12344-2.png,sketch,3,guitar,3,guitar,0.9974556565284729
sketch/guitar/n02676566_12344-3.png,sketch,3,guitar,3,guitar,0.5129850506782532
sketch/guitar/n02676566_12344-4.png,sketch,3,guitar,2,giraffe,0.6964213252067566
sketch/guitar/n02676566_12344-5.png,sketch,3,guitar,3,guitar,0.9996076226234436
sketch/guitar/n02676566_1324-1.png,sketch,3,guitar,3,guitar,0.9941972494125366
sketch/guitar/n02676566_1324-2.png,sketch,3,guitar,3,guitar,0.9985978007316589
sketch/guitar/n02676566_1324-3.png,sketch,3,guitar,3,guitar,0.9601042866706848
sketch/guitar/n02676566_1324-4.png,sketch,3,guitar,3,guitar,0.9999812841415405
sketch/guitar/n02676566_1324-5.png,sketch,3,guitar,3,guitar,0.9999924898147583
sketch/guitar/n02676566_2380-1.png,sketch,3,guitar,3,guitar,0.9922676682472229
sketch/guitar/n02676566_2380-2.png,sketch,3,guitar,3,guitar,0.9992764592170715
sketch/guitar/n02676566_2380-3.png,sketch,3,guitar,3,guitar,0.9999986886978149
sketch/guitar/n02676566_2380-4.png,sketch,3,guitar,3,guitar,0.9999933242797852
sketch/guitar/n02676566_2380-5.png,sketch,3,guitar,3,guitar,0.9999994039535522
sketch/guitar/n02676566_2866-1.png,sketch,3,guitar,3,guitar,0.9997879862785339
sketch/guitar/n02676566_2866-2.png,sketch,3,guitar,3,guitar,1.0
sketch/guitar/n02676566_2866-3.png,sketch,3,guitar,3,guitar,1.0
sketch/guitar/n02676566_2866-4.png,sketch,3,guitar,3,guitar,1.0
sketch/guitar/n02676566_2866-5.png,sketch,3,guitar,3,guitar,0.998935878276825
sketch/guitar/n02676566_307-1.png,sketch,3,guitar,3,guitar,0.9583764672279358
sketch/guitar/n02676566_307-2.png,sketch,3,guitar,3,guitar,0.6455218195915222
sketch/guitar/n02676566_307-3.png,sketch,3,guitar,3,guitar,0.9993323683738708
sketch/guitar/n02676566_307-4.png,sketch,3,guitar,3,guitar,0.9993546605110168
sketch/guitar/n02676566_307-5.png,sketch,3,guitar,3,guitar,0.989190936088562
sketch/guitar/n02676566_330-1.png,sketch,3,guitar,3,guitar,0.9999885559082031
sketch/guitar/n02676566_330-2.png,sketch,3,guitar,3,guitar,0.9999946355819702
sketch/guitar/n02676566_330-3.png,sketch,3,guitar,3,guitar,0.9994269609451294
sketch/guitar/n02676566_330-4.png,sketch,3,guitar,3,guitar,0.9999992847442627
sketch/guitar/n02676566_330-5.png,sketch,3,guitar,3,guitar,0.9254111647605896
sketch/guitar/n02676566_330-6.png,sketch,3,guitar,3,guitar,0.9995959401130676
sketch/guitar/n02676566_3360-1.png,sketch,3,guitar,3,guitar,0.9980899691581726
sketch/guitar/n02676566_3360-2.png,sketch,3,guitar,3,guitar,0.9851803779602051
sketch/guitar/n02676566_3360-3.png,sketch,3,guitar,2,giraffe,0.929645299911499
sketch/guitar/n02676566_3360-4.png,sketch,3,guitar,2,giraffe,0.9157558083534241
sketch/guitar/n02676566_3360-5.png,sketch,3,guitar,3,guitar,0.947737991809845
sketch/guitar/n02676566_3360-6.png,sketch,3,guitar,3,guitar,0.9999080896377563
sketch/guitar/n02676566_4058-1.png,sketch,3,guitar,3,guitar,0.9995916485786438
sketch/guitar/n02676566_4058-2.png,sketch,3,guitar,1,elephant,0.8811177015304565
sketch/guitar/n02676566_4058-3.png,sketch,3,guitar,3,guitar,0.9884938597679138
sketch/guitar/n02676566_4058-4.png,sketch,3,guitar,3,guitar,0.9999898672103882
sketch/guitar/n02676566_4058-5.png,sketch,3,guitar,3,guitar,1.0
sketch/guitar/n02676566_4058-6.png,sketch,3,guitar,1,elephant,0.7897433638572693
sketch/guitar/n02676566_4189-1.png,sketch,3,guitar,3,guitar,0.9998127818107605
sketch/guitar/n02676566_4189-2.png,sketch,3,guitar,3,guitar,0.9999887943267822
sketch/guitar/n02676566_4189-3.png,sketch,3,guitar,3,guitar,0.9998773336410522
sketch/guitar/n02676566_4189-4.png,sketch,3,guitar,3,guitar,0.9999966621398926
sketch/guitar/n02676566_4189-5.png,sketch,3,guitar,3,guitar,0.9999986886978149
sketch/guitar/n02676566_4469-1.png,sketch,3,guitar,3,guitar,0.9997888207435608
sketch/guitar/n02676566_4469-2.png,sketch,3,guitar,3,guitar,0.9852876663208008
sketch/guitar/n02676566_4469-3.png,sketch,3,guitar,3,guitar,0.9973911046981812
sketch/guitar/n02676566_4469-4.png,sketch,3,guitar,3,guitar,0.9936491847038269
sketch/guitar/n02676566_4469-5.png,sketch,3,guitar,3,guitar,0.9850533604621887
sketch/guitar/n02676566_4605-1.png,sketch,3,guitar,3,guitar,0.9627224802970886
sketch/guitar/n02676566_4605-2.png,sketch,3,guitar,3,guitar,0.8825961947441101
sketch/guitar/n02676566_4605-3.png,sketch,3,guitar,3,guitar,0.9910050630569458
sketch/guitar/n02676566_4605-4.png,sketch,3,guitar,3,guitar,0.778001070022583
sketch/guitar/n02676566_4605-5.png,sketch,3,guitar,2,giraffe,0.9396407604217529
sketch/guitar/n02676566_4605-6.png,sketch,3,guitar,3,guitar,0.9677456617355347
sketch/guitar/n02676566_4699-1.png,sketch,3,guitar,3,guitar,0.9998449087142944
sketch/guitar/n02676566_4699-2.png,sketch,3,guitar,3,guitar,0.9998819828033447
sketch/guitar/n02676566_4699-3.png,sketch,3,guitar,3,guitar,0.9999158382415771
sketch/guitar/n02676566_4699-4.png,sketch,3,guitar,3,guitar,0.9969946146011353
sketch/guitar/n02676566_4699-5.png,sketch,3,guitar,3,guitar,0.9982663989067078
sketch/guitar/n02676566_5134-1.png,sketch,3,guitar,3,guitar,0.6695394515991211
sketch/guitar/n02676566_5134-2.png,sketch,3,guitar,3,guitar,0.9992875456809998
sketch/guitar/n02676566_5134-3.png,sketch,3,guitar,3,guitar,0.9999953508377075
sketch/guitar/n02676566_5134-4.png,sketch,3,guitar,3,guitar,0.9962248802185059
sketch/guitar/n02676566_5134-5.png,sketch,3,guitar,3,guitar,0.9693197011947632
sketch/guitar/n02676566_5489-1.png,sketch,3,guitar,3,guitar,0.9699774980545044
sketch/guitar/n02676566_5489-2.png,sketch,3,guitar,3,guitar,0.9820488095283508
sketch/guitar/n02676566_5489-3.png,sketch,3,guitar,2,giraffe,0.813991904258728
sketch/guitar/n02676566_5489-4.png,sketch,3,guitar,2,giraffe,0.6304988861083984
sketch/guitar/n02676566_5489-5.png,sketch,3,guitar,2,giraffe,0.8895483016967773
sketch/guitar/n02676566_5489-6.png,sketch,3,guitar,3,guitar,0.9800080060958862
sketch/guitar/n02676566_5489-7.png,sketch,3,guitar,3,guitar,0.7031140327453613
sketch/guitar/n02676566_5735-1.png,sketch,3,guitar,3,guitar,1.0
sketch/guitar/n02676566_5735-2.png,sketch,3,guitar,3,guitar,1.0
sketch/guitar/n02676566_5735-3.png,sketch,3,guitar,3,guitar,1.0
sketch/guitar/n02676566_5735-4.png,sketch,3,guitar,3,guitar,0.9996833801269531
sketch/guitar/n02676566_5735-5.png,sketch,3,guitar,3,guitar,1.0
sketch/guitar/n02676566_6150-1.png,sketch,3,guitar,3,guitar,0.9999958276748657
sketch/guitar/n02676566_6150-2.png,sketch,3,guitar,3,guitar,0.9999991655349731
sketch/guitar/n02676566_6150-3.png,sketch,3,guitar,3,guitar,0.762212336063385
sketch/guitar/n02676566_6150-4.png,sketch,3,guitar,3,guitar,0.9999730587005615
sketch/guitar/n02676566_6150-5.png,sketch,3,guitar,3,guitar,0.9921436309814453
sketch/guitar/n02676566_6402-1.png,sketch,3,guitar,3,guitar,0.9999992847442627
sketch/guitar/n02676566_6402-2.png,sketch,3,guitar,3,guitar,1.0
sketch/guitar/n02676566_6402-3.png,sketch,3,guitar,3,guitar,0.9999988079071045
sketch/guitar/n02676566_6402-4.png,sketch,3,guitar,3,guitar,1.0
sketch/guitar/n02676566_6402-5.png,sketch,3,guitar,3,guitar,0.9999998807907104
sketch/guitar/n02676566_6430-1.png,sketch,3,guitar,3,guitar,0.999974250793457
sketch/guitar/n02676566_6430-2.png,sketch,3,guitar,3,guitar,0.9253156185150146
sketch/guitar/n02676566_6430-3.png,sketch,3,guitar,3,guitar,0.9155033826828003
sketch/guitar/n02676566_6430-4.png,sketch,3,guitar,3,guitar,0.9999814033508301
sketch/guitar/n02676566_6430-5.png,sketch,3,guitar,3,guitar,0.9943918585777283
sketch/guitar/n02676566_6560-1.png,sketch,3,guitar,3,guitar,0.9982307553291321
sketch/guitar/n02676566_6560-2.png,sketch,3,guitar,3,guitar,0.9999861717224121
sketch/guitar/n02676566_6560-3.png,sketch,3,guitar,3,guitar,0.9917576909065247
sketch/guitar/n02676566_6560-4.png,sketch,3,guitar,3,guitar,0.8205102682113647
sketch/guitar/n02676566_6560-5.png,sketch,3,guitar,3,guitar,0.9995707869529724
sketch/guitar/n02676566_659-1.png,sketch,3,guitar,3,guitar,0.9999957084655762
sketch/guitar/n02676566_659-2.png,sketch,3,guitar,3,guitar,0.9997243285179138
sketch/guitar/n02676566_659-3.png,sketch,3,guitar,3,guitar,0.9999966621398926
sketch/guitar/n02676566_659-4.png,sketch,3,guitar,3,guitar,0.999984860420227
sketch/guitar/n02676566_659-5.png,sketch,3,guitar,3,guitar,0.9888176918029785
sketch/guitar/n02676566_6631-1.png,sketch,3,guitar,3,guitar,0.9999871253967285
sketch/guitar/n02676566_6631-2.png,sketch,3,guitar,3,guitar,0.9999946355819702
sketch/guitar/n02676566_6631-3.png,sketch,3,guitar,3,guitar,0.9999958276748657
sketch/guitar/n02676566_6631-4.png,sketch,3,guitar,3,guitar,0.9721613526344299
sketch/guitar/n02676566_6631-5.png,sketch,3,guitar,3,guitar,0.9984500408172607
sketch/guitar/n02676566_6704-1.png,sketch,3,guitar,3,guitar,0.999488115310669
sketch/guitar/n02676566_6704-2.png,sketch,3,guitar,3,guitar,0.976484477519989
sketch/guitar/n02676566_6704-3.png,sketch,3,guitar,3,guitar,0.9997537732124329
sketch/guitar/n02676566_6704-4.png,sketch,3,guitar,3,guitar,0.9993830919265747
sketch/guitar/n02676566_6704-5.png,sketch,3,guitar,3,guitar,0.9988817572593689
sketch/guitar/n02676566_6864-1.png,sketch,3,guitar,1,elephant,0.8929489254951477
sketch/guitar/n02676566_6864-2.png,sketch,3,guitar,3,guitar,0.9999992847442627
sketch/guitar/n02676566_6864-3.png,sketch,3,guitar,3,guitar,0.8607386946678162
sketch/guitar/n02676566_6864-4.png,sketch,3,guitar,3,guitar,0.7007251977920532
sketch/guitar/n02676566_6864-5.png,sketch,3,guitar,3,guitar,0.9999998807907104
sketch/guitar/n02676566_6914-1.png,sketch,3,guitar,3,guitar,0.9999188184738159
sketch/guitar/n02676566_6914-2.png,sketch,3,guitar,3,guitar,0.9996669292449951
sketch/guitar/n02676566_6914-3.png,sketch,3,guitar,3,guitar,0.6888935565948486
sketch/guitar/n02676566_6914-4.png,sketch,3,guitar,3,guitar,0.9999980926513672
sketch/guitar/n02676566_6914-5.png,sketch,3,guitar,3,guitar,0.9999794960021973
sketch/guitar/n02676566_6948-1.png,sketch,3,guitar,3,guitar,0.9999991655349731
sketch/guitar/n02676566_6948-2.png,sketch,3,guitar,3,guitar,0.9912323355674744
sketch/guitar/n02676566_6948-3.png,sketch,3,guitar,3,guitar,0.9983904361724854
sketch/guitar/n02676566_6948-4.png,sketch,3,guitar,3,guitar,0.9999762773513794
sketch/guitar/n02676566_6948-5.png,sketch,3,guitar,3,guitar,0.9999984502792358
sketch/guitar/n02676566_6980-1.png,sketch,3,guitar,3,guitar,0.7549804449081421
sketch/guitar/n02676566_6980-2.png,sketch,3,guitar,3,guitar,0.9995507597923279
sketch/guitar/n02676566_6980-3.png,sketch,3,guitar,0,dog,0.5638972520828247
sketch/guitar/n02676566_6980-4.png,sketch,3,guitar,1,elephant,0.5385735630989075
sketch/guitar/n02676566_6980-5.png,sketch,3,guitar,3,guitar,0.981630265712738
sketch/guitar/n02676566_7385-1.png,sketch,3,guitar,3,guitar,0.9999995231628418
sketch/guitar/n02676566_7385-2.png,sketch,3,guitar,3,guitar,0.9999901056289673
sketch/guitar/n02676566_7385-3.png,sketch,3,guitar,3,guitar,0.9999681711196899
sketch/guitar/n02676566_7385-4.png,sketch,3,guitar,3,guitar,0.9991003274917603
sketch/guitar/n02676566_7385-5.png,sketch,3,guitar,3,guitar,0.9999836683273315
sketch/guitar/n02676566_7385-6.png,sketch,3,guitar,3,guitar,0.9999837875366211
sketch/guitar/n02676566_7770-1.png,sketch,3,guitar,3,guitar,0.999997615814209
sketch/guitar/n02676566_7770-2.png,sketch,3,guitar,1,elephant,0.4934920072555542
sketch/guitar/n02676566_7770-3.png,sketch,3,guitar,3,guitar,0.9999982118606567
sketch/guitar/n02676566_7770-4.png,sketch,3,guitar,3,guitar,0.9999996423721313
sketch/guitar/n02676566_7770-5.png,sketch,3,guitar,3,guitar,0.9994179010391235
sketch/guitar/n02676566_7830-1.png,sketch,3,guitar,3,guitar,0.9999946355819702
sketch/guitar/n02676566_7830-2.png,sketch,3,guitar,3,guitar,0.9999510049819946
sketch/guitar/n02676566_7830-3.png,sketch,3,guitar,3,guitar,0.9999977350234985
sketch/guitar/n02676566_7830-4.png,sketch,3,guitar,3,guitar,0.9999984502792358
sketch/guitar/n02676566_7830-5.png,sketch,3,guitar,3,guitar,0.9996334314346313
sketch/guitar/n02676566_7844-1.png,sketch,3,guitar,3,guitar,0.9999635219573975
sketch/guitar/n02676566_7844-2.png,sketch,3,guitar,3,guitar,0.9954354166984558
sketch/guitar/n02676566_7844-3.png,sketch,3,guitar,3,guitar,0.9999419450759888
sketch/guitar/n02676566_7844-4.png,sketch,3,guitar,3,guitar,0.9956939220428467
sketch/guitar/n02676566_7844-5.png,sketch,3,guitar,3,guitar,0.9452963471412659
sketch/guitar/n02676566_7927-1.png,sketch,3,guitar,3,guitar,0.999915361404419
sketch/guitar/n02676566_7927-2.png,sketch,3,guitar,2,giraffe,0.9238285422325134
sketch/guitar/n02676566_7927-3.png,sketch,3,guitar,3,guitar,0.9756371378898621
sketch/guitar/n02676566_7927-4.png,sketch,3,guitar,3,guitar,0.9972894191741943
sketch/guitar/n02676566_7927-5.png,sketch,3,guitar,3,guitar,0.9547600746154785
sketch/guitar/n02676566_7927-6.png,sketch,3,guitar,3,guitar,0.9998506307601929
sketch/guitar/n02676566_8268-1.png,sketch,3,guitar,3,guitar,1.0
sketch/guitar/n02676566_8268-2.png,sketch,3,guitar,3,guitar,0.9999443292617798
sketch/guitar/n02676566_8268-3.png,sketch,3,guitar,3,guitar,0.912091851234436
sketch/guitar/n02676566_8268-4.png,sketch,3,guitar,3,guitar,0.999580442905426
sketch/guitar/n02676566_8268-5.png,sketch,3,guitar,3,guitar,0.999991774559021
sketch/guitar/n02676566_8309-1.png,sketch,3,guitar,3,guitar,0.9415468573570251
sketch/guitar/n02676566_8309-2.png,sketch,3,guitar,3,guitar,0.9993497729301453
sketch/guitar/n02676566_8309-3.png,sketch,3,guitar,3,guitar,0.9999845027923584
sketch/guitar/n02676566_8309-4.png,sketch,3,guitar,3,guitar,0.9999473094940186
sketch/guitar/n02676566_8309-5.png,sketch,3,guitar,3,guitar,0.9937981963157654
sketch/guitar/n02676566_8467-1.png,sketch,3,guitar,3,guitar,0.9999970197677612
sketch/guitar/n02676566_8467-2.png,sketch,3,guitar,3,guitar,0.814881443977356
sketch/guitar/n02676566_8467-3.png,sketch,3,guitar,3,guitar,0.9666078090667725
sketch/guitar/n02676566_8467-4.png,sketch,3,guitar,3,guitar,0.9998094439506531
sketch/guitar/n02676566_8467-5.png,sketch,3,guitar,3,guitar,0.9987789988517761
sketch/guitar/n02676566_8618-1.png,sketch,3,guitar,3,guitar,0.9999531507492065
sketch/guitar/n02676566_8618-2.png,sketch,3,guitar,3,guitar,0.99522864818573
sketch/guitar/n02676566_8618-3.png,sketch,3,guitar,3,guitar,0.9355744123458862
sketch/guitar/n02676566_8618-4.png,sketch,3,guitar,3,guitar,0.9975702166557312
sketch/guitar/n02676566_8618-5.png,sketch,3,guitar,3,guitar,0.9992276430130005
sketch/guitar/n02676566_8618-6.png,sketch,3,guitar,3,guitar,0.9986292123794556
sketch/guitar/n02676566_8820-1.png,sketch,3,guitar,3,guitar,0.9991468191146851
sketch/guitar/n02676566_8820-2.png,sketch,3,guitar,3,guitar,0.9457610249519348
sketch/guitar/n02676566_8820-3.png,sketch,3,guitar,3,guitar,0.9959731698036194
sketch/guitar/n02676566_8820-4.png,sketch,3,guitar,3,guitar,0.9999967813491821
sketch/guitar/n02676566_8820-5.png,sketch,3,guitar,2,giraffe,0.9014027118682861
sketch/guitar/n02676566_8859-1.png,sketch,3,guitar,3,guitar,0.9656214118003845
sketch/guitar/n02676566_8859-2.png,sketch,3,guitar,2,giraffe,0.4777173697948456
sketch/guitar/n02676566_8859-3.png,sketch,3,guitar,3,guitar,0.9998113512992859
sketch/guitar/n02676566_8859-4.png,sketch,3,guitar,3,guitar,0.9980202913284302
sketch/guitar/n02676566_8859-5.png,sketch,3,guitar,3,guitar,0.9998316764831543
sketch/guitar/n02676566_8859-6.png,sketch,3,guitar,3,guitar,0.9999922513961792
sketch/guitar/n02676566_8997-1.png,sketch,3,guitar,3,guitar,1.0
sketch/guitar/n02676566_8997-2.png,sketch,3,guitar,3,guitar,0.9998971223831177
sketch/guitar/n02676566_8997-3.png,sketch,3,guitar,3,guitar,0.9999996423721313
sketch/guitar/n02676566_8997-4.png,sketch,3,guitar,3,guitar,0.9996582269668579
sketch/guitar/n02676566_8997-5.png,sketch,3,guitar,3,guitar,0.9939815402030945
sketch/guitar/n02676566_9062-1.png,sketch,3,guitar,3,guitar,0.9484591484069824
sketch/guitar/n02676566_9062-2.png,sketch,3,guitar,3,guitar,0.9999862909317017
sketch/guitar/n02676566_9062-3.png,sketch,3,guitar,3,guitar,0.9844192862510681
sketch/guitar/n02676566_9062-4.png,sketch,3,guitar,3,guitar,0.9999759197235107
sketch/guitar/n02676566_9062-5.png,sketch,3,guitar,3,guitar,0.999996542930603
sketch/guitar/n02676566_9243-1.png,sketch,3,guitar,3,guitar,0.9999009370803833
sketch/guitar/n02676566_9243-2.png,sketch,3,guitar,0,dog,0.5202212333679199
sketch/guitar/n02676566_9243-3.png,sketch,3,guitar,3,guitar,0.9999879598617554
sketch/guitar/n02676566_9243-4.png,sketch,3,guitar,3,guitar,0.9999047517776489
sketch/guitar/n02676566_9243-5.png,sketch,3,guitar,3,guitar,0.9999840259552002
sketch/guitar/n02676566_9243-6.png,sketch,3,guitar,3,guitar,0.9888163805007935
sketch/guitar/n02676566_9254-1.png,sketch,3,guitar,3,guitar,0.999998927116394
sketch/guitar/n02676566_9254-2.png,sketch,3,guitar,3,guitar,0.9990425705909729
sketch/guitar/n02676566_9254-3.png,sketch,3,guitar,3,guitar,1.0
sketch/guitar/n02676566_9254-4.png,sketch,3,guitar,3,guitar,0.9999884366989136
sketch/guitar/n02676566_9254-5.png,sketch,3,guitar,3,guitar,1.0
sketch/guitar/n02676566_9451-1.png,sketch,3,guitar,3,guitar,0.9999998807907104
sketch/guitar/n02676566_9451-2.png,sketch,3,guitar,3,guitar,1.0
sketch/guitar/n02676566_9451-3.png,sketch,3,guitar,3,guitar,0.6693927645683289
sketch/guitar/n02676566_9451-4.png,sketch,3,guitar,3,guitar,0.9995658993721008
sketch/guitar/n02676566_9451-5.png,sketch,3,guitar,3,guitar,0.8137739300727844
sketch/guitar/n02676566_9577-1.png,sketch,3,guitar,3,guitar,0.9999638795852661
sketch/guitar/n02676566_9577-2.png,sketch,3,guitar,3,guitar,0.9990748167037964
sketch/guitar/n02676566_9577-3.png,sketch,3,guitar,3,guitar,0.9998652935028076
sketch/guitar/n02676566_9577-4.png,sketch,3,guitar,3,guitar,0.9992964267730713
sketch/guitar/n02676566_9577-5.png,sketch,3,guitar,3,guitar,0.9999977350234985
sketch/guitar/n02676566_9577-6.png,sketch,3,guitar,3,guitar,0.9987959861755371
sketch/guitar/n02676566_9612-1.png,sketch,3,guitar,3,guitar,0.9998792409896851
sketch/guitar/n02676566_9612-2.png,sketch,3,guitar,3,guitar,0.9999701976776123
sketch/guitar/n02676566_9612-3.png,sketch,3,guitar,3,guitar,1.0
sketch/guitar/n02676566_9612-4.png,sketch,3,guitar,3,guitar,0.9786002039909363
sketch/guitar/n02676566_9612-5.png,sketch,3,guitar,3,guitar,0.9999991655349731
sketch/guitar/n02676566_9661-1.png,sketch,3,guitar,3,guitar,0.8777492046356201
sketch/guitar/n02676566_9661-2.png,sketch,3,guitar,2,giraffe,0.6836312413215637
sketch/guitar/n02676566_9661-3.png,sketch,3,guitar,3,guitar,0.9999992847442627
sketch/guitar/n02676566_9661-4.png,sketch,3,guitar,3,guitar,0.9886860847473145
sketch/guitar/n02676566_9661-5.png,sketch,3,guitar,3,guitar,0.9989393353462219
sketch/guitar/n02676566_9661-6.png,sketch,3,guitar,3,guitar,0.9341127276420593
sketch/guitar/n02676566_970-1.png,sketch,3,guitar,3,guitar,1.0
sketch/guitar/n02676566_970-2.png,sketch,3,guitar,3,guitar,0.9999985694885254
sketch/guitar/n02676566_970-3.png,sketch,3,guitar,3,guitar,0.9995847344398499
sketch/guitar/n02676566_970-4.png,sketch,3,guitar,3,guitar,0.9999991655349731
sketch/guitar/n02676566_970-5.png,sketch,3,guitar,3,guitar,0.9993267059326172
sketch/guitar/n02676566_970-6.png,sketch,3,guitar,3,guitar,0.9999874830245972
sketch/guitar/n02676566_9936-1.png,sketch,3,guitar,3,guitar,0.9993957281112671
sketch/guitar/n02676566_9936-2.png,sketch,3,guitar,3,guitar,0.9999985694885254
sketch/guitar/n02676566_9936-3.png,sketch,3,guitar,3,guitar,0.9982638955116272
sketch/guitar/n02676566_9936-4.png,sketch,3,guitar,3,guitar,0.9997350573539734
sketch/guitar/n02676566_9936-5.png,sketch,3,guitar,3,guitar,0.999286949634552
sketch/guitar/n03272010_10441-1.png,sketch,3,guitar,3,guitar,0.9995861649513245
sketch/guitar/n03272010_10441-2.png,sketch,3,guitar,3,guitar,0.9884080290794373
sketch/guitar/n03272010_10441-3.png,sketch,3,guitar,3,guitar,0.9996614456176758
sketch/guitar/n03272010_10441-4.png,sketch,3,guitar,3,guitar,0.9999686479568481
sketch/guitar/n03272010_10441-5.png,sketch,3,guitar,3,guitar,0.9999910593032837
sketch/guitar/n03272010_10795-1.png,sketch,3,guitar,3,guitar,0.9994186162948608
sketch/guitar/n03272010_10795-2.png,sketch,3,guitar,3,guitar,0.999555766582489
sketch/guitar/n03272010_10795-3.png,sketch,3,guitar,3,guitar,0.993835985660553
sketch/guitar/n03272010_10795-4.png,sketch,3,guitar,3,guitar,1.0
sketch/guitar/n03272010_10795-5.png,sketch,3,guitar,3,guitar,0.9998230338096619
sketch/guitar/n03272010_11646-1.png,sketch,3,guitar,3,guitar,1.0
sketch/guitar/n03272010_11646-2.png,sketch,3,guitar,3,guitar,1.0
sketch/guitar/n03272010_11646-3.png,sketch,3,guitar,3,guitar,0.9999994039535522
sketch/guitar/n03272010_11646-4.png,sketch,3,guitar,3,guitar,1.0
sketch/guitar/n03272010_11646-5.png,sketch,3,guitar,3,guitar,0.990419328212738
sketch/guitar/n03272010_12151-1.png,sketch,3,guitar,3,guitar,0.9961572289466858
sketch/guitar/n03272010_12151-2.png,sketch,3,guitar,3,guitar,0.9999850988388062
sketch/guitar/n03272010_12151-3.png,sketch,3,guitar,3,guitar,0.6182253956794739
sketch/guitar/n03272010_12151-4.png,sketch,3,guitar,3,guitar,0.9999758005142212
sketch/guitar/n03272010_12151-5.png,sketch,3,guitar,3,guitar,0.9998518228530884
sketch/guitar/n03272010_12468-1.png,sketch,3,guitar,3,guitar,0.9999507665634155
sketch/guitar/n03272010_12468-2.png,sketch,3,guitar,3,guitar,0.9190770983695984
sketch/guitar/n03272010_12468-3.png,sketch,3,guitar,3,guitar,0.9986245632171631
sketch/guitar/n03272010_12468-4.png,sketch,3,guitar,3,guitar,0.9999382495880127
sketch/guitar/n03272010_12468-5.png,sketch,3,guitar,3,guitar,0.9999983310699463
sketch/guitar/n03272010_1708-1.png,sketch,3,guitar,3,guitar,0.9952197670936584
sketch/guitar/n03272010_1708-2.png,sketch,3,guitar,3,guitar,0.9915570020675659
sketch/guitar/n03272010_1708-3.png,sketch,3,guitar,3,guitar,0.9995840191841125
sketch/guitar/n03272010_1708-4.png,sketch,3,guitar,3,guitar,0.9726063013076782
sketch/guitar/n03272010_1708-5.png,sketch,3,guitar,3,guitar,0.9999687671661377
sketch/guitar/n03272010_1708-6.png,sketch,3,guitar,3,guitar,0.9988861680030823
sketch/guitar/n03272010_3732-1.png,sketch,3,guitar,3,guitar,0.999915599822998
sketch/guitar/n03272010_3732-2.png,sketch,3,guitar,3,guitar,0.9999991655349731
sketch/guitar/n03272010_3732-3.png,sketch,3,guitar,3,guitar,0.8695358633995056
sketch/guitar/n03272010_3732-4.png,sketch,3,guitar,3,guitar,0.9999992847442627
sketch/guitar/n03272010_3732-5.png,sketch,3,guitar,3,guitar,0.9948432445526123
sketch/guitar/n03272010_3732-6.png,sketch,3,guitar,3,guitar,0.9895051121711731
sketch/guitar/n03272010_392-1.png,sketch,3,guitar,3,guitar,0.8028188347816467
sketch/guitar/n03272010_392-2.png,sketch,3,guitar,2,giraffe,0.5341039896011353
sketch/guitar/n03272010_392-3.png,sketch,3,guitar,3,guitar,0.999703586101532
sketch/guitar/n03272010_392-4.png,sketch,3,guitar,3,guitar,0.9999895095825195
sketch/guitar/n03272010_392-5.png,sketch,3,guitar,3,guitar,0.43389472365379333
sketch/guitar/n03272010_446-1.png,sketch,3,guitar,3,guitar,0.9984546899795532
sketch/guitar/n03272010_446-2.png,sketch,3,guitar,3,guitar,0.9989591836929321
sketch/guitar/n03272010_446-3.png,sketch,3,guitar,3,guitar,0.9999505281448364
sketch/guitar/n03272010_446-4.png,sketch,3,guitar,3,guitar,0.69991534948349
sketch/guitar/n03272010_446-5.png,sketch,3,guitar,3,guitar,0.9939393997192383
sketch/guitar/n03272010_5483-1.png,sketch,3,guitar,2,giraffe,0.9042484760284424
sketch/guitar/n03272010_5483-2.png,sketch,3,guitar,3,guitar,0.9651524424552917
sketch/guitar/n03272010_5483-3.png,sketch,3,guitar,3,guitar,0.516006588935852
sketch/guitar/n03272010_5483-4.png,sketch,3,guitar,3,guitar,0.9991527795791626
sketch/guitar/n03272010_5483-5.png,sketch,3,guitar,3,guitar,0.9897363185882568
sketch/guitar/n03272010_5483-6.png,sketch,3,guitar,3,guitar,0.9999982118606567
sketch/guitar/n03272010_5875-1.png,sketch,3,guitar,3,guitar,0.8517694473266602
sketch/guitar/n03272010_5875-2.png,sketch,3,guitar,2,giraffe,0.36834144592285156
sketch/guitar/n03272010_5875-3.png,sketch,3,guitar,1,elephant,0.6458390355110168
sketch/guitar/n03272010_5875-4.png,sketch,3,guitar,3,guitar,0.9999966621398926
sketch/guitar/n03272010_5875-5.png,sketch,3,guitar,3,guitar,0.9985186457633972
sketch/guitar/n03272010_5887-1.png,sketch,3,guitar,3,guitar,0.9999983310699463
sketch/guitar/n03272010_5887-2.png,sketch,3,guitar,0,dog,0.34211769700050354
sketch/guitar/n03272010_5887-3.png,sketch,3,guitar,1,elephant,0.5546265244483948
sketch/guitar/n03272010_5887-4.png,sketch,3,guitar,1,elephant,0.5621867775917053
sketch/guitar/n03272010_5887-5.png,sketch,3,guitar,3,guitar,0.9999971389770508
sketch/guitar/n03272010_5887-6.png,sketch,3,guitar,3,guitar,0.9999997615814209
sketch/guitar/n03272010_5887-7.png,sketch,3,guitar,3,guitar,0.9999967813491821
sketch/guitar/n03272010_6152-1.png,sketch,3,guitar,3,guitar,1.0
sketch/guitar/n03272010_6152-2.png,sketch,3,guitar,3,guitar,1.0
sketch/guitar/n03272010_6152-3.png,sketch,3,guitar,3,guitar,1.0
sketch/guitar/n03272010_6152-4.png,sketch,3,guitar,3,guitar,0.9999997615814209
sketch/guitar/n03272010_6152-5.png,sketch,3,guitar,3,guitar,0.9936338663101196
sketch/guitar/n03272010_6255-1.png,sketch,3,guitar,3,guitar,0.9998583793640137
sketch/guitar/n03272010_6255-2.png,sketch,3,guitar,3,guitar,0.8573723435401917
sketch/guitar/n03272010_6255-3.png,sketch,3,guitar,3,guitar,0.9969822764396667
sketch/guitar/n03272010_6255-4.png,sketch,3,guitar,3,guitar,0.9976004958152771
sketch/guitar/n03272010_6255-5.png,sketch,3,guitar,3,guitar,0.9997701048851013
sketch/guitar/n03272010_6291-1.png,sketch,3,guitar,3,guitar,0.9999788999557495
sketch/guitar/n03272010_6291-2.png,sketch,3,guitar,3,guitar,0.9781809449195862
sketch/guitar/n03272010_6291-3.png,sketch,3,guitar,3,guitar,0.9987004995346069
sketch/guitar/n03272010_6291-4.png,sketch,3,guitar,3,guitar,0.9911602139472961
sketch/guitar/n03272010_6291-5.png,sketch,3,guitar,3,guitar,0.9996542930603027
sketch/guitar/n03272010_6650-1.png,sketch,3,guitar,3,guitar,1.0
sketch/guitar/n03272010_6650-2.png,sketch,3,guitar,3,guitar,0.9997395873069763
sketch/guitar/n03272010_6650-3.png,sketch,3,guitar,3,guitar,0.9999904632568359
sketch/guitar/n03272010_6650-4.png,sketch,3,guitar,3,guitar,0.9999996423721313
sketch/guitar/n03272010_6650-5.png,sketch,3,guitar,3,guitar,0.9999599456787109
sketch/guitar/n03272010_6650-6.png,sketch,3,guitar,3,guitar,0.9999991655349731
sketch/guitar/n03272010_6662-1.png,sketch,3,guitar,3,guitar,0.9866344928741455
sketch/guitar/n03272010_6662-2.png,sketch,3,guitar,3,guitar,0.9994214773178101
sketch/guitar/n03272010_6662-3.png,sketch,3,guitar,3,guitar,0.9999990463256836
sketch/guitar/n03272010_6662-4.png,sketch,3,guitar,3,guitar,0.9995548129081726
sketch/guitar/n03272010_6662-5.png,sketch,3,guitar,3,guitar,0.975162923336029
sketch/guitar/n03272010_6662-6.png,sketch,3,guitar,3,guitar,0.9999961853027344
sketch/guitar/n03272010_6662-7.png,sketch,3,guitar,3,guitar,0.9978341460227966
sketch/guitar/n03272010_6718-1.png,sketch,3,guitar,3,guitar,1.0
sketch/guitar/n03272010_6718-2.png,sketch,3,guitar,3,guitar,0.9999895095825195
sketch/guitar/n03272010_6718-3.png,sketch,3,guitar,3,guitar,0.9971338510513306
sketch/guitar/n03272010_6718-4.png,sketch,3,guitar,3,guitar,1.0
sketch/guitar/n03272010_6718-5.png,sketch,3,guitar,3,guitar,0.9999984502792358
sketch/guitar/n03272010_6725-1.png,sketch,3,guitar,3,guitar,0.9999539852142334
sketch/guitar/n03272010_6725-2.png,sketch,3,guitar,3,guitar,0.5666441917419434
sketch/guitar/n03272010_6725-3.png,sketch,3,guitar,3,guitar,0.9999603033065796
sketch/guitar/n03272010_6725-4.png,sketch,3,guitar,3,guitar,0.9999997615814209
sketch/guitar/n03272010_6725-5.png,sketch,3,guitar,3,guitar,1.0
sketch/guitar/n03272010_6727-1.png,sketch,3,guitar,3,guitar,0.9897056818008423
sketch/guitar/n03272010_6727-2.png,sketch,3,guitar,2,giraffe,0.5032389760017395
sketch/guitar/n03272010_6727-3.png,sketch,3,guitar,3,guitar,0.67989182472229
sketch/guitar/n03272010_6727-4.png,sketch,3,guitar,3,guitar,0.9978722333908081
sketch/guitar/n03272010_6727-5.png,sketch,3,guitar,2,giraffe,0.48733842372894287
sketch/guitar/n03272010_6737-1.png,sketch,3,guitar,3,guitar,0.9997265934944153
sketch/guitar/n03272010_6737-2.png,sketch,3,guitar,3,guitar,0.9837888479232788
sketch/guitar/n03272010_6737-3.png,sketch,3,guitar,3,guitar,0.999447762966156
sketch/guitar/n03272010_6737-4.png,sketch,3,guitar,3,guitar,0.9999896287918091
sketch/guitar/n03272010_6737-5.png,sketch,3,guitar,3,guitar,0.9551407694816589
sketch/guitar/n03272010_6737-6.png,sketch,3,guitar,3,guitar,0.9993651509284973
sketch/guitar/n03272010_6799-1.png,sketch,3,guitar,3,guitar,0.9987377524375916
sketch/guitar/n03272010_6799-2.png,sketch,3,guitar,3,guitar,0.9999219179153442
sketch/guitar/n03272010_6799-3.png,sketch,3,guitar,3,guitar,0.9999227523803711
sketch/guitar/n03272010_6799-4.png,sketch,3,guitar,3,guitar,0.9698469638824463
sketch/guitar/n03272010_6799-5.png,sketch,3,guitar,3,guitar,0.9996649026870728
sketch/guitar/n03272010_6809-1.png,sketch,3,guitar,3,guitar,0.9999923706054688
sketch/guitar/n03272010_6809-2.png,sketch,3,guitar,3,guitar,0.9996557235717773
sketch/guitar/n03272010_6809-3.png,sketch,3,guitar,3,guitar,0.9996485710144043
sketch/guitar/n03272010_6809-4.png,sketch,3,guitar,3,guitar,0.9998251795768738
sketch/guitar/n03272010_6809-5.png,sketch,3,guitar,3,guitar,0.9996833801269531
sketch/guitar/n03272010_6820-1.png,sketch,3,guitar,3,guitar,0.9999979734420776
sketch/guitar/n03272010_6820-2.png,sketch,3,guitar,3,guitar,0.9999724626541138
sketch/guitar/n03272010_6820-3.png,sketch,3,guitar,3,guitar,0.9999979734420776
sketch/guitar/n03272010_6820-4.png,sketch,3,guitar,3,guitar,0.9954515099525452
sketch/guitar/n03272010_6820-5.png,sketch,3,guitar,3,guitar,0.9997819066047668
sketch/guitar/n03272010_6926-1.png,sketch,3,guitar,3,guitar,0.9938632249832153
sketch/guitar/n03272010_6926-2.png,sketch,3,guitar,3,guitar,0.9836016297340393
sketch/guitar/n03272010_6926-3.png,sketch,3,guitar,3,guitar,0.9997807145118713
sketch/guitar/n03272010_6926-4.png,sketch,3,guitar,3,guitar,0.7935843467712402
sketch/guitar/n03272010_6926-5.png,sketch,3,guitar,3,guitar,0.9999910593032837
sketch/guitar/n03272010_7000-1.png,sketch,3,guitar,3,guitar,0.9999997615814209
sketch/guitar/n03272010_7000-2.png,sketch,3,guitar,3,guitar,0.9998419284820557
sketch/guitar/n03272010_7000-3.png,sketch,3,guitar,3,guitar,0.9999998807907104
sketch/guitar/n03272010_7000-4.png,sketch,3,guitar,3,guitar,0.9998519420623779
sketch/guitar/n03272010_7000-5.png,sketch,3,guitar,3,guitar,1.0
sketch/guitar/n03272010_7092-1.png,sketch,3,guitar,3,guitar,0.999713122844696
sketch/guitar/n03272010_7092-2.png,sketch,3,guitar,3,guitar,0.9994107484817505
sketch/guitar/n03272010_7092-3.png,sketch,3,guitar,3,guitar,0.9996860027313232
sketch/guitar/n03272010_7092-4.png,sketch,3,guitar,2,giraffe,0.48606809973716736
sketch/guitar/n03272010_7092-5.png,sketch,3,guitar,3,guitar,0.9999951124191284
sketch/guitar/n03272010_7383-1.png,sketch,3,guitar,3,guitar,0.9999513626098633
sketch/guitar/n03272010_7383-2.png,sketch,3,guitar,3,guitar,0.9933203458786011
sketch/guitar/n03272010_7383-3.png,sketch,3,guitar,3,guitar,1.0
sketch/guitar/n03272010_7383-4.png,sketch,3,guitar,3,guitar,0.999966025352478
sketch/guitar/n03272010_7383-5.png,sketch,3,guitar,3,guitar,0.9998488426208496
sketch/guitar/n03272010_7390-1.png,sketch,3,guitar,3,guitar,0.999998927116394
sketch/guitar/n03272010_7390-2.png,sketch,3,guitar,3,guitar,0.9995927214622498
sketch/guitar/n03272010_7390-3.png,sketch,3,guitar,3,guitar,0.9519540667533875
sketch/guitar/n03272010_7390-4.png,sketch,3,guitar,3,guitar,1.0
sketch/guitar/n03272010_7390-5.png,sketch,3,guitar,3,guitar,0.9942810535430908
sketch/guitar/n03272010_7635-1.png,sketch,3,guitar,3,guitar,0.9999314546585083
sketch/guitar/n03272010_7635-2.png,sketch,3,guitar,3,guitar,0.9999966621398926
sketch/guitar/n03272010_7635-3.png,sketch,3,guitar,3,guitar,0.9995003938674927
sketch/guitar/n03272010_7635-4.png,sketch,3,guitar,3,guitar,0.9982951283454895
sketch/guitar/n03272010_7635-5.png,sketch,3,guitar,3,guitar,1.0
sketch/guitar/n03272010_7729-1.png,sketch,3,guitar,3,guitar,0.6731570363044739
sketch/guitar/n03272010_7729-2.png,sketch,3,guitar,3,guitar,0.9999980926513672
sketch/guitar/n03272010_7729-3.png,sketch,3,guitar,3,guitar,0.999765932559967
sketch/guitar/n03272010_7729-4.png,sketch,3,guitar,3,guitar,0.999302864074707
sketch/guitar/n03272010_7729-5.png,sketch,3,guitar,3,guitar,0.9927123785018921
sketch/guitar/n03272010_9557-1.png,sketch,3,guitar,2,giraffe,0.6995533108711243
sketch/guitar/n03272010_9557-2.png,sketch,3,guitar,3,guitar,0.9952189326286316
sketch/guitar/n03272010_9557-3.png,sketch,3,guitar,3,guitar,0.9073984026908875
sketch/guitar/n03272010_9557-4.png,sketch,3,guitar,3,guitar,0.5282473564147949
sketch/guitar/n03272010_9557-5.png,sketch,3,guitar,3,guitar,0.5141579508781433
sketch/guitar/n03272010_9557-6.png,sketch,3,guitar,2,giraffe,0.9980921149253845
sketch/guitar/n03272010_9858-1.png,sketch,3,guitar,3,guitar,0.9998424053192139
sketch/guitar/n03272010_9858-2.png,sketch,3,guitar,3,guitar,0.9927531480789185
sketch/guitar/n03272010_9858-3.png,sketch,3,guitar,3,guitar,0.9994533658027649
sketch/guitar/n03272010_9858-4.png,sketch,3,guitar,3,guitar,0.999998927116394
sketch/guitar/n03272010_9858-5.png,sketch,3,guitar,3,guitar,0.9995827078819275
sketch/guitar/n03272010_9899-1.png,sketch,3,guitar,2,giraffe,0.6156858801841736
sketch/guitar/n03272010_9899-2.png,sketch,3,guitar,3,guitar,0.7950142025947571
sketch/guitar/n03272010_9899-3.png,sketch,3,guitar,3,guitar,0.9998236298561096
sketch/guitar/n03272010_9899-4.png,sketch,3,guitar,3,guitar,0.7432553172111511
sketch/guitar/n03272010_9899-5.png,sketch,3,guitar,3,guitar,0.9999953508377075
sketch/guitar/n03467517_11020-1.png,sketch,3,guitar,0,dog,0.3821113705635071
sketch/guitar/n03467517_11020-2.png,sketch,3,guitar,1,elephant,0.48982203006744385
sketch/guitar/n03467517_11020-3.png,sketch,3,guitar,3,guitar,0.7810913324356079
sketch/guitar/n03467517_11020-4.png,sketch,3,guitar,3,guitar,0.9084468483924866
sketch/guitar/n03467517_11020-5.png,sketch,3,guitar,1,elephant,0.5211527347564697
sketch/guitar/n03467517_12925-1.png,sketch,3,guitar,3,guitar,0.998295247554779
sketch/guitar/n03467517_12925-2.png,sketch,3,guitar,3,guitar,0.9999830722808838
sketch/guitar/n03467517_12925-3.png,sketch,3,guitar,3,guitar,0.9985648989677429
sketch/guitar/n03467517_12925-4.png,sketch,3,guitar,3,guitar,0.9999803304672241
sketch/guitar/n03467517_12925-5.png,sketch,3,guitar,3,guitar,0.9998677968978882
sketch/guitar/n03467517_16911-1.png,sketch,3,guitar,1,elephant,0.731761634349823
sketch/guitar/n03467517_16911-2.png,sketch,3,guitar,1,elephant,0.42861056327819824
sketch/guitar/n03467517_16911-3.png,sketch,3,guitar,3,guitar,0.9997372031211853
sketch/guitar/n03467517_16911-4.png,sketch,3,guitar,3,guitar,0.9999582767486572
sketch/guitar/n03467517_16911-5.png,sketch,3,guitar,3,guitar,0.9457597136497498
sketch/guitar/n03467517_17233-1.png,sketch,3,guitar,3,guitar,0.9557285308837891
sketch/guitar/n03467517_17233-2.png,sketch,3,guitar,3,guitar,0.6259498000144958
sketch/guitar/n03467517_17233-3.png,sketch,3,guitar,3,guitar,0.999992847442627
sketch/guitar/n03467517_17233-4.png,sketch,3,guitar,3,guitar,1.0
sketch/guitar/n03467517_17233-5.png,sketch,3,guitar,3,guitar,0.9999872446060181
sketch/guitar/n03467517_19701-1.png,sketch,3,guitar,3,guitar,0.9999911785125732
sketch/guitar/n03467517_19701-2.png,sketch,3,guitar,3,guitar,1.0
sketch/guitar/n03467517_19701-3.png,sketch,3,guitar,3,guitar,0.87274169921875
sketch/guitar/n03467517_19701-4.png,sketch,3,guitar,3,guitar,0.9998685121536255
sketch/guitar/n03467517_19701-5.png,sketch,3,guitar,3,guitar,0.999992847442627
sketch/guitar/n03467517_21782-1.png,sketch,3,guitar,3,guitar,0.9999998807907104
sketch/guitar/n03467517_21782-2.png,sketch,3,guitar,3,guitar,0.9750569462776184
sketch/guitar/n03467517_21782-3.png,sketch,3,guitar,3,guitar,0.9672664999961853
sketch/guitar/n03467517_21782-4.png,sketch,3,guitar,3,guitar,1.0
sketch/guitar/n03467517_21782-5.png,sketch,3,guitar,1,elephant,0.6401851773262024
sketch/guitar/n03467517_21884-1.png,sketch,3,guitar,3,guitar,0.9993149042129517
sketch/guitar/n03467517_21884-2.png,sketch,3,guitar,3,guitar,0.9820368885993958
sketch/guitar/n03467517_21884-3.png,sketch,3,guitar,3,guitar,0.99906986951828
sketch/guitar/n03467517_21884-4.png,sketch,3,guitar,3,guitar,0.526844322681427
sketch/guitar/n03467517_21884-5.png,sketch,3,guitar,3,guitar,0.8918517827987671
sketch/guitar/n03467517_21884-6.png,sketch,3,guitar,3,guitar,0.9999252557754517
sketch/guitar/n03467517_22246-1.png,sketch,3,guitar,3,guitar,0.8498862981796265
sketch/guitar/n03467517_22246-2.png,sketch,3,guitar,3,guitar,0.9998446702957153
sketch/guitar/n03467517_22246-3.png,sketch,3,guitar,3,guitar,0.9998754262924194
sketch/guitar/n03467517_22246-4.png,sketch,3,guitar,3,guitar,0.9999967813491821
sketch/guitar/n03467517_22246-5.png,sketch,3,guitar,3,guitar,0.9999969005584717
sketch/guitar/n03467517_22246-6.png,sketch,3,guitar,3,guitar,0.9999762773513794
sketch/guitar/n03467517_22374-1.png,sketch,3,guitar,3,guitar,0.9371159076690674
sketch/guitar/n03467517_22374-2.png,sketch,3,guitar,3,guitar,1.0
sketch/guitar/n03467517_22374-3.png,sketch,3,guitar,3,guitar,0.9999951124191284
sketch/guitar/n03467517_22374-4.png,sketch,3,guitar,3,guitar,0.8871188163757324
sketch/guitar/n03467517_22374-5.png,sketch,3,guitar,3,guitar,1.0
sketch/guitar/n03467517_22785-1.png,sketch,3,guitar,3,guitar,0.8547716736793518
sketch/guitar/n03467517_22785-2.png,sketch,3,guitar,3,guitar,0.9999994039535522
sketch/guitar/n03467517_22785-3.png,sketch,3,guitar,3,guitar,1.0
sketch/guitar/n03467517_22785-4.png,sketch,3,guitar,3,guitar,0.9999996423721313
sketch/guitar/n03467517_22785-5.png,sketch,3,guitar,3,guitar,0.999935507774353
sketch/guitar/n03467517_22871-1.png,sketch,3,guitar,3,guitar,0.9999998807907104
sketch/guitar/n03467517_22871-2.png,sketch,3,guitar,3,guitar,0.9999970197677612
sketch/guitar/n03467517_22871-3.png,sketch,3,guitar,3,guitar,1.0
sketch/guitar/n03467517_22871-4.png,sketch,3,guitar,1,elephant,0.6514073610305786
sketch/guitar/n03467517_22871-5.png,sketch,3,guitar,3,guitar,0.5169168710708618
sketch/guitar/n03467517_23229-1.png,sketch,3,guitar,3,guitar,0.9998849630355835
sketch/guitar/n03467517_23229-2.png,sketch,3,guitar,3,guitar,0.9969195127487183
sketch/guitar/n03467517_23229-3.png,sketch,3,guitar,3,guitar,0.997428834438324
sketch/guitar/n03467517_23229-4.png,sketch,3,guitar,3,guitar,0.9678168892860413
sketch/guitar/n03467517_23229-5.png,sketch,3,guitar,3,guitar,0.8819858431816101
sketch/guitar/n03467517_24525-1.png,sketch,3,guitar,3,guitar,0.9999963045120239
sketch/guitar/n03467517_24525-2.png,sketch,3,guitar,3,guitar,0.9996938705444336
sketch/guitar/n03467517_24525-3.png,sketch,3,guitar,3,guitar,0.9999898672103882
sketch/guitar/n03467517_24525-4.png,sketch,3,guitar,3,guitar,0.999962329864502
sketch/guitar/n03467517_24525-5.png,sketch,3,guitar,3,guitar,0.9999963045120239
sketch/guitar/n03467517_24525-6.png,sketch,3,guitar,3,guitar,0.9999982118606567
sketch/guitar/n03467517_3203-1.png,sketch,3,guitar,3,guitar,0.9938468337059021
sketch/guitar/n03467517_3203-2.png,sketch,3,guitar,3,guitar,0.7580093741416931
sketch/guitar/n03467517_3203-3.png,sketch,3,guitar,3,guitar,0.8559839725494385
sketch/guitar/n03467517_3203-4.png,sketch,3,guitar,3,guitar,0.9999938011169434
sketch/guitar/n03467517_3203-5.png,sketch,3,guitar,3,guitar,1.0
sketch/guitar/n03467517_6423-1.png,sketch,3,guitar,3,guitar,0.9888457655906677
sketch/guitar/n03467517_6423-2.png,sketch,3,guitar,3,guitar,0.9999901056289673
sketch/guitar/n03467517_6423-3.png,sketch,3,guitar,3,guitar,0.9703092575073242
sketch/guitar/n03467517_6423-4.png,sketch,3,guitar,3,guitar,0.9999969005584717
sketch/guitar/n03467517_6423-5.png,sketch,3,guitar,3,guitar,0.999672532081604
sketch/guitar/n03467517_7007-1.png,sketch,3,guitar,2,giraffe,0.8991425633430481
sketch/guitar/n03467517_7007-2.png,sketch,3,guitar,3,guitar,0.9997654557228088
sketch/guitar/n03467517_7007-3.png,sketch,3,guitar,3,guitar,0.9974351525306702
sketch/guitar/n03467517_7007-4.png,sketch,3,guitar,2,giraffe,0.942692220211029
sketch/guitar/n03467517_7007-5.png,sketch,3,guitar,3,guitar,0.9988886713981628
sketch/guitar/n03467517_7007-6.png,sketch,3,guitar,3,guitar,0.9998862743377686
sketch/guitar/n03467517_8929-1.png,sketch,3,guitar,3,guitar,0.9990921020507812
sketch/guitar/n03467517_8929-2.png,sketch,3,guitar,3,guitar,0.9999897480010986
sketch/guitar/n03467517_8929-3.png,sketch,3,guitar,3,guitar,0.9999884366989136
sketch/guitar/n03467517_8929-4.png,sketch,3,guitar,3,guitar,0.9995582699775696
sketch/guitar/n03467517_8929-5.png,sketch,3,guitar,3,guitar,0.9999510049819946
sketch/horse/8481.png,sketch,4,horse,4,horse,0.7314222455024719
sketch/horse/8482.png,sketch,4,horse,4,horse,0.9500153660774231
sketch/horse/8483.png,sketch,4,horse,2,giraffe,0.7568997740745544
sketch/horse/8484.png,sketch,4,horse,4,horse,0.8250597715377808
sketch/horse/8485.png,sketch,4,horse,4,horse,0.9141024947166443
sketch/horse/8486.png,sketch,4,horse,4,horse,0.6502545475959778
sketch/horse/8487.png,sketch,4,horse,4,horse,0.47123146057128906
sketch/horse/8488.png,sketch,4,horse,4,horse,0.7011816501617432
sketch/horse/8489.png,sketch,4,horse,0,dog,0.5242513418197632
sketch/horse/8490.png,sketch,4,horse,0,dog,0.8376080989837646
sketch/horse/8491.png,sketch,4,horse,0,dog,0.5735583305358887
sketch/horse/8492.png,sketch,4,horse,2,giraffe,0.8006884455680847
sketch/horse/8493.png,sketch,4,horse,2,giraffe,0.5806727409362793
sketch/horse/8494.png,sketch,4,horse,2,giraffe,0.5351501107215881
sketch/horse/8495.png,sketch,4,horse,0,dog,0.6447426676750183
sketch/horse/8496.png,sketch,4,horse,0,dog,0.5839468836784363
sketch/horse/8497.png,sketch,4,horse,2,giraffe,0.2769922912120819
sketch/horse/8498.png,sketch,4,horse,0,dog,0.6404966711997986
sketch/horse/8499.png,sketch,4,horse,2,giraffe,0.44795578718185425
sketch/horse/8500.png,sketch,4,horse,1,elephant,0.5939399600028992
sketch/horse/8501.png,sketch,4,horse,4,horse,0.9423896670341492
sketch/horse/8502.png,sketch,4,horse,4,horse,0.6942902207374573
sketch/horse/8503.png,sketch,4,horse,4,horse,0.6333179473876953
sketch/horse/8504.png,sketch,4,horse,4,horse,0.9036314487457275
sketch/horse/8505.png,sketch,4,horse,0,dog,0.7849212288856506
sketch/horse/8506.png,sketch,4,horse,4,horse,0.6190183758735657
sketch/horse/8507.png,sketch,4,horse,2,giraffe,0.7392545342445374
sketch/horse/8508.png,sketch,4,horse,1,elephant,0.5256913304328918
sketch/horse/8509.png,sketch,4,horse,1,elephant,0.6461584568023682
sketch/horse/8510.png,sketch,4,horse,1,elephant,0.6176407933235168
sketch/horse/8511.png,sketch,4,horse,0,dog,0.6801000237464905
sketch/horse/8512.png,sketch,4,horse,4,horse,0.6462470293045044
sketch/horse/8513.png,sketch,4,horse,4,horse,0.9965914487838745
sketch/horse/8514.png,sketch,4,horse,4,horse,0.6437790393829346
sketch/horse/8515.png,sketch,4,horse,4,horse,0.5018980503082275
sketch/horse/8516.png,sketch,4,horse,0,dog,0.5452826619148254
sketch/horse/8517.png,sketch,4,horse,0,dog,0.5498677492141724
sketch/horse/8518.png,sketch,4,horse,1,elephant,0.5130590796470642
sketch/horse/8519.png,sketch,4,horse,1,elephant,0.7032583355903625
sketch/horse/8520.png,sketch,4,horse,0,dog,0.43316999077796936
sketch/horse/8521.png,sketch,4,horse,0,dog,0.47411951422691345
sketch/horse/8522.png,sketch,4,horse,4,horse,0.8627400398254395
sketch/horse/8523.png,sketch,4,horse,4,horse,0.5751709938049316
sketch/horse/8524.png,sketch,4,horse,0,dog,0.5618415474891663
sketch/horse/8525.png,sketch,4,horse,4,horse,0.9404671788215637
sketch/horse/8526.png,sketch,4,horse,4,horse,0.8690015077590942
sketch/horse/8527.png,sketch,4,horse,4,horse,0.8274779319763184
sketch/horse/8528.png,sketch,4,horse,4,horse,0.6629166007041931
sketch/horse/8529.png,sketch,4,horse,0,dog,0.7289400696754456
sketch/horse/8530.png,sketch,4,horse,0,dog,0.7491613030433655
sketch/horse/8531.png,sketch,4,horse,1,elephant,0.7205758094787598
sketch/horse/8532.png,sketch,4,horse,0,dog,0.6195078492164612
sketch/horse/8533.png,sketch,4,horse,4,horse,0.9582443237304688
sketch/horse/8534.png,sketch,4,horse,4,horse,0.8948076367378235
sketch/horse/8535.png,sketch,4,horse,0,dog,0.6388968229293823
sketch/horse/8536.png,sketch,4,horse,4,horse,0.86391282081604
sketch/horse/8537.png,sketch,4,horse,4,horse,0.445570707321167
sketch/horse/8538.png,sketch,4,horse,4,horse,0.9792598485946655
sketch/horse/8539.png,sketch,4,horse,4,horse,0.9741008877754211
sketch/horse/8540.png,sketch,4,horse,0,dog,0.5941365957260132
sketch/horse/8541.png,sketch,4,horse,1,elephant,0.6829388737678528
sketch/horse/8542.png,sketch,4,horse,0,dog,0.8201886415481567
sketch/horse/8543.png,sketch,4,horse,4,horse,0.8601354956626892
sketch/horse/8544.png,sketch,4,horse,4,horse,0.9906452894210815
sketch/horse/8545.png,sketch,4,horse,4,horse,0.7645663022994995
sketch/horse/8546.png,sketch,4,horse,4,horse,0.7466303110122681
sketch/horse/8547.png,sketch,4,horse,4,horse,0.667711615562439
sketch/horse/8548.png,sketch,4,horse,0,dog,0.9474531412124634
sketch/horse/8549.png,sketch,4,horse,0,dog,0.4761407673358917
sketch/horse/8550.png,sketch,4,horse,0,dog,0.43956783413887024
sketch/horse/8551.png,sketch,4,horse,4,horse,0.4292175769805908
sketch/horse/8552.png,sketch,4,horse,2,giraffe,0.8704897165298462
sketch/horse/8553.png,sketch,4,horse,0,dog,0.34041404724121094
sketch/horse/8554.png,sketch,4,horse,0,dog,0.31528225541114807
sketch/horse/8555.png,sketch,4,horse,1,elephant,0.4744952321052551
sketch/horse/8556.png,sketch,4,horse,1,elephant,0.5053249597549438
sketch/horse/8557.png,sketch,4,horse,2,giraffe,0.9305552244186401
sketch/horse/8558.png,sketch,4,horse,0,dog,0.6500733494758606
sketch/horse/8559.png,sketch,4,horse,4,horse,0.950391948223114
sketch/horse/8560.png,sketch,4,horse,0,dog,0.5197710990905762
sketch/horse/n02374451_10081-1.png,sketch,4,horse,4,horse,0.8140649795532227
sketch/horse/n02374451_10081-2.png,sketch,4,horse,4,horse,0.9942939877510071
sketch/horse/n02374451_10081-3.png,sketch,4,horse,4,horse,0.8515065312385559
sketch/horse/n02374451_10081-4.png,sketch,4,horse,0,dog,0.5663110613822937
sketch/horse/n02374451_10081-5.png,sketch,4,horse,4,horse,0.9958280920982361
sketch/horse/n02374451_10081-6.png,sketch,4,horse,4,horse,0.8934156894683838
sketch/horse/n02374451_10098-1.png,sketch,4,horse,4,horse,0.9521762728691101
sketch/horse/n02374451_10098-2.png,sketch,4,horse,4,horse,0.9987168312072754
sketch/horse/n02374451_10098-3.png,sketch,4,horse,4,horse,0.9994945526123047
sketch/horse/n02374451_10098-4.png,sketch,4,horse,4,horse,0.999764621257782
sketch/horse/n02374451_10098-5.png,sketch,4,horse,4,horse,0.9999830722808838
sketch/horse/n02374451_10098-6.png,sketch,4,horse,4,horse,0.9875262379646301
sketch/horse/n02374451_10098-7.png,sketch,4,horse,4,horse,0.9999603033065796
sketch/horse/n02374451_10099-1.png,sketch,4,horse,4,horse,0.695207417011261
sketch/horse/n02374451_10099-2.png,sketch,4,horse,0,dog,0.694240152835846
sketch/horse/n02374451_10099-3.png,sketch,4,horse,4,horse,0.9985734224319458
sketch/horse/n02374451_10099-4.png,sketch,4,horse,4,horse,0.8564358949661255
sketch/horse/n02374451_10099-5.png,sketch,4,horse,4,horse,0.9911971092224121
sketch/horse/n02374451_10099-6.png,sketch,4,horse,4,horse,0.9994865655899048
sketch/horse/n02374451_10099-7.png,sketch,4,horse,4,horse,0.9999967813491821
sketch/horse/n02374451_10099-8.png,sketch,4,horse,4,horse,0.9984556436538696
sketch/horse/n02374451_10099-9.png,sketch,4,horse,4,horse,0.9881768822669983
sketch/horse/n02374451_10118-1.png,sketch,4,horse,4,horse,0.9835076332092285
sketch/horse/n02374451_10118-2.png,sketch,4,horse,4,horse,0.9954454898834229
sketch/horse/n02374451_10118-3.png,sketch,4,horse,4,horse,0.9998262524604797
sketch/horse/n02374451_10118-4.png,sketch,4,horse,4,horse,0.999985933303833
sketch/horse/n02374451_10118-5.png,sketch,4,horse,4,horse,0.9991727471351624
sketch/horse/n02374451_10331-1.png,sketch,4,horse,4,horse,0.933556079864502
sketch/horse/n02374451_10331-2.png,sketch,4,horse,4,horse,0.9997977614402771
sketch/horse/n02374451_10331-3.png,sketch,4,horse,0,dog,0.8794806003570557
sketch/horse/n02374451_10331-4.png,sketch,4,horse,4,horse,0.5549240708351135
sketch/horse/n02374451_10331-5.png,sketch,4,horse,2,giraffe,0.7728670239448547
sketch/horse/n02374451_10669-1.png,sketch,4,horse,4,horse,0.5132583379745483
sketch/horse/n02374451_10669-2.png,sketch,4,horse,4,horse,0.8403701782226562
sketch/horse/n02374451_10669-3.png,sketch,4,horse,2,giraffe,0.32860949635505676
sketch/horse/n02374451_10669-4.png,sketch,4,horse,4,horse,0.9565854668617249
sketch/horse/n02374451_10669-5.png,sketch,4,horse,4,horse,0.5236577987670898
sketch/horse/n02374451_10669-6.png,sketch,4,horse,4,horse,0.5054138898849487
sketch/horse/n02374451_10669-7.png,sketch,4,horse,4,horse,0.9463388919830322
sketch/horse/n02374451_10669-8.png,sketch,4,horse,4,horse,0.9998272061347961
sketch/horse/n02374451_10669-9.png,sketch,4,horse,4,horse,0.9640997648239136
sketch/horse/n02374451_10761-1.png,sketch,4,horse,4,horse,0.4154658913612366
sketch/horse/n02374451_10761-10.png,sketch,4,horse,2,giraffe,0.9075361490249634
sketch/horse/n02374451_10761-2.png,sketch,4,horse,2,giraffe,0.4552592933177948
sketch/horse/n02374451_10761-3.png,sketch,4,horse,0,dog,0.8211126923561096
sketch/horse/n02374451_10761-4.png,sketch,4,horse,1,elephant,0.4272509217262268
sketch/horse/n02374451_10761-5.png,sketch,4,horse,0,dog,0.5118125081062317
sketch/horse/n02374451_10761-6.png,sketch,4,horse,0,dog,0.7771236896514893
sketch/horse/n02374451_10761-7.png,sketch,4,horse,4,horse,0.7875584363937378
sketch/horse/n02374451_10761-8.png,sketch,4,horse,2,giraffe,0.527014970779419
sketch/horse/n02374451_10761-9.png,sketch,4,horse,0,dog,0.7144795060157776
sketch/horse/n02374451_10809-1.png,sketch,4,horse,2,giraffe,0.7589191198348999
sketch/horse/n02374451_10809-2.png,sketch,4,horse,4,horse,0.51856529712677
sketch/horse/n02374451_10809-4.png,sketch,4,horse,4,horse,0.8575730323791504
sketch/horse/n02374451_10809-5.png,sketch,4,horse,4,horse,0.9324691295623779
sketch/horse/n02374451_10809-6.png,sketch,4,horse,2,giraffe,0.5175009369850159
sketch/horse/n02374451_10809-7.png,sketch,4,horse,4,horse,0.7264195680618286
sketch/horse/n02374451_10809-8.png,sketch,4,horse,2,giraffe,0.585087239742279
sketch/horse/n02374451_11479-1.png,sketch,4,horse,2,giraffe,0.7943927049636841
sketch/horse/n02374451_11479-2.png,sketch,4,horse,0,dog,0.5897945165634155
sketch/horse/n02374451_11479-3.png,sketch,4,horse,4,horse,0.820839524269104
sketch/horse/n02374451_11479-4.png,sketch,4,horse,0,dog,0.7783073782920837
sketch/horse/n02374451_11479-5.png,sketch,4,horse,4,horse,0.5087410807609558
sketch/horse/n02374451_11479-6.png,sketch,4,horse,4,horse,0.5726457238197327
sketch/horse/n02374451_11479-7.png,sketch,4,horse,4,horse,0.5843950510025024
sketch/horse/n02374451_11483-1.png,sketch,4,horse,2,giraffe,0.9592902064323425
sketch/horse/n02374451_11483-2.png,sketch,4,horse,4,horse,0.9709341526031494
sketch/horse/n02374451_11483-3.png,sketch,4,horse,4,horse,0.6994033455848694
sketch/horse/n02374451_11483-4.png,sketch,4,horse,4,horse,0.9563267230987549
sketch/horse/n02374451_11483-5.png,sketch,4,horse,4,horse,0.9701705574989319
sketch/horse/n02374451_11483-6.png,sketch,4,horse,4,horse,0.7343913912773132
sketch/horse/n02374451_11492-1.png,sketch,4,horse,2,giraffe,0.5570098161697388
sketch/horse/n02374451_11492-2.png,sketch,4,horse,4,horse,0.7536553144454956
sketch/horse/n02374451_11492-3.png,sketch,4,horse,4,horse,0.8579401969909668
sketch/horse/n02374451_11492-4.png,sketch,4,horse,0,dog,0.8019223213195801
sketch/horse/n02374451_11492-5.png,sketch,4,horse,4,horse,0.9986989498138428
sketch/horse/n02374451_11492-6.png,sketch,4,horse,4,horse,0.9770485758781433
sketch/horse/n02374451_1189-1.png,sketch,4,horse,4,horse,0.9990522265434265
sketch/horse/n02374451_1189-2.png,sketch,4,horse,2,giraffe,0.7263855934143066
sketch/horse/n02374451_1189-3.png,sketch,4,horse,2,giraffe,0.5943141579627991
sketch/horse/n02374451_1189-4.png,sketch,4,horse,0,dog,0.4110349416732788
sketch/horse/n02374451_1189-5.png,sketch,4,horse,4,horse,0.9947991371154785
sketch/horse/n02374451_1189-6.png,sketch,4,horse,4,horse,0.9999918937683105
sketch/horse/n02374451_1189-7.png,sketch,4,horse,4,horse,0.9999983310699463
sketch/horse/n02374451_11894-1.png,sketch,4,horse,4,horse,0.9981353282928467
sketch/horse/n02374451_11894-2.png,sketch,4,horse,4,horse,0.9867650270462036
sketch/horse/n02374451_11894-3.png,sketch,4,horse,4,horse,0.999233603477478
sketch/horse/n02374451_11894-4.png,sketch,4,horse,0,dog,0.5701151490211487
sketch/horse/n02374451_11894-5.png,sketch,4,horse,4,horse,0.6962681412696838
sketch/horse/n02374451_11894-6.png,sketch,4,horse,4,horse,0.8243281245231628
sketch/horse/n02374451_11894-7.png,sketch,4,horse,4,horse,0.6967417597770691
sketch/horse/n02374451_11894-8.png,sketch,4,horse,4,horse,0.9903801679611206
sketch/horse/n02374451_11894-9.png,sketch,4,horse,4,horse,0.9984631538391113
sketch/horse/n02374451_12128-1.png,sketch,4,horse,4,horse,0.3791331350803375
sketch/horse/n02374451_12128-2.png,sketch,4,horse,4,horse,0.9544691443443298
sketch/horse/n02374451_12128-3.png,sketch,4,horse,4,horse,0.5824834704399109
sketch/horse/n02374451_12128-4.png,sketch,4,horse,0,dog,0.8162822127342224
sketch/horse/n02374451_12128-5.png,sketch,4,horse,4,horse,0.9001230597496033
sketch/horse/n02374451_12128-6.png,sketch,4,horse,4,horse,0.49341312050819397
sketch/horse/n02374451_12128-7.png,sketch,4,horse,4,horse,0.9885170459747314
sketch/horse/n02374451_12128-8.png,sketch,4,horse,0,dog,0.5086921453475952
sketch/horse/n02374451_12174-1.png,sketch,4,horse,4,horse,0.988520622253418
sketch/horse/n02374451_12174-2.png,sketch,4,horse,0,dog,0.7678054571151733
sketch/horse/n02374451_12174-3.png,sketch,4,horse,4,horse,0.9805988073348999
sketch/horse/n02374451_12174-4.png,sketch,4,horse,4,horse,0.9999202489852905
sketch/horse/n02374451_12174-5.png,sketch,4,horse,4,horse,0.9927880167961121
sketch/horse/n02374451_12174-6.png,sketch,4,horse,4,horse,0.9999994039535522
sketch/horse/n02374451_12200-1.png,sketch,4,horse,4,horse,0.9590920805931091
sketch/horse/n02374451_12200-2.png,sketch,4,horse,4,horse,0.9962134957313538
sketch/horse/n02374451_12200-3.png,sketch,4,horse,4,horse,0.976484477519989
sketch/horse/n02374451_12200-4.png,sketch,4,horse,4,horse,0.7806382179260254
sketch/horse/n02374451_12200-5.png,sketch,4,horse,0,dog,0.9085357785224915
sketch/horse/n02374451_12200-6.png,sketch,4,horse,4,horse,0.9703308343887329
sketch/horse/n02374451_12200-7.png,sketch,4,horse,4,horse,0.9550138711929321
sketch/horse/n02374451_12225-1.png,sketch,4,horse,4,horse,0.924989640712738
sketch/horse/n02374451_12225-2.png,sketch,4,horse,4,horse,0.5784740447998047
sketch/horse/n02374451_12225-3.png,sketch,4,horse,4,horse,0.9980310797691345
sketch/horse/n02374451_12225-4.png,sketch,4,horse,4,horse,0.9950346946716309
sketch/horse/n02374451_12225-5.png,sketch,4,horse,0,dog,0.6994343996047974
sketch/horse/n02374451_12225-6.png,sketch,4,horse,2,giraffe,0.8528571128845215
sketch/horse/n02374451_12230-1.png,sketch,4,horse,2,giraffe,0.6103565096855164
sketch/horse/n02374451_12230-2.png,sketch,4,horse,4,horse,0.920874834060669
sketch/horse/n02374451_12230-3.png,sketch,4,horse,4,horse,0.8217045664787292
sketch/horse/n02374451_12230-4.png,sketch,4,horse,4,horse,0.9306640028953552
sketch/horse/n02374451_12230-5.png,sketch,4,horse,4,horse,0.9974668025970459
sketch/horse/n02374451_12230-6.png,sketch,4,horse,4,horse,0.9889445900917053
sketch/horse/n02374451_12230-7.png,sketch,4,horse,4,horse,0.9997633099555969
sketch/horse/n02374451_12239-1.png,sketch,4,horse,4,horse,0.9894552826881409
sketch/horse/n02374451_12239-2.png,sketch,4,horse,4,horse,0.6185174584388733
sketch/horse/n02374451_12239-3.png,sketch,4,horse,2,giraffe,0.5675130486488342
sketch/horse/n02374451_12239-4.png,sketch,4,horse,4,horse,0.727141797542572
sketch/horse/n02374451_12239-5.png,sketch,4,horse,4,horse,0.44950971007347107
sketch/horse/n02374451_12239-6.png,sketch,4,horse,4,horse,0.9808076024055481
sketch/horse/n02374451_12239-7.png,sketch,4,horse,4,horse,0.9994875192642212
sketch/horse/n02374451_12250-1.png,sketch,4,horse,4,horse,0.9446295499801636
sketch/horse/n02374451_12250-2.png,sketch,4,horse,4,horse,0.4819222688674927
sketch/horse/n02374451_12250-3.png,sketch,4,horse,4,horse,0.4370380938053131
sketch/horse/n02374451_12250-4.png,sketch,4,horse,4,horse,0.9886717796325684
sketch/horse/n02374451_12250-5.png,sketch,4,horse,4,horse,0.8154830932617188
sketch/horse/n02374451_12250-6.png,sketch,4,horse,0,dog,0.551917314529419
sketch/horse/n02374451_12250-7.png,sketch,4,horse,4,horse,0.5695263147354126
sketch/horse/n02374451_12254-1.png,sketch,4,horse,4,horse,0.4019682705402374
sketch/horse/n02374451_12254-2.png,sketch,4,horse,4,horse,0.9632934331893921
sketch/horse/n02374451_12254-3.png,sketch,4,horse,4,horse,0.7998656630516052
sketch/horse/n02374451_12254-4.png,sketch,4,horse,4,horse,0.9350709915161133
sketch/horse/n02374451_12254-5.png,sketch,4,horse,4,horse,0.5670701265335083
sketch/horse/n02374451_12254-6.png,sketch,4,horse,4,horse,0.881430447101593
sketch/horse/n02374451_12254-7.png,sketch,4,horse,4,horse,0.9683091044425964
sketch/horse/n02374451_12328-1.png,sketch,4,horse,2,giraffe,0.38875553011894226
sketch/horse/n02374451_12328-10.png,sketch,4,horse,2,giraffe,0.4268462061882019
sketch/horse/n02374451_12328-2.png,sketch,4,horse,4,horse,0.9348427653312683
sketch/horse/n02374451_12328-3.png,sketch,4,horse,4,horse,0.9924882650375366
sketch/horse/n02374451_12328-4.png,sketch,4,horse,4,horse,0.8680286407470703
sketch/horse/n02374451_12328-5.png,sketch,4,horse,4,horse,0.879839301109314
sketch/horse/n02374451_12328-6.png,sketch,4,horse,4,horse,0.6534719467163086
sketch/horse/n02374451_12328-7.png,sketch,4,horse,4,horse,0.6196581721305847
sketch/horse/n02374451_12328-8.png,sketch,4,horse,4,horse,0.9528948664665222
sketch/horse/n02374451_12328-9.png,sketch,4,horse,4,horse,0.856185793876648
sketch/horse/n02374451_1234-1.png,sketch,4,horse,4,horse,0.9984385371208191
sketch/horse/n02374451_1234-2.png,sketch,4,horse,3,guitar,0.6624341607093811
sketch/horse/n02374451_1234-3.png,sketch,4,horse,4,horse,0.9957641363143921
sketch/horse/n02374451_1234-4.png,sketch,4,horse,4,horse,0.7820777297019958
sketch/horse/n02374451_1234-5.png,sketch,4,horse,0,dog,0.9109711647033691
sketch/horse/n02374451_1234-6.png,sketch,4,horse,4,horse,0.999152660369873
sketch/horse/n02374451_12418-1.png,sketch,4,horse,2,giraffe,0.5804080963134766
sketch/horse/n02374451_12418-10.png,sketch,4,horse,0,dog,0.5723204016685486
sketch/horse/n02374451_12418-2.png,sketch,4,horse,0,dog,0.6299000382423401
sketch/horse/n02374451_12418-3.png,sketch,4,horse,4,horse,0.7496992945671082
sketch/horse/n02374451_12418-4.png,sketch,4,horse,0,dog,0.5067612528800964
sketch/horse/n02374451_12418-5.png,sketch,4,horse,2,giraffe,0.8365228772163391
sketch/horse/n02374451_12418-6.png,sketch,4,horse,4,horse,0.35976651310920715
sketch/horse/n02374451_12418-7.png,sketch,4,horse,4,horse,0.999460756778717
sketch/horse/n02374451_12418-8.png,sketch,4,horse,4,horse,0.9077436327934265
sketch/horse/n02374451_12418-9.png,sketch,4,horse,0,dog,0.7695415616035461
sketch/horse/n02374451_12792-1.png,sketch,4,horse,4,horse,0.9861811995506287
sketch/horse/n02374451_12792-10.png,sketch,4,horse,4,horse,0.9999830722808838
sketch/horse/n02374451_12792-2.png,sketch,4,horse,4,horse,0.9519596099853516
sketch/horse/n02374451_12792-3.png,sketch,4,horse,4,horse,0.8785246014595032
sketch/horse/n02374451_12792-4.png,sketch,4,horse,4,horse,0.9999939203262329
sketch/horse/n02374451_12792-5.png,sketch,4,horse,2,giraffe,0.8487415313720703
sketch/horse/n02374451_12792-6.png,sketch,4,horse,2,giraffe,0.6058756113052368
sketch/horse/n02374451_12792-7.png,sketch,4,horse,4,horse,0.9997569918632507
sketch/horse/n02374451_12792-8.png,sketch,4,horse,4,horse,0.6679399609565735
sketch/horse/n02374451_12792-9.png,sketch,4,horse,4,horse,0.5616949796676636
sketch/horse/n02374451_12847-1.png,sketch,4,horse,4,horse,0.9059478640556335
sketch/horse/n02374451_12847-2.png,sketch,4,horse,4,horse,0.9992583394050598
sketch/horse/n02374451_12847-3.png,sketch,4,horse,4,horse,0.9997939467430115
sketch/horse/n02374451_12847-4.png,sketch,4,horse,4,horse,0.816718578338623
sketch/horse/n02374451_12847-5.png,sketch,4,horse,4,horse,0.9783985018730164
sketch/horse/n02374451_12847-6.png,sketch,4,horse,4,horse,0.9347095489501953
sketch/horse/n02374451_12847-7.png,sketch,4,horse,4,horse,0.9999097585678101
sketch/horse/n02374451_12847-8.png,sketch,4,horse,4,horse,0.581074595451355
sketch/horse/n02374451_13132-1.png,sketch,4,horse,4,horse,0.5633248090744019
sketch/horse/n02374451_13132-2.png,sketch,4,horse,4,horse,0.9999998807907104
sketch/horse/n02374451_13132-3.png,sketch,4,horse,4,horse,0.9826830625534058
sketch/horse/n02374451_13132-4.png,sketch,4,horse,2,giraffe,0.5151760578155518
sketch/horse/n02374451_13132-5.png,sketch,4,horse,4,horse,0.9934552311897278
sketch/horse/n02374451_13132-6.png,sketch,4,horse,4,horse,0.9998781681060791
sketch/horse/n02374451_13132-7.png,sketch,4,horse,4,horse,0.9999986886978149
sketch/horse/n02374451_13136-1.png,sketch,4,horse,4,horse,0.896996796131134
sketch/horse/n02374451_13136-2.png,sketch,4,horse,4,horse,0.9777219295501709
sketch/horse/n02374451_13136-3.png,sketch,4,horse,2,giraffe,0.5993540287017822
sketch/horse/n02374451_13136-4.png,sketch,4,horse,4,horse,0.9992141723632812
sketch/horse/n02374451_13136-5.png,sketch,4,horse,4,horse,0.9957894682884216
sketch/horse/n02374451_13159-1.png,sketch,4,horse,4,horse,0.7921961545944214
sketch/horse/n02374451_13159-2.png,sketch,4,horse,3,guitar,0.722600519657135
sketch/horse/n02374451_13159-3.png,sketch,4,horse,4,horse,0.45320582389831543
sketch/horse/n02374451_13159-4.png,sketch,4,horse,0,dog,0.6099328994750977
sketch/horse/n02374451_13159-5.png,sketch,4,horse,2,giraffe,0.8902103304862976
sketch/horse/n02374451_13159-6.png,sketch,4,horse,4,horse,0.8565084934234619
sketch/horse/n02374451_13159-7.png,sketch,4,horse,4,horse,0.9054845571517944
sketch/horse/n02374451_13159-8.png,sketch,4,horse,2,giraffe,0.3187669515609741
sketch/horse/n02374451_13171-1.png,sketch,4,horse,4,horse,0.9609531760215759
sketch/horse/n02374451_13171-2.png,sketch,4,horse,4,horse,0.9987359642982483
sketch/horse/n02374451_13171-3.png,sketch,4,horse,4,horse,0.9999737739562988
sketch/horse/n02374451_13171-4.png,sketch,4,horse,4,horse,0.9998838901519775
sketch/horse/n02374451_13171-5.png,sketch,4,horse,4,horse,0.9872213006019592
sketch/horse/n02374451_13171-6.png,sketch,4,horse,4,horse,0.9918821454048157
sketch/horse/n02374451_1340-1.png,sketch,4,horse,4,horse,0.9827514290809631
sketch/horse/n02374451_1340-10.png,sketch,4,horse,4,horse,0.9332742691040039
sketch/horse/n02374451_1340-11.png,sketch,4,horse,4,horse,0.9994348883628845
sketch/horse/n02374451_1340-2.png,sketch,4,horse,2,giraffe,0.534145176410675
sketch/horse/n02374451_1340-3.png,sketch,4,horse,4,horse,0.9969692826271057
sketch/horse/n02374451_1340-4.png,sketch,4,horse,4,horse,0.611137330532074
sketch/horse/n02374451_1340-5.png,sketch,4,horse,4,horse,0.998908281326294
sketch/horse/n02374451_1340-6.png,sketch,4,horse,0,dog,0.5155422687530518
sketch/horse/n02374451_1340-7.png,sketch,4,horse,4,horse,0.9905338287353516
sketch/horse/n02374451_1340-8.png,sketch,4,horse,4,horse,0.3716290295124054
sketch/horse/n02374451_1340-9.png,sketch,4,horse,4,horse,0.9784113168716431
sketch/horse/n02374451_13718-1.png,sketch,4,horse,4,horse,0.8247858881950378
sketch/horse/n02374451_13718-2.png,sketch,4,horse,4,horse,0.45185914635658264
sketch/horse/n02374451_13718-3.png,sketch,4,horse,4,horse,0.5398957133293152
sketch/horse/n02374451_13718-4.png,sketch,4,horse,4,horse,0.999930739402771
sketch/horse/n02374451_13718-5.png,sketch,4,horse,2,giraffe,0.6211256980895996
sketch/horse/n02374451_13718-6.png,sketch,4,horse,4,horse,0.9924688935279846
sketch/horse/n02374451_14119-1.png,sketch,4,horse,4,horse,0.8746657967567444
sketch/horse/n02374451_14119-2.png,sketch,4,horse,6,person,0.868055522441864
sketch/horse/n02374451_14119-3.png,sketch,4,horse,4,horse,0.7633116245269775
sketch/horse/n02374451_14119-4.png,sketch,4,horse,4,horse,0.9457637667655945
sketch/horse/n02374451_14119-5.png,sketch,4,horse,4,horse,0.4067283570766449
sketch/horse/n02374451_14119-6.png,sketch,4,horse,4,horse,0.993445634841919
sketch/horse/n02374451_14119-7.png,sketch,4,horse,4,horse,0.9303333163261414
sketch/horse/n02374451_14119-8.png,sketch,4,horse,2,giraffe,0.33810776472091675
sketch/horse/n02374451_14119-9.png,sketch,4,horse,0,dog,0.45652592182159424
sketch/horse/n02374451_14233-1.png,sketch,4,horse,4,horse,0.9943798184394836
sketch/horse/n02374451_14233-2.png,sketch,4,horse,2,giraffe,0.7285827398300171
sketch/horse/n02374451_14233-3.png,sketch,4,horse,4,horse,0.5502302646636963
sketch/horse/n02374451_14233-4.png,sketch,4,horse,2,giraffe,0.8290021419525146
sketch/horse/n02374451_14233-5.png,sketch,4,horse,4,horse,0.9997697472572327
sketch/horse/n02374451_14399-1.png,sketch,4,horse,4,horse,0.8875392079353333
sketch/horse/n02374451_14399-2.png,sketch,4,horse,4,horse,0.5312854051589966
sketch/horse/n02374451_14399-3.png,sketch,4,horse,4,horse,0.9996106028556824
sketch/horse/n02374451_14399-4.png,sketch,4,horse,4,horse,0.7972866296768188
sketch/horse/n02374451_14399-5.png,sketch,4,horse,4,horse,0.997657060623169
sketch/horse/n02374451_14399-6.png,sketch,4,horse,4,horse,0.9998487234115601
sketch/horse/n02374451_14399-7.png,sketch,4,horse,4,horse,0.997882068157196
sketch/horse/n02374451_14425-1.png,sketch,4,horse,4,horse,0.41870972514152527
sketch/horse/n02374451_14425-10.png,sketch,4,horse,4,horse,0.9983925223350525
sketch/horse/n02374451_14425-2.png,sketch,4,horse,4,horse,0.7231758236885071
sketch/horse/n02374451_14425-3.png,sketch,4,horse,4,horse,0.9916428327560425
sketch/horse/n02374451_14425-4.png,sketch,4,horse,4,horse,0.8708057999610901
sketch/horse/n02374451_14425-5.png,sketch,4,horse,4,horse,0.9100908041000366
sketch/horse/n02374451_14425-6.png,sketch,4,horse,4,horse,0.9975016713142395
sketch/horse/n02374451_14425-7.png,sketch,4,horse,4,horse,0.9797598719596863
sketch/horse/n02374451_14425-8.png,sketch,4,horse,4,horse,0.9645617008209229
sketch/horse/n02374451_14425-9.png,sketch,4,horse,4,horse,0.9942988157272339
sketch/horse/n02374451_1443-1.png,sketch,4,horse,2,giraffe,0.9854545593261719
sketch/horse/n02374451_1443-2.png,sketch,4,horse,2,giraffe,0.5582115054130554
sketch/horse/n02374451_1443-3.png,sketch,4,horse,4,horse,0.8100321888923645
sketch/horse/n02374451_1443-4.png,sketch,4,horse,2,giraffe,0.4090748429298401
sketch/horse/n02374451_1443-5.png,sketch,4,horse,2,giraffe,0.28203633427619934
sketch/horse/n02374451_1443-6.png,sketch,4,horse,4,horse,0.9997033476829529
sketch/horse/n02374451_1443-7.png,sketch,4,horse,4,horse,0.992562472820282
sketch/horse/n02374451_1443-8.png,sketch,4,horse,2,giraffe,0.7496774196624756
sketch/horse/n02374451_14738-1.png,sketch,4,horse,0,dog,0.9745089411735535
sketch/horse/n02374451_14738-2.png,sketch,4,horse,4,horse,0.9368492364883423
sketch/horse/n02374451_14738-3.png,sketch,4,horse,4,horse,0.9697604179382324
sketch/horse/n02374451_14738-4.png,sketch,4,horse,4,horse,0.9776851534843445
sketch/horse/n02374451_14738-5.png,sketch,4,horse,2,giraffe,0.3766666352748871
sketch/horse/n02374451_14738-6.png,sketch,4,horse,4,horse,0.9868791699409485
sketch/horse/n02374451_14738-7.png,sketch,4,horse,0,dog,0.47499579191207886
sketch/horse/n02374451_14846-1.png,sketch,4,horse,4,horse,0.9593511819839478
sketch/horse/n02374451_14846-2.png,sketch,4,horse,4,horse,0.7533446550369263
sketch/horse/n02374451_14846-3.png,sketch,4,horse,4,horse,0.7917842268943787
sketch/horse/n02374451_14846-4.png,sketch,4,horse,2,giraffe,0.38448384404182434
sketch/horse/n02374451_14846-5.png,sketch,4,horse,4,horse,0.7309534549713135
sketch/horse/n02374451_14846-6.png,sketch,4,horse,4,horse,0.8544486165046692
sketch/horse/n02374451_14846-7.png,sketch,4,horse,0,dog,0.6574608683586121
sketch/horse/n02374451_15307-1.png,sketch,4,horse,2,giraffe,0.8985254764556885
sketch/horse/n02374451_15307-2.png,sketch,4,horse,4,horse,0.9992715716362
sketch/horse/n02374451_15307-3.png,sketch,4,horse,4,horse,0.978488564491272
sketch/horse/n02374451_15307-4.png,sketch,4,horse,4,horse,0.556760847568512
sketch/horse/n02374451_15307-5.png,sketch,4,horse,4,horse,0.8350459933280945
sketch/horse/n02374451_15307-6.png,sketch,4,horse,4,horse,0.8878347277641296
sketch/horse/n02374451_15440-1.png,sketch,4,horse,4,horse,0.9222457408905029
sketch/horse/n02374451_15440-2.png,sketch,4,horse,4,horse,0.7803515791893005
sketch/horse/n02374451_15440-3.png,sketch,4,horse,4,horse,0.8306730389595032
sketch/horse/n02374451_15440-4.png,sketch,4,horse,4,horse,0.9992610812187195
sketch/horse/n02374451_15440-5.png,sketch,4,horse,4,horse,0.444001168012619
sketch/horse/n02374451_15440-6.png,sketch,4,horse,2,giraffe,0.9777877330780029
sketch/horse/n02374451_15453-1.png,sketch,4,horse,4,horse,0.5956966280937195
sketch/horse/n02374451_15453-2.png,sketch,4,horse,4,horse,0.8149296045303345
sketch/horse/n02374451_15453-3.png,sketch,4,horse,2,giraffe,0.6880378127098083
sketch/horse/n02374451_15453-4.png,sketch,4,horse,2,giraffe,0.966582179069519
sketch/horse/n02374451_15453-5.png,sketch,4,horse,4,horse,0.9584859013557434
sketch/horse/n02374451_15453-6.png,sketch,4,horse,4,horse,0.45176810026168823
sketch/horse/n02374451_15453-7.png,sketch,4,horse,4,horse,0.7595152854919434
sketch/horse/n02374451_15669-1.png,sketch,4,horse,4,horse,0.38184764981269836
sketch/horse/n02374451_15669-2.png,sketch,4,horse,0,dog,0.4967801570892334
sketch/horse/n02374451_15669-3.png,sketch,4,horse,4,horse,0.5158215761184692
sketch/horse/n02374451_15669-4.png,sketch,4,horse,4,horse,0.9168866872787476
sketch/horse/n02374451_15669-5.png,sketch,4,horse,2,giraffe,0.9839016795158386
sketch/horse/n02374451_15669-6.png,sketch,4,horse,4,horse,0.9999905824661255
sketch/horse/n02374451_16194-1.png,sketch,4,horse,4,horse,0.5981436371803284
sketch/horse/n02374451_16194-2.png,sketch,4,horse,4,horse,0.9468645453453064
sketch/horse/n02374451_16194-3.png,sketch,4,horse,4,horse,0.9021382331848145
sketch/horse/n02374451_16194-4.png,sketch,4,horse,4,horse,0.4298926591873169
sketch/horse/n02374451_16194-5.png,sketch,4,horse,4,horse,0.9623036980628967
sketch/horse/n02374451_16194-6.png,sketch,4,horse,0,dog,0.7681148052215576
sketch/horse/n02374451_16358-1.png,sketch,4,horse,4,horse,0.9849742650985718
sketch/horse/n02374451_16358-2.png,sketch,4,horse,4,horse,0.9805167317390442
sketch/horse/n02374451_16358-3.png,sketch,4,horse,0,dog,0.4518856406211853
sketch/horse/n02374451_16358-4.png,sketch,4,horse,4,horse,0.8393216133117676
sketch/horse/n02374451_16358-5.png,sketch,4,horse,2,giraffe,0.9668636918067932
sketch/horse/n02374451_16358-6.png,sketch,4,horse,4,horse,0.6163632869720459
sketch/horse/n02374451_16948-1.png,sketch,4,horse,4,horse,0.6255612969398499
sketch/horse/n02374451_16948-2.png,sketch,4,horse,4,horse,0.9918729662895203
sketch/horse/n02374451_16948-3.png,sketch,4,horse,4,horse,0.9937292337417603
sketch/horse/n02374451_16948-4.png,sketch,4,horse,4,horse,0.9890193343162537
sketch/horse/n02374451_16948-5.png,sketch,4,horse,4,horse,0.999160647392273
sketch/horse/n02374451_16948-6.png,sketch,4,horse,4,horse,0.9999821186065674
sketch/horse/n02374451_16948-7.png,sketch,4,horse,4,horse,0.9839625954627991
sketch/horse/n02374451_16948-8.png,sketch,4,horse,0,dog,0.9107542037963867
sketch/horse/n02374451_16948-9.png,sketch,4,horse,4,horse,0.9453772902488708
sketch/horse/n02374451_1695-1.png,sketch,4,horse,0,dog,0.4650321900844574
sketch/horse/n02374451_1695-2.png,sketch,4,horse,2,giraffe,0.5867263674736023
sketch/horse/n02374451_1695-3.png,sketch,4,horse,2,giraffe,0.9625585079193115
sketch/horse/n02374451_1695-4.png,sketch,4,horse,4,horse,0.960973858833313
sketch/horse/n02374451_1695-5.png,sketch,4,horse,4,horse,0.8663551211357117
sketch/horse/n02374451_1695-6.png,sketch,4,horse,4,horse,0.9857450127601624
sketch/horse/n02374451_1695-7.png,sketch,4,horse,4,horse,0.8392294049263
sketch/horse/n02374451_17043-1.png,sketch,4,horse,4,horse,0.8947826623916626
sketch/horse/n02374451_17043-2.png,sketch,4,horse,4,horse,0.551925539970398
sketch/horse/n02374451_17043-3.png,sketch,4,horse,4,horse,0.9936951994895935
sketch/horse/n02374451_17043-4.png,sketch,4,horse,4,horse,0.9916696548461914
sketch/horse/n02374451_17043-5.png,sketch,4,horse,4,horse,0.9294649362564087
sketch/horse/n02374451_17043-6.png,sketch,4,horse,4,horse,0.9890360236167908
sketch/horse/n02374451_17384-1.png,sketch,4,horse,4,horse,0.9994744658470154
sketch/horse/n02374451_17384-2.png,sketch,4,horse,4,horse,0.9269168972969055
sketch/horse/n02374451_17384-3.png,sketch,4,horse,4,horse,0.9936157464981079
sketch/horse/n02374451_17384-4.png,sketch,4,horse,4,horse,0.996505618095398
sketch/horse/n02374451_17384-5.png,sketch,4,horse,4,horse,0.9714350700378418
sketch/horse/n02374451_17384-6.png,sketch,4,horse,4,horse,0.9989656209945679
sketch/horse/n02374451_17384-7.png,sketch,4,horse,4,horse,0.9989951252937317
sketch/horse/n02374451_17384-8.png,sketch,4,horse,4,horse,0.9786310195922852
sketch/horse/n02374451_17474-1.png,sketch,4,horse,4,horse,0.999574601650238
sketch/horse/n02374451_17474-2.png,sketch,4,horse,4,horse,0.998496413230896
sketch/horse/n02374451_17474-3.png,sketch,4,horse,2,giraffe,0.484903484582901
sketch/horse/n02374451_17474-4.png,sketch,4,horse,4,horse,0.9359846711158752
sketch/horse/n02374451_17474-5.png,sketch,4,horse,4,horse,0.995606005191803
sketch/horse/n02374451_17474-6.png,sketch,4,horse,4,horse,0.9822809100151062
sketch/horse/n02374451_17474-7.png,sketch,4,horse,4,horse,0.9999661445617676
sketch/horse/n02374451_17474-8.png,sketch,4,horse,4,horse,0.9995586276054382
sketch/horse/n02374451_17634-1.png,sketch,4,horse,4,horse,0.9989116191864014
sketch/horse/n02374451_17634-2.png,sketch,4,horse,0,dog,0.5486041903495789
sketch/horse/n02374451_17634-3.png,sketch,4,horse,4,horse,0.7016289234161377
sketch/horse/n02374451_17634-4.png,sketch,4,horse,4,horse,0.9999693632125854
sketch/horse/n02374451_17634-5.png,sketch,4,horse,4,horse,0.723202645778656
sketch/horse/n02374451_17634-6.png,sketch,4,horse,4,horse,0.9997777342796326
sketch/horse/n02374451_18192-1.png,sketch,4,horse,4,horse,0.9996188879013062
sketch/horse/n02374451_18192-2.png,sketch,4,horse,4,horse,0.7950699329376221
sketch/horse/n02374451_18192-3.png,sketch,4,horse,4,horse,0.9786481857299805
sketch/horse/n02374451_18192-4.png,sketch,4,horse,4,horse,0.7807381749153137
sketch/horse/n02374451_18192-5.png,sketch,4,horse,0,dog,0.4226171374320984
sketch/horse/n02374451_18192-6.png,sketch,4,horse,4,horse,0.9999850988388062
sketch/horse/n02374451_18570-1.png,sketch,4,horse,4,horse,0.5193796753883362
sketch/horse/n02374451_18570-2.png,sketch,4,horse,4,horse,0.9442588686943054
sketch/horse/n02374451_18570-3.png,sketch,4,horse,4,horse,0.8335154056549072
sketch/horse/n02374451_18570-4.png,sketch,4,horse,4,horse,0.9999759197235107
sketch/horse/n02374451_18570-5.png,sketch,4,horse,0,dog,0.49422258138656616
sketch/horse/n02374451_18570-6.png,sketch,4,horse,4,horse,0.9924934506416321
sketch/horse/n02374451_18570-7.png,sketch,4,horse,4,horse,0.8827760219573975
sketch/horse/n02374451_18909-1.png,sketch,4,horse,4,horse,0.9995903372764587
sketch/horse/n02374451_18909-2.png,sketch,4,horse,4,horse,0.9998192191123962
sketch/horse/n02374451_18909-3.png,sketch,4,horse,2,giraffe,0.35730239748954773
sketch/horse/n02374451_18909-4.png,sketch,4,horse,2,giraffe,0.5107936859130859
sketch/horse/n02374451_18909-5.png,sketch,4,horse,4,horse,0.63738614320755
sketch/horse/n02374451_18909-6.png,sketch,4,horse,4,horse,0.7364279627799988
sketch/horse/n02374451_2233-1.png,sketch,4,horse,4,horse,0.49312624335289
sketch/horse/n02374451_2233-2.png,sketch,4,horse,2,giraffe,0.7694419622421265
sketch/horse/n02374451_2233-3.png,sketch,4,horse,4,horse,0.999601423740387
sketch/horse/n02374451_2233-4.png,sketch,4,horse,4,horse,0.9999734163284302
sketch/horse/n02374451_2233-5.png,sketch,4,horse,4,horse,0.8292508721351624
sketch/horse/n02374451_2233-6.png,sketch,4,horse,4,horse,0.9891096353530884
sketch/horse/n02374451_2233-7.png,sketch,4,horse,4,horse,0.9908865690231323
sketch/horse/n02374451_2248-1.png,sketch,4,horse,4,horse,0.997409999370575
sketch/horse/n02374451_2248-2.png,sketch,4,horse,4,horse,0.6142885684967041
sketch/horse/n02374451_2248-3.png,sketch,4,horse,4,horse,0.9998077750205994
sketch/horse/n02374451_2248-4.png,sketch,4,horse,4,horse,0.8895521759986877
sketch/horse/n02374451_2248-5.png,sketch,4,horse,4,horse,0.9993684887886047
sketch/horse/n02374451_2248-6.png,sketch,4,horse,4,horse,0.96070796251297
sketch/horse/n02374451_2248-7.png,sketch,4,horse,4,horse,0.9962149262428284
sketch/horse/n02374451_2248-8.png,sketch,4,horse,4,horse,0.996289849281311
sketch/horse/n02374451_2372-1.png,sketch,4,horse,0,dog,0.7776463031768799
sketch/horse/n02374451_2372-2.png,sketch,4,horse,0,dog,0.4293455481529236
sketch/horse/n02374451_2372-3.png,sketch,4,horse,4,horse,0.7151038646697998
sketch/horse/n02374451_2372-4.png,sketch,4,horse,0,dog,0.6040379405021667
sketch/horse/n02374451_2372-5.png,sketch,4,horse,0,dog,0.919563353061676
sketch/horse/n02374451_2372-6.png,sketch,4,horse,4,horse,0.8925566673278809
sketch/horse/n02374451_2372-7.png,sketch,4,horse,4,horse,0.6210188865661621
sketch/horse/n02374451_2372-8.png,sketch,4,horse,4,horse,0.9998235106468201
sketch/horse/n02374451_245-1.png,sketch,4,horse,4,horse,0.8453998565673828
sketch/horse/n02374451_245-2.png,sketch,4,horse,4,horse,0.8805587887763977
sketch/horse/n02374451_245-3.png,sketch,4,horse,4,horse,0.9994603991508484
sketch/horse/n02374451_245-4.png,sketch,4,horse,4,horse,0.9716648459434509
sketch/horse/n02374451_245-5.png,sketch,4,horse,4,horse,0.9990921020507812
sketch/horse/n02374451_245-6.png,sketch,4,horse,4,horse,0.7594457268714905
sketch/horse/n02374451_2478-1.png,sketch,4,horse,0,dog,0.7066128253936768
sketch/horse/n02374451_2478-2.png,sketch,4,horse,4,horse,0.8229368329048157
sketch/horse/n02374451_2478-3.png,sketch,4,horse,4,horse,0.8441241383552551
sketch/horse/n02374451_2478-4.png,sketch,4,horse,4,horse,0.9986639022827148
sketch/horse/n02374451_2478-5.png,sketch,4,horse,4,horse,0.6775089502334595
sketch/horse/n02374451_257-1.png,sketch,4,horse,2,giraffe,0.2593420743942261
sketch/horse/n02374451_257-2.png,sketch,4,horse,4,horse,0.9971998929977417
sketch/horse/n02374451_257-3.png,sketch,4,horse,2,giraffe,0.5101168751716614
sketch/horse/n02374451_257-4.png,sketch,4,horse,2,giraffe,0.9016281962394714
sketch/horse/n02374451_257-5.png,sketch,4,horse,4,horse,0.9554963111877441
sketch/horse/n02374451_257-6.png,sketch,4,horse,2,giraffe,0.5381834506988525
sketch/horse/n02374451_257-7.png,sketch,4,horse,4,horse,0.9801708459854126
sketch/horse/n02374451_2616-1.png,sketch,4,horse,4,horse,0.6156379580497742
sketch/horse/n02374451_2616-10.png,sketch,4,horse,4,horse,0.9722756743431091
sketch/horse/n02374451_2616-2.png,sketch,4,horse,4,horse,0.9990981817245483
sketch/horse/n02374451_2616-3.png,sketch,4,horse,4,horse,0.8550419807434082
sketch/horse/n02374451_2616-4.png,sketch,4,horse,4,horse,0.9998641014099121
sketch/horse/n02374451_2616-5.png,sketch,4,horse,4,horse,0.9999642372131348
sketch/horse/n02374451_2616-6.png,sketch,4,horse,4,horse,0.9553520083427429
sketch/horse/n02374451_2616-7.png,sketch,4,horse,0,dog,0.7269168496131897
sketch/horse/n02374451_2616-8.png,sketch,4,horse,4,horse,0.9974396228790283
sketch/horse/n02374451_2616-9.png,sketch,4,horse,4,horse,0.9985836744308472
sketch/horse/n02374451_262-1.png,sketch,4,horse,4,horse,0.9999551773071289
sketch/horse/n02374451_262-10.png,sketch,4,horse,4,horse,0.39457958936691284
sketch/horse/n02374451_262-11.png,sketch,4,horse,4,horse,0.9992353916168213
sketch/horse/n02374451_262-12.png,sketch,4,horse,0,dog,0.7432442903518677
sketch/horse/n02374451_262-2.png,sketch,4,horse,2,giraffe,0.620442807674408
sketch/horse/n02374451_262-3.png,sketch,4,horse,4,horse,0.6438472270965576
sketch/horse/n02374451_262-4.png,sketch,4,horse,2,giraffe,0.500747561454773
sketch/horse/n02374451_262-5.png,sketch,4,horse,0,dog,0.5820969343185425
sketch/horse/n02374451_262-6.png,sketch,4,horse,0,dog,0.9282404184341431
sketch/horse/n02374451_262-7.png,sketch,4,horse,4,horse,0.976468563079834
sketch/horse/n02374451_262-8.png,sketch,4,horse,2,giraffe,0.601378858089447
sketch/horse/n02374451_262-9.png,sketch,4,horse,4,horse,0.4326398968696594
sketch/horse/n02374451_2733-1.png,sketch,4,horse,4,horse,0.9117081165313721
sketch/horse/n02374451_2733-2.png,sketch,4,horse,4,horse,0.5199613571166992
sketch/horse/n02374451_2733-3.png,sketch,4,horse,1,elephant,0.5779008865356445
sketch/horse/n02374451_2733-4.png,sketch,4,horse,2,giraffe,0.9701445698738098
sketch/horse/n02374451_2733-5.png,sketch,4,horse,4,horse,0.6290647387504578
sketch/horse/n02374451_2733-6.png,sketch,4,horse,4,horse,0.5650901198387146
sketch/horse/n02374451_2733-7.png,sketch,4,horse,4,horse,0.9977712631225586
sketch/horse/n02374451_2743-1.png,sketch,4,horse,4,horse,0.8346973061561584
sketch/horse/n02374451_2743-2.png,sketch,4,horse,2,giraffe,0.8643980622291565
sketch/horse/n02374451_2743-3.png,sketch,4,horse,4,horse,0.945719301700592
sketch/horse/n02374451_2743-4.png,sketch,4,horse,0,dog,0.6732413172721863
sketch/horse/n02374451_2743-5.png,sketch,4,horse,2,giraffe,0.45693761110305786
sketch/horse/n02374451_2743-6.png,sketch,4,horse,4,horse,0.9649331569671631
sketch/horse/n02374451_2743-7.png,sketch,4,horse,4,horse,0.9452707767486572
sketch/horse/n02374451_276-1.png,sketch,4,horse,0,dog,0.4373891055583954
sketch/horse/n02374451_276-10.png,sketch,4,horse,4,horse,0.6049280762672424
sketch/horse/n02374451_276-2.png,sketch,4,horse,0,dog,0.3940869867801666
sketch/horse/n02374451_276-3.png,sketch,4,horse,4,horse,0.45674073696136475
sketch/horse/n02374451_276-4.png,sketch,4,horse,4,horse,0.6334037184715271
sketch/horse/n02374451_276-5.png,sketch,4,horse,4,horse,0.6986232995986938
sketch/horse/n02374451_276-6.png,sketch,4,horse,4,horse,0.9186140298843384
sketch/horse/n02374451_276-7.png,sketch,4,horse,4,horse,0.6267440319061279
sketch/horse/n02374451_276-8.png,sketch,4,horse,4,horse,0.5549266338348389
sketch/horse/n02374451_276-9.png,sketch,4,horse,4,horse,0.8547186255455017
sketch/horse/n02374451_2825-1.png,sketch,4,horse,0,dog,0.46515944600105286
sketch/horse/n02374451_2825-10.png,sketch,4,horse,4,horse,0.9554216861724854
sketch/horse/n02374451_2825-2.png,sketch,4,horse,4,horse,0.9911380410194397
sketch/horse/n02374451_2825-3.png,sketch,4,horse,4,horse,0.9995094537734985
sketch/horse/n02374451_2825-4.png,sketch,4,horse,4,horse,0.8574523329734802
sketch/horse/n02374451_2825-5.png,sketch,4,horse,2,giraffe,0.7540390491485596
sketch/horse/n02374451_2825-6.png,sketch,4,horse,4,horse,0.977687656879425
sketch/horse/n02374451_2825-7.png,sketch,4,horse,4,horse,0.6429588794708252
sketch/horse/n02374451_2825-8.png,sketch,4,horse,4,horse,0.7703870534896851
sketch/horse/n02374451_2825-9.png,sketch,4,horse,0,dog,0.5983560085296631
sketch/horse/n02374451_2846-1.png,sketch,4,horse,2,giraffe,0.7021263241767883
sketch/horse/n02374451_2846-2.png,sketch,4,horse,0,dog,0.9446206092834473
sketch/horse/n02374451_2846-3.png,sketch,4,horse,4,horse,0.9912832975387573
sketch/horse/n02374451_2846-4.png,sketch,4,horse,0,dog,0.5132067799568176
sketch/horse/n02374451_2846-5.png,sketch,4,horse,4,horse,0.620695173740387
sketch/horse/n02374451_2846-6.png,sketch,4,horse,0,dog,0.7448825836181641
sketch/horse/n02374451_2846-7.png,sketch,4,horse,4,horse,0.9471819400787354
sketch/horse/n02374451_2846-8.png,sketch,4,horse,4,horse,0.6928040385246277
sketch/horse/n02374451_2846-9.png,sketch,4,horse,0,dog,0.9447677731513977
sketch/horse/n02374451_3388-1.png,sketch,4,horse,4,horse,0.9998931884765625
sketch/horse/n02374451_3388-2.png,sketch,4,horse,0,dog,0.885978102684021
sketch/horse/n02374451_3388-3.png,sketch,4,horse,0,dog,0.965362012386322
sketch/horse/n02374451_3388-4.png,sketch,4,horse,2,giraffe,0.7095083594322205
sketch/horse/n02374451_3388-5.png,sketch,4,horse,2,giraffe,0.6430904865264893
sketch/horse/n02374451_3388-6.png,sketch,4,horse,2,giraffe,0.5373865365982056
sketch/horse/n02374451_3388-7.png,sketch,4,horse,2,giraffe,0.7135027647018433
sketch/horse/n02374451_3388-8.png,sketch,4,horse,2,giraffe,0.3459394574165344
sketch/horse/n02374451_3388-9.png,sketch,4,horse,0,dog,0.7637987732887268
sketch/horse/n02374451_3808-1.png,sketch,4,horse,0,dog,0.6445491313934326
sketch/horse/n02374451_3808-2.png,sketch,4,horse,4,horse,0.9249016046524048
sketch/horse/n02374451_3808-3.png,sketch,4,horse,1,elephant,0.2969410717487335
sketch/horse/n02374451_3808-4.png,sketch,4,horse,2,giraffe,0.579971432685852
sketch/horse/n02374451_3808-5.png,sketch,4,horse,4,horse,0.8316682577133179
sketch/horse/n02374451_3808-6.png,sketch,4,horse,2,giraffe,0.5477651357650757
sketch/horse/n02374451_3808-7.png,sketch,4,horse,4,horse,0.7553038597106934
sketch/horse/n02374451_3808-8.png,sketch,4,horse,2,giraffe,0.5004923939704895
sketch/horse/n02374451_3808-9.png,sketch,4,horse,4,horse,0.9995718598365784
sketch/horse/n02374451_388-10.png,sketch,4,horse,4,horse,0.8156342506408691
sketch/horse/n02374451_388-2.png,sketch,4,horse,6,person,0.8154962062835693
sketch/horse/n02374451_388-3.png,sketch,4,horse,0,dog,0.6553937196731567
sketch/horse/n02374451_388-4.png,sketch,4,horse,4,horse,0.9858450889587402
sketch/horse/n02374451_388-5.png,sketch,4,horse,4,horse,0.619912326335907
sketch/horse/n02374451_388-6.png,sketch,4,horse,4,horse,0.977542519569397
sketch/horse/n02374451_388-7.png,sketch,4,horse,4,horse,0.8963331580162048
sketch/horse/n02374451_388-8.png,sketch,4,horse,4,horse,0.9820091724395752
sketch/horse/n02374451_388-9.png,sketch,4,horse,2,giraffe,0.6573114991188049
sketch/horse/n02374451_4538-1.png,sketch,4,horse,4,horse,0.5439727306365967
sketch/horse/n02374451_4538-2.png,sketch,4,horse,4,horse,0.7130880355834961
sketch/horse/n02374451_4538-3.png,sketch,4,horse,4,horse,0.997962474822998
sketch/horse/n02374451_4538-4.png,sketch,4,horse,4,horse,0.961977481842041
sketch/horse/n02374451_4538-5.png,sketch,4,horse,4,horse,0.8878763914108276
sketch/horse/n02374451_4538-6.png,sketch,4,horse,4,horse,0.8979418873786926
sketch/horse/n02374451_4538-7.png,sketch,4,horse,4,horse,0.9353797435760498
sketch/horse/n02374451_4538-8.png,sketch,4,horse,4,horse,0.9969481825828552
sketch/horse/n02374451_4538-9.png,sketch,4,horse,2,giraffe,0.5554097294807434
sketch/horse/n02374451_4553-1.png,sketch,4,horse,0,dog,0.7959653735160828
sketch/horse/n02374451_4553-2.png,sketch,4,horse,4,horse,0.9999935626983643
sketch/horse/n02374451_4553-3.png,sketch,4,horse,2,giraffe,0.5856934785842896
sketch/horse/n02374451_4553-4.png,sketch,4,horse,4,horse,0.9608772993087769
sketch/horse/n02374451_4553-5.png,sketch,4,horse,4,horse,0.9996053576469421
sketch/horse/n02374451_4553-6.png,sketch,4,horse,4,horse,0.991786777973175
sketch/horse/n02374451_4553-7.png,sketch,4,horse,4,horse,0.9961850047111511
sketch/horse/n02374451_468-1.png,sketch,4,horse,0,dog,0.6996563673019409
sketch/horse/n02374451_468-10.png,sketch,4,horse,4,horse,0.6774420738220215
sketch/horse/n02374451_468-2.png,sketch,4,horse,2,giraffe,0.9945181012153625
sketch/horse/n02374451_468-3.png,sketch,4,horse,4,horse,0.5850632190704346
sketch/horse/n02374451_468-4.png,sketch,4,horse,2,giraffe,0.6358897686004639
sketch/horse/n02374451_468-5.png,sketch,4,horse,2,giraffe,0.8493706583976746
sketch/horse/n02374451_468-6.png,sketch,4,horse,2,giraffe,0.613023042678833
sketch/horse/n02374451_468-7.png,sketch,4,horse,2,giraffe,0.5255306363105774
sketch/horse/n02374451_468-8.png,sketch,4,horse,2,giraffe,0.9716756343841553
sketch/horse/n02374451_468-9.png,sketch,4,horse,4,horse,0.9853518605232239
sketch/horse/n02374451_4795-1.png,sketch,4,horse,4,horse,0.9846498370170593
sketch/horse/n02374451_4795-2.png,sketch,4,horse,4,horse,0.9007865190505981
sketch/horse/n02374451_4795-3.png,sketch,4,horse,4,horse,0.5784382820129395
sketch/horse/n02374451_4795-4.png,sketch,4,horse,4,horse,0.9899218678474426
sketch/horse/n02374451_4795-5.png,sketch,4,horse,4,horse,0.9094802141189575
sketch/horse/n02374451_4795-6.png,sketch,4,horse,4,horse,0.9911919236183167
sketch/horse/n02374451_4795-7.png,sketch,4,horse,4,horse,0.9992530941963196
sketch/horse/n02374451_4795-8.png,sketch,4,horse,4,horse,0.9929131865501404
sketch/horse/n02374451_4818-1.png,sketch,4,horse,4,horse,0.6878331303596497
sketch/horse/n02374451_4818-2.png,sketch,4,horse,4,horse,0.9994219541549683
sketch/horse/n02374451_4818-3.png,sketch,4,horse,2,giraffe,0.6687877178192139
sketch/horse/n02374451_4818-4.png,sketch,4,horse,4,horse,0.9925678968429565
sketch/horse/n02374451_4818-5.png,sketch,4,horse,2,giraffe,0.9726361036300659
sketch/horse/n02374451_4818-6.png,sketch,4,horse,0,dog,0.5014388561248779
sketch/horse/n02374451_4818-7.png,sketch,4,horse,2,giraffe,0.8271450400352478
sketch/horse/n02374451_490-1.png,sketch,4,horse,4,horse,0.9993247985839844
sketch/horse/n02374451_490-2.png,sketch,4,horse,4,horse,0.9397038221359253
sketch/horse/n02374451_490-3.png,sketch,4,horse,4,horse,0.9999992847442627
sketch/horse/n02374451_490-4.png,sketch,4,horse,4,horse,0.9999568462371826
sketch/horse/n02374451_490-5.png,sketch,4,horse,4,horse,0.6207504272460938
sketch/horse/n02374451_490-6.png,sketch,4,horse,4,horse,0.7270305752754211
sketch/horse/n02374451_490-7.png,sketch,4,horse,0,dog,0.5359612703323364
sketch/horse/n02374451_4963-1.png,sketch,4,horse,0,dog,0.6910736560821533
sketch/horse/n02374451_4963-2.png,sketch,4,horse,4,horse,0.6101467609405518
sketch/horse/n02374451_4963-3.png,sketch,4,horse,0,dog,0.6976720094680786
sketch/horse/n02374451_4963-4.png,sketch,4,horse,4,horse,0.9976900815963745
sketch/horse/n02374451_4963-5.png,sketch,4,horse,0,dog,0.6637408137321472
sketch/horse/n02374451_4963-6.png,sketch,4,horse,4,horse,0.7399739623069763
sketch/horse/n02374451_503-1.png,sketch,4,horse,4,horse,0.9986584186553955
sketch/horse/n02374451_503-2.png,sketch,4,horse,4,horse,0.9989939332008362
sketch/horse/n02374451_503-3.png,sketch,4,horse,4,horse,0.9760608077049255
sketch/horse/n02374451_503-4.png,sketch,4,horse,4,horse,0.9999035596847534
sketch/horse/n02374451_503-5.png,sketch,4,horse,2,giraffe,0.5176694393157959
sketch/horse/n02374451_503-6.png,sketch,4,horse,4,horse,0.9998233914375305
sketch/horse/n02374451_5084-1.png,sketch,4,horse,4,horse,0.9979664087295532
sketch/horse/n02374451_5084-2.png,sketch,4,horse,4,horse,0.9994161128997803
sketch/horse/n02374451_5084-3.png,sketch,4,horse,4,horse,0.8250090479850769
sketch/horse/n02374451_5084-4.png,sketch,4,horse,4,horse,0.999902606010437
sketch/horse/n02374451_5084-5.png,sketch,4,horse,4,horse,0.8920214176177979
sketch/horse/n02374451_5084-6.png,sketch,4,horse,4,horse,0.9987637996673584
sketch/horse/n02374451_54-1.png,sketch,4,horse,2,giraffe,0.3999926447868347
sketch/horse/n02374451_54-10.png,sketch,4,horse,4,horse,0.999997615814209
sketch/horse/n02374451_54-2.png,sketch,4,horse,4,horse,0.975378692150116
sketch/horse/n02374451_54-3.png,sketch,4,horse,4,horse,0.9265813827514648
sketch/horse/n02374451_54-4.png,sketch,4,horse,4,horse,0.9996659755706787
sketch/horse/n02374451_54-5.png,sketch,4,horse,2,giraffe,0.7649492621421814
sketch/horse/n02374451_54-6.png,sketch,4,horse,0,dog,0.9589733481407166
sketch/horse/n02374451_54-7.png,sketch,4,horse,4,horse,0.9829413294792175
sketch/horse/n02374451_54-8.png,sketch,4,horse,4,horse,0.9885416030883789
sketch/horse/n02374451_54-9.png,sketch,4,horse,0,dog,0.7568358182907104
sketch/horse/n02374451_557-1.png,sketch,4,horse,4,horse,0.9987911581993103
sketch/horse/n02374451_557-2.png,sketch,4,horse,2,giraffe,0.513525128364563
sketch/horse/n02374451_557-3.png,sketch,4,horse,4,horse,0.9784339070320129
sketch/horse/n02374451_557-4.png,sketch,4,horse,4,horse,0.999482274055481
sketch/horse/n02374451_557-5.png,sketch,4,horse,2,giraffe,0.5369313359260559
sketch/horse/n02374451_597-1.png,sketch,4,horse,2,giraffe,0.9930372834205627
sketch/horse/n02374451_597-2.png,sketch,4,horse,2,giraffe,0.6381368637084961
sketch/horse/n02374451_597-3.png,sketch,4,horse,4,horse,0.999945878982544
sketch/horse/n02374451_597-4.png,sketch,4,horse,0,dog,0.636356770992279
sketch/horse/n02374451_597-5.png,sketch,4,horse,2,giraffe,0.7323890328407288
sketch/horse/n02374451_597-6.png,sketch,4,horse,0,dog,0.5486436486244202
sketch/horse/n02374451_597-7.png,sketch,4,horse,2,giraffe,0.7916213274002075
sketch/horse/n02374451_6192-1.png,sketch,4,horse,4,horse,0.9999892711639404
sketch/horse/n02374451_6192-2.png,sketch,4,horse,4,horse,0.9974952936172485
sketch/horse/n02374451_6192-3.png,sketch,4,horse,4,horse,0.9887269735336304
sketch/horse/n02374451_6192-4.png,sketch,4,horse,4,horse,0.8626260757446289
sketch/horse/n02374451_6192-5.png,sketch,4,horse,4,horse,0.9998743534088135
sketch/horse/n02374451_6192-6.png,sketch,4,horse,4,horse,0.9999333620071411
sketch/horse/n02374451_6192-7.png,sketch,4,horse,4,horse,0.999955415725708
sketch/horse/n02374451_6207-1.png,sketch,4,horse,0,dog,0.5722958445549011
sketch/horse/n02374451_6207-2.png,sketch,4,horse,4,horse,0.8195878863334656
sketch/horse/n02374451_6207-3.png,sketch,4,horse,4,horse,0.6528704166412354
sketch/horse/n02374451_6207-4.png,sketch,4,horse,4,horse,0.9971393346786499
sketch/horse/n02374451_6207-5.png,sketch,4,horse,4,horse,0.9987106323242188
sketch/horse/n02374451_6207-6.png,sketch,4,horse,4,horse,0.9725531339645386
sketch/horse/n02374451_7631-1.png,sketch,4,horse,2,giraffe,0.9802579283714294
sketch/horse/n02374451_7631-2.png,sketch,4,horse,4,horse,0.9414627552032471
sketch/horse/n02374451_7631-3.png,sketch,4,horse,4,horse,0.9999309778213501
sketch/horse/n02374451_7631-4.png,sketch,4,horse,4,horse,0.8657569885253906
sketch/horse/n02374451_7631-5.png,sketch,4,horse,4,horse,0.9511061906814575
sketch/horse/n02374451_7631-6.png,sketch,4,horse,0,dog,0.6628677248954773
sketch/horse/n02374451_7631-7.png,sketch,4,horse,4,horse,0.9340906143188477
sketch/horse/n02374451_777-1.png,sketch,4,horse,0,dog,0.5527156591415405
sketch/horse/n02374451_777-2.png,sketch,4,horse,4,horse,0.975526750087738
sketch/horse/n02374451_777-3.png,sketch,4,horse,0,dog,0.8796247243881226
sketch/horse/n02374451_777-4.png,sketch,4,horse,4,horse,0.9764569401741028
sketch/horse/n02374451_777-5.png,sketch,4,horse,4,horse,0.632343053817749
sketch/horse/n02374451_777-6.png,sketch,4,horse,4,horse,0.9622844457626343
sketch/horse/n02374451_779-1.png,sketch,4,horse,4,horse,0.8891814351081848
sketch/horse/n02374451_779-2.png,sketch,4,horse,2,giraffe,0.38844916224479675
sketch/horse/n02374451_779-3.png,sketch,4,horse,4,horse,0.9999934434890747
sketch/horse/n02374451_779-4.png,sketch,4,horse,2,giraffe,0.3269496262073517
sketch/horse/n02374451_779-5.png,sketch,4,horse,2,giraffe,0.6547403335571289
sketch/horse/n02374451_779-6.png,sketch,4,horse,4,horse,0.43940767645835876
sketch/horse/n02374451_779-7.png,sketch,4,horse,0,dog,0.7168853878974915
sketch/horse/n02374451_779-8.png,sketch,4,horse,4,horse,0.9997666478157043
sketch/horse/n02374451_779-9.png,sketch,4,horse,4,horse,0.9936074018478394
sketch/horse/n02374451_8065-1.png,sketch,4,horse,4,horse,0.5098884701728821
sketch/horse/n02374451_8065-2.png,sketch,4,horse,4,horse,0.9998360872268677
sketch/horse/n02374451_8065-3.png,sketch,4,horse,4,horse,0.5764727592468262
sketch/horse/n02374451_8065-4.png,sketch,4,horse,4,horse,0.999495267868042
sketch/horse/n02374451_8065-5.png,sketch,4,horse,4,horse,0.9991023540496826
sketch/horse/n02374451_8065-6.png,sketch,4,horse,4,horse,0.9847432374954224
sketch/horse/n02374451_8269-1.png,sketch,4,horse,4,horse,0.565802812576294
sketch/horse/n02374451_8269-2.png,sketch,4,horse,4,horse,0.9240717887878418
sketch/horse/n02374451_8269-3.png,sketch,4,horse,0,dog,0.4877023994922638
sketch/horse/n02374451_8269-4.png,sketch,4,horse,4,horse,0.9992626309394836
sketch/horse/n02374451_8269-5.png,sketch,4,horse,4,horse,0.9476593136787415
sketch/horse/n02374451_8269-6.png,sketch,4,horse,4,horse,0.9006767868995667
sketch/horse/n02374451_8269-7.png,sketch,4,horse,0,dog,0.41857725381851196
sketch/horse/n02374451_8269-8.png,sketch,4,horse,4,horse,0.6847691535949707
sketch/horse/n02374451_8269-9.png,sketch,4,horse,4,horse,0.9914069175720215
sketch/horse/n02374451_8526-1.png,sketch,4,horse,2,giraffe,0.6996621489524841
sketch/horse/n02374451_8526-2.png,sketch,4,horse,4,horse,0.4691157639026642
sketch/horse/n02374451_8526-3.png,sketch,4,horse,2,giraffe,0.7591139078140259
sketch/horse/n02374451_8526-4.png,sketch,4,horse,4,horse,0.9995461106300354
sketch/horse/n02374451_8526-5.png,sketch,4,horse,4,horse,0.870938241481781
sketch/horse/n02374451_8526-6.png,sketch,4,horse,0,dog,0.6407520771026611
sketch/horse/n02374451_8718-1.png,sketch,4,horse,4,horse,0.9198845028877258
sketch/horse/n02374451_8718-2.png,sketch,4,horse,4,horse,0.4388831555843353
sketch/horse/n02374451_8718-3.png,sketch,4,horse,4,horse,0.9990795850753784
sketch/horse/n02374451_8718-4.png,sketch,4,horse,4,horse,0.9929087162017822
sketch/horse/n02374451_8718-5.png,sketch,4,horse,4,horse,0.9924679398536682
sketch/horse/n02374451_8718-6.png,sketch,4,horse,4,horse,0.9301807284355164
sketch/horse/n02374451_8744-1.png,sketch,4,horse,4,horse,0.7357470989227295
sketch/horse/n02374451_8744-10.png,sketch,4,horse,4,horse,0.9947068095207214
sketch/horse/n02374451_8744-2.png,sketch,4,horse,4,horse,0.9865385293960571
sketch/horse/n02374451_8744-3.png,sketch,4,horse,4,horse,0.8558382391929626
sketch/horse/n02374451_8744-4.png,sketch,4,horse,4,horse,0.9684191942214966
sketch/horse/n02374451_8744-5.png,sketch,4,horse,4,horse,0.9788658022880554
sketch/horse/n02374451_8744-6.png,sketch,4,horse,4,horse,0.6294729113578796
sketch/horse/n02374451_8744-7.png,sketch,4,horse,4,horse,0.9566206336021423
sketch/horse/n02374451_8744-8.png,sketch,4,horse,2,giraffe,0.38491153717041016
sketch/horse/n02374451_8744-9.png,sketch,4,horse,4,horse,0.9265688061714172
sketch/horse/n02374451_8806-1.png,sketch,4,horse,2,giraffe,0.722031831741333
sketch/horse/n02374451_8806-2.png,sketch,4,horse,4,horse,0.9999827146530151
sketch/horse/n02374451_8806-3.png,sketch,4,horse,4,horse,0.9995179176330566
sketch/horse/n02374451_8806-4.png,sketch,4,horse,4,horse,0.9999939203262329
sketch/horse/n02374451_8806-5.png,sketch,4,horse,4,horse,0.9144927263259888
sketch/horse/n02374451_8806-6.png,sketch,4,horse,4,horse,0.9865235686302185
sketch/horse/n02374451_8806-7.png,sketch,4,horse,4,horse,0.8543025851249695
sketch/horse/n02374451_8806-8.png,sketch,4,horse,0,dog,0.8547705411911011
sketch/horse/n02374451_9064-1.png,sketch,4,horse,4,horse,0.9988856911659241
sketch/horse/n02374451_9064-2.png,sketch,4,horse,4,horse,0.9555367231369019
sketch/horse/n02374451_9064-3.png,sketch,4,horse,4,horse,0.9986616373062134
sketch/horse/n02374451_9064-4.png,sketch,4,horse,4,horse,0.5361825227737427
sketch/horse/n02374451_9064-5.png,sketch,4,horse,4,horse,0.9955974221229553
sketch/horse/n02374451_9064-6.png,sketch,4,horse,4,horse,0.98691725730896
sketch/horse/n02374451_916-1.png,sketch,4,horse,4,horse,0.9998916387557983
sketch/horse/n02374451_916-2.png,sketch,4,horse,0,dog,0.7605171799659729
sketch/horse/n02374451_916-3.png,sketch,4,horse,4,horse,0.9976794123649597
sketch/horse/n02374451_916-4.png,sketch,4,horse,4,horse,0.6893367171287537
sketch/horse/n02374451_916-5.png,sketch,4,horse,4,horse,0.994491457939148
sketch/horse/n02374451_916-6.png,sketch,4,horse,4,horse,0.9981101751327515
sketch/horse/n02374451_9225-1.png,sketch,4,horse,4,horse,0.9561169743537903
sketch/horse/n02374451_9225-2.png,sketch,4,horse,4,horse,0.857031524181366
sketch/horse/n02374451_9225-3.png,sketch,4,horse,4,horse,0.9995775818824768
sketch/horse/n02374451_9225-4.png,sketch,4,horse,4,horse,0.9135931730270386
sketch/horse/n02374451_9225-5.png,sketch,4,horse,4,horse,0.9837109446525574
sketch/horse/n02374451_9225-6.png,sketch,4,horse,4,horse,0.9950549602508545
sketch/horse/n02374451_9225-7.png,sketch,4,horse,0,dog,0.6102830171585083
sketch/horse/n02374451_9225-8.png,sketch,4,horse,4,horse,0.9992725253105164
sketch/horse/n02374451_925-1.png,sketch,4,horse,4,horse,0.9999738931655884
sketch/horse/n02374451_925-2.png,sketch,4,horse,2,giraffe,0.9099041223526001
sketch/horse/n02374451_925-3.png,sketch,4,horse,4,horse,0.9845149517059326
sketch/horse/n02374451_925-4.png,sketch,4,horse,2,giraffe,0.8019704222679138
sketch/horse/n02374451_925-5.png,sketch,4,horse,4,horse,0.9950673580169678
sketch/horse/n02374451_925-6.png,sketch,4,horse,4,horse,0.9409375786781311
sketch/horse/n02374451_925-7.png,sketch,4,horse,4,horse,0.9998983144760132
sketch/horse/n02374451_929-1.png,sketch,4,horse,2,giraffe,0.8228721618652344
sketch/horse/n02374451_929-2.png,sketch,4,horse,4,horse,0.8418710827827454
sketch/horse/n02374451_929-3.png,sketch,4,horse,4,horse,0.4981529116630554
sketch/horse/n02374451_929-4.png,sketch,4,horse,2,giraffe,0.5606443881988525
sketch/horse/n02374451_929-5.png,sketch,4,horse,3,guitar,0.41953301429748535
sketch/horse/n02374451_929-6.png,sketch,4,horse,4,horse,0.8693854212760925
sketch/horse/n02374451_9443-1.png,sketch,4,horse,2,giraffe,0.4544045925140381
sketch/horse/n02374451_9443-2.png,sketch,4,horse,4,horse,0.9985030889511108
sketch/horse/n02374451_9443-3.png,sketch,4,horse,4,horse,0.9986780285835266
sketch/horse/n02374451_9443-4.png,sketch,4,horse,4,horse,0.9960716962814331
sketch/horse/n02374451_9443-5.png,sketch,4,horse,2,giraffe,0.4779609739780426
sketch/horse/n02374451_9443-6.png,sketch,4,horse,4,horse,0.9993245601654053
sketch/horse/n02374451_9443-7.png,sketch,4,horse,4,horse,0.9232743978500366
sketch/horse/n02374451_9892-1.png,sketch,4,horse,4,horse,0.99569171667099
sketch/horse/n02374451_9892-2.png,sketch,4,horse,4,horse,0.9964669942855835
sketch/horse/n02374451_9892-3.png,sketch,4,horse,0,dog,0.7229723930358887
sketch/horse/n02374451_9892-4.png,sketch,4,horse,4,horse,0.8695434331893921
sketch/horse/n02374451_9892-5.png,sketch,4,horse,4,horse,0.9825945496559143
sketch/horse/n02374451_9892-6.png,sketch,4,horse,4,horse,0.8609246015548706
sketch/horse/n02374451_9892-7.png,sketch,4,horse,4,horse,0.9761205315589905
sketch/house/8801.png,sketch,5,house,6,person,0.5522032380104065
sketch/house/8802.png,sketch,5,house,5,house,0.7754234075546265
sketch/house/8803.png,sketch,5,house,2,giraffe,0.48337841033935547
sketch/house/8804.png,sketch,5,house,1,elephant,0.4644618332386017
sketch/house/8805.png,sketch,5,house,5,house,0.9974642992019653
sketch/house/8806.png,sketch,5,house,0,dog,0.7393696904182434
sketch/house/8807.png,sketch,5,house,5,house,0.36417922377586365
sketch/house/8808.png,sketch,5,house,3,guitar,0.43818625807762146
sketch/house/8809.png,sketch,5,house,5,house,0.9295325875282288
sketch/house/8810.png,sketch,5,house,6,person,0.283740758895874
sketch/house/8811.png,sketch,5,house,5,house,0.9974550604820251
sketch/house/8812.png,sketch,5,house,5,house,0.8603752851486206
sketch/house/8813.png,sketch,5,house,4,horse,0.39155450463294983
sketch/house/8814.png,sketch,5,house,5,house,0.5421725511550903
sketch/house/8815.png,sketch,5,house,5,house,0.9329091310501099
sketch/house/8816.png,sketch,5,house,2,giraffe,0.5422011017799377
sketch/house/8817.png,sketch,5,house,5,house,0.3647554814815521
sketch/house/8818.png,sketch,5,house,3,guitar,0.6808098554611206
sketch/house/8819.png,sketch,5,house,5,house,0.7321569323539734
sketch/house/8820.png,sketch,5,house,5,house,0.9983059167861938
sketch/house/8821.png,sketch,5,house,2,giraffe,0.38659679889678955
sketch/house/8822.png,sketch,5,house,5,house,0.9921665191650391
sketch/house/8823.png,sketch,5,house,5,house,0.9993871450424194
sketch/house/8824.png,sketch,5,house,2,giraffe,0.6667860746383667
sketch/house/8825.png,sketch,5,house,6,person,0.3884557783603668
sketch/house/8826.png,sketch,5,house,6,person,0.7941898703575134
sketch/house/8827.png,sketch,5,house,1,elephant,0.4616338014602661
sketch/house/8828.png,sketch,5,house,1,elephant,0.7511086463928223
sketch/house/8829.png,sketch,5,house,5,house,0.9910057783126831
sketch/house/8830.png,sketch,5,house,5,house,0.9999891519546509
sketch/house/8831.png,sketch,5,house,1,elephant,0.9700822830200195
sketch/house/8832.png,sketch,5,house,5,house,0.9960028529167175
sketch/house/8833.png,sketch,5,house,5,house,0.9997664093971252
sketch/house/8834.png,sketch,5,house,5,house,0.9971484541893005
sketch/house/8835.png,sketch,5,house,5,house,0.9998893737792969
sketch/house/8836.png,sketch,5,house,5,house,0.9993591904640198
sketch/house/8837.png,sketch,5,house,5,house,0.995996356010437
sketch/house/8838.png,sketch,5,house,3,guitar,0.38407793641090393
sketch/house/8839.png,sketch,5,house,5,house,0.9556821584701538
sketch/house/8840.png,sketch,5,house,5,house,0.49270081520080566
sketch/house/8841.png,sketch,5,house,5,house,0.9970368146896362
sketch/house/8842.png,sketch,5,house,6,person,0.5282338261604309
sketch/house/8843.png,sketch,5,house,2,giraffe,0.2981744706630707
sketch/house/8844.png,sketch,5,house,5,house,0.40201008319854736
sketch/house/8845.png,sketch,5,house,1,elephant,0.8321592807769775
sketch/house/8846.png,sketch,5,house,5,house,0.517772912979126
sketch/house/8847.png,sketch,5,house,6,person,0.6466246843338013
sketch/house/8848.png,sketch,5,house,5,house,0.93979811668396
sketch/house/8849.png,sketch,5,house,5,house,0.9257495403289795
sketch/house/8850.png,sketch,5,house,1,elephant,0.3668414056301117
sketch/house/8851.png,sketch,5,house,5,house,0.99904865026474
sketch/house/8852.png,sketch,5,house,5,house,0.9793160557746887
sketch/house/8853.png,sketch,5,house,5,house,0.9997789263725281
sketch/house/8854.png,sketch,5,house,5,house,0.9517874121665955
sketch/house/8855.png,sketch,5,house,6,person,0.414733350276947
sketch/house/8856.png,sketch,5,house,5,house,0.7485540509223938
sketch/house/8857.png,sketch,5,house,5,house,0.9687215089797974
sketch/house/8858.png,sketch,5,house,5,house,0.9987329840660095
sketch/house/8859.png,sketch,5,house,5,house,0.6153331398963928
sketch/house/8860.png,sketch,5,house,5,house,0.9999957084655762
sketch/house/8861.png,sketch,5,house,1,elephant,0.5942453145980835
sketch/house/8862.png,sketch,5,house,3,guitar,0.8007407188415527
sketch/house/8863.png,sketch,5,house,5,house,0.9403955936431885
sketch/house/8864.png,sketch,5,house,5,house,0.804865300655365
sketch/house/8865.png,sketch,5,house,5,house,0.9917852878570557
sketch/house/8866.png,sketch,5,house,5,house,0.5975792407989502
sketch/house/8867.png,sketch,5,house,5,house,0.9997536540031433
sketch/house/8868.png,sketch,5,house,5,house,0.9982370138168335
sketch/house/8869.png,sketch,5,house,5,house,0.8056023120880127
sketch/house/8870.png,sketch,5,house,6,person,0.4830089807510376
sketch/house/8871.png,sketch,5,house,5,house,0.9996882677078247
sketch/house/8872.png,sketch,5,house,1,elephant,0.9172739386558533
sketch/house/8873.png,sketch,5,house,5,house,0.5645331740379333
sketch/house/8874.png,sketch,5,house,5,house,0.6888444423675537
sketch/house/8875.png,sketch,5,house,5,house,0.8335156440734863
sketch/house/8876.png,sketch,5,house,5,house,0.913191556930542
sketch/house/8877.png,sketch,5,house,0,dog,0.6304851174354553
sketch/house/8878.png,sketch,5,house,1,elephant,0.8972043991088867
sketch/house/8879.png,sketch,5,house,5,house,0.5175626873970032
sketch/house/8880.png,sketch,5,house,5,house,0.8175001740455627
sketch/person/12081.png,sketch,6,person,6,person,0.6438032984733582
sketch/person/12082.png,sketch,6,person,6,person,0.8108678460121155
sketch/person/12083.png,sketch,6,person,6,person,0.8158937096595764
sketch/person/12084.png,sketch,6,person,6,person,0.932217538356781
sketch/person/12085.png,sketch,6,person,6,person,0.7372722625732422
sketch/person/12086.png,sketch,6,person,6,person,0.9999853372573853
sketch/person/12087.png,sketch,6,person,6,person,0.41938501596450806
sketch/person/12088.png,sketch,6,person,6,person,0.7828450202941895
sketch/person/12089.png,sketch,6,person,6,person,0.47457635402679443
sketch/person/12090.png,sketch,6,person,0,dog,0.37870264053344727
sketch/person/12091.png,sketch,6,person,6,person,0.9983798265457153
sketch/person/12092.png,sketch,6,person,6,person,0.7315765023231506
sketch/person/12093.png,sketch,6,person,6,person,0.5584001541137695
sketch/person/12094.png,sketch,6,person,6,person,0.9258918762207031
sketch/person/12095.png,sketch,6,person,6,person,0.9873732924461365
sketch/person/12096.png,sketch,6,person,6,person,0.9584937691688538
sketch/person/12097.png,sketch,6,person,0,dog,0.862406849861145
sketch/person/12098.png,sketch,6,person,6,person,0.6313696503639221
sketch/person/12099.png,sketch,6,person,0,dog,0.46173202991485596
sketch/person/12100.png,sketch,6,person,6,person,0.5093808174133301
sketch/person/12101.png,sketch,6,person,6,person,0.3366398215293884
sketch/person/12102.png,sketch,6,person,6,person,0.8492544889450073
sketch/person/12103.png,sketch,6,person,6,person,0.5414052605628967
sketch/person/12104.png,sketch,6,person,6,person,0.9074528813362122
sketch/person/12105.png,sketch,6,person,6,person,0.4316122531890869
sketch/person/12106.png,sketch,6,person,6,person,0.9974117875099182
sketch/person/12107.png,sketch,6,person,6,person,0.5867940187454224
sketch/person/12108.png,sketch,6,person,6,person,0.5235520601272583
sketch/person/12109.png,sketch,6,person,2,giraffe,0.5069255828857422
sketch/person/12110.png,sketch,6,person,2,giraffe,0.8825499415397644
sketch/person/12111.png,sketch,6,person,1,elephant,0.5474359393119812
sketch/person/12112.png,sketch,6,person,6,person,0.9903683662414551
sketch/person/12113.png,sketch,6,person,0,dog,0.6813610196113586
sketch/person/12114.png,sketch,6,person,6,person,0.7374120950698853
sketch/person/12115.png,sketch,6,person,6,person,0.9780026078224182
sketch/person/12116.png,sketch,6,person,0,dog,0.5057253241539001
sketch/person/12117.png,sketch,6,person,6,person,0.9909754395484924
sketch/person/12118.png,sketch,6,person,6,person,0.9831796884536743
sketch/person/12119.png,sketch,6,person,6,person,0.8677156567573547
sketch/person/12120.png,sketch,6,person,6,person,0.9062058329582214
sketch/person/12121.png,sketch,6,person,6,person,0.8723873496055603
sketch/person/12122.png,sketch,6,person,6,person,0.845909833908081
sketch/person/12123.png,sketch,6,person,6,person,0.9992579817771912
sketch/person/12124.png,sketch,6,person,6,person,0.5713189840316772
sketch/person/12125.png,sketch,6,person,6,person,0.8899645209312439
sketch/person/12126.png,sketch,6,person,6,person,0.9697204232215881
sketch/person/12127.png,sketch,6,person,6,person,0.9648711085319519
sketch/person/12128.png,sketch,6,person,6,person,0.875121533870697
sketch/person/12129.png,sketch,6,person,2,giraffe,0.7256689667701721
sketch/person/12130.png,sketch,6,person,6,person,0.9667889475822449
sketch/person/12131.png,sketch,6,person,6,person,0.9653218388557434
sketch/person/12132.png,sketch,6,person,6,person,0.3538210093975067
sketch/person/12133.png,sketch,6,person,2,giraffe,0.925661027431488
sketch/person/12134.png,sketch,6,person,6,person,0.9099534749984741
sketch/person/12135.png,sketch,6,person,6,person,0.6763117909431458
sketch/person/12136.png,sketch,6,person,0,dog,0.7310378551483154
sketch/person/12137.png,sketch,6,person,6,person,0.5350470542907715
sketch/person/12138.png,sketch,6,person,6,person,0.9873037934303284
sketch/person/12139.png,sketch,6,person,6,person,0.7123802900314331
sketch/person/12140.png,sketch,6,person,0,dog,0.5825875997543335
sketch/person/12141.png,sketch,6,person,6,person,0.797969400882721
sketch/person/12142.png,sketch,6,person,2,giraffe,0.3680737614631653
sketch/person/12143.png,sketch,6,person,2,giraffe,0.9880268573760986
sketch/person/12144.png,sketch,6,person,2,giraffe,0.9894512295722961
sketch/person/12145.png,sketch,6,person,6,person,0.9591019749641418
sketch/person/12146.png,sketch,6,person,6,person,0.998427152633667
sketch/person/12147.png,sketch,6,person,2,giraffe,0.8676187992095947
sketch/person/12148.png,sketch,6,person,6,person,0.3721950948238373
sketch/person/12149.png,sketch,6,person,6,person,0.9492015838623047
sketch/person/12150.png,sketch,6,person,6,person,0.8211924433708191
sketch/person/12151.png,sketch,6,person,0,dog,0.7491205334663391
sketch/person/12152.png,sketch,6,person,6,person,0.9996200799942017
sketch/person/12153.png,sketch,6,person,2,giraffe,0.5833423733711243
sketch/person/12154.png,sketch,6,person,6,person,0.9399715662002563
sketch/person/12155.png,sketch,6,person,6,person,0.6164225935935974
sketch/person/12156.png,sketch,6,person,6,person,0.3690970540046692
sketch/person/12157.png,sketch,6,person,0,dog,0.8624634146690369
sketch/person/12158.png,sketch,6,person,6,person,0.9207295775413513
sketch/person/12159.png,sketch,6,person,6,person,0.9855268001556396
sketch/person/12160.png,sketch,6,person,1,elephant,0.47789686918258667
sketch/person/12161.png,sketch,6,person,2,giraffe,0.4500230550765991
sketch/person/12162.png,sketch,6,person,6,person,0.8217613697052002
sketch/person/12163.png,sketch,6,person,6,person,0.9560706615447998
sketch/person/12164.png,sketch,6,person,6,person,0.8936246037483215
sketch/person/12165.png,sketch,6,person,6,person,0.9523015022277832
sketch/person/12166.png,sketch,6,person,2,giraffe,0.5926244258880615
sketch/person/12167.png,sketch,6,person,6,person,0.8230462074279785
sketch/person/12168.png,sketch,6,person,6,person,0.9780711531639099
sketch/person/12169.png,sketch,6,person,6,person,0.4947579503059387
sketch/person/12170.png,sketch,6,person,0,dog,0.9192749261856079
sketch/person/12171.png,sketch,6,person,6,person,0.8975039124488831
sketch/person/12172.png,sketch,6,person,0,dog,0.7869866490364075
sketch/person/12173.png,sketch,6,person,6,person,0.531691312789917
sketch/person/12174.png,sketch,6,person,0,dog,0.4975460171699524
sketch/person/12175.png,sketch,6,person,6,person,0.5290351510047913
sketch/person/12176.png,sketch,6,person,6,person,0.8608315587043762
sketch/person/12177.png,sketch,6,person,0,dog,0.6986727714538574
sketch/person/12178.png,sketch,6,person,6,person,0.5976661443710327
sketch/person/12179.png,sketch,6,person,6,person,0.9998024106025696
sketch/person/12180.png,sketch,6,person,6,person,0.9541656970977783
sketch/person/12181.png,sketch,6,person,6,person,0.9005431532859802
sketch/person/12182.png,sketch,6,person,6,person,0.9884865283966064
sketch/person/12183.png,sketch,6,person,6,person,0.5722277760505676
sketch/person/12184.png,sketch,6,person,4,horse,0.3466220200061798
sketch/person/12185.png,sketch,6,person,6,person,0.8151365518569946
sketch/person/12186.png,sketch,6,person,6,person,0.715514600276947
sketch/person/12187.png,sketch,6,person,6,person,0.9894148111343384
sketch/person/12188.png,sketch,6,person,6,person,0.9053621888160706
sketch/person/12189.png,sketch,6,person,6,person,0.6938859820365906
sketch/person/12190.png,sketch,6,person,2,giraffe,0.6004626750946045
sketch/person/12191.png,sketch,6,person,0,dog,0.5464203357696533
sketch/person/12192.png,sketch,6,person,6,person,0.7957148551940918
sketch/person/12193.png,sketch,6,person,0,dog,0.6071592569351196
sketch/person/12194.png,sketch,6,person,0,dog,0.6825161576271057
sketch/person/12195.png,sketch,6,person,6,person,0.8761523962020874
sketch/person/12196.png,sketch,6,person,2,giraffe,0.41409745812416077
sketch/person/12197.png,sketch,6,person,0,dog,0.8655150532722473
sketch/person/12198.png,sketch,6,person,0,dog,0.5723451972007751
sketch/person/12199.png,sketch,6,person,2,giraffe,0.7848808765411377
sketch/person/12200.png,sketch,6,person,6,person,0.8332117795944214
sketch/person/12201.png,sketch,6,person,6,person,0.9437830448150635
sketch/person/12202.png,sketch,6,person,6,person,0.9860333800315857
sketch/person/12203.png,sketch,6,person,6,person,0.9996324777603149
sketch/person/12204.png,sketch,6,person,6,person,0.6233778595924377
sketch/person/12205.png,sketch,6,person,6,person,0.7528964877128601
sketch/person/12206.png,sketch,6,person,6,person,0.9835424423217773
sketch/person/12207.png,sketch,6,person,0,dog,0.6563501954078674
sketch/person/12208.png,sketch,6,person,6,person,0.7432770133018494
sketch/person/12209.png,sketch,6,person,6,person,0.9982128143310547
sketch/person/12210.png,sketch,6,person,6,person,0.36616453528404236
sketch/person/12211.png,sketch,6,person,6,person,0.8736876249313354
sketch/person/12212.png,sketch,6,person,0,dog,0.883782148361206
sketch/person/12213.png,sketch,6,person,6,person,0.9307554960250854
sketch/person/12214.png,sketch,6,person,2,giraffe,0.6883218884468079
sketch/person/12215.png,sketch,6,person,0,dog,0.8060097694396973
sketch/person/12216.png,sketch,6,person,6,person,0.8114038705825806
sketch/person/12217.png,sketch,6,person,2,giraffe,0.6526153683662415
sketch/person/12218.png,sketch,6,person,6,person,0.6601070165634155
sketch/person/12219.png,sketch,6,person,0,dog,0.4951307475566864
sketch/person/12220.png,sketch,6,person,0,dog,0.8092562556266785
sketch/person/12221.png,sketch,6,person,0,dog,0.8098350167274475
sketch/person/12222.png,sketch,6,person,0,dog,0.6036742925643921
sketch/person/12223.png,sketch,6,person,6,person,0.9555957317352295
sketch/person/12224.png,sketch,6,person,2,giraffe,0.8513117432594299
sketch/person/12225.png,sketch,6,person,6,person,0.9928255081176758
sketch/person/12226.png,sketch,6,person,6,person,0.5721647143363953
sketch/person/12227.png,sketch,6,person,3,guitar,0.4804942011833191
sketch/person/12228.png,sketch,6,person,2,giraffe,0.9356321096420288
sketch/person/12229.png,sketch,6,person,6,person,0.9995929598808289
sketch/person/12230.png,sketch,6,person,6,person,0.7661557793617249
sketch/person/12231.png,sketch,6,person,2,giraffe,0.6097795963287354
sketch/person/12232.png,sketch,6,person,6,person,0.9999240636825562
sketch/person/12233.png,sketch,6,person,6,person,0.9942302703857422
sketch/person/12234.png,sketch,6,person,6,person,0.9894367456436157
sketch/person/12235.png,sketch,6,person,6,person,0.9660314917564392
sketch/person/12236.png,sketch,6,person,6,person,0.996502161026001
sketch/person/12237.png,sketch,6,person,0,dog,0.5435507297515869
sketch/person/12238.png,sketch,6,person,6,person,0.5450477600097656
sketch/person/12239.png,sketch,6,person,0,dog,0.5345126986503601
sketch/person/12240.png,sketch,6,person,6,person,0.4781429171562195
