path,domain,true_class_id,true_class_name,predicted_class_id,predicted_class_name,maximum_confidence
sketch/dog/5281.png,sketch,0,dog,1,elephant,0.533942461013794
sketch/dog/5282.png,sketch,0,dog,2,giraffe,0.6295846104621887
sketch/dog/5283.png,sketch,0,dog,1,elephant,0.40159472823143005
sketch/dog/5284.png,sketch,0,dog,1,elephant,0.8585025072097778
sketch/dog/5285.png,sketch,0,dog,0,dog,0.6338149905204773
sketch/dog/5286.png,sketch,0,dog,1,elephant,0.7171703577041626
sketch/dog/5287.png,sketch,0,dog,0,dog,0.5232857465744019
sketch/dog/5288.png,sketch,0,dog,0,dog,0.8234009742736816
sketch/dog/5289.png,sketch,0,dog,0,dog,0.40917328000068665
sketch/dog/5290.png,sketch,0,dog,1,elephant,0.9367858171463013
sketch/dog/5291.png,sketch,0,dog,1,elephant,0.5604346990585327
sketch/dog/5292.png,sketch,0,dog,4,horse,0.49676981568336487
sketch/dog/5293.png,sketch,0,dog,4,horse,0.38074472546577454
sketch/dog/5294.png,sketch,0,dog,4,horse,0.47346118092536926
sketch/dog/5295.png,sketch,0,dog,1,elephant,0.6204061508178711
sketch/dog/5296.png,sketch,0,dog,1,elephant,0.7502768039703369
sketch/dog/5297.png,sketch,0,dog,1,elephant,0.308735191822052
sketch/dog/5298.png,sketch,0,dog,4,horse,0.423467218875885
sketch/dog/5299.png,sketch,0,dog,1,elephant,0.8654623627662659
sketch/dog/5300.png,sketch,0,dog,1,elephant,0.3578127920627594
sketch/dog/5301.png,sketch,0,dog,0,dog,0.7479549050331116
sketch/dog/5302.png,sketch,0,dog,0,dog,0.5369437336921692
sketch/dog/5303.png,sketch,0,dog,0,dog,0.777460515499115
sketch/dog/5304.png,sketch,0,dog,0,dog,0.8542371392250061
sketch/dog/5305.png,sketch,0,dog,1,elephant,0.4766390919685364
sketch/dog/5306.png,sketch,0,dog,0,dog,0.3908354640007019
sketch/dog/5307.png,sketch,0,dog,0,dog,0.6912360191345215
sketch/dog/5308.png,sketch,0,dog,1,elephant,0.7394448518753052
sketch/dog/5309.png,sketch,0,dog,0,dog,0.7209730744361877
sketch/dog/5310.png,sketch,0,dog,6,person,0.41657060384750366
sketch/dog/5311.png,sketch,0,dog,1,elephant,0.5026957392692566
sketch/dog/5312.png,sketch,0,dog,0,dog,0.9424365758895874
sketch/dog/5313.png,sketch,0,dog,1,elephant,0.6300238966941833
sketch/dog/5314.png,sketch,0,dog,0,dog,0.5838842391967773
sketch/dog/5315.png,sketch,0,dog,4,horse,0.2484130859375
sketch/dog/5316.png,sketch,0,dog,4,horse,0.6155616641044617
sketch/dog/5317.png,sketch,0,dog,1,elephant,0.5671387314796448
sketch/dog/5318.png,sketch,0,dog,1,elephant,0.692118763923645
sketch/dog/5319.png,sketch,0,dog,4,horse,0.41241201758384705
sketch/dog/5320.png,sketch,0,dog,0,dog,0.6098276376724243
sketch/dog/5321.png,sketch,0,dog,2,giraffe,0.6135485768318176
sketch/dog/5322.png,sketch,0,dog,0,dog,0.915786623954773
sketch/dog/5323.png,sketch,0,dog,1,elephant,0.36895474791526794
sketch/dog/5324.png,sketch,0,dog,1,elephant,0.6469412446022034
sketch/dog/5325.png,sketch,0,dog,1,elephant,0.8009735345840454
sketch/dog/5326.png,sketch,0,dog,1,elephant,0.5428844690322876
sketch/dog/5327.png,sketch,0,dog,1,elephant,0.49219706654548645
sketch/dog/5328.png,sketch,0,dog,1,elephant,0.38997605443000793
sketch/dog/5329.png,sketch,0,dog,1,elephant,0.629411518573761
sketch/dog/5330.png,sketch,0,dog,1,elephant,0.8910849690437317
sketch/dog/5331.png,sketch,0,dog,4,horse,0.6330528259277344
sketch/dog/5332.png,sketch,0,dog,4,horse,0.574083149433136
sketch/dog/5333.png,sketch,0,dog,1,elephant,0.6360330581665039
sketch/dog/5334.png,sketch,0,dog,1,elephant,0.47403255105018616
sketch/dog/5335.png,sketch,0,dog,1,elephant,0.9249476194381714
sketch/dog/5336.png,sketch,0,dog,1,elephant,0.9609628319740295
sketch/dog/5337.png,sketch,0,dog,0,dog,0.44615641236305237
sketch/dog/5338.png,sketch,0,dog,1,elephant,0.551109254360199
sketch/dog/5339.png,sketch,0,dog,0,dog,0.618579089641571
sketch/dog/5340.png,sketch,0,dog,0,dog,0.7798539996147156
sketch/dog/5341.png,sketch,0,dog,2,giraffe,0.3447817862033844
sketch/dog/5342.png,sketch,0,dog,1,elephant,0.38647234439849854
sketch/dog/5343.png,sketch,0,dog,0,dog,0.5112230181694031
sketch/dog/5344.png,sketch,0,dog,4,horse,0.45682525634765625
sketch/dog/5345.png,sketch,0,dog,0,dog,0.5153878927230835
sketch/dog/5346.png,sketch,0,dog,0,dog,0.682905375957489
sketch/dog/5347.png,sketch,0,dog,0,dog,0.686173141002655
sketch/dog/5348.png,sketch,0,dog,1,elephant,0.5139392018318176
sketch/dog/5349.png,sketch,0,dog,0,dog,0.44962096214294434
sketch/dog/5350.png,sketch,0,dog,0,dog,0.8607950806617737
sketch/dog/5351.png,sketch,0,dog,1,elephant,0.7676490545272827
sketch/dog/5352.png,sketch,0,dog,1,elephant,0.86622154712677
sketch/dog/5353.png,sketch,0,dog,1,elephant,0.7896177172660828
sketch/dog/5354.png,sketch,0,dog,0,dog,0.6071385741233826
sketch/dog/5355.png,sketch,0,dog,0,dog,0.4721280634403229
sketch/dog/5356.png,sketch,0,dog,0,dog,0.7606863379478455
sketch/dog/5357.png,sketch,0,dog,0,dog,0.3963567316532135
sketch/dog/5358.png,sketch,0,dog,1,elephant,0.5957165956497192
sketch/dog/5359.png,sketch,0,dog,0,dog,0.5528222918510437
sketch/dog/5360.png,sketch,0,dog,1,elephant,0.825234591960907
sketch/dog/n02103406_1011-1.png,sketch,0,dog,1,elephant,0.6642940640449524
sketch/dog/n02103406_1011-2.png,sketch,0,dog,1,elephant,0.732064425945282
sketch/dog/n02103406_1011-3.png,sketch,0,dog,1,elephant,0.729592502117157
sketch/dog/n02103406_1011-4.png,sketch,0,dog,1,elephant,0.7261780500411987
sketch/dog/n02103406_1011-5.png,sketch,0,dog,1,elephant,0.7850178480148315
sketch/dog/n02103406_1138-1.png,sketch,0,dog,1,elephant,0.7708799242973328
sketch/dog/n02103406_1138-2.png,sketch,0,dog,1,elephant,0.7502889037132263
sketch/dog/n02103406_1138-3.png,sketch,0,dog,1,elephant,0.861298680305481
sketch/dog/n02103406_1138-4.png,sketch,0,dog,0,dog,0.7023228406906128
sketch/dog/n02103406_1138-5.png,sketch,0,dog,1,elephant,0.6308364272117615
sketch/dog/n02103406_1138-6.png,sketch,0,dog,1,elephant,0.8515381813049316
sketch/dog/n02103406_1138-7.png,sketch,0,dog,1,elephant,0.616296648979187
sketch/dog/n02103406_1138-8.png,sketch,0,dog,0,dog,0.5773610472679138
sketch/dog/n02103406_1170-1.png,sketch,0,dog,0,dog,0.6017826199531555
sketch/dog/n02103406_1170-2.png,sketch,0,dog,0,dog,0.9845930933952332
sketch/dog/n02103406_1170-3.png,sketch,0,dog,1,elephant,0.5020819902420044
sketch/dog/n02103406_1170-4.png,sketch,0,dog,0,dog,0.7386903762817383
sketch/dog/n02103406_1170-5.png,sketch,0,dog,0,dog,0.6858403086662292
sketch/dog/n02103406_1170-6.png,sketch,0,dog,0,dog,0.8289071321487427
sketch/dog/n02103406_1247-1.png,sketch,0,dog,0,dog,0.6896443963050842
sketch/dog/n02103406_1247-2.png,sketch,0,dog,6,person,0.3593072295188904
sketch/dog/n02103406_1247-3.png,sketch,0,dog,6,person,0.3930569589138031
sketch/dog/n02103406_1247-4.png,sketch,0,dog,0,dog,0.6662487983703613
sketch/dog/n02103406_1247-5.png,sketch,0,dog,1,elephant,0.922682523727417
sketch/dog/n02103406_1247-6.png,sketch,0,dog,1,elephant,0.8584495186805725
sketch/dog/n02103406_1247-7.png,sketch,0,dog,0,dog,0.7737475633621216
sketch/dog/n02103406_13049-1.png,sketch,0,dog,0,dog,0.44958099722862244
sketch/dog/n02103406_13049-2.png,sketch,0,dog,0,dog,0.6745591163635254
sketch/dog/n02103406_13049-3.png,sketch,0,dog,0,dog,0.6722860336303711
sketch/dog/n02103406_13049-4.png,sketch,0,dog,0,dog,0.7353622317314148
sketch/dog/n02103406_13049-5.png,sketch,0,dog,0,dog,0.5469117164611816
sketch/dog/n02103406_13049-6.png,sketch,0,dog,0,dog,0.7720693349838257
sketch/dog/n02103406_1599-1.png,sketch,0,dog,1,elephant,0.44208383560180664
sketch/dog/n02103406_1599-2.png,sketch,0,dog,0,dog,0.7097339630126953
sketch/dog/n02103406_1599-3.png,sketch,0,dog,0,dog,0.8351233005523682
sketch/dog/n02103406_1599-4.png,sketch,0,dog,0,dog,0.7057792544364929
sketch/dog/n02103406_1599-5.png,sketch,0,dog,0,dog,0.808920681476593
sketch/dog/n02103406_1754-1.png,sketch,0,dog,0,dog,0.7038102149963379
sketch/dog/n02103406_1754-2.png,sketch,0,dog,1,elephant,0.8195632696151733
sketch/dog/n02103406_1754-3.png,sketch,0,dog,0,dog,0.3766898512840271
sketch/dog/n02103406_1754-4.png,sketch,0,dog,0,dog,0.5112406015396118
sketch/dog/n02103406_1754-5.png,sketch,0,dog,1,elephant,0.8552696704864502
sketch/dog/n02103406_2209-1.png,sketch,0,dog,0,dog,0.9442237019538879
sketch/dog/n02103406_2209-2.png,sketch,0,dog,0,dog,0.973831057548523
sketch/dog/n02103406_2209-3.png,sketch,0,dog,0,dog,0.42081233859062195
sketch/dog/n02103406_2209-4.png,sketch,0,dog,0,dog,0.9409964680671692
sketch/dog/n02103406_2209-5.png,sketch,0,dog,0,dog,0.6784420013427734
sketch/dog/n02103406_2209-6.png,sketch,0,dog,0,dog,0.7468717694282532
sketch/dog/n02103406_2209-7.png,sketch,0,dog,0,dog,0.8420003056526184
sketch/dog/n02103406_2209-8.png,sketch,0,dog,0,dog,0.7852638959884644
sketch/dog/n02103406_2706-1.png,sketch,0,dog,0,dog,0.6658737063407898
sketch/dog/n02103406_2706-2.png,sketch,0,dog,0,dog,0.4529435932636261
sketch/dog/n02103406_2706-3.png,sketch,0,dog,0,dog,0.7654123902320862
sketch/dog/n02103406_2706-4.png,sketch,0,dog,0,dog,0.5291102528572083
sketch/dog/n02103406_2706-5.png,sketch,0,dog,0,dog,0.5611467361450195
sketch/dog/n02103406_2706-6.png,sketch,0,dog,0,dog,0.7537698149681091
sketch/dog/n02103406_2706-7.png,sketch,0,dog,0,dog,0.7648350596427917
sketch/dog/n02103406_2706-8.png,sketch,0,dog,0,dog,0.48095646500587463
sketch/dog/n02103406_2706-9.png,sketch,0,dog,4,horse,0.31986522674560547
sketch/dog/n02103406_2954-1.png,sketch,0,dog,1,elephant,0.5870222449302673
sketch/dog/n02103406_2954-2.png,sketch,0,dog,0,dog,0.7076082825660706
sketch/dog/n02103406_2954-3.png,sketch,0,dog,0,dog,0.8076086640357971
sketch/dog/n02103406_2954-4.png,sketch,0,dog,0,dog,0.7318140268325806
sketch/dog/n02103406_2954-5.png,sketch,0,dog,0,dog,0.8649634718894958
sketch/dog/n02103406_2954-6.png,sketch,0,dog,0,dog,0.8454011678695679
sketch/dog/n02103406_2976-1.png,sketch,0,dog,4,horse,0.38561955094337463
sketch/dog/n02103406_2976-2.png,sketch,0,dog,0,dog,0.3534388244152069
sketch/dog/n02103406_2976-3.png,sketch,0,dog,0,dog,0.4713588356971741
sketch/dog/n02103406_2976-4.png,sketch,0,dog,0,dog,0.7791498899459839
sketch/dog/n02103406_2976-5.png,sketch,0,dog,0,dog,0.555613100528717
sketch/dog/n02103406_2976-6.png,sketch,0,dog,4,horse,0.5223493576049805
sketch/dog/n02103406_2976-7.png,sketch,0,dog,4,horse,0.35112428665161133
sketch/dog/n02103406_3056-1.png,sketch,0,dog,0,dog,0.7755604386329651
sketch/dog/n02103406_3056-2.png,sketch,0,dog,0,dog,0.5455345511436462
sketch/dog/n02103406_3056-3.png,sketch,0,dog,1,elephant,0.6428942084312439
sketch/dog/n02103406_3056-4.png,sketch,0,dog,0,dog,0.6166095733642578
sketch/dog/n02103406_3056-5.png,sketch,0,dog,4,horse,0.4634028971195221
sketch/dog/n02103406_3108-1.png,sketch,0,dog,4,horse,0.6450483798980713
sketch/dog/n02103406_3108-2.png,sketch,0,dog,0,dog,0.6081931591033936
sketch/dog/n02103406_3108-3.png,sketch,0,dog,4,horse,0.47815653681755066
sketch/dog/n02103406_3108-4.png,sketch,0,dog,0,dog,0.7981454133987427
sketch/dog/n02103406_3108-5.png,sketch,0,dog,4,horse,0.5535635352134705
sketch/dog/n02103406_3108-6.png,sketch,0,dog,4,horse,0.6898651719093323
sketch/dog/n02103406_3132-1.png,sketch,0,dog,1,elephant,0.693428635597229
sketch/dog/n02103406_3132-2.png,sketch,0,dog,0,dog,0.8687806725502014
sketch/dog/n02103406_3132-3.png,sketch,0,dog,0,dog,0.8441429138183594
sketch/dog/n02103406_3132-4.png,sketch,0,dog,0,dog,0.5668507814407349
sketch/dog/n02103406_3132-5.png,sketch,0,dog,1,elephant,0.6834612488746643
sketch/dog/n02103406_3132-6.png,sketch,0,dog,0,dog,0.4477950930595398
sketch/dog/n02103406_3132-7.png,sketch,0,dog,0,dog,0.5599837303161621
sketch/dog/n02103406_3255-1.png,sketch,0,dog,0,dog,0.44039463996887207
sketch/dog/n02103406_3255-10.png,sketch,0,dog,4,horse,0.742286205291748
sketch/dog/n02103406_3255-11.png,sketch,0,dog,0,dog,0.8835446834564209
sketch/dog/n02103406_3255-2.png,sketch,0,dog,0,dog,0.6160354614257812
sketch/dog/n02103406_3255-3.png,sketch,0,dog,1,elephant,0.9654650092124939
sketch/dog/n02103406_3255-4.png,sketch,0,dog,0,dog,0.44530442357063293
sketch/dog/n02103406_3255-5.png,sketch,0,dog,0,dog,0.8402919769287109
sketch/dog/n02103406_3255-6.png,sketch,0,dog,0,dog,0.779413104057312
sketch/dog/n02103406_3255-7.png,sketch,0,dog,0,dog,0.9243354797363281
sketch/dog/n02103406_3255-8.png,sketch,0,dog,0,dog,0.8296021819114685
sketch/dog/n02103406_3255-9.png,sketch,0,dog,0,dog,0.5916463732719421
sketch/dog/n02103406_3299-1.png,sketch,0,dog,1,elephant,0.7445324063301086
sketch/dog/n02103406_3299-2.png,sketch,0,dog,0,dog,0.8443337082862854
sketch/dog/n02103406_3299-3.png,sketch,0,dog,0,dog,0.9236821532249451
sketch/dog/n02103406_3299-4.png,sketch,0,dog,0,dog,0.7306215763092041
sketch/dog/n02103406_3299-5.png,sketch,0,dog,0,dog,0.6853219866752625
sketch/dog/n02103406_3299-6.png,sketch,0,dog,0,dog,0.9329581260681152
sketch/dog/n02103406_3299-7.png,sketch,0,dog,0,dog,0.4867382049560547
sketch/dog/n02103406_3299-8.png,sketch,0,dog,0,dog,0.885143518447876
sketch/dog/n02103406_3299-9.png,sketch,0,dog,0,dog,0.9482360482215881
sketch/dog/n02103406_3326-1.png,sketch,0,dog,1,elephant,0.6201799511909485
sketch/dog/n02103406_3326-10.png,sketch,0,dog,1,elephant,0.4495881497859955
sketch/dog/n02103406_3326-11.png,sketch,0,dog,0,dog,0.7709217667579651
sketch/dog/n02103406_3326-12.png,sketch,0,dog,0,dog,0.7055246829986572
sketch/dog/n02103406_3326-13.png,sketch,0,dog,4,horse,0.6629887819290161
sketch/dog/n02103406_3326-2.png,sketch,0,dog,0,dog,0.44330671429634094
sketch/dog/n02103406_3326-3.png,sketch,0,dog,4,horse,0.5982755422592163
sketch/dog/n02103406_3326-4.png,sketch,0,dog,0,dog,0.6330956816673279
sketch/dog/n02103406_3326-5.png,sketch,0,dog,1,elephant,0.5498738884925842
sketch/dog/n02103406_3326-6.png,sketch,0,dog,1,elephant,0.49626073241233826
sketch/dog/n02103406_3326-7.png,sketch,0,dog,1,elephant,0.5662363767623901
sketch/dog/n02103406_3326-8.png,sketch,0,dog,0,dog,0.4718756079673767
sketch/dog/n02103406_3326-9.png,sketch,0,dog,1,elephant,0.5711427330970764
sketch/dog/n02103406_3401-1.png,sketch,0,dog,4,horse,0.3485689163208008
sketch/dog/n02103406_3401-2.png,sketch,0,dog,0,dog,0.47859278321266174
sketch/dog/n02103406_3401-3.png,sketch,0,dog,0,dog,0.7718209624290466
sketch/dog/n02103406_3401-4.png,sketch,0,dog,4,horse,0.4978305399417877
sketch/dog/n02103406_3401-5.png,sketch,0,dog,4,horse,0.5796458721160889
sketch/dog/n02103406_3401-6.png,sketch,0,dog,4,horse,0.7383684515953064
sketch/dog/n02103406_343-1.png,sketch,0,dog,0,dog,0.9069673418998718
sketch/dog/n02103406_343-2.png,sketch,0,dog,1,elephant,0.5943720936775208
sketch/dog/n02103406_343-3.png,sketch,0,dog,0,dog,0.8172504305839539
sketch/dog/n02103406_343-4.png,sketch,0,dog,0,dog,0.49747100472450256
sketch/dog/n02103406_343-5.png,sketch,0,dog,0,dog,0.691016435623169
sketch/dog/n02103406_343-6.png,sketch,0,dog,0,dog,0.5094258189201355
sketch/dog/n02103406_343-7.png,sketch,0,dog,0,dog,0.5539287328720093
sketch/dog/n02103406_343-8.png,sketch,0,dog,0,dog,0.47589564323425293
sketch/dog/n02103406_343-9.png,sketch,0,dog,0,dog,0.7627722024917603
sketch/dog/n02103406_346-1.png,sketch,0,dog,1,elephant,0.4551927149295807
sketch/dog/n02103406_346-2.png,sketch,0,dog,0,dog,0.8948884010314941
sketch/dog/n02103406_346-3.png,sketch,0,dog,0,dog,0.675129771232605
sketch/dog/n02103406_346-4.png,sketch,0,dog,1,elephant,0.6385031342506409
sketch/dog/n02103406_346-5.png,sketch,0,dog,1,elephant,0.831243097782135
sketch/dog/n02103406_346-6.png,sketch,0,dog,0,dog,0.642250657081604
sketch/dog/n02103406_346-7.png,sketch,0,dog,0,dog,0.7548673152923584
sketch/dog/n02103406_3538-1.png,sketch,0,dog,0,dog,0.6752023100852966
sketch/dog/n02103406_3538-2.png,sketch,0,dog,6,person,0.274915874004364
sketch/dog/n02103406_3538-3.png,sketch,0,dog,0,dog,0.5179322957992554
sketch/dog/n02103406_3538-4.png,sketch,0,dog,1,elephant,0.4407994747161865
sketch/dog/n02103406_3538-5.png,sketch,0,dog,0,dog,0.6986169815063477
sketch/dog/n02103406_3538-6.png,sketch,0,dog,0,dog,0.8056889176368713
sketch/dog/n02103406_3538-7.png,sketch,0,dog,0,dog,0.6511514782905579
sketch/dog/n02103406_371-1.png,sketch,0,dog,0,dog,0.7137300372123718
sketch/dog/n02103406_371-10.png,sketch,0,dog,0,dog,0.7466356158256531
sketch/dog/n02103406_371-11.png,sketch,0,dog,0,dog,0.7250296473503113
sketch/dog/n02103406_371-2.png,sketch,0,dog,1,elephant,0.7278509140014648
sketch/dog/n02103406_371-3.png,sketch,0,dog,4,horse,0.572597324848175
sketch/dog/n02103406_371-4.png,sketch,0,dog,0,dog,0.6584237217903137
sketch/dog/n02103406_371-5.png,sketch,0,dog,0,dog,0.593928337097168
sketch/dog/n02103406_371-6.png,sketch,0,dog,0,dog,0.36944255232810974
sketch/dog/n02103406_371-7.png,sketch,0,dog,0,dog,0.657508909702301
sketch/dog/n02103406_371-8.png,sketch,0,dog,0,dog,0.5769068002700806
sketch/dog/n02103406_371-9.png,sketch,0,dog,0,dog,0.9271900057792664
sketch/dog/n02103406_3743-1.png,sketch,0,dog,4,horse,0.6735117435455322
sketch/dog/n02103406_3743-10.png,sketch,0,dog,0,dog,0.7813640236854553
sketch/dog/n02103406_3743-2.png,sketch,0,dog,1,elephant,0.4579522907733917
sketch/dog/n02103406_3743-3.png,sketch,0,dog,1,elephant,0.9213089346885681
sketch/dog/n02103406_3743-4.png,sketch,0,dog,0,dog,0.40589940547943115
sketch/dog/n02103406_3743-5.png,sketch,0,dog,0,dog,0.8292428851127625
sketch/dog/n02103406_3743-6.png,sketch,0,dog,0,dog,0.8265373706817627
sketch/dog/n02103406_3743-7.png,sketch,0,dog,0,dog,0.8843126893043518
sketch/dog/n02103406_3743-8.png,sketch,0,dog,0,dog,0.5916445255279541
sketch/dog/n02103406_3743-9.png,sketch,0,dog,0,dog,0.7782995700836182
sketch/dog/n02103406_3750-1.png,sketch,0,dog,0,dog,0.815744161605835
sketch/dog/n02103406_3750-2.png,sketch,0,dog,1,elephant,0.41870060563087463
sketch/dog/n02103406_3750-3.png,sketch,0,dog,1,elephant,0.6172763705253601
sketch/dog/n02103406_3750-4.png,sketch,0,dog,1,elephant,0.5217457413673401
sketch/dog/n02103406_3750-5.png,sketch,0,dog,1,elephant,0.9418151378631592
sketch/dog/n02103406_3750-6.png,sketch,0,dog,0,dog,0.7736417055130005
sketch/dog/n02103406_3964-1.png,sketch,0,dog,6,person,0.49138325452804565
sketch/dog/n02103406_3964-2.png,sketch,0,dog,0,dog,0.7996109127998352
sketch/dog/n02103406_3964-3.png,sketch,0,dog,0,dog,0.9150816202163696
sketch/dog/n02103406_3964-4.png,sketch,0,dog,0,dog,0.5667621493339539
sketch/dog/n02103406_3964-5.png,sketch,0,dog,0,dog,0.8600309491157532
sketch/dog/n02103406_4068-1.png,sketch,0,dog,0,dog,0.4821285605430603
sketch/dog/n02103406_4068-10.png,sketch,0,dog,4,horse,0.5130857229232788
sketch/dog/n02103406_4068-11.png,sketch,0,dog,4,horse,0.6122635006904602
sketch/dog/n02103406_4068-12.png,sketch,0,dog,4,horse,0.6279469728469849
sketch/dog/n02103406_4068-2.png,sketch,0,dog,4,horse,0.44417956471443176
sketch/dog/n02103406_4068-3.png,sketch,0,dog,0,dog,0.7097130417823792
sketch/dog/n02103406_4068-4.png,sketch,0,dog,0,dog,0.5875786542892456
sketch/dog/n02103406_4068-5.png,sketch,0,dog,4,horse,0.6649243235588074
sketch/dog/n02103406_4068-6.png,sketch,0,dog,1,elephant,0.5353980660438538
sketch/dog/n02103406_4068-7.png,sketch,0,dog,0,dog,0.8024967312812805
sketch/dog/n02103406_4068-8.png,sketch,0,dog,4,horse,0.5060428380966187
sketch/dog/n02103406_4068-9.png,sketch,0,dog,0,dog,0.6761427521705627
sketch/dog/n02103406_4582-1.png,sketch,0,dog,0,dog,0.5795523524284363
sketch/dog/n02103406_4582-2.png,sketch,0,dog,0,dog,0.7581509947776794
sketch/dog/n02103406_4582-3.png,sketch,0,dog,0,dog,0.8836720585823059
sketch/dog/n02103406_4582-4.png,sketch,0,dog,0,dog,0.8525567650794983
sketch/dog/n02103406_4582-5.png,sketch,0,dog,0,dog,0.6565412878990173
sketch/dog/n02103406_4849-1.png,sketch,0,dog,0,dog,0.8933455944061279
sketch/dog/n02103406_4849-2.png,sketch,0,dog,1,elephant,0.9470230340957642
sketch/dog/n02103406_4849-3.png,sketch,0,dog,0,dog,0.9650853872299194
sketch/dog/n02103406_4849-4.png,sketch,0,dog,0,dog,0.5232495069503784
sketch/dog/n02103406_4849-5.png,sketch,0,dog,0,dog,0.5722301602363586
sketch/dog/n02103406_4849-6.png,sketch,0,dog,0,dog,0.5988456606864929
sketch/dog/n02103406_4849-7.png,sketch,0,dog,4,horse,0.61831134557724
sketch/dog/n02103406_4849-8.png,sketch,0,dog,0,dog,0.651988685131073
sketch/dog/n02103406_4849-9.png,sketch,0,dog,0,dog,0.40942829847335815
sketch/dog/n02103406_4916-1.png,sketch,0,dog,0,dog,0.39665260910987854
sketch/dog/n02103406_4916-2.png,sketch,0,dog,4,horse,0.663728654384613
sketch/dog/n02103406_4916-3.png,sketch,0,dog,0,dog,0.6062695384025574
sketch/dog/n02103406_4916-4.png,sketch,0,dog,0,dog,0.47045549750328064
sketch/dog/n02103406_4916-5.png,sketch,0,dog,0,dog,0.5671221017837524
sketch/dog/n02103406_5035-1.png,sketch,0,dog,4,horse,0.5022376179695129
sketch/dog/n02103406_5035-2.png,sketch,0,dog,0,dog,0.7653424143791199
sketch/dog/n02103406_5035-3.png,sketch,0,dog,0,dog,0.5841551423072815
sketch/dog/n02103406_5035-4.png,sketch,0,dog,0,dog,0.44663649797439575
sketch/dog/n02103406_5035-5.png,sketch,0,dog,4,horse,0.5018397569656372
sketch/dog/n02103406_5035-6.png,sketch,0,dog,0,dog,0.3916468322277069
sketch/dog/n02103406_5216-1.png,sketch,0,dog,0,dog,0.9734079837799072
sketch/dog/n02103406_5216-2.png,sketch,0,dog,0,dog,0.714887797832489
sketch/dog/n02103406_5216-3.png,sketch,0,dog,0,dog,0.5106694102287292
sketch/dog/n02103406_5216-4.png,sketch,0,dog,0,dog,0.9717802405357361
sketch/dog/n02103406_5216-5.png,sketch,0,dog,0,dog,0.9541804790496826
sketch/dog/n02103406_5224-1.png,sketch,0,dog,0,dog,0.8407201170921326
sketch/dog/n02103406_5224-2.png,sketch,0,dog,0,dog,0.7956480979919434
sketch/dog/n02103406_5224-3.png,sketch,0,dog,0,dog,0.8989832997322083
sketch/dog/n02103406_5224-4.png,sketch,0,dog,0,dog,0.7217322587966919
sketch/dog/n02103406_5224-5.png,sketch,0,dog,0,dog,0.8729663491249084
sketch/dog/n02103406_5224-6.png,sketch,0,dog,1,elephant,0.5755216479301453
sketch/dog/n02103406_5456-1.png,sketch,0,dog,0,dog,0.7849107384681702
sketch/dog/n02103406_5456-2.png,sketch,0,dog,0,dog,0.6977486610412598
sketch/dog/n02103406_5456-3.png,sketch,0,dog,0,dog,0.5416638255119324
sketch/dog/n02103406_5456-4.png,sketch,0,dog,0,dog,0.519206702709198
sketch/dog/n02103406_5456-5.png,sketch,0,dog,0,dog,0.9823686480522156
sketch/dog/n02103406_5456-6.png,sketch,0,dog,0,dog,0.9105963110923767
sketch/dog/n02103406_5456-7.png,sketch,0,dog,0,dog,0.983677864074707
sketch/dog/n02103406_5456-8.png,sketch,0,dog,0,dog,0.8650265336036682
sketch/dog/n02103406_5456-9.png,sketch,0,dog,0,dog,0.9383885264396667
sketch/dog/n02103406_5505-1.png,sketch,0,dog,0,dog,0.5240742564201355
sketch/dog/n02103406_5505-2.png,sketch,0,dog,0,dog,0.7155610918998718
sketch/dog/n02103406_5505-3.png,sketch,0,dog,0,dog,0.9559730291366577
sketch/dog/n02103406_5505-4.png,sketch,0,dog,0,dog,0.4711412191390991
sketch/dog/n02103406_5505-5.png,sketch,0,dog,0,dog,0.6693754196166992
sketch/dog/n02103406_5505-6.png,sketch,0,dog,0,dog,0.921040952205658
sketch/dog/n02103406_5563-1.png,sketch,0,dog,0,dog,0.7400354743003845
sketch/dog/n02103406_5563-2.png,sketch,0,dog,1,elephant,0.826212465763092
sketch/dog/n02103406_5563-3.png,sketch,0,dog,6,person,0.5560914278030396
sketch/dog/n02103406_5563-4.png,sketch,0,dog,0,dog,0.33429795503616333
sketch/dog/n02103406_5563-5.png,sketch,0,dog,0,dog,0.8235223889350891
sketch/dog/n02103406_5563-6.png,sketch,0,dog,0,dog,0.7215032577514648
sketch/dog/n02103406_5563-7.png,sketch,0,dog,0,dog,0.6829853057861328
sketch/dog/n02103406_5601-1.png,sketch,0,dog,4,horse,0.5463645458221436
sketch/dog/n02103406_5601-2.png,sketch,0,dog,0,dog,0.7745909690856934
sketch/dog/n02103406_5601-3.png,sketch,0,dog,0,dog,0.7677257061004639
sketch/dog/n02103406_5601-4.png,sketch,0,dog,0,dog,0.8945868611335754
sketch/dog/n02103406_5601-5.png,sketch,0,dog,0,dog,0.6432193517684937
sketch/dog/n02103406_5601-6.png,sketch,0,dog,0,dog,0.739612877368927
sketch/dog/n02103406_6274-1.png,sketch,0,dog,1,elephant,0.40016624331474304
sketch/dog/n02103406_6274-2.png,sketch,0,dog,0,dog,0.4305537939071655
sketch/dog/n02103406_6274-3.png,sketch,0,dog,1,elephant,0.4513116776943207
sketch/dog/n02103406_6274-4.png,sketch,0,dog,0,dog,0.6640365719795227
sketch/dog/n02103406_6274-5.png,sketch,0,dog,0,dog,0.7144720554351807
sketch/dog/n02103406_6461-1.png,sketch,0,dog,0,dog,0.7676471471786499
sketch/dog/n02103406_6461-2.png,sketch,0,dog,4,horse,0.5330042243003845
sketch/dog/n02103406_6461-3.png,sketch,0,dog,0,dog,0.9624602198600769
sketch/dog/n02103406_6461-4.png,sketch,0,dog,0,dog,0.636415958404541
sketch/dog/n02103406_6461-5.png,sketch,0,dog,0,dog,0.7865018248558044
sketch/dog/n02103406_6461-6.png,sketch,0,dog,0,dog,0.7057842016220093
sketch/dog/n02103406_6461-7.png,sketch,0,dog,0,dog,0.4922051429748535
sketch/dog/n02103406_651-1.png,sketch,0,dog,0,dog,0.8142327070236206
sketch/dog/n02103406_651-2.png,sketch,0,dog,4,horse,0.41729140281677246
sketch/dog/n02103406_651-3.png,sketch,0,dog,0,dog,0.6391999125480652
sketch/dog/n02103406_651-4.png,sketch,0,dog,0,dog,0.5966557860374451
sketch/dog/n02103406_651-5.png,sketch,0,dog,0,dog,0.5513761639595032
sketch/dog/n02103406_651-6.png,sketch,0,dog,4,horse,0.49228110909461975
sketch/dog/n02103406_651-7.png,sketch,0,dog,0,dog,0.6210786700248718
sketch/dog/n02103406_6530-1.png,sketch,0,dog,0,dog,0.6308858394622803
sketch/dog/n02103406_6530-2.png,sketch,0,dog,0,dog,0.7421808838844299
sketch/dog/n02103406_6530-3.png,sketch,0,dog,0,dog,0.768075168132782
sketch/dog/n02103406_6530-4.png,sketch,0,dog,0,dog,0.8308613300323486
sketch/dog/n02103406_6530-5.png,sketch,0,dog,0,dog,0.580718457698822
sketch/dog/n02103406_6530-6.png,sketch,0,dog,0,dog,0.8981975317001343
sketch/dog/n02103406_6530-7.png,sketch,0,dog,0,dog,0.5164728164672852
sketch/dog/n02103406_6688-1.png,sketch,0,dog,0,dog,0.991171658039093
sketch/dog/n02103406_6688-2.png,sketch,0,dog,6,person,0.4505280554294586
sketch/dog/n02103406_6688-3.png,sketch,0,dog,0,dog,0.8698847889900208
sketch/dog/n02103406_6688-4.png,sketch,0,dog,4,horse,0.4586208462715149
sketch/dog/n02103406_6688-5.png,sketch,0,dog,0,dog,0.8830302357673645
sketch/dog/n02103406_6688-6.png,sketch,0,dog,0,dog,0.9732364416122437
sketch/dog/n02103406_6688-7.png,sketch,0,dog,0,dog,0.8115137815475464
sketch/dog/n02103406_6688-8.png,sketch,0,dog,0,dog,0.7860316038131714
sketch/dog/n02103406_6688-9.png,sketch,0,dog,0,dog,0.7053742408752441
sketch/dog/n02103406_6852-1.png,sketch,0,dog,0,dog,0.5132862329483032
sketch/dog/n02103406_6852-2.png,sketch,0,dog,0,dog,0.4755218029022217
sketch/dog/n02103406_6852-3.png,sketch,0,dog,0,dog,0.6384152770042419
sketch/dog/n02103406_6852-4.png,sketch,0,dog,4,horse,0.4650881588459015
sketch/dog/n02103406_6852-5.png,sketch,0,dog,0,dog,0.7331522107124329
sketch/dog/n02103406_6852-6.png,sketch,0,dog,0,dog,0.6035024523735046
sketch/dog/n02103406_6852-7.png,sketch,0,dog,0,dog,0.8574789762496948
sketch/dog/n02103406_6852-8.png,sketch,0,dog,0,dog,0.8670631647109985
sketch/dog/n02103406_6852-9.png,sketch,0,dog,0,dog,0.635604202747345
sketch/dog/n02103406_6857-1.png,sketch,0,dog,0,dog,0.5687358379364014
sketch/dog/n02103406_6857-2.png,sketch,0,dog,0,dog,0.48579201102256775
sketch/dog/n02103406_6857-3.png,sketch,0,dog,6,person,0.4272371828556061
sketch/dog/n02103406_6857-4.png,sketch,0,dog,0,dog,0.3276606798171997
sketch/dog/n02103406_6857-5.png,sketch,0,dog,4,horse,0.4581771492958069
sketch/dog/n02103406_6857-6.png,sketch,0,dog,0,dog,0.37577199935913086
sketch/dog/n02103406_6857-7.png,sketch,0,dog,6,person,0.4460791349411011
sketch/dog/n02103406_6857-8.png,sketch,0,dog,0,dog,0.37911710143089294
sketch/dog/n02103406_7201-1.png,sketch,0,dog,0,dog,0.7061286568641663
sketch/dog/n02103406_7201-2.png,sketch,0,dog,0,dog,0.5083609223365784
sketch/dog/n02103406_7201-3.png,sketch,0,dog,1,elephant,0.3416663110256195
sketch/dog/n02103406_7201-4.png,sketch,0,dog,0,dog,0.935016393661499
sketch/dog/n02103406_7201-5.png,sketch,0,dog,0,dog,0.5174767374992371
sketch/dog/n02103406_7201-6.png,sketch,0,dog,0,dog,0.4749140441417694
sketch/dog/n02103406_7368-1.png,sketch,0,dog,0,dog,0.8941150307655334
sketch/dog/n02103406_7368-10.png,sketch,0,dog,0,dog,0.42281675338745117
sketch/dog/n02103406_7368-2.png,sketch,0,dog,4,horse,0.4475153386592865
sketch/dog/n02103406_7368-3.png,sketch,0,dog,4,horse,0.777089536190033
sketch/dog/n02103406_7368-4.png,sketch,0,dog,0,dog,0.5584436058998108
sketch/dog/n02103406_7368-5.png,sketch,0,dog,0,dog,0.8396077156066895
sketch/dog/n02103406_7368-6.png,sketch,0,dog,0,dog,0.5066513419151306
sketch/dog/n02103406_7368-7.png,sketch,0,dog,4,horse,0.7489402890205383
sketch/dog/n02103406_7368-8.png,sketch,0,dog,0,dog,0.5418190360069275
sketch/dog/n02103406_7368-9.png,sketch,0,dog,0,dog,0.8277825713157654
sketch/dog/n02103406_7521-1.png,sketch,0,dog,0,dog,0.6670477986335754
sketch/dog/n02103406_7521-2.png,sketch,0,dog,6,person,0.5104358196258545
sketch/dog/n02103406_7521-3.png,sketch,0,dog,0,dog,0.5857263207435608
sketch/dog/n02103406_7521-4.png,sketch,0,dog,0,dog,0.6941820383071899
sketch/dog/n02103406_7521-5.png,sketch,0,dog,0,dog,0.4272909164428711
sketch/dog/n02103406_7521-6.png,sketch,0,dog,1,elephant,0.4694993197917938
sketch/dog/n02103406_7521-7.png,sketch,0,dog,1,elephant,0.821319043636322
sketch/dog/n02103406_7521-8.png,sketch,0,dog,0,dog,0.5910807847976685
sketch/dog/n02103406_7708-1.png,sketch,0,dog,0,dog,0.8775511384010315
sketch/dog/n02103406_7708-10.png,sketch,0,dog,4,horse,0.5134503841400146
sketch/dog/n02103406_7708-2.png,sketch,0,dog,0,dog,0.25043192505836487
sketch/dog/n02103406_7708-3.png,sketch,0,dog,0,dog,0.6461124420166016
sketch/dog/n02103406_7708-4.png,sketch,0,dog,0,dog,0.5404115319252014
sketch/dog/n02103406_7708-5.png,sketch,0,dog,0,dog,0.5412248373031616
sketch/dog/n02103406_7708-6.png,sketch,0,dog,0,dog,0.8763779401779175
sketch/dog/n02103406_7708-7.png,sketch,0,dog,0,dog,0.8464734554290771
sketch/dog/n02103406_7708-8.png,sketch,0,dog,4,horse,0.4590466320514679
sketch/dog/n02103406_7708-9.png,sketch,0,dog,0,dog,0.8979922533035278
sketch/dog/n02103406_8004-1.png,sketch,0,dog,0,dog,0.7825738787651062
sketch/dog/n02103406_8004-2.png,sketch,0,dog,4,horse,0.42887985706329346
sketch/dog/n02103406_8004-3.png,sketch,0,dog,4,horse,0.3668825328350067
sketch/dog/n02103406_8004-4.png,sketch,0,dog,0,dog,0.7914332151412964
sketch/dog/n02103406_8004-5.png,sketch,0,dog,0,dog,0.9199703335762024
sketch/dog/n02103406_8004-6.png,sketch,0,dog,0,dog,0.8249413967132568
sketch/dog/n02103406_8004-7.png,sketch,0,dog,0,dog,0.29903316497802734
sketch/dog/n02103406_8004-8.png,sketch,0,dog,0,dog,0.8787310123443604
sketch/dog/n02103406_8004-9.png,sketch,0,dog,4,horse,0.5810598134994507
sketch/dog/n02103406_8280-1.png,sketch,0,dog,0,dog,0.3720456659793854
sketch/dog/n02103406_8280-2.png,sketch,0,dog,0,dog,0.5105027556419373
sketch/dog/n02103406_8280-3.png,sketch,0,dog,4,horse,0.9363143444061279
sketch/dog/n02103406_8280-4.png,sketch,0,dog,0,dog,0.6035687327384949
sketch/dog/n02103406_8280-5.png,sketch,0,dog,4,horse,0.7938683032989502
sketch/dog/n02103406_8280-6.png,sketch,0,dog,4,horse,0.5110146999359131
sketch/dog/n02103406_8362-1.png,sketch,0,dog,0,dog,0.7888616323471069
sketch/dog/n02103406_8362-10.png,sketch,0,dog,0,dog,0.8974878191947937
sketch/dog/n02103406_8362-2.png,sketch,0,dog,6,person,0.44379326701164246
sketch/dog/n02103406_8362-3.png,sketch,0,dog,0,dog,0.9418758153915405
sketch/dog/n02103406_8362-4.png,sketch,0,dog,0,dog,0.5022904872894287
sketch/dog/n02103406_8362-5.png,sketch,0,dog,0,dog,0.5674468874931335
sketch/dog/n02103406_8362-6.png,sketch,0,dog,0,dog,0.718805193901062
sketch/dog/n02103406_8362-7.png,sketch,0,dog,0,dog,0.7179265022277832
sketch/dog/n02103406_8362-8.png,sketch,0,dog,4,horse,0.5408383011817932
sketch/dog/n02103406_8362-9.png,sketch,0,dog,4,horse,0.8759459257125854
sketch/dog/n02103406_8421-1.png,sketch,0,dog,0,dog,0.4719693064689636
sketch/dog/n02103406_8421-2.png,sketch,0,dog,0,dog,0.5559307932853699
sketch/dog/n02103406_8421-3.png,sketch,0,dog,0,dog,0.44295644760131836
sketch/dog/n02103406_8421-4.png,sketch,0,dog,6,person,0.35799792408943176
sketch/dog/n02103406_8421-5.png,sketch,0,dog,0,dog,0.5832318067550659
sketch/dog/n02103406_8421-6.png,sketch,0,dog,0,dog,0.585201621055603
sketch/dog/n02103406_865-1.png,sketch,0,dog,1,elephant,0.7564752697944641
sketch/dog/n02103406_865-10.png,sketch,0,dog,0,dog,0.9428586959838867
sketch/dog/n02103406_865-11.png,sketch,0,dog,0,dog,0.7999849915504456
sketch/dog/n02103406_865-2.png,sketch,0,dog,4,horse,0.5244067907333374
sketch/dog/n02103406_865-3.png,sketch,0,dog,0,dog,0.7732524871826172
sketch/dog/n02103406_865-4.png,sketch,0,dog,0,dog,0.541587769985199
sketch/dog/n02103406_865-5.png,sketch,0,dog,0,dog,0.4501906633377075
sketch/dog/n02103406_865-6.png,sketch,0,dog,1,elephant,0.4898948669433594
sketch/dog/n02103406_865-7.png,sketch,0,dog,0,dog,0.7134886980056763
sketch/dog/n02103406_865-8.png,sketch,0,dog,0,dog,0.6465039253234863
sketch/dog/n02103406_865-9.png,sketch,0,dog,0,dog,0.7035784721374512
sketch/dog/n02103406_936-1.png,sketch,0,dog,0,dog,0.45452043414115906
sketch/dog/n02103406_936-2.png,sketch,0,dog,0,dog,0.6010464429855347
sketch/dog/n02103406_936-3.png,sketch,0,dog,0,dog,0.43105030059814453
sketch/dog/n02103406_936-4.png,sketch,0,dog,0,dog,0.3138599097728729
sketch/dog/n02103406_936-5.png,sketch,0,dog,1,elephant,0.4903239905834198
sketch/dog/n02103406_936-6.png,sketch,0,dog,0,dog,0.7496414184570312
sketch/dog/n02103406_936-7.png,sketch,0,dog,0,dog,0.6407244801521301
sketch/dog/n02103406_936-8.png,sketch,0,dog,0,dog,0.7051121592521667
sketch/dog/n02103406_936-9.png,sketch,0,dog,0,dog,0.5062068104743958
sketch/dog/n02103406_995-1.png,sketch,0,dog,0,dog,0.5292605757713318
sketch/dog/n02103406_995-2.png,sketch,0,dog,0,dog,0.8507857322692871
sketch/dog/n02103406_995-3.png,sketch,0,dog,0,dog,0.5432344675064087
sketch/dog/n02103406_995-4.png,sketch,0,dog,0,dog,0.6834439635276794
sketch/dog/n02103406_995-5.png,sketch,0,dog,0,dog,0.8694391250610352
sketch/dog/n02103406_995-6.png,sketch,0,dog,0,dog,0.5803195834159851
sketch/dog/n02106662_10406-1.png,sketch,0,dog,4,horse,0.5276560187339783
sketch/dog/n02106662_10406-2.png,sketch,0,dog,4,horse,0.7396145462989807
sketch/dog/n02106662_10406-3.png,sketch,0,dog,0,dog,0.6505890488624573
sketch/dog/n02106662_10406-4.png,sketch,0,dog,0,dog,0.6627293229103088
sketch/dog/n02106662_10406-5.png,sketch,0,dog,4,horse,0.7742131352424622
sketch/dog/n02106662_10406-6.png,sketch,0,dog,4,horse,0.7520176768302917
sketch/dog/n02106662_11133-1.png,sketch,0,dog,0,dog,0.9384854435920715
sketch/dog/n02106662_11133-2.png,sketch,0,dog,0,dog,0.9930346012115479
sketch/dog/n02106662_11133-3.png,sketch,0,dog,0,dog,0.5543819069862366
sketch/dog/n02106662_11133-4.png,sketch,0,dog,0,dog,0.8589276671409607
sketch/dog/n02106662_11133-5.png,sketch,0,dog,0,dog,0.9369947910308838
sketch/dog/n02106662_13178-1.png,sketch,0,dog,0,dog,0.45761367678642273
sketch/dog/n02106662_13178-2.png,sketch,0,dog,0,dog,0.43586403131484985
sketch/dog/n02106662_13178-3.png,sketch,0,dog,0,dog,0.4698329567909241
sketch/dog/n02106662_13178-4.png,sketch,0,dog,0,dog,0.49956056475639343
sketch/dog/n02106662_13178-5.png,sketch,0,dog,0,dog,0.5112751126289368
sketch/dog/n02106662_13912-1.png,sketch,0,dog,0,dog,0.9032301306724548
sketch/dog/n02106662_13912-2.png,sketch,0,dog,0,dog,0.8002611398696899
sketch/dog/n02106662_13912-3.png,sketch,0,dog,0,dog,0.6628116369247437
sketch/dog/n02106662_13912-4.png,sketch,0,dog,0,dog,0.89686119556427
sketch/dog/n02106662_13912-5.png,sketch,0,dog,0,dog,0.5112994313240051
sketch/dog/n02106662_15858-1.png,sketch,0,dog,4,horse,0.9115819931030273
sketch/dog/n02106662_15858-2.png,sketch,0,dog,0,dog,0.5284948945045471
sketch/dog/n02106662_15858-3.png,sketch,0,dog,0,dog,0.9091709852218628
sketch/dog/n02106662_15858-4.png,sketch,0,dog,4,horse,0.5533620119094849
sketch/dog/n02106662_15858-5.png,sketch,0,dog,0,dog,0.5242894291877747
sketch/dog/n02106662_15858-6.png,sketch,0,dog,0,dog,0.7831294536590576
sketch/dog/n02106662_18402-1.png,sketch,0,dog,0,dog,0.770720362663269
sketch/dog/n02106662_18402-2.png,sketch,0,dog,0,dog,0.5319615006446838
sketch/dog/n02106662_18402-3.png,sketch,0,dog,0,dog,0.492186039686203
sketch/dog/n02106662_18402-4.png,sketch,0,dog,0,dog,0.7727986574172974
sketch/dog/n02106662_18402-5.png,sketch,0,dog,0,dog,0.5671244263648987
sketch/dog/n02106662_18405-1.png,sketch,0,dog,0,dog,0.986194372177124
sketch/dog/n02106662_18405-2.png,sketch,0,dog,0,dog,0.8031451106071472
sketch/dog/n02106662_18405-3.png,sketch,0,dog,0,dog,0.9451813101768494
sketch/dog/n02106662_18405-4.png,sketch,0,dog,0,dog,0.9441598057746887
sketch/dog/n02106662_18405-5.png,sketch,0,dog,0,dog,0.9508621096611023
sketch/dog/n02106662_1874-1.png,sketch,0,dog,0,dog,0.957241415977478
sketch/dog/n02106662_1874-2.png,sketch,0,dog,0,dog,0.9177480340003967
sketch/dog/n02106662_1874-3.png,sketch,0,dog,0,dog,0.9767881631851196
sketch/dog/n02106662_1874-4.png,sketch,0,dog,0,dog,0.8927405476570129
sketch/dog/n02106662_1874-5.png,sketch,0,dog,0,dog,0.8900071978569031
sketch/dog/n02106662_18922-1.png,sketch,0,dog,0,dog,0.7736120223999023
sketch/dog/n02106662_18922-10.png,sketch,0,dog,0,dog,0.8256809711456299
sketch/dog/n02106662_18922-11.png,sketch,0,dog,4,horse,0.37105825543403625
sketch/dog/n02106662_18922-2.png,sketch,0,dog,0,dog,0.8592206239700317
sketch/dog/n02106662_18922-3.png,sketch,0,dog,0,dog,0.8822817802429199
sketch/dog/n02106662_18922-4.png,sketch,0,dog,0,dog,0.9569503664970398
sketch/dog/n02106662_18922-5.png,sketch,0,dog,0,dog,0.5700028538703918
sketch/dog/n02106662_18922-6.png,sketch,0,dog,0,dog,0.8928325176239014
sketch/dog/n02106662_18922-7.png,sketch,0,dog,0,dog,0.6955950260162354
sketch/dog/n02106662_18922-8.png,sketch,0,dog,0,dog,0.8995087146759033
sketch/dog/n02106662_18922-9.png,sketch,0,dog,0,dog,0.8447370529174805
sketch/dog/n02106662_18953-1.png,sketch,0,dog,4,horse,0.8916946053504944
sketch/dog/n02106662_18953-2.png,sketch,0,dog,0,dog,0.6467812657356262
sketch/dog/n02106662_18953-3.png,sketch,0,dog,4,horse,0.85909503698349
sketch/dog/n02106662_18953-4.png,sketch,0,dog,4,horse,0.6687345504760742
sketch/dog/n02106662_18953-5.png,sketch,0,dog,4,horse,0.7920923233032227
sketch/dog/n02106662_18953-6.png,sketch,0,dog,0,dog,0.520406186580658
sketch/dog/n02106662_18953-7.png,sketch,0,dog,4,horse,0.5669753551483154
sketch/dog/n02106662_1922-1.png,sketch,0,dog,0,dog,0.8361974358558655
sketch/dog/n02106662_1922-2.png,sketch,0,dog,0,dog,0.98520827293396
sketch/dog/n02106662_1922-3.png,sketch,0,dog,0,dog,0.8658984899520874
sketch/dog/n02106662_1922-4.png,sketch,0,dog,0,dog,0.8097635507583618
sketch/dog/n02106662_1922-5.png,sketch,0,dog,0,dog,0.8861652612686157
sketch/dog/n02106662_2101-1.png,sketch,0,dog,0,dog,0.5875728726387024
sketch/dog/n02106662_2101-2.png,sketch,0,dog,0,dog,0.8429626822471619
sketch/dog/n02106662_2101-3.png,sketch,0,dog,0,dog,0.6230827569961548
sketch/dog/n02106662_2101-4.png,sketch,0,dog,0,dog,0.9214521050453186
sketch/dog/n02106662_2101-5.png,sketch,0,dog,0,dog,0.8255255818367004
sketch/dog/n02106662_2101-6.png,sketch,0,dog,0,dog,0.6422039270401001
sketch/dog/n02106662_2101-7.png,sketch,0,dog,0,dog,0.5805153250694275
sketch/dog/n02106662_2101-8.png,sketch,0,dog,0,dog,0.4923437535762787
sketch/dog/n02106662_2101-9.png,sketch,0,dog,0,dog,0.6693063378334045
sketch/dog/n02106662_2157-1.png,sketch,0,dog,0,dog,0.4294091761112213
sketch/dog/n02106662_2157-2.png,sketch,0,dog,0,dog,0.7914095520973206
sketch/dog/n02106662_2157-3.png,sketch,0,dog,0,dog,0.9481289386749268
sketch/dog/n02106662_2157-4.png,sketch,0,dog,1,elephant,0.469066858291626
sketch/dog/n02106662_2157-5.png,sketch,0,dog,0,dog,0.8972635865211487
sketch/dog/n02106662_2157-6.png,sketch,0,dog,0,dog,0.7335654497146606
sketch/dog/n02106662_2377-1.png,sketch,0,dog,0,dog,0.6597451567649841
sketch/dog/n02106662_2377-2.png,sketch,0,dog,1,elephant,0.553737461566925
sketch/dog/n02106662_2377-3.png,sketch,0,dog,0,dog,0.5829220414161682
sketch/dog/n02106662_2377-4.png,sketch,0,dog,0,dog,0.9080674052238464
sketch/dog/n02106662_2377-5.png,sketch,0,dog,0,dog,0.7965487837791443
sketch/dog/n02106662_2377-6.png,sketch,0,dog,0,dog,0.5535746812820435
sketch/dog/n02106662_24019-1.png,sketch,0,dog,0,dog,0.6618441343307495
sketch/dog/n02106662_24019-2.png,sketch,0,dog,1,elephant,0.4992254972457886
sketch/dog/n02106662_24019-3.png,sketch,0,dog,0,dog,0.5980343818664551
sketch/dog/n02106662_24019-4.png,sketch,0,dog,0,dog,0.6955288648605347
sketch/dog/n02106662_24019-5.png,sketch,0,dog,0,dog,0.577505350112915
sketch/dog/n02106662_24019-6.png,sketch,0,dog,0,dog,0.7605255246162415
sketch/dog/n02106662_24019-7.png,sketch,0,dog,0,dog,0.7545823454856873
sketch/dog/n02106662_24019-8.png,sketch,0,dog,0,dog,0.6341806650161743
sketch/dog/n02106662_24577-1.png,sketch,0,dog,0,dog,0.6784131526947021
sketch/dog/n02106662_24577-2.png,sketch,0,dog,0,dog,0.7500158548355103
sketch/dog/n02106662_24577-3.png,sketch,0,dog,0,dog,0.9089781045913696
sketch/dog/n02106662_24577-4.png,sketch,0,dog,0,dog,0.8901574611663818
sketch/dog/n02106662_24577-5.png,sketch,0,dog,0,dog,0.8243030309677124
sketch/dog/n02106662_24786-1.png,sketch,0,dog,0,dog,0.7631257772445679
sketch/dog/n02106662_24786-2.png,sketch,0,dog,4,horse,0.7004132270812988
sketch/dog/n02106662_24786-3.png,sketch,0,dog,4,horse,0.7216467261314392
sketch/dog/n02106662_24786-4.png,sketch,0,dog,0,dog,0.6675248742103577
sketch/dog/n02106662_24786-5.png,sketch,0,dog,4,horse,0.46998652815818787
sketch/dog/n02106662_24786-6.png,sketch,0,dog,4,horse,0.5013546347618103
sketch/dog/n02106662_24786-7.png,sketch,0,dog,0,dog,0.6062159538269043
sketch/dog/n02106662_25917-1.png,sketch,0,dog,0,dog,0.8658066987991333
sketch/dog/n02106662_25917-2.png,sketch,0,dog,0,dog,0.5529956817626953
sketch/dog/n02106662_25917-3.png,sketch,0,dog,0,dog,0.9105725884437561
sketch/dog/n02106662_25917-4.png,sketch,0,dog,4,horse,0.7104810476303101
sketch/dog/n02106662_25917-5.png,sketch,0,dog,0,dog,0.43828287720680237
sketch/dog/n02106662_25917-6.png,sketch,0,dog,0,dog,0.7115392088890076
sketch/dog/n02106662_25917-7.png,sketch,0,dog,4,horse,0.6502197980880737
sketch/dog/n02106662_26549-1.png,sketch,0,dog,0,dog,0.6340454816818237
sketch/dog/n02106662_26549-2.png,sketch,0,dog,0,dog,0.8054149746894836
sketch/dog/n02106662_26549-3.png,sketch,0,dog,6,person,0.4212222397327423
sketch/dog/n02106662_26549-4.png,sketch,0,dog,4,horse,0.5177571773529053
sketch/dog/n02106662_26549-5.png,sketch,0,dog,0,dog,0.8066024780273438
sketch/dog/n02106662_26549-6.png,sketch,0,dog,0,dog,0.5561114549636841
sketch/dog/n02106662_27393-1.png,sketch,0,dog,0,dog,0.5663571357727051
sketch/dog/n02106662_27393-2.png,sketch,0,dog,0,dog,0.7878251671791077
sketch/dog/n02106662_27393-3.png,sketch,0,dog,0,dog,0.8467710614204407
sketch/dog/n02106662_27393-4.png,sketch,0,dog,0,dog,0.5743393301963806
sketch/dog/n02106662_27393-5.png,sketch,0,dog,0,dog,0.6550701856613159
sketch/dog/n02106662_2740-1.png,sketch,0,dog,6,person,0.5087615251541138
sketch/dog/n02106662_2740-2.png,sketch,0,dog,0,dog,0.7355644702911377
sketch/dog/n02106662_2740-3.png,sketch,0,dog,0,dog,0.7359424829483032
sketch/dog/n02106662_2740-4.png,sketch,0,dog,0,dog,0.3878949284553528
sketch/dog/n02106662_2740-5.png,sketch,0,dog,6,person,0.4800643026828766
sketch/dog/n02106662_466-1.png,sketch,0,dog,0,dog,0.7175379395484924
sketch/dog/n02106662_466-2.png,sketch,0,dog,0,dog,0.45444247126579285
sketch/dog/n02106662_466-3.png,sketch,0,dog,0,dog,0.5544970035552979
sketch/dog/n02106662_466-4.png,sketch,0,dog,0,dog,0.8168016672134399
sketch/dog/n02106662_466-5.png,sketch,0,dog,0,dog,0.9708716869354248
sketch/dog/n02106662_466-6.png,sketch,0,dog,0,dog,0.8248353004455566
sketch/dog/n02106662_466-7.png,sketch,0,dog,0,dog,0.9117211103439331
sketch/dog/n02106662_5001-1.png,sketch,0,dog,0,dog,0.7033844590187073
sketch/dog/n02106662_5001-2.png,sketch,0,dog,0,dog,0.7990970015525818
sketch/dog/n02106662_5001-3.png,sketch,0,dog,0,dog,0.8053857684135437
sketch/dog/n02106662_5001-4.png,sketch,0,dog,4,horse,0.5628536939620972
sketch/dog/n02106662_5001-5.png,sketch,0,dog,0,dog,0.9466167688369751
sketch/dog/n02106662_5001-6.png,sketch,0,dog,0,dog,0.8017575740814209
sketch/dog/n02106662_5001-7.png,sketch,0,dog,0,dog,0.5484235286712646
sketch/dog/n02106662_7885-1.png,sketch,0,dog,0,dog,0.8655131459236145
sketch/dog/n02106662_7885-2.png,sketch,0,dog,0,dog,0.8184046745300293
sketch/dog/n02106662_7885-3.png,sketch,0,dog,0,dog,0.7715180516242981
sketch/dog/n02106662_7885-4.png,sketch,0,dog,0,dog,0.8386020660400391
sketch/dog/n02106662_7885-5.png,sketch,0,dog,0,dog,0.9330891966819763
sketch/dog/n02106662_7960-1.png,sketch,0,dog,0,dog,0.5460423827171326
sketch/dog/n02106662_7960-2.png,sketch,0,dog,0,dog,0.5375468134880066
sketch/dog/n02106662_7960-3.png,sketch,0,dog,0,dog,0.9126859307289124
sketch/dog/n02106662_7960-4.png,sketch,0,dog,0,dog,0.7037449479103088
sketch/dog/n02106662_7960-5.png,sketch,0,dog,0,dog,0.9008357524871826
sketch/dog/n02106662_7960-6.png,sketch,0,dog,0,dog,0.8013448119163513
sketch/dog/n02106662_8511-1.png,sketch,0,dog,0,dog,0.8534862399101257
sketch/dog/n02106662_8511-2.png,sketch,0,dog,0,dog,0.788192629814148
sketch/dog/n02106662_8511-3.png,sketch,0,dog,0,dog,0.4868902564048767
sketch/dog/n02106662_8511-4.png,sketch,0,dog,0,dog,0.8833069801330566
sketch/dog/n02106662_8511-5.png,sketch,0,dog,0,dog,0.5790867805480957
sketch/dog/n02106662_8511-6.png,sketch,0,dog,0,dog,0.8663262128829956
sketch/dog/n02106662_8870-1.png,sketch,0,dog,0,dog,0.6690618395805359
sketch/dog/n02106662_8870-2.png,sketch,0,dog,0,dog,0.8446115851402283
sketch/dog/n02106662_8870-3.png,sketch,0,dog,4,horse,0.53093421459198
sketch/dog/n02106662_8870-4.png,sketch,0,dog,0,dog,0.8697347044944763
sketch/dog/n02106662_8870-5.png,sketch,0,dog,0,dog,0.9130398035049438
sketch/dog/n02106662_8870-6.png,sketch,0,dog,0,dog,0.8249452114105225
sketch/dog/n02106662_8870-7.png,sketch,0,dog,0,dog,0.7654756903648376
sketch/dog/n02106662_928-1.png,sketch,0,dog,0,dog,0.5966304540634155
sketch/dog/n02106662_928-10.png,sketch,0,dog,6,person,0.31615152955055237
sketch/dog/n02106662_928-11.png,sketch,0,dog,4,horse,0.5287805199623108
sketch/dog/n02106662_928-2.png,sketch,0,dog,4,horse,0.4425119459629059
sketch/dog/n02106662_928-3.png,sketch,0,dog,0,dog,0.5869503617286682
sketch/dog/n02106662_928-4.png,sketch,0,dog,0,dog,0.7945055365562439
sketch/dog/n02106662_928-5.png,sketch,0,dog,4,horse,0.6827784776687622
sketch/dog/n02106662_928-6.png,sketch,0,dog,0,dog,0.5589306950569153
sketch/dog/n02106662_928-7.png,sketch,0,dog,0,dog,0.4325735867023468
sketch/dog/n02106662_928-8.png,sketch,0,dog,4,horse,0.785851001739502
sketch/dog/n02106662_928-9.png,sketch,0,dog,0,dog,0.7959756255149841
sketch/dog/n02109525_10297-1.png,sketch,0,dog,0,dog,0.7978745698928833
sketch/dog/n02109525_10297-2.png,sketch,0,dog,4,horse,0.7562360167503357
sketch/dog/n02109525_10297-3.png,sketch,0,dog,4,horse,0.5999867916107178
sketch/dog/n02109525_10297-4.png,sketch,0,dog,1,elephant,0.47513246536254883
sketch/dog/n02109525_10297-5.png,sketch,0,dog,4,horse,0.5599473118782043
sketch/dog/n02109525_11444-1.png,sketch,0,dog,1,elephant,0.504737377166748
sketch/dog/n02109525_11444-2.png,sketch,0,dog,0,dog,0.6211984753608704
sketch/dog/n02109525_11444-3.png,sketch,0,dog,1,elephant,0.5586516857147217
sketch/dog/n02109525_11444-4.png,sketch,0,dog,0,dog,0.5661768913269043
sketch/dog/n02109525_11444-5.png,sketch,0,dog,4,horse,0.37177085876464844
sketch/dog/n02109525_12875-1.png,sketch,0,dog,0,dog,0.9143293499946594
sketch/dog/n02109525_12875-2.png,sketch,0,dog,0,dog,0.9302642941474915
sketch/dog/n02109525_12875-3.png,sketch,0,dog,0,dog,0.9172736406326294
sketch/dog/n02109525_12875-4.png,sketch,0,dog,0,dog,0.7556053996086121
sketch/dog/n02109525_12875-5.png,sketch,0,dog,0,dog,0.7111334204673767
sketch/dog/n02109525_12875-6.png,sketch,0,dog,0,dog,0.7301648855209351
sketch/dog/n02109525_13700-1.png,sketch,0,dog,4,horse,0.7642753720283508
sketch/dog/n02109525_13700-2.png,sketch,0,dog,4,horse,0.5829759836196899
sketch/dog/n02109525_13700-3.png,sketch,0,dog,0,dog,0.658545732498169
sketch/dog/n02109525_13700-4.png,sketch,0,dog,4,horse,0.4384925067424774
sketch/dog/n02109525_13700-5.png,sketch,0,dog,4,horse,0.5837196111679077
sketch/dog/n02109525_16346-1.png,sketch,0,dog,1,elephant,0.9089764356613159
sketch/dog/n02109525_16346-2.png,sketch,0,dog,1,elephant,0.6611745953559875
sketch/dog/n02109525_16346-3.png,sketch,0,dog,0,dog,0.923743724822998
sketch/dog/n02109525_16346-4.png,sketch,0,dog,1,elephant,0.6794221997261047
sketch/dog/n02109525_16346-5.png,sketch,0,dog,0,dog,0.9720951914787292
sketch/dog/n02109525_16346-6.png,sketch,0,dog,0,dog,0.6171767115592957
sketch/dog/n02109525_16346-7.png,sketch,0,dog,1,elephant,0.6658083200454712
sketch/dog/n02109525_16346-8.png,sketch,0,dog,0,dog,0.6026069521903992
sketch/dog/n02109525_18347-1.png,sketch,0,dog,0,dog,0.654868483543396
sketch/dog/n02109525_18347-2.png,sketch,0,dog,0,dog,0.6516337990760803
sketch/dog/n02109525_18347-3.png,sketch,0,dog,0,dog,0.6377007961273193
sketch/dog/n02109525_18347-4.png,sketch,0,dog,6,person,0.34393510222435
sketch/dog/n02109525_18347-5.png,sketch,0,dog,0,dog,0.6665003299713135
sketch/dog/n02109525_18347-6.png,sketch,0,dog,1,elephant,0.9309937357902527
sketch/dog/n02109525_18347-7.png,sketch,0,dog,0,dog,0.5156713724136353
sketch/dog/n02109525_1893-1.png,sketch,0,dog,0,dog,0.952043354511261
sketch/dog/n02109525_1893-2.png,sketch,0,dog,0,dog,0.7379559278488159
sketch/dog/n02109525_1893-3.png,sketch,0,dog,0,dog,0.8096790909767151
sketch/dog/n02109525_1893-4.png,sketch,0,dog,0,dog,0.6866788268089294
sketch/dog/n02109525_1893-5.png,sketch,0,dog,0,dog,0.39382654428482056
sketch/dog/n02109525_1893-6.png,sketch,0,dog,0,dog,0.5036459565162659
sketch/dog/n02109525_1893-7.png,sketch,0,dog,4,horse,0.6695716381072998
sketch/dog/n02109525_3202-1.png,sketch,0,dog,0,dog,0.8307012915611267
sketch/dog/n02109525_3202-2.png,sketch,0,dog,0,dog,0.9301961064338684
sketch/dog/n02109525_3202-3.png,sketch,0,dog,0,dog,0.9483658671379089
sketch/dog/n02109525_3202-4.png,sketch,0,dog,0,dog,0.9091786742210388
sketch/dog/n02109525_3202-5.png,sketch,0,dog,0,dog,0.9546825885772705
sketch/dog/n02109525_3202-6.png,sketch,0,dog,0,dog,0.9444266557693481
sketch/dog/n02109525_3782-1.png,sketch,0,dog,0,dog,0.6327546238899231
sketch/dog/n02109525_3782-10.png,sketch,0,dog,0,dog,0.4862864315509796
sketch/dog/n02109525_3782-2.png,sketch,0,dog,0,dog,0.6600476503372192
sketch/dog/n02109525_3782-3.png,sketch,0,dog,0,dog,0.8097589015960693
sketch/dog/n02109525_3782-4.png,sketch,0,dog,0,dog,0.7109319567680359
sketch/dog/n02109525_3782-5.png,sketch,0,dog,0,dog,0.7164276242256165
sketch/dog/n02109525_3782-6.png,sketch,0,dog,0,dog,0.5771735310554504
sketch/dog/n02109525_3782-7.png,sketch,0,dog,0,dog,0.927043080329895
sketch/dog/n02109525_3782-8.png,sketch,0,dog,0,dog,0.5526646971702576
sketch/dog/n02109525_3782-9.png,sketch,0,dog,0,dog,0.8140367269515991
sketch/dog/n02109525_5013-1.png,sketch,0,dog,4,horse,0.4304954707622528
sketch/dog/n02109525_5013-2.png,sketch,0,dog,0,dog,0.6073819398880005
sketch/dog/n02109525_5013-3.png,sketch,0,dog,0,dog,0.7489848136901855
sketch/dog/n02109525_5013-4.png,sketch,0,dog,1,elephant,0.8750153183937073
sketch/dog/n02109525_5013-5.png,sketch,0,dog,0,dog,0.5504952669143677
sketch/dog/n02109525_5013-6.png,sketch,0,dog,0,dog,0.4784908592700958
sketch/dog/n02109525_5583-1.png,sketch,0,dog,0,dog,0.9886274933815002
sketch/dog/n02109525_5583-2.png,sketch,0,dog,0,dog,0.6127408742904663
sketch/dog/n02109525_5583-3.png,sketch,0,dog,0,dog,0.4970030188560486
sketch/dog/n02109525_5583-4.png,sketch,0,dog,0,dog,0.8572224974632263
sketch/dog/n02109525_5583-5.png,sketch,0,dog,0,dog,0.6714587807655334
sketch/dog/n02109525_5583-6.png,sketch,0,dog,0,dog,0.5939872860908508
sketch/dog/n02109525_5583-7.png,sketch,0,dog,0,dog,0.45608726143836975
sketch/dog/n02109525_5966-1.png,sketch,0,dog,0,dog,0.8486644625663757
sketch/dog/n02109525_5966-2.png,sketch,0,dog,0,dog,0.9629123210906982
sketch/dog/n02109525_5966-3.png,sketch,0,dog,0,dog,0.986193835735321
sketch/dog/n02109525_5966-4.png,sketch,0,dog,0,dog,0.960125207901001
sketch/dog/n02109525_5966-5.png,sketch,0,dog,0,dog,0.7868680357933044
sketch/dog/n02109525_6693-1.png,sketch,0,dog,0,dog,0.4717043936252594
sketch/dog/n02109525_6693-2.png,sketch,0,dog,0,dog,0.8362281918525696
sketch/dog/n02109525_6693-3.png,sketch,0,dog,1,elephant,0.9714797139167786
sketch/dog/n02109525_6693-4.png,sketch,0,dog,0,dog,0.6407711505889893
sketch/dog/n02109525_6693-5.png,sketch,0,dog,0,dog,0.9643471240997314
sketch/dog/n02109525_704-1.png,sketch,0,dog,0,dog,0.6858267188072205
sketch/dog/n02109525_704-2.png,sketch,0,dog,4,horse,0.5429577827453613
sketch/dog/n02109525_704-3.png,sketch,0,dog,4,horse,0.5929498076438904
sketch/dog/n02109525_704-4.png,sketch,0,dog,0,dog,0.8440685272216797
sketch/dog/n02109525_704-5.png,sketch,0,dog,0,dog,0.6029908657073975
sketch/dog/n02109525_704-6.png,sketch,0,dog,4,horse,0.40648582577705383
sketch/dog/n02109525_7874-1.png,sketch,0,dog,0,dog,0.6575568318367004
sketch/dog/n02109525_7874-2.png,sketch,0,dog,0,dog,0.6223081350326538
sketch/dog/n02109525_7874-3.png,sketch,0,dog,0,dog,0.9288193583488464
sketch/dog/n02109525_7874-4.png,sketch,0,dog,0,dog,0.6814390420913696
sketch/dog/n02109525_7874-5.png,sketch,0,dog,0,dog,0.9470590949058533
sketch/dog/n02109525_7874-6.png,sketch,0,dog,0,dog,0.7284122109413147
sketch/dog/n02109525_8211-1.png,sketch,0,dog,0,dog,0.6565506458282471
sketch/dog/n02109525_8211-2.png,sketch,0,dog,1,elephant,0.5269550085067749
sketch/dog/n02109525_8211-3.png,sketch,0,dog,0,dog,0.9732620716094971
sketch/dog/n02109525_8211-4.png,sketch,0,dog,0,dog,0.7374269366264343
sketch/dog/n02109525_8211-5.png,sketch,0,dog,0,dog,0.7524840831756592
sketch/dog/n02109525_8457-1.png,sketch,0,dog,0,dog,0.79222571849823
sketch/dog/n02109525_8457-2.png,sketch,0,dog,0,dog,0.8968183398246765
sketch/dog/n02109525_8457-3.png,sketch,0,dog,0,dog,0.4824550449848175
sketch/dog/n02109525_8457-4.png,sketch,0,dog,0,dog,0.5481264591217041
sketch/dog/n02109525_8457-5.png,sketch,0,dog,1,elephant,0.6192173361778259
sketch/dog/n02109525_9037-1.png,sketch,0,dog,0,dog,0.9708235859870911
sketch/dog/n02109525_9037-2.png,sketch,0,dog,4,horse,0.5107179284095764
sketch/dog/n02109525_9037-3.png,sketch,0,dog,4,horse,0.49512407183647156
sketch/dog/n02109525_9037-4.png,sketch,0,dog,0,dog,0.6597148180007935
sketch/dog/n02109525_9037-5.png,sketch,0,dog,4,horse,0.5317826867103577
sketch/dog/n02109525_9037-6.png,sketch,0,dog,0,dog,0.49186593294143677
sketch/dog/n02109525_9037-7.png,sketch,0,dog,0,dog,0.5577203631401062
sketch/elephant/5921.png,sketch,1,elephant,1,elephant,0.43732786178588867
sketch/elephant/5922.png,sketch,1,elephant,1,elephant,0.9264808893203735
sketch/elephant/5923.png,sketch,1,elephant,1,elephant,0.8908987045288086
sketch/elephant/5924.png,sketch,1,elephant,1,elephant,0.7723201513290405
sketch/elephant/5925.png,sketch,1,elephant,1,elephant,0.8970766663551331
sketch/elephant/5926.png,sketch,1,elephant,1,elephant,0.7423264384269714
sketch/elephant/5927.png,sketch,1,elephant,4,horse,0.49796169996261597
sketch/elephant/5928.png,sketch,1,elephant,1,elephant,0.789276123046875
sketch/elephant/5929.png,sketch,1,elephant,1,elephant,0.7257457375526428
sketch/elephant/5930.png,sketch,1,elephant,4,horse,0.42445608973503113
sketch/elephant/5931.png,sketch,1,elephant,1,elephant,0.8818199634552002
sketch/elephant/5932.png,sketch,1,elephant,1,elephant,0.6446500420570374
sketch/elephant/5933.png,sketch,1,elephant,1,elephant,0.8548439145088196
sketch/elephant/5934.png,sketch,1,elephant,1,elephant,0.5928610563278198
sketch/elephant/5935.png,sketch,1,elephant,1,elephant,0.7537973523139954
sketch/elephant/5936.png,sketch,1,elephant,1,elephant,0.8834953308105469
sketch/elephant/5937.png,sketch,1,elephant,1,elephant,0.879298210144043
sketch/elephant/5938.png,sketch,1,elephant,1,elephant,0.8737370371818542
sketch/elephant/5939.png,sketch,1,elephant,1,elephant,0.520789623260498
sketch/elephant/5940.png,sketch,1,elephant,1,elephant,0.8213794827461243
sketch/elephant/5941.png,sketch,1,elephant,1,elephant,0.4342706501483917
sketch/elephant/5942.png,sketch,1,elephant,0,dog,0.4888122081756592
sketch/elephant/5943.png,sketch,1,elephant,1,elephant,0.648084819316864
sketch/elephant/5944.png,sketch,1,elephant,1,elephant,0.8935282826423645
sketch/elephant/5945.png,sketch,1,elephant,1,elephant,0.7775499224662781
sketch/elephant/5946.png,sketch,1,elephant,1,elephant,0.9653201699256897
sketch/elephant/5947.png,sketch,1,elephant,1,elephant,0.6331242918968201
sketch/elephant/5948.png,sketch,1,elephant,1,elephant,0.7846772074699402
sketch/elephant/5949.png,sketch,1,elephant,1,elephant,0.724269449710846
sketch/elephant/5950.png,sketch,1,elephant,1,elephant,0.8344056010246277
sketch/elephant/5951.png,sketch,1,elephant,1,elephant,0.8158658146858215
sketch/elephant/5952.png,sketch,1,elephant,1,elephant,0.831298291683197
sketch/elephant/5953.png,sketch,1,elephant,1,elephant,0.775728166103363
sketch/elephant/5954.png,sketch,1,elephant,1,elephant,0.9432317614555359
sketch/elephant/5955.png,sketch,1,elephant,1,elephant,0.6852683424949646
sketch/elephant/5956.png,sketch,1,elephant,1,elephant,0.6025021076202393
sketch/elephant/5957.png,sketch,1,elephant,1,elephant,0.9196954965591431
sketch/elephant/5958.png,sketch,1,elephant,1,elephant,0.49474188685417175
sketch/elephant/5959.png,sketch,1,elephant,1,elephant,0.8545328378677368
sketch/elephant/5960.png,sketch,1,elephant,1,elephant,0.6831013560295105
sketch/elephant/5961.png,sketch,1,elephant,1,elephant,0.5169224143028259
sketch/elephant/5962.png,sketch,1,elephant,1,elephant,0.499042809009552
sketch/elephant/5963.png,sketch,1,elephant,1,elephant,0.6563746333122253
sketch/elephant/5964.png,sketch,1,elephant,1,elephant,0.8280161619186401
sketch/elephant/5965.png,sketch,1,elephant,1,elephant,0.9274683594703674
sketch/elephant/5966.png,sketch,1,elephant,0,dog,0.4617079198360443
sketch/elephant/5967.png,sketch,1,elephant,1,elephant,0.7184433341026306
sketch/elephant/5968.png,sketch,1,elephant,1,elephant,0.7066258788108826
sketch/elephant/5969.png,sketch,1,elephant,1,elephant,0.5181191563606262
sketch/elephant/5970.png,sketch,1,elephant,1,elephant,0.48339706659317017
sketch/elephant/5971.png,sketch,1,elephant,4,horse,0.48757404088974
sketch/elephant/5972.png,sketch,1,elephant,1,elephant,0.6798567771911621
sketch/elephant/5973.png,sketch,1,elephant,1,elephant,0.8350797891616821
sketch/elephant/5974.png,sketch,1,elephant,1,elephant,0.9868616461753845
sketch/elephant/5975.png,sketch,1,elephant,1,elephant,0.4319458603858948
sketch/elephant/5976.png,sketch,1,elephant,1,elephant,0.8537865281105042
sketch/elephant/5977.png,sketch,1,elephant,1,elephant,0.8758306503295898
sketch/elephant/5978.png,sketch,1,elephant,1,elephant,0.8058767318725586
sketch/elephant/5979.png,sketch,1,elephant,1,elephant,0.9524640440940857
sketch/elephant/5980.png,sketch,1,elephant,1,elephant,0.9698549509048462
sketch/elephant/5981.png,sketch,1,elephant,1,elephant,0.9289681315422058
sketch/elephant/5982.png,sketch,1,elephant,1,elephant,0.8383321762084961
sketch/elephant/5983.png,sketch,1,elephant,1,elephant,0.9145044088363647
sketch/elephant/5984.png,sketch,1,elephant,1,elephant,0.5960144400596619
sketch/elephant/5985.png,sketch,1,elephant,1,elephant,0.7768463492393494
sketch/elephant/5986.png,sketch,1,elephant,1,elephant,0.9143373370170593
sketch/elephant/5987.png,sketch,1,elephant,1,elephant,0.5752745866775513
sketch/elephant/5988.png,sketch,1,elephant,1,elephant,0.7087160348892212
sketch/elephant/5989.png,sketch,1,elephant,1,elephant,0.6381550431251526
sketch/elephant/5990.png,sketch,1,elephant,1,elephant,0.8613848686218262
sketch/elephant/5991.png,sketch,1,elephant,1,elephant,0.6791457533836365
sketch/elephant/5992.png,sketch,1,elephant,1,elephant,0.4839574694633484
sketch/elephant/5993.png,sketch,1,elephant,1,elephant,0.9599388241767883
sketch/elephant/5994.png,sketch,1,elephant,1,elephant,0.8169003129005432
sketch/elephant/5995.png,sketch,1,elephant,1,elephant,0.9734762907028198
sketch/elephant/5996.png,sketch,1,elephant,1,elephant,0.6406034231185913
sketch/elephant/5997.png,sketch,1,elephant,1,elephant,0.8120715618133545
sketch/elephant/5998.png,sketch,1,elephant,1,elephant,0.46794748306274414
sketch/elephant/5999.png,sketch,1,elephant,4,horse,0.42416930198669434
sketch/elephant/6000.png,sketch,1,elephant,1,elephant,0.4921919107437134
sketch/elephant/n02503517_10036-1.png,sketch,1,elephant,4,horse,0.522320568561554
sketch/elephant/n02503517_10036-10.png,sketch,1,elephant,0,dog,0.7243027687072754
sketch/elephant/n02503517_10036-2.png,sketch,1,elephant,0,dog,0.905189573764801
sketch/elephant/n02503517_10036-3.png,sketch,1,elephant,4,horse,0.8125499486923218
sketch/elephant/n02503517_10036-4.png,sketch,1,elephant,6,person,0.5676210522651672
sketch/elephant/n02503517_10036-5.png,sketch,1,elephant,1,elephant,0.4835081994533539
sketch/elephant/n02503517_10036-6.png,sketch,1,elephant,0,dog,0.43747884035110474
sketch/elephant/n02503517_10036-7.png,sketch,1,elephant,1,elephant,0.37793126702308655
sketch/elephant/n02503517_10036-8.png,sketch,1,elephant,4,horse,0.5441871285438538
sketch/elephant/n02503517_10036-9.png,sketch,1,elephant,1,elephant,0.4487360119819641
sketch/elephant/n02503517_10075-1.png,sketch,1,elephant,1,elephant,0.8085983395576477
sketch/elephant/n02503517_10075-2.png,sketch,1,elephant,1,elephant,0.6655409336090088
sketch/elephant/n02503517_10075-3.png,sketch,1,elephant,0,dog,0.5737488269805908
sketch/elephant/n02503517_10075-4.png,sketch,1,elephant,4,horse,0.33085188269615173
sketch/elephant/n02503517_10075-5.png,sketch,1,elephant,1,elephant,0.9043781161308289
sketch/elephant/n02503517_10193-1.png,sketch,1,elephant,1,elephant,0.5895074605941772
sketch/elephant/n02503517_10193-10.png,sketch,1,elephant,1,elephant,0.8985254168510437
sketch/elephant/n02503517_10193-2.png,sketch,1,elephant,1,elephant,0.4367803633213043
sketch/elephant/n02503517_10193-3.png,sketch,1,elephant,1,elephant,0.754013180732727
sketch/elephant/n02503517_10193-4.png,sketch,1,elephant,1,elephant,0.8847565054893494
sketch/elephant/n02503517_10193-5.png,sketch,1,elephant,1,elephant,0.9799503087997437
sketch/elephant/n02503517_10193-6.png,sketch,1,elephant,1,elephant,0.6057135462760925
sketch/elephant/n02503517_10193-7.png,sketch,1,elephant,0,dog,0.44882676005363464
sketch/elephant/n02503517_10193-8.png,sketch,1,elephant,1,elephant,0.8416139483451843
sketch/elephant/n02503517_10193-9.png,sketch,1,elephant,1,elephant,0.7781053781509399
sketch/elephant/n02503517_10259-1.png,sketch,1,elephant,1,elephant,0.7593114376068115
sketch/elephant/n02503517_10259-2.png,sketch,1,elephant,1,elephant,0.5564833283424377
sketch/elephant/n02503517_10259-3.png,sketch,1,elephant,1,elephant,0.8079036474227905
sketch/elephant/n02503517_10259-4.png,sketch,1,elephant,1,elephant,0.42046764492988586
sketch/elephant/n02503517_10259-5.png,sketch,1,elephant,1,elephant,0.41739073395729065
sketch/elephant/n02503517_10259-6.png,sketch,1,elephant,1,elephant,0.786823570728302
sketch/elephant/n02503517_10259-7.png,sketch,1,elephant,1,elephant,0.485137015581131
sketch/elephant/n02503517_10259-8.png,sketch,1,elephant,1,elephant,0.6037558317184448
sketch/elephant/n02503517_10259-9.png,sketch,1,elephant,1,elephant,0.7383963465690613
sketch/elephant/n02503517_10275-1.png,sketch,1,elephant,1,elephant,0.5692170858383179
sketch/elephant/n02503517_10275-2.png,sketch,1,elephant,4,horse,0.4571840167045593
sketch/elephant/n02503517_10275-3.png,sketch,1,elephant,0,dog,0.7288942337036133
sketch/elephant/n02503517_10275-4.png,sketch,1,elephant,1,elephant,0.7563686370849609
sketch/elephant/n02503517_10275-5.png,sketch,1,elephant,1,elephant,0.782019853591919
sketch/elephant/n02503517_10275-6.png,sketch,1,elephant,4,horse,0.6640051603317261
sketch/elephant/n02503517_10300-1.png,sketch,1,elephant,4,horse,0.3998251259326935
sketch/elephant/n02503517_10300-2.png,sketch,1,elephant,1,elephant,0.7623211741447449
sketch/elephant/n02503517_10300-3.png,sketch,1,elephant,1,elephant,0.7559380531311035
sketch/elephant/n02503517_10300-4.png,sketch,1,elephant,1,elephant,0.6704103946685791
sketch/elephant/n02503517_10300-5.png,sketch,1,elephant,4,horse,0.7482636570930481
sketch/elephant/n02503517_10439-1.png,sketch,1,elephant,1,elephant,0.49874693155288696
sketch/elephant/n02503517_10439-2.png,sketch,1,elephant,0,dog,0.6468946933746338
sketch/elephant/n02503517_10439-3.png,sketch,1,elephant,4,horse,0.727310836315155
sketch/elephant/n02503517_10439-4.png,sketch,1,elephant,1,elephant,0.7398372888565063
sketch/elephant/n02503517_10439-5.png,sketch,1,elephant,0,dog,0.3912421464920044
sketch/elephant/n02503517_10439-6.png,sketch,1,elephant,6,person,0.3515895903110504
sketch/elephant/n02503517_10439-7.png,sketch,1,elephant,1,elephant,0.8232160806655884
sketch/elephant/n02503517_10439-8.png,sketch,1,elephant,1,elephant,0.9813886880874634
sketch/elephant/n02503517_10440-1.png,sketch,1,elephant,1,elephant,0.8190149068832397
sketch/elephant/n02503517_10440-2.png,sketch,1,elephant,1,elephant,0.9706836342811584
sketch/elephant/n02503517_10440-3.png,sketch,1,elephant,1,elephant,0.4643433690071106
sketch/elephant/n02503517_10440-4.png,sketch,1,elephant,0,dog,0.7177838087081909
sketch/elephant/n02503517_10440-5.png,sketch,1,elephant,0,dog,0.6821889877319336
sketch/elephant/n02503517_10440-6.png,sketch,1,elephant,0,dog,0.48243290185928345
sketch/elephant/n02503517_10440-7.png,sketch,1,elephant,1,elephant,0.5344959497451782
sketch/elephant/n02503517_10440-8.png,sketch,1,elephant,0,dog,0.5256889462471008
sketch/elephant/n02503517_10440-9.png,sketch,1,elephant,0,dog,0.5317509770393372
sketch/elephant/n02503517_10528-1.png,sketch,1,elephant,0,dog,0.7559340596199036
sketch/elephant/n02503517_10528-2.png,sketch,1,elephant,1,elephant,0.7295459508895874
sketch/elephant/n02503517_10528-3.png,sketch,1,elephant,1,elephant,0.6414300203323364
sketch/elephant/n02503517_10528-4.png,sketch,1,elephant,1,elephant,0.46918827295303345
sketch/elephant/n02503517_10528-5.png,sketch,1,elephant,1,elephant,0.9568858742713928
sketch/elephant/n02503517_10558-1.png,sketch,1,elephant,4,horse,0.4612865746021271
sketch/elephant/n02503517_10558-2.png,sketch,1,elephant,1,elephant,0.5600324273109436
sketch/elephant/n02503517_10558-3.png,sketch,1,elephant,1,elephant,0.5905217528343201
sketch/elephant/n02503517_10558-4.png,sketch,1,elephant,1,elephant,0.5426294207572937
sketch/elephant/n02503517_10558-5.png,sketch,1,elephant,1,elephant,0.7586255073547363
sketch/elephant/n02503517_10778-1.png,sketch,1,elephant,0,dog,0.5315685272216797
sketch/elephant/n02503517_10778-2.png,sketch,1,elephant,0,dog,0.7016858458518982
sketch/elephant/n02503517_10778-3.png,sketch,1,elephant,4,horse,0.7220417857170105
sketch/elephant/n02503517_10778-4.png,sketch,1,elephant,1,elephant,0.5376946926116943
sketch/elephant/n02503517_10778-5.png,sketch,1,elephant,0,dog,0.6705615520477295
sketch/elephant/n02503517_10778-6.png,sketch,1,elephant,0,dog,0.47760847210884094
sketch/elephant/n02503517_11873-1.png,sketch,1,elephant,1,elephant,0.6951457858085632
sketch/elephant/n02503517_11873-2.png,sketch,1,elephant,1,elephant,0.6427319049835205
sketch/elephant/n02503517_11873-3.png,sketch,1,elephant,1,elephant,0.7969515323638916
sketch/elephant/n02503517_11873-4.png,sketch,1,elephant,1,elephant,0.5647016763687134
sketch/elephant/n02503517_11873-5.png,sketch,1,elephant,4,horse,0.4140753746032715
sketch/elephant/n02503517_11873-6.png,sketch,1,elephant,0,dog,0.7575457096099854
sketch/elephant/n02503517_11873-7.png,sketch,1,elephant,0,dog,0.32762137055397034
sketch/elephant/n02503517_11873-8.png,sketch,1,elephant,1,elephant,0.33233532309532166
sketch/elephant/n02503517_11873-9.png,sketch,1,elephant,0,dog,0.44949018955230713
sketch/elephant/n02503517_12688-1.png,sketch,1,elephant,1,elephant,0.8572598099708557
sketch/elephant/n02503517_12688-2.png,sketch,1,elephant,0,dog,0.8729557394981384
sketch/elephant/n02503517_12688-3.png,sketch,1,elephant,0,dog,0.8569432497024536
sketch/elephant/n02503517_12688-4.png,sketch,1,elephant,1,elephant,0.47631320357322693
sketch/elephant/n02503517_12688-5.png,sketch,1,elephant,0,dog,0.5178775191307068
sketch/elephant/n02503517_1292-1.png,sketch,1,elephant,1,elephant,0.3658389151096344
sketch/elephant/n02503517_1292-2.png,sketch,1,elephant,1,elephant,0.9213017225265503
sketch/elephant/n02503517_1292-3.png,sketch,1,elephant,1,elephant,0.9533098340034485
sketch/elephant/n02503517_1292-4.png,sketch,1,elephant,0,dog,0.6514655947685242
sketch/elephant/n02503517_1292-5.png,sketch,1,elephant,1,elephant,0.9740289449691772
sketch/elephant/n02503517_1292-6.png,sketch,1,elephant,1,elephant,0.9799195528030396
sketch/elephant/n02503517_1292-7.png,sketch,1,elephant,0,dog,0.639192521572113
sketch/elephant/n02503517_1359-1.png,sketch,1,elephant,0,dog,0.755789577960968
sketch/elephant/n02503517_1359-2.png,sketch,1,elephant,0,dog,0.5422214269638062
sketch/elephant/n02503517_1359-3.png,sketch,1,elephant,0,dog,0.3947629928588867
sketch/elephant/n02503517_1359-4.png,sketch,1,elephant,0,dog,0.5022144913673401
sketch/elephant/n02503517_1359-5.png,sketch,1,elephant,4,horse,0.4963359236717224
sketch/elephant/n02503517_1359-6.png,sketch,1,elephant,1,elephant,0.8168268203735352
sketch/elephant/n02503517_1383-1.png,sketch,1,elephant,4,horse,0.4933682382106781
sketch/elephant/n02503517_1383-2.png,sketch,1,elephant,0,dog,0.36034977436065674
sketch/elephant/n02503517_1383-3.png,sketch,1,elephant,0,dog,0.47924134135246277
sketch/elephant/n02503517_1383-4.png,sketch,1,elephant,1,elephant,0.6136971712112427
sketch/elephant/n02503517_1383-5.png,sketch,1,elephant,1,elephant,0.9573941230773926
sketch/elephant/n02503517_1383-6.png,sketch,1,elephant,1,elephant,0.4878193438053131
sketch/elephant/n02503517_1415-1.png,sketch,1,elephant,1,elephant,0.6588340997695923
sketch/elephant/n02503517_1415-2.png,sketch,1,elephant,1,elephant,0.7088541388511658
sketch/elephant/n02503517_1415-3.png,sketch,1,elephant,1,elephant,0.5376337766647339
sketch/elephant/n02503517_1415-4.png,sketch,1,elephant,1,elephant,0.5869432091712952
sketch/elephant/n02503517_1415-5.png,sketch,1,elephant,1,elephant,0.9742339253425598
sketch/elephant/n02503517_1453-1.png,sketch,1,elephant,1,elephant,0.360247939825058
sketch/elephant/n02503517_1453-2.png,sketch,1,elephant,1,elephant,0.4611414670944214
sketch/elephant/n02503517_1453-3.png,sketch,1,elephant,1,elephant,0.9303553700447083
sketch/elephant/n02503517_1453-4.png,sketch,1,elephant,0,dog,0.5295131206512451
sketch/elephant/n02503517_1453-5.png,sketch,1,elephant,1,elephant,0.9378632307052612
sketch/elephant/n02503517_1453-6.png,sketch,1,elephant,0,dog,0.5901898145675659
sketch/elephant/n02503517_1583-1.png,sketch,1,elephant,1,elephant,0.9769328832626343
sketch/elephant/n02503517_1583-2.png,sketch,1,elephant,1,elephant,0.481265127658844
sketch/elephant/n02503517_1583-3.png,sketch,1,elephant,1,elephant,0.9966378211975098
sketch/elephant/n02503517_1583-4.png,sketch,1,elephant,1,elephant,0.9945452213287354
sketch/elephant/n02503517_1583-5.png,sketch,1,elephant,1,elephant,0.9609630703926086
sketch/elephant/n02503517_1583-6.png,sketch,1,elephant,1,elephant,0.8638738393783569
sketch/elephant/n02503517_1829-1.png,sketch,1,elephant,4,horse,0.4236292839050293
sketch/elephant/n02503517_1829-2.png,sketch,1,elephant,1,elephant,0.5774990320205688
sketch/elephant/n02503517_1829-3.png,sketch,1,elephant,0,dog,0.5119177103042603
sketch/elephant/n02503517_1829-4.png,sketch,1,elephant,1,elephant,0.5705669522285461
sketch/elephant/n02503517_1829-5.png,sketch,1,elephant,0,dog,0.33519142866134644
sketch/elephant/n02503517_184-1.png,sketch,1,elephant,1,elephant,0.6168701648712158
sketch/elephant/n02503517_184-2.png,sketch,1,elephant,0,dog,0.4902290403842926
sketch/elephant/n02503517_184-3.png,sketch,1,elephant,0,dog,0.579079270362854
sketch/elephant/n02503517_184-4.png,sketch,1,elephant,1,elephant,0.9474881291389465
sketch/elephant/n02503517_184-5.png,sketch,1,elephant,1,elephant,0.58146733045578
sketch/elephant/n02503517_184-6.png,sketch,1,elephant,1,elephant,0.9310829639434814
sketch/elephant/n02503517_184-7.png,sketch,1,elephant,0,dog,0.538802444934845
sketch/elephant/n02503517_184-8.png,sketch,1,elephant,0,dog,0.5168048739433289
sketch/elephant/n02503517_184-9.png,sketch,1,elephant,1,elephant,0.4272773563861847
sketch/elephant/n02503517_1852-1.png,sketch,1,elephant,0,dog,0.6864597797393799
sketch/elephant/n02503517_1852-2.png,sketch,1,elephant,0,dog,0.49399784207344055
sketch/elephant/n02503517_1852-3.png,sketch,1,elephant,0,dog,0.5309978127479553
sketch/elephant/n02503517_1852-4.png,sketch,1,elephant,0,dog,0.39349365234375
sketch/elephant/n02503517_1852-5.png,sketch,1,elephant,0,dog,0.7477515935897827
sketch/elephant/n02503517_194-1.png,sketch,1,elephant,0,dog,0.5130582451820374
sketch/elephant/n02503517_194-2.png,sketch,1,elephant,1,elephant,0.761039674282074
sketch/elephant/n02503517_194-3.png,sketch,1,elephant,1,elephant,0.5119935870170593
sketch/elephant/n02503517_194-4.png,sketch,1,elephant,1,elephant,0.9274578094482422
sketch/elephant/n02503517_194-5.png,sketch,1,elephant,1,elephant,0.9731599688529968
sketch/elephant/n02503517_194-6.png,sketch,1,elephant,1,elephant,0.9397586584091187
sketch/elephant/n02503517_1963-1.png,sketch,1,elephant,1,elephant,0.9411124587059021
sketch/elephant/n02503517_1963-2.png,sketch,1,elephant,1,elephant,0.9618930816650391
sketch/elephant/n02503517_1963-3.png,sketch,1,elephant,1,elephant,0.7511356472969055
sketch/elephant/n02503517_1963-4.png,sketch,1,elephant,1,elephant,0.49479207396507263
sketch/elephant/n02503517_1963-5.png,sketch,1,elephant,1,elephant,0.6125443577766418
sketch/elephant/n02503517_1984-1.png,sketch,1,elephant,1,elephant,0.6565483808517456
sketch/elephant/n02503517_1984-2.png,sketch,1,elephant,1,elephant,0.3522461950778961
sketch/elephant/n02503517_1984-3.png,sketch,1,elephant,4,horse,0.6570643186569214
sketch/elephant/n02503517_1984-4.png,sketch,1,elephant,1,elephant,0.9007108211517334
sketch/elephant/n02503517_1984-5.png,sketch,1,elephant,1,elephant,0.44689515233039856
sketch/elephant/n02503517_2061-1.png,sketch,1,elephant,0,dog,0.4277859032154083
sketch/elephant/n02503517_2061-2.png,sketch,1,elephant,0,dog,0.6370915174484253
sketch/elephant/n02503517_2061-3.png,sketch,1,elephant,1,elephant,0.7501826882362366
sketch/elephant/n02503517_2061-4.png,sketch,1,elephant,0,dog,0.60609370470047
sketch/elephant/n02503517_2061-5.png,sketch,1,elephant,0,dog,0.483847439289093
sketch/elephant/n02503517_2444-1.png,sketch,1,elephant,0,dog,0.31578201055526733
sketch/elephant/n02503517_2444-2.png,sketch,1,elephant,1,elephant,0.5073599815368652
sketch/elephant/n02503517_2444-3.png,sketch,1,elephant,4,horse,0.42760688066482544
sketch/elephant/n02503517_2444-4.png,sketch,1,elephant,0,dog,0.5805162787437439
sketch/elephant/n02503517_2444-5.png,sketch,1,elephant,1,elephant,0.5787990093231201
sketch/elephant/n02503517_2547-1.png,sketch,1,elephant,0,dog,0.5575467944145203
sketch/elephant/n02503517_2547-10.png,sketch,1,elephant,1,elephant,0.6808030009269714
sketch/elephant/n02503517_2547-2.png,sketch,1,elephant,4,horse,0.6637018322944641
sketch/elephant/n02503517_2547-3.png,sketch,1,elephant,1,elephant,0.85660320520401
sketch/elephant/n02503517_2547-4.png,sketch,1,elephant,1,elephant,0.7040499448776245
sketch/elephant/n02503517_2547-5.png,sketch,1,elephant,0,dog,0.7537549734115601
sketch/elephant/n02503517_2547-6.png,sketch,1,elephant,1,elephant,0.4920869469642639
sketch/elephant/n02503517_2547-7.png,sketch,1,elephant,4,horse,0.5208574533462524
sketch/elephant/n02503517_2547-8.png,sketch,1,elephant,1,elephant,0.6963565945625305
sketch/elephant/n02503517_2547-9.png,sketch,1,elephant,0,dog,0.5272703766822815
sketch/elephant/n02503517_2802-1.png,sketch,1,elephant,1,elephant,0.907387912273407
sketch/elephant/n02503517_2802-2.png,sketch,1,elephant,1,elephant,0.5693323016166687
sketch/elephant/n02503517_2802-3.png,sketch,1,elephant,1,elephant,0.5583417415618896
sketch/elephant/n02503517_2802-4.png,sketch,1,elephant,1,elephant,0.9572774767875671
sketch/elephant/n02503517_2802-5.png,sketch,1,elephant,1,elephant,0.5177494287490845
sketch/elephant/n02503517_2802-6.png,sketch,1,elephant,1,elephant,0.9362680912017822
sketch/elephant/n02503517_2804-1.png,sketch,1,elephant,1,elephant,0.873687744140625
sketch/elephant/n02503517_2804-2.png,sketch,1,elephant,0,dog,0.5479590892791748
sketch/elephant/n02503517_2804-3.png,sketch,1,elephant,0,dog,0.5495643019676208
sketch/elephant/n02503517_2804-4.png,sketch,1,elephant,1,elephant,0.5054119825363159
sketch/elephant/n02503517_2804-5.png,sketch,1,elephant,0,dog,0.7617267966270447
sketch/elephant/n02503517_2925-1.png,sketch,1,elephant,1,elephant,0.4924594759941101
sketch/elephant/n02503517_2925-10.png,sketch,1,elephant,1,elephant,0.5116849541664124
sketch/elephant/n02503517_2925-2.png,sketch,1,elephant,1,elephant,0.4339403212070465
sketch/elephant/n02503517_2925-3.png,sketch,1,elephant,0,dog,0.4107726216316223
sketch/elephant/n02503517_2925-4.png,sketch,1,elephant,0,dog,0.5208513140678406
sketch/elephant/n02503517_2925-5.png,sketch,1,elephant,1,elephant,0.637432873249054
sketch/elephant/n02503517_2925-6.png,sketch,1,elephant,1,elephant,0.646406352519989
sketch/elephant/n02503517_2925-7.png,sketch,1,elephant,1,elephant,0.9541676640510559
sketch/elephant/n02503517_2925-8.png,sketch,1,elephant,1,elephant,0.5972816348075867
sketch/elephant/n02503517_2925-9.png,sketch,1,elephant,1,elephant,0.6288905143737793
sketch/elephant/n02503517_2993-1.png,sketch,1,elephant,0,dog,0.6643338799476624
sketch/elephant/n02503517_2993-10.png,sketch,1,elephant,0,dog,0.8334287405014038
sketch/elephant/n02503517_2993-2.png,sketch,1,elephant,0,dog,0.5452063679695129
sketch/elephant/n02503517_2993-3.png,sketch,1,elephant,1,elephant,0.576303243637085
sketch/elephant/n02503517_2993-4.png,sketch,1,elephant,0,dog,0.5332511067390442
sketch/elephant/n02503517_2993-5.png,sketch,1,elephant,6,person,0.3808608055114746
sketch/elephant/n02503517_2993-6.png,sketch,1,elephant,1,elephant,0.514931321144104
sketch/elephant/n02503517_2993-7.png,sketch,1,elephant,0,dog,0.6572761535644531
sketch/elephant/n02503517_2993-8.png,sketch,1,elephant,0,dog,0.5660930275917053
sketch/elephant/n02503517_2993-9.png,sketch,1,elephant,1,elephant,0.7571628093719482
sketch/elephant/n02503517_3037-1.png,sketch,1,elephant,1,elephant,0.9098706841468811
sketch/elephant/n02503517_3037-2.png,sketch,1,elephant,1,elephant,0.5401365756988525
sketch/elephant/n02503517_3037-3.png,sketch,1,elephant,0,dog,0.6148626208305359
sketch/elephant/n02503517_3037-4.png,sketch,1,elephant,0,dog,0.4302937388420105
sketch/elephant/n02503517_3037-5.png,sketch,1,elephant,1,elephant,0.9757080674171448
sketch/elephant/n02503517_3037-6.png,sketch,1,elephant,0,dog,0.5231173038482666
sketch/elephant/n02503517_3037-7.png,sketch,1,elephant,1,elephant,0.5634487271308899
sketch/elephant/n02503517_3037-8.png,sketch,1,elephant,0,dog,0.47578683495521545
sketch/elephant/n02503517_3072-1.png,sketch,1,elephant,0,dog,0.4349910616874695
sketch/elephant/n02503517_3072-2.png,sketch,1,elephant,1,elephant,0.47066739201545715
sketch/elephant/n02503517_3072-3.png,sketch,1,elephant,0,dog,0.5077438354492188
sketch/elephant/n02503517_3072-4.png,sketch,1,elephant,0,dog,0.7129209637641907
sketch/elephant/n02503517_3072-5.png,sketch,1,elephant,1,elephant,0.5505416989326477
sketch/elephant/n02503517_3072-6.png,sketch,1,elephant,1,elephant,0.9623094201087952
sketch/elephant/n02503517_3108-1.png,sketch,1,elephant,0,dog,0.5666165351867676
sketch/elephant/n02503517_3108-2.png,sketch,1,elephant,1,elephant,0.9102035760879517
sketch/elephant/n02503517_3108-3.png,sketch,1,elephant,1,elephant,0.8636696934700012
sketch/elephant/n02503517_3108-4.png,sketch,1,elephant,0,dog,0.8229031562805176
sketch/elephant/n02503517_3108-5.png,sketch,1,elephant,1,elephant,0.7737611532211304
sketch/elephant/n02503517_3108-6.png,sketch,1,elephant,1,elephant,0.6762967705726624
sketch/elephant/n02503517_3108-7.png,sketch,1,elephant,1,elephant,0.5316001772880554
sketch/elephant/n02503517_3108-8.png,sketch,1,elephant,0,dog,0.5425832867622375
sketch/elephant/n02503517_3108-9.png,sketch,1,elephant,1,elephant,0.5329778790473938
sketch/elephant/n02503517_311-1.png,sketch,1,elephant,4,horse,0.36757683753967285
sketch/elephant/n02503517_311-2.png,sketch,1,elephant,1,elephant,0.9538328647613525
sketch/elephant/n02503517_311-3.png,sketch,1,elephant,1,elephant,0.6892340183258057
sketch/elephant/n02503517_311-4.png,sketch,1,elephant,1,elephant,0.7571332454681396
sketch/elephant/n02503517_311-5.png,sketch,1,elephant,1,elephant,0.9611868262290955
sketch/elephant/n02503517_311-6.png,sketch,1,elephant,1,elephant,0.3998467028141022
sketch/elephant/n02503517_3799-1.png,sketch,1,elephant,1,elephant,0.6733884215354919
sketch/elephant/n02503517_3799-2.png,sketch,1,elephant,1,elephant,0.6578096151351929
sketch/elephant/n02503517_3799-3.png,sketch,1,elephant,0,dog,0.37154120206832886
sketch/elephant/n02503517_3799-4.png,sketch,1,elephant,1,elephant,0.9425535798072815
sketch/elephant/n02503517_3799-5.png,sketch,1,elephant,0,dog,0.6774060726165771
sketch/elephant/n02503517_3803-1.png,sketch,1,elephant,0,dog,0.5114408731460571
sketch/elephant/n02503517_3803-2.png,sketch,1,elephant,0,dog,0.8107978105545044
sketch/elephant/n02503517_3803-3.png,sketch,1,elephant,1,elephant,0.6971539258956909
sketch/elephant/n02503517_3803-4.png,sketch,1,elephant,0,dog,0.5709470510482788
sketch/elephant/n02503517_3803-5.png,sketch,1,elephant,1,elephant,0.7685257792472839
sketch/elephant/n02503517_3803-6.png,sketch,1,elephant,0,dog,0.5336517095565796
sketch/elephant/n02503517_3808-1.png,sketch,1,elephant,4,horse,0.7194103002548218
sketch/elephant/n02503517_3808-10.png,sketch,1,elephant,4,horse,0.4666994512081146
sketch/elephant/n02503517_3808-2.png,sketch,1,elephant,0,dog,0.6911174058914185
sketch/elephant/n02503517_3808-3.png,sketch,1,elephant,1,elephant,0.6337272524833679
sketch/elephant/n02503517_3808-4.png,sketch,1,elephant,0,dog,0.9413502216339111
sketch/elephant/n02503517_3808-5.png,sketch,1,elephant,0,dog,0.7281181812286377
sketch/elephant/n02503517_3808-6.png,sketch,1,elephant,0,dog,0.5482325553894043
sketch/elephant/n02503517_3808-7.png,sketch,1,elephant,0,dog,0.6899904608726501
sketch/elephant/n02503517_3808-8.png,sketch,1,elephant,1,elephant,0.9859698414802551
sketch/elephant/n02503517_3808-9.png,sketch,1,elephant,1,elephant,0.5167756080627441
sketch/elephant/n02503517_3879-1.png,sketch,1,elephant,0,dog,0.5719825625419617
sketch/elephant/n02503517_3879-2.png,sketch,1,elephant,0,dog,0.7196624875068665
sketch/elephant/n02503517_3879-3.png,sketch,1,elephant,0,dog,0.7429932951927185
sketch/elephant/n02503517_3879-4.png,sketch,1,elephant,1,elephant,0.7684783339500427
sketch/elephant/n02503517_3879-5.png,sketch,1,elephant,0,dog,0.6286377906799316
sketch/elephant/n02503517_3879-6.png,sketch,1,elephant,4,horse,0.46804648637771606
sketch/elephant/n02503517_3879-7.png,sketch,1,elephant,0,dog,0.5804095268249512
sketch/elephant/n02503517_4221-1.png,sketch,1,elephant,0,dog,0.41811826825141907
sketch/elephant/n02503517_4221-2.png,sketch,1,elephant,0,dog,0.49865034222602844
sketch/elephant/n02503517_4221-3.png,sketch,1,elephant,1,elephant,0.5212005972862244
sketch/elephant/n02503517_4221-4.png,sketch,1,elephant,0,dog,0.38969311118125916
sketch/elephant/n02503517_4221-5.png,sketch,1,elephant,1,elephant,0.7315549254417419
sketch/elephant/n02503517_4221-6.png,sketch,1,elephant,0,dog,0.5997697114944458
sketch/elephant/n02503517_4221-7.png,sketch,1,elephant,1,elephant,0.6694735884666443
sketch/elephant/n02503517_4247-1.png,sketch,1,elephant,1,elephant,0.7232321500778198
sketch/elephant/n02503517_4247-10.png,sketch,1,elephant,0,dog,0.5214027166366577
sketch/elephant/n02503517_4247-2.png,sketch,1,elephant,1,elephant,0.425496369600296
sketch/elephant/n02503517_4247-3.png,sketch,1,elephant,1,elephant,0.7219095230102539
sketch/elephant/n02503517_4247-4.png,sketch,1,elephant,0,dog,0.5100632309913635
sketch/elephant/n02503517_4247-5.png,sketch,1,elephant,1,elephant,0.8688375353813171
sketch/elephant/n02503517_4247-6.png,sketch,1,elephant,0,dog,0.42326462268829346
sketch/elephant/n02503517_4247-7.png,sketch,1,elephant,1,elephant,0.46947330236434937
sketch/elephant/n02503517_4247-8.png,sketch,1,elephant,1,elephant,0.7859350442886353
sketch/elephant/n02503517_4247-9.png,sketch,1,elephant,0,dog,0.35871678590774536
sketch/elephant/n02503517_4253-1.png,sketch,1,elephant,1,elephant,0.926850438117981
sketch/elephant/n02503517_4253-2.png,sketch,1,elephant,1,elephant,0.8939381241798401
sketch/elephant/n02503517_4253-3.png,sketch,1,elephant,1,elephant,0.8902750015258789
sketch/elephant/n02503517_4253-4.png,sketch,1,elephant,1,elephant,0.8877943158149719
sketch/elephant/n02503517_4253-5.png,sketch,1,elephant,1,elephant,0.8522799611091614
sketch/elephant/n02503517_4413-1.png,sketch,1,elephant,1,elephant,0.7560966610908508
sketch/elephant/n02503517_4413-10.png,sketch,1,elephant,0,dog,0.8219541907310486
sketch/elephant/n02503517_4413-2.png,sketch,1,elephant,0,dog,0.4563727080821991
sketch/elephant/n02503517_4413-3.png,sketch,1,elephant,1,elephant,0.8204731941223145
sketch/elephant/n02503517_4413-4.png,sketch,1,elephant,1,elephant,0.6976789236068726
sketch/elephant/n02503517_4413-5.png,sketch,1,elephant,1,elephant,0.6792944669723511
sketch/elephant/n02503517_4413-6.png,sketch,1,elephant,1,elephant,0.879766047000885
sketch/elephant/n02503517_4413-7.png,sketch,1,elephant,1,elephant,0.6508207321166992
sketch/elephant/n02503517_4413-8.png,sketch,1,elephant,4,horse,0.4133545756340027
sketch/elephant/n02503517_4413-9.png,sketch,1,elephant,1,elephant,0.49535635113716125
sketch/elephant/n02503517_4605-1.png,sketch,1,elephant,0,dog,0.5709460973739624
sketch/elephant/n02503517_4605-2.png,sketch,1,elephant,1,elephant,0.4586263597011566
sketch/elephant/n02503517_4605-3.png,sketch,1,elephant,1,elephant,0.8883354663848877
sketch/elephant/n02503517_4605-4.png,sketch,1,elephant,1,elephant,0.9566789865493774
sketch/elephant/n02503517_4605-5.png,sketch,1,elephant,1,elephant,0.938489556312561
sketch/elephant/n02503517_4687-1.png,sketch,1,elephant,1,elephant,0.865978479385376
sketch/elephant/n02503517_4687-2.png,sketch,1,elephant,0,dog,0.6032587289810181
sketch/elephant/n02503517_4687-3.png,sketch,1,elephant,0,dog,0.5689600706100464
sketch/elephant/n02503517_4687-4.png,sketch,1,elephant,1,elephant,0.9141117334365845
sketch/elephant/n02503517_4687-5.png,sketch,1,elephant,0,dog,0.7586554884910583
sketch/elephant/n02503517_4687-6.png,sketch,1,elephant,0,dog,0.5927115678787231
sketch/elephant/n02503517_5117-1.png,sketch,1,elephant,1,elephant,0.5431159734725952
sketch/elephant/n02503517_5117-2.png,sketch,1,elephant,1,elephant,0.545318603515625
sketch/elephant/n02503517_5117-3.png,sketch,1,elephant,1,elephant,0.6725034713745117
sketch/elephant/n02503517_5117-4.png,sketch,1,elephant,1,elephant,0.8148186206817627
sketch/elephant/n02503517_5117-5.png,sketch,1,elephant,1,elephant,0.8867550492286682
sketch/elephant/n02503517_5117-6.png,sketch,1,elephant,1,elephant,0.5946918725967407
sketch/elephant/n02503517_5267-1.png,sketch,1,elephant,1,elephant,0.8623155951499939
sketch/elephant/n02503517_5267-2.png,sketch,1,elephant,0,dog,0.3841995298862457
sketch/elephant/n02503517_5267-3.png,sketch,1,elephant,0,dog,0.8141968250274658
sketch/elephant/n02503517_5267-4.png,sketch,1,elephant,1,elephant,0.5353699922561646
sketch/elephant/n02503517_5267-5.png,sketch,1,elephant,0,dog,0.44302722811698914
sketch/elephant/n02503517_5267-6.png,sketch,1,elephant,0,dog,0.5209872722625732
sketch/elephant/n02503517_5267-7.png,sketch,1,elephant,0,dog,0.6266680955886841
sketch/elephant/n02503517_5287-1.png,sketch,1,elephant,1,elephant,0.9060012698173523
sketch/elephant/n02503517_5287-2.png,sketch,1,elephant,0,dog,0.47002169489860535
sketch/elephant/n02503517_5287-3.png,sketch,1,elephant,0,dog,0.56406170129776
sketch/elephant/n02503517_5287-4.png,sketch,1,elephant,1,elephant,0.6315241456031799
sketch/elephant/n02503517_5287-5.png,sketch,1,elephant,0,dog,0.36311429738998413
sketch/elephant/n02503517_5418-1.png,sketch,1,elephant,1,elephant,0.5881437659263611
sketch/elephant/n02503517_5418-10.png,sketch,1,elephant,1,elephant,0.9344115853309631
sketch/elephant/n02503517_5418-2.png,sketch,1,elephant,4,horse,0.6776511073112488
sketch/elephant/n02503517_5418-3.png,sketch,1,elephant,0,dog,0.592745840549469
sketch/elephant/n02503517_5418-4.png,sketch,1,elephant,0,dog,0.8821755051612854
sketch/elephant/n02503517_5418-5.png,sketch,1,elephant,1,elephant,0.8313237428665161
sketch/elephant/n02503517_5418-6.png,sketch,1,elephant,1,elephant,0.9342818260192871
sketch/elephant/n02503517_5418-7.png,sketch,1,elephant,1,elephant,0.8388001322746277
sketch/elephant/n02503517_5418-8.png,sketch,1,elephant,1,elephant,0.5615557432174683
sketch/elephant/n02503517_5418-9.png,sketch,1,elephant,4,horse,0.5292013883590698
sketch/elephant/n02503517_5420-1.png,sketch,1,elephant,0,dog,0.33225199580192566
sketch/elephant/n02503517_5420-2.png,sketch,1,elephant,1,elephant,0.5443847179412842
sketch/elephant/n02503517_5420-3.png,sketch,1,elephant,1,elephant,0.5526469945907593
sketch/elephant/n02503517_5420-4.png,sketch,1,elephant,1,elephant,0.5781197547912598
sketch/elephant/n02503517_5420-5.png,sketch,1,elephant,1,elephant,0.5141244530677795
sketch/elephant/n02503517_5420-6.png,sketch,1,elephant,0,dog,0.3607684075832367
sketch/elephant/n02503517_5420-7.png,sketch,1,elephant,4,horse,0.5756043791770935
sketch/elephant/n02503517_5527-1.png,sketch,1,elephant,0,dog,0.6628293991088867
sketch/elephant/n02503517_5527-2.png,sketch,1,elephant,4,horse,0.44524088501930237
sketch/elephant/n02503517_5527-3.png,sketch,1,elephant,0,dog,0.561445415019989
sketch/elephant/n02503517_5527-4.png,sketch,1,elephant,1,elephant,0.6203544735908508
sketch/elephant/n02503517_5527-5.png,sketch,1,elephant,1,elephant,0.7439041137695312
sketch/elephant/n02503517_5527-6.png,sketch,1,elephant,4,horse,0.4081747829914093
sketch/elephant/n02503517_564-1.png,sketch,1,elephant,0,dog,0.4057967960834503
sketch/elephant/n02503517_564-2.png,sketch,1,elephant,0,dog,0.8559235334396362
sketch/elephant/n02503517_564-3.png,sketch,1,elephant,0,dog,0.6345033645629883
sketch/elephant/n02503517_564-4.png,sketch,1,elephant,0,dog,0.7832569479942322
sketch/elephant/n02503517_564-5.png,sketch,1,elephant,0,dog,0.7497188448905945
sketch/elephant/n02503517_5892-1.png,sketch,1,elephant,1,elephant,0.8176007270812988
sketch/elephant/n02503517_5892-2.png,sketch,1,elephant,1,elephant,0.9498826861381531
sketch/elephant/n02503517_5892-3.png,sketch,1,elephant,1,elephant,0.8571463227272034
sketch/elephant/n02503517_5892-4.png,sketch,1,elephant,1,elephant,0.8020045757293701
sketch/elephant/n02503517_5892-5.png,sketch,1,elephant,1,elephant,0.7129759192466736
sketch/elephant/n02503517_5892-6.png,sketch,1,elephant,1,elephant,0.5213619470596313
sketch/elephant/n02503517_5892-7.png,sketch,1,elephant,1,elephant,0.7324565052986145
sketch/elephant/n02503517_5905-10.png,sketch,1,elephant,1,elephant,0.5805744528770447
sketch/elephant/n02503517_5905-11.png,sketch,1,elephant,0,dog,0.5399640202522278
sketch/elephant/n02503517_5905-2.png,sketch,1,elephant,1,elephant,0.5430662035942078
sketch/elephant/n02503517_5905-3.png,sketch,1,elephant,1,elephant,0.663809597492218
sketch/elephant/n02503517_5905-4.png,sketch,1,elephant,1,elephant,0.38598158955574036
sketch/elephant/n02503517_5905-5.png,sketch,1,elephant,1,elephant,0.6295905709266663
sketch/elephant/n02503517_5905-6.png,sketch,1,elephant,1,elephant,0.6612405776977539
sketch/elephant/n02503517_5905-7.png,sketch,1,elephant,4,horse,0.559330403804779
sketch/elephant/n02503517_5905-8.png,sketch,1,elephant,1,elephant,0.6781243085861206
sketch/elephant/n02503517_5905-9.png,sketch,1,elephant,1,elephant,0.544255256652832
sketch/elephant/n02503517_5909-1.png,sketch,1,elephant,0,dog,0.4317082166671753
sketch/elephant/n02503517_5909-2.png,sketch,1,elephant,1,elephant,0.8745872378349304
sketch/elephant/n02503517_5909-3.png,sketch,1,elephant,1,elephant,0.6393370628356934
sketch/elephant/n02503517_5909-4.png,sketch,1,elephant,0,dog,0.7013660669326782
sketch/elephant/n02503517_5909-5.png,sketch,1,elephant,0,dog,0.5261992812156677
sketch/elephant/n02503517_6032-1.png,sketch,1,elephant,1,elephant,0.8899810314178467
sketch/elephant/n02503517_6032-2.png,sketch,1,elephant,1,elephant,0.7536057829856873
sketch/elephant/n02503517_6032-3.png,sketch,1,elephant,4,horse,0.5264918208122253
sketch/elephant/n02503517_6032-4.png,sketch,1,elephant,1,elephant,0.7060737013816833
sketch/elephant/n02503517_6032-5.png,sketch,1,elephant,1,elephant,0.5928447246551514
sketch/elephant/n02503517_6032-6.png,sketch,1,elephant,0,dog,0.7280924320220947
sketch/elephant/n02503517_6043-1.png,sketch,1,elephant,1,elephant,0.4915681779384613
sketch/elephant/n02503517_6043-2.png,sketch,1,elephant,1,elephant,0.5688217878341675
sketch/elephant/n02503517_6043-3.png,sketch,1,elephant,0,dog,0.48067837953567505
sketch/elephant/n02503517_6043-4.png,sketch,1,elephant,0,dog,0.6558623313903809
sketch/elephant/n02503517_6043-5.png,sketch,1,elephant,6,person,0.37678423523902893
sketch/elephant/n02503517_6043-6.png,sketch,1,elephant,0,dog,0.6426103115081787
sketch/elephant/n02503517_6232-1.png,sketch,1,elephant,1,elephant,0.9087845087051392
sketch/elephant/n02503517_6232-2.png,sketch,1,elephant,0,dog,0.5531811714172363
sketch/elephant/n02503517_6232-3.png,sketch,1,elephant,1,elephant,0.9058032035827637
sketch/elephant/n02503517_6232-4.png,sketch,1,elephant,1,elephant,0.8483632206916809
sketch/elephant/n02503517_6232-5.png,sketch,1,elephant,0,dog,0.7844467163085938
sketch/elephant/n02503517_6232-6.png,sketch,1,elephant,1,elephant,0.7894225716590881
sketch/elephant/n02503517_6232-7.png,sketch,1,elephant,1,elephant,0.9235481023788452
sketch/elephant/n02503517_6396-1.png,sketch,1,elephant,1,elephant,0.9256687164306641
sketch/elephant/n02503517_6396-2.png,sketch,1,elephant,1,elephant,0.9552740454673767
sketch/elephant/n02503517_6396-3.png,sketch,1,elephant,1,elephant,0.8635175228118896
sketch/elephant/n02503517_6396-4.png,sketch,1,elephant,1,elephant,0.9985234141349792
sketch/elephant/n02503517_6396-5.png,sketch,1,elephant,1,elephant,0.9749783277511597
sketch/elephant/n02503517_6429-1.png,sketch,1,elephant,1,elephant,0.9241654276847839
sketch/elephant/n02503517_6429-2.png,sketch,1,elephant,1,elephant,0.7473175525665283
sketch/elephant/n02503517_6429-3.png,sketch,1,elephant,0,dog,0.4062744081020355
sketch/elephant/n02503517_6429-4.png,sketch,1,elephant,1,elephant,0.7807694673538208
sketch/elephant/n02503517_6429-5.png,sketch,1,elephant,0,dog,0.5348750948905945
sketch/elephant/n02503517_6479-1.png,sketch,1,elephant,0,dog,0.7380722165107727
sketch/elephant/n02503517_6479-2.png,sketch,1,elephant,1,elephant,0.9047310948371887
sketch/elephant/n02503517_6479-3.png,sketch,1,elephant,1,elephant,0.4452804923057556
sketch/elephant/n02503517_6479-4.png,sketch,1,elephant,1,elephant,0.6030797362327576
sketch/elephant/n02503517_6479-5.png,sketch,1,elephant,1,elephant,0.9204389452934265
sketch/elephant/n02503517_6479-6.png,sketch,1,elephant,1,elephant,0.930008590221405
sketch/elephant/n02503517_6479-7.png,sketch,1,elephant,1,elephant,0.6600676774978638
sketch/elephant/n02503517_6479-8.png,sketch,1,elephant,1,elephant,0.9828577041625977
sketch/elephant/n02503517_6511-1.png,sketch,1,elephant,1,elephant,0.5231115221977234
sketch/elephant/n02503517_6511-2.png,sketch,1,elephant,1,elephant,0.3404799997806549
sketch/elephant/n02503517_6511-3.png,sketch,1,elephant,1,elephant,0.5456965565681458
sketch/elephant/n02503517_6511-4.png,sketch,1,elephant,0,dog,0.7329654693603516
sketch/elephant/n02503517_6511-5.png,sketch,1,elephant,1,elephant,0.8242617845535278
sketch/elephant/n02503517_6611-1.png,sketch,1,elephant,1,elephant,0.9229492545127869
sketch/elephant/n02503517_6611-10.png,sketch,1,elephant,0,dog,0.4557027816772461
sketch/elephant/n02503517_6611-2.png,sketch,1,elephant,4,horse,0.5869128108024597
sketch/elephant/n02503517_6611-3.png,sketch,1,elephant,1,elephant,0.5833619236946106
sketch/elephant/n02503517_6611-4.png,sketch,1,elephant,0,dog,0.6549302339553833
sketch/elephant/n02503517_6611-5.png,sketch,1,elephant,0,dog,0.47665318846702576
sketch/elephant/n02503517_6611-6.png,sketch,1,elephant,0,dog,0.45784056186676025
sketch/elephant/n02503517_6611-7.png,sketch,1,elephant,1,elephant,0.846324622631073
sketch/elephant/n02503517_6611-8.png,sketch,1,elephant,1,elephant,0.48308640718460083
sketch/elephant/n02503517_6611-9.png,sketch,1,elephant,4,horse,0.43571457266807556
sketch/elephant/n02503517_6613-1.png,sketch,1,elephant,0,dog,0.584149181842804
sketch/elephant/n02503517_6613-2.png,sketch,1,elephant,0,dog,0.5856122970581055
sketch/elephant/n02503517_6613-3.png,sketch,1,elephant,1,elephant,0.8864707350730896
sketch/elephant/n02503517_6613-4.png,sketch,1,elephant,1,elephant,0.6394388675689697
sketch/elephant/n02503517_6613-5.png,sketch,1,elephant,4,horse,0.7186606526374817
sketch/elephant/n02503517_6624-1.png,sketch,1,elephant,1,elephant,0.9764861464500427
sketch/elephant/n02503517_6624-2.png,sketch,1,elephant,1,elephant,0.7759336829185486
sketch/elephant/n02503517_6624-3.png,sketch,1,elephant,1,elephant,0.8849846720695496
sketch/elephant/n02503517_6624-4.png,sketch,1,elephant,1,elephant,0.7313351631164551
sketch/elephant/n02503517_6624-5.png,sketch,1,elephant,0,dog,0.7287144660949707
sketch/elephant/n02503517_6624-6.png,sketch,1,elephant,0,dog,0.4755188524723053
sketch/elephant/n02503517_6661-1.png,sketch,1,elephant,0,dog,0.8544746041297913
sketch/elephant/n02503517_6661-2.png,sketch,1,elephant,1,elephant,0.8151175379753113
sketch/elephant/n02503517_6661-3.png,sketch,1,elephant,1,elephant,0.9133287668228149
sketch/elephant/n02503517_6661-4.png,sketch,1,elephant,1,elephant,0.7285289168357849
sketch/elephant/n02503517_6661-5.png,sketch,1,elephant,1,elephant,0.7673697471618652
sketch/elephant/n02503517_6784-1.png,sketch,1,elephant,1,elephant,0.9749264121055603
sketch/elephant/n02503517_6784-2.png,sketch,1,elephant,0,dog,0.46711260080337524
sketch/elephant/n02503517_6784-3.png,sketch,1,elephant,0,dog,0.6016978025436401
sketch/elephant/n02503517_6784-4.png,sketch,1,elephant,1,elephant,0.7302930951118469
sketch/elephant/n02503517_6784-5.png,sketch,1,elephant,1,elephant,0.49971380829811096
sketch/elephant/n02503517_6880-1.png,sketch,1,elephant,1,elephant,0.6764419674873352
sketch/elephant/n02503517_6880-2.png,sketch,1,elephant,1,elephant,0.9657671451568604
sketch/elephant/n02503517_6880-3.png,sketch,1,elephant,4,horse,0.803276002407074
sketch/elephant/n02503517_6880-4.png,sketch,1,elephant,1,elephant,0.5785753130912781
sketch/elephant/n02503517_6880-5.png,sketch,1,elephant,1,elephant,0.46914660930633545
sketch/elephant/n02503517_6937-1.png,sketch,1,elephant,0,dog,0.6000356078147888
sketch/elephant/n02503517_6937-2.png,sketch,1,elephant,0,dog,0.8578988909721375
sketch/elephant/n02503517_6937-3.png,sketch,1,elephant,0,dog,0.9167401790618896
sketch/elephant/n02503517_6937-4.png,sketch,1,elephant,0,dog,0.738425612449646
sketch/elephant/n02503517_6937-5.png,sketch,1,elephant,0,dog,0.7251328229904175
sketch/elephant/n02503517_6937-6.png,sketch,1,elephant,0,dog,0.8768982887268066
sketch/elephant/n02503517_7020-1.png,sketch,1,elephant,0,dog,0.5652692914009094
sketch/elephant/n02503517_7020-2.png,sketch,1,elephant,0,dog,0.3656722605228424
sketch/elephant/n02503517_7020-3.png,sketch,1,elephant,0,dog,0.6177077293395996
sketch/elephant/n02503517_7020-4.png,sketch,1,elephant,0,dog,0.7790251970291138
sketch/elephant/n02503517_7020-5.png,sketch,1,elephant,1,elephant,0.7890335917472839
sketch/elephant/n02503517_7020-6.png,sketch,1,elephant,0,dog,0.8758677244186401
sketch/elephant/n02503517_7031-1.png,sketch,1,elephant,1,elephant,0.6193432211875916
sketch/elephant/n02503517_7031-10.png,sketch,1,elephant,1,elephant,0.6912413239479065
sketch/elephant/n02503517_7031-2.png,sketch,1,elephant,0,dog,0.4493200182914734
sketch/elephant/n02503517_7031-3.png,sketch,1,elephant,0,dog,0.8050879240036011
sketch/elephant/n02503517_7031-4.png,sketch,1,elephant,1,elephant,0.6178698539733887
sketch/elephant/n02503517_7031-5.png,sketch,1,elephant,1,elephant,0.7363573312759399
sketch/elephant/n02503517_7031-6.png,sketch,1,elephant,1,elephant,0.45328497886657715
sketch/elephant/n02503517_7031-7.png,sketch,1,elephant,0,dog,0.8229705691337585
sketch/elephant/n02503517_7031-8.png,sketch,1,elephant,1,elephant,0.9008991718292236
sketch/elephant/n02503517_7031-9.png,sketch,1,elephant,1,elephant,0.6832669973373413
sketch/elephant/n02503517_7083-1.png,sketch,1,elephant,1,elephant,0.8025343418121338
sketch/elephant/n02503517_7083-2.png,sketch,1,elephant,1,elephant,0.5459107160568237
sketch/elephant/n02503517_7083-3.png,sketch,1,elephant,0,dog,0.7034472227096558
sketch/elephant/n02503517_7083-4.png,sketch,1,elephant,0,dog,0.5706015825271606
sketch/elephant/n02503517_7083-5.png,sketch,1,elephant,4,horse,0.39284276962280273
sketch/elephant/n02503517_7173-1.png,sketch,1,elephant,1,elephant,0.7229804992675781
sketch/elephant/n02503517_7173-2.png,sketch,1,elephant,0,dog,0.5516241192817688
sketch/elephant/n02503517_7173-3.png,sketch,1,elephant,4,horse,0.3707806468009949
sketch/elephant/n02503517_7173-4.png,sketch,1,elephant,1,elephant,0.8056907057762146
sketch/elephant/n02503517_7173-5.png,sketch,1,elephant,1,elephant,0.7996301651000977
sketch/elephant/n02503517_7211-1.png,sketch,1,elephant,0,dog,0.49685049057006836
sketch/elephant/n02503517_7211-2.png,sketch,1,elephant,1,elephant,0.3899242877960205
sketch/elephant/n02503517_7211-3.png,sketch,1,elephant,1,elephant,0.7153828740119934
sketch/elephant/n02503517_7211-4.png,sketch,1,elephant,1,elephant,0.7119373083114624
sketch/elephant/n02503517_7211-5.png,sketch,1,elephant,1,elephant,0.8868247866630554
sketch/elephant/n02503517_7393-1.png,sketch,1,elephant,1,elephant,0.8662886023521423
sketch/elephant/n02503517_7393-2.png,sketch,1,elephant,1,elephant,0.5901250243186951
sketch/elephant/n02503517_7393-3.png,sketch,1,elephant,1,elephant,0.9389784336090088
sketch/elephant/n02503517_7393-4.png,sketch,1,elephant,0,dog,0.7782829403877258
sketch/elephant/n02503517_7393-5.png,sketch,1,elephant,0,dog,0.5201367139816284
sketch/elephant/n02503517_7393-6.png,sketch,1,elephant,1,elephant,0.5828788876533508
sketch/elephant/n02503517_7393-7.png,sketch,1,elephant,0,dog,0.6451076865196228
sketch/elephant/n02503517_753-1.png,sketch,1,elephant,1,elephant,0.7893065810203552
sketch/elephant/n02503517_753-2.png,sketch,1,elephant,0,dog,0.7713574767112732
sketch/elephant/n02503517_753-3.png,sketch,1,elephant,0,dog,0.9057246446609497
sketch/elephant/n02503517_753-4.png,sketch,1,elephant,1,elephant,0.4943438172340393
sketch/elephant/n02503517_753-5.png,sketch,1,elephant,0,dog,0.4661068022251129
sketch/elephant/n02503517_753-6.png,sketch,1,elephant,0,dog,0.601262629032135
sketch/elephant/n02503517_759-1.png,sketch,1,elephant,1,elephant,0.35395538806915283
sketch/elephant/n02503517_759-2.png,sketch,1,elephant,1,elephant,0.6152923703193665
sketch/elephant/n02503517_759-3.png,sketch,1,elephant,1,elephant,0.38149410486221313
sketch/elephant/n02503517_759-4.png,sketch,1,elephant,0,dog,0.4921547770500183
sketch/elephant/n02503517_759-5.png,sketch,1,elephant,1,elephant,0.8477087020874023
sketch/elephant/n02503517_759-6.png,sketch,1,elephant,1,elephant,0.8954570889472961
sketch/elephant/n02503517_759-7.png,sketch,1,elephant,1,elephant,0.8027675151824951
sketch/elephant/n02503517_759-8.png,sketch,1,elephant,1,elephant,0.7444782257080078
sketch/elephant/n02503517_7592-1.png,sketch,1,elephant,0,dog,0.6867321133613586
sketch/elephant/n02503517_7592-2.png,sketch,1,elephant,1,elephant,0.8907362222671509
sketch/elephant/n02503517_7592-3.png,sketch,1,elephant,4,horse,0.515082061290741
sketch/elephant/n02503517_7592-4.png,sketch,1,elephant,1,elephant,0.6143968105316162
sketch/elephant/n02503517_7592-5.png,sketch,1,elephant,1,elephant,0.5112452507019043
sketch/elephant/n02503517_7592-6.png,sketch,1,elephant,0,dog,0.718087911605835
sketch/elephant/n02503517_7592-7.png,sketch,1,elephant,4,horse,0.5148821473121643
sketch/elephant/n02503517_7592-8.png,sketch,1,elephant,0,dog,0.4400055408477783
sketch/elephant/n02503517_79-1.png,sketch,1,elephant,1,elephant,0.6862698793411255
sketch/elephant/n02503517_79-2.png,sketch,1,elephant,4,horse,0.5349626541137695
sketch/elephant/n02503517_79-3.png,sketch,1,elephant,0,dog,0.4928533136844635
sketch/elephant/n02503517_79-4.png,sketch,1,elephant,1,elephant,0.4305008053779602
sketch/elephant/n02503517_79-5.png,sketch,1,elephant,0,dog,0.6609334349632263
sketch/elephant/n02503517_792-1.png,sketch,1,elephant,0,dog,0.6181079149246216
sketch/elephant/n02503517_792-2.png,sketch,1,elephant,0,dog,0.46578794717788696
sketch/elephant/n02503517_792-3.png,sketch,1,elephant,1,elephant,0.5205376744270325
sketch/elephant/n02503517_792-4.png,sketch,1,elephant,1,elephant,0.9574776291847229
sketch/elephant/n02503517_792-5.png,sketch,1,elephant,0,dog,0.5508667230606079
sketch/elephant/n02503517_8137-1.png,sketch,1,elephant,0,dog,0.47095441818237305
sketch/elephant/n02503517_8137-2.png,sketch,1,elephant,1,elephant,0.9174866676330566
sketch/elephant/n02503517_8137-3.png,sketch,1,elephant,1,elephant,0.644657552242279
sketch/elephant/n02503517_8137-4.png,sketch,1,elephant,1,elephant,0.9171886444091797
sketch/elephant/n02503517_8137-5.png,sketch,1,elephant,1,elephant,0.4957611560821533
sketch/elephant/n02503517_8205-1.png,sketch,1,elephant,1,elephant,0.7147658467292786
sketch/elephant/n02503517_8205-2.png,sketch,1,elephant,1,elephant,0.8090461492538452
sketch/elephant/n02503517_8205-3.png,sketch,1,elephant,1,elephant,0.7336419820785522
sketch/elephant/n02503517_8205-4.png,sketch,1,elephant,1,elephant,0.7196366786956787
sketch/elephant/n02503517_8205-5.png,sketch,1,elephant,0,dog,0.518601655960083
sketch/elephant/n02503517_8222-1.png,sketch,1,elephant,1,elephant,0.6619310975074768
sketch/elephant/n02503517_8222-2.png,sketch,1,elephant,1,elephant,0.6140560507774353
sketch/elephant/n02503517_8222-3.png,sketch,1,elephant,1,elephant,0.6986433863639832
sketch/elephant/n02503517_8222-4.png,sketch,1,elephant,1,elephant,0.9592718482017517
sketch/elephant/n02503517_8222-5.png,sketch,1,elephant,1,elephant,0.9568108916282654
sketch/elephant/n02503517_8265-1.png,sketch,1,elephant,0,dog,0.9231163263320923
sketch/elephant/n02503517_8265-2.png,sketch,1,elephant,4,horse,0.4012891948223114
sketch/elephant/n02503517_8265-3.png,sketch,1,elephant,0,dog,0.42561623454093933
sketch/elephant/n02503517_8265-4.png,sketch,1,elephant,1,elephant,0.6711921691894531
sketch/elephant/n02503517_8265-5.png,sketch,1,elephant,1,elephant,0.5210191011428833
sketch/elephant/n02503517_8292-1.png,sketch,1,elephant,1,elephant,0.8191003203392029
sketch/elephant/n02503517_8292-2.png,sketch,1,elephant,1,elephant,0.5210434794425964
sketch/elephant/n02503517_8292-3.png,sketch,1,elephant,4,horse,0.562625527381897
sketch/elephant/n02503517_8292-4.png,sketch,1,elephant,0,dog,0.6293274164199829
sketch/elephant/n02503517_8292-5.png,sketch,1,elephant,1,elephant,0.892169177532196
sketch/elephant/n02503517_8292-6.png,sketch,1,elephant,1,elephant,0.5251421332359314
sketch/elephant/n02503517_8518-1.png,sketch,1,elephant,0,dog,0.9066373109817505
sketch/elephant/n02503517_8518-2.png,sketch,1,elephant,1,elephant,0.4180017411708832
sketch/elephant/n02503517_8518-3.png,sketch,1,elephant,1,elephant,0.5815662145614624
sketch/elephant/n02503517_8518-4.png,sketch,1,elephant,0,dog,0.5456922054290771
sketch/elephant/n02503517_8518-5.png,sketch,1,elephant,1,elephant,0.5072619318962097
sketch/elephant/n02503517_8518-6.png,sketch,1,elephant,1,elephant,0.6608940362930298
sketch/elephant/n02503517_8571-1.png,sketch,1,elephant,4,horse,0.49058717489242554
sketch/elephant/n02503517_8571-2.png,sketch,1,elephant,1,elephant,0.7589671611785889
sketch/elephant/n02503517_8571-3.png,sketch,1,elephant,0,dog,0.756915807723999
sketch/elephant/n02503517_8571-4.png,sketch,1,elephant,1,elephant,0.9659120440483093
sketch/elephant/n02503517_8571-5.png,sketch,1,elephant,0,dog,0.4442839026451111
sketch/elephant/n02503517_8571-6.png,sketch,1,elephant,1,elephant,0.3136894404888153
sketch/elephant/n02503517_86-1.png,sketch,1,elephant,1,elephant,0.4110972583293915
sketch/elephant/n02503517_86-2.png,sketch,1,elephant,1,elephant,0.625764012336731
sketch/elephant/n02503517_86-3.png,sketch,1,elephant,1,elephant,0.3828464448451996
sketch/elephant/n02503517_86-4.png,sketch,1,elephant,1,elephant,0.6662066578865051
sketch/elephant/n02503517_86-5.png,sketch,1,elephant,0,dog,0.5707240700721741
sketch/elephant/n02503517_86-6.png,sketch,1,elephant,0,dog,0.3716162443161011
sketch/elephant/n02503517_8757-1.png,sketch,1,elephant,0,dog,0.5173335671424866
sketch/elephant/n02503517_8757-2.png,sketch,1,elephant,4,horse,0.4955187439918518
sketch/elephant/n02503517_8757-3.png,sketch,1,elephant,1,elephant,0.6388452649116516
sketch/elephant/n02503517_8757-4.png,sketch,1,elephant,0,dog,0.5036439895629883
sketch/elephant/n02503517_8757-5.png,sketch,1,elephant,0,dog,0.3634380102157593
sketch/elephant/n02503517_8757-6.png,sketch,1,elephant,0,dog,0.5050420761108398
sketch/elephant/n02503517_8901-1.png,sketch,1,elephant,1,elephant,0.8284658193588257
sketch/elephant/n02503517_8901-2.png,sketch,1,elephant,0,dog,0.831763505935669
sketch/elephant/n02503517_8901-3.png,sketch,1,elephant,1,elephant,0.6845017671585083
sketch/elephant/n02503517_8901-4.png,sketch,1,elephant,1,elephant,0.6438926458358765
sketch/elephant/n02503517_8901-5.png,sketch,1,elephant,1,elephant,0.9708592891693115
sketch/elephant/n02503517_8901-6.png,sketch,1,elephant,4,horse,0.40124744176864624
sketch/elephant/n02503517_8901-7.png,sketch,1,elephant,1,elephant,0.6791519522666931
sketch/elephant/n02503517_8904-1.png,sketch,1,elephant,1,elephant,0.9336112141609192
sketch/elephant/n02503517_8904-2.png,sketch,1,elephant,0,dog,0.6907724142074585
sketch/elephant/n02503517_8904-3.png,sketch,1,elephant,1,elephant,0.9697837233543396
sketch/elephant/n02503517_8904-4.png,sketch,1,elephant,1,elephant,0.8691717982292175
sketch/elephant/n02503517_8904-5.png,sketch,1,elephant,1,elephant,0.9780772924423218
sketch/elephant/n02503517_8904-6.png,sketch,1,elephant,1,elephant,0.9258931875228882
sketch/elephant/n02503517_8938-1.png,sketch,1,elephant,0,dog,0.40680351853370667
sketch/elephant/n02503517_8938-2.png,sketch,1,elephant,1,elephant,0.47851914167404175
sketch/elephant/n02503517_8938-3.png,sketch,1,elephant,1,elephant,0.6003508567810059
sketch/elephant/n02503517_8938-4.png,sketch,1,elephant,1,elephant,0.4823607802391052
sketch/elephant/n02503517_8938-5.png,sketch,1,elephant,1,elephant,0.8240035176277161
sketch/elephant/n02503517_8938-6.png,sketch,1,elephant,0,dog,0.4277570843696594
sketch/elephant/n02503517_9043-1.png,sketch,1,elephant,1,elephant,0.7268328666687012
sketch/elephant/n02503517_9043-10.png,sketch,1,elephant,1,elephant,0.8740744590759277
sketch/elephant/n02503517_9043-2.png,sketch,1,elephant,1,elephant,0.4014643132686615
sketch/elephant/n02503517_9043-3.png,sketch,1,elephant,0,dog,0.4628930985927582
sketch/elephant/n02503517_9043-4.png,sketch,1,elephant,1,elephant,0.45633840560913086
sketch/elephant/n02503517_9043-5.png,sketch,1,elephant,1,elephant,0.566624641418457
sketch/elephant/n02503517_9043-6.png,sketch,1,elephant,1,elephant,0.7741817831993103
sketch/elephant/n02503517_9043-7.png,sketch,1,elephant,1,elephant,0.5253103971481323
sketch/elephant/n02503517_9043-8.png,sketch,1,elephant,1,elephant,0.3236435055732727
sketch/elephant/n02503517_9043-9.png,sketch,1,elephant,1,elephant,0.5978221297264099
sketch/elephant/n02503517_9154-1.png,sketch,1,elephant,0,dog,0.7375089526176453
sketch/elephant/n02503517_9154-2.png,sketch,1,elephant,0,dog,0.49582767486572266
sketch/elephant/n02503517_9154-3.png,sketch,1,elephant,0,dog,0.5001012086868286
sketch/elephant/n02503517_9154-4.png,sketch,1,elephant,1,elephant,0.8779656291007996
sketch/elephant/n02503517_9154-5.png,sketch,1,elephant,1,elephant,0.3839305639266968
sketch/elephant/n02503517_9154-6.png,sketch,1,elephant,0,dog,0.5659022331237793
sketch/elephant/n02503517_9237-1.png,sketch,1,elephant,1,elephant,0.7524964809417725
sketch/elephant/n02503517_9237-2.png,sketch,1,elephant,0,dog,0.45203331112861633
sketch/elephant/n02503517_9237-3.png,sketch,1,elephant,1,elephant,0.9188101291656494
sketch/elephant/n02503517_9237-4.png,sketch,1,elephant,1,elephant,0.5134633183479309
sketch/elephant/n02503517_9237-5.png,sketch,1,elephant,1,elephant,0.41007277369499207
sketch/elephant/n02503517_9237-6.png,sketch,1,elephant,0,dog,0.749239981174469
sketch/elephant/n02503517_9237-7.png,sketch,1,elephant,0,dog,0.49554765224456787
sketch/elephant/n02503517_9241-1.png,sketch,1,elephant,1,elephant,0.4796663224697113
sketch/elephant/n02503517_9241-2.png,sketch,1,elephant,0,dog,0.6738965511322021
sketch/elephant/n02503517_9241-3.png,sketch,1,elephant,0,dog,0.521574854850769
sketch/elephant/n02503517_9241-4.png,sketch,1,elephant,1,elephant,0.9940242171287537
sketch/elephant/n02503517_9241-5.png,sketch,1,elephant,0,dog,0.9167746305465698
sketch/elephant/n02503517_9270-1.png,sketch,1,elephant,1,elephant,0.5027113556861877
sketch/elephant/n02503517_9270-10.png,sketch,1,elephant,1,elephant,0.5443023443222046
sketch/elephant/n02503517_9270-2.png,sketch,1,elephant,4,horse,0.5413041114807129
sketch/elephant/n02503517_9270-3.png,sketch,1,elephant,1,elephant,0.8417119979858398
sketch/elephant/n02503517_9270-4.png,sketch,1,elephant,0,dog,0.47347521781921387
sketch/elephant/n02503517_9270-5.png,sketch,1,elephant,4,horse,0.4339595437049866
sketch/elephant/n02503517_9270-6.png,sketch,1,elephant,0,dog,0.6449506878852844
sketch/elephant/n02503517_9270-7.png,sketch,1,elephant,4,horse,0.45362183451652527
sketch/elephant/n02503517_9270-8.png,sketch,1,elephant,1,elephant,0.5241089463233948
sketch/elephant/n02503517_9270-9.png,sketch,1,elephant,1,elephant,0.4491385817527771
sketch/elephant/n02503517_9421-1.png,sketch,1,elephant,0,dog,0.4751366972923279
sketch/elephant/n02503517_9421-2.png,sketch,1,elephant,1,elephant,0.47119101881980896
sketch/elephant/n02503517_9421-3.png,sketch,1,elephant,0,dog,0.47774749994277954
sketch/elephant/n02503517_9421-4.png,sketch,1,elephant,1,elephant,0.3669676184654236
sketch/elephant/n02503517_9421-5.png,sketch,1,elephant,0,dog,0.6253736019134521
sketch/elephant/n02503517_9421-6.png,sketch,1,elephant,0,dog,0.495399534702301
sketch/elephant/n02503517_9421-7.png,sketch,1,elephant,1,elephant,0.5664840340614319
sketch/elephant/n02503517_9421-8.png,sketch,1,elephant,1,elephant,0.8035820722579956
sketch/elephant/n02503517_9421-9.png,sketch,1,elephant,1,elephant,0.91114342212677
sketch/elephant/n02503517_9827-1.png,sketch,1,elephant,1,elephant,0.7341384887695312
sketch/elephant/n02503517_9827-2.png,sketch,1,elephant,4,horse,0.9017000198364258
sketch/elephant/n02503517_9827-3.png,sketch,1,elephant,0,dog,0.45656946301460266
sketch/elephant/n02503517_9827-4.png,sketch,1,elephant,1,elephant,0.9310396909713745
sketch/elephant/n02503517_9827-5.png,sketch,1,elephant,4,horse,0.4345528483390808
sketch/elephant/n02503517_9827-6.png,sketch,1,elephant,4,horse,0.3309827446937561
sketch/elephant/n02503517_9827-7.png,sketch,1,elephant,0,dog,0.6593995690345764
sketch/elephant/n02503517_9827-8.png,sketch,1,elephant,1,elephant,0.792033851146698
sketch/giraffe/7361.png,sketch,2,giraffe,2,giraffe,0.9954764246940613
sketch/giraffe/7362.png,sketch,2,giraffe,2,giraffe,0.9858842492103577
sketch/giraffe/7363.png,sketch,2,giraffe,2,giraffe,0.880460262298584
sketch/giraffe/7364.png,sketch,2,giraffe,1,elephant,0.38571539521217346
sketch/giraffe/7365.png,sketch,2,giraffe,2,giraffe,0.9998288154602051
sketch/giraffe/7366.png,sketch,2,giraffe,2,giraffe,0.9996768236160278
sketch/giraffe/7367.png,sketch,2,giraffe,2,giraffe,0.9918394088745117
sketch/giraffe/7368.png,sketch,2,giraffe,4,horse,0.5435068607330322
sketch/giraffe/7369.png,sketch,2,giraffe,2,giraffe,0.7829581499099731
sketch/giraffe/7370.png,sketch,2,giraffe,0,dog,0.8381178975105286
sketch/giraffe/7371.png,sketch,2,giraffe,0,dog,0.3433859348297119
sketch/giraffe/7372.png,sketch,2,giraffe,4,horse,0.2881007492542267
sketch/giraffe/7373.png,sketch,2,giraffe,2,giraffe,0.8952107429504395
sketch/giraffe/7374.png,sketch,2,giraffe,4,horse,0.4153442084789276
sketch/giraffe/7375.png,sketch,2,giraffe,4,horse,0.3105613589286804
sketch/giraffe/7376.png,sketch,2,giraffe,2,giraffe,0.5319147109985352
sketch/giraffe/7377.png,sketch,2,giraffe,2,giraffe,0.977527916431427
sketch/giraffe/7378.png,sketch,2,giraffe,2,giraffe,0.9877486824989319
sketch/giraffe/7379.png,sketch,2,giraffe,2,giraffe,0.6788948178291321
sketch/giraffe/7380.png,sketch,2,giraffe,2,giraffe,0.9455083608627319
sketch/giraffe/7381.png,sketch,2,giraffe,2,giraffe,0.8058132529258728
sketch/giraffe/7382.png,sketch,2,giraffe,2,giraffe,0.7376892566680908
sketch/giraffe/7383.png,sketch,2,giraffe,2,giraffe,0.6939556002616882
sketch/giraffe/7384.png,sketch,2,giraffe,2,giraffe,0.7994971871376038
sketch/giraffe/7385.png,sketch,2,giraffe,6,person,0.5299748778343201
sketch/giraffe/7386.png,sketch,2,giraffe,2,giraffe,0.808659553527832
sketch/giraffe/7387.png,sketch,2,giraffe,2,giraffe,0.7490665912628174
sketch/giraffe/7388.png,sketch,2,giraffe,2,giraffe,0.700157642364502
sketch/giraffe/7389.png,sketch,2,giraffe,4,horse,0.7075735926628113
sketch/giraffe/7390.png,sketch,2,giraffe,2,giraffe,0.7819823622703552
sketch/giraffe/7391.png,sketch,2,giraffe,1,elephant,0.3703629970550537
sketch/giraffe/7392.png,sketch,2,giraffe,2,giraffe,0.9907410144805908
sketch/giraffe/7393.png,sketch,2,giraffe,2,giraffe,0.7262112498283386
sketch/giraffe/7394.png,sketch,2,giraffe,2,giraffe,0.9528005123138428
sketch/giraffe/7395.png,sketch,2,giraffe,2,giraffe,0.9811593294143677
sketch/giraffe/7396.png,sketch,2,giraffe,0,dog,0.654664158821106
sketch/giraffe/7397.png,sketch,2,giraffe,0,dog,0.3274672031402588
sketch/giraffe/7398.png,sketch,2,giraffe,2,giraffe,0.8810679316520691
sketch/giraffe/7399.png,sketch,2,giraffe,4,horse,0.3372640013694763
sketch/giraffe/7400.png,sketch,2,giraffe,2,giraffe,0.6488375663757324
sketch/giraffe/7401.png,sketch,2,giraffe,4,horse,0.44290226697921753
sketch/giraffe/7402.png,sketch,2,giraffe,2,giraffe,0.6100239157676697
sketch/giraffe/7403.png,sketch,2,giraffe,2,giraffe,0.6349909901618958
sketch/giraffe/7404.png,sketch,2,giraffe,2,giraffe,0.642547070980072
sketch/giraffe/7405.png,sketch,2,giraffe,2,giraffe,0.4281836152076721
sketch/giraffe/7406.png,sketch,2,giraffe,2,giraffe,0.6515552997589111
sketch/giraffe/7407.png,sketch,2,giraffe,0,dog,0.5846400856971741
sketch/giraffe/7408.png,sketch,2,giraffe,1,elephant,0.40672874450683594
sketch/giraffe/7409.png,sketch,2,giraffe,2,giraffe,0.6383150815963745
sketch/giraffe/7410.png,sketch,2,giraffe,0,dog,0.5424078702926636
sketch/giraffe/7411.png,sketch,2,giraffe,2,giraffe,0.994551956653595
sketch/giraffe/7412.png,sketch,2,giraffe,2,giraffe,0.9597200751304626
sketch/giraffe/7413.png,sketch,2,giraffe,0,dog,0.5099323987960815
sketch/giraffe/7414.png,sketch,2,giraffe,2,giraffe,0.41361311078071594
sketch/giraffe/7415.png,sketch,2,giraffe,2,giraffe,0.3648027181625366
sketch/giraffe/7416.png,sketch,2,giraffe,0,dog,0.6843670606613159
sketch/giraffe/7417.png,sketch,2,giraffe,2,giraffe,0.997257649898529
sketch/giraffe/7418.png,sketch,2,giraffe,2,giraffe,0.7575899362564087
sketch/giraffe/7419.png,sketch,2,giraffe,2,giraffe,0.36942750215530396
sketch/giraffe/7420.png,sketch,2,giraffe,2,giraffe,0.9885395169258118
sketch/giraffe/7421.png,sketch,2,giraffe,2,giraffe,0.7978057861328125
sketch/giraffe/7422.png,sketch,2,giraffe,0,dog,0.621350109577179
sketch/giraffe/7423.png,sketch,2,giraffe,2,giraffe,0.9300673007965088
sketch/giraffe/7424.png,sketch,2,giraffe,2,giraffe,0.5766255855560303
sketch/giraffe/7425.png,sketch,2,giraffe,2,giraffe,0.9385363459587097
sketch/giraffe/7426.png,sketch,2,giraffe,2,giraffe,0.6544246673583984
sketch/giraffe/7427.png,sketch,2,giraffe,2,giraffe,0.9270880818367004
sketch/giraffe/7428.png,sketch,2,giraffe,2,giraffe,0.9429458975791931
sketch/giraffe/7429.png,sketch,2,giraffe,2,giraffe,0.7968167066574097
sketch/giraffe/7430.png,sketch,2,giraffe,0,dog,0.4816417396068573
sketch/giraffe/7431.png,sketch,2,giraffe,0,dog,0.46160244941711426
sketch/giraffe/7432.png,sketch,2,giraffe,2,giraffe,0.43875059485435486
sketch/giraffe/7433.png,sketch,2,giraffe,0,dog,0.37663939595222473
sketch/giraffe/7434.png,sketch,2,giraffe,0,dog,0.5998222827911377
sketch/giraffe/7435.png,sketch,2,giraffe,0,dog,0.3716648817062378
sketch/giraffe/7436.png,sketch,2,giraffe,2,giraffe,0.9999923706054688
sketch/giraffe/7437.png,sketch,2,giraffe,2,giraffe,0.7445802092552185
sketch/giraffe/7438.png,sketch,2,giraffe,6,person,0.4157102406024933
sketch/giraffe/7439.png,sketch,2,giraffe,1,elephant,0.33440321683883667
sketch/giraffe/7440.png,sketch,2,giraffe,2,giraffe,0.39273858070373535
sketch/giraffe/n02439033_10130-1.png,sketch,2,giraffe,0,dog,0.8272039890289307
sketch/giraffe/n02439033_10130-2.png,sketch,2,giraffe,0,dog,0.5154833793640137
sketch/giraffe/n02439033_10130-3.png,sketch,2,giraffe,0,dog,0.5366702675819397
sketch/giraffe/n02439033_10130-4.png,sketch,2,giraffe,0,dog,0.649400532245636
sketch/giraffe/n02439033_10130-5.png,sketch,2,giraffe,0,dog,0.6495910882949829
sketch/giraffe/n02439033_10130-6.png,sketch,2,giraffe,0,dog,0.6122260689735413
sketch/giraffe/n02439033_10130-7.png,sketch,2,giraffe,0,dog,0.43312153220176697
sketch/giraffe/n02439033_10164-1.png,sketch,2,giraffe,0,dog,0.6410009860992432
sketch/giraffe/n02439033_10164-10.png,sketch,2,giraffe,4,horse,0.4203862249851227
sketch/giraffe/n02439033_10164-2.png,sketch,2,giraffe,0,dog,0.5070309638977051
sketch/giraffe/n02439033_10164-3.png,sketch,2,giraffe,0,dog,0.5172470211982727
sketch/giraffe/n02439033_10164-4.png,sketch,2,giraffe,0,dog,0.9243778586387634
sketch/giraffe/n02439033_10164-5.png,sketch,2,giraffe,0,dog,0.40264570713043213
sketch/giraffe/n02439033_10164-6.png,sketch,2,giraffe,6,person,0.39997926354408264
sketch/giraffe/n02439033_10164-7.png,sketch,2,giraffe,0,dog,0.8715264797210693
sketch/giraffe/n02439033_10164-8.png,sketch,2,giraffe,0,dog,0.314774751663208
sketch/giraffe/n02439033_10164-9.png,sketch,2,giraffe,2,giraffe,0.3435509204864502
sketch/giraffe/n02439033_10279-1.png,sketch,2,giraffe,0,dog,0.5797953009605408
sketch/giraffe/n02439033_10279-2.png,sketch,2,giraffe,4,horse,0.49639055132865906
sketch/giraffe/n02439033_10279-3.png,sketch,2,giraffe,4,horse,0.3819853663444519
sketch/giraffe/n02439033_10279-4.png,sketch,2,giraffe,0,dog,0.5854603052139282
sketch/giraffe/n02439033_10279-5.png,sketch,2,giraffe,0,dog,0.46997687220573425
sketch/giraffe/n02439033_10279-6.png,sketch,2,giraffe,0,dog,0.4971613883972168
sketch/giraffe/n02439033_10295-1.png,sketch,2,giraffe,1,elephant,0.3749295473098755
sketch/giraffe/n02439033_10295-2.png,sketch,2,giraffe,4,horse,0.3980085849761963
sketch/giraffe/n02439033_10295-3.png,sketch,2,giraffe,0,dog,0.34353765845298767
sketch/giraffe/n02439033_10295-4.png,sketch,2,giraffe,0,dog,0.7509607672691345
sketch/giraffe/n02439033_10295-5.png,sketch,2,giraffe,4,horse,0.5522764921188354
sketch/giraffe/n02439033_10453-1.png,sketch,2,giraffe,0,dog,0.5852592587471008
sketch/giraffe/n02439033_10453-2.png,sketch,2,giraffe,0,dog,0.6236279606819153
sketch/giraffe/n02439033_10453-3.png,sketch,2,giraffe,2,giraffe,0.7595664858818054
sketch/giraffe/n02439033_10453-4.png,sketch,2,giraffe,0,dog,0.6626192331314087
sketch/giraffe/n02439033_10453-5.png,sketch,2,giraffe,0,dog,0.7249018549919128
sketch/giraffe/n02439033_10453-6.png,sketch,2,giraffe,0,dog,0.4781126081943512
sketch/giraffe/n02439033_10491-1.png,sketch,2,giraffe,2,giraffe,0.7805581092834473
sketch/giraffe/n02439033_10491-2.png,sketch,2,giraffe,0,dog,0.48127368092536926
sketch/giraffe/n02439033_10491-3.png,sketch,2,giraffe,2,giraffe,0.5494946837425232
sketch/giraffe/n02439033_10491-4.png,sketch,2,giraffe,2,giraffe,0.3090777099132538
sketch/giraffe/n02439033_10491-5.png,sketch,2,giraffe,2,giraffe,0.999234676361084
sketch/giraffe/n02439033_10491-6.png,sketch,2,giraffe,2,giraffe,0.9999853372573853
sketch/giraffe/n02439033_10541-1.png,sketch,2,giraffe,1,elephant,0.5831698775291443
sketch/giraffe/n02439033_10541-2.png,sketch,2,giraffe,2,giraffe,0.28284621238708496
sketch/giraffe/n02439033_10541-3.png,sketch,2,giraffe,4,horse,0.5090717673301697
sketch/giraffe/n02439033_10541-4.png,sketch,2,giraffe,4,horse,0.4247874319553375
sketch/giraffe/n02439033_10541-5.png,sketch,2,giraffe,4,horse,0.46836644411087036
sketch/giraffe/n02439033_10541-6.png,sketch,2,giraffe,4,horse,0.5698760151863098
sketch/giraffe/n02439033_10616-1.png,sketch,2,giraffe,4,horse,0.41357818245887756
sketch/giraffe/n02439033_10616-2.png,sketch,2,giraffe,4,horse,0.37187686562538147
sketch/giraffe/n02439033_10616-3.png,sketch,2,giraffe,4,horse,0.5636644959449768
sketch/giraffe/n02439033_10616-4.png,sketch,2,giraffe,0,dog,0.44655704498291016
sketch/giraffe/n02439033_10616-5.png,sketch,2,giraffe,0,dog,0.38239821791648865
sketch/giraffe/n02439033_10802-1.png,sketch,2,giraffe,4,horse,0.49758628010749817
sketch/giraffe/n02439033_10802-2.png,sketch,2,giraffe,4,horse,0.5491446256637573
sketch/giraffe/n02439033_10802-3.png,sketch,2,giraffe,4,horse,0.7021721601486206
sketch/giraffe/n02439033_10802-4.png,sketch,2,giraffe,0,dog,0.7203512787818909
sketch/giraffe/n02439033_10802-5.png,sketch,2,giraffe,4,horse,0.40828487277030945
sketch/giraffe/n02439033_10802-6.png,sketch,2,giraffe,4,horse,0.43947792053222656
sketch/giraffe/n02439033_10802-7.png,sketch,2,giraffe,2,giraffe,0.8733360171318054
sketch/giraffe/n02439033_10802-8.png,sketch,2,giraffe,0,dog,0.5656743049621582
sketch/giraffe/n02439033_10803-1.png,sketch,2,giraffe,2,giraffe,0.6719180345535278
sketch/giraffe/n02439033_10803-2.png,sketch,2,giraffe,2,giraffe,0.8910830616950989
sketch/giraffe/n02439033_10803-3.png,sketch,2,giraffe,2,giraffe,0.3865985572338104
sketch/giraffe/n02439033_10803-4.png,sketch,2,giraffe,2,giraffe,0.46438130736351013
sketch/giraffe/n02439033_10803-5.png,sketch,2,giraffe,2,giraffe,0.9999994039535522
sketch/giraffe/n02439033_10811-1.png,sketch,2,giraffe,4,horse,0.3653775751590729
sketch/giraffe/n02439033_10811-2.png,sketch,2,giraffe,4,horse,0.7106272578239441
sketch/giraffe/n02439033_10811-3.png,sketch,2,giraffe,4,horse,0.5635237693786621
sketch/giraffe/n02439033_10811-4.png,sketch,2,giraffe,4,horse,0.34994593262672424
sketch/giraffe/n02439033_10811-5.png,sketch,2,giraffe,2,giraffe,0.9936584830284119
sketch/giraffe/n02439033_10811-6.png,sketch,2,giraffe,2,giraffe,0.39899060130119324
sketch/giraffe/n02439033_10811-7.png,sketch,2,giraffe,4,horse,0.623623251914978
sketch/giraffe/n02439033_10839-1.png,sketch,2,giraffe,2,giraffe,0.49272456765174866
sketch/giraffe/n02439033_10839-2.png,sketch,2,giraffe,0,dog,0.40245747566223145
sketch/giraffe/n02439033_10839-3.png,sketch,2,giraffe,2,giraffe,0.37802445888519287
sketch/giraffe/n02439033_10839-4.png,sketch,2,giraffe,0,dog,0.4105675518512726
sketch/giraffe/n02439033_10839-5.png,sketch,2,giraffe,2,giraffe,0.9788230061531067
sketch/giraffe/n02439033_10839-6.png,sketch,2,giraffe,2,giraffe,0.9999102354049683
sketch/giraffe/n02439033_10839-7.png,sketch,2,giraffe,2,giraffe,0.6012781858444214
sketch/giraffe/n02439033_10919-1.png,sketch,2,giraffe,0,dog,0.468180388212204
sketch/giraffe/n02439033_10919-2.png,sketch,2,giraffe,0,dog,0.365873783826828
sketch/giraffe/n02439033_10919-3.png,sketch,2,giraffe,0,dog,0.6476566195487976
sketch/giraffe/n02439033_10919-4.png,sketch,2,giraffe,0,dog,0.7790752649307251
sketch/giraffe/n02439033_10919-5.png,sketch,2,giraffe,0,dog,0.5314587354660034
sketch/giraffe/n02439033_10919-6.png,sketch,2,giraffe,4,horse,0.4610941708087921
sketch/giraffe/n02439033_11059-1.png,sketch,2,giraffe,0,dog,0.5046651363372803
sketch/giraffe/n02439033_11059-2.png,sketch,2,giraffe,2,giraffe,0.37816333770751953
sketch/giraffe/n02439033_11059-3.png,sketch,2,giraffe,2,giraffe,0.9074625968933105
sketch/giraffe/n02439033_11059-4.png,sketch,2,giraffe,2,giraffe,0.9670017957687378
sketch/giraffe/n02439033_11059-5.png,sketch,2,giraffe,2,giraffe,0.8874717354774475
sketch/giraffe/n02439033_11059-6.png,sketch,2,giraffe,2,giraffe,0.48482051491737366
sketch/giraffe/n02439033_11059-7.png,sketch,2,giraffe,2,giraffe,0.9375759363174438
sketch/giraffe/n02439033_11059-8.png,sketch,2,giraffe,0,dog,0.8260229229927063
sketch/giraffe/n02439033_11059-9.png,sketch,2,giraffe,0,dog,0.4348503649234772
sketch/giraffe/n02439033_11114-1.png,sketch,2,giraffe,1,elephant,0.3851335644721985
sketch/giraffe/n02439033_11114-2.png,sketch,2,giraffe,0,dog,0.35882872343063354
sketch/giraffe/n02439033_11114-3.png,sketch,2,giraffe,4,horse,0.3496200740337372
sketch/giraffe/n02439033_11114-4.png,sketch,2,giraffe,0,dog,0.24327243864536285
sketch/giraffe/n02439033_11114-5.png,sketch,2,giraffe,4,horse,0.49705344438552856
sketch/giraffe/n02439033_11130-1.png,sketch,2,giraffe,4,horse,0.3620644211769104
sketch/giraffe/n02439033_11130-2.png,sketch,2,giraffe,4,horse,0.4640808701515198
sketch/giraffe/n02439033_11130-3.png,sketch,2,giraffe,4,horse,0.5085772275924683
sketch/giraffe/n02439033_11130-4.png,sketch,2,giraffe,4,horse,0.6314491033554077
sketch/giraffe/n02439033_11130-5.png,sketch,2,giraffe,4,horse,0.8431727886199951
sketch/giraffe/n02439033_11130-6.png,sketch,2,giraffe,1,elephant,0.36006832122802734
sketch/giraffe/n02439033_11215-1.png,sketch,2,giraffe,0,dog,0.3775578439235687
sketch/giraffe/n02439033_11215-2.png,sketch,2,giraffe,4,horse,0.5131691098213196
sketch/giraffe/n02439033_11215-3.png,sketch,2,giraffe,6,person,0.32981544733047485
sketch/giraffe/n02439033_11215-4.png,sketch,2,giraffe,0,dog,0.8118453621864319
sketch/giraffe/n02439033_11215-5.png,sketch,2,giraffe,0,dog,0.4407968819141388
sketch/giraffe/n02439033_11273-1.png,sketch,2,giraffe,0,dog,0.5749534964561462
sketch/giraffe/n02439033_11273-2.png,sketch,2,giraffe,0,dog,0.8328115344047546
sketch/giraffe/n02439033_11273-3.png,sketch,2,giraffe,0,dog,0.6938832402229309
sketch/giraffe/n02439033_11273-4.png,sketch,2,giraffe,0,dog,0.6486339569091797
sketch/giraffe/n02439033_11273-5.png,sketch,2,giraffe,0,dog,0.40973100066185
sketch/giraffe/n02439033_11273-6.png,sketch,2,giraffe,0,dog,0.5097214579582214
sketch/giraffe/n02439033_11328-1.png,sketch,2,giraffe,4,horse,0.5990763902664185
sketch/giraffe/n02439033_11328-2.png,sketch,2,giraffe,0,dog,0.7576695680618286
sketch/giraffe/n02439033_11328-3.png,sketch,2,giraffe,0,dog,0.8184786438941956
sketch/giraffe/n02439033_11328-4.png,sketch,2,giraffe,0,dog,0.5528953671455383
sketch/giraffe/n02439033_11328-5.png,sketch,2,giraffe,0,dog,0.3503689765930176
sketch/giraffe/n02439033_11328-6.png,sketch,2,giraffe,0,dog,0.5391925573348999
sketch/giraffe/n02439033_11458-1.png,sketch,2,giraffe,2,giraffe,0.6628245115280151
sketch/giraffe/n02439033_11458-2.png,sketch,2,giraffe,2,giraffe,0.9999730587005615
sketch/giraffe/n02439033_11458-3.png,sketch,2,giraffe,2,giraffe,0.6924859881401062
sketch/giraffe/n02439033_11458-4.png,sketch,2,giraffe,2,giraffe,0.5716516375541687
sketch/giraffe/n02439033_11458-5.png,sketch,2,giraffe,2,giraffe,0.4727223813533783
sketch/giraffe/n02439033_11458-6.png,sketch,2,giraffe,2,giraffe,0.8845054507255554
sketch/giraffe/n02439033_11486-1.png,sketch,2,giraffe,2,giraffe,0.9999991655349731
sketch/giraffe/n02439033_11486-2.png,sketch,2,giraffe,2,giraffe,0.4456107020378113
sketch/giraffe/n02439033_11486-3.png,sketch,2,giraffe,2,giraffe,0.699994683265686
sketch/giraffe/n02439033_11486-4.png,sketch,2,giraffe,2,giraffe,0.40100130438804626
sketch/giraffe/n02439033_11486-5.png,sketch,2,giraffe,2,giraffe,0.9954156875610352
sketch/giraffe/n02439033_11487-1.png,sketch,2,giraffe,0,dog,0.47005268931388855
sketch/giraffe/n02439033_11487-2.png,sketch,2,giraffe,1,elephant,0.48258817195892334
sketch/giraffe/n02439033_11487-3.png,sketch,2,giraffe,2,giraffe,0.9427064061164856
sketch/giraffe/n02439033_11487-4.png,sketch,2,giraffe,0,dog,0.35320180654525757
sketch/giraffe/n02439033_11487-5.png,sketch,2,giraffe,2,giraffe,0.8215034008026123
sketch/giraffe/n02439033_11487-6.png,sketch,2,giraffe,0,dog,0.4487170875072479
sketch/giraffe/n02439033_11487-7.png,sketch,2,giraffe,4,horse,0.4762798845767975
sketch/giraffe/n02439033_11504-1.png,sketch,2,giraffe,4,horse,0.5960588455200195
sketch/giraffe/n02439033_11504-2.png,sketch,2,giraffe,2,giraffe,0.975188672542572
sketch/giraffe/n02439033_11504-3.png,sketch,2,giraffe,0,dog,0.35634157061576843
sketch/giraffe/n02439033_11504-4.png,sketch,2,giraffe,4,horse,0.3898905813694
sketch/giraffe/n02439033_11504-5.png,sketch,2,giraffe,2,giraffe,0.48009324073791504
sketch/giraffe/n02439033_11504-6.png,sketch,2,giraffe,3,guitar,0.6572633385658264
sketch/giraffe/n02439033_11504-7.png,sketch,2,giraffe,2,giraffe,0.5003028512001038
sketch/giraffe/n02439033_11599-1.png,sketch,2,giraffe,2,giraffe,0.7991243600845337
sketch/giraffe/n02439033_11599-2.png,sketch,2,giraffe,2,giraffe,0.2937225103378296
sketch/giraffe/n02439033_11599-3.png,sketch,2,giraffe,2,giraffe,0.37493398785591125
sketch/giraffe/n02439033_11599-4.png,sketch,2,giraffe,0,dog,0.5413822531700134
sketch/giraffe/n02439033_11599-5.png,sketch,2,giraffe,2,giraffe,0.635818600654602
sketch/giraffe/n02439033_11599-6.png,sketch,2,giraffe,2,giraffe,0.8872018456459045
sketch/giraffe/n02439033_11599-7.png,sketch,2,giraffe,2,giraffe,0.928970992565155
sketch/giraffe/n02439033_11599-8.png,sketch,2,giraffe,2,giraffe,0.9930849075317383
sketch/giraffe/n02439033_11627-1.png,sketch,2,giraffe,0,dog,0.4340114891529083
sketch/giraffe/n02439033_11627-2.png,sketch,2,giraffe,6,person,0.36279797554016113
sketch/giraffe/n02439033_11627-3.png,sketch,2,giraffe,0,dog,0.7200562357902527
sketch/giraffe/n02439033_11627-4.png,sketch,2,giraffe,0,dog,0.420821875333786
sketch/giraffe/n02439033_11627-5.png,sketch,2,giraffe,0,dog,0.6649816036224365
sketch/giraffe/n02439033_11627-6.png,sketch,2,giraffe,0,dog,0.571462094783783
sketch/giraffe/n02439033_11627-7.png,sketch,2,giraffe,0,dog,0.7536380290985107
sketch/giraffe/n02439033_11666-1.png,sketch,2,giraffe,0,dog,0.37437769770622253
sketch/giraffe/n02439033_11666-2.png,sketch,2,giraffe,0,dog,0.732685387134552
sketch/giraffe/n02439033_11666-3.png,sketch,2,giraffe,0,dog,0.700244128704071
sketch/giraffe/n02439033_11666-4.png,sketch,2,giraffe,0,dog,0.5073778033256531
sketch/giraffe/n02439033_11666-5.png,sketch,2,giraffe,2,giraffe,0.4407240152359009
sketch/giraffe/n02439033_11666-6.png,sketch,2,giraffe,0,dog,0.6290013790130615
sketch/giraffe/n02439033_11666-7.png,sketch,2,giraffe,4,horse,0.30525270104408264
sketch/giraffe/n02439033_11683-1.png,sketch,2,giraffe,2,giraffe,0.3987555205821991
sketch/giraffe/n02439033_11683-2.png,sketch,2,giraffe,0,dog,0.34614041447639465
sketch/giraffe/n02439033_11683-3.png,sketch,2,giraffe,4,horse,0.5252894163131714
sketch/giraffe/n02439033_11683-4.png,sketch,2,giraffe,2,giraffe,0.2896411120891571
sketch/giraffe/n02439033_11683-5.png,sketch,2,giraffe,2,giraffe,0.3244118392467499
sketch/giraffe/n02439033_11683-6.png,sketch,2,giraffe,2,giraffe,0.8723437786102295
sketch/giraffe/n02439033_11683-7.png,sketch,2,giraffe,0,dog,0.49976295232772827
sketch/giraffe/n02439033_11715-1.png,sketch,2,giraffe,0,dog,0.2987881302833557
sketch/giraffe/n02439033_11715-2.png,sketch,2,giraffe,2,giraffe,0.6443635821342468
sketch/giraffe/n02439033_11715-3.png,sketch,2,giraffe,2,giraffe,0.9997655749320984
sketch/giraffe/n02439033_11715-4.png,sketch,2,giraffe,2,giraffe,0.9983364939689636
sketch/giraffe/n02439033_11715-5.png,sketch,2,giraffe,0,dog,0.4908864200115204
sketch/giraffe/n02439033_11715-6.png,sketch,2,giraffe,2,giraffe,0.5523645281791687
sketch/giraffe/n02439033_11845-1.png,sketch,2,giraffe,1,elephant,0.5462910532951355
sketch/giraffe/n02439033_11845-10.png,sketch,2,giraffe,0,dog,0.7449897527694702
sketch/giraffe/n02439033_11845-2.png,sketch,2,giraffe,0,dog,0.4458237886428833
sketch/giraffe/n02439033_11845-3.png,sketch,2,giraffe,0,dog,0.753184974193573
sketch/giraffe/n02439033_11845-4.png,sketch,2,giraffe,4,horse,0.40403902530670166
sketch/giraffe/n02439033_11845-5.png,sketch,2,giraffe,2,giraffe,0.49148115515708923
sketch/giraffe/n02439033_11845-6.png,sketch,2,giraffe,0,dog,0.8715638518333435
sketch/giraffe/n02439033_11845-7.png,sketch,2,giraffe,1,elephant,0.33548879623413086
sketch/giraffe/n02439033_11845-8.png,sketch,2,giraffe,2,giraffe,0.5434381365776062
sketch/giraffe/n02439033_11845-9.png,sketch,2,giraffe,0,dog,0.6611372828483582
sketch/giraffe/n02439033_11894-1.png,sketch,2,giraffe,2,giraffe,0.6818457841873169
sketch/giraffe/n02439033_11894-2.png,sketch,2,giraffe,2,giraffe,0.8078907132148743
sketch/giraffe/n02439033_11894-3.png,sketch,2,giraffe,2,giraffe,0.31558629870414734
sketch/giraffe/n02439033_11894-4.png,sketch,2,giraffe,0,dog,0.38526299595832825
sketch/giraffe/n02439033_11894-5.png,sketch,2,giraffe,6,person,0.3813941180706024
sketch/giraffe/n02439033_11894-6.png,sketch,2,giraffe,2,giraffe,0.3980683386325836
sketch/giraffe/n02439033_11894-7.png,sketch,2,giraffe,2,giraffe,0.40942254662513733
sketch/giraffe/n02439033_11894-8.png,sketch,2,giraffe,4,horse,0.5629144310951233
sketch/giraffe/n02439033_11894-9.png,sketch,2,giraffe,2,giraffe,0.4239436089992523
sketch/giraffe/n02439033_12059-1.png,sketch,2,giraffe,2,giraffe,0.40305981040000916
sketch/giraffe/n02439033_12059-2.png,sketch,2,giraffe,2,giraffe,0.5283651351928711
sketch/giraffe/n02439033_12059-3.png,sketch,2,giraffe,4,horse,0.2976166605949402
sketch/giraffe/n02439033_12059-4.png,sketch,2,giraffe,2,giraffe,0.9998989105224609
sketch/giraffe/n02439033_12059-5.png,sketch,2,giraffe,2,giraffe,0.593538761138916
sketch/giraffe/n02439033_12413-1.png,sketch,2,giraffe,2,giraffe,0.4697640836238861
sketch/giraffe/n02439033_12413-2.png,sketch,2,giraffe,2,giraffe,0.5842514038085938
sketch/giraffe/n02439033_12413-3.png,sketch,2,giraffe,0,dog,0.5177978277206421
sketch/giraffe/n02439033_12413-4.png,sketch,2,giraffe,2,giraffe,0.3498806059360504
sketch/giraffe/n02439033_12413-5.png,sketch,2,giraffe,2,giraffe,0.9390670657157898
sketch/giraffe/n02439033_12413-6.png,sketch,2,giraffe,2,giraffe,0.9877880215644836
sketch/giraffe/n02439033_12413-7.png,sketch,2,giraffe,2,giraffe,0.6213870048522949
sketch/giraffe/n02439033_12485-1.png,sketch,2,giraffe,0,dog,0.43053117394447327
sketch/giraffe/n02439033_12485-2.png,sketch,2,giraffe,0,dog,0.3760364055633545
sketch/giraffe/n02439033_12485-3.png,sketch,2,giraffe,0,dog,0.3867134153842926
sketch/giraffe/n02439033_12485-4.png,sketch,2,giraffe,0,dog,0.7592426538467407
sketch/giraffe/n02439033_12485-5.png,sketch,2,giraffe,0,dog,0.37257546186447144
sketch/giraffe/n02439033_12485-6.png,sketch,2,giraffe,0,dog,0.8104627728462219
sketch/giraffe/n02439033_12680-1.png,sketch,2,giraffe,0,dog,0.5369969606399536
sketch/giraffe/n02439033_12680-2.png,sketch,2,giraffe,4,horse,0.45238834619522095
sketch/giraffe/n02439033_12680-3.png,sketch,2,giraffe,2,giraffe,0.5837019085884094
sketch/giraffe/n02439033_12680-4.png,sketch,2,giraffe,4,horse,0.3062278628349304
sketch/giraffe/n02439033_12680-5.png,sketch,2,giraffe,2,giraffe,0.6916751265525818
sketch/giraffe/n02439033_12930-1.png,sketch,2,giraffe,2,giraffe,0.687544047832489
sketch/giraffe/n02439033_12930-2.png,sketch,2,giraffe,4,horse,0.33968910574913025
sketch/giraffe/n02439033_12930-3.png,sketch,2,giraffe,2,giraffe,0.5088480710983276
sketch/giraffe/n02439033_12930-4.png,sketch,2,giraffe,0,dog,0.4300238788127899
sketch/giraffe/n02439033_12930-5.png,sketch,2,giraffe,2,giraffe,0.9723963737487793
sketch/giraffe/n02439033_12939-1.png,sketch,2,giraffe,2,giraffe,0.6936153173446655
sketch/giraffe/n02439033_12939-2.png,sketch,2,giraffe,0,dog,0.6987071633338928
sketch/giraffe/n02439033_12939-3.png,sketch,2,giraffe,2,giraffe,0.34322240948677063
sketch/giraffe/n02439033_12939-4.png,sketch,2,giraffe,2,giraffe,0.9991889595985413
sketch/giraffe/n02439033_12939-5.png,sketch,2,giraffe,2,giraffe,0.6829782128334045
sketch/giraffe/n02439033_12939-6.png,sketch,2,giraffe,2,giraffe,0.60699862241745
sketch/giraffe/n02439033_12939-7.png,sketch,2,giraffe,4,horse,0.3072543144226074
sketch/giraffe/n02439033_12939-8.png,sketch,2,giraffe,2,giraffe,0.9863215088844299
sketch/giraffe/n02439033_12987-1.png,sketch,2,giraffe,2,giraffe,0.3041073679924011
sketch/giraffe/n02439033_12987-2.png,sketch,2,giraffe,1,elephant,0.33030861616134644
sketch/giraffe/n02439033_12987-3.png,sketch,2,giraffe,0,dog,0.6316255331039429
sketch/giraffe/n02439033_12987-4.png,sketch,2,giraffe,0,dog,0.3801463544368744
sketch/giraffe/n02439033_12987-5.png,sketch,2,giraffe,0,dog,0.5169423222541809
sketch/giraffe/n02439033_12987-6.png,sketch,2,giraffe,0,dog,0.32701048254966736
sketch/giraffe/n02439033_13236-1.png,sketch,2,giraffe,0,dog,0.3659124970436096
sketch/giraffe/n02439033_13236-2.png,sketch,2,giraffe,0,dog,0.5306227803230286
sketch/giraffe/n02439033_13236-3.png,sketch,2,giraffe,4,horse,0.6656520962715149
sketch/giraffe/n02439033_13236-4.png,sketch,2,giraffe,4,horse,0.3556038439273834
sketch/giraffe/n02439033_13236-5.png,sketch,2,giraffe,4,horse,0.5087530016899109
sketch/giraffe/n02439033_13236-6.png,sketch,2,giraffe,4,horse,0.6098008751869202
sketch/giraffe/n02439033_1327-1.png,sketch,2,giraffe,4,horse,0.5826306939125061
sketch/giraffe/n02439033_1327-2.png,sketch,2,giraffe,0,dog,0.8090885877609253
sketch/giraffe/n02439033_1327-3.png,sketch,2,giraffe,0,dog,0.4681284427642822
sketch/giraffe/n02439033_1327-4.png,sketch,2,giraffe,0,dog,0.4189533293247223
sketch/giraffe/n02439033_1327-5.png,sketch,2,giraffe,2,giraffe,0.9975236058235168
sketch/giraffe/n02439033_13384-1.png,sketch,2,giraffe,1,elephant,0.6774743795394897
sketch/giraffe/n02439033_13384-2.png,sketch,2,giraffe,0,dog,0.7457910180091858
sketch/giraffe/n02439033_13384-3.png,sketch,2,giraffe,4,horse,0.49362877011299133
sketch/giraffe/n02439033_13384-4.png,sketch,2,giraffe,0,dog,0.28731513023376465
sketch/giraffe/n02439033_13384-5.png,sketch,2,giraffe,2,giraffe,0.9990863800048828
sketch/giraffe/n02439033_13384-6.png,sketch,2,giraffe,2,giraffe,0.4134875535964966
sketch/giraffe/n02439033_13430-1.png,sketch,2,giraffe,2,giraffe,0.8963932991027832
sketch/giraffe/n02439033_13430-2.png,sketch,2,giraffe,4,horse,0.407423198223114
sketch/giraffe/n02439033_13430-3.png,sketch,2,giraffe,2,giraffe,0.7874177098274231
sketch/giraffe/n02439033_13430-4.png,sketch,2,giraffe,2,giraffe,0.8227707147598267
sketch/giraffe/n02439033_13430-5.png,sketch,2,giraffe,2,giraffe,0.8854219317436218
sketch/giraffe/n02439033_13602-1.png,sketch,2,giraffe,2,giraffe,0.9113991260528564
sketch/giraffe/n02439033_13602-2.png,sketch,2,giraffe,4,horse,0.4724583327770233
sketch/giraffe/n02439033_13602-3.png,sketch,2,giraffe,4,horse,0.7517009377479553
sketch/giraffe/n02439033_13602-4.png,sketch,2,giraffe,2,giraffe,0.5204187631607056
sketch/giraffe/n02439033_13602-5.png,sketch,2,giraffe,4,horse,0.44715961813926697
sketch/giraffe/n02439033_13602-6.png,sketch,2,giraffe,2,giraffe,0.9996403455734253
sketch/giraffe/n02439033_13602-7.png,sketch,2,giraffe,4,horse,0.6546165347099304
sketch/giraffe/n02439033_13868-1.png,sketch,2,giraffe,2,giraffe,0.36053037643432617
sketch/giraffe/n02439033_13868-2.png,sketch,2,giraffe,2,giraffe,0.790159285068512
sketch/giraffe/n02439033_13868-3.png,sketch,2,giraffe,4,horse,0.7512361407279968
sketch/giraffe/n02439033_13868-4.png,sketch,2,giraffe,2,giraffe,0.8080843687057495
sketch/giraffe/n02439033_13868-5.png,sketch,2,giraffe,4,horse,0.5386355519294739
sketch/giraffe/n02439033_13868-6.png,sketch,2,giraffe,4,horse,0.7221723794937134
sketch/giraffe/n02439033_13868-7.png,sketch,2,giraffe,4,horse,0.7832790017127991
sketch/giraffe/n02439033_14040-1.png,sketch,2,giraffe,2,giraffe,0.4568409323692322
sketch/giraffe/n02439033_14040-2.png,sketch,2,giraffe,4,horse,0.38382014632225037
sketch/giraffe/n02439033_14040-3.png,sketch,2,giraffe,0,dog,0.4170171916484833
sketch/giraffe/n02439033_14040-4.png,sketch,2,giraffe,0,dog,0.2975286841392517
sketch/giraffe/n02439033_14040-5.png,sketch,2,giraffe,0,dog,0.6747361421585083
sketch/giraffe/n02439033_14040-6.png,sketch,2,giraffe,0,dog,0.3458891212940216
sketch/giraffe/n02439033_14060-1.png,sketch,2,giraffe,2,giraffe,0.5174335837364197
sketch/giraffe/n02439033_14060-2.png,sketch,2,giraffe,4,horse,0.290015310049057
sketch/giraffe/n02439033_14060-3.png,sketch,2,giraffe,4,horse,0.30911949276924133
sketch/giraffe/n02439033_14060-4.png,sketch,2,giraffe,2,giraffe,0.9999942779541016
sketch/giraffe/n02439033_14060-5.png,sketch,2,giraffe,2,giraffe,0.9990315437316895
sketch/giraffe/n02439033_14060-6.png,sketch,2,giraffe,2,giraffe,0.41920205950737
sketch/giraffe/n02439033_14060-7.png,sketch,2,giraffe,2,giraffe,0.5060920119285583
sketch/giraffe/n02439033_14060-8.png,sketch,2,giraffe,2,giraffe,0.6787644028663635
sketch/giraffe/n02439033_14121-1.png,sketch,2,giraffe,2,giraffe,0.4772590100765228
sketch/giraffe/n02439033_14121-10.png,sketch,2,giraffe,2,giraffe,0.999795138835907
sketch/giraffe/n02439033_14121-2.png,sketch,2,giraffe,6,person,0.33699318766593933
sketch/giraffe/n02439033_14121-3.png,sketch,2,giraffe,2,giraffe,0.5654648542404175
sketch/giraffe/n02439033_14121-4.png,sketch,2,giraffe,2,giraffe,0.9998675584793091
sketch/giraffe/n02439033_14121-5.png,sketch,2,giraffe,2,giraffe,0.5041699409484863
sketch/giraffe/n02439033_14121-6.png,sketch,2,giraffe,2,giraffe,0.9947277903556824
sketch/giraffe/n02439033_14121-7.png,sketch,2,giraffe,4,horse,0.5972592830657959
sketch/giraffe/n02439033_14121-8.png,sketch,2,giraffe,2,giraffe,0.3436393737792969
sketch/giraffe/n02439033_14121-9.png,sketch,2,giraffe,2,giraffe,0.8312193751335144
sketch/giraffe/n02439033_14148-1.png,sketch,2,giraffe,2,giraffe,0.9924827218055725
sketch/giraffe/n02439033_14148-10.png,sketch,2,giraffe,2,giraffe,0.7555992603302002
sketch/giraffe/n02439033_14148-2.png,sketch,2,giraffe,2,giraffe,0.4642672538757324
sketch/giraffe/n02439033_14148-3.png,sketch,2,giraffe,2,giraffe,0.9023513197898865
sketch/giraffe/n02439033_14148-4.png,sketch,2,giraffe,2,giraffe,0.9930459856987
sketch/giraffe/n02439033_14148-5.png,sketch,2,giraffe,0,dog,0.5758976936340332
sketch/giraffe/n02439033_14148-6.png,sketch,2,giraffe,0,dog,0.4272979497909546
sketch/giraffe/n02439033_14148-7.png,sketch,2,giraffe,2,giraffe,0.3094654679298401
sketch/giraffe/n02439033_14148-8.png,sketch,2,giraffe,4,horse,0.7675445079803467
sketch/giraffe/n02439033_14148-9.png,sketch,2,giraffe,2,giraffe,0.999749481678009
sketch/giraffe/n02439033_14184-1.png,sketch,2,giraffe,2,giraffe,0.44487088918685913
sketch/giraffe/n02439033_14184-2.png,sketch,2,giraffe,0,dog,0.5695227980613708
sketch/giraffe/n02439033_14184-3.png,sketch,2,giraffe,0,dog,0.4662597179412842
sketch/giraffe/n02439033_14184-4.png,sketch,2,giraffe,2,giraffe,0.4357307255268097
sketch/giraffe/n02439033_14184-5.png,sketch,2,giraffe,6,person,0.27577391266822815
sketch/giraffe/n02439033_14322-1.png,sketch,2,giraffe,0,dog,0.44503501057624817
sketch/giraffe/n02439033_14322-2.png,sketch,2,giraffe,0,dog,0.46405521035194397
sketch/giraffe/n02439033_14322-3.png,sketch,2,giraffe,0,dog,0.39896950125694275
sketch/giraffe/n02439033_14322-4.png,sketch,2,giraffe,0,dog,0.48404571413993835
sketch/giraffe/n02439033_14322-5.png,sketch,2,giraffe,0,dog,0.47334566712379456
sketch/giraffe/n02439033_14497-1.png,sketch,2,giraffe,2,giraffe,0.4320540130138397
sketch/giraffe/n02439033_14497-2.png,sketch,2,giraffe,1,elephant,0.37155598402023315
sketch/giraffe/n02439033_14497-3.png,sketch,2,giraffe,4,horse,0.7406986951828003
sketch/giraffe/n02439033_14497-4.png,sketch,2,giraffe,2,giraffe,0.7343655824661255
sketch/giraffe/n02439033_14497-5.png,sketch,2,giraffe,2,giraffe,0.879755437374115
sketch/giraffe/n02439033_14497-6.png,sketch,2,giraffe,2,giraffe,0.9794619679450989
sketch/giraffe/n02439033_14554-1.png,sketch,2,giraffe,2,giraffe,0.7255681753158569
sketch/giraffe/n02439033_14554-2.png,sketch,2,giraffe,2,giraffe,0.9999867677688599
sketch/giraffe/n02439033_14554-3.png,sketch,2,giraffe,4,horse,0.38115596771240234
sketch/giraffe/n02439033_14554-4.png,sketch,2,giraffe,2,giraffe,0.7303972840309143
sketch/giraffe/n02439033_14554-5.png,sketch,2,giraffe,4,horse,0.6219637393951416
sketch/giraffe/n02439033_14554-6.png,sketch,2,giraffe,2,giraffe,0.9077102541923523
sketch/giraffe/n02439033_14554-7.png,sketch,2,giraffe,2,giraffe,0.6708828210830688
sketch/giraffe/n02439033_14554-8.png,sketch,2,giraffe,2,giraffe,0.9998452663421631
sketch/giraffe/n02439033_14554-9.png,sketch,2,giraffe,2,giraffe,0.39410802721977234
sketch/giraffe/n02439033_14580-1.png,sketch,2,giraffe,2,giraffe,0.6734462380409241
sketch/giraffe/n02439033_14580-10.png,sketch,2,giraffe,0,dog,0.5143670439720154
sketch/giraffe/n02439033_14580-2.png,sketch,2,giraffe,0,dog,0.3878173530101776
sketch/giraffe/n02439033_14580-3.png,sketch,2,giraffe,0,dog,0.4460732340812683
sketch/giraffe/n02439033_14580-4.png,sketch,2,giraffe,0,dog,0.7495239973068237
sketch/giraffe/n02439033_14580-5.png,sketch,2,giraffe,2,giraffe,0.9666332006454468
sketch/giraffe/n02439033_14580-6.png,sketch,2,giraffe,0,dog,0.7442891597747803
sketch/giraffe/n02439033_14580-7.png,sketch,2,giraffe,2,giraffe,0.9872734546661377
sketch/giraffe/n02439033_14580-8.png,sketch,2,giraffe,0,dog,0.43711817264556885
sketch/giraffe/n02439033_14580-9.png,sketch,2,giraffe,0,dog,0.3576914668083191
sketch/giraffe/n02439033_14600-1.png,sketch,2,giraffe,4,horse,0.4383479058742523
sketch/giraffe/n02439033_14600-2.png,sketch,2,giraffe,1,elephant,0.7875644564628601
sketch/giraffe/n02439033_14600-3.png,sketch,2,giraffe,0,dog,0.5436004400253296
sketch/giraffe/n02439033_14600-4.png,sketch,2,giraffe,0,dog,0.275655597448349
sketch/giraffe/n02439033_14600-5.png,sketch,2,giraffe,4,horse,0.46419233083724976
sketch/giraffe/n02439033_14600-6.png,sketch,2,giraffe,4,horse,0.352891206741333
sketch/giraffe/n02439033_14600-7.png,sketch,2,giraffe,2,giraffe,0.36623066663742065
sketch/giraffe/n02439033_14600-8.png,sketch,2,giraffe,4,horse,0.45169904828071594
sketch/giraffe/n02439033_14600-9.png,sketch,2,giraffe,4,horse,0.3689859211444855
sketch/giraffe/n02439033_14609-1.png,sketch,2,giraffe,1,elephant,0.395819753408432
sketch/giraffe/n02439033_14609-2.png,sketch,2,giraffe,1,elephant,0.6709425449371338
sketch/giraffe/n02439033_14609-3.png,sketch,2,giraffe,0,dog,0.26609036326408386
sketch/giraffe/n02439033_14609-4.png,sketch,2,giraffe,0,dog,0.5091341137886047
sketch/giraffe/n02439033_14609-5.png,sketch,2,giraffe,0,dog,0.40869665145874023
sketch/giraffe/n02439033_14609-6.png,sketch,2,giraffe,0,dog,0.6067556738853455
sketch/giraffe/n02439033_14724-1.png,sketch,2,giraffe,0,dog,0.30862534046173096
sketch/giraffe/n02439033_14724-2.png,sketch,2,giraffe,0,dog,0.34140744805336
sketch/giraffe/n02439033_14724-3.png,sketch,2,giraffe,6,person,0.3385109603404999
sketch/giraffe/n02439033_14724-4.png,sketch,2,giraffe,0,dog,0.29521262645721436
sketch/giraffe/n02439033_14724-5.png,sketch,2,giraffe,2,giraffe,0.8952187895774841
sketch/giraffe/n02439033_14764-1.png,sketch,2,giraffe,0,dog,0.41498827934265137
sketch/giraffe/n02439033_14764-2.png,sketch,2,giraffe,2,giraffe,0.9686245322227478
sketch/giraffe/n02439033_14764-3.png,sketch,2,giraffe,4,horse,0.6985297799110413
sketch/giraffe/n02439033_14764-4.png,sketch,2,giraffe,0,dog,0.35568201541900635
sketch/giraffe/n02439033_14764-5.png,sketch,2,giraffe,2,giraffe,0.9564241766929626
sketch/giraffe/n02439033_14781-1.png,sketch,2,giraffe,4,horse,0.33867233991622925
sketch/giraffe/n02439033_14781-2.png,sketch,2,giraffe,0,dog,0.4041486084461212
sketch/giraffe/n02439033_14781-3.png,sketch,2,giraffe,6,person,0.32950711250305176
sketch/giraffe/n02439033_14781-4.png,sketch,2,giraffe,0,dog,0.2867110073566437
sketch/giraffe/n02439033_14781-5.png,sketch,2,giraffe,2,giraffe,0.9196157455444336
sketch/giraffe/n02439033_14781-6.png,sketch,2,giraffe,0,dog,0.48693904280662537
sketch/giraffe/n02439033_14781-7.png,sketch,2,giraffe,2,giraffe,0.39507800340652466
sketch/giraffe/n02439033_14781-8.png,sketch,2,giraffe,2,giraffe,0.5365207195281982
sketch/giraffe/n02439033_14784-1.png,sketch,2,giraffe,0,dog,0.8135221600532532
sketch/giraffe/n02439033_14784-2.png,sketch,2,giraffe,0,dog,0.6920409798622131
sketch/giraffe/n02439033_14784-3.png,sketch,2,giraffe,0,dog,0.44531115889549255
sketch/giraffe/n02439033_14784-4.png,sketch,2,giraffe,0,dog,0.49663835763931274
sketch/giraffe/n02439033_14784-5.png,sketch,2,giraffe,4,horse,0.35326263308525085
sketch/giraffe/n02439033_14784-6.png,sketch,2,giraffe,0,dog,0.7303026914596558
sketch/giraffe/n02439033_14846-1.png,sketch,2,giraffe,2,giraffe,0.43554359674453735
sketch/giraffe/n02439033_14846-2.png,sketch,2,giraffe,2,giraffe,0.9817326664924622
sketch/giraffe/n02439033_14846-3.png,sketch,2,giraffe,2,giraffe,0.7726391553878784
sketch/giraffe/n02439033_14846-4.png,sketch,2,giraffe,2,giraffe,0.9999788999557495
sketch/giraffe/n02439033_14846-5.png,sketch,2,giraffe,2,giraffe,0.8356227874755859
sketch/giraffe/n02439033_14846-6.png,sketch,2,giraffe,2,giraffe,0.9957413673400879
sketch/giraffe/n02439033_14846-7.png,sketch,2,giraffe,2,giraffe,0.9999904632568359
sketch/giraffe/n02439033_14846-8.png,sketch,2,giraffe,2,giraffe,0.9999978542327881
sketch/giraffe/n02439033_14872-1.png,sketch,2,giraffe,2,giraffe,0.49083954095840454
sketch/giraffe/n02439033_14872-2.png,sketch,2,giraffe,2,giraffe,0.5038371086120605
sketch/giraffe/n02439033_14872-3.png,sketch,2,giraffe,2,giraffe,0.9242883324623108
sketch/giraffe/n02439033_14872-4.png,sketch,2,giraffe,2,giraffe,0.9699811935424805
sketch/giraffe/n02439033_14872-5.png,sketch,2,giraffe,2,giraffe,0.7090336680412292
sketch/giraffe/n02439033_14872-6.png,sketch,2,giraffe,2,giraffe,0.9968948364257812
sketch/giraffe/n02439033_14885-1.png,sketch,2,giraffe,2,giraffe,0.40167537331581116
sketch/giraffe/n02439033_14885-2.png,sketch,2,giraffe,1,elephant,0.46096956729888916
sketch/giraffe/n02439033_14885-3.png,sketch,2,giraffe,0,dog,0.36099132895469666
sketch/giraffe/n02439033_14885-4.png,sketch,2,giraffe,2,giraffe,0.4051681160926819
sketch/giraffe/n02439033_14885-5.png,sketch,2,giraffe,2,giraffe,0.4119567573070526
sketch/giraffe/n02439033_14962-1.png,sketch,2,giraffe,0,dog,0.5299222469329834
sketch/giraffe/n02439033_14962-2.png,sketch,2,giraffe,4,horse,0.3709936738014221
sketch/giraffe/n02439033_14962-3.png,sketch,2,giraffe,0,dog,0.8362981081008911
sketch/giraffe/n02439033_14962-4.png,sketch,2,giraffe,4,horse,0.5731663703918457
sketch/giraffe/n02439033_14962-5.png,sketch,2,giraffe,0,dog,0.6553589105606079
sketch/giraffe/n02439033_14962-6.png,sketch,2,giraffe,0,dog,0.37869247794151306
sketch/giraffe/n02439033_14962-7.png,sketch,2,giraffe,0,dog,0.8351798057556152
sketch/giraffe/n02439033_15005-1.png,sketch,2,giraffe,2,giraffe,0.8284467458724976
sketch/giraffe/n02439033_15005-10.png,sketch,2,giraffe,4,horse,0.40264907479286194
sketch/giraffe/n02439033_15005-2.png,sketch,2,giraffe,6,person,0.2870118021965027
sketch/giraffe/n02439033_15005-3.png,sketch,2,giraffe,0,dog,0.35875990986824036
sketch/giraffe/n02439033_15005-4.png,sketch,2,giraffe,0,dog,0.49624085426330566
sketch/giraffe/n02439033_15005-5.png,sketch,2,giraffe,2,giraffe,0.9833900332450867
sketch/giraffe/n02439033_15005-6.png,sketch,2,giraffe,0,dog,0.33339664340019226
sketch/giraffe/n02439033_15005-7.png,sketch,2,giraffe,2,giraffe,0.44240909814834595
sketch/giraffe/n02439033_15005-8.png,sketch,2,giraffe,2,giraffe,0.9999692440032959
sketch/giraffe/n02439033_15005-9.png,sketch,2,giraffe,0,dog,0.45656344294548035
sketch/giraffe/n02439033_1508-1.png,sketch,2,giraffe,2,giraffe,0.9999055862426758
sketch/giraffe/n02439033_1508-2.png,sketch,2,giraffe,0,dog,0.39112478494644165
sketch/giraffe/n02439033_1508-3.png,sketch,2,giraffe,2,giraffe,0.9494704008102417
sketch/giraffe/n02439033_1508-4.png,sketch,2,giraffe,2,giraffe,0.41080477833747864
sketch/giraffe/n02439033_1508-5.png,sketch,2,giraffe,2,giraffe,0.7107129096984863
sketch/giraffe/n02439033_1508-6.png,sketch,2,giraffe,2,giraffe,0.9946587681770325
sketch/giraffe/n02439033_1508-7.png,sketch,2,giraffe,2,giraffe,0.9975590705871582
sketch/giraffe/n02439033_1508-8.png,sketch,2,giraffe,2,giraffe,0.6467595100402832
sketch/giraffe/n02439033_1508-9.png,sketch,2,giraffe,4,horse,0.7071558833122253
sketch/giraffe/n02439033_15384-1.png,sketch,2,giraffe,4,horse,0.4952245056629181
sketch/giraffe/n02439033_15384-2.png,sketch,2,giraffe,2,giraffe,0.4846442937850952
sketch/giraffe/n02439033_15384-3.png,sketch,2,giraffe,2,giraffe,0.41908687353134155
sketch/giraffe/n02439033_15384-4.png,sketch,2,giraffe,2,giraffe,0.6687427759170532
sketch/giraffe/n02439033_15384-5.png,sketch,2,giraffe,2,giraffe,0.6793183088302612
sketch/giraffe/n02439033_15401-1.png,sketch,2,giraffe,4,horse,0.45946985483169556
sketch/giraffe/n02439033_15401-2.png,sketch,2,giraffe,2,giraffe,0.9142664670944214
sketch/giraffe/n02439033_15401-3.png,sketch,2,giraffe,2,giraffe,0.3986022472381592
sketch/giraffe/n02439033_15401-4.png,sketch,2,giraffe,4,horse,0.35231128334999084
sketch/giraffe/n02439033_15401-5.png,sketch,2,giraffe,3,guitar,0.5214932560920715
sketch/giraffe/n02439033_15453-1.png,sketch,2,giraffe,0,dog,0.42208728194236755
sketch/giraffe/n02439033_15453-2.png,sketch,2,giraffe,0,dog,0.27539876103401184
sketch/giraffe/n02439033_15453-3.png,sketch,2,giraffe,6,person,0.31485211849212646
sketch/giraffe/n02439033_15453-4.png,sketch,2,giraffe,2,giraffe,0.5677205324172974
sketch/giraffe/n02439033_15453-5.png,sketch,2,giraffe,0,dog,0.4822767376899719
sketch/giraffe/n02439033_15453-6.png,sketch,2,giraffe,2,giraffe,0.5229048728942871
sketch/giraffe/n02439033_15453-7.png,sketch,2,giraffe,2,giraffe,0.5260374546051025
sketch/giraffe/n02439033_15453-8.png,sketch,2,giraffe,2,giraffe,0.9995915293693542
sketch/giraffe/n02439033_15453-9.png,sketch,2,giraffe,2,giraffe,0.9985660910606384
sketch/giraffe/n02439033_15479-1.png,sketch,2,giraffe,2,giraffe,0.5550084710121155
sketch/giraffe/n02439033_15479-2.png,sketch,2,giraffe,2,giraffe,0.8370153307914734
sketch/giraffe/n02439033_15479-3.png,sketch,2,giraffe,2,giraffe,0.9454481601715088
sketch/giraffe/n02439033_15479-4.png,sketch,2,giraffe,2,giraffe,0.8027517199516296
sketch/giraffe/n02439033_15479-5.png,sketch,2,giraffe,2,giraffe,0.465805321931839
sketch/giraffe/n02439033_15479-6.png,sketch,2,giraffe,2,giraffe,0.9677736759185791
sketch/giraffe/n02439033_15479-7.png,sketch,2,giraffe,2,giraffe,0.9996718168258667
sketch/giraffe/n02439033_15540-1.png,sketch,2,giraffe,0,dog,0.2908704876899719
sketch/giraffe/n02439033_15540-2.png,sketch,2,giraffe,2,giraffe,0.5011718273162842
sketch/giraffe/n02439033_15540-3.png,sketch,2,giraffe,2,giraffe,0.9905016422271729
sketch/giraffe/n02439033_15540-4.png,sketch,2,giraffe,2,giraffe,0.5166787505149841
sketch/giraffe/n02439033_15540-5.png,sketch,2,giraffe,2,giraffe,0.39389538764953613
sketch/giraffe/n02439033_15540-6.png,sketch,2,giraffe,2,giraffe,0.44859811663627625
sketch/giraffe/n02439033_15555-1.png,sketch,2,giraffe,0,dog,0.40495315194129944
sketch/giraffe/n02439033_15555-2.png,sketch,2,giraffe,2,giraffe,0.993413507938385
sketch/giraffe/n02439033_15555-3.png,sketch,2,giraffe,2,giraffe,0.8002906441688538
sketch/giraffe/n02439033_15555-4.png,sketch,2,giraffe,2,giraffe,0.5279905200004578
sketch/giraffe/n02439033_15555-5.png,sketch,2,giraffe,2,giraffe,0.9845357537269592
sketch/giraffe/n02439033_15936-1.png,sketch,2,giraffe,0,dog,0.5173697471618652
sketch/giraffe/n02439033_15936-2.png,sketch,2,giraffe,2,giraffe,0.9445221424102783
sketch/giraffe/n02439033_15936-3.png,sketch,2,giraffe,2,giraffe,0.46403250098228455
sketch/giraffe/n02439033_15936-4.png,sketch,2,giraffe,2,giraffe,0.587035596370697
sketch/giraffe/n02439033_15936-5.png,sketch,2,giraffe,6,person,0.5702387094497681
sketch/giraffe/n02439033_15936-6.png,sketch,2,giraffe,2,giraffe,0.4675852358341217
sketch/giraffe/n02439033_15936-7.png,sketch,2,giraffe,2,giraffe,0.8633224368095398
sketch/giraffe/n02439033_16085-1.png,sketch,2,giraffe,2,giraffe,0.8609609603881836
sketch/giraffe/n02439033_16085-2.png,sketch,2,giraffe,6,person,0.35544532537460327
sketch/giraffe/n02439033_16085-3.png,sketch,2,giraffe,2,giraffe,0.6366772651672363
sketch/giraffe/n02439033_16085-4.png,sketch,2,giraffe,2,giraffe,0.9664270281791687
sketch/giraffe/n02439033_16085-5.png,sketch,2,giraffe,2,giraffe,0.3963252007961273
sketch/giraffe/n02439033_16356-1.png,sketch,2,giraffe,0,dog,0.33034390211105347
sketch/giraffe/n02439033_16356-2.png,sketch,2,giraffe,2,giraffe,0.5319210290908813
sketch/giraffe/n02439033_16356-3.png,sketch,2,giraffe,2,giraffe,0.9863483905792236
sketch/giraffe/n02439033_16356-4.png,sketch,2,giraffe,2,giraffe,0.4732376039028168
sketch/giraffe/n02439033_16356-5.png,sketch,2,giraffe,2,giraffe,0.39996954798698425
sketch/giraffe/n02439033_16483-1.png,sketch,2,giraffe,2,giraffe,0.9999184608459473
sketch/giraffe/n02439033_16483-2.png,sketch,2,giraffe,2,giraffe,0.46516233682632446
sketch/giraffe/n02439033_16483-3.png,sketch,2,giraffe,2,giraffe,0.2941705584526062
sketch/giraffe/n02439033_16483-4.png,sketch,2,giraffe,0,dog,0.3506166934967041
sketch/giraffe/n02439033_16483-5.png,sketch,2,giraffe,2,giraffe,0.99828040599823
sketch/giraffe/n02439033_16483-6.png,sketch,2,giraffe,2,giraffe,0.7247680425643921
sketch/giraffe/n02439033_221-1.png,sketch,2,giraffe,3,guitar,0.44712361693382263
sketch/giraffe/n02439033_221-2.png,sketch,2,giraffe,2,giraffe,0.9380221962928772
sketch/giraffe/n02439033_221-3.png,sketch,2,giraffe,2,giraffe,0.9989389777183533
sketch/giraffe/n02439033_221-4.png,sketch,2,giraffe,2,giraffe,0.9988804459571838
sketch/giraffe/n02439033_221-5.png,sketch,2,giraffe,4,horse,0.3625786602497101
sketch/giraffe/n02439033_221-6.png,sketch,2,giraffe,2,giraffe,0.544009804725647
sketch/giraffe/n02439033_2486-1.png,sketch,2,giraffe,2,giraffe,0.5696303248405457
sketch/giraffe/n02439033_2486-2.png,sketch,2,giraffe,2,giraffe,0.5954993367195129
sketch/giraffe/n02439033_2486-3.png,sketch,2,giraffe,2,giraffe,0.6647223830223083
sketch/giraffe/n02439033_2486-4.png,sketch,2,giraffe,2,giraffe,0.9668288230895996
sketch/giraffe/n02439033_2486-5.png,sketch,2,giraffe,2,giraffe,0.4055206775665283
sketch/giraffe/n02439033_2486-6.png,sketch,2,giraffe,6,person,0.3358270823955536
sketch/giraffe/n02439033_2500-1.png,sketch,2,giraffe,0,dog,0.3637177646160126
sketch/giraffe/n02439033_2500-2.png,sketch,2,giraffe,2,giraffe,0.4317786693572998
sketch/giraffe/n02439033_2500-3.png,sketch,2,giraffe,2,giraffe,0.6190739274024963
sketch/giraffe/n02439033_2500-4.png,sketch,2,giraffe,2,giraffe,0.5085535049438477
sketch/giraffe/n02439033_2500-5.png,sketch,2,giraffe,6,person,0.3656228184700012
sketch/giraffe/n02439033_2500-6.png,sketch,2,giraffe,2,giraffe,0.3439536988735199
sketch/giraffe/n02439033_2677-1.png,sketch,2,giraffe,0,dog,0.48358801007270813
sketch/giraffe/n02439033_2677-2.png,sketch,2,giraffe,2,giraffe,0.8618385195732117
sketch/giraffe/n02439033_2677-3.png,sketch,2,giraffe,2,giraffe,0.46148186922073364
sketch/giraffe/n02439033_2677-4.png,sketch,2,giraffe,2,giraffe,0.9286656379699707
sketch/giraffe/n02439033_2677-5.png,sketch,2,giraffe,0,dog,0.6275246739387512
sketch/giraffe/n02439033_2677-6.png,sketch,2,giraffe,2,giraffe,0.9974533915519714
sketch/giraffe/n02439033_2677-7.png,sketch,2,giraffe,2,giraffe,0.994976818561554
sketch/giraffe/n02439033_376-1.png,sketch,2,giraffe,0,dog,0.8924737572669983
sketch/giraffe/n02439033_376-2.png,sketch,2,giraffe,0,dog,0.8539377450942993
sketch/giraffe/n02439033_376-3.png,sketch,2,giraffe,0,dog,0.7299163341522217
sketch/giraffe/n02439033_376-4.png,sketch,2,giraffe,4,horse,0.33704373240470886
sketch/giraffe/n02439033_376-5.png,sketch,2,giraffe,2,giraffe,0.5187606811523438
sketch/giraffe/n02439033_3944-1.png,sketch,2,giraffe,0,dog,0.7824065685272217
sketch/giraffe/n02439033_3944-10.png,sketch,2,giraffe,1,elephant,0.4371505677700043
sketch/giraffe/n02439033_3944-2.png,sketch,2,giraffe,4,horse,0.3459900915622711
sketch/giraffe/n02439033_3944-3.png,sketch,2,giraffe,4,horse,0.5272229313850403
sketch/giraffe/n02439033_3944-4.png,sketch,2,giraffe,4,horse,0.5994845032691956
sketch/giraffe/n02439033_3944-5.png,sketch,2,giraffe,1,elephant,0.5860437750816345
sketch/giraffe/n02439033_3944-6.png,sketch,2,giraffe,4,horse,0.5339970588684082
sketch/giraffe/n02439033_3944-7.png,sketch,2,giraffe,4,horse,0.8203392028808594
sketch/giraffe/n02439033_3944-8.png,sketch,2,giraffe,4,horse,0.5190691947937012
sketch/giraffe/n02439033_3944-9.png,sketch,2,giraffe,4,horse,0.5488871932029724
sketch/giraffe/n02439033_4601-1.png,sketch,2,giraffe,2,giraffe,0.6641706228256226
sketch/giraffe/n02439033_4601-2.png,sketch,2,giraffe,2,giraffe,0.9999960660934448
sketch/giraffe/n02439033_4601-3.png,sketch,2,giraffe,2,giraffe,0.9997937083244324
sketch/giraffe/n02439033_4601-4.png,sketch,2,giraffe,4,horse,0.5267674326896667
sketch/giraffe/n02439033_4601-5.png,sketch,2,giraffe,2,giraffe,0.6452552676200867
sketch/giraffe/n02439033_5004-1.png,sketch,2,giraffe,4,horse,0.4032420516014099
sketch/giraffe/n02439033_5004-2.png,sketch,2,giraffe,0,dog,0.7589636445045471
sketch/giraffe/n02439033_5004-3.png,sketch,2,giraffe,0,dog,0.4963480234146118
sketch/giraffe/n02439033_5004-4.png,sketch,2,giraffe,0,dog,0.6035536527633667
sketch/giraffe/n02439033_5004-5.png,sketch,2,giraffe,4,horse,0.8249676823616028
sketch/giraffe/n02439033_5004-6.png,sketch,2,giraffe,0,dog,0.5378454923629761
sketch/giraffe/n02439033_5004-7.png,sketch,2,giraffe,4,horse,0.3789631128311157
sketch/giraffe/n02439033_5004-8.png,sketch,2,giraffe,6,person,0.49477410316467285
sketch/giraffe/n02439033_5652-1.png,sketch,2,giraffe,0,dog,0.4155479371547699
sketch/giraffe/n02439033_5652-2.png,sketch,2,giraffe,4,horse,0.3597620129585266
sketch/giraffe/n02439033_5652-3.png,sketch,2,giraffe,0,dog,0.4620295763015747
sketch/giraffe/n02439033_5652-4.png,sketch,2,giraffe,0,dog,0.7458891272544861
sketch/giraffe/n02439033_5652-5.png,sketch,2,giraffe,0,dog,0.5335288047790527
sketch/giraffe/n02439033_569-1.png,sketch,2,giraffe,2,giraffe,0.46074560284614563
sketch/giraffe/n02439033_569-2.png,sketch,2,giraffe,0,dog,0.6329799294471741
sketch/giraffe/n02439033_569-3.png,sketch,2,giraffe,2,giraffe,0.4094926416873932
sketch/giraffe/n02439033_569-4.png,sketch,2,giraffe,4,horse,0.342753142118454
sketch/giraffe/n02439033_569-5.png,sketch,2,giraffe,2,giraffe,0.9991185069084167
sketch/giraffe/n02439033_628-1.png,sketch,2,giraffe,2,giraffe,0.9950245022773743
sketch/giraffe/n02439033_628-10.png,sketch,2,giraffe,6,person,0.5457788109779358
sketch/giraffe/n02439033_628-2.png,sketch,2,giraffe,6,person,0.27719324827194214
sketch/giraffe/n02439033_628-3.png,sketch,2,giraffe,2,giraffe,0.734532356262207
sketch/giraffe/n02439033_628-4.png,sketch,2,giraffe,2,giraffe,0.6496874690055847
sketch/giraffe/n02439033_628-5.png,sketch,2,giraffe,2,giraffe,0.5121193528175354
sketch/giraffe/n02439033_628-6.png,sketch,2,giraffe,2,giraffe,0.9788040518760681
sketch/giraffe/n02439033_628-7.png,sketch,2,giraffe,0,dog,0.41998323798179626
sketch/giraffe/n02439033_628-8.png,sketch,2,giraffe,2,giraffe,0.7125532031059265
sketch/giraffe/n02439033_628-9.png,sketch,2,giraffe,2,giraffe,0.9551128149032593
sketch/giraffe/n02439033_6552-1.png,sketch,2,giraffe,0,dog,0.6917667388916016
sketch/giraffe/n02439033_6552-2.png,sketch,2,giraffe,6,person,0.5681929588317871
sketch/giraffe/n02439033_6552-3.png,sketch,2,giraffe,6,person,0.3301953971385956
sketch/giraffe/n02439033_6552-4.png,sketch,2,giraffe,0,dog,0.8730472326278687
sketch/giraffe/n02439033_6552-5.png,sketch,2,giraffe,4,horse,0.3138324022293091
sketch/giraffe/n02439033_67-1.png,sketch,2,giraffe,2,giraffe,0.2991198003292084
sketch/giraffe/n02439033_67-2.png,sketch,2,giraffe,2,giraffe,0.3803143799304962
sketch/giraffe/n02439033_67-3.png,sketch,2,giraffe,2,giraffe,0.9951933026313782
sketch/giraffe/n02439033_67-4.png,sketch,2,giraffe,3,guitar,0.6517220735549927
sketch/giraffe/n02439033_67-5.png,sketch,2,giraffe,0,dog,0.28632697463035583
sketch/giraffe/n02439033_67-6.png,sketch,2,giraffe,2,giraffe,0.9989136457443237
sketch/giraffe/n02439033_67-7.png,sketch,2,giraffe,2,giraffe,0.9992480874061584
sketch/giraffe/n02439033_866-1.png,sketch,2,giraffe,2,giraffe,0.441866934299469
sketch/giraffe/n02439033_866-2.png,sketch,2,giraffe,0,dog,0.3559255599975586
sketch/giraffe/n02439033_866-3.png,sketch,2,giraffe,6,person,0.3895787000656128
sketch/giraffe/n02439033_866-4.png,sketch,2,giraffe,4,horse,0.3353809118270874
sketch/giraffe/n02439033_866-5.png,sketch,2,giraffe,2,giraffe,0.9612352848052979
sketch/giraffe/n02439033_866-6.png,sketch,2,giraffe,2,giraffe,0.8228105902671814
sketch/giraffe/n02439033_8789-1.png,sketch,2,giraffe,3,guitar,0.4992692470550537
sketch/giraffe/n02439033_8789-2.png,sketch,2,giraffe,6,person,0.3621344268321991
sketch/giraffe/n02439033_8789-3.png,sketch,2,giraffe,0,dog,0.43703919649124146
sketch/giraffe/n02439033_8789-4.png,sketch,2,giraffe,0,dog,0.46426841616630554
sketch/giraffe/n02439033_8789-5.png,sketch,2,giraffe,2,giraffe,0.9737238883972168
sketch/giraffe/n02439033_8846-1.png,sketch,2,giraffe,2,giraffe,0.639183521270752
sketch/giraffe/n02439033_8846-10.png,sketch,2,giraffe,2,giraffe,0.9656468629837036
sketch/giraffe/n02439033_8846-11.png,sketch,2,giraffe,4,horse,0.7153574228286743
sketch/giraffe/n02439033_8846-12.png,sketch,2,giraffe,4,horse,0.3968953490257263
sketch/giraffe/n02439033_8846-13.png,sketch,2,giraffe,4,horse,0.8331133127212524
sketch/giraffe/n02439033_8846-2.png,sketch,2,giraffe,0,dog,0.540698766708374
sketch/giraffe/n02439033_8846-3.png,sketch,2,giraffe,2,giraffe,0.4626483619213104
sketch/giraffe/n02439033_8846-4.png,sketch,2,giraffe,2,giraffe,0.5200104117393494
sketch/giraffe/n02439033_8846-5.png,sketch,2,giraffe,4,horse,0.7058857083320618
sketch/giraffe/n02439033_8846-6.png,sketch,2,giraffe,0,dog,0.5579861402511597
sketch/giraffe/n02439033_8846-7.png,sketch,2,giraffe,4,horse,0.7482519745826721
sketch/giraffe/n02439033_8846-8.png,sketch,2,giraffe,2,giraffe,0.97654789686203
sketch/giraffe/n02439033_8846-9.png,sketch,2,giraffe,2,giraffe,0.5695545077323914
sketch/giraffe/n02439033_8875-1.png,sketch,2,giraffe,2,giraffe,0.9987903237342834
sketch/giraffe/n02439033_8875-2.png,sketch,2,giraffe,4,horse,0.875561535358429
sketch/giraffe/n02439033_8875-3.png,sketch,2,giraffe,0,dog,0.7147426605224609
sketch/giraffe/n02439033_8875-4.png,sketch,2,giraffe,4,horse,0.8138723373413086
sketch/giraffe/n02439033_8875-5.png,sketch,2,giraffe,1,elephant,0.24244968593120575
sketch/giraffe/n02439033_8875-6.png,sketch,2,giraffe,4,horse,0.5724069476127625
sketch/giraffe/n02439033_8875-7.png,sketch,2,giraffe,4,horse,0.8633586168289185
sketch/giraffe/n02439033_8875-8.png,sketch,2,giraffe,4,horse,0.7782416343688965
sketch/giraffe/n02439033_9257-1.png,sketch,2,giraffe,0,dog,0.34227365255355835
sketch/giraffe/n02439033_9257-2.png,sketch,2,giraffe,2,giraffe,0.8544562458992004
sketch/giraffe/n02439033_9257-3.png,sketch,2,giraffe,0,dog,0.5544691681861877
sketch/giraffe/n02439033_9257-4.png,sketch,2,giraffe,0,dog,0.2905421853065491
sketch/giraffe/n02439033_9257-5.png,sketch,2,giraffe,0,dog,0.42788881063461304
sketch/giraffe/n02439033_9257-6.png,sketch,2,giraffe,2,giraffe,0.35227447748184204
sketch/giraffe/n02439033_9261-1.png,sketch,2,giraffe,4,horse,0.48895585536956787
sketch/giraffe/n02439033_9261-2.png,sketch,2,giraffe,4,horse,0.39393875002861023
sketch/giraffe/n02439033_9261-3.png,sketch,2,giraffe,2,giraffe,0.49848777055740356
sketch/giraffe/n02439033_9261-4.png,sketch,2,giraffe,2,giraffe,0.7490163445472717
sketch/giraffe/n02439033_9261-5.png,sketch,2,giraffe,2,giraffe,0.9996008276939392
sketch/giraffe/n02439033_9398-1.png,sketch,2,giraffe,0,dog,0.7943089008331299
sketch/giraffe/n02439033_9398-2.png,sketch,2,giraffe,0,dog,0.8082924485206604
sketch/giraffe/n02439033_9398-3.png,sketch,2,giraffe,4,horse,0.7388706207275391
sketch/giraffe/n02439033_9398-4.png,sketch,2,giraffe,2,giraffe,0.6893112063407898
sketch/giraffe/n02439033_9398-5.png,sketch,2,giraffe,2,giraffe,0.7645132541656494
sketch/giraffe/n02439033_9398-6.png,sketch,2,giraffe,2,giraffe,0.8427931070327759
sketch/giraffe/n02439033_9472-1.png,sketch,2,giraffe,2,giraffe,0.6112090349197388
sketch/giraffe/n02439033_9472-10.png,sketch,2,giraffe,2,giraffe,0.7067165374755859
sketch/giraffe/n02439033_9472-2.png,sketch,2,giraffe,2,giraffe,0.4168406128883362
sketch/giraffe/n02439033_9472-3.png,sketch,2,giraffe,2,giraffe,0.7514749765396118
sketch/giraffe/n02439033_9472-4.png,sketch,2,giraffe,2,giraffe,0.8208310604095459
sketch/giraffe/n02439033_9472-5.png,sketch,2,giraffe,0,dog,0.39240118861198425
sketch/giraffe/n02439033_9472-6.png,sketch,2,giraffe,2,giraffe,0.6782045960426331
sketch/giraffe/n02439033_9472-7.png,sketch,2,giraffe,2,giraffe,0.6821957230567932
sketch/giraffe/n02439033_9472-8.png,sketch,2,giraffe,2,giraffe,0.9999921321868896
sketch/giraffe/n02439033_9472-9.png,sketch,2,giraffe,2,giraffe,0.9999864101409912
sketch/giraffe/n02439033_9598-1.png,sketch,2,giraffe,2,giraffe,0.3023160994052887
sketch/giraffe/n02439033_9598-10.png,sketch,2,giraffe,0,dog,0.4054812788963318
sketch/giraffe/n02439033_9598-2.png,sketch,2,giraffe,2,giraffe,0.7205977439880371
sketch/giraffe/n02439033_9598-3.png,sketch,2,giraffe,1,elephant,0.2825227677822113
sketch/giraffe/n02439033_9598-4.png,sketch,2,giraffe,4,horse,0.5260096192359924
sketch/giraffe/n02439033_9598-5.png,sketch,2,giraffe,1,elephant,0.5593453645706177
sketch/giraffe/n02439033_9598-6.png,sketch,2,giraffe,0,dog,0.806865930557251
sketch/giraffe/n02439033_9598-7.png,sketch,2,giraffe,1,elephant,0.5512099862098694
sketch/giraffe/n02439033_9598-8.png,sketch,2,giraffe,0,dog,0.46448951959609985
sketch/giraffe/n02439033_9598-9.png,sketch,2,giraffe,0,dog,0.5124545097351074
sketch/giraffe/n02439033_9604-1.png,sketch,2,giraffe,0,dog,0.5991277694702148
sketch/giraffe/n02439033_9604-2.png,sketch,2,giraffe,4,horse,0.5601906776428223
sketch/giraffe/n02439033_9604-3.png,sketch,2,giraffe,2,giraffe,0.7744011282920837
sketch/giraffe/n02439033_9604-4.png,sketch,2,giraffe,4,horse,0.3707049489021301
sketch/giraffe/n02439033_9604-5.png,sketch,2,giraffe,0,dog,0.6260280609130859
sketch/giraffe/n02439033_9679-1.png,sketch,2,giraffe,2,giraffe,0.9977085590362549
sketch/giraffe/n02439033_9679-2.png,sketch,2,giraffe,0,dog,0.4501539468765259
sketch/giraffe/n02439033_9679-3.png,sketch,2,giraffe,2,giraffe,0.5769378542900085
sketch/giraffe/n02439033_9679-4.png,sketch,2,giraffe,6,person,0.44536909461021423
sketch/giraffe/n02439033_9679-5.png,sketch,2,giraffe,2,giraffe,0.9635408520698547
sketch/giraffe/n02439033_9719-1.png,sketch,2,giraffe,0,dog,0.49551108479499817
sketch/giraffe/n02439033_9719-2.png,sketch,2,giraffe,0,dog,0.4689573645591736
sketch/giraffe/n02439033_9719-3.png,sketch,2,giraffe,4,horse,0.7504211664199829
sketch/giraffe/n02439033_9719-4.png,sketch,2,giraffe,0,dog,0.6863972544670105
sketch/giraffe/n02439033_9719-5.png,sketch,2,giraffe,4,horse,0.4655642807483673
sketch/giraffe/n02439033_9719-6.png,sketch,2,giraffe,4,horse,0.2844676375389099
sketch/giraffe/n02439033_9719-7.png,sketch,2,giraffe,0,dog,0.6009190082550049
sketch/giraffe/n02439033_9719-8.png,sketch,2,giraffe,4,horse,0.5049930810928345
sketch/giraffe/n02439033_9719-9.png,sketch,2,giraffe,4,horse,0.4468613266944885
sketch/giraffe/n02439033_991-1.png,sketch,2,giraffe,4,horse,0.5767132043838501
sketch/giraffe/n02439033_991-2.png,sketch,2,giraffe,4,horse,0.6132415533065796
sketch/giraffe/n02439033_991-3.png,sketch,2,giraffe,4,horse,0.5077419281005859
sketch/giraffe/n02439033_991-4.png,sketch,2,giraffe,1,elephant,0.7736775875091553
sketch/giraffe/n02439033_991-5.png,sketch,2,giraffe,4,horse,0.7986965179443359
sketch/giraffe/n02439033_991-6.png,sketch,2,giraffe,0,dog,0.6868374943733215
sketch/giraffe/n02439033_991-7.png,sketch,2,giraffe,4,horse,0.5187329053878784
sketch/giraffe/n02439033_991-8.png,sketch,2,giraffe,4,horse,0.4171304404735565
sketch/giraffe/n02439033_991-9.png,sketch,2,giraffe,4,horse,0.670749843120575
sketch/guitar/7601.png,sketch,3,guitar,1,elephant,0.656099259853363
sketch/guitar/7602.png,sketch,3,guitar,1,elephant,0.5052328705787659
sketch/guitar/7603.png,sketch,3,guitar,1,elephant,0.6037365794181824
sketch/guitar/7604.png,sketch,3,guitar,3,guitar,0.955776572227478
sketch/guitar/7605.png,sketch,3,guitar,3,guitar,0.9784082174301147
sketch/guitar/7606.png,sketch,3,guitar,3,guitar,0.992743730545044
sketch/guitar/7607.png,sketch,3,guitar,3,guitar,0.9368550777435303
sketch/guitar/7608.png,sketch,3,guitar,3,guitar,0.9752084016799927
sketch/guitar/7609.png,sketch,3,guitar,3,guitar,0.2632758319377899
sketch/guitar/7610.png,sketch,3,guitar,1,elephant,0.47554656863212585
sketch/guitar/7611.png,sketch,3,guitar,3,guitar,0.8712736368179321
sketch/guitar/7612.png,sketch,3,guitar,3,guitar,0.9800857901573181
sketch/guitar/7613.png,sketch,3,guitar,3,guitar,0.9961590766906738
sketch/guitar/7614.png,sketch,3,guitar,1,elephant,0.6546667814254761
sketch/guitar/7615.png,sketch,3,guitar,3,guitar,0.7453899383544922
sketch/guitar/7616.png,sketch,3,guitar,3,guitar,0.48169857263565063
sketch/guitar/7617.png,sketch,3,guitar,1,elephant,0.38306012749671936
sketch/guitar/7618.png,sketch,3,guitar,3,guitar,0.6742655038833618
sketch/guitar/7619.png,sketch,3,guitar,0,dog,0.2924943268299103
sketch/guitar/7620.png,sketch,3,guitar,1,elephant,0.5004785656929016
sketch/guitar/7621.png,sketch,3,guitar,3,guitar,0.9338687658309937
sketch/guitar/7622.png,sketch,3,guitar,3,guitar,0.9208378195762634
sketch/guitar/7623.png,sketch,3,guitar,3,guitar,0.9585784077644348
sketch/guitar/7624.png,sketch,3,guitar,1,elephant,0.5793669819831848
sketch/guitar/7625.png,sketch,3,guitar,3,guitar,0.9478611350059509
sketch/guitar/7626.png,sketch,3,guitar,0,dog,0.36461973190307617
sketch/guitar/7627.png,sketch,3,guitar,3,guitar,0.4781908690929413
sketch/guitar/7628.png,sketch,3,guitar,3,guitar,0.9691497087478638
sketch/guitar/7629.png,sketch,3,guitar,1,elephant,0.9264104962348938
sketch/guitar/7630.png,sketch,3,guitar,3,guitar,0.997688889503479
sketch/guitar/7631.png,sketch,3,guitar,3,guitar,0.9628424644470215
sketch/guitar/7632.png,sketch,3,guitar,3,guitar,0.45620766282081604
sketch/guitar/7633.png,sketch,3,guitar,3,guitar,0.942207396030426
sketch/guitar/7634.png,sketch,3,guitar,3,guitar,0.9999856948852539
sketch/guitar/7635.png,sketch,3,guitar,3,guitar,0.9102864265441895
sketch/guitar/7636.png,sketch,3,guitar,5,house,0.5018881559371948
sketch/guitar/7637.png,sketch,3,guitar,3,guitar,0.5190013647079468
sketch/guitar/7638.png,sketch,3,guitar,0,dog,0.4560666084289551
sketch/guitar/7639.png,sketch,3,guitar,0,dog,0.2943257689476013
sketch/guitar/7640.png,sketch,3,guitar,6,person,0.27494192123413086
sketch/guitar/7641.png,sketch,3,guitar,1,elephant,0.6898335814476013
sketch/guitar/7642.png,sketch,3,guitar,3,guitar,0.9981257319450378
sketch/guitar/7643.png,sketch,3,guitar,1,elephant,0.35711291432380676
sketch/guitar/7644.png,sketch,3,guitar,3,guitar,0.21973739564418793
sketch/guitar/7645.png,sketch,3,guitar,3,guitar,0.36929625272750854
sketch/guitar/7646.png,sketch,3,guitar,0,dog,0.47540581226348877
sketch/guitar/7647.png,sketch,3,guitar,1,elephant,0.4896916449069977
sketch/guitar/7648.png,sketch,3,guitar,3,guitar,0.8429883122444153
sketch/guitar/7649.png,sketch,3,guitar,1,elephant,0.7472552061080933
sketch/guitar/7650.png,sketch,3,guitar,1,elephant,0.6114149689674377
sketch/guitar/7651.png,sketch,3,guitar,3,guitar,0.9611968398094177
sketch/guitar/7652.png,sketch,3,guitar,3,guitar,0.3814685642719269
sketch/guitar/7653.png,sketch,3,guitar,1,elephant,0.6557320356369019
sketch/guitar/7654.png,sketch,3,guitar,3,guitar,0.3506638705730438
sketch/guitar/7655.png,sketch,3,guitar,3,guitar,0.7246305346488953
sketch/guitar/7656.png,sketch,3,guitar,3,guitar,0.5398843884468079
sketch/guitar/7657.png,sketch,3,guitar,3,guitar,0.9252352118492126
sketch/guitar/7658.png,sketch,3,guitar,1,elephant,0.45373037457466125
sketch/guitar/7659.png,sketch,3,guitar,3,guitar,0.4625517427921295
sketch/guitar/7660.png,sketch,3,guitar,1,elephant,0.7510368227958679
sketch/guitar/7661.png,sketch,3,guitar,0,dog,0.37860673666000366
sketch/guitar/7662.png,sketch,3,guitar,1,elephant,0.4660765528678894
sketch/guitar/7663.png,sketch,3,guitar,0,dog,0.260932594537735
sketch/guitar/7664.png,sketch,3,guitar,1,elephant,0.509951114654541
sketch/guitar/7665.png,sketch,3,guitar,0,dog,0.29944655299186707
sketch/guitar/7666.png,sketch,3,guitar,3,guitar,0.8641350865364075
sketch/guitar/7667.png,sketch,3,guitar,0,dog,0.5187502503395081
sketch/guitar/7668.png,sketch,3,guitar,3,guitar,0.6472033262252808
sketch/guitar/7669.png,sketch,3,guitar,1,elephant,0.34412622451782227
sketch/guitar/7670.png,sketch,3,guitar,3,guitar,0.9769898653030396
sketch/guitar/7671.png,sketch,3,guitar,1,elephant,0.4492698311805725
sketch/guitar/7672.png,sketch,3,guitar,3,guitar,0.9148531556129456
sketch/guitar/7673.png,sketch,3,guitar,3,guitar,0.8450335264205933
sketch/guitar/7674.png,sketch,3,guitar,1,elephant,0.6226577162742615
sketch/guitar/7675.png,sketch,3,guitar,3,guitar,0.9554301500320435
sketch/guitar/7676.png,sketch,3,guitar,3,guitar,0.929759681224823
sketch/guitar/7677.png,sketch,3,guitar,3,guitar,0.3031648099422455
sketch/guitar/7678.png,sketch,3,guitar,6,person,0.3880811333656311
sketch/guitar/7679.png,sketch,3,guitar,3,guitar,0.618535578250885
sketch/guitar/7680.png,sketch,3,guitar,1,elephant,0.7127807140350342
sketch/guitar/n02676566_11377-1.png,sketch,3,guitar,1,elephant,0.5874232053756714
sketch/guitar/n02676566_11377-2.png,sketch,3,guitar,3,guitar,0.9968163371086121
sketch/guitar/n02676566_11377-3.png,sketch,3,guitar,3,guitar,0.999947190284729
sketch/guitar/n02676566_11377-4.png,sketch,3,guitar,3,guitar,0.9999985694885254
sketch/guitar/n02676566_11377-5.png,sketch,3,guitar,3,guitar,0.9748374819755554
sketch/guitar/n02676566_11573-1.png,sketch,3,guitar,3,guitar,0.999943733215332
sketch/guitar/n02676566_11573-2.png,sketch,3,guitar,3,guitar,0.8510256409645081
sketch/guitar/n02676566_11573-3.png,sketch,3,guitar,3,guitar,0.999994158744812
sketch/guitar/n02676566_11573-4.png,sketch,3,guitar,1,elephant,0.6214374899864197
sketch/guitar/n02676566_11573-5.png,sketch,3,guitar,3,guitar,0.9997676014900208
sketch/guitar/n02676566_12344-1.png,sketch,3,guitar,3,guitar,0.9997360110282898
sketch/guitar/n02676566_12344-2.png,sketch,3,guitar,3,guitar,0.739546000957489
sketch/guitar/n02676566_12344-3.png,sketch,3,guitar,0,dog,0.33592379093170166
sketch/guitar/n02676566_12344-4.png,sketch,3,guitar,0,dog,0.33931076526641846
sketch/guitar/n02676566_12344-5.png,sketch,3,guitar,3,guitar,0.9849627017974854
sketch/guitar/n02676566_1324-1.png,sketch,3,guitar,3,guitar,0.9931935667991638
sketch/guitar/n02676566_1324-2.png,sketch,3,guitar,3,guitar,0.7471928000450134
sketch/guitar/n02676566_1324-3.png,sketch,3,guitar,1,elephant,0.28590527176856995
sketch/guitar/n02676566_1324-4.png,sketch,3,guitar,3,guitar,0.9990742206573486
sketch/guitar/n02676566_1324-5.png,sketch,3,guitar,3,guitar,0.9894269704818726
sketch/guitar/n02676566_2380-1.png,sketch,3,guitar,3,guitar,0.9465838670730591
sketch/guitar/n02676566_2380-2.png,sketch,3,guitar,3,guitar,0.9707232713699341
sketch/guitar/n02676566_2380-3.png,sketch,3,guitar,3,guitar,0.9960933327674866
sketch/guitar/n02676566_2380-4.png,sketch,3,guitar,3,guitar,0.9991300702095032
sketch/guitar/n02676566_2380-5.png,sketch,3,guitar,3,guitar,0.999704897403717
sketch/guitar/n02676566_2866-1.png,sketch,3,guitar,1,elephant,0.35697996616363525
sketch/guitar/n02676566_2866-2.png,sketch,3,guitar,3,guitar,0.9467951655387878
sketch/guitar/n02676566_2866-3.png,sketch,3,guitar,3,guitar,0.9842840433120728
sketch/guitar/n02676566_2866-4.png,sketch,3,guitar,3,guitar,0.9999991655349731
sketch/guitar/n02676566_2866-5.png,sketch,3,guitar,3,guitar,0.9285098314285278
sketch/guitar/n02676566_307-1.png,sketch,3,guitar,3,guitar,0.4577069580554962
sketch/guitar/n02676566_307-2.png,sketch,3,guitar,1,elephant,0.4545573592185974
sketch/guitar/n02676566_307-3.png,sketch,3,guitar,3,guitar,0.8961238265037537
sketch/guitar/n02676566_307-4.png,sketch,3,guitar,3,guitar,0.9750965237617493
sketch/guitar/n02676566_307-5.png,sketch,3,guitar,3,guitar,0.8274065256118774
sketch/guitar/n02676566_330-1.png,sketch,3,guitar,3,guitar,0.9910150170326233
sketch/guitar/n02676566_330-2.png,sketch,3,guitar,3,guitar,0.993786096572876
sketch/guitar/n02676566_330-3.png,sketch,3,guitar,3,guitar,0.9970676302909851
sketch/guitar/n02676566_330-4.png,sketch,3,guitar,3,guitar,0.9997027516365051
sketch/guitar/n02676566_330-5.png,sketch,3,guitar,3,guitar,0.8916106224060059
sketch/guitar/n02676566_330-6.png,sketch,3,guitar,3,guitar,0.9482678771018982
sketch/guitar/n02676566_3360-1.png,sketch,3,guitar,3,guitar,0.9672377109527588
sketch/guitar/n02676566_3360-2.png,sketch,3,guitar,3,guitar,0.9837606549263
sketch/guitar/n02676566_3360-3.png,sketch,3,guitar,0,dog,0.2896864712238312
sketch/guitar/n02676566_3360-4.png,sketch,3,guitar,3,guitar,0.45184630155563354
sketch/guitar/n02676566_3360-5.png,sketch,3,guitar,3,guitar,0.6320644617080688
sketch/guitar/n02676566_3360-6.png,sketch,3,guitar,3,guitar,0.9995823502540588
sketch/guitar/n02676566_4058-1.png,sketch,3,guitar,3,guitar,0.9060624837875366
sketch/guitar/n02676566_4058-2.png,sketch,3,guitar,1,elephant,0.7073002457618713
sketch/guitar/n02676566_4058-3.png,sketch,3,guitar,3,guitar,0.9716743230819702
sketch/guitar/n02676566_4058-4.png,sketch,3,guitar,3,guitar,0.9991220831871033
sketch/guitar/n02676566_4058-5.png,sketch,3,guitar,3,guitar,0.9996987581253052
sketch/guitar/n02676566_4058-6.png,sketch,3,guitar,1,elephant,0.6231805682182312
sketch/guitar/n02676566_4189-1.png,sketch,3,guitar,3,guitar,0.8811928629875183
sketch/guitar/n02676566_4189-2.png,sketch,3,guitar,3,guitar,0.9470104575157166
sketch/guitar/n02676566_4189-3.png,sketch,3,guitar,0,dog,0.26460587978363037
sketch/guitar/n02676566_4189-4.png,sketch,3,guitar,3,guitar,0.9974468946456909
sketch/guitar/n02676566_4189-5.png,sketch,3,guitar,3,guitar,0.9992259740829468
sketch/guitar/n02676566_4469-1.png,sketch,3,guitar,3,guitar,0.9649659395217896
sketch/guitar/n02676566_4469-2.png,sketch,3,guitar,3,guitar,0.47471076250076294
sketch/guitar/n02676566_4469-3.png,sketch,3,guitar,3,guitar,0.9836453199386597
sketch/guitar/n02676566_4469-4.png,sketch,3,guitar,3,guitar,0.3904678523540497
sketch/guitar/n02676566_4469-5.png,sketch,3,guitar,3,guitar,0.9314899444580078
sketch/guitar/n02676566_4605-1.png,sketch,3,guitar,3,guitar,0.8144957423210144
sketch/guitar/n02676566_4605-2.png,sketch,3,guitar,3,guitar,0.7799097895622253
sketch/guitar/n02676566_4605-3.png,sketch,3,guitar,3,guitar,0.4087193012237549
sketch/guitar/n02676566_4605-4.png,sketch,3,guitar,0,dog,0.3328748941421509
sketch/guitar/n02676566_4605-5.png,sketch,3,guitar,1,elephant,0.6164982318878174
sketch/guitar/n02676566_4605-6.png,sketch,3,guitar,3,guitar,0.5499459505081177
sketch/guitar/n02676566_4699-1.png,sketch,3,guitar,3,guitar,0.9960370659828186
sketch/guitar/n02676566_4699-2.png,sketch,3,guitar,3,guitar,0.9526390433311462
sketch/guitar/n02676566_4699-3.png,sketch,3,guitar,3,guitar,0.9291693568229675
sketch/guitar/n02676566_4699-4.png,sketch,3,guitar,3,guitar,0.9980781078338623
sketch/guitar/n02676566_4699-5.png,sketch,3,guitar,3,guitar,0.9924651384353638
sketch/guitar/n02676566_5134-1.png,sketch,3,guitar,3,guitar,0.8047486543655396
sketch/guitar/n02676566_5134-2.png,sketch,3,guitar,3,guitar,0.9999927282333374
sketch/guitar/n02676566_5134-3.png,sketch,3,guitar,3,guitar,0.9999632835388184
sketch/guitar/n02676566_5134-4.png,sketch,3,guitar,3,guitar,0.9999994039535522
sketch/guitar/n02676566_5134-5.png,sketch,3,guitar,3,guitar,0.9955452680587769
sketch/guitar/n02676566_5489-1.png,sketch,3,guitar,1,elephant,0.3655564486980438
sketch/guitar/n02676566_5489-2.png,sketch,3,guitar,3,guitar,0.7103896737098694
sketch/guitar/n02676566_5489-3.png,sketch,3,guitar,2,giraffe,0.28940024971961975
sketch/guitar/n02676566_5489-4.png,sketch,3,guitar,0,dog,0.3321051597595215
sketch/guitar/n02676566_5489-5.png,sketch,3,guitar,0,dog,0.37005725502967834
sketch/guitar/n02676566_5489-6.png,sketch,3,guitar,3,guitar,0.758715808391571
sketch/guitar/n02676566_5489-7.png,sketch,3,guitar,1,elephant,0.34685638546943665
sketch/guitar/n02676566_5735-1.png,sketch,3,guitar,3,guitar,0.9999998807907104
sketch/guitar/n02676566_5735-2.png,sketch,3,guitar,3,guitar,0.9999569654464722
sketch/guitar/n02676566_5735-3.png,sketch,3,guitar,3,guitar,0.9999268054962158
sketch/guitar/n02676566_5735-4.png,sketch,3,guitar,3,guitar,0.9783307313919067
sketch/guitar/n02676566_5735-5.png,sketch,3,guitar,3,guitar,0.9998542070388794
sketch/guitar/n02676566_6150-1.png,sketch,3,guitar,3,guitar,0.9994022846221924
sketch/guitar/n02676566_6150-2.png,sketch,3,guitar,3,guitar,0.9892171621322632
sketch/guitar/n02676566_6150-3.png,sketch,3,guitar,3,guitar,0.37678003311157227
sketch/guitar/n02676566_6150-4.png,sketch,3,guitar,3,guitar,0.9984452128410339
sketch/guitar/n02676566_6150-5.png,sketch,3,guitar,1,elephant,0.384796142578125
sketch/guitar/n02676566_6402-1.png,sketch,3,guitar,3,guitar,0.9995081424713135
sketch/guitar/n02676566_6402-2.png,sketch,3,guitar,3,guitar,0.9999359846115112
sketch/guitar/n02676566_6402-3.png,sketch,3,guitar,3,guitar,0.9366121292114258
sketch/guitar/n02676566_6402-4.png,sketch,3,guitar,3,guitar,0.9917616844177246
sketch/guitar/n02676566_6402-5.png,sketch,3,guitar,3,guitar,0.9998288154602051
sketch/guitar/n02676566_6430-1.png,sketch,3,guitar,3,guitar,0.9788711667060852
sketch/guitar/n02676566_6430-2.png,sketch,3,guitar,3,guitar,0.3308965861797333
sketch/guitar/n02676566_6430-3.png,sketch,3,guitar,3,guitar,0.8387960195541382
sketch/guitar/n02676566_6430-4.png,sketch,3,guitar,3,guitar,0.9216535091400146
sketch/guitar/n02676566_6430-5.png,sketch,3,guitar,3,guitar,0.630670964717865
sketch/guitar/n02676566_6560-1.png,sketch,3,guitar,3,guitar,0.9570713639259338
sketch/guitar/n02676566_6560-2.png,sketch,3,guitar,3,guitar,0.9775668978691101
sketch/guitar/n02676566_6560-3.png,sketch,3,guitar,3,guitar,0.8167561292648315
sketch/guitar/n02676566_6560-4.png,sketch,3,guitar,1,elephant,0.4322308301925659
sketch/guitar/n02676566_6560-5.png,sketch,3,guitar,3,guitar,0.9917216897010803
sketch/guitar/n02676566_659-1.png,sketch,3,guitar,3,guitar,0.9979630708694458
sketch/guitar/n02676566_659-2.png,sketch,3,guitar,3,guitar,0.9583897590637207
sketch/guitar/n02676566_659-3.png,sketch,3,guitar,3,guitar,0.9996176958084106
sketch/guitar/n02676566_659-4.png,sketch,3,guitar,3,guitar,0.9914458990097046
sketch/guitar/n02676566_659-5.png,sketch,3,guitar,3,guitar,0.761119544506073
sketch/guitar/n02676566_6631-1.png,sketch,3,guitar,3,guitar,0.9930580854415894
sketch/guitar/n02676566_6631-2.png,sketch,3,guitar,3,guitar,0.9976335763931274
sketch/guitar/n02676566_6631-3.png,sketch,3,guitar,3,guitar,0.9998786449432373
sketch/guitar/n02676566_6631-4.png,sketch,3,guitar,3,guitar,0.8376922011375427
sketch/guitar/n02676566_6631-5.png,sketch,3,guitar,3,guitar,0.9081392884254456
sketch/guitar/n02676566_6704-1.png,sketch,3,guitar,3,guitar,0.9394157528877258
sketch/guitar/n02676566_6704-2.png,sketch,3,guitar,3,guitar,0.8775087594985962
sketch/guitar/n02676566_6704-3.png,sketch,3,guitar,3,guitar,0.9978487491607666
sketch/guitar/n02676566_6704-4.png,sketch,3,guitar,3,guitar,0.861910879611969
sketch/guitar/n02676566_6704-5.png,sketch,3,guitar,3,guitar,0.8882247805595398
sketch/guitar/n02676566_6864-1.png,sketch,3,guitar,1,elephant,0.879207193851471
sketch/guitar/n02676566_6864-2.png,sketch,3,guitar,3,guitar,0.9844062328338623
sketch/guitar/n02676566_6864-3.png,sketch,3,guitar,3,guitar,0.7217880487442017
sketch/guitar/n02676566_6864-4.png,sketch,3,guitar,1,elephant,0.8299546241760254
sketch/guitar/n02676566_6864-5.png,sketch,3,guitar,3,guitar,0.9999998807907104
sketch/guitar/n02676566_6914-1.png,sketch,3,guitar,3,guitar,0.9936042428016663
sketch/guitar/n02676566_6914-2.png,sketch,3,guitar,3,guitar,0.9619064331054688
sketch/guitar/n02676566_6914-3.png,sketch,3,guitar,3,guitar,0.34467145800590515
sketch/guitar/n02676566_6914-4.png,sketch,3,guitar,3,guitar,0.9993225336074829
sketch/guitar/n02676566_6914-5.png,sketch,3,guitar,3,guitar,0.9740567803382874
sketch/guitar/n02676566_6948-1.png,sketch,3,guitar,3,guitar,0.9987710118293762
sketch/guitar/n02676566_6948-2.png,sketch,3,guitar,3,guitar,0.8856373429298401
sketch/guitar/n02676566_6948-3.png,sketch,3,guitar,3,guitar,0.6034794449806213
sketch/guitar/n02676566_6948-4.png,sketch,3,guitar,3,guitar,0.9949539303779602
sketch/guitar/n02676566_6948-5.png,sketch,3,guitar,3,guitar,0.9985681772232056
sketch/guitar/n02676566_6980-1.png,sketch,3,guitar,1,elephant,0.6694666743278503
sketch/guitar/n02676566_6980-2.png,sketch,3,guitar,3,guitar,0.9999449253082275
sketch/guitar/n02676566_6980-3.png,sketch,3,guitar,1,elephant,0.4838770031929016
sketch/guitar/n02676566_6980-4.png,sketch,3,guitar,1,elephant,0.3566279411315918
sketch/guitar/n02676566_6980-5.png,sketch,3,guitar,3,guitar,1.0
sketch/guitar/n02676566_7385-1.png,sketch,3,guitar,3,guitar,0.9999574422836304
sketch/guitar/n02676566_7385-2.png,sketch,3,guitar,3,guitar,0.9541727900505066
sketch/guitar/n02676566_7385-3.png,sketch,3,guitar,3,guitar,0.9764211773872375
sketch/guitar/n02676566_7385-4.png,sketch,3,guitar,3,guitar,0.9897658228874207
sketch/guitar/n02676566_7385-5.png,sketch,3,guitar,3,guitar,0.9962083101272583
sketch/guitar/n02676566_7385-6.png,sketch,3,guitar,3,guitar,0.9949203133583069
sketch/guitar/n02676566_7770-1.png,sketch,3,guitar,3,guitar,0.9556770324707031
sketch/guitar/n02676566_7770-2.png,sketch,3,guitar,1,elephant,0.6864994168281555
sketch/guitar/n02676566_7770-3.png,sketch,3,guitar,3,guitar,0.9950724244117737
sketch/guitar/n02676566_7770-4.png,sketch,3,guitar,3,guitar,0.9969915151596069
sketch/guitar/n02676566_7770-5.png,sketch,3,guitar,3,guitar,0.5342616438865662
sketch/guitar/n02676566_7830-1.png,sketch,3,guitar,3,guitar,0.9908242225646973
sketch/guitar/n02676566_7830-2.png,sketch,3,guitar,3,guitar,0.9913501739501953
sketch/guitar/n02676566_7830-3.png,sketch,3,guitar,3,guitar,0.961106538772583
sketch/guitar/n02676566_7830-4.png,sketch,3,guitar,3,guitar,0.9942175149917603
sketch/guitar/n02676566_7830-5.png,sketch,3,guitar,3,guitar,0.745802104473114
sketch/guitar/n02676566_7844-1.png,sketch,3,guitar,3,guitar,0.997016191482544
sketch/guitar/n02676566_7844-2.png,sketch,3,guitar,3,guitar,0.9922881126403809
sketch/guitar/n02676566_7844-3.png,sketch,3,guitar,3,guitar,0.9999179840087891
sketch/guitar/n02676566_7844-4.png,sketch,3,guitar,3,guitar,0.99153733253479
sketch/guitar/n02676566_7844-5.png,sketch,3,guitar,6,person,0.2285795956850052
sketch/guitar/n02676566_7927-1.png,sketch,3,guitar,3,guitar,0.9968428611755371
sketch/guitar/n02676566_7927-2.png,sketch,3,guitar,3,guitar,0.37735670804977417
sketch/guitar/n02676566_7927-3.png,sketch,3,guitar,1,elephant,0.3611176013946533
sketch/guitar/n02676566_7927-4.png,sketch,3,guitar,3,guitar,0.9379133582115173
sketch/guitar/n02676566_7927-5.png,sketch,3,guitar,3,guitar,0.9090952277183533
sketch/guitar/n02676566_7927-6.png,sketch,3,guitar,3,guitar,0.9692989587783813
sketch/guitar/n02676566_8268-1.png,sketch,3,guitar,3,guitar,0.9999998807907104
sketch/guitar/n02676566_8268-2.png,sketch,3,guitar,3,guitar,0.9969283938407898
sketch/guitar/n02676566_8268-3.png,sketch,3,guitar,0,dog,0.29291579127311707
sketch/guitar/n02676566_8268-4.png,sketch,3,guitar,3,guitar,0.9599453210830688
sketch/guitar/n02676566_8268-5.png,sketch,3,guitar,3,guitar,0.9981235861778259
sketch/guitar/n02676566_8309-1.png,sketch,3,guitar,3,guitar,0.9594366550445557
sketch/guitar/n02676566_8309-2.png,sketch,3,guitar,3,guitar,0.7674071788787842
sketch/guitar/n02676566_8309-3.png,sketch,3,guitar,3,guitar,0.7551700472831726
sketch/guitar/n02676566_8309-4.png,sketch,3,guitar,3,guitar,0.9957203269004822
sketch/guitar/n02676566_8309-5.png,sketch,3,guitar,3,guitar,0.9984275102615356
sketch/guitar/n02676566_8467-1.png,sketch,3,guitar,3,guitar,0.9854230880737305
sketch/guitar/n02676566_8467-2.png,sketch,3,guitar,3,guitar,0.401111364364624
sketch/guitar/n02676566_8467-3.png,sketch,3,guitar,0,dog,0.7243713736534119
sketch/guitar/n02676566_8467-4.png,sketch,3,guitar,3,guitar,0.6850701570510864
sketch/guitar/n02676566_8467-5.png,sketch,3,guitar,3,guitar,0.9651952981948853
sketch/guitar/n02676566_8618-1.png,sketch,3,guitar,3,guitar,0.9953442215919495
sketch/guitar/n02676566_8618-2.png,sketch,3,guitar,3,guitar,0.9295032620429993
sketch/guitar/n02676566_8618-3.png,sketch,3,guitar,3,guitar,0.2895814776420593
sketch/guitar/n02676566_8618-4.png,sketch,3,guitar,3,guitar,0.9997355341911316
sketch/guitar/n02676566_8618-5.png,sketch,3,guitar,3,guitar,0.9317741394042969
sketch/guitar/n02676566_8618-6.png,sketch,3,guitar,3,guitar,0.9795854091644287
sketch/guitar/n02676566_8820-1.png,sketch,3,guitar,3,guitar,0.9768279790878296
sketch/guitar/n02676566_8820-2.png,sketch,3,guitar,3,guitar,0.7108394503593445
sketch/guitar/n02676566_8820-3.png,sketch,3,guitar,3,guitar,0.9311419725418091
sketch/guitar/n02676566_8820-4.png,sketch,3,guitar,3,guitar,0.9995204210281372
sketch/guitar/n02676566_8820-5.png,sketch,3,guitar,3,guitar,0.34589338302612305
sketch/guitar/n02676566_8859-1.png,sketch,3,guitar,3,guitar,0.5620863437652588
sketch/guitar/n02676566_8859-2.png,sketch,3,guitar,0,dog,0.47520706057548523
sketch/guitar/n02676566_8859-3.png,sketch,3,guitar,3,guitar,0.9095281362533569
sketch/guitar/n02676566_8859-4.png,sketch,3,guitar,3,guitar,0.8797840476036072
sketch/guitar/n02676566_8859-5.png,sketch,3,guitar,3,guitar,0.8832245469093323
sketch/guitar/n02676566_8859-6.png,sketch,3,guitar,3,guitar,0.9984356760978699
sketch/guitar/n02676566_8997-1.png,sketch,3,guitar,3,guitar,0.999969482421875
sketch/guitar/n02676566_8997-2.png,sketch,3,guitar,3,guitar,0.9644585847854614
sketch/guitar/n02676566_8997-3.png,sketch,3,guitar,3,guitar,0.9980674386024475
sketch/guitar/n02676566_8997-4.png,sketch,3,guitar,3,guitar,0.9592769145965576
sketch/guitar/n02676566_8997-5.png,sketch,3,guitar,3,guitar,0.9830260872840881
sketch/guitar/n02676566_9062-1.png,sketch,3,guitar,3,guitar,0.5266990661621094
sketch/guitar/n02676566_9062-2.png,sketch,3,guitar,3,guitar,0.9970203042030334
sketch/guitar/n02676566_9062-3.png,sketch,3,guitar,3,guitar,0.9266631603240967
sketch/guitar/n02676566_9062-4.png,sketch,3,guitar,3,guitar,0.9911236763000488
sketch/guitar/n02676566_9062-5.png,sketch,3,guitar,3,guitar,0.999377429485321
sketch/guitar/n02676566_9243-1.png,sketch,3,guitar,3,guitar,0.9564812183380127
sketch/guitar/n02676566_9243-2.png,sketch,3,guitar,1,elephant,0.49632781744003296
sketch/guitar/n02676566_9243-3.png,sketch,3,guitar,3,guitar,0.9935929179191589
sketch/guitar/n02676566_9243-4.png,sketch,3,guitar,3,guitar,0.9593826532363892
sketch/guitar/n02676566_9243-5.png,sketch,3,guitar,3,guitar,0.9994176626205444
sketch/guitar/n02676566_9243-6.png,sketch,3,guitar,3,guitar,0.8250433206558228
sketch/guitar/n02676566_9254-1.png,sketch,3,guitar,3,guitar,0.9951470494270325
sketch/guitar/n02676566_9254-2.png,sketch,3,guitar,1,elephant,0.3970348834991455
sketch/guitar/n02676566_9254-3.png,sketch,3,guitar,3,guitar,0.9999951124191284
sketch/guitar/n02676566_9254-4.png,sketch,3,guitar,3,guitar,0.9920061230659485
sketch/guitar/n02676566_9254-5.png,sketch,3,guitar,3,guitar,0.999554455280304
sketch/guitar/n02676566_9451-1.png,sketch,3,guitar,3,guitar,0.9999673366546631
sketch/guitar/n02676566_9451-2.png,sketch,3,guitar,3,guitar,0.9962897300720215
sketch/guitar/n02676566_9451-3.png,sketch,3,guitar,3,guitar,0.9731611013412476
sketch/guitar/n02676566_9451-4.png,sketch,3,guitar,3,guitar,0.9942163228988647
sketch/guitar/n02676566_9451-5.png,sketch,3,guitar,3,guitar,0.8504498600959778
sketch/guitar/n02676566_9577-1.png,sketch,3,guitar,3,guitar,0.920106053352356
sketch/guitar/n02676566_9577-2.png,sketch,3,guitar,3,guitar,0.9508846998214722
sketch/guitar/n02676566_9577-3.png,sketch,3,guitar,3,guitar,0.8897152543067932
sketch/guitar/n02676566_9577-4.png,sketch,3,guitar,3,guitar,0.5133157968521118
sketch/guitar/n02676566_9577-5.png,sketch,3,guitar,3,guitar,0.9985367059707642
sketch/guitar/n02676566_9577-6.png,sketch,3,guitar,3,guitar,0.7577096223831177
sketch/guitar/n02676566_9612-1.png,sketch,3,guitar,3,guitar,0.9464054107666016
sketch/guitar/n02676566_9612-2.png,sketch,3,guitar,3,guitar,0.9733760952949524
sketch/guitar/n02676566_9612-3.png,sketch,3,guitar,3,guitar,0.9974697828292847
sketch/guitar/n02676566_9612-4.png,sketch,3,guitar,3,guitar,0.7007624506950378
sketch/guitar/n02676566_9612-5.png,sketch,3,guitar,3,guitar,0.9915926456451416
sketch/guitar/n02676566_9661-1.png,sketch,3,guitar,3,guitar,0.6142399907112122
sketch/guitar/n02676566_9661-2.png,sketch,3,guitar,3,guitar,0.9792318344116211
sketch/guitar/n02676566_9661-3.png,sketch,3,guitar,3,guitar,0.9993733763694763
sketch/guitar/n02676566_9661-4.png,sketch,3,guitar,3,guitar,0.8045210838317871
sketch/guitar/n02676566_9661-5.png,sketch,3,guitar,3,guitar,0.8688521981239319
sketch/guitar/n02676566_9661-6.png,sketch,3,guitar,3,guitar,0.8741936087608337
sketch/guitar/n02676566_970-1.png,sketch,3,guitar,3,guitar,0.9989355206489563
sketch/guitar/n02676566_970-2.png,sketch,3,guitar,3,guitar,0.7134844064712524
sketch/guitar/n02676566_970-3.png,sketch,3,guitar,0,dog,0.3407054543495178
sketch/guitar/n02676566_970-4.png,sketch,3,guitar,3,guitar,0.9955846667289734
sketch/guitar/n02676566_970-5.png,sketch,3,guitar,6,person,0.2535822093486786
sketch/guitar/n02676566_970-6.png,sketch,3,guitar,0,dog,0.42315182089805603
sketch/guitar/n02676566_9936-1.png,sketch,3,guitar,3,guitar,0.763468861579895
sketch/guitar/n02676566_9936-2.png,sketch,3,guitar,3,guitar,0.9997525811195374
sketch/guitar/n02676566_9936-3.png,sketch,3,guitar,3,guitar,0.7444716691970825
sketch/guitar/n02676566_9936-4.png,sketch,3,guitar,3,guitar,0.9602667689323425
sketch/guitar/n02676566_9936-5.png,sketch,3,guitar,3,guitar,0.9604447484016418
sketch/guitar/n03272010_10441-1.png,sketch,3,guitar,3,guitar,0.7643569707870483
sketch/guitar/n03272010_10441-2.png,sketch,3,guitar,3,guitar,0.36911699175834656
sketch/guitar/n03272010_10441-3.png,sketch,3,guitar,3,guitar,0.9407501816749573
sketch/guitar/n03272010_10441-4.png,sketch,3,guitar,3,guitar,0.9667274355888367
sketch/guitar/n03272010_10441-5.png,sketch,3,guitar,3,guitar,0.9999927282333374
sketch/guitar/n03272010_10795-1.png,sketch,3,guitar,3,guitar,0.9994903802871704
sketch/guitar/n03272010_10795-2.png,sketch,3,guitar,3,guitar,0.9937904477119446
sketch/guitar/n03272010_10795-3.png,sketch,3,guitar,3,guitar,0.7107839584350586
sketch/guitar/n03272010_10795-4.png,sketch,3,guitar,3,guitar,0.9997959733009338
sketch/guitar/n03272010_10795-5.png,sketch,3,guitar,3,guitar,0.9192994832992554
sketch/guitar/n03272010_11646-1.png,sketch,3,guitar,3,guitar,0.9999970197677612
sketch/guitar/n03272010_11646-2.png,sketch,3,guitar,3,guitar,0.999993085861206
sketch/guitar/n03272010_11646-3.png,sketch,3,guitar,3,guitar,0.9600624442100525
sketch/guitar/n03272010_11646-4.png,sketch,3,guitar,3,guitar,0.9999998807907104
sketch/guitar/n03272010_11646-5.png,sketch,3,guitar,3,guitar,0.3990184962749481
sketch/guitar/n03272010_12151-1.png,sketch,3,guitar,3,guitar,0.9960075616836548
sketch/guitar/n03272010_12151-2.png,sketch,3,guitar,3,guitar,0.9998433589935303
sketch/guitar/n03272010_12151-3.png,sketch,3,guitar,3,guitar,0.5250131487846375
sketch/guitar/n03272010_12151-4.png,sketch,3,guitar,3,guitar,0.9658668637275696
sketch/guitar/n03272010_12151-5.png,sketch,3,guitar,3,guitar,0.9901127815246582
sketch/guitar/n03272010_12468-1.png,sketch,3,guitar,3,guitar,0.9518774151802063
sketch/guitar/n03272010_12468-2.png,sketch,3,guitar,3,guitar,0.5008099675178528
sketch/guitar/n03272010_12468-3.png,sketch,3,guitar,3,guitar,0.97533118724823
sketch/guitar/n03272010_12468-4.png,sketch,3,guitar,3,guitar,0.8470261096954346
sketch/guitar/n03272010_12468-5.png,sketch,3,guitar,3,guitar,0.9845440983772278
sketch/guitar/n03272010_1708-1.png,sketch,3,guitar,3,guitar,0.6281214356422424
sketch/guitar/n03272010_1708-2.png,sketch,3,guitar,1,elephant,0.7511924505233765
sketch/guitar/n03272010_1708-3.png,sketch,3,guitar,3,guitar,0.7523699998855591
sketch/guitar/n03272010_1708-4.png,sketch,3,guitar,1,elephant,0.30567872524261475
sketch/guitar/n03272010_1708-5.png,sketch,3,guitar,3,guitar,0.9976488947868347
sketch/guitar/n03272010_1708-6.png,sketch,3,guitar,1,elephant,0.5956147313117981
sketch/guitar/n03272010_3732-1.png,sketch,3,guitar,3,guitar,0.9930797219276428
sketch/guitar/n03272010_3732-2.png,sketch,3,guitar,3,guitar,0.9999885559082031
sketch/guitar/n03272010_3732-3.png,sketch,3,guitar,6,person,0.2887073755264282
sketch/guitar/n03272010_3732-4.png,sketch,3,guitar,3,guitar,0.999352753162384
sketch/guitar/n03272010_3732-5.png,sketch,3,guitar,3,guitar,0.8406292200088501
sketch/guitar/n03272010_3732-6.png,sketch,3,guitar,3,guitar,0.9985076785087585
sketch/guitar/n03272010_392-1.png,sketch,3,guitar,1,elephant,0.48881039023399353
sketch/guitar/n03272010_392-2.png,sketch,3,guitar,3,guitar,0.23671795427799225
sketch/guitar/n03272010_392-3.png,sketch,3,guitar,3,guitar,0.943171501159668
sketch/guitar/n03272010_392-4.png,sketch,3,guitar,3,guitar,0.9710544347763062
sketch/guitar/n03272010_392-5.png,sketch,3,guitar,0,dog,0.3904893100261688
sketch/guitar/n03272010_446-1.png,sketch,3,guitar,3,guitar,0.9960305094718933
sketch/guitar/n03272010_446-2.png,sketch,3,guitar,3,guitar,0.8741113543510437
sketch/guitar/n03272010_446-3.png,sketch,3,guitar,3,guitar,0.9983537197113037
sketch/guitar/n03272010_446-4.png,sketch,3,guitar,1,elephant,0.32659193873405457
sketch/guitar/n03272010_446-5.png,sketch,3,guitar,3,guitar,0.6404138803482056
sketch/guitar/n03272010_5483-1.png,sketch,3,guitar,0,dog,0.3482384979724884
sketch/guitar/n03272010_5483-2.png,sketch,3,guitar,3,guitar,0.5752909779548645
sketch/guitar/n03272010_5483-3.png,sketch,3,guitar,0,dog,0.5674141049385071
sketch/guitar/n03272010_5483-4.png,sketch,3,guitar,3,guitar,0.9983269572257996
sketch/guitar/n03272010_5483-5.png,sketch,3,guitar,3,guitar,0.4178357720375061
sketch/guitar/n03272010_5483-6.png,sketch,3,guitar,3,guitar,0.9999459981918335
sketch/guitar/n03272010_5875-1.png,sketch,3,guitar,3,guitar,0.9819225072860718
sketch/guitar/n03272010_5875-2.png,sketch,3,guitar,1,elephant,0.48778587579727173
sketch/guitar/n03272010_5875-3.png,sketch,3,guitar,1,elephant,0.7546601891517639
sketch/guitar/n03272010_5875-4.png,sketch,3,guitar,3,guitar,0.9968222379684448
sketch/guitar/n03272010_5875-5.png,sketch,3,guitar,3,guitar,0.7435142993927002
sketch/guitar/n03272010_5887-1.png,sketch,3,guitar,3,guitar,0.8740739226341248
sketch/guitar/n03272010_5887-2.png,sketch,3,guitar,1,elephant,0.8426215052604675
sketch/guitar/n03272010_5887-3.png,sketch,3,guitar,1,elephant,0.6488267183303833
sketch/guitar/n03272010_5887-4.png,sketch,3,guitar,1,elephant,0.663840651512146
sketch/guitar/n03272010_5887-5.png,sketch,3,guitar,3,guitar,0.8995554447174072
sketch/guitar/n03272010_5887-6.png,sketch,3,guitar,3,guitar,0.9930439591407776
sketch/guitar/n03272010_5887-7.png,sketch,3,guitar,1,elephant,0.38265371322631836
sketch/guitar/n03272010_6152-1.png,sketch,3,guitar,3,guitar,0.8921793103218079
sketch/guitar/n03272010_6152-2.png,sketch,3,guitar,3,guitar,0.9999991655349731
sketch/guitar/n03272010_6152-3.png,sketch,3,guitar,3,guitar,0.997103750705719
sketch/guitar/n03272010_6152-4.png,sketch,3,guitar,3,guitar,0.9998784065246582
sketch/guitar/n03272010_6152-5.png,sketch,3,guitar,0,dog,0.25663670897483826
sketch/guitar/n03272010_6255-1.png,sketch,3,guitar,3,guitar,0.8990750908851624
sketch/guitar/n03272010_6255-2.png,sketch,3,guitar,3,guitar,0.6512637734413147
sketch/guitar/n03272010_6255-3.png,sketch,3,guitar,3,guitar,0.3941011130809784
sketch/guitar/n03272010_6255-4.png,sketch,3,guitar,1,elephant,0.5317634344100952
sketch/guitar/n03272010_6255-5.png,sketch,3,guitar,3,guitar,0.9810044169425964
sketch/guitar/n03272010_6291-1.png,sketch,3,guitar,3,guitar,0.9652048349380493
sketch/guitar/n03272010_6291-2.png,sketch,3,guitar,3,guitar,0.7417755722999573
sketch/guitar/n03272010_6291-3.png,sketch,3,guitar,6,person,0.26084429025650024
sketch/guitar/n03272010_6291-4.png,sketch,3,guitar,1,elephant,0.46641260385513306
sketch/guitar/n03272010_6291-5.png,sketch,3,guitar,3,guitar,0.9311230778694153
sketch/guitar/n03272010_6650-1.png,sketch,3,guitar,3,guitar,0.9944472312927246
sketch/guitar/n03272010_6650-2.png,sketch,3,guitar,6,person,0.2632729709148407
sketch/guitar/n03272010_6650-3.png,sketch,3,guitar,3,guitar,0.9995166063308716
sketch/guitar/n03272010_6650-4.png,sketch,3,guitar,3,guitar,0.9952234625816345
sketch/guitar/n03272010_6650-5.png,sketch,3,guitar,3,guitar,0.7174381613731384
sketch/guitar/n03272010_6650-6.png,sketch,3,guitar,3,guitar,0.9116799831390381
sketch/guitar/n03272010_6662-1.png,sketch,3,guitar,3,guitar,0.5948271155357361
sketch/guitar/n03272010_6662-2.png,sketch,3,guitar,3,guitar,0.999100923538208
sketch/guitar/n03272010_6662-3.png,sketch,3,guitar,3,guitar,0.9990392923355103
sketch/guitar/n03272010_6662-4.png,sketch,3,guitar,3,guitar,0.8001810312271118
sketch/guitar/n03272010_6662-5.png,sketch,3,guitar,3,guitar,0.41590845584869385
sketch/guitar/n03272010_6662-6.png,sketch,3,guitar,3,guitar,0.9620101451873779
sketch/guitar/n03272010_6662-7.png,sketch,3,guitar,3,guitar,0.31249964237213135
sketch/guitar/n03272010_6718-1.png,sketch,3,guitar,3,guitar,0.9988303780555725
sketch/guitar/n03272010_6718-2.png,sketch,3,guitar,3,guitar,0.8378649353981018
sketch/guitar/n03272010_6718-3.png,sketch,3,guitar,3,guitar,0.6661106944084167
sketch/guitar/n03272010_6718-4.png,sketch,3,guitar,3,guitar,0.9996949434280396
sketch/guitar/n03272010_6718-5.png,sketch,3,guitar,3,guitar,0.9601402282714844
sketch/guitar/n03272010_6725-1.png,sketch,3,guitar,3,guitar,0.3851495385169983
sketch/guitar/n03272010_6725-2.png,sketch,3,guitar,0,dog,0.7078991532325745
sketch/guitar/n03272010_6725-3.png,sketch,3,guitar,3,guitar,0.8132494688034058
sketch/guitar/n03272010_6725-4.png,sketch,3,guitar,3,guitar,0.9933131337165833
sketch/guitar/n03272010_6725-5.png,sketch,3,guitar,3,guitar,0.999990701675415
sketch/guitar/n03272010_6727-1.png,sketch,3,guitar,3,guitar,0.6194997429847717
sketch/guitar/n03272010_6727-2.png,sketch,3,guitar,3,guitar,0.2982810139656067
sketch/guitar/n03272010_6727-3.png,sketch,3,guitar,1,elephant,0.39298325777053833
sketch/guitar/n03272010_6727-4.png,sketch,3,guitar,3,guitar,0.5852510929107666
sketch/guitar/n03272010_6727-5.png,sketch,3,guitar,1,elephant,0.633245587348938
sketch/guitar/n03272010_6737-1.png,sketch,3,guitar,3,guitar,0.9713924527168274
sketch/guitar/n03272010_6737-2.png,sketch,3,guitar,0,dog,0.31250396370887756
sketch/guitar/n03272010_6737-3.png,sketch,3,guitar,3,guitar,0.8237486481666565
sketch/guitar/n03272010_6737-4.png,sketch,3,guitar,3,guitar,0.9699951410293579
sketch/guitar/n03272010_6737-5.png,sketch,3,guitar,3,guitar,0.5864683985710144
sketch/guitar/n03272010_6737-6.png,sketch,3,guitar,3,guitar,0.8428212404251099
sketch/guitar/n03272010_6799-1.png,sketch,3,guitar,3,guitar,0.9659386277198792
sketch/guitar/n03272010_6799-2.png,sketch,3,guitar,3,guitar,0.9859102964401245
sketch/guitar/n03272010_6799-3.png,sketch,3,guitar,3,guitar,0.9524749517440796
sketch/guitar/n03272010_6799-4.png,sketch,3,guitar,3,guitar,0.7316315174102783
sketch/guitar/n03272010_6799-5.png,sketch,3,guitar,3,guitar,0.9519703984260559
sketch/guitar/n03272010_6809-1.png,sketch,3,guitar,3,guitar,0.9999545812606812
sketch/guitar/n03272010_6809-2.png,sketch,3,guitar,1,elephant,0.5219407081604004
sketch/guitar/n03272010_6809-3.png,sketch,3,guitar,3,guitar,0.9915687441825867
sketch/guitar/n03272010_6809-4.png,sketch,3,guitar,3,guitar,0.9624407887458801
sketch/guitar/n03272010_6809-5.png,sketch,3,guitar,3,guitar,0.9994675517082214
sketch/guitar/n03272010_6820-1.png,sketch,3,guitar,3,guitar,0.9893121123313904
sketch/guitar/n03272010_6820-2.png,sketch,3,guitar,3,guitar,0.9883449077606201
sketch/guitar/n03272010_6820-3.png,sketch,3,guitar,3,guitar,0.999835729598999
sketch/guitar/n03272010_6820-4.png,sketch,3,guitar,3,guitar,0.6839491724967957
sketch/guitar/n03272010_6820-5.png,sketch,3,guitar,3,guitar,0.9078680276870728
sketch/guitar/n03272010_6926-1.png,sketch,3,guitar,3,guitar,0.8692327737808228
sketch/guitar/n03272010_6926-2.png,sketch,3,guitar,3,guitar,0.632203221321106
sketch/guitar/n03272010_6926-3.png,sketch,3,guitar,3,guitar,0.9964087605476379
sketch/guitar/n03272010_6926-4.png,sketch,3,guitar,1,elephant,0.37745043635368347
sketch/guitar/n03272010_6926-5.png,sketch,3,guitar,3,guitar,0.9971702694892883
sketch/guitar/n03272010_7000-1.png,sketch,3,guitar,3,guitar,0.999967098236084
sketch/guitar/n03272010_7000-2.png,sketch,3,guitar,3,guitar,0.9360420107841492
sketch/guitar/n03272010_7000-3.png,sketch,3,guitar,3,guitar,0.997835099697113
sketch/guitar/n03272010_7000-4.png,sketch,3,guitar,3,guitar,0.9953650236129761
sketch/guitar/n03272010_7000-5.png,sketch,3,guitar,3,guitar,0.9999897480010986
sketch/guitar/n03272010_7092-1.png,sketch,3,guitar,3,guitar,0.9885257482528687
sketch/guitar/n03272010_7092-2.png,sketch,3,guitar,3,guitar,0.6534193158149719
sketch/guitar/n03272010_7092-3.png,sketch,3,guitar,3,guitar,0.9993433356285095
sketch/guitar/n03272010_7092-4.png,sketch,3,guitar,6,person,0.24444812536239624
sketch/guitar/n03272010_7092-5.png,sketch,3,guitar,3,guitar,0.9999990463256836
sketch/guitar/n03272010_7383-1.png,sketch,3,guitar,3,guitar,0.9674519896507263
sketch/guitar/n03272010_7383-2.png,sketch,3,guitar,3,guitar,0.8455319404602051
sketch/guitar/n03272010_7383-3.png,sketch,3,guitar,3,guitar,0.9999992847442627
sketch/guitar/n03272010_7383-4.png,sketch,3,guitar,3,guitar,0.7455840706825256
sketch/guitar/n03272010_7383-5.png,sketch,3,guitar,3,guitar,0.9723104238510132
sketch/guitar/n03272010_7390-1.png,sketch,3,guitar,3,guitar,0.9821174740791321
sketch/guitar/n03272010_7390-2.png,sketch,3,guitar,3,guitar,0.4244910180568695
sketch/guitar/n03272010_7390-3.png,sketch,3,guitar,0,dog,0.3677962124347687
sketch/guitar/n03272010_7390-4.png,sketch,3,guitar,3,guitar,0.9988847374916077
sketch/guitar/n03272010_7390-5.png,sketch,3,guitar,3,guitar,0.560944139957428
sketch/guitar/n03272010_7635-1.png,sketch,3,guitar,3,guitar,0.45975980162620544
sketch/guitar/n03272010_7635-2.png,sketch,3,guitar,3,guitar,0.9761258363723755
sketch/guitar/n03272010_7635-3.png,sketch,3,guitar,1,elephant,0.6825904846191406
sketch/guitar/n03272010_7635-4.png,sketch,3,guitar,3,guitar,0.9595553874969482
sketch/guitar/n03272010_7635-5.png,sketch,3,guitar,3,guitar,0.9999783039093018
sketch/guitar/n03272010_7729-1.png,sketch,3,guitar,0,dog,0.3792373836040497
sketch/guitar/n03272010_7729-2.png,sketch,3,guitar,3,guitar,0.9948655962944031
sketch/guitar/n03272010_7729-3.png,sketch,3,guitar,3,guitar,0.9657338857650757
sketch/guitar/n03272010_7729-4.png,sketch,3,guitar,3,guitar,0.8327107429504395
sketch/guitar/n03272010_7729-5.png,sketch,3,guitar,3,guitar,0.48018383979797363
sketch/guitar/n03272010_9557-1.png,sketch,3,guitar,3,guitar,0.9813340306282043
sketch/guitar/n03272010_9557-2.png,sketch,3,guitar,3,guitar,0.8230816721916199
sketch/guitar/n03272010_9557-3.png,sketch,3,guitar,3,guitar,0.9938096404075623
sketch/guitar/n03272010_9557-4.png,sketch,3,guitar,1,elephant,0.267139196395874
sketch/guitar/n03272010_9557-5.png,sketch,3,guitar,0,dog,0.2566262185573578
sketch/guitar/n03272010_9557-6.png,sketch,3,guitar,3,guitar,0.8888182640075684
sketch/guitar/n03272010_9858-1.png,sketch,3,guitar,3,guitar,0.984751284122467
sketch/guitar/n03272010_9858-2.png,sketch,3,guitar,3,guitar,0.40060940384864807
sketch/guitar/n03272010_9858-3.png,sketch,3,guitar,3,guitar,0.9568820595741272
sketch/guitar/n03272010_9858-4.png,sketch,3,guitar,3,guitar,0.9966160655021667
sketch/guitar/n03272010_9858-5.png,sketch,3,guitar,3,guitar,0.7545145750045776
sketch/guitar/n03272010_9899-1.png,sketch,3,guitar,0,dog,0.49354326725006104
sketch/guitar/n03272010_9899-2.png,sketch,3,guitar,1,elephant,0.5212224125862122
sketch/guitar/n03272010_9899-3.png,sketch,3,guitar,3,guitar,0.9494796395301819
sketch/guitar/n03272010_9899-4.png,sketch,3,guitar,3,guitar,0.6946930885314941
sketch/guitar/n03272010_9899-5.png,sketch,3,guitar,3,guitar,0.9744293689727783
sketch/guitar/n03467517_11020-1.png,sketch,3,guitar,4,horse,0.360565721988678
sketch/guitar/n03467517_11020-2.png,sketch,3,guitar,1,elephant,0.666442334651947
sketch/guitar/n03467517_11020-3.png,sketch,3,guitar,3,guitar,0.8277918696403503
sketch/guitar/n03467517_11020-4.png,sketch,3,guitar,1,elephant,0.46337658166885376
sketch/guitar/n03467517_11020-5.png,sketch,3,guitar,1,elephant,0.7763747572898865
sketch/guitar/n03467517_12925-1.png,sketch,3,guitar,3,guitar,0.9992324113845825
sketch/guitar/n03467517_12925-2.png,sketch,3,guitar,3,guitar,0.9866594076156616
sketch/guitar/n03467517_12925-3.png,sketch,3,guitar,3,guitar,0.9771198630332947
sketch/guitar/n03467517_12925-4.png,sketch,3,guitar,3,guitar,0.9961522221565247
sketch/guitar/n03467517_12925-5.png,sketch,3,guitar,3,guitar,0.9856353998184204
sketch/guitar/n03467517_16911-1.png,sketch,3,guitar,1,elephant,0.7109622359275818
sketch/guitar/n03467517_16911-2.png,sketch,3,guitar,1,elephant,0.3999793231487274
sketch/guitar/n03467517_16911-3.png,sketch,3,guitar,3,guitar,0.997786283493042
sketch/guitar/n03467517_16911-4.png,sketch,3,guitar,3,guitar,0.9952693581581116
sketch/guitar/n03467517_16911-5.png,sketch,3,guitar,3,guitar,0.9999997615814209
sketch/guitar/n03467517_17233-1.png,sketch,3,guitar,1,elephant,0.37526607513427734
sketch/guitar/n03467517_17233-2.png,sketch,3,guitar,0,dog,0.27012696862220764
sketch/guitar/n03467517_17233-3.png,sketch,3,guitar,3,guitar,0.9401659369468689
sketch/guitar/n03467517_17233-4.png,sketch,3,guitar,3,guitar,0.9995747208595276
sketch/guitar/n03467517_17233-5.png,sketch,3,guitar,3,guitar,0.921538770198822
sketch/guitar/n03467517_19701-1.png,sketch,3,guitar,3,guitar,0.9641183614730835
sketch/guitar/n03467517_19701-2.png,sketch,3,guitar,3,guitar,0.9671092629432678
sketch/guitar/n03467517_19701-3.png,sketch,3,guitar,3,guitar,0.871022641658783
sketch/guitar/n03467517_19701-4.png,sketch,3,guitar,3,guitar,0.7356001138687134
sketch/guitar/n03467517_19701-5.png,sketch,3,guitar,3,guitar,0.7224563360214233
sketch/guitar/n03467517_21782-1.png,sketch,3,guitar,3,guitar,0.9953521490097046
sketch/guitar/n03467517_21782-2.png,sketch,3,guitar,3,guitar,0.648054301738739
sketch/guitar/n03467517_21782-3.png,sketch,3,guitar,3,guitar,0.4455069601535797
sketch/guitar/n03467517_21782-4.png,sketch,3,guitar,3,guitar,0.9965236783027649
sketch/guitar/n03467517_21782-5.png,sketch,3,guitar,3,guitar,0.8977332711219788
sketch/guitar/n03467517_21884-1.png,sketch,3,guitar,3,guitar,0.9975558519363403
sketch/guitar/n03467517_21884-2.png,sketch,3,guitar,3,guitar,0.7638780474662781
sketch/guitar/n03467517_21884-3.png,sketch,3,guitar,3,guitar,0.7800264358520508
sketch/guitar/n03467517_21884-4.png,sketch,3,guitar,6,person,0.2741831839084625
sketch/guitar/n03467517_21884-5.png,sketch,3,guitar,3,guitar,0.48158347606658936
sketch/guitar/n03467517_21884-6.png,sketch,3,guitar,3,guitar,0.9980652928352356
sketch/guitar/n03467517_22246-1.png,sketch,3,guitar,3,guitar,0.99544757604599
sketch/guitar/n03467517_22246-2.png,sketch,3,guitar,3,guitar,0.9993649125099182
sketch/guitar/n03467517_22246-3.png,sketch,3,guitar,3,guitar,0.630553126335144
sketch/guitar/n03467517_22246-4.png,sketch,3,guitar,3,guitar,0.9954349398612976
sketch/guitar/n03467517_22246-5.png,sketch,3,guitar,3,guitar,0.999596893787384
sketch/guitar/n03467517_22246-6.png,sketch,3,guitar,3,guitar,0.9973657727241516
sketch/guitar/n03467517_22374-1.png,sketch,3,guitar,0,dog,0.442089706659317
sketch/guitar/n03467517_22374-2.png,sketch,3,guitar,3,guitar,0.9986207485198975
sketch/guitar/n03467517_22374-3.png,sketch,3,guitar,3,guitar,0.9994924068450928
sketch/guitar/n03467517_22374-4.png,sketch,3,guitar,3,guitar,0.23803061246871948
sketch/guitar/n03467517_22374-5.png,sketch,3,guitar,3,guitar,0.9993459582328796
sketch/guitar/n03467517_22785-1.png,sketch,3,guitar,1,elephant,0.7488368153572083
sketch/guitar/n03467517_22785-2.png,sketch,3,guitar,3,guitar,0.9143797755241394
sketch/guitar/n03467517_22785-3.png,sketch,3,guitar,3,guitar,0.9998136162757874
sketch/guitar/n03467517_22785-4.png,sketch,3,guitar,3,guitar,0.9677920937538147
sketch/guitar/n03467517_22785-5.png,sketch,3,guitar,3,guitar,0.8611077666282654
sketch/guitar/n03467517_22871-1.png,sketch,3,guitar,3,guitar,0.9982762336730957
sketch/guitar/n03467517_22871-2.png,sketch,3,guitar,3,guitar,0.9997518658638
sketch/guitar/n03467517_22871-3.png,sketch,3,guitar,3,guitar,0.9998970031738281
sketch/guitar/n03467517_22871-4.png,sketch,3,guitar,1,elephant,0.45012345910072327
sketch/guitar/n03467517_22871-5.png,sketch,3,guitar,1,elephant,0.7705838084220886
sketch/guitar/n03467517_23229-1.png,sketch,3,guitar,3,guitar,0.9661186337471008
sketch/guitar/n03467517_23229-2.png,sketch,3,guitar,3,guitar,0.9025034308433533
sketch/guitar/n03467517_23229-3.png,sketch,3,guitar,3,guitar,0.7513414025306702
sketch/guitar/n03467517_23229-4.png,sketch,3,guitar,3,guitar,0.9990111589431763
sketch/guitar/n03467517_23229-5.png,sketch,3,guitar,3,guitar,0.3902781903743744
sketch/guitar/n03467517_24525-1.png,sketch,3,guitar,3,guitar,0.9998874664306641
sketch/guitar/n03467517_24525-2.png,sketch,3,guitar,3,guitar,0.8755978345870972
sketch/guitar/n03467517_24525-3.png,sketch,3,guitar,3,guitar,0.9975013136863708
sketch/guitar/n03467517_24525-4.png,sketch,3,guitar,3,guitar,0.9970347881317139
sketch/guitar/n03467517_24525-5.png,sketch,3,guitar,3,guitar,0.9910619258880615
sketch/guitar/n03467517_24525-6.png,sketch,3,guitar,3,guitar,0.9985513091087341
sketch/guitar/n03467517_3203-1.png,sketch,3,guitar,3,guitar,0.7188870906829834
sketch/guitar/n03467517_3203-2.png,sketch,3,guitar,1,elephant,0.537470281124115
sketch/guitar/n03467517_3203-3.png,sketch,3,guitar,1,elephant,0.664118766784668
sketch/guitar/n03467517_3203-4.png,sketch,3,guitar,3,guitar,0.9576994180679321
sketch/guitar/n03467517_3203-5.png,sketch,3,guitar,3,guitar,0.9972587823867798
sketch/guitar/n03467517_6423-1.png,sketch,3,guitar,3,guitar,0.9182971715927124
sketch/guitar/n03467517_6423-2.png,sketch,3,guitar,3,guitar,0.9974253177642822
sketch/guitar/n03467517_6423-3.png,sketch,3,guitar,3,guitar,0.8948711156845093
sketch/guitar/n03467517_6423-4.png,sketch,3,guitar,3,guitar,0.9989172220230103
sketch/guitar/n03467517_6423-5.png,sketch,3,guitar,3,guitar,0.8795521259307861
sketch/guitar/n03467517_7007-1.png,sketch,3,guitar,6,person,0.3543974757194519
sketch/guitar/n03467517_7007-2.png,sketch,3,guitar,3,guitar,0.981630265712738
sketch/guitar/n03467517_7007-3.png,sketch,3,guitar,3,guitar,0.9075456857681274
sketch/guitar/n03467517_7007-4.png,sketch,3,guitar,3,guitar,0.9525576233863831
sketch/guitar/n03467517_7007-5.png,sketch,3,guitar,3,guitar,0.8248112201690674
sketch/guitar/n03467517_7007-6.png,sketch,3,guitar,3,guitar,0.9966613054275513
sketch/guitar/n03467517_8929-1.png,sketch,3,guitar,3,guitar,0.9933164119720459
sketch/guitar/n03467517_8929-2.png,sketch,3,guitar,3,guitar,0.9930397272109985
sketch/guitar/n03467517_8929-3.png,sketch,3,guitar,3,guitar,0.9976992011070251
sketch/guitar/n03467517_8929-4.png,sketch,3,guitar,3,guitar,0.9947274327278137
sketch/guitar/n03467517_8929-5.png,sketch,3,guitar,3,guitar,0.9551531672477722
sketch/horse/8481.png,sketch,4,horse,1,elephant,0.42825940251350403
sketch/horse/8482.png,sketch,4,horse,4,horse,0.4839341342449188
sketch/horse/8483.png,sketch,4,horse,2,giraffe,0.3846815824508667
sketch/horse/8484.png,sketch,4,horse,4,horse,0.4172312915325165
sketch/horse/8485.png,sketch,4,horse,4,horse,0.7884005904197693
sketch/horse/8486.png,sketch,4,horse,4,horse,0.714976966381073
sketch/horse/8487.png,sketch,4,horse,4,horse,0.5897672772407532
sketch/horse/8488.png,sketch,4,horse,4,horse,0.8641489744186401
sketch/horse/8489.png,sketch,4,horse,4,horse,0.4679630398750305
sketch/horse/8490.png,sketch,4,horse,0,dog,0.5214418768882751
sketch/horse/8491.png,sketch,4,horse,1,elephant,0.48024463653564453
sketch/horse/8492.png,sketch,4,horse,0,dog,0.40251973271369934
sketch/horse/8493.png,sketch,4,horse,4,horse,0.6372377276420593
sketch/horse/8494.png,sketch,4,horse,4,horse,0.3434638977050781
sketch/horse/8495.png,sketch,4,horse,0,dog,0.44926610589027405
sketch/horse/8496.png,sketch,4,horse,4,horse,0.5659942030906677
sketch/horse/8497.png,sketch,4,horse,0,dog,0.3442876935005188
sketch/horse/8498.png,sketch,4,horse,4,horse,0.49919408559799194
sketch/horse/8499.png,sketch,4,horse,4,horse,0.4092123806476593
sketch/horse/8500.png,sketch,4,horse,1,elephant,0.466030478477478
sketch/horse/8501.png,sketch,4,horse,4,horse,0.7728677988052368
sketch/horse/8502.png,sketch,4,horse,4,horse,0.6546749472618103
sketch/horse/8503.png,sketch,4,horse,4,horse,0.7041960954666138
sketch/horse/8504.png,sketch,4,horse,4,horse,0.9059662818908691
sketch/horse/8505.png,sketch,4,horse,0,dog,0.47313347458839417
sketch/horse/8506.png,sketch,4,horse,4,horse,0.6669179201126099
sketch/horse/8507.png,sketch,4,horse,4,horse,0.5970363020896912
sketch/horse/8508.png,sketch,4,horse,0,dog,0.42273908853530884
sketch/horse/8509.png,sketch,4,horse,1,elephant,0.40328100323677063
sketch/horse/8510.png,sketch,4,horse,1,elephant,0.49330979585647583
sketch/horse/8511.png,sketch,4,horse,0,dog,0.27526283264160156
sketch/horse/8512.png,sketch,4,horse,4,horse,0.6107614636421204
sketch/horse/8513.png,sketch,4,horse,4,horse,0.698793888092041
sketch/horse/8514.png,sketch,4,horse,4,horse,0.42742791771888733
sketch/horse/8515.png,sketch,4,horse,1,elephant,0.39819982647895813
sketch/horse/8516.png,sketch,4,horse,1,elephant,0.4781600832939148
sketch/horse/8517.png,sketch,4,horse,4,horse,0.6195922493934631
sketch/horse/8518.png,sketch,4,horse,4,horse,0.6168109178543091
sketch/horse/8519.png,sketch,4,horse,4,horse,0.3924647271633148
sketch/horse/8520.png,sketch,4,horse,0,dog,0.440195232629776
sketch/horse/8521.png,sketch,4,horse,4,horse,0.47363242506980896
sketch/horse/8522.png,sketch,4,horse,4,horse,0.5895738005638123
sketch/horse/8523.png,sketch,4,horse,4,horse,0.7254754304885864
sketch/horse/8524.png,sketch,4,horse,4,horse,0.43917661905288696
sketch/horse/8525.png,sketch,4,horse,4,horse,0.9227516651153564
sketch/horse/8526.png,sketch,4,horse,4,horse,0.6144200563430786
sketch/horse/8527.png,sketch,4,horse,4,horse,0.5534272193908691
sketch/horse/8528.png,sketch,4,horse,4,horse,0.6264773607254028
sketch/horse/8529.png,sketch,4,horse,4,horse,0.3881659507751465
sketch/horse/8530.png,sketch,4,horse,4,horse,0.5739268660545349
sketch/horse/8531.png,sketch,4,horse,1,elephant,0.5168963074684143
sketch/horse/8532.png,sketch,4,horse,0,dog,0.3966318666934967
sketch/horse/8533.png,sketch,4,horse,4,horse,0.9031708836555481
sketch/horse/8534.png,sketch,4,horse,4,horse,0.8676744699478149
sketch/horse/8535.png,sketch,4,horse,0,dog,0.675018310546875
sketch/horse/8536.png,sketch,4,horse,4,horse,0.5845969319343567
sketch/horse/8537.png,sketch,4,horse,4,horse,0.5573928356170654
sketch/horse/8538.png,sketch,4,horse,4,horse,0.7495895028114319
sketch/horse/8539.png,sketch,4,horse,4,horse,0.6729442477226257
sketch/horse/8540.png,sketch,4,horse,4,horse,0.38372957706451416
sketch/horse/8541.png,sketch,4,horse,1,elephant,0.48740994930267334
sketch/horse/8542.png,sketch,4,horse,0,dog,0.8121973276138306
sketch/horse/8543.png,sketch,4,horse,1,elephant,0.44587740302085876
sketch/horse/8544.png,sketch,4,horse,4,horse,0.7364757061004639
sketch/horse/8545.png,sketch,4,horse,4,horse,0.47409045696258545
sketch/horse/8546.png,sketch,4,horse,4,horse,0.3047941029071808
sketch/horse/8547.png,sketch,4,horse,4,horse,0.40510594844818115
sketch/horse/8548.png,sketch,4,horse,0,dog,0.8107957243919373
sketch/horse/8549.png,sketch,4,horse,4,horse,0.6085917353630066
sketch/horse/8550.png,sketch,4,horse,4,horse,0.42618855834007263
sketch/horse/8551.png,sketch,4,horse,4,horse,0.6510255336761475
sketch/horse/8552.png,sketch,4,horse,1,elephant,0.6707164645195007
sketch/horse/8553.png,sketch,4,horse,4,horse,0.34656545519828796
sketch/horse/8554.png,sketch,4,horse,1,elephant,0.41885635256767273
sketch/horse/8555.png,sketch,4,horse,1,elephant,0.4423627555370331
sketch/horse/8556.png,sketch,4,horse,0,dog,0.39546382427215576
sketch/horse/8557.png,sketch,4,horse,2,giraffe,0.40166646242141724
sketch/horse/8558.png,sketch,4,horse,0,dog,0.5801439881324768
sketch/horse/8559.png,sketch,4,horse,4,horse,0.6534445881843567
sketch/horse/8560.png,sketch,4,horse,0,dog,0.4545481503009796
sketch/horse/n02374451_10081-1.png,sketch,4,horse,0,dog,0.47792863845825195
sketch/horse/n02374451_10081-2.png,sketch,4,horse,0,dog,0.48103490471839905
sketch/horse/n02374451_10081-3.png,sketch,4,horse,0,dog,0.48594921827316284
sketch/horse/n02374451_10081-4.png,sketch,4,horse,0,dog,0.8698016405105591
sketch/horse/n02374451_10081-5.png,sketch,4,horse,4,horse,0.5301170945167542
sketch/horse/n02374451_10081-6.png,sketch,4,horse,4,horse,0.7178686261177063
sketch/horse/n02374451_10098-1.png,sketch,4,horse,4,horse,0.9294970631599426
sketch/horse/n02374451_10098-2.png,sketch,4,horse,4,horse,0.7601943016052246
sketch/horse/n02374451_10098-3.png,sketch,4,horse,4,horse,0.9695321917533875
sketch/horse/n02374451_10098-4.png,sketch,4,horse,4,horse,0.9218923449516296
sketch/horse/n02374451_10098-5.png,sketch,4,horse,4,horse,0.9153468012809753
sketch/horse/n02374451_10098-6.png,sketch,4,horse,4,horse,0.7374681234359741
sketch/horse/n02374451_10098-7.png,sketch,4,horse,4,horse,0.776864230632782
sketch/horse/n02374451_10099-1.png,sketch,4,horse,4,horse,0.5849761366844177
sketch/horse/n02374451_10099-2.png,sketch,4,horse,0,dog,0.7208854556083679
sketch/horse/n02374451_10099-3.png,sketch,4,horse,4,horse,0.659583330154419
sketch/horse/n02374451_10099-4.png,sketch,4,horse,4,horse,0.495858758687973
sketch/horse/n02374451_10099-5.png,sketch,4,horse,4,horse,0.8368492722511292
sketch/horse/n02374451_10099-6.png,sketch,4,horse,4,horse,0.487426221370697
sketch/horse/n02374451_10099-7.png,sketch,4,horse,4,horse,0.8672126531600952
sketch/horse/n02374451_10099-8.png,sketch,4,horse,4,horse,0.8721676468849182
sketch/horse/n02374451_10099-9.png,sketch,4,horse,4,horse,0.859190821647644
sketch/horse/n02374451_10118-1.png,sketch,4,horse,4,horse,0.619757890701294
sketch/horse/n02374451_10118-2.png,sketch,4,horse,4,horse,0.8650525212287903
sketch/horse/n02374451_10118-3.png,sketch,4,horse,4,horse,0.8417268991470337
sketch/horse/n02374451_10118-4.png,sketch,4,horse,4,horse,0.9907100200653076
sketch/horse/n02374451_10118-5.png,sketch,4,horse,4,horse,0.9882627129554749
sketch/horse/n02374451_10331-1.png,sketch,4,horse,4,horse,0.6415849924087524
sketch/horse/n02374451_10331-2.png,sketch,4,horse,4,horse,0.9561135768890381
sketch/horse/n02374451_10331-3.png,sketch,4,horse,0,dog,0.44120296835899353
sketch/horse/n02374451_10331-4.png,sketch,4,horse,0,dog,0.6609787940979004
sketch/horse/n02374451_10331-5.png,sketch,4,horse,1,elephant,0.25883567333221436
sketch/horse/n02374451_10669-1.png,sketch,4,horse,0,dog,0.4299647808074951
sketch/horse/n02374451_10669-2.png,sketch,4,horse,4,horse,0.5801569819450378
sketch/horse/n02374451_10669-3.png,sketch,4,horse,1,elephant,0.3170876204967499
sketch/horse/n02374451_10669-4.png,sketch,4,horse,4,horse,0.7696574926376343
sketch/horse/n02374451_10669-5.png,sketch,4,horse,0,dog,0.5412889122962952
sketch/horse/n02374451_10669-6.png,sketch,4,horse,4,horse,0.8551170825958252
sketch/horse/n02374451_10669-7.png,sketch,4,horse,0,dog,0.46360212564468384
sketch/horse/n02374451_10669-8.png,sketch,4,horse,4,horse,0.8439827561378479
sketch/horse/n02374451_10669-9.png,sketch,4,horse,0,dog,0.49169835448265076
sketch/horse/n02374451_10761-1.png,sketch,4,horse,0,dog,0.7480601668357849
sketch/horse/n02374451_10761-10.png,sketch,4,horse,0,dog,0.44054603576660156
sketch/horse/n02374451_10761-2.png,sketch,4,horse,0,dog,0.501830518245697
sketch/horse/n02374451_10761-3.png,sketch,4,horse,4,horse,0.6127987504005432
sketch/horse/n02374451_10761-4.png,sketch,4,horse,0,dog,0.4503622353076935
sketch/horse/n02374451_10761-5.png,sketch,4,horse,4,horse,0.40170004963874817
sketch/horse/n02374451_10761-6.png,sketch,4,horse,0,dog,0.5386048555374146
sketch/horse/n02374451_10761-7.png,sketch,4,horse,4,horse,0.6134235262870789
sketch/horse/n02374451_10761-8.png,sketch,4,horse,0,dog,0.6976667046546936
sketch/horse/n02374451_10761-9.png,sketch,4,horse,0,dog,0.6231744289398193
sketch/horse/n02374451_10809-1.png,sketch,4,horse,0,dog,0.8222694396972656
sketch/horse/n02374451_10809-2.png,sketch,4,horse,0,dog,0.3238022029399872
sketch/horse/n02374451_10809-4.png,sketch,4,horse,4,horse,0.7913386821746826
sketch/horse/n02374451_10809-5.png,sketch,4,horse,4,horse,0.9474267363548279
sketch/horse/n02374451_10809-6.png,sketch,4,horse,0,dog,0.539496123790741
sketch/horse/n02374451_10809-7.png,sketch,4,horse,4,horse,0.8919095993041992
sketch/horse/n02374451_10809-8.png,sketch,4,horse,4,horse,0.8677505850791931
sketch/horse/n02374451_11479-1.png,sketch,4,horse,0,dog,0.5436729192733765
sketch/horse/n02374451_11479-2.png,sketch,4,horse,0,dog,0.42643728852272034
sketch/horse/n02374451_11479-3.png,sketch,4,horse,4,horse,0.49789324402809143
sketch/horse/n02374451_11479-4.png,sketch,4,horse,1,elephant,0.485137403011322
sketch/horse/n02374451_11479-5.png,sketch,4,horse,4,horse,0.7601836323738098
sketch/horse/n02374451_11479-6.png,sketch,4,horse,4,horse,0.8780978918075562
sketch/horse/n02374451_11479-7.png,sketch,4,horse,4,horse,0.6559879779815674
sketch/horse/n02374451_11483-1.png,sketch,4,horse,0,dog,0.4617854952812195
sketch/horse/n02374451_11483-2.png,sketch,4,horse,4,horse,0.8029125332832336
sketch/horse/n02374451_11483-3.png,sketch,4,horse,0,dog,0.710810661315918
sketch/horse/n02374451_11483-4.png,sketch,4,horse,4,horse,0.7562882900238037
sketch/horse/n02374451_11483-5.png,sketch,4,horse,4,horse,0.4939236640930176
sketch/horse/n02374451_11483-6.png,sketch,4,horse,4,horse,0.7148935198783875
sketch/horse/n02374451_11492-1.png,sketch,4,horse,0,dog,0.9109227061271667
sketch/horse/n02374451_11492-2.png,sketch,4,horse,0,dog,0.5424717664718628
sketch/horse/n02374451_11492-3.png,sketch,4,horse,0,dog,0.6335906982421875
sketch/horse/n02374451_11492-4.png,sketch,4,horse,0,dog,0.6098920702934265
sketch/horse/n02374451_11492-5.png,sketch,4,horse,0,dog,0.4684138000011444
sketch/horse/n02374451_11492-6.png,sketch,4,horse,0,dog,0.471142053604126
sketch/horse/n02374451_1189-1.png,sketch,4,horse,4,horse,0.6971741318702698
sketch/horse/n02374451_1189-2.png,sketch,4,horse,4,horse,0.682315468788147
sketch/horse/n02374451_1189-3.png,sketch,4,horse,0,dog,0.5474653840065002
sketch/horse/n02374451_1189-4.png,sketch,4,horse,1,elephant,0.6579010486602783
sketch/horse/n02374451_1189-5.png,sketch,4,horse,4,horse,0.5612189173698425
sketch/horse/n02374451_1189-6.png,sketch,4,horse,4,horse,0.6876119375228882
sketch/horse/n02374451_1189-7.png,sketch,4,horse,4,horse,0.9153167605400085
sketch/horse/n02374451_11894-1.png,sketch,4,horse,4,horse,0.6558931469917297
sketch/horse/n02374451_11894-2.png,sketch,4,horse,4,horse,0.6820427775382996
sketch/horse/n02374451_11894-3.png,sketch,4,horse,4,horse,0.7715626955032349
sketch/horse/n02374451_11894-4.png,sketch,4,horse,0,dog,0.7897754907608032
sketch/horse/n02374451_11894-5.png,sketch,4,horse,0,dog,0.6161845922470093
sketch/horse/n02374451_11894-6.png,sketch,4,horse,4,horse,0.5030384659767151
sketch/horse/n02374451_11894-7.png,sketch,4,horse,0,dog,0.517435610294342
sketch/horse/n02374451_11894-8.png,sketch,4,horse,4,horse,0.7429820895195007
sketch/horse/n02374451_11894-9.png,sketch,4,horse,4,horse,0.7446525692939758
sketch/horse/n02374451_12128-1.png,sketch,4,horse,4,horse,0.32393211126327515
sketch/horse/n02374451_12128-2.png,sketch,4,horse,4,horse,0.5468859076499939
sketch/horse/n02374451_12128-3.png,sketch,4,horse,0,dog,0.6442388892173767
sketch/horse/n02374451_12128-4.png,sketch,4,horse,0,dog,0.7000386118888855
sketch/horse/n02374451_12128-5.png,sketch,4,horse,4,horse,0.5763494968414307
sketch/horse/n02374451_12128-6.png,sketch,4,horse,4,horse,0.45102956891059875
sketch/horse/n02374451_12128-7.png,sketch,4,horse,4,horse,0.6553192734718323
sketch/horse/n02374451_12128-8.png,sketch,4,horse,0,dog,0.5690646171569824
sketch/horse/n02374451_12174-1.png,sketch,4,horse,4,horse,0.3947409689426422
sketch/horse/n02374451_12174-2.png,sketch,4,horse,0,dog,0.6367015242576599
sketch/horse/n02374451_12174-3.png,sketch,4,horse,0,dog,0.62837815284729
sketch/horse/n02374451_12174-4.png,sketch,4,horse,4,horse,0.8973195552825928
sketch/horse/n02374451_12174-5.png,sketch,4,horse,4,horse,0.5649128556251526
sketch/horse/n02374451_12174-6.png,sketch,4,horse,4,horse,0.9864472150802612
sketch/horse/n02374451_12200-1.png,sketch,4,horse,0,dog,0.7434634566307068
sketch/horse/n02374451_12200-2.png,sketch,4,horse,4,horse,0.9318754076957703
sketch/horse/n02374451_12200-3.png,sketch,4,horse,4,horse,0.9441061615943909
sketch/horse/n02374451_12200-4.png,sketch,4,horse,4,horse,0.5281208157539368
sketch/horse/n02374451_12200-5.png,sketch,4,horse,0,dog,0.5856660008430481
sketch/horse/n02374451_12200-6.png,sketch,4,horse,4,horse,0.9879332184791565
sketch/horse/n02374451_12200-7.png,sketch,4,horse,4,horse,0.6292124390602112
sketch/horse/n02374451_12225-1.png,sketch,4,horse,4,horse,0.7350909113883972
sketch/horse/n02374451_12225-2.png,sketch,4,horse,0,dog,0.5860127210617065
sketch/horse/n02374451_12225-3.png,sketch,4,horse,4,horse,0.8972034454345703
sketch/horse/n02374451_12225-4.png,sketch,4,horse,4,horse,0.5871559381484985
sketch/horse/n02374451_12225-5.png,sketch,4,horse,0,dog,0.5390418171882629
sketch/horse/n02374451_12225-6.png,sketch,4,horse,0,dog,0.5042473673820496
sketch/horse/n02374451_12230-1.png,sketch,4,horse,0,dog,0.6005222201347351
sketch/horse/n02374451_12230-2.png,sketch,4,horse,0,dog,0.6433959603309631
sketch/horse/n02374451_12230-3.png,sketch,4,horse,4,horse,0.3346560001373291
sketch/horse/n02374451_12230-4.png,sketch,4,horse,0,dog,0.40248265862464905
sketch/horse/n02374451_12230-5.png,sketch,4,horse,4,horse,0.45515796542167664
sketch/horse/n02374451_12230-6.png,sketch,4,horse,4,horse,0.612533450126648
sketch/horse/n02374451_12230-7.png,sketch,4,horse,4,horse,0.9380494952201843
sketch/horse/n02374451_12239-1.png,sketch,4,horse,4,horse,0.7700523138046265
sketch/horse/n02374451_12239-2.png,sketch,4,horse,4,horse,0.6270490884780884
sketch/horse/n02374451_12239-3.png,sketch,4,horse,0,dog,0.4717552661895752
sketch/horse/n02374451_12239-4.png,sketch,4,horse,4,horse,0.4844622313976288
sketch/horse/n02374451_12239-5.png,sketch,4,horse,4,horse,0.5843757390975952
sketch/horse/n02374451_12239-6.png,sketch,4,horse,4,horse,0.7514541149139404
sketch/horse/n02374451_12239-7.png,sketch,4,horse,4,horse,0.9551239013671875
sketch/horse/n02374451_12250-1.png,sketch,4,horse,4,horse,0.8899266719818115
sketch/horse/n02374451_12250-2.png,sketch,4,horse,0,dog,0.5360916256904602
sketch/horse/n02374451_12250-3.png,sketch,4,horse,0,dog,0.6766937375068665
sketch/horse/n02374451_12250-4.png,sketch,4,horse,4,horse,0.5247962474822998
sketch/horse/n02374451_12250-5.png,sketch,4,horse,4,horse,0.6330927014350891
sketch/horse/n02374451_12250-6.png,sketch,4,horse,0,dog,0.7386757731437683
sketch/horse/n02374451_12250-7.png,sketch,4,horse,4,horse,0.31646162271499634
sketch/horse/n02374451_12254-1.png,sketch,4,horse,4,horse,0.42321956157684326
sketch/horse/n02374451_12254-2.png,sketch,4,horse,4,horse,0.5194952487945557
sketch/horse/n02374451_12254-3.png,sketch,4,horse,4,horse,0.6345346570014954
sketch/horse/n02374451_12254-4.png,sketch,4,horse,4,horse,0.8876272439956665
sketch/horse/n02374451_12254-5.png,sketch,4,horse,4,horse,0.694591760635376
sketch/horse/n02374451_12254-6.png,sketch,4,horse,4,horse,0.7038594484329224
sketch/horse/n02374451_12254-7.png,sketch,4,horse,4,horse,0.5154837965965271
sketch/horse/n02374451_12328-1.png,sketch,4,horse,0,dog,0.5770767331123352
sketch/horse/n02374451_12328-10.png,sketch,4,horse,0,dog,0.43369704484939575
sketch/horse/n02374451_12328-2.png,sketch,4,horse,4,horse,0.9359861016273499
sketch/horse/n02374451_12328-3.png,sketch,4,horse,4,horse,0.7888493537902832
sketch/horse/n02374451_12328-4.png,sketch,4,horse,4,horse,0.5497778058052063
sketch/horse/n02374451_12328-5.png,sketch,4,horse,4,horse,0.4975082576274872
sketch/horse/n02374451_12328-6.png,sketch,4,horse,0,dog,0.8182018399238586
sketch/horse/n02374451_12328-7.png,sketch,4,horse,4,horse,0.9117317795753479
sketch/horse/n02374451_12328-8.png,sketch,4,horse,4,horse,0.6973460912704468
sketch/horse/n02374451_12328-9.png,sketch,4,horse,4,horse,0.6376094222068787
sketch/horse/n02374451_1234-1.png,sketch,4,horse,4,horse,0.5801391005516052
sketch/horse/n02374451_1234-2.png,sketch,4,horse,4,horse,0.6376760601997375
sketch/horse/n02374451_1234-3.png,sketch,4,horse,4,horse,0.9510122537612915
sketch/horse/n02374451_1234-4.png,sketch,4,horse,1,elephant,0.5012075304985046
sketch/horse/n02374451_1234-5.png,sketch,4,horse,1,elephant,0.5837999582290649
sketch/horse/n02374451_1234-6.png,sketch,4,horse,4,horse,0.6562899947166443
sketch/horse/n02374451_12418-1.png,sketch,4,horse,0,dog,0.5027053356170654
sketch/horse/n02374451_12418-10.png,sketch,4,horse,0,dog,0.6657405495643616
sketch/horse/n02374451_12418-2.png,sketch,4,horse,0,dog,0.5561985373497009
sketch/horse/n02374451_12418-3.png,sketch,4,horse,4,horse,0.6281518340110779
sketch/horse/n02374451_12418-4.png,sketch,4,horse,0,dog,0.8547220230102539
sketch/horse/n02374451_12418-5.png,sketch,4,horse,4,horse,0.8320446014404297
sketch/horse/n02374451_12418-6.png,sketch,4,horse,0,dog,0.5722452998161316
sketch/horse/n02374451_12418-7.png,sketch,4,horse,4,horse,0.9486299753189087
sketch/horse/n02374451_12418-8.png,sketch,4,horse,4,horse,0.8514389395713806
sketch/horse/n02374451_12418-9.png,sketch,4,horse,0,dog,0.712773323059082
sketch/horse/n02374451_12792-1.png,sketch,4,horse,4,horse,0.6356916427612305
sketch/horse/n02374451_12792-10.png,sketch,4,horse,4,horse,0.9054936170578003
sketch/horse/n02374451_12792-2.png,sketch,4,horse,4,horse,0.9809158444404602
sketch/horse/n02374451_12792-3.png,sketch,4,horse,4,horse,0.7484575510025024
sketch/horse/n02374451_12792-4.png,sketch,4,horse,4,horse,0.9863254427909851
sketch/horse/n02374451_12792-5.png,sketch,4,horse,4,horse,0.27988603711128235
sketch/horse/n02374451_12792-6.png,sketch,4,horse,4,horse,0.6741014719009399
sketch/horse/n02374451_12792-7.png,sketch,4,horse,4,horse,0.7395186424255371
sketch/horse/n02374451_12792-8.png,sketch,4,horse,4,horse,0.6675297617912292
sketch/horse/n02374451_12792-9.png,sketch,4,horse,4,horse,0.8311429619789124
sketch/horse/n02374451_12847-1.png,sketch,4,horse,4,horse,0.37491923570632935
sketch/horse/n02374451_12847-2.png,sketch,4,horse,4,horse,0.8968695998191833
sketch/horse/n02374451_12847-3.png,sketch,4,horse,4,horse,0.8012583255767822
sketch/horse/n02374451_12847-4.png,sketch,4,horse,4,horse,0.5437235832214355
sketch/horse/n02374451_12847-5.png,sketch,4,horse,4,horse,0.6458512544631958
sketch/horse/n02374451_12847-6.png,sketch,4,horse,4,horse,0.47331055998802185
sketch/horse/n02374451_12847-7.png,sketch,4,horse,4,horse,0.8562822937965393
sketch/horse/n02374451_12847-8.png,sketch,4,horse,4,horse,0.49912428855895996
sketch/horse/n02374451_13132-1.png,sketch,4,horse,0,dog,0.4599524438381195
sketch/horse/n02374451_13132-2.png,sketch,4,horse,4,horse,0.9944139719009399
sketch/horse/n02374451_13132-3.png,sketch,4,horse,4,horse,0.4938170909881592
sketch/horse/n02374451_13132-4.png,sketch,4,horse,4,horse,0.43676888942718506
sketch/horse/n02374451_13132-5.png,sketch,4,horse,4,horse,0.6387224793434143
sketch/horse/n02374451_13132-6.png,sketch,4,horse,4,horse,0.5978827476501465
sketch/horse/n02374451_13132-7.png,sketch,4,horse,4,horse,0.9808074831962585
sketch/horse/n02374451_13136-1.png,sketch,4,horse,4,horse,0.5727145075798035
sketch/horse/n02374451_13136-2.png,sketch,4,horse,4,horse,0.6703327298164368
sketch/horse/n02374451_13136-3.png,sketch,4,horse,0,dog,0.702535092830658
sketch/horse/n02374451_13136-4.png,sketch,4,horse,4,horse,0.7201524972915649
sketch/horse/n02374451_13136-5.png,sketch,4,horse,4,horse,0.7519117593765259
sketch/horse/n02374451_13159-1.png,sketch,4,horse,4,horse,0.4972575902938843
sketch/horse/n02374451_13159-2.png,sketch,4,horse,0,dog,0.3629249036312103
sketch/horse/n02374451_13159-3.png,sketch,4,horse,0,dog,0.42359745502471924
sketch/horse/n02374451_13159-4.png,sketch,4,horse,0,dog,0.3685271441936493
sketch/horse/n02374451_13159-5.png,sketch,4,horse,4,horse,0.6136640310287476
sketch/horse/n02374451_13159-6.png,sketch,4,horse,0,dog,0.5770712494850159
sketch/horse/n02374451_13159-7.png,sketch,4,horse,4,horse,0.4532957673072815
sketch/horse/n02374451_13159-8.png,sketch,4,horse,0,dog,0.6758428812026978
sketch/horse/n02374451_13171-1.png,sketch,4,horse,4,horse,0.696044385433197
sketch/horse/n02374451_13171-2.png,sketch,4,horse,4,horse,0.9071369171142578
sketch/horse/n02374451_13171-3.png,sketch,4,horse,4,horse,0.976830244064331
sketch/horse/n02374451_13171-4.png,sketch,4,horse,4,horse,0.9278045296669006
sketch/horse/n02374451_13171-5.png,sketch,4,horse,4,horse,0.8701944947242737
sketch/horse/n02374451_13171-6.png,sketch,4,horse,4,horse,0.9564995169639587
sketch/horse/n02374451_1340-1.png,sketch,4,horse,4,horse,0.49689123034477234
sketch/horse/n02374451_1340-10.png,sketch,4,horse,4,horse,0.8013817667961121
sketch/horse/n02374451_1340-11.png,sketch,4,horse,4,horse,0.7139355540275574
sketch/horse/n02374451_1340-2.png,sketch,4,horse,0,dog,0.783464252948761
sketch/horse/n02374451_1340-3.png,sketch,4,horse,4,horse,0.9717331528663635
sketch/horse/n02374451_1340-4.png,sketch,4,horse,4,horse,0.6620829105377197
sketch/horse/n02374451_1340-5.png,sketch,4,horse,4,horse,0.9933110475540161
sketch/horse/n02374451_1340-6.png,sketch,4,horse,0,dog,0.7727275490760803
sketch/horse/n02374451_1340-7.png,sketch,4,horse,4,horse,0.9114155769348145
sketch/horse/n02374451_1340-8.png,sketch,4,horse,4,horse,0.646827757358551
sketch/horse/n02374451_1340-9.png,sketch,4,horse,4,horse,0.5939261317253113
sketch/horse/n02374451_13718-1.png,sketch,4,horse,4,horse,0.3507861793041229
sketch/horse/n02374451_13718-2.png,sketch,4,horse,4,horse,0.4583026170730591
sketch/horse/n02374451_13718-3.png,sketch,4,horse,0,dog,0.472720742225647
sketch/horse/n02374451_13718-4.png,sketch,4,horse,4,horse,0.9809515476226807
sketch/horse/n02374451_13718-5.png,sketch,4,horse,4,horse,0.6556912660598755
sketch/horse/n02374451_13718-6.png,sketch,4,horse,4,horse,0.8588687777519226
sketch/horse/n02374451_14119-1.png,sketch,4,horse,4,horse,0.512279748916626
sketch/horse/n02374451_14119-2.png,sketch,4,horse,6,person,0.48058515787124634
sketch/horse/n02374451_14119-3.png,sketch,4,horse,4,horse,0.8602566719055176
sketch/horse/n02374451_14119-4.png,sketch,4,horse,4,horse,0.6575801372528076
sketch/horse/n02374451_14119-5.png,sketch,4,horse,4,horse,0.42249760031700134
sketch/horse/n02374451_14119-6.png,sketch,4,horse,0,dog,0.5605701208114624
sketch/horse/n02374451_14119-7.png,sketch,4,horse,4,horse,0.6421066522598267
sketch/horse/n02374451_14119-8.png,sketch,4,horse,4,horse,0.43696328997612
sketch/horse/n02374451_14119-9.png,sketch,4,horse,0,dog,0.6478499174118042
sketch/horse/n02374451_14233-1.png,sketch,4,horse,4,horse,0.5910255312919617
sketch/horse/n02374451_14233-2.png,sketch,4,horse,4,horse,0.8726180195808411
sketch/horse/n02374451_14233-3.png,sketch,4,horse,4,horse,0.5670099854469299
sketch/horse/n02374451_14233-4.png,sketch,4,horse,4,horse,0.4352768659591675
sketch/horse/n02374451_14233-5.png,sketch,4,horse,4,horse,0.9012155532836914
sketch/horse/n02374451_14399-1.png,sketch,4,horse,4,horse,0.508367121219635
sketch/horse/n02374451_14399-2.png,sketch,4,horse,0,dog,0.5223029255867004
sketch/horse/n02374451_14399-3.png,sketch,4,horse,4,horse,0.9170776009559631
sketch/horse/n02374451_14399-4.png,sketch,4,horse,4,horse,0.6977375149726868
sketch/horse/n02374451_14399-5.png,sketch,4,horse,4,horse,0.8319392204284668
sketch/horse/n02374451_14399-6.png,sketch,4,horse,4,horse,0.8457604050636292
sketch/horse/n02374451_14399-7.png,sketch,4,horse,4,horse,0.9656205177307129
sketch/horse/n02374451_14425-1.png,sketch,4,horse,4,horse,0.5953254103660583
sketch/horse/n02374451_14425-10.png,sketch,4,horse,4,horse,0.9014195799827576
sketch/horse/n02374451_14425-2.png,sketch,4,horse,4,horse,0.815309464931488
sketch/horse/n02374451_14425-3.png,sketch,4,horse,4,horse,0.706472635269165
sketch/horse/n02374451_14425-4.png,sketch,4,horse,4,horse,0.4695449769496918
sketch/horse/n02374451_14425-5.png,sketch,4,horse,4,horse,0.8425819873809814
sketch/horse/n02374451_14425-6.png,sketch,4,horse,4,horse,0.8813924789428711
sketch/horse/n02374451_14425-7.png,sketch,4,horse,4,horse,0.7719865441322327
sketch/horse/n02374451_14425-8.png,sketch,4,horse,4,horse,0.9946958422660828
sketch/horse/n02374451_14425-9.png,sketch,4,horse,4,horse,0.9382872581481934
sketch/horse/n02374451_1443-1.png,sketch,4,horse,0,dog,0.5725623965263367
sketch/horse/n02374451_1443-2.png,sketch,4,horse,0,dog,0.8895618319511414
sketch/horse/n02374451_1443-3.png,sketch,4,horse,0,dog,0.7272593379020691
sketch/horse/n02374451_1443-4.png,sketch,4,horse,0,dog,0.35327643156051636
sketch/horse/n02374451_1443-5.png,sketch,4,horse,0,dog,0.6320899128913879
sketch/horse/n02374451_1443-6.png,sketch,4,horse,4,horse,0.7834922671318054
sketch/horse/n02374451_1443-7.png,sketch,4,horse,4,horse,0.45328274369239807
sketch/horse/n02374451_1443-8.png,sketch,4,horse,0,dog,0.7293685078620911
sketch/horse/n02374451_14738-1.png,sketch,4,horse,0,dog,0.6133795976638794
sketch/horse/n02374451_14738-2.png,sketch,4,horse,4,horse,0.8824247717857361
sketch/horse/n02374451_14738-3.png,sketch,4,horse,4,horse,0.8787977695465088
sketch/horse/n02374451_14738-4.png,sketch,4,horse,4,horse,0.5959091186523438
sketch/horse/n02374451_14738-5.png,sketch,4,horse,4,horse,0.49241605401039124
sketch/horse/n02374451_14738-6.png,sketch,4,horse,4,horse,0.9063658118247986
sketch/horse/n02374451_14738-7.png,sketch,4,horse,4,horse,0.4653169810771942
sketch/horse/n02374451_14846-1.png,sketch,4,horse,4,horse,0.56418776512146
sketch/horse/n02374451_14846-2.png,sketch,4,horse,4,horse,0.8419914245605469
sketch/horse/n02374451_14846-3.png,sketch,4,horse,4,horse,0.5453024506568909
sketch/horse/n02374451_14846-4.png,sketch,4,horse,4,horse,0.348779559135437
sketch/horse/n02374451_14846-5.png,sketch,4,horse,4,horse,0.8129759430885315
sketch/horse/n02374451_14846-6.png,sketch,4,horse,4,horse,0.6608594059944153
sketch/horse/n02374451_14846-7.png,sketch,4,horse,0,dog,0.5874618291854858
sketch/horse/n02374451_15307-1.png,sketch,4,horse,0,dog,0.4827576279640198
sketch/horse/n02374451_15307-2.png,sketch,4,horse,4,horse,0.9526801705360413
sketch/horse/n02374451_15307-3.png,sketch,4,horse,4,horse,0.9657997488975525
sketch/horse/n02374451_15307-4.png,sketch,4,horse,0,dog,0.7126668095588684
sketch/horse/n02374451_15307-5.png,sketch,4,horse,4,horse,0.8455699682235718
sketch/horse/n02374451_15307-6.png,sketch,4,horse,0,dog,0.48850205540657043
sketch/horse/n02374451_15440-1.png,sketch,4,horse,4,horse,0.9709945321083069
sketch/horse/n02374451_15440-2.png,sketch,4,horse,4,horse,0.5923066735267639
sketch/horse/n02374451_15440-3.png,sketch,4,horse,0,dog,0.5571481585502625
sketch/horse/n02374451_15440-4.png,sketch,4,horse,4,horse,0.9460341930389404
sketch/horse/n02374451_15440-5.png,sketch,4,horse,4,horse,0.5792382955551147
sketch/horse/n02374451_15440-6.png,sketch,4,horse,0,dog,0.6432672142982483
sketch/horse/n02374451_15453-1.png,sketch,4,horse,0,dog,0.6600803732872009
sketch/horse/n02374451_15453-2.png,sketch,4,horse,0,dog,0.44248464703559875
sketch/horse/n02374451_15453-3.png,sketch,4,horse,1,elephant,0.65512615442276
sketch/horse/n02374451_15453-4.png,sketch,4,horse,4,horse,0.351482629776001
sketch/horse/n02374451_15453-5.png,sketch,4,horse,4,horse,0.7645326256752014
sketch/horse/n02374451_15453-6.png,sketch,4,horse,0,dog,0.3153330385684967
sketch/horse/n02374451_15453-7.png,sketch,4,horse,0,dog,0.6230003833770752
sketch/horse/n02374451_15669-1.png,sketch,4,horse,0,dog,0.7649549841880798
sketch/horse/n02374451_15669-2.png,sketch,4,horse,0,dog,0.6972911357879639
sketch/horse/n02374451_15669-3.png,sketch,4,horse,4,horse,0.6230531334877014
sketch/horse/n02374451_15669-4.png,sketch,4,horse,4,horse,0.7187029719352722
sketch/horse/n02374451_15669-5.png,sketch,4,horse,4,horse,0.8039116263389587
sketch/horse/n02374451_15669-6.png,sketch,4,horse,4,horse,0.9704399108886719
sketch/horse/n02374451_16194-1.png,sketch,4,horse,0,dog,0.6086516380310059
sketch/horse/n02374451_16194-2.png,sketch,4,horse,4,horse,0.5429629683494568
sketch/horse/n02374451_16194-3.png,sketch,4,horse,4,horse,0.7519828081130981
sketch/horse/n02374451_16194-4.png,sketch,4,horse,4,horse,0.4865115284919739
sketch/horse/n02374451_16194-5.png,sketch,4,horse,4,horse,0.7507733702659607
sketch/horse/n02374451_16194-6.png,sketch,4,horse,0,dog,0.5876826047897339
sketch/horse/n02374451_16358-1.png,sketch,4,horse,4,horse,0.7508522868156433
sketch/horse/n02374451_16358-2.png,sketch,4,horse,4,horse,0.4904566705226898
sketch/horse/n02374451_16358-3.png,sketch,4,horse,0,dog,0.4450666904449463
sketch/horse/n02374451_16358-4.png,sketch,4,horse,1,elephant,0.3526369035243988
sketch/horse/n02374451_16358-5.png,sketch,4,horse,0,dog,0.5597045421600342
sketch/horse/n02374451_16358-6.png,sketch,4,horse,0,dog,0.6202377676963806
sketch/horse/n02374451_16948-1.png,sketch,4,horse,4,horse,0.46141332387924194
sketch/horse/n02374451_16948-2.png,sketch,4,horse,4,horse,0.5406700968742371
sketch/horse/n02374451_16948-3.png,sketch,4,horse,4,horse,0.7665815353393555
sketch/horse/n02374451_16948-4.png,sketch,4,horse,4,horse,0.8676343560218811
sketch/horse/n02374451_16948-5.png,sketch,4,horse,4,horse,0.8050295114517212
sketch/horse/n02374451_16948-6.png,sketch,4,horse,4,horse,0.9552516341209412
sketch/horse/n02374451_16948-7.png,sketch,4,horse,4,horse,0.7373846173286438
sketch/horse/n02374451_16948-8.png,sketch,4,horse,0,dog,0.8468111753463745
sketch/horse/n02374451_16948-9.png,sketch,4,horse,4,horse,0.6944228410720825
sketch/horse/n02374451_1695-1.png,sketch,4,horse,4,horse,0.541583776473999
sketch/horse/n02374451_1695-2.png,sketch,4,horse,4,horse,0.704566478729248
sketch/horse/n02374451_1695-3.png,sketch,4,horse,0,dog,0.5357677340507507
sketch/horse/n02374451_1695-4.png,sketch,4,horse,4,horse,0.8857276439666748
sketch/horse/n02374451_1695-5.png,sketch,4,horse,4,horse,0.9292497634887695
sketch/horse/n02374451_1695-6.png,sketch,4,horse,4,horse,0.809831976890564
sketch/horse/n02374451_1695-7.png,sketch,4,horse,4,horse,0.7507092952728271
sketch/horse/n02374451_17043-1.png,sketch,4,horse,4,horse,0.7513437271118164
sketch/horse/n02374451_17043-2.png,sketch,4,horse,4,horse,0.4748188853263855
sketch/horse/n02374451_17043-3.png,sketch,4,horse,4,horse,0.7500549554824829
sketch/horse/n02374451_17043-4.png,sketch,4,horse,0,dog,0.7818878889083862
sketch/horse/n02374451_17043-5.png,sketch,4,horse,4,horse,0.8035136461257935
sketch/horse/n02374451_17043-6.png,sketch,4,horse,4,horse,0.8149313926696777
sketch/horse/n02374451_17384-1.png,sketch,4,horse,4,horse,0.9107002019882202
sketch/horse/n02374451_17384-2.png,sketch,4,horse,4,horse,0.6897537112236023
sketch/horse/n02374451_17384-3.png,sketch,4,horse,4,horse,0.891542375087738
sketch/horse/n02374451_17384-4.png,sketch,4,horse,4,horse,0.898650050163269
sketch/horse/n02374451_17384-5.png,sketch,4,horse,4,horse,0.736128032207489
sketch/horse/n02374451_17384-6.png,sketch,4,horse,4,horse,0.7906167507171631
sketch/horse/n02374451_17384-7.png,sketch,4,horse,4,horse,0.7823531031608582
sketch/horse/n02374451_17384-8.png,sketch,4,horse,4,horse,0.9514763951301575
sketch/horse/n02374451_17474-1.png,sketch,4,horse,4,horse,0.934085488319397
sketch/horse/n02374451_17474-2.png,sketch,4,horse,4,horse,0.9077779650688171
sketch/horse/n02374451_17474-3.png,sketch,4,horse,0,dog,0.634311318397522
sketch/horse/n02374451_17474-4.png,sketch,4,horse,1,elephant,0.36281588673591614
sketch/horse/n02374451_17474-5.png,sketch,4,horse,4,horse,0.46397799253463745
sketch/horse/n02374451_17474-6.png,sketch,4,horse,4,horse,0.9493703842163086
sketch/horse/n02374451_17474-7.png,sketch,4,horse,4,horse,0.9226333498954773
sketch/horse/n02374451_17474-8.png,sketch,4,horse,4,horse,0.9775519371032715
sketch/horse/n02374451_17634-1.png,sketch,4,horse,4,horse,0.6553911566734314
sketch/horse/n02374451_17634-2.png,sketch,4,horse,0,dog,0.42495518922805786
sketch/horse/n02374451_17634-3.png,sketch,4,horse,4,horse,0.4283258616924286
sketch/horse/n02374451_17634-4.png,sketch,4,horse,4,horse,0.8132427334785461
sketch/horse/n02374451_17634-5.png,sketch,4,horse,0,dog,0.34926024079322815
sketch/horse/n02374451_17634-6.png,sketch,4,horse,4,horse,0.8537702560424805
sketch/horse/n02374451_18192-1.png,sketch,4,horse,0,dog,0.4612888991832733
sketch/horse/n02374451_18192-2.png,sketch,4,horse,4,horse,0.5501801371574402
sketch/horse/n02374451_18192-3.png,sketch,4,horse,4,horse,0.9005582928657532
sketch/horse/n02374451_18192-4.png,sketch,4,horse,4,horse,0.6339070796966553
sketch/horse/n02374451_18192-5.png,sketch,4,horse,0,dog,0.8185441493988037
sketch/horse/n02374451_18192-6.png,sketch,4,horse,4,horse,0.93595290184021
sketch/horse/n02374451_18570-1.png,sketch,4,horse,0,dog,0.7083908319473267
sketch/horse/n02374451_18570-2.png,sketch,4,horse,4,horse,0.535845160484314
sketch/horse/n02374451_18570-3.png,sketch,4,horse,4,horse,0.35196274518966675
sketch/horse/n02374451_18570-4.png,sketch,4,horse,4,horse,0.976838231086731
sketch/horse/n02374451_18570-5.png,sketch,4,horse,0,dog,0.6900706887245178
sketch/horse/n02374451_18570-6.png,sketch,4,horse,4,horse,0.5010054111480713
sketch/horse/n02374451_18570-7.png,sketch,4,horse,4,horse,0.5879046320915222
sketch/horse/n02374451_18909-1.png,sketch,4,horse,4,horse,0.9646522402763367
sketch/horse/n02374451_18909-2.png,sketch,4,horse,4,horse,0.9779049158096313
sketch/horse/n02374451_18909-3.png,sketch,4,horse,0,dog,0.40174055099487305
sketch/horse/n02374451_18909-4.png,sketch,4,horse,0,dog,0.46731582283973694
sketch/horse/n02374451_18909-5.png,sketch,4,horse,0,dog,0.485407292842865
sketch/horse/n02374451_18909-6.png,sketch,4,horse,4,horse,0.5538106560707092
sketch/horse/n02374451_2233-1.png,sketch,4,horse,0,dog,0.5697778463363647
sketch/horse/n02374451_2233-2.png,sketch,4,horse,0,dog,0.6092811822891235
sketch/horse/n02374451_2233-3.png,sketch,4,horse,4,horse,0.40719279646873474
sketch/horse/n02374451_2233-4.png,sketch,4,horse,4,horse,0.9615281224250793
sketch/horse/n02374451_2233-5.png,sketch,4,horse,4,horse,0.8178632259368896
sketch/horse/n02374451_2233-6.png,sketch,4,horse,4,horse,0.49643397331237793
sketch/horse/n02374451_2233-7.png,sketch,4,horse,4,horse,0.8818193078041077
sketch/horse/n02374451_2248-1.png,sketch,4,horse,4,horse,0.7393854856491089
sketch/horse/n02374451_2248-2.png,sketch,4,horse,4,horse,0.48960229754447937
sketch/horse/n02374451_2248-3.png,sketch,4,horse,4,horse,0.9665420651435852
sketch/horse/n02374451_2248-4.png,sketch,4,horse,0,dog,0.5135547518730164
sketch/horse/n02374451_2248-5.png,sketch,4,horse,4,horse,0.9616166353225708
sketch/horse/n02374451_2248-6.png,sketch,4,horse,4,horse,0.7905431985855103
sketch/horse/n02374451_2248-7.png,sketch,4,horse,4,horse,0.7766201496124268
sketch/horse/n02374451_2248-8.png,sketch,4,horse,4,horse,0.7969450950622559
sketch/horse/n02374451_2372-1.png,sketch,4,horse,0,dog,0.6052032709121704
sketch/horse/n02374451_2372-2.png,sketch,4,horse,0,dog,0.885000467300415
sketch/horse/n02374451_2372-3.png,sketch,4,horse,0,dog,0.6021795272827148
sketch/horse/n02374451_2372-4.png,sketch,4,horse,0,dog,0.7496519088745117
sketch/horse/n02374451_2372-5.png,sketch,4,horse,0,dog,0.8370867371559143
sketch/horse/n02374451_2372-6.png,sketch,4,horse,0,dog,0.901418149471283
sketch/horse/n02374451_2372-7.png,sketch,4,horse,4,horse,0.45072969794273376
sketch/horse/n02374451_2372-8.png,sketch,4,horse,4,horse,0.8372892141342163
sketch/horse/n02374451_245-1.png,sketch,4,horse,4,horse,0.5611075758934021
sketch/horse/n02374451_245-2.png,sketch,4,horse,4,horse,0.5703877210617065
sketch/horse/n02374451_245-3.png,sketch,4,horse,4,horse,0.9146206378936768
sketch/horse/n02374451_245-4.png,sketch,4,horse,4,horse,0.5903627872467041
sketch/horse/n02374451_245-5.png,sketch,4,horse,4,horse,0.7574986815452576
sketch/horse/n02374451_245-6.png,sketch,4,horse,4,horse,0.6838404536247253
sketch/horse/n02374451_2478-1.png,sketch,4,horse,0,dog,0.7820369005203247
sketch/horse/n02374451_2478-2.png,sketch,4,horse,4,horse,0.437311053276062
sketch/horse/n02374451_2478-3.png,sketch,4,horse,4,horse,0.8161659240722656
sketch/horse/n02374451_2478-4.png,sketch,4,horse,4,horse,0.977577805519104
sketch/horse/n02374451_2478-5.png,sketch,4,horse,4,horse,0.8863474726676941
sketch/horse/n02374451_257-1.png,sketch,4,horse,0,dog,0.5211161971092224
sketch/horse/n02374451_257-2.png,sketch,4,horse,4,horse,0.9449215531349182
sketch/horse/n02374451_257-3.png,sketch,4,horse,0,dog,0.603443443775177
sketch/horse/n02374451_257-4.png,sketch,4,horse,0,dog,0.6434606313705444
sketch/horse/n02374451_257-5.png,sketch,4,horse,4,horse,0.8011713027954102
sketch/horse/n02374451_257-6.png,sketch,4,horse,4,horse,0.5186096429824829
sketch/horse/n02374451_257-7.png,sketch,4,horse,4,horse,0.8135209083557129
sketch/horse/n02374451_2616-1.png,sketch,4,horse,4,horse,0.5361577272415161
sketch/horse/n02374451_2616-10.png,sketch,4,horse,4,horse,0.8900318741798401
sketch/horse/n02374451_2616-2.png,sketch,4,horse,4,horse,0.8301970362663269
sketch/horse/n02374451_2616-3.png,sketch,4,horse,4,horse,0.8645540475845337
sketch/horse/n02374451_2616-4.png,sketch,4,horse,4,horse,0.9835698008537292
sketch/horse/n02374451_2616-5.png,sketch,4,horse,4,horse,0.9360983967781067
sketch/horse/n02374451_2616-6.png,sketch,4,horse,4,horse,0.872237503528595
sketch/horse/n02374451_2616-7.png,sketch,4,horse,0,dog,0.8943085670471191
sketch/horse/n02374451_2616-8.png,sketch,4,horse,4,horse,0.9519789218902588
sketch/horse/n02374451_2616-9.png,sketch,4,horse,4,horse,0.8364875316619873
sketch/horse/n02374451_262-1.png,sketch,4,horse,4,horse,0.987775444984436
sketch/horse/n02374451_262-10.png,sketch,4,horse,4,horse,0.5608887076377869
sketch/horse/n02374451_262-11.png,sketch,4,horse,4,horse,0.48642516136169434
sketch/horse/n02374451_262-12.png,sketch,4,horse,0,dog,0.8587142825126648
sketch/horse/n02374451_262-2.png,sketch,4,horse,0,dog,0.7972096800804138
sketch/horse/n02374451_262-3.png,sketch,4,horse,0,dog,0.42588290572166443
sketch/horse/n02374451_262-4.png,sketch,4,horse,0,dog,0.7169423699378967
sketch/horse/n02374451_262-5.png,sketch,4,horse,0,dog,0.7949078679084778
sketch/horse/n02374451_262-6.png,sketch,4,horse,0,dog,0.9008328914642334
sketch/horse/n02374451_262-7.png,sketch,4,horse,4,horse,0.6824691891670227
sketch/horse/n02374451_262-8.png,sketch,4,horse,0,dog,0.7326366901397705
sketch/horse/n02374451_262-9.png,sketch,4,horse,0,dog,0.7753544449806213
sketch/horse/n02374451_2733-1.png,sketch,4,horse,4,horse,0.9154701828956604
sketch/horse/n02374451_2733-2.png,sketch,4,horse,4,horse,0.5207242369651794
sketch/horse/n02374451_2733-3.png,sketch,4,horse,4,horse,0.5577384233474731
sketch/horse/n02374451_2733-4.png,sketch,4,horse,4,horse,0.6306124925613403
sketch/horse/n02374451_2733-5.png,sketch,4,horse,4,horse,0.8660513758659363
sketch/horse/n02374451_2733-6.png,sketch,4,horse,4,horse,0.6473114490509033
sketch/horse/n02374451_2733-7.png,sketch,4,horse,4,horse,0.9275918006896973
sketch/horse/n02374451_2743-1.png,sketch,4,horse,0,dog,0.6111229658126831
sketch/horse/n02374451_2743-2.png,sketch,4,horse,4,horse,0.4356745183467865
sketch/horse/n02374451_2743-3.png,sketch,4,horse,4,horse,0.6033592224121094
sketch/horse/n02374451_2743-4.png,sketch,4,horse,0,dog,0.7881394028663635
sketch/horse/n02374451_2743-5.png,sketch,4,horse,0,dog,0.4911738634109497
sketch/horse/n02374451_2743-6.png,sketch,4,horse,4,horse,0.6727052330970764
sketch/horse/n02374451_2743-7.png,sketch,4,horse,0,dog,0.439439982175827
sketch/horse/n02374451_276-1.png,sketch,4,horse,0,dog,0.760981023311615
sketch/horse/n02374451_276-10.png,sketch,4,horse,4,horse,0.6872220039367676
sketch/horse/n02374451_276-2.png,sketch,4,horse,4,horse,0.5348546504974365
sketch/horse/n02374451_276-3.png,sketch,4,horse,4,horse,0.5293469429016113
sketch/horse/n02374451_276-4.png,sketch,4,horse,4,horse,0.5787236094474792
sketch/horse/n02374451_276-5.png,sketch,4,horse,4,horse,0.8365412354469299
sketch/horse/n02374451_276-6.png,sketch,4,horse,4,horse,0.8428975939750671
sketch/horse/n02374451_276-7.png,sketch,4,horse,4,horse,0.8323785662651062
sketch/horse/n02374451_276-8.png,sketch,4,horse,4,horse,0.8224549889564514
sketch/horse/n02374451_276-9.png,sketch,4,horse,4,horse,0.9593836665153503
sketch/horse/n02374451_2825-1.png,sketch,4,horse,0,dog,0.8335176110267639
sketch/horse/n02374451_2825-10.png,sketch,4,horse,4,horse,0.7620567679405212
sketch/horse/n02374451_2825-2.png,sketch,4,horse,4,horse,0.9122339487075806
sketch/horse/n02374451_2825-3.png,sketch,4,horse,4,horse,0.9961044788360596
sketch/horse/n02374451_2825-4.png,sketch,4,horse,4,horse,0.7187738418579102
sketch/horse/n02374451_2825-5.png,sketch,4,horse,4,horse,0.7317588329315186
sketch/horse/n02374451_2825-6.png,sketch,4,horse,4,horse,0.8805394768714905
sketch/horse/n02374451_2825-7.png,sketch,4,horse,0,dog,0.6155442595481873
sketch/horse/n02374451_2825-8.png,sketch,4,horse,4,horse,0.8118167519569397
sketch/horse/n02374451_2825-9.png,sketch,4,horse,0,dog,0.6251913905143738
sketch/horse/n02374451_2846-1.png,sketch,4,horse,0,dog,0.4944668412208557
sketch/horse/n02374451_2846-2.png,sketch,4,horse,0,dog,0.44994601607322693
sketch/horse/n02374451_2846-3.png,sketch,4,horse,4,horse,0.5074078440666199
sketch/horse/n02374451_2846-4.png,sketch,4,horse,4,horse,0.7671650648117065
sketch/horse/n02374451_2846-5.png,sketch,4,horse,4,horse,0.4033060669898987
sketch/horse/n02374451_2846-6.png,sketch,4,horse,0,dog,0.5468945503234863
sketch/horse/n02374451_2846-7.png,sketch,4,horse,4,horse,0.852533221244812
sketch/horse/n02374451_2846-8.png,sketch,4,horse,4,horse,0.47859832644462585
sketch/horse/n02374451_2846-9.png,sketch,4,horse,0,dog,0.514629065990448
sketch/horse/n02374451_3388-1.png,sketch,4,horse,4,horse,0.98861163854599
sketch/horse/n02374451_3388-2.png,sketch,4,horse,0,dog,0.7470585703849792
sketch/horse/n02374451_3388-3.png,sketch,4,horse,0,dog,0.5233938097953796
sketch/horse/n02374451_3388-4.png,sketch,4,horse,0,dog,0.3768143653869629
sketch/horse/n02374451_3388-5.png,sketch,4,horse,0,dog,0.6624432802200317
sketch/horse/n02374451_3388-6.png,sketch,4,horse,0,dog,0.3464909493923187
sketch/horse/n02374451_3388-7.png,sketch,4,horse,0,dog,0.6723766326904297
sketch/horse/n02374451_3388-8.png,sketch,4,horse,0,dog,0.5815306901931763
sketch/horse/n02374451_3388-9.png,sketch,4,horse,0,dog,0.8181053996086121
sketch/horse/n02374451_3808-1.png,sketch,4,horse,0,dog,0.7506429553031921
sketch/horse/n02374451_3808-2.png,sketch,4,horse,4,horse,0.43274956941604614
sketch/horse/n02374451_3808-3.png,sketch,4,horse,0,dog,0.3140351176261902
sketch/horse/n02374451_3808-4.png,sketch,4,horse,4,horse,0.3349127769470215
sketch/horse/n02374451_3808-5.png,sketch,4,horse,4,horse,0.6030988097190857
sketch/horse/n02374451_3808-6.png,sketch,4,horse,4,horse,0.7066457271575928
sketch/horse/n02374451_3808-7.png,sketch,4,horse,4,horse,0.6642431020736694
sketch/horse/n02374451_3808-8.png,sketch,4,horse,0,dog,0.8433279991149902
sketch/horse/n02374451_3808-9.png,sketch,4,horse,4,horse,0.9856271743774414
sketch/horse/n02374451_388-10.png,sketch,4,horse,4,horse,0.7038298845291138
sketch/horse/n02374451_388-2.png,sketch,4,horse,6,person,0.38203343749046326
sketch/horse/n02374451_388-3.png,sketch,4,horse,0,dog,0.6496095657348633
sketch/horse/n02374451_388-4.png,sketch,4,horse,4,horse,0.7081929445266724
sketch/horse/n02374451_388-5.png,sketch,4,horse,4,horse,0.6431568264961243
sketch/horse/n02374451_388-6.png,sketch,4,horse,4,horse,0.46333837509155273
sketch/horse/n02374451_388-7.png,sketch,4,horse,4,horse,0.4264325201511383
sketch/horse/n02374451_388-8.png,sketch,4,horse,4,horse,0.4128676950931549
sketch/horse/n02374451_388-9.png,sketch,4,horse,0,dog,0.638359010219574
sketch/horse/n02374451_4538-1.png,sketch,4,horse,4,horse,0.6764083504676819
sketch/horse/n02374451_4538-2.png,sketch,4,horse,4,horse,0.852510929107666
sketch/horse/n02374451_4538-3.png,sketch,4,horse,4,horse,0.6774793863296509
sketch/horse/n02374451_4538-4.png,sketch,4,horse,4,horse,0.5612791180610657
sketch/horse/n02374451_4538-5.png,sketch,4,horse,4,horse,0.7463388442993164
sketch/horse/n02374451_4538-6.png,sketch,4,horse,0,dog,0.4666973054409027
sketch/horse/n02374451_4538-7.png,sketch,4,horse,4,horse,0.8986730575561523
sketch/horse/n02374451_4538-8.png,sketch,4,horse,4,horse,0.6011462211608887
sketch/horse/n02374451_4538-9.png,sketch,4,horse,0,dog,0.4552564322948456
sketch/horse/n02374451_4553-1.png,sketch,4,horse,0,dog,0.6046444177627563
sketch/horse/n02374451_4553-2.png,sketch,4,horse,4,horse,0.9845919013023376
sketch/horse/n02374451_4553-3.png,sketch,4,horse,0,dog,0.7870511412620544
sketch/horse/n02374451_4553-4.png,sketch,4,horse,0,dog,0.5159338116645813
sketch/horse/n02374451_4553-5.png,sketch,4,horse,4,horse,0.8259836435317993
sketch/horse/n02374451_4553-6.png,sketch,4,horse,4,horse,0.9957692623138428
sketch/horse/n02374451_4553-7.png,sketch,4,horse,4,horse,0.9042025208473206
sketch/horse/n02374451_468-1.png,sketch,4,horse,0,dog,0.49374064803123474
sketch/horse/n02374451_468-10.png,sketch,4,horse,4,horse,0.8677756786346436
sketch/horse/n02374451_468-2.png,sketch,4,horse,2,giraffe,0.3514958918094635
sketch/horse/n02374451_468-3.png,sketch,4,horse,4,horse,0.47934821248054504
sketch/horse/n02374451_468-4.png,sketch,4,horse,4,horse,0.5885177850723267
sketch/horse/n02374451_468-5.png,sketch,4,horse,0,dog,0.3792688846588135
sketch/horse/n02374451_468-6.png,sketch,4,horse,0,dog,0.4555588960647583
sketch/horse/n02374451_468-7.png,sketch,4,horse,0,dog,0.38349995017051697
sketch/horse/n02374451_468-8.png,sketch,4,horse,4,horse,0.48235511779785156
sketch/horse/n02374451_468-9.png,sketch,4,horse,4,horse,0.9462323188781738
sketch/horse/n02374451_4795-1.png,sketch,4,horse,4,horse,0.9280264377593994
sketch/horse/n02374451_4795-2.png,sketch,4,horse,4,horse,0.8031581044197083
sketch/horse/n02374451_4795-3.png,sketch,4,horse,0,dog,0.5319356322288513
sketch/horse/n02374451_4795-4.png,sketch,4,horse,4,horse,0.8850693702697754
sketch/horse/n02374451_4795-5.png,sketch,4,horse,4,horse,0.8625378012657166
sketch/horse/n02374451_4795-6.png,sketch,4,horse,4,horse,0.5706688165664673
sketch/horse/n02374451_4795-7.png,sketch,4,horse,4,horse,0.9689103960990906
sketch/horse/n02374451_4795-8.png,sketch,4,horse,4,horse,0.9010958671569824
sketch/horse/n02374451_4818-1.png,sketch,4,horse,4,horse,0.6805432438850403
sketch/horse/n02374451_4818-2.png,sketch,4,horse,4,horse,0.9331061244010925
sketch/horse/n02374451_4818-3.png,sketch,4,horse,0,dog,0.41724884510040283
sketch/horse/n02374451_4818-4.png,sketch,4,horse,4,horse,0.8170835375785828
sketch/horse/n02374451_4818-5.png,sketch,4,horse,1,elephant,0.342161625623703
sketch/horse/n02374451_4818-6.png,sketch,4,horse,4,horse,0.7206380367279053
sketch/horse/n02374451_4818-7.png,sketch,4,horse,4,horse,0.6640750765800476
sketch/horse/n02374451_490-1.png,sketch,4,horse,4,horse,0.6540520787239075
sketch/horse/n02374451_490-2.png,sketch,4,horse,4,horse,0.6993003487586975
sketch/horse/n02374451_490-3.png,sketch,4,horse,4,horse,0.9950705766677856
sketch/horse/n02374451_490-4.png,sketch,4,horse,4,horse,0.9818783402442932
sketch/horse/n02374451_490-5.png,sketch,4,horse,0,dog,0.6597587466239929
sketch/horse/n02374451_490-6.png,sketch,4,horse,0,dog,0.5410771369934082
sketch/horse/n02374451_490-7.png,sketch,4,horse,0,dog,0.5934645533561707
sketch/horse/n02374451_4963-1.png,sketch,4,horse,0,dog,0.5388674736022949
sketch/horse/n02374451_4963-2.png,sketch,4,horse,0,dog,0.4887515902519226
sketch/horse/n02374451_4963-3.png,sketch,4,horse,0,dog,0.5492751002311707
sketch/horse/n02374451_4963-4.png,sketch,4,horse,4,horse,0.9485005140304565
sketch/horse/n02374451_4963-5.png,sketch,4,horse,4,horse,0.5427879095077515
sketch/horse/n02374451_4963-6.png,sketch,4,horse,4,horse,0.7049617171287537
sketch/horse/n02374451_503-1.png,sketch,4,horse,4,horse,0.9640520215034485
sketch/horse/n02374451_503-2.png,sketch,4,horse,4,horse,0.8809796571731567
sketch/horse/n02374451_503-3.png,sketch,4,horse,4,horse,0.8206075429916382
sketch/horse/n02374451_503-4.png,sketch,4,horse,4,horse,0.8903164863586426
sketch/horse/n02374451_503-5.png,sketch,4,horse,0,dog,0.5698122978210449
sketch/horse/n02374451_503-6.png,sketch,4,horse,4,horse,0.9105553030967712
sketch/horse/n02374451_5084-1.png,sketch,4,horse,4,horse,0.810727059841156
sketch/horse/n02374451_5084-2.png,sketch,4,horse,4,horse,0.8238304257392883
sketch/horse/n02374451_5084-3.png,sketch,4,horse,4,horse,0.6511128544807434
sketch/horse/n02374451_5084-4.png,sketch,4,horse,4,horse,0.8408915400505066
sketch/horse/n02374451_5084-5.png,sketch,4,horse,4,horse,0.7777799367904663
sketch/horse/n02374451_5084-6.png,sketch,4,horse,4,horse,0.9120405912399292
sketch/horse/n02374451_54-1.png,sketch,4,horse,0,dog,0.44236645102500916
sketch/horse/n02374451_54-10.png,sketch,4,horse,4,horse,0.9621081948280334
sketch/horse/n02374451_54-2.png,sketch,4,horse,4,horse,0.8912833333015442
sketch/horse/n02374451_54-3.png,sketch,4,horse,0,dog,0.5437748432159424
sketch/horse/n02374451_54-4.png,sketch,4,horse,4,horse,0.8271922469139099
sketch/horse/n02374451_54-5.png,sketch,4,horse,0,dog,0.7516129016876221
sketch/horse/n02374451_54-6.png,sketch,4,horse,1,elephant,0.4663045406341553
sketch/horse/n02374451_54-7.png,sketch,4,horse,4,horse,0.5139535069465637
sketch/horse/n02374451_54-8.png,sketch,4,horse,4,horse,0.4979909658432007
sketch/horse/n02374451_54-9.png,sketch,4,horse,0,dog,0.823259711265564
sketch/horse/n02374451_557-1.png,sketch,4,horse,0,dog,0.5858564376831055
sketch/horse/n02374451_557-2.png,sketch,4,horse,4,horse,0.5152724981307983
sketch/horse/n02374451_557-3.png,sketch,4,horse,4,horse,0.3822188675403595
sketch/horse/n02374451_557-4.png,sketch,4,horse,4,horse,0.7613365650177002
sketch/horse/n02374451_557-5.png,sketch,4,horse,0,dog,0.6454543471336365
sketch/horse/n02374451_597-1.png,sketch,4,horse,2,giraffe,0.388403058052063
sketch/horse/n02374451_597-2.png,sketch,4,horse,0,dog,0.660301148891449
sketch/horse/n02374451_597-3.png,sketch,4,horse,4,horse,0.9254481196403503
sketch/horse/n02374451_597-4.png,sketch,4,horse,0,dog,0.8474105000495911
sketch/horse/n02374451_597-5.png,sketch,4,horse,0,dog,0.7010435461997986
sketch/horse/n02374451_597-6.png,sketch,4,horse,0,dog,0.7753143310546875
sketch/horse/n02374451_597-7.png,sketch,4,horse,4,horse,0.36622923612594604
sketch/horse/n02374451_6192-1.png,sketch,4,horse,4,horse,0.9683696031570435
sketch/horse/n02374451_6192-2.png,sketch,4,horse,4,horse,0.8224957585334778
sketch/horse/n02374451_6192-3.png,sketch,4,horse,4,horse,0.816238284111023
sketch/horse/n02374451_6192-4.png,sketch,4,horse,4,horse,0.8170360326766968
sketch/horse/n02374451_6192-5.png,sketch,4,horse,4,horse,0.8413700461387634
sketch/horse/n02374451_6192-6.png,sketch,4,horse,4,horse,0.9456251859664917
sketch/horse/n02374451_6192-7.png,sketch,4,horse,4,horse,0.9604014158248901
sketch/horse/n02374451_6207-1.png,sketch,4,horse,4,horse,0.47860556840896606
sketch/horse/n02374451_6207-2.png,sketch,4,horse,0,dog,0.5720068216323853
sketch/horse/n02374451_6207-3.png,sketch,4,horse,4,horse,0.7555172443389893
sketch/horse/n02374451_6207-4.png,sketch,4,horse,4,horse,0.6024764776229858
sketch/horse/n02374451_6207-5.png,sketch,4,horse,4,horse,0.7331950664520264
sketch/horse/n02374451_6207-6.png,sketch,4,horse,4,horse,0.8218426704406738
sketch/horse/n02374451_7631-1.png,sketch,4,horse,4,horse,0.7007479071617126
sketch/horse/n02374451_7631-2.png,sketch,4,horse,4,horse,0.5169451236724854
sketch/horse/n02374451_7631-3.png,sketch,4,horse,4,horse,0.7635743021965027
sketch/horse/n02374451_7631-4.png,sketch,4,horse,4,horse,0.6390467882156372
sketch/horse/n02374451_7631-5.png,sketch,4,horse,1,elephant,0.4096164107322693
sketch/horse/n02374451_7631-6.png,sketch,4,horse,0,dog,0.7012022733688354
sketch/horse/n02374451_7631-7.png,sketch,4,horse,4,horse,0.5983095765113831
sketch/horse/n02374451_777-1.png,sketch,4,horse,0,dog,0.7082023024559021
sketch/horse/n02374451_777-2.png,sketch,4,horse,4,horse,0.5309976935386658
sketch/horse/n02374451_777-3.png,sketch,4,horse,0,dog,0.8157657980918884
sketch/horse/n02374451_777-4.png,sketch,4,horse,4,horse,0.5024614930152893
sketch/horse/n02374451_777-5.png,sketch,4,horse,0,dog,0.5551717281341553
sketch/horse/n02374451_777-6.png,sketch,4,horse,0,dog,0.4038262367248535
sketch/horse/n02374451_779-1.png,sketch,4,horse,0,dog,0.38599759340286255
sketch/horse/n02374451_779-2.png,sketch,4,horse,0,dog,0.4455297887325287
sketch/horse/n02374451_779-3.png,sketch,4,horse,4,horse,0.9751739501953125
sketch/horse/n02374451_779-4.png,sketch,4,horse,0,dog,0.4148707091808319
sketch/horse/n02374451_779-5.png,sketch,4,horse,0,dog,0.37203630805015564
sketch/horse/n02374451_779-6.png,sketch,4,horse,0,dog,0.4827820360660553
sketch/horse/n02374451_779-7.png,sketch,4,horse,0,dog,0.5113624930381775
sketch/horse/n02374451_779-8.png,sketch,4,horse,4,horse,0.9900089502334595
sketch/horse/n02374451_779-9.png,sketch,4,horse,4,horse,0.5512640476226807
sketch/horse/n02374451_8065-1.png,sketch,4,horse,4,horse,0.33216312527656555
sketch/horse/n02374451_8065-2.png,sketch,4,horse,4,horse,0.9500204920768738
sketch/horse/n02374451_8065-3.png,sketch,4,horse,4,horse,0.5212528109550476
sketch/horse/n02374451_8065-4.png,sketch,4,horse,4,horse,0.8621000051498413
sketch/horse/n02374451_8065-5.png,sketch,4,horse,4,horse,0.5723059773445129
sketch/horse/n02374451_8065-6.png,sketch,4,horse,0,dog,0.47771644592285156
sketch/horse/n02374451_8269-1.png,sketch,4,horse,4,horse,0.7876815795898438
sketch/horse/n02374451_8269-2.png,sketch,4,horse,4,horse,0.7385770082473755
sketch/horse/n02374451_8269-3.png,sketch,4,horse,0,dog,0.3890243470668793
sketch/horse/n02374451_8269-4.png,sketch,4,horse,4,horse,0.9894931316375732
sketch/horse/n02374451_8269-5.png,sketch,4,horse,4,horse,0.9291057586669922
sketch/horse/n02374451_8269-6.png,sketch,4,horse,4,horse,0.8025718927383423
sketch/horse/n02374451_8269-7.png,sketch,4,horse,4,horse,0.5120554566383362
sketch/horse/n02374451_8269-8.png,sketch,4,horse,4,horse,0.913087010383606
sketch/horse/n02374451_8269-9.png,sketch,4,horse,4,horse,0.9850049018859863
sketch/horse/n02374451_8526-1.png,sketch,4,horse,4,horse,0.6223734617233276
sketch/horse/n02374451_8526-2.png,sketch,4,horse,0,dog,0.36412513256073
sketch/horse/n02374451_8526-3.png,sketch,4,horse,1,elephant,0.3727025091648102
sketch/horse/n02374451_8526-4.png,sketch,4,horse,4,horse,0.8744057416915894
sketch/horse/n02374451_8526-5.png,sketch,4,horse,4,horse,0.5348714590072632
sketch/horse/n02374451_8526-6.png,sketch,4,horse,0,dog,0.759900689125061
sketch/horse/n02374451_8718-1.png,sketch,4,horse,4,horse,0.9197487235069275
sketch/horse/n02374451_8718-2.png,sketch,4,horse,0,dog,0.5002779960632324
sketch/horse/n02374451_8718-3.png,sketch,4,horse,4,horse,0.984538197517395
sketch/horse/n02374451_8718-4.png,sketch,4,horse,4,horse,0.8323622345924377
sketch/horse/n02374451_8718-5.png,sketch,4,horse,4,horse,0.9058236479759216
sketch/horse/n02374451_8718-6.png,sketch,4,horse,4,horse,0.916456937789917
sketch/horse/n02374451_8744-1.png,sketch,4,horse,0,dog,0.577410876750946
sketch/horse/n02374451_8744-10.png,sketch,4,horse,4,horse,0.7161078453063965
sketch/horse/n02374451_8744-2.png,sketch,4,horse,4,horse,0.4306037425994873
sketch/horse/n02374451_8744-3.png,sketch,4,horse,0,dog,0.37721022963523865
sketch/horse/n02374451_8744-4.png,sketch,4,horse,4,horse,0.5650250911712646
sketch/horse/n02374451_8744-5.png,sketch,4,horse,0,dog,0.5919833183288574
sketch/horse/n02374451_8744-6.png,sketch,4,horse,4,horse,0.29777008295059204
sketch/horse/n02374451_8744-7.png,sketch,4,horse,0,dog,0.48875463008880615
sketch/horse/n02374451_8744-8.png,sketch,4,horse,0,dog,0.4365057051181793
sketch/horse/n02374451_8744-9.png,sketch,4,horse,4,horse,0.7450532913208008
sketch/horse/n02374451_8806-1.png,sketch,4,horse,0,dog,0.6264249086380005
sketch/horse/n02374451_8806-2.png,sketch,4,horse,4,horse,0.9515509605407715
sketch/horse/n02374451_8806-3.png,sketch,4,horse,4,horse,0.9792348146438599
sketch/horse/n02374451_8806-4.png,sketch,4,horse,4,horse,0.9121269583702087
sketch/horse/n02374451_8806-5.png,sketch,4,horse,4,horse,0.4766552448272705
sketch/horse/n02374451_8806-6.png,sketch,4,horse,4,horse,0.9089992046356201
sketch/horse/n02374451_8806-7.png,sketch,4,horse,4,horse,0.6457614898681641
sketch/horse/n02374451_8806-8.png,sketch,4,horse,0,dog,0.641623318195343
sketch/horse/n02374451_9064-1.png,sketch,4,horse,4,horse,0.9797499179840088
sketch/horse/n02374451_9064-2.png,sketch,4,horse,4,horse,0.8289510011672974
sketch/horse/n02374451_9064-3.png,sketch,4,horse,4,horse,0.9949823021888733
sketch/horse/n02374451_9064-4.png,sketch,4,horse,4,horse,0.4808332324028015
sketch/horse/n02374451_9064-5.png,sketch,4,horse,4,horse,0.8945663571357727
sketch/horse/n02374451_9064-6.png,sketch,4,horse,4,horse,0.8913042545318604
sketch/horse/n02374451_916-1.png,sketch,4,horse,4,horse,0.9570447206497192
sketch/horse/n02374451_916-2.png,sketch,4,horse,4,horse,0.6387577056884766
sketch/horse/n02374451_916-3.png,sketch,4,horse,4,horse,0.6214612126350403
sketch/horse/n02374451_916-4.png,sketch,4,horse,0,dog,0.447544664144516
sketch/horse/n02374451_916-5.png,sketch,4,horse,4,horse,0.5053375959396362
sketch/horse/n02374451_916-6.png,sketch,4,horse,4,horse,0.9148681163787842
sketch/horse/n02374451_9225-1.png,sketch,4,horse,4,horse,0.9668776392936707
sketch/horse/n02374451_9225-2.png,sketch,4,horse,4,horse,0.5907443761825562
sketch/horse/n02374451_9225-3.png,sketch,4,horse,4,horse,0.9945225715637207
sketch/horse/n02374451_9225-4.png,sketch,4,horse,0,dog,0.4672281742095947
sketch/horse/n02374451_9225-5.png,sketch,4,horse,4,horse,0.9222751259803772
sketch/horse/n02374451_9225-6.png,sketch,4,horse,4,horse,0.8735842704772949
sketch/horse/n02374451_9225-7.png,sketch,4,horse,4,horse,0.8632749915122986
sketch/horse/n02374451_9225-8.png,sketch,4,horse,4,horse,0.9118618369102478
sketch/horse/n02374451_925-1.png,sketch,4,horse,4,horse,0.974506676197052
sketch/horse/n02374451_925-2.png,sketch,4,horse,0,dog,0.8157448172569275
sketch/horse/n02374451_925-3.png,sketch,4,horse,4,horse,0.9684693217277527
sketch/horse/n02374451_925-4.png,sketch,4,horse,0,dog,0.5954399704933167
sketch/horse/n02374451_925-5.png,sketch,4,horse,4,horse,0.7361810803413391
sketch/horse/n02374451_925-6.png,sketch,4,horse,4,horse,0.9545016288757324
sketch/horse/n02374451_925-7.png,sketch,4,horse,4,horse,0.7681756615638733
sketch/horse/n02374451_929-1.png,sketch,4,horse,0,dog,0.7016445398330688
sketch/horse/n02374451_929-2.png,sketch,4,horse,0,dog,0.4188254475593567
sketch/horse/n02374451_929-3.png,sketch,4,horse,0,dog,0.4104335606098175
sketch/horse/n02374451_929-4.png,sketch,4,horse,4,horse,0.4892282485961914
sketch/horse/n02374451_929-5.png,sketch,4,horse,0,dog,0.3768450617790222
sketch/horse/n02374451_929-6.png,sketch,4,horse,0,dog,0.4173988699913025
sketch/horse/n02374451_9443-1.png,sketch,4,horse,4,horse,0.4769270420074463
sketch/horse/n02374451_9443-2.png,sketch,4,horse,4,horse,0.8948428630828857
sketch/horse/n02374451_9443-3.png,sketch,4,horse,0,dog,0.44900596141815186
sketch/horse/n02374451_9443-4.png,sketch,4,horse,0,dog,0.5037285089492798
sketch/horse/n02374451_9443-5.png,sketch,4,horse,0,dog,0.5043701529502869
sketch/horse/n02374451_9443-6.png,sketch,4,horse,0,dog,0.5009946823120117
sketch/horse/n02374451_9443-7.png,sketch,4,horse,4,horse,0.4119420349597931
sketch/horse/n02374451_9892-1.png,sketch,4,horse,4,horse,0.9846413731575012
sketch/horse/n02374451_9892-2.png,sketch,4,horse,4,horse,0.9697961807250977
sketch/horse/n02374451_9892-3.png,sketch,4,horse,4,horse,0.8693922162055969
sketch/horse/n02374451_9892-4.png,sketch,4,horse,4,horse,0.8733789920806885
sketch/horse/n02374451_9892-5.png,sketch,4,horse,4,horse,0.8731189966201782
sketch/horse/n02374451_9892-6.png,sketch,4,horse,4,horse,0.7216957807540894
sketch/horse/n02374451_9892-7.png,sketch,4,horse,4,horse,0.9691662788391113
sketch/house/8801.png,sketch,5,house,5,house,0.3642067611217499
sketch/house/8802.png,sketch,5,house,5,house,0.957779049873352
sketch/house/8803.png,sketch,5,house,1,elephant,0.3452204167842865
sketch/house/8804.png,sketch,5,house,5,house,0.7348891496658325
sketch/house/8805.png,sketch,5,house,5,house,0.9993160963058472
sketch/house/8806.png,sketch,5,house,1,elephant,0.5133821368217468
sketch/house/8807.png,sketch,5,house,5,house,0.9628305435180664
sketch/house/8808.png,sketch,5,house,5,house,0.6115405559539795
sketch/house/8809.png,sketch,5,house,5,house,0.98378986120224
sketch/house/8810.png,sketch,5,house,5,house,0.4532890021800995
sketch/house/8811.png,sketch,5,house,5,house,0.9997019171714783
sketch/house/8812.png,sketch,5,house,5,house,0.9603369832038879
sketch/house/8813.png,sketch,5,house,5,house,0.9314798712730408
sketch/house/8814.png,sketch,5,house,5,house,0.715945839881897
sketch/house/8815.png,sketch,5,house,5,house,0.9988588094711304
sketch/house/8816.png,sketch,5,house,5,house,0.9886813163757324
sketch/house/8817.png,sketch,5,house,5,house,0.9279532432556152
sketch/house/8818.png,sketch,5,house,1,elephant,0.5167899131774902
sketch/house/8819.png,sketch,5,house,5,house,0.8163386583328247
sketch/house/8820.png,sketch,5,house,5,house,0.998918890953064
sketch/house/8821.png,sketch,5,house,1,elephant,0.41295838356018066
sketch/house/8822.png,sketch,5,house,5,house,0.997249186038971
sketch/house/8823.png,sketch,5,house,5,house,0.9995145797729492
sketch/house/8824.png,sketch,5,house,5,house,0.3850421905517578
sketch/house/8825.png,sketch,5,house,5,house,0.34331071376800537
sketch/house/8826.png,sketch,5,house,1,elephant,0.3467135429382324
sketch/house/8827.png,sketch,5,house,1,elephant,0.3647986650466919
sketch/house/8828.png,sketch,5,house,5,house,0.43761131167411804
sketch/house/8829.png,sketch,5,house,5,house,0.9979547262191772
sketch/house/8830.png,sketch,5,house,5,house,0.999876856803894
sketch/house/8831.png,sketch,5,house,1,elephant,0.858613133430481
sketch/house/8832.png,sketch,5,house,5,house,0.9999197721481323
sketch/house/8833.png,sketch,5,house,5,house,0.9996140599250793
sketch/house/8834.png,sketch,5,house,5,house,0.9981623291969299
sketch/house/8835.png,sketch,5,house,5,house,0.9999512434005737
sketch/house/8836.png,sketch,5,house,5,house,0.9997689127922058
sketch/house/8837.png,sketch,5,house,5,house,0.9966517090797424
sketch/house/8838.png,sketch,5,house,5,house,0.5577859282493591
sketch/house/8839.png,sketch,5,house,5,house,0.6948179602622986
sketch/house/8840.png,sketch,5,house,5,house,0.9141437411308289
sketch/house/8841.png,sketch,5,house,5,house,0.9934600591659546
sketch/house/8842.png,sketch,5,house,5,house,0.5845235586166382
sketch/house/8843.png,sketch,5,house,2,giraffe,0.2941957414150238
sketch/house/8844.png,sketch,5,house,5,house,0.5377773642539978
sketch/house/8845.png,sketch,5,house,1,elephant,0.6665340065956116
sketch/house/8846.png,sketch,5,house,5,house,0.6447558999061584
sketch/house/8847.png,sketch,5,house,5,house,0.7118763327598572
sketch/house/8848.png,sketch,5,house,5,house,0.9842892289161682
sketch/house/8849.png,sketch,5,house,5,house,0.933822512626648
sketch/house/8850.png,sketch,5,house,5,house,0.9103621244430542
sketch/house/8851.png,sketch,5,house,5,house,0.9995161294937134
sketch/house/8852.png,sketch,5,house,5,house,0.9707607626914978
sketch/house/8853.png,sketch,5,house,5,house,0.998079776763916
sketch/house/8854.png,sketch,5,house,5,house,0.9966611862182617
sketch/house/8855.png,sketch,5,house,5,house,0.6662963032722473
sketch/house/8856.png,sketch,5,house,5,house,0.922923743724823
sketch/house/8857.png,sketch,5,house,5,house,0.9906859993934631
sketch/house/8858.png,sketch,5,house,5,house,0.9998986721038818
sketch/house/8859.png,sketch,5,house,5,house,0.8988462090492249
sketch/house/8860.png,sketch,5,house,5,house,0.9999915361404419
sketch/house/8861.png,sketch,5,house,5,house,0.3086027503013611
sketch/house/8862.png,sketch,5,house,5,house,0.8296216130256653
sketch/house/8863.png,sketch,5,house,5,house,0.99825519323349
sketch/house/8864.png,sketch,5,house,5,house,0.9303650856018066
sketch/house/8865.png,sketch,5,house,5,house,0.9920252561569214
sketch/house/8866.png,sketch,5,house,5,house,0.9791584610939026
sketch/house/8867.png,sketch,5,house,5,house,0.9995740056037903
sketch/house/8868.png,sketch,5,house,5,house,0.9889005422592163
sketch/house/8869.png,sketch,5,house,5,house,0.8466136455535889
sketch/house/8870.png,sketch,5,house,1,elephant,0.5524992942810059
sketch/house/8871.png,sketch,5,house,5,house,0.9999761581420898
sketch/house/8872.png,sketch,5,house,1,elephant,0.4648347496986389
sketch/house/8873.png,sketch,5,house,5,house,0.9845601320266724
sketch/house/8874.png,sketch,5,house,5,house,0.9950569868087769
sketch/house/8875.png,sketch,5,house,5,house,0.8641684055328369
sketch/house/8876.png,sketch,5,house,5,house,0.8798448443412781
sketch/house/8877.png,sketch,5,house,5,house,0.4789246618747711
sketch/house/8878.png,sketch,5,house,1,elephant,0.7924456596374512
sketch/house/8879.png,sketch,5,house,5,house,0.7143006920814514
sketch/house/8880.png,sketch,5,house,5,house,0.9780545830726624
sketch/person/12081.png,sketch,6,person,6,person,0.5434194803237915
sketch/person/12082.png,sketch,6,person,0,dog,0.4357893764972687
sketch/person/12083.png,sketch,6,person,2,giraffe,0.42557165026664734
sketch/person/12084.png,sketch,6,person,0,dog,0.23941829800605774
sketch/person/12085.png,sketch,6,person,2,giraffe,0.7803524732589722
sketch/person/12086.png,sketch,6,person,6,person,0.9845404028892517
sketch/person/12087.png,sketch,6,person,0,dog,0.36396726965904236
sketch/person/12088.png,sketch,6,person,6,person,0.448773592710495
sketch/person/12089.png,sketch,6,person,6,person,0.5494645833969116
sketch/person/12090.png,sketch,6,person,0,dog,0.5599120259284973
sketch/person/12091.png,sketch,6,person,6,person,0.6733765602111816
sketch/person/12092.png,sketch,6,person,6,person,0.460527241230011
sketch/person/12093.png,sketch,6,person,6,person,0.3372856676578522
sketch/person/12094.png,sketch,6,person,2,giraffe,0.542477011680603
sketch/person/12095.png,sketch,6,person,0,dog,0.4600116014480591
sketch/person/12096.png,sketch,6,person,6,person,0.525061309337616
sketch/person/12097.png,sketch,6,person,0,dog,0.6396468281745911
sketch/person/12098.png,sketch,6,person,6,person,0.3974951505661011
sketch/person/12099.png,sketch,6,person,0,dog,0.3742051422595978
sketch/person/12100.png,sketch,6,person,1,elephant,0.3651919960975647
sketch/person/12101.png,sketch,6,person,6,person,0.40704652667045593
sketch/person/12102.png,sketch,6,person,0,dog,0.4247475564479828
sketch/person/12103.png,sketch,6,person,6,person,0.7626815438270569
sketch/person/12104.png,sketch,6,person,1,elephant,0.27004003524780273
sketch/person/12105.png,sketch,6,person,0,dog,0.5197959542274475
sketch/person/12106.png,sketch,6,person,6,person,0.4536169171333313
sketch/person/12107.png,sketch,6,person,0,dog,0.47834765911102295
sketch/person/12108.png,sketch,6,person,1,elephant,0.4291290044784546
sketch/person/12109.png,sketch,6,person,6,person,0.6204139590263367
sketch/person/12110.png,sketch,6,person,6,person,0.5718649625778198
sketch/person/12111.png,sketch,6,person,1,elephant,0.5234687924385071
sketch/person/12112.png,sketch,6,person,6,person,0.42819470167160034
sketch/person/12113.png,sketch,6,person,0,dog,0.5574845671653748
sketch/person/12114.png,sketch,6,person,6,person,0.38831931352615356
sketch/person/12115.png,sketch,6,person,6,person,0.4272971451282501
sketch/person/12116.png,sketch,6,person,0,dog,0.36536145210266113
sketch/person/12117.png,sketch,6,person,6,person,0.4657241702079773
sketch/person/12118.png,sketch,6,person,6,person,0.7697338461875916
sketch/person/12119.png,sketch,6,person,6,person,0.2761029899120331
sketch/person/12120.png,sketch,6,person,6,person,0.47100427746772766
sketch/person/12121.png,sketch,6,person,2,giraffe,0.6099061369895935
sketch/person/12122.png,sketch,6,person,6,person,0.7153096199035645
sketch/person/12123.png,sketch,6,person,6,person,0.5978078246116638
sketch/person/12124.png,sketch,6,person,0,dog,0.605053722858429
sketch/person/12125.png,sketch,6,person,6,person,0.35490548610687256
sketch/person/12126.png,sketch,6,person,6,person,0.5243484973907471
sketch/person/12127.png,sketch,6,person,6,person,0.8359665274620056
sketch/person/12128.png,sketch,6,person,6,person,0.46338367462158203
sketch/person/12129.png,sketch,6,person,6,person,0.3256259262561798
sketch/person/12130.png,sketch,6,person,6,person,0.8170386552810669
sketch/person/12131.png,sketch,6,person,0,dog,0.5017265677452087
sketch/person/12132.png,sketch,6,person,0,dog,0.3705330193042755
sketch/person/12133.png,sketch,6,person,2,giraffe,0.6598703265190125
sketch/person/12134.png,sketch,6,person,1,elephant,0.3077470362186432
sketch/person/12135.png,sketch,6,person,6,person,0.4306572377681732
sketch/person/12136.png,sketch,6,person,0,dog,0.6032624840736389
sketch/person/12137.png,sketch,6,person,0,dog,0.3064173460006714
sketch/person/12138.png,sketch,6,person,6,person,0.5623204112052917
sketch/person/12139.png,sketch,6,person,1,elephant,0.3424684703350067
sketch/person/12140.png,sketch,6,person,6,person,0.4211360812187195
sketch/person/12141.png,sketch,6,person,4,horse,0.27409660816192627
sketch/person/12142.png,sketch,6,person,0,dog,0.4613610506057739
sketch/person/12143.png,sketch,6,person,6,person,0.49275094270706177
sketch/person/12144.png,sketch,6,person,0,dog,0.39275771379470825
sketch/person/12145.png,sketch,6,person,6,person,0.4654010534286499
sketch/person/12146.png,sketch,6,person,6,person,0.6771606206893921
sketch/person/12147.png,sketch,6,person,6,person,0.29069092869758606
sketch/person/12148.png,sketch,6,person,1,elephant,0.764966607093811
sketch/person/12149.png,sketch,6,person,6,person,0.5139686465263367
sketch/person/12150.png,sketch,6,person,6,person,0.9307064414024353
sketch/person/12151.png,sketch,6,person,6,person,0.4677988886833191
sketch/person/12152.png,sketch,6,person,6,person,0.6768682599067688
sketch/person/12153.png,sketch,6,person,0,dog,0.42333507537841797
sketch/person/12154.png,sketch,6,person,2,giraffe,0.3227841854095459
sketch/person/12155.png,sketch,6,person,2,giraffe,0.34408557415008545
sketch/person/12156.png,sketch,6,person,6,person,0.4192277491092682
sketch/person/12157.png,sketch,6,person,0,dog,0.7082972526550293
sketch/person/12158.png,sketch,6,person,1,elephant,0.294985294342041
sketch/person/12159.png,sketch,6,person,6,person,0.6247580051422119
sketch/person/12160.png,sketch,6,person,1,elephant,0.6617950797080994
sketch/person/12161.png,sketch,6,person,6,person,0.6218382716178894
sketch/person/12162.png,sketch,6,person,6,person,0.6312991380691528
sketch/person/12163.png,sketch,6,person,0,dog,0.6286523938179016
sketch/person/12164.png,sketch,6,person,0,dog,0.6763089895248413
sketch/person/12165.png,sketch,6,person,0,dog,0.46955054998397827
sketch/person/12166.png,sketch,6,person,6,person,0.6552716493606567
sketch/person/12167.png,sketch,6,person,6,person,0.44076862931251526
sketch/person/12168.png,sketch,6,person,0,dog,0.6291648745536804
sketch/person/12169.png,sketch,6,person,0,dog,0.5373647212982178
sketch/person/12170.png,sketch,6,person,0,dog,0.6625933051109314
sketch/person/12171.png,sketch,6,person,6,person,0.5772538185119629
sketch/person/12172.png,sketch,6,person,0,dog,0.3406777083873749
sketch/person/12173.png,sketch,6,person,0,dog,0.6629441976547241
sketch/person/12174.png,sketch,6,person,0,dog,0.5989583730697632
sketch/person/12175.png,sketch,6,person,6,person,0.37774592638015747
sketch/person/12176.png,sketch,6,person,6,person,0.6946515440940857
sketch/person/12177.png,sketch,6,person,0,dog,0.5213532447814941
sketch/person/12178.png,sketch,6,person,0,dog,0.44815611839294434
sketch/person/12179.png,sketch,6,person,6,person,0.9931002855300903
sketch/person/12180.png,sketch,6,person,0,dog,0.5096868872642517
sketch/person/12181.png,sketch,6,person,0,dog,0.3293696641921997
sketch/person/12182.png,sketch,6,person,0,dog,0.4680044949054718
sketch/person/12183.png,sketch,6,person,0,dog,0.6638688445091248
sketch/person/12184.png,sketch,6,person,0,dog,0.5559762716293335
sketch/person/12185.png,sketch,6,person,0,dog,0.5618902444839478
sketch/person/12186.png,sketch,6,person,6,person,0.4108954071998596
sketch/person/12187.png,sketch,6,person,6,person,0.7552602887153625
sketch/person/12188.png,sketch,6,person,0,dog,0.4361078143119812
sketch/person/12189.png,sketch,6,person,0,dog,0.5705070495605469
sketch/person/12190.png,sketch,6,person,6,person,0.6896926164627075
sketch/person/12191.png,sketch,6,person,0,dog,0.43167296051979065
sketch/person/12192.png,sketch,6,person,6,person,0.7469403743743896
sketch/person/12193.png,sketch,6,person,0,dog,0.8219404816627502
sketch/person/12194.png,sketch,6,person,0,dog,0.6415082216262817
sketch/person/12195.png,sketch,6,person,6,person,0.7326543927192688
sketch/person/12196.png,sketch,6,person,0,dog,0.6198175549507141
sketch/person/12197.png,sketch,6,person,0,dog,0.7584864497184753
sketch/person/12198.png,sketch,6,person,0,dog,0.5396882891654968
sketch/person/12199.png,sketch,6,person,0,dog,0.31987518072128296
sketch/person/12200.png,sketch,6,person,6,person,0.7840524911880493
sketch/person/12201.png,sketch,6,person,6,person,0.8203207850456238
sketch/person/12202.png,sketch,6,person,0,dog,0.542438805103302
sketch/person/12203.png,sketch,6,person,6,person,0.8929694890975952
sketch/person/12204.png,sketch,6,person,6,person,0.37861666083335876
sketch/person/12205.png,sketch,6,person,6,person,0.5805807709693909
sketch/person/12206.png,sketch,6,person,6,person,0.7716687917709351
sketch/person/12207.png,sketch,6,person,6,person,0.8674938082695007
sketch/person/12208.png,sketch,6,person,6,person,0.5768920183181763
sketch/person/12209.png,sketch,6,person,6,person,0.716454029083252
sketch/person/12210.png,sketch,6,person,0,dog,0.6199301481246948
sketch/person/12211.png,sketch,6,person,6,person,0.9578491449356079
sketch/person/12212.png,sketch,6,person,0,dog,0.6768167614936829
sketch/person/12213.png,sketch,6,person,6,person,0.7148813605308533
sketch/person/12214.png,sketch,6,person,0,dog,0.2882773280143738
sketch/person/12215.png,sketch,6,person,0,dog,0.7991498708724976
sketch/person/12216.png,sketch,6,person,6,person,0.3908332884311676
sketch/person/12217.png,sketch,6,person,0,dog,0.4482615888118744
sketch/person/12218.png,sketch,6,person,0,dog,0.5960347056388855
sketch/person/12219.png,sketch,6,person,0,dog,0.5972015261650085
sketch/person/12220.png,sketch,6,person,0,dog,0.5637818574905396
sketch/person/12221.png,sketch,6,person,0,dog,0.735957145690918
sketch/person/12222.png,sketch,6,person,0,dog,0.7773267030715942
sketch/person/12223.png,sketch,6,person,6,person,0.6619746088981628
sketch/person/12224.png,sketch,6,person,6,person,0.5469000339508057
sketch/person/12225.png,sketch,6,person,6,person,0.8538843989372253
sketch/person/12226.png,sketch,6,person,6,person,0.4612725079059601
sketch/person/12227.png,sketch,6,person,6,person,0.33838698267936707
sketch/person/12228.png,sketch,6,person,6,person,0.3860994279384613
sketch/person/12229.png,sketch,6,person,6,person,0.9312888979911804
sketch/person/12230.png,sketch,6,person,6,person,0.47852596640586853
sketch/person/12231.png,sketch,6,person,6,person,0.5403967499732971
sketch/person/12232.png,sketch,6,person,6,person,0.9786527156829834
sketch/person/12233.png,sketch,6,person,6,person,0.9348728060722351
sketch/person/12234.png,sketch,6,person,6,person,0.5292634963989258
sketch/person/12235.png,sketch,6,person,0,dog,0.3989156186580658
sketch/person/12236.png,sketch,6,person,0,dog,0.44170036911964417
sketch/person/12237.png,sketch,6,person,0,dog,0.6838068962097168
sketch/person/12238.png,sketch,6,person,4,horse,0.36750781536102295
sketch/person/12239.png,sketch,6,person,0,dog,0.8045929670333862
sketch/person/12240.png,sketch,6,person,0,dog,0.46389687061309814
